﻿鄉鎮市區,交易標的,土地位置建物門牌,土地移轉總面積平方公尺,都市土地使用分區,非都市土地使用分區,非都市土地使用編定,交易年月日,交易筆棟數,移轉層次,總樓層數,建物型態,主要用途,主要建材,建築完成年月,建物移轉總面積平方公尺,建物現況格局-房,建物現況格局-廳,建物現況格局-衛,建物現況格局-隔間,有無管理組織,總價元,單價元平方公尺,車位類別,車位移轉總面積平方公尺,車位總價元,備註,編號,建案名稱,棟及號,解約情形
The villages and towns urban district,transaction sign,land sector position building sector house number plate,land shifting total area square meter,the use zoning or compiles and checks,the non-metropolis land use district,non-metropolis land use,transaction year month and day,transaction pen number,shifting level,total floor number,building state,main use,main building materials,construction to complete the years,building shifting total area,Building present situation pattern - room,building present situation pattern - hall,building present situation pattern - health,building present situation pattern - compartmented,Whether there is manages the organization,total price NTD,the unit price (NTD / square meter),the berth category,berth shifting total area square meter,the berth total price NTD,the note,serial number,build case,buildings,termination type
北投區,房地(土地+建物)+車位,臺北市北投區中心里中山路1之2號,9.91,商,,,1140112,土地1建物1車位1,十四層,20,住宅大樓(11層含以上有電梯),住家用,鋼筋混凝土造,,171.22,3,2,2,有,無,34500000,259740,坡道平面,48.79,2700000,,RPPNMLMKJHKGFEA17CB,千百度,A-14F號,
中山區,房地(土地+建物),臺北市中山區中吉里四平街37號,12.42,住,,,1140112,土地3建物1車位0,三層,12,住宅大樓(11層含以上有電梯),住家用,見其他登記事項,,66.83,2,1,1,有,無,29480000,441119,,0.0,0,,RPQNMLNKJHKGFCA17CB,松江.桓?,B2-3F號,
信義區,房地(土地+建物),臺北市信義區基隆路一段117號,5.29,商,,,1140111,土地2建物1車位0,五層,15,住宅大樓(11層含以上有電梯),住家用,鋼筋混凝土造,,62.48,2,1,1,有,無,23100000,369718,,0.0,0,,RPQNMLNKJHKGFDA37DB,詠綸朔望,C5F號,
南港區,房地(土地+建物)+車位,臺北市南港區西新里松河街,11.61,其他,,,1140111,土地1建物1車位1,九層,24,住宅大樓(11層含以上有電梯),住家用,鋼骨鋼筋混凝土造,,147.33,3,2,2,有,無,44730000,339386,坡道平面,26.73,3800000,,RPVNMLQKJHKGFDA08CB,東方大境,B棟B8-9號,
南港區,房地(土地+建物),臺北市南港區西新里松河街,6.84,其他,,,1140116,土地1建物1車位0,七層,24,住宅大樓(11層含以上有電梯),住家用,鋼骨鋼筋混凝土造,,71.05,2,2,1,有,無,28170000,396481,,0.0,0,,RPXNMLQKJHKGFDA28CB,東方大境,A棟A5-7號,
南港區,房地(土地+建物)+車位,臺北市南港區西新里松河街,8.54,其他,,,1140116,土地1建物1車位1,二十三層,24,住宅大樓(11層含以上有電梯),住家用,鋼骨鋼筋混凝土造,,115.26,2,2,2,有,無,36540000,376596,坡道平面,26.73,3200000,,RPOOMLQKJHKGFDA47CB,東方大境,B棟B5-23號,
南港區,房地(土地+建物)+車位,臺北市南港區西新里松河街,11.61,其他,,,1140115,土地1建物1車位1,十二層,24,住宅大樓(11層含以上有電梯),住家用,鋼骨鋼筋混凝土造,,147.33,3,2,2,有,無,44760000,342123,坡道平面,26.73,3500000,,RPPOMLQKJHKGFDA57CB,東方大境,B棟B8-12號,
南港區,房地(土地+建物)+車位,臺北市南港區西新里松河街,11.61,其他,,,1140116,土地1建物1車位1,二十三層,24,住宅大樓(11層含以上有電梯),住家用,鋼骨鋼筋混凝土造,,147.33,3,2,2,有,無,45760000,352073,坡道平面,26.73,3300000,,RPQOMLQKJHKGFDA67CB,東方大境,B棟B8-23號,
南港區,房地(土地+建物),臺北市南港區西新里松河街,6.2,其他,,,1140114,土地1建物1車位0,四層,24,住宅大樓(11層含以上有電梯),住家用,鋼骨鋼筋混凝土造,,64.25,2,2,1,有,無,23290000,362490,,0.0,0,,RPROMLQKJHKGFDA77CB,東方大境,B棟B9-4號,
信義區,房地(土地+建物)+車位,臺北市信義區忠孝東路五段236巷10弄10號2樓,21.09,住,,,1140116,土地11建物1車位1,十一層,18,住宅大樓(11層含以上有電梯),住家用,鋼筋混凝土造,,182.34,3,2,2,有,無,80920000,532437,坡道平面,37.29,3690000,,RPSOMLQKJHKGFDA87CB,璞松高,A6-11F號,
北投區,房地(土地+建物)+車位,臺北市北投區福真路,21.76,住,,,1140111,土地1建物1車位1,五層,24,住宅大樓(11層含以上有電梯),住家用,鋼骨鋼筋混凝土造,,148.14,3,2,2,有,無,54500000,422501,坡道平面,26.01,2900000,,RPQNMLQKJHKGFEA67CB,遠雄泱玥,A03棟F05號,
文山區,房地(土地+建物)+車位,臺北市文山區木柵路一段,26.96,住,,,1140111,土地2建物1車位1,十七層,34,住宅大樓(11層含以上有電梯),住家用,見其他登記事項,,190.84,3,2,2,有,無,54760000,310509,坡道平面,24.79,3200000,,RPXNMLRKJHKGFAA08CB,元利四季莊園,D棟17F-D01號,
文山區,房地(土地+建物)+車位,臺北市文山區木柵路一段,17.72,住,,,1140111,土地2建物1車位1,六層,26,住宅大樓(11層含以上有電梯),住家用,見其他登記事項,,134.07,3,2,2,有,無,37370000,312683,坡道平面,24.79,3200000,,RPROMLRKJHKGFAA57CB,元利四季莊園,F棟06F-F06號,
內湖區,房地(土地+建物),臺北市內湖區麗山里環山路二段23號旁,6.65,商,,,1140111,土地6建物1車位0,三層,17,住宅大樓(11層含以上有電梯),商業用,鋼筋混凝土造,,49.1,0,0,0,無,無,15700000,319756,,0.0,0,,RPUNMLRKJHKGFCA97CB,力麒·寰山,B9-3F號,
內湖區,房地(土地+建物)+車位,臺北市內湖區麗山里環山路二段23號旁,16.98,商,,,1140111,土地6建物1車位1,七層,17,住宅大樓(11層含以上有電梯),住家用,鋼筋混凝土造,,162.63,3,2,2,有,無,45310000,335773,坡道平面,36.92,3100000,,RPVNMLRKJHKGFCA08CB,力麒·寰山,A1-7F號,
內湖區,房地(土地+建物)+車位,臺北市內湖區麗山里環山路二段23號旁,14.48,商,,,1140112,土地6建物1車位1,九層,17,住宅大樓(11層含以上有電梯),住家用,鋼筋混凝土造,,144.07,3,2,2,有,無,39170000,338497,坡道平面,36.92,2900000,,RPWNMLRKJHKGFCA18CB,力麒·寰山,A2-9F號,
內湖區,房地(土地+建物),臺北市內湖區麗山里環山路二段23號旁,8.18,商,,,1140111,土地6建物1車位0,四層,17,住宅大樓(11層含以上有電梯),商業用,鋼筋混凝土造,,60.48,0,0,0,無,無,18980000,313823,,0.0,0,,RPOOMLRKJHKGFCA47CB,力麒·寰山,B8-4F號,
北投區,房地(土地+建物),臺北市北投區中心里中山路1之2號,6.19,商,,,1140119,土地1建物1車位0,十層,20,住宅大樓(11層含以上有電梯),住家用,鋼筋混凝土造,,76.38,2,1,1,有,無,20340000,266300,,0.0,0,,RPQNMLTKJHKGFEA97CB,千百度,B-10F號,
文山區,房地(土地+建物),臺北市文山區木柵路三段103巷19號,7.45,商,,,1140116,土地9建物1車位0,八層,15,住宅大樓(11層含以上有電梯),住家用,鋼筋混凝土造,,58.57,2,1,1,有,無,17450000,297934,,0.0,0,,RPRNMLKLJHKGFAA86CB,漢皇蒔序,G-08F號,
中正區,房地(土地+建物)+車位,臺北市中正區武昌街一段11號,8.31,商,,,1140119,土地13建物1車位1,九層,20,住宅大樓(11層含以上有電梯),住家用,鋼筋混凝土造,,139.84,3,2,2,有,無,49370000,374105,坡道平面,16.96,3400000,,RPPNMLKLJHKGFBA76CB,漢皇城?,D棟0號,
中山區,房地(土地+建物)+車位,臺北市中山區錦州街10號,7.46,商,,,1140117,土地1建物1車位1,六層,15,住宅大樓(11層含以上有電梯),住家用,鋼筋混凝土造,,112.55,2,1,1,有,無,32080000,339373,其他,24.8,2300000,,RPPNMLKLJHKGFCA86CB,潮中山,A棟6F號,
大同區,房地(土地+建物)+車位,臺北市大同區保安街80~82號,8.3,其他,,,1140116,土地1建物1車位1,四層,14,住宅大樓(11層含以上有電梯),住家用,鋼筋混凝土造,,84.88,2,1,1,有,無,23830000,292981,其他,10.37,2000000,,RPPNMLKLJHKGFBA86DB,永保安康,A棟2號,
士林區,房地(土地+建物)+車位,臺北市士林區中正路247巷36號3樓,27.3,商,,,1140117,土地1建物1車位1,三層,11,住宅大樓(11層含以上有電梯),住家用,見使用執照,,139.63,3,2,2,有,無,50880000,392454,塔式車位,15.59,2200000,,RPPNMLLLJHKGFEA27DB,士林竣,A1棟3樓號,
文山區,房地(土地+建物)+車位,臺北市文山區華興里木柵路一段238巷5號,26.05,住,,,1140118,土地12建物1車位1,十三層,13,住宅大樓(11層含以上有電梯),住家用,鋼筋混凝土造,,170.08,3,2,2,有,無,41000000,295913,坡道平面,40.65,2700000,,RPQNMLMLJHKGFAA96CB,敘文山,A5-13F號,
文山區,房地(土地+建物)+車位,臺北市文山區木柵路一段,27.83,住,,,1140113,土地2建物1車位1,十層,34,住宅大樓(11層含以上有電梯),住家用,見其他登記事項,,196.3,3,2,2,有,無,54660000,300041,坡道平面,24.79,3200000,,RPRNMLMLJHKGFAA07CB,元利四季莊園,A棟10F-A01號,
文山區,房地(土地+建物),臺北市文山區木柵路一段,13.98,住,,,1140116,土地2建物1車位0,八層,34,住宅大樓(11層含以上有電梯),住家用,見其他登記事項,,86.25,2,2,2,有,無,27220000,315594,,0.0,0,,RPSNMLMLJHKGFAA17CB,元利四季莊園,A棟08F-A03號,
文山區,房地(土地+建物)+車位,臺北市文山區木柵路一段,23.13,住,,,1140116,土地2建物1車位1,十二層,34,住宅大樓(11層含以上有電梯),住家用,見其他登記事項,,167.38,3,2,2,有,無,46620000,305211,坡道平面,24.79,3100000,,RPTNMLMLJHKGFAA27CB,元利四季莊園,B棟12F-B05號,
文山區,房地(土地+建物),臺北市文山區木柵路一段,13.18,住,,,1140119,土地2建物1車位0,十一層,34,住宅大樓(11層含以上有電梯),住家用,見其他登記事項,,81.36,2,2,2,有,無,25980000,319322,,0.0,0,,RPUNMLMLJHKGFAA37CB,元利四季莊園,B棟11F-B06號,
文山區,房地(土地+建物)+車位,臺北市文山區木柵路一段,26.96,住,,,1140119,土地2建物1車位1,十二層,34,住宅大樓(11層含以上有電梯),住家用,見其他登記事項,,190.84,3,2,2,有,無,53670000,306354,坡道平面,24.79,2800000,,RPVNMLMLJHKGFAA47CB,元利四季莊園,D棟12F-D01號,
文山區,房地(土地+建物)+車位,臺北市文山區木柵路一段,23.13,住,,,1140111,土地2建物1車位1,十層,34,住宅大樓(11層含以上有電梯),住家用,見其他登記事項,,167.29,3,2,2,有,無,47490000,312211,坡道平面,24.79,3000000,,RPWNMLMLJHKGFAA57CB,元利四季莊園,D棟10F-D05號,
文山區,房地(土地+建物)+車位,臺北市文山區木柵路一段,13.18,住,,,1140113,土地2建物1車位1,四層,34,住宅大樓(11層含以上有電梯),住家用,見其他登記事項,,104.19,2,2,2,有,無,28460000,315388,坡道平面,22.83,2800000,,RPXNMLMLJHKGFAA67CB,元利四季莊園,D棟04F-D07號,
文山區,房地(土地+建物)+車位,臺北市文山區木柵路一段,30.86,住,,,1140111,土地2建物1車位2,十一層,26,住宅大樓(11層含以上有電梯),住家用,見其他登記事項,,239.86,3,2,3,有,無,65230000,310227,坡道平面,49.58,6200000,,RPOOMLMLJHKGFAA86CB,元利四季莊園,F棟11F-F01號,
文山區,房地(土地+建物)+車位,臺北市文山區木柵路一段,17.72,住,,,1140113,土地2建物1車位1,二十二層,26,住宅大樓(11層含以上有電梯),住家用,見其他登記事項,,134.07,3,2,2,有,無,39560000,334553,坡道平面,24.79,3000000,,RPPOMLMLJHKGFAA96CB,元利四季莊園,F棟22F-F06號,
文山區,房地(土地+建物)+車位,臺北市文山區木柵路一段,19.55,住,,,1140111,土地2建物1車位1,二十五層,33,住宅大樓(11層含以上有電梯),住家用,見其他登記事項,,143.15,3,2,2,有,無,43520000,338846,坡道平面,22.83,2750000,,RPQOMLMLJHKGFAA07CB,元利四季莊園,G棟25F-G05號,
文山區,房地(土地+建物)+車位,臺北市文山區華興里木柵路一段238巷5號,26.05,住,,,1140118,土地12建物1車位2,十三層,13,住宅大樓(11層含以上有電梯),住家用,鋼筋混凝土造,,210.73,3,2,2,有,無,44000000,296299,坡道平面,81.3,5650000,,RPROMLMLJHKGFAA17CB,敘文山,A1-13F號,
大同區,房地(土地+建物)+車位,臺北市大同區建功里重慶北路一段,4.96,商,,,1140115,土地18建物1車位1,十層,19,住宅大樓(11層含以上有電梯),住家用,鋼筋混凝土造,,98.95,2,1,1,有,無,30580000,402983,其他,29.89,2750000,親友、員工、共有人或其他特殊關係間之交易；,RPPNMLMLJHKGFBA96CB,宏道一品,D-10F號,
大同區,房地(土地+建物),臺北市大同區建功里重慶北路一段,4.96,商,,,1140114,土地18建物1車位0,七層,19,住宅大樓(11層含以上有電梯),住家用,鋼筋混凝土造,,69.06,2,1,1,有,無,27090000,392268,,0.0,0,親友、員工、共有人或其他特殊關係間之交易；,RPQNMLMLJHKGFBA07CB,宏道一品,E-07F號,
大同區,房地(土地+建物),臺北市大同區建功里重慶北路一段,4.96,商,,,1140113,土地18建物1車位0,八層,19,住宅大樓(11層含以上有電梯),住家用,鋼筋混凝土造,,69.06,2,1,1,有,無,27790000,402404,,0.0,0,,RPRNMLMLJHKGFBA17CB,宏道一品,E-08F號,
大同區,房地(土地+建物),臺北市大同區建功里重慶北路一段,4.57,商,,,1140113,土地18建物1車位0,二層,19,住宅大樓(11層含以上有電梯),商業用,鋼筋混凝土造,,63.67,0,0,0,無,無,20000000,314120,,0.0,0,一般事務所,RPSNMLMLJHKGFBA27CB,宏道一品,G-02F號,
大同區,房地(土地+建物)+車位,臺北市大同區建功里重慶北路一段,7.88,商,,,1140112,土地18建物1車位1,十八層,19,住宅大樓(11層含以上有電梯),住家用,鋼筋混凝土造,,139.65,3,2,2,有,無,53560000,449708,坡道平面,29.89,4200000,,RPTNMLMLJHKGFBA37CB,宏道一品,A-18F號,
大同區,房地(土地+建物),臺北市大同區建功里重慶北路一段,4.09,商,,,1140111,土地18建物1車位0,二層,19,住宅大樓(11層含以上有電梯),商業用,鋼筋混凝土造,,57.0,0,0,0,無,無,17410000,305439,,0.0,0,一般事務所,RPUNMLMLJHKGFBA47CB,宏道一品,E-02F號,
大同區,房地(土地+建物),臺北市大同區建功里重慶北路一段,6.42,商,,,1140119,土地18建物1車位0,五層,19,住宅大樓(11層含以上有電梯),住家用,鋼筋混凝土造,,89.51,2,2,2,有,無,34500000,385432,,0.0,0,,RPVNMLMLJHKGFBA57CB,宏道一品,F-05F號,
大同區,房地(土地+建物),臺北市大同區建功里重慶北路一段,6.01,商,,,1140113,土地18建物1車位0,七層,19,住宅大樓(11層含以上有電梯),住家用,鋼筋混凝土造,,83.74,2,2,2,有,無,35500000,423931,,0.0,0,,RPPOMLMLJHKGFBA07CB,宏道一品,C-07F號,
萬華區,房地(土地+建物)+車位,臺北市萬華區西園路二段,17.06,其他,,,1140111,土地34建物1車位1,二層,15,住宅大樓(11層含以上有電梯),見其他登記事項,見其他登記事項,,167.05,3,2,2,有,無,36100000,268275,坡道平面,45.16,3400000,露台戶露台坪數：18.84坪,RPTOMLMLJHKGFBA47CB,龍邦豐馥,1棟A2-2F號,
南港區,房地(土地+建物),臺北市南港區西新里松河街,6.2,其他,,,1140118,土地1建物1車位0,十層,24,住宅大樓(11層含以上有電梯),住家用,鋼骨鋼筋混凝土造,,64.26,2,2,1,有,無,25080000,390289,,0.0,0,,RPPNMLMLJHKGFDA17CB,東方大境,B棟B2-10號,
南港區,房地(土地+建物)+車位,臺北市南港區西新里松河街,8.54,其他,,,1140119,土地1建物1車位1,十六層,24,住宅大樓(11層含以上有電梯),住家用,鋼骨鋼筋混凝土造,,115.26,2,2,2,有,無,35780000,370270,坡道平面,26.73,3000000,,RPQNMLMLJHKGFDA27CB,東方大境,B棟B5-16號,
北投區,房地(土地+建物)+車位,臺北市北投區石牌路二段315巷,28.85,住,,,1140118,土地2建物1車位2,八層,15,住宅大樓(11層含以上有電梯),住家用,鋼筋混凝土造,,199.02,3,2,2,有,無,39600000,258021,坡道平面,66.86,5500000,,RPSNMLNLJHKGFEA67CB,龍霖初心,A2-08F號,
北投區,房地(土地+建物)+車位,臺北市北投區石牌路二段315巷,24.46,住,,,1140112,土地2建物1車位1,八層,15,住宅大樓(11層含以上有電梯),住家用,鋼筋混凝土造,,145.43,3,2,2,有,無,30000000,241518,坡道平面,33.43,2950000,電視,RPTNMLNLJHKGFEA77CB,龍霖初心,A1-08F號,
北投區,房地(土地+建物)+車位,臺北市北投區石牌路二段315巷,24.46,住,,,1140119,土地2建物1車位1,七層,15,住宅大樓(11層含以上有電梯),住家用,鋼筋混凝土造,,145.43,3,2,2,有,無,29680000,240446,坡道平面,33.43,2750000,,RPUNMLNLJHKGFEA87CB,龍霖初心,A1-07F號,
文山區,房地(土地+建物),臺北市文山區木柵路二段１６８巷１號,12.44,住,,,1140111,土地26建物1車位0,十層,22,住宅大樓(11層含以上有電梯),見其他登記事項,鋼筋混凝土造,,78.08,2,2,1,有,無,22500000,288166,,0.0,0,雨遮面積登記不計價,RPPNMLOLJHKGFAA07CB,將捷旅境.-真境,A棟A6-10F號,
文山區,房地(土地+建物)+車位,臺北市文山區木柵路二段１６８巷１號,16.43,住,,,1140113,土地26建物1車位1,七層,22,住宅大樓(11層含以上有電梯),見其他登記事項,鋼筋混凝土造,,137.57,2,2,1,有,無,32060000,274480,坡道平面,32.79,3300000,雨遮面積登記不計價,RPQNMLOLJHKGFAA17CB,將捷旅境.-真境,A棟A7-7F號,
中山區,房地(土地+建物)+車位,臺北市中山區新生北路二段68巷,4.68,商,,,1140115,土地40建物1車位1,二十層,23,住宅大樓(11層含以上有電梯),住家用,鋼筋混凝土造,,106.91,2,2,2,有,無,36820000,406689,坡道平面,24.98,3500000,,RPSOMLOLJHKGFCA67CB,中山麗池,R棟R-20F號,
文山區,房地(土地+建物)+車位,臺北市文山區木柵路二段１６８巷１號,12.44,住,,,1140119,土地26建物1車位1,十八層,22,住宅大樓(11層含以上有電梯),見其他登記事項,鋼筋混凝土造,,110.87,2,2,1,有,無,25740000,292520,坡道平面,32.79,2900000,雨遮面積登記不計價,RPQNMLNJKHKGFAA96CB,將捷旅境.-真境,B棟B5-18F號,
萬華區,房地(土地+建物)+車位,臺北市萬華區中華路一段,7.41,商,,,1140118,土地1建物1車位1,九層,15,住宅大樓(11層含以上有電梯),住家用,鋼筋混凝土造,,144.88,2,2,2,有,無,43300000,416047,坡道平面,50.78,4150000,,RPPNMLNJKHKGFBA96CB,ASTER ONE,A3-09F號,
松山區,房地(土地+建物)+車位,臺北市松山區南京東路五段２９１巷２９弄２３號,12.68,住,,,1140116,土地1建物1車位1,三層,8,華廈(10層含以下有電梯),住家用,鋼筋混凝土造,,81.0,2,2,1,有,無,24930000,367108,其他,16.85,1380000,,RPQNMLNJKHKGFDA27CB,京釀,A1-3F號,
士林區,房地(土地+建物)+車位,臺北市士林區承德里承德路四段58巷31弄10號2樓,18.72,住,,,1140116,土地1建物1車位1,五層,15,住宅大樓(11層含以上有電梯),住商用,鋼筋混凝土造,,145.61,3,2,2,有,無,37500000,305370,坡道平面,31.65,2700000,,RPPNMLNJKHKGFEA27CB,豐萃,B7-5F號,
士林區,房地(土地+建物)+車位,臺北市士林區承德里承德路四段58巷31弄10號2樓,22.76,住,,,1140113,土地1建物1車位2,八層,15,住宅大樓(11層含以上有電梯),住商用,鋼筋混凝土造,,207.24,3,2,2,有,無,50030000,317677,坡道平面,68.64,6000000,,RPRNMLNJKHKGFEA47CB,豐萃,A2-8F號,
文山區,房地(土地+建物),臺北市文山區木柵路一段,13.18,住,,,1140117,土地2建物1車位0,九層,34,住宅大樓(11層含以上有電梯),住家用,見其他登記事項,,81.36,2,2,2,有,無,26300000,323255,,0.0,0,,RPRNMLOJKHKGFAA17CB,元利四季莊園,D棟09F-D07號,
中山區,房地(土地+建物)+車位,臺北市中山區松江路372巷4之2號共3筆,12.38,住,,,1140113,土地6建物1車位1,十一層,11,住宅大樓(11層含以上有電梯),住家用,鋼筋混凝土造,,78.86,2,1,1,有,無,24000000,328218,升降機械,13.05,2400000,,RPPNMLPJKHKGFCA27CB,松江WOW,A2-11F號,
松山區,房地(土地+建物)+車位,臺北市松山區松基里敦化段一小段45號,41.1,住,,,1140115,土地7建物1車位2,十層,23,住宅大樓(11層含以上有電梯),住家用,見其他登記事項,,375.01,0,0,0,無,無,199320000,629194,坡道平面,76.66,11600000,,RPPNMLPJKHKGFDA37CB,勤美璞真城仰,B2-10F號,
信義區,房地(土地+建物),臺北市信義區基隆路一段83巷與基隆路一段37巷交叉口,8.21,住,,,1140119,土地15建物1車位0,三層,23,住宅大樓(11層含以上有電梯),住家用,鋼骨鋼筋混凝土造,,76.4,2,2,1,有,無,33910000,443848,,0.0,0,,RPSNMLPJKHKGFDA67CB,國美榕遇,A棟A8-03F號,
大安區,房地(土地+建物)+車位,臺北市大安區信義路四段408號,13.24,商,,,1140119,土地19建物1車位1,十六層,31,住宅大樓(11層含以上有電梯),住家用,見其他登記事項,,183.88,3,2,2,有,無,91600000,581403,坡道平面,35.79,5500000,雨遮計坪不計價,RPRNMLQJKHKGFFA87CB,吾雙,B棟B1-16F號,
大安區,房地(土地+建物)+車位,臺北市大安區信義路四段408號,13.05,商,,,1140119,土地19建物1車位1,十九層,31,住宅大樓(11層含以上有電梯),住家用,見其他登記事項,,180.5,3,2,2,有,無,93100000,612259,坡道平面,35.79,4500000,雨遮計坪不計價,RPSNMLQJKHKGFFA97CB,吾雙,B棟B3-19F號,
大安區,房地(土地+建物)+車位,臺北市大安區信義路四段408號,13.19,商,,,1140119,土地19建物1車位1,九層,31,住宅大樓(11層含以上有電梯),見其他登記事項,見其他登記事項,,181.82,0,0,1,有,無,82200000,528658,坡道平面,35.79,5000000,雨遮計坪不計價,RPTNMLQJKHKGFFA08CB,吾雙,B棟B6-09F號,
大安區,房地(土地+建物)+車位,臺北市大安區信義路四段408號,11.8,商,,,1140113,土地19建物1車位1,二十九層,31,住宅大樓(11層含以上有電梯),住家用,見其他登記事項,,166.58,3,2,2,有,無,89580000,646686,坡道平面,35.79,5000000,雨遮計坪不計價,RPUNMLQJKHKGFFA18CB,吾雙,B棟B6-29F號,
大安區,房地(土地+建物)+車位,臺北市大安區信義路四段408號,11.94,商,,,1140113,土地19建物1車位1,二十九層,31,住宅大樓(11層含以上有電梯),住家用,見其他登記事項,,168.2,3,2,2,有,無,86100000,616268,坡道平面,35.79,4500000,雨遮計坪不計價,RPVNMLQJKHKGFFA28CB,吾雙,B棟B7-29F號,
大安區,房地(土地+建物),臺北市大安區信義路四段408號,8.49,商,,,1140119,土地19建物1車位0,二十一層,31,住宅大樓(11層含以上有電梯),住家用,見其他登記事項,,98.16,2,2,1,有,無,58200000,592910,,0.0,0,雨遮計坪不計價,RPWNMLQJKHKGFFA38CB,吾雙,B棟B8-21F號,
大安區,房地(土地+建物)+車位,臺北市大安區和平東路二段,6.09,商,,,1140112,土地26建物1車位1,二十一層,24,住宅大樓(11層含以上有電梯),住商用,鋼筋混凝土造,,126.83,2,2,2,有,無,49900000,498439,坡道平面,33.94,3600000,2F-B1應有權利範圍為1098192/10000000000 百億分之，因百億無法輸入，故列於此,RPXNMLQJKHKGFFA48CB,大安ONE,B4-21F號,
大安區,房地(土地+建物)+車位,臺北市大安區和平東路二段,5.42,商,,,1140113,土地26建物1車位1,二十層,24,住宅大樓(11層含以上有電梯),住商用,鋼筋混凝土造,,116.74,2,2,2,有,無,46200000,516908,坡道平面,33.94,3400000,2F-B1應有權利範圍為977952/10000000000 百億分之，因百億無法輸入，故列於此,RPOOMLQJKHKGFFA67CB,大安ONE,A2-20F號,
大安區,房地(土地+建物)+車位,臺北市大安區和平東路二段,8.7,商,,,1140113,土地26建物1車位1,十層,24,住宅大樓(11層含以上有電梯),住商用,鋼筋混凝土造,,166.76,3,2,2,有,無,65000000,459268,坡道平面,33.94,4000000,2F-B1應有權利範圍為1569132/10000000000 百億分之，因百億無法輸入，故列於此,RPPOMLQJKHKGFFA77CB,大安ONE,B1-10F號,
大安區,房地(土地+建物)+車位,臺北市大安區和平東路二段,6.09,商,,,1140118,土地26建物1車位1,二十二層,24,住宅大樓(11層含以上有電梯),住商用,鋼筋混凝土造,,144.44,2,2,2,有,無,50400000,501669,坡道平面,51.55,3800000,2F-B1應有權利範圍為1098192/10000000000 百億分之，因百億無法輸入，故列於此,RPSOMLQJKHKGFFA08CB,大安ONE,B4-22F號,
大安區,房地(土地+建物)+車位,臺北市大安區和平東路二段,8.58,商,,,1140119,土地26建物1車位1,十層,24,住宅大樓(11層含以上有電梯),住商用,鋼筋混凝土造,,164.9,3,2,2,有,無,65000000,465791,坡道平面,33.94,4000000,2F-B1應有權利範圍為1098192/10000000000 百億分之，因百億無法輸入，故列於此,RPTOMLQJKHKGFFA18CB,大安ONE,B4-10F號,
大安區,房地(土地+建物)+車位,臺北市大安區和平東路二段,5.44,商,,,1140118,土地26建物1車位1,二十層,24,住宅大樓(11層含以上有電梯),住商用,鋼筋混凝土造,,117.02,2,2,2,有,無,46680000,518536,坡道平面,33.94,3600000,2F-B1應有權利範圍為981960/10000000000 百億分之，因百億無法輸入，故列於此,RPUOMLQJKHKGFFA28CB,大安ONE,A3-20F號,
南港區,房地(土地+建物),臺北市南港區西新里松河街,6.84,其他,,,1140120,土地1建物1車位0,六層,24,住宅大樓(11層含以上有電梯),住家用,鋼骨鋼筋混凝土造,,71.03,2,1,1,有,無,28110000,395748,,0.0,0,,RPQNMLRJKHKGFDA67CB,東方大境,A棟A6-6號,
南港區,房地(土地+建物)+車位,臺北市南港區西新里松河街,8.54,其他,,,1140120,土地1建物1車位1,十四層,24,住宅大樓(11層含以上有電梯),住家用,鋼骨鋼筋混凝土造,,115.26,2,2,2,有,無,35170000,368463,坡道平面,26.73,2550000,,RPUNMLRJKHKGFDA08CB,東方大境,B棟B5-14號,
南港區,房地(土地+建物)+車位,臺北市南港區西新里松河街,8.26,其他,,,1140120,土地1建物1車位1,十九層,24,住宅大樓(11層含以上有電梯),住家用,鋼骨鋼筋混凝土造,,112.55,2,2,2,有,無,32660000,348520,坡道平面,26.73,2750000,,RPPOMLRJKHKGFDA67CB,東方大境,B棟B11-19號,
信義區,房地(土地+建物),臺北市信義區興雅里永吉路30巷157弄18-22號,9.41,住,,,1140114,土地3建物1車位0,四層,9,華廈(10層含以下有電梯),住家用,鋼筋混凝土造,,48.03,1,1,1,有,無,23980000,499271,,0.0,0,,RPPNMLKKKHKGFDA96CB,亞伯信義雅晑,A棟4F號,
士林區,房地(土地+建物)+車位,臺北市士林區中山北路六段１８６巷１０弄１號,26.93,住,,,1140120,土地6建物1車位1,九層,11,住宅大樓(11層含以上有電梯),住家用,鋼筋混凝土造,,172.65,3,2,2,有,無,57910000,405621,坡道平面,38.51,3500000,,RPPNMLKKKHKGFEA07CB,久年松芮,A1-09F號,
萬華區,房地(土地+建物),臺北市萬華區雙園里西藏路430號,14.01,商,,,1140118,土地3建物1車位0,十一層,14,住宅大樓(11層含以上有電梯),住家用,鋼筋混凝土造,,103.65,3,2,2,有,無,28100000,271105,,0.0,0,都市土地使用分區/次類別名稱：第一種商業區原屬住三、住三之一。,RPRNMLLKKHKGFBA07CB,南海御景,D-11號,
北投區,房地(土地+建物)+車位,臺北市北投區中央里中央南路一段,16.22,商,,,1140116,土地21建物1車位1,十六層,21,住宅大樓(11層含以上有電梯),住家用,見其他登記事項,,188.85,4,2,2,有,無,50880000,297783,坡道平面,27.39,2800000,1.內含約定共用持分面積0.07平方公尺 2.雨遮計坪不計價,RPQNMLMKKHKGFEA37CB,當代文匯,A-16F號,
萬華區,房地(土地+建物)+車位,臺北市萬華區萬壽里漢口街二段64號,16.74,商,,,1140119,土地32建物1車位1,五層,22,住宅大樓(11層含以上有電梯),住家用,鋼骨鋼筋混凝土造,,265.9,4,2,2,有,無,56790000,227939,坡道平面,28.6,2700000,,RPWNMLNKKHKGFBA77CB,興洋君冠,B1-5F號,
中山區,房地(土地+建物)+車位,臺北市中山區民生東路二段及新生北路二段,10.65,商,,,1140119,土地7建物1車位1,十一層,15,住宅大樓(11層含以上有電梯),住家用,鋼筋混凝土造,,142.91,3,2,2,有,無,49310000,401779,坡道平面,30.51,4150000,,RPQNMLNKKHKGFCA27CB,佳元當代美術館,F-11F號,
北投區,房地(土地+建物),臺北市北投區光明路,6.15,商,,,1140117,土地17建物1車位0,三層,20,住宅大樓(11層含以上有電梯),住家用,鋼筋混凝土造,,64.91,1,0,1,有,無,17290000,266369,,0.0,0,,RPRNMLNKKHKGFEA57CB,嘉磐日光,F1棟03F號,
