﻿鄉鎮市區,交易標的,土地位置建物門牌,土地移轉總面積平方公尺,都市土地使用分區,非都市土地使用分區,非都市土地使用編定,交易年月日,交易筆棟數,移轉層次,總樓層數,建物型態,主要用途,主要建材,建築完成年月,建物移轉總面積平方公尺,建物現況格局-房,建物現況格局-廳,建物現況格局-衛,建物現況格局-隔間,有無管理組織,總價元,單價元平方公尺,車位類別,車位移轉總面積平方公尺,車位總價元,備註,編號,建案名稱,棟及號,解約情形
The villages and towns urban district,transaction sign,land sector position building sector house number plate,land shifting total area square meter,the use zoning or compiles and checks,the non-metropolis land use district,non-metropolis land use,transaction year month and day,transaction pen number,shifting level,total floor number,building state,main use,main building materials,construction to complete the years,building shifting total area,Building present situation pattern - room,building present situation pattern - hall,building present situation pattern - health,building present situation pattern - compartmented,Whether there is manages the organization,total price NTD,the unit price (NTD / square meter),the berth category,berth shifting total area square meter,the berth total price NTD,the note,serial number,build case,buildings,termination type
北投區,房地(土地+建物)+車位,臺北市北投區福真路,21.76,住,,,1140121,土地1建物1車位2,十八層,24,住宅大樓(11層含以上有電梯),住家用,鋼骨鋼筋混凝土造,,174.15,3,2,2,有,無,59720000,434537,坡道平面,52.02,6650000,,RPQNMLNLJHKGFEA47CB,遠雄泱玥,A03棟F18號,
松山區,房地(土地+建物)+車位,臺北市松山區中正里南京東路三段256巷,28.69,住,,,1140123,土地16建物1車位1,十五層,21,住宅大樓(11層含以上有電梯),住家用,見其他登記事項,,225.58,0,0,0,無,無,108400000,538154,坡道平面,33.07,4800000,,RPPNMLOLJHKGFDA37CB,金朋馥蓊,A-15F號,
萬華區,房地(土地+建物)+車位,臺北市萬華區中華路一段,6.69,商,,,1140125,土地1建物1車位1,九層,15,住宅大樓(11層含以上有電梯),住家用,鋼筋混凝土造,,107.44,3,2,2,有,無,35250000,387195,升降機械,22.47,2350000,,RPQNMLNJKHKGFBA07CB,ASTER ONE,A12-09F號,
大同區,房地(土地+建物),臺北市大同區南京西路267號旁,6.84,商,,,1140122,土地6建物1車位0,八層,15,住宅大樓(11層含以上有電梯),住家用,鋼筋混凝土造,,74.75,2,2,1,有,無,19670000,263144,,0.0,0,,RPRNMLNJKHKGFBA17CB,合砌埕家,A5棟8F號,
文山區,房地(土地+建物)+車位,臺北市文山區木柵路一段,29.78,住,,,1140121,土地2建物1車位1,二十三層,34,住宅大樓(11層含以上有電梯),住家用,見其他登記事項,,208.25,3,2,3,有,無,64020000,330971,坡道平面,24.79,3300000,,RPPNMLOJKHKGFAA96CB,元利四季莊園,B棟23F-B03號,
文山區,房地(土地+建物)+車位,臺北市文山區木柵路一段,13.18,住,,,1140125,土地2建物1車位1,二十二層,34,住宅大樓(11層含以上有電梯),住家用,見其他登記事項,,106.15,2,2,2,有,無,31110000,340585,坡道平面,24.79,3400000,,RPSNMLOJKHKGFAA27CB,元利四季莊園,D棟22F-D07號,
中山區,房地(土地+建物),臺北市中山區錦州街10號,4.31,商,,,1140122,土地1建物1車位0,二層,15,住宅大樓(11層含以上有電梯),住家用,鋼筋混凝土造,,50.74,1,1,1,有,無,17000000,335041,,0.0,0,,RPPNMLOJKHKGFCA17CB,潮中山,D棟2F號,
信義區,房地(土地+建物)+車位,臺北市信義區基隆路一段83巷與基隆路一段37巷交叉口,12.79,住,,,1140121,土地15建物1車位1,三層,23,住宅大樓(11層含以上有電梯),住家用,鋼骨鋼筋混凝土造,,155.78,3,2,2,有,無,54520000,431992,坡道平面,36.75,3100000,,RPQNMLPJKHKGFDA47CB,國美榕遇,A棟A6-03F號,
信義區,房地(土地+建物)+車位,臺北市信義區基隆路一段83巷與基隆路一段37巷交叉口,12.79,住,,,1140125,土地15建物1車位1,七層,23,住宅大樓(11層含以上有電梯),住家用,鋼骨鋼筋混凝土造,,155.78,3,2,2,有,無,54890000,435100,坡道平面,36.75,3100000,,RPRNMLPJKHKGFDA57CB,國美榕遇,A棟A6-07F號,
北投區,房地(土地+建物)+車位,臺北市北投區福真路,33.36,住,,,1140126,土地1建物1車位2,七層,24,住宅大樓(11層含以上有電梯),住家用,鋼骨鋼筋混凝土造,,239.09,4,2,2,有,無,85020000,418132,坡道平面,52.02,6800000,,RPPNMLPJKHKGFEA47CB,遠雄泱玥,A05棟F07號,
北投區,房地(土地+建物)+車位,臺北市北投區福真路,33.36,住,,,1140126,土地1建物1車位2,十三層,24,住宅大樓(11層含以上有電梯),住家用,鋼骨鋼筋混凝土造,,239.09,4,2,2,有,無,85530000,423531,坡道平面,52.02,6300000,,RPROMLPJKHKGFEA77CB,遠雄泱玥,A05棟F13號,
北投區,房地(土地+建物)+車位,臺北市北投區福真路,43.63,住,,,1140127,土地1建物1車位2,二十層,24,住宅大樓(11層含以上有電梯),住家用,鋼骨鋼筋混凝土造,,296.67,4,2,3,有,無,112580000,431555,坡道平面,52.02,7000000,,RPSOMLPJKHKGFEA87CB,遠雄泱玥,A05棟F20號,
大安區,房地(土地+建物)+車位,臺北市大安區忠孝東路三段10巷,14.55,住,,,1140124,土地1建物1車位1,十層,12,住宅大樓(11層含以上有電梯),住家用,鋼筋混凝土造,,132.05,2,2,2,有,無,56300000,514297,升降平面,29.58,3600000,,RPPNMLPJKHKGFFA57CB,真?和光,10F-A2號,
大同區,房地(土地+建物),臺北市大同區建功里重慶北路一段,4.11,商,,,1140124,土地18建物1車位0,二層,19,住宅大樓(11層含以上有電梯),商業用,鋼筋混凝土造,,57.27,0,0,0,無,無,17390000,303649,,0.0,0,一般事務所,RPPNMLQJKHKGFBA27CB,宏道一品,D-02F號,
大同區,房地(土地+建物),臺北市大同區建功里重慶北路一段,4.68,商,,,1140125,土地18建物1車位0,九層,19,住宅大樓(11層含以上有電梯),住家用,鋼筋混凝土造,,65.21,2,1,1,有,無,27080000,415274,,0.0,0,親友、員工、共有人或其他特殊關係間之交易；,RPRNMLQJKHKGFBA47CB,宏道一品,G-09F號,
大同區,房地(土地+建物)+車位,臺北市大同區建功里重慶北路一段,6.42,商,,,1140121,土地18建物1車位1,三層,19,住宅大樓(11層含以上有電梯),住家用,鋼筋混凝土造,,119.4,2,2,2,有,無,36250000,377053,其他,29.89,2500000,親友、員工、共有人或其他特殊關係間之交易；,RPSNMLQJKHKGFBA57CB,宏道一品,F-03F號,
大同區,房地(土地+建物),臺北市大同區建功里重慶北路一段,4.36,商,,,1140126,土地18建物1車位0,六層,19,住宅大樓(11層含以上有電梯),住家用,鋼筋混凝土造,,60.77,1,1,1,有,無,26660000,438703,,0.0,0,,RPTNMLQJKHKGFBA67CB,宏道一品,B-06F號,
大安區,房地(土地+建物)+車位,臺北市大安區信義路四段408號,18.04,商,,,1140121,土地19建物1車位1,二十九層,31,住宅大樓(11層含以上有電梯),住家用,見其他登記事項,,228.96,3,2,2,有,無,128180000,640265,坡道平面,35.79,4500000,雨遮計坪不計價,RPPNMLQJKHKGFFA67CB,吾雙,A棟A2-29F號,
大安區,房地(土地+建物)+車位,臺北市大安區信義路四段408號,18.04,商,,,1140121,土地19建物1車位1,二十層,31,住宅大樓(11層含以上有電梯),住家用,見其他登記事項,,230.73,3,2,2,有,無,125300000,617113,坡道平面,35.79,5000000,雨遮計坪不計價,RPQNMLQJKHKGFFA77CB,吾雙,A棟A3-20F號,
內湖區,房地(土地+建物)+車位,臺北市內湖區內湖路一段691號,7.7,商,,,1140121,土地8建物1車位1,十二層,30,住宅大樓(11層含以上有電梯),住家用,鋼骨鋼筋混凝土造,,93.7,2,1,1,有,無,33880000,391432,坡道機械,12.0,1900000,,RPPNMLRJKHKGFCA47CB,碧湖雲景,B5-12F號,
中山區,房地(土地+建物)+車位,臺北市中山區中吉里四平街37號,17.6,住,,,1140122,土地3建物1車位1,六層,12,住宅大樓(11層含以上有電梯),住家用,見其他登記事項,,117.34,2,1,2,有,無,46200000,441356,其他,18.78,2700000,,RPQNMLRJKHKGFCA57CB,松江.桓?,A6-6F號,
南港區,房地(土地+建物)+車位,臺北市南港區西新里松河街,6.84,其他,,,1140125,土地1建物1車位1,九層,24,住宅大樓(11層含以上有電梯),住家用,鋼骨鋼筋混凝土造,,97.78,2,2,1,有,無,31050000,398311,坡道平面,26.73,2750000,,RPPNMLRJKHKGFDA57CB,東方大境,A棟A5-9號,
南港區,房地(土地+建物)+車位,臺北市南港區西新里松河街,11.02,其他,,,1140126,土地1建物1車位1,十層,24,住宅大樓(11層含以上有電梯),住家用,鋼骨鋼筋混凝土造,,141.03,3,2,2,有,無,42400000,340332,坡道平面,26.73,3500000,,RPRNMLRJKHKGFDA77CB,東方大境,B棟B1-10號,
南港區,房地(土地+建物),臺北市南港區西新里松河街,11.02,其他,,,1140123,土地1建物1車位0,八層,24,住宅大樓(11層含以上有電梯),住家用,鋼骨鋼筋混凝土造,,114.3,3,2,2,有,無,38700000,338583,,0.0,0,,RPSNMLRJKHKGFDA87CB,東方大境,B棟B1-8號,
南港區,房地(土地+建物),臺北市南港區西新里松河街,6.2,其他,,,1140126,土地1建物1車位0,三層,24,住宅大樓(11層含以上有電梯),住家用,鋼骨鋼筋混凝土造,,64.26,2,2,1,有,無,24670000,383909,,0.0,0,,RPTNMLRJKHKGFDA97CB,東方大境,B棟B2-3號,
南港區,房地(土地+建物)+車位,臺北市南港區西新里松河街,8.54,其他,,,1140123,土地1建物1車位1,十七層,24,住宅大樓(11層含以上有電梯),住家用,鋼骨鋼筋混凝土造,,115.26,2,2,2,有,無,35610000,371174,坡道平面,26.73,2750000,,RPVNMLRJKHKGFDA18CB,東方大境,B棟B7-17號,
南港區,房地(土地+建物),臺北市南港區西新里松河街,8.54,其他,,,1140123,土地1建物1車位0,十九層,24,住宅大樓(11層含以上有電梯),住家用,鋼骨鋼筋混凝土造,,88.53,2,2,2,有,無,32640000,368689,,0.0,0,,RPWNMLRJKHKGFDA28CB,東方大境,B棟B7-19號,
南港區,房地(土地+建物)+車位,臺北市南港區西新里松河街,8.54,其他,,,1140123,土地1建物1車位1,二十層,24,住宅大樓(11層含以上有電梯),住家用,鋼骨鋼筋混凝土造,,115.26,2,2,2,有,無,36200000,373885,坡道平面,26.73,3100000,,RPXNMLRJKHKGFDA38CB,東方大境,B棟B7-20號,
南港區,房地(土地+建物)+車位,臺北市南港區西新里松河街,8.54,其他,,,1140124,土地1建物1車位1,二十二層,24,住宅大樓(11層含以上有電梯),住家用,鋼骨鋼筋混凝土造,,115.26,2,2,2,有,無,35910000,375692,坡道平面,26.73,2650000,,RPOOMLRJKHKGFDA57CB,東方大境,B棟B7-22號,
南港區,房地(土地+建物)+車位,臺北市南港區西新里松河街,10.74,其他,,,1140125,土地1建物1車位1,三層,14,住宅大樓(11層含以上有電梯),住家用,鋼骨鋼筋混凝土造,,137.9,3,2,2,有,無,44890000,373212,坡道平面,26.73,3400000,,RPQOMLRJKHKGFDA77CB,東方大境,C棟C6-3號,
中正區,房地(土地+建物)+車位,臺北市中正區武昌街一段11號,4.9,商,,,1140123,土地13建物1車位1,六層,20,住宅大樓(11層含以上有電梯),住家用,鋼筋混凝土造,,80.98,2,2,2,有,無,29700000,384137,升降機械,8.61,1900000,1.5套衛浴,RPPNMLKKKHKGFBA76CB,漢皇城?,G棟0號,
中正區,房地(土地+建物)+車位,臺北市中正區武昌街一段11號,4.9,商,,,1140123,土地13建物1車位1,七層,20,住宅大樓(11層含以上有電梯),住家用,鋼筋混凝土造,,80.98,2,2,2,有,無,29520000,387177,升降機械,8.61,1500000,1.5套衛浴,RPQNMLKKKHKGFBA86CB,漢皇城?,G棟0號,
內湖區,房地(土地+建物)+車位,臺北市內湖區麗山里環山路二段23號旁,16.24,商,,,1140124,土地6建物1車位1,十二層,17,住宅大樓(11層含以上有電梯),住家用,鋼筋混凝土造,,157.12,3,2,2,有,無,44800000,343594,坡道平面,36.92,3500000,,RPPNMLKKKHKGFCA86CB,力麒·寰山,A6-12F號,
士林區,房地(土地+建物)+車位,臺北市士林區中山北路六段１８６巷１０弄１號,23.4,住,,,1140121,土地6建物1車位1,七層,11,住宅大樓(11層含以上有電梯),住家用,鋼筋混凝土造,,155.11,3,2,2,有,無,50640000,408576,坡道平面,38.51,3000000,,RPQNMLKKKHKGFEA17CB,久年松芮,A5-07F號,
北投區,房地(土地+建物)+車位,臺北市北投區洲美里福善路,27.04,住,,,1140124,土地4建物1車位1,二層,22,住宅大樓(11層含以上有電梯),住家用,鋼骨鋼筋混凝土造,,174.06,3,2,2,有,無,48520000,311272,坡道平面,27.5,2900000,,RPRNMLKKKHKGFEA27CB,士科大院.,A棟3號,
萬華區,房地(土地+建物)+車位,臺北市萬華區雙園里西藏路430號,14.01,商,,,1140123,土地3建物1車位1,九層,14,住宅大樓(11層含以上有電梯),住家用,鋼筋混凝土造,,124.69,3,2,2,有,無,29450000,265316,坡道機械,21.04,1950000,都市土地使用分區/次類別名稱：第一種商業區原屬住三、住三之一。,RPQNMLLKKHKGFBA96CB,南海御景,D-9號,
松山區,房地(土地+建物)+車位,臺北市松山區南京東路五段２９１巷２９弄２３號,8.19,住,,,1140123,土地1建物1車位1,四層,8,華廈(10層含以下有電梯),住家用,鋼筋混凝土造,,58.3,1,1,1,有,無,17230000,382388,其他,16.85,1380000,,RPPNMLLKKHKGFDA07CB,京釀,A2-4F號,
南港區,房地(土地+建物),臺北市南港區西新里松河街,8.26,其他,,,1140131,土地1建物1車位0,二十一層,24,住宅大樓(11層含以上有電梯),住家用,鋼骨鋼筋混凝土造,,85.82,2,2,2,有,無,30060000,350268,,0.0,0,,RPWNMLLKKHKGFDA77CB,東方大境,B棟B11-21號,
士林區,房地(土地+建物),臺北市士林區社中街３３５號旁,22.69,住,,,1140124,土地2建物1車位0,四層,8,華廈(10層含以下有電梯),見其他登記事項,鋼筋混凝土造,,88.0,2,2,2,有,無,20050000,227841,,0.0,0,,RPPNMLLKKHKGFEA17CB,藏樂,C-4F號,
大安區,房地(土地+建物),臺北市大安區復興南路二段140號旁,2.85,商,,,1140121,土地6建物1車位0,十一層,17,住宅大樓(11層含以上有電梯),住家用,見其他登記事項,,42.47,1,1,1,有,無,25030000,589357,,0.0,0,,RPPNMLLKKHKGFFA27CB,寶舖全健築知行,I-11F號,
大安區,房地(土地+建物)+車位,臺北市大安區復興南路二段140號旁,7.61,商,,,1140122,土地6建物1車位1,三層,17,住宅大樓(11層含以上有電梯),住家用,見其他登記事項,,127.22,3,2,2,有,無,57830000,471755,坡道平面,13.75,4300000,,RPQNMLLKKHKGFFA37CB,寶舖全健築知行,C-3F號,
文山區,房地(土地+建物)+車位,臺北市文山區木柵路一段,13.18,住,,,1140129,土地2建物1車位1,七層,34,住宅大樓(11層含以上有電梯),住家用,見其他登記事項,,104.19,2,2,2,有,無,28110000,311087,坡道平面,22.83,2800000,,RPQNMLMKKHKGFAA96CB,元利四季莊園,A棟07F-A08號,
文山區,房地(土地+建物)+車位,臺北市文山區木柵路一段,13.18,住,,,1140126,土地2建物1車位1,三十二層,34,住宅大樓(11層含以上有電梯),住家用,見其他登記事項,,106.15,2,2,2,有,無,32580000,361111,坡道平面,24.79,3200000,,RPSNMLMKKHKGFAA17CB,元利四季莊園,B棟32F-B06號,
萬華區,房地(土地+建物)+車位,臺北市萬華區西園路二段,17.4,其他,,,1140123,土地34建物1車位2,二層,15,住宅大樓(11層含以上有電梯),見其他登記事項,見其他登記事項,,211.81,3,2,2,有,無,37630000,254795,坡道平面,86.69,5750000,露台戶別露台坪數：10.1坪,RPPNMLNKKHKGFBA07CB,龍邦豐馥,1棟B3-2F號,
萬華區,房地(土地+建物)+車位,臺北市萬華區西園路二段,12.28,其他,,,1140125,土地34建物1車位1,四層,15,住宅大樓(11層含以上有電梯),見其他登記事項,見其他登記事項,,132.73,2,2,2,有,無,24350000,245518,坡道平面,45.16,2850000,親友、員工、共有人或其他特殊關係間之交易；,RPQNMLNKKHKGFBA17CB,龍邦豐馥,1棟B2-4F號,
萬華區,房地(土地+建物)+車位,臺北市萬華區西園路二段,16.89,其他,,,1140126,土地34建物1車位2,二層,15,住宅大樓(11層含以上有電梯),見其他登記事項,見其他登記事項,,212.16,3,2,2,有,無,39280000,271093,坡道平面,90.32,6250000,露台戶別露台坪數：15.24坪,RPRNMLNKKHKGFBA27CB,龍邦豐馥,1棟A1-2F號,
萬華區,房地(土地+建物)+車位,臺北市萬華區西園路二段,17.06,其他,,,1140124,土地34建物1車位2,三層,15,住宅大樓(11層含以上有電梯),見其他登記事項,見其他登記事項,,208.01,3,2,2,有,無,36430000,246291,坡道平面,86.69,6550000,,RPSNMLNKKHKGFBA37CB,龍邦豐馥,1棟A1-3F號,
萬華區,房地(土地+建物)+車位,臺北市萬華區西園路二段,12.28,其他,,,1140126,土地34建物1車位1,八層,15,住宅大樓(11層含以上有電梯),見其他登記事項,見其他登記事項,,132.73,2,2,2,有,無,26910000,267329,坡道平面,45.16,3500000,,RPTNMLNKKHKGFBA47CB,龍邦豐馥,1棟B2-8F號,
萬華區,房地(土地+建物)+車位,臺北市萬華區西園路二段,13.99,其他,,,1140125,土地34建物1車位1,三層,15,住宅大樓(11層含以上有電梯),見其他登記事項,見其他登記事項,,144.93,2,2,2,有,無,28000000,251579,坡道平面,45.16,2900000,,RPUNMLNKKHKGFBA57CB,龍邦豐馥,1棟B1-3F號,
萬華區,房地(土地+建物)+車位,臺北市萬華區萬壽里漢口街二段64號,16.74,商,,,1140121,土地32建物1車位1,五層,22,住宅大樓(11層含以上有電梯),住家用,鋼骨鋼筋混凝土造,,265.9,4,2,2,有,無,56790000,227939,坡道平面,28.6,2700000,,RPVNMLNKKHKGFBA67CB,興洋君冠,B2-5F號,
中山區,房地(土地+建物),臺北市中山區民生東路二段及新生北路二段,7.81,商,,,1140124,土地7建物1車位0,二層,15,住宅大樓(11層含以上有電梯),住家用,鋼筋混凝土造,,82.47,2,2,2,有,無,33050000,400752,,0.0,0,,RPPNMLNKKHKGFCA17CB,佳元當代美術館,D-2F號,
大同區,房地(土地+建物)+車位,臺北市大同區建功里重慶北路一段,6.01,商,,,1140121,土地18建物1車位1,三層,19,住宅大樓(11層含以上有電梯),住家用,鋼筋混凝土造,,113.63,2,2,2,有,無,37000000,411989,其他,29.89,2500000,,RPPNMLSKKHKGFBA57CB,宏道一品,C-03F號,
中山區,房地(土地+建物)+車位,臺北市中山區錦州街10號,4.74,商,,,1140125,土地1建物1車位1,四層,15,住宅大樓(11層含以上有電梯),住家用,鋼筋混凝土造,,80.59,1,1,1,有,無,21980000,350959,其他,24.8,2400000,,RPQNMLSKKHKGFCA77CB,潮中山,C棟4F號,
南港區,房地(土地+建物)+車位,臺北市南港區西新里松河街,6.84,其他,,,1140127,土地1建物1車位1,七層,24,住宅大樓(11層含以上有電梯),住家用,鋼骨鋼筋混凝土造,,97.76,2,1,1,有,無,31070000,396593,坡道平面,26.73,2900000,,RPPNMLSKKHKGFDA77CB,東方大境,A棟A6-7號,
內湖區,房地(土地+建物)+車位,臺北市內湖區麗山里環山路二段23號旁,12.03,商,,,1140127,土地6建物1車位1,十一層,17,住宅大樓(11層含以上有電梯),住家用,鋼筋混凝土造,,125.91,2,2,1,有,無,33350000,343297,坡道平面,36.92,2800000,,RPPNMLTKKHKGFCA77CB,力麒·寰山,A5-11F號,
士林區,房地(土地+建物)+車位,臺北市士林區承德里承德路四段58巷31弄10號2樓,14.64,住,,,1140124,土地1建物1車位1,六層,15,住宅大樓(11層含以上有電梯),住商用,鋼筋混凝土造,,123.52,2,2,2,有,無,30700000,311099,坡道平面,34.32,2950000,,RPPNMLTKKHKGFEA97CB,豐萃,A5-6F號,
