﻿編號,土地位置,土地移轉面積平方公尺,使用分區或編定,權利人持分分母,權利人持分分子,移轉情形,地號
The serial number, land position,land shifting area square meter,the use zoning or compiles and checks,,,,land parcel
RPTNMLTKKHKGFBA18EA,福星段二小段,2.62,都市：其他:第四種商業區。,5982388,3626,持分移轉,05510000
RPRNMLKLKHKGFEA47EA,新安段六小段,496.00,都市：其他:第一種住宅區(依都市計畫說明書圖規定辦理。本筆土地申請建築時，應依環境影響評估審查結論及臺北市山坡地開發建築要點規定，原自然地形平均坡度超過30%者，除水土保持必要設施外，不得作為建築使用，也不得計入建築基地面積檢討建蔽率及容積率，但可計入開發範圍。相關訊息請洽臺北市政府環境保護局綜合企劃小組或都市發展局規劃科。)。,1,1,全筆移轉,01240000
RPQNMLLLKHKGFEA47EA,海光段二小段,23.00,都市：其他:第三種住宅區。,4,1,持分移轉,04270000
RPVOMLLKKHKGFAA47DA,萬隆段二小段,32.56,都市：其他:住宅區(專案國宅用地)。,850000,2194,持分移轉,03820000
RPSNMLSKKHKGFBA87DA,城中段二小段,8.40,都市：其他:第四種商業區 但是否在廣場用地(公共設施用地)(應依建築線或俟地籍測量分割後，再確定)。,100000,2640,持分移轉,04590000
RPXNMLMKKHKGFEA08DA,振興段二小段,18.01,都市：其他:第三種商業區。,2000,23,持分移轉,04940000
RPQNMLLLKHKGFEA37DA,溫泉段二小段,.44,都市：其他:第三種住宅區。,10000,5,持分移轉,02370000
RPUNMLLLKHKGFBA57EA,迪化段一小段,23.55,都市：其他:第三種商業區。,100000,1760,持分移轉,00190000
RPVNMLSKKHKGFBA18DA,華江段二小段,2.87,都市：其他:第三之一種住宅區。,100000,331,持分移轉,00940000
RPVNMLSKKHKGFBA18DA,華江段二小段,.95,都市：其他:第三種住宅區。,100000,331,持分移轉,00940001
RPXNMLOKKHKGFBA97DA,中正段一小段,4.00,都市：其他:第三之一種住宅區。,10000,267,持分移轉,00440000
RPXNMLOKKHKGFBA97DA,臨沂段二小段,25.75,都市：其他:第三之一種住宅區。,10000,267,持分移轉,02270000
RPXNMLOKKHKGFBA97DA,臨沂段二小段,1.98,都市：其他:第三種住宅區。,10000,267,持分移轉,02270001
RPXNMLOKKHKGFBA97DA,臨沂段二小段,1.08,都市：其他:第三種住宅區。,10000,267,持分移轉,02320001
RPSNMLPJKHKGFCA57DA,西湖段二小段,.40,都市：其他:第三種住宅區。,200000,43,持分移轉,03520000
RPQNMLLLKHKGFCA27EA,康寧段三小段,28.10,都市：其他:第三種住宅區。,10000,57,持分移轉,05130000
RPPNMLSKKHKGFCA77EA,長安段三小段,47.57,都市：其他:第三種住宅區。,7,1,持分移轉,02630000
RPRNMLLLKHKGFCA27DA,東湖段七小段,.33,都市：其他:第三種住宅區。,10000,1,持分移轉,00630000
RPOOMLKLKHKGFCA96DA,康寧段三小段,.79,都市：其他:第三種住宅區。,10000,2,持分移轉,01560000
RPSNMLLLKHKGFCA37DA,東湖段七小段,.23,都市：其他:第三種住宅區。,10000,1,持分移轉,00590000
RPPNMLNKKHKGFDA27DA,逸仙段二小段,9.39,都市：其他:第四種住宅區。,10000,51,持分移轉,00700000
RPPNMLOLKHKGFCA47EA,長安段二小段,3.82,都市：其他:第參種商業區(依都市計畫說明書圖規定辦理，始得作第參種商業區使用)(原屬第壹種商業區)。,10000,124,持分移轉,02120000
RPPNMLOLKHKGFCA47EA,長安段二小段,3.72,都市：其他:第參種商業區(依都市計畫說明書圖規定辦理，始得作第參種商業區使用)(原屬第參種住宅區及第壹種商業區應依建築線或俟地籍測量分割後，再確定)。,10000,124,持分移轉,02310000
RPPNMLPLKHKGFEA77EA,福順段一小段,31.25,都市：其他:第三之二種住宅區。,4,1,持分移轉,01490000
RPPNMLRKKHKGFCA57DA,中山段一小段,.18,都市：其他:第肆種商業區(依都市計畫說明書圖規定辦理，始得作第肆種商業區使用)(原屬第參種商業區)。,1000000000,100151,持分移轉,04080000
RPWQMLRKKHKGFAA38DA,景美段二小段,25.90,都市：其他:第三種住宅區。,1670,259,持分移轉,02710000
RPPOMLNKKHKGFDA37DA,犂和段二小段,.05,都市：其他:第三種住宅區。,10000,1,持分移轉,05700000
RPQNMLOLKHKGFDA67EA,西松段三小段,2.98,都市：其他:第三之一種住宅區(特)。,494592,2722,持分移轉,05830000
RPPNMLNLKHKGFCA27DA,碧湖段三小段,1.60,都市：其他:第一種商業區。,10000,10,持分移轉,07150000
SPPOMLOLKHKGFAA37DA,景美段三小段,29.50,都市：其他:第三種商業區(特),2,1,持分移轉,00860000
RPSNMLPLKHKGFAA57DA,永昌段一小段,7.00,都市：其他:第三種住宅區。,1,1,全筆移轉,01210001
RPSNMLPLKHKGFAA57DA,永昌段一小段,4.00,都市：其他:道路用地(公共設施用地)。56/9/9,1,1,全筆移轉,01210002
RPRNMLPLKHKGFAA47DA,博嘉段四小段,7.54,都市：其他:第二種住宅區。,352,2,持分移轉,00040000
RPPOMLOLKHKGFAA27DA,景美段三小段,2.00,都市：其他:第三種商業區(特),2,1,持分移轉,00840000
RPSOMLSKKHKGFBA97DA,城中段三小段,.08,都市：其他:第四種商業區。,100000,5,持分移轉,01160000
RPQNMLNKKHKGFDA37DA,雅祥段二小段,12.00,都市：其他:第三種住宅區。,8,1,持分移轉,02220000
RPQNMLNKKHKGFDA37DA,雅祥段二小段,8.25,都市：其他:第三種住宅區。,8,1,持分移轉,02230000
RPQNMLNKKHKGFDA37DA,雅祥段二小段,9.25,都市：其他:第三種住宅區。,8,1,持分移轉,02250000
RPSNMLOKKHKGFBA47DA,福星段二小段,12.86,都市：其他:第四種商業區。,5982388,17781,持分移轉,05510000
RPROMLPLKHKGFCA77DA,德惠段二小段,.73,都市：其他:第三之二種住宅區。,10000,184,持分移轉,00200000
RPROMLPLKHKGFCA77DA,德惠段二小段,12.18,都市：其他:第三之二種住宅區。,10000,184,持分移轉,00200001
RPROMLPLKHKGFCA77DA,德惠段二小段,.01,都市：其他:第三之一種住宅區。,10000,184,持分移轉,00200002
RPROMLPLKHKGFCA77DA,德惠段二小段,.20,都市：其他:道路用地(公共設施用地)。69/2/22,10000,184,持分移轉,00200003
RPXNMLOLKHKGFEA38DA,溪洲段一小段,5.12,都市：其他:公園用地(公共設施用地)(將來採區段徵收方式辦理整體開發)。82/1/5,48,2,持分移轉,01380000
RPXNMLOLKHKGFEA38DA,溪洲段一小段,.96,都市：其他:公園用地(公共設施用地)(將來採區段徵收方式辦理整體開發)。82/1/5,48,2,持分移轉,01380002
RPXNMLOLKHKGFEA38DA,溪洲段三小段,36.81,都市：其他:住宅區(細部計畫尚未完成，尚未能准許依變更後計畫用途使用) 但是否在道路用地(公共設施用地)(應依建築線或俟地籍測量分割後，再確定)。,32,2,持分移轉,01500000
RPXNMLOLKHKGFEA38DA,溪洲段三小段,2.06,都市：其他:住宅區(細部計畫尚未完成，尚未能准許依變更後計畫用途使用)。,32,2,持分移轉,01510000
RPXNMLOLKHKGFEA38DA,溪洲段三小段,3.19,都市：其他:住宅區(細部計畫尚未完成，尚未能准許依變更後計畫用途使用)。,32,2,持分移轉,01520000
RPXNMLOLKHKGFEA38DA,溪洲段三小段,2.31,都市：其他:住宅區(細部計畫尚未完成，尚未能准許依變更後計畫用途使用)。,32,2,持分移轉,01530000
RPXNMLOLKHKGFEA38DA,溪洲段一小段,23.38,都市：其他:交通用地(公共設施用地) 但是否在公園用地(公共設施用地)(應依建築線或俟地籍測量分割後，再確定將來採區段徵收方式辦理整體開發)。,48,2,持分移轉,01870000
RPUOMLRJKHKGFDA18DA,敦化段二小段,11.89,都市：其他:第參種商業區(依都市計畫說明書圖規定辦理，始得作第參種商業區使用)(原屬第貳種商業區)。,100000,4043,持分移轉,02860000
RPUOMLRJKHKGFDA18DA,敦化段二小段,31.21,都市：其他:第參種商業區(依都市計畫說明書圖規定辦理，始得作第參種商業區使用)(原屬第參種住宅區)。,100000,4043,持分移轉,02910000
RPSNMLKLKHKGFAA07DA,實踐段一小段,30.15,都市：其他:第三種住宅區。,10000,165,持分移轉,02920000
RPSNMLTKKHKGFBA97DA,莒光段四小段,27.00,都市：其他:第三之二種住宅區(特)。,2,1,持分移轉,11290000
RPSNMLTKKHKGFBA97DA,莒光段四小段,8.00,都市：其他:道路用地(公共設施用地)。62/8/29,2,1,持分移轉,11290001
RPPNMLPLKHKGFCA57EA,德惠段二小段,7.49,都市：其他:道路用地(公共設施用地)。56/10/5,299880,4760,持分移轉,01710000
RPSNMLSKKHKGFCA97DA,東湖段七小段,17.43,都市：其他:第三種住宅區。,10000,96,持分移轉,01100000
RPWOMLLLJHKGFCA77DA,正義段一小段,10.01,都市：其他:第肆種商業區(依都市計畫說明書圖規定辦理，始得作第肆種商業區使用)(原屬第參種住宅區)。,10000,451,持分移轉,02400000
RPSNMLTKKHKGFAA87DA,萬芳段四小段,1.71,都市：其他:第二種住宅區。,18,1,持分移轉,01200000
RPSNMLTKKHKGFAA87DA,萬芳段四小段,2.42,都市：其他:第二種住宅區。,18,1,持分移轉,01210000
RPQNMLOJKHKGFDA37DA,寶清段四小段,4.42,都市：其他:聯合開發區(捷)。,100000,220,持分移轉,05990000
RPQOMLMKKHKGFDA37DA,南港段四小段,2.11,都市：其他:第三種住宅區。,10000,5,持分移轉,01210000
RPPNMLSKKHKGFCA67DA,中山段一小段,23.11,都市：其他:第肆種商業區(依都市計畫說明書圖規定辦理，始得作第肆種商業區使用)(原屬第參種商業區)。,9,1,持分移轉,01480000
RPQNMLPJKHKGFFA67DA,通化段四小段,14.15,都市：其他:第三種商業區(特)(遷)(依都市計畫說明書圖規定辦理，始得作第參種商業區使用)(原屬第參種住宅區)。,10000,104,持分移轉,04550000
RPRNMLMKKHKGFDA37DA,三興段一小段,.15,都市：其他:第參種商業區(依都市計畫說明書圖規定辦理，始得作第參種商業區使用)(原屬第貳種商業區)。,10000,1,持分移轉,10920000
RPWNMLTKKHKGFEA78EA,大業段二小段,.02,都市：其他:第三種住宅區。,20000,1,持分移轉,06680000
RPWNMLTKKHKGFEA78EA,大業段二小段,7.67,都市：其他:第三種商業區。,20000,365,持分移轉,06760000
RPXNMLTKKHKGFEA88EA,光華段二小段,30.00,都市：其他:道路用地(公共設施用地)。68/12/28,1,1,全筆移轉,10020001
RPVNMLTKKHKGFCA38DA,大湖段二小段,13.37,都市：其他:第壹種商業區(依都市計畫說明書圖規定辦理，始得作第壹種商業區使用)(原屬第參之壹種住宅區)。,100000,823,持分移轉,02130001
RPVNMLTKKHKGFCA38DA,大湖段二小段,10.95,都市：其他:第壹種商業區(依都市計畫說明書圖規定辦理，始得作第壹種商業區使用)(原屬第參種住宅區)。,100000,823,持分移轉,02180000
RPVNMLTKKHKGFCA38DA,大湖段二小段,7.48,都市：其他:第壹種商業區(依都市計畫說明書圖規定辦理，始得作第壹種商業區使用)(原屬第貳種住宅區)。,100000,823,持分移轉,02240000
RPVNMLTKKHKGFCA38DA,康寧段一小段,.11,都市：其他:第壹種商業區(依都市計畫說明書圖規定辦理，始得作第壹種商業區使用)(原屬第參之壹種住宅區)。,100000,823,持分移轉,02290005
RPPOMLSKKHKGFAA57DA,河堤段二小段,7.18,都市：其他:第參種商業區(依都市計畫說明書圖規定辦理，始得作第參種商業區使用)(原屬第貳種商業區)。,100000,782,持分移轉,01430000
RPPNMLSKJHKGFDA67DA,吳興段二小段,25.10,都市：其他:第三種住宅區。,10000,480,持分移轉,02760000
RPVNMLMLJHKGFDA77DA,虎林段四小段,.09,都市：其他:第參種商業區(依都市計畫說明書圖規定辦理，始得作第參種商業區使用)(原屬第肆種住宅區)。,100000,11,持分移轉,00970000
RPSNMLQKKHKGFCA77DA,文德段四小段,.00,都市：其他:第三種商業區。,5220000,4,持分移轉,00210000
RPVOMLNJKHKGFEA97DA,永新段三小段,20.61,都市：其他:第一種商業區。,10000,351,持分移轉,04220000
RPROMLOKKHKGFEA77DA,大業段四小段,12.87,都市：其他:第三之一種住宅區。,10000,217,持分移轉,02370000
RPQNMLKKKHKGFCA96DA,中山段三小段,10.94,都市：其他:第肆種商業區(依都市計畫說明書圖規定辦理，始得作第肆種商業區使用)(原屬第參種商業區)。,10000,72,持分移轉,01430000
RPUOMLOKJHKGFFA08DA,金華段三小段,7.69,都市：其他:第參種商業區(依都市計畫說明書圖規定辦理，始得作第參種商業區使用)(原屬第貳種商業區)。,20000,576,持分移轉,02160000
RPPNMLKLKHKGFBA96EA,玉泉段一小段,18.09,都市：其他:第三種商業區。,100000,934,持分移轉,08740000
RPQNMLKLKHKGFBA07EA,莒光段四小段,20.90,都市：其他:第三種住宅區。,5050,1015,持分移轉,08340000
RPRNMLKLKHKGFBA17EA,莒光段四小段,45.00,都市：其他:第三種住宅區。,1,1,全筆移轉,09000000
RPQNMLKLKHKGFFA47EA,仁愛段一小段,8.24,都市：其他:第參種商業區(依都市計畫說明書圖規定辦理，始得作第參種商業區使用)(原屬第貳種商業區)。,10000,160,持分移轉,06360000
RPVNMLKLKHKGFAA37DA,南海段一小段,1.55,都市：其他:第參種商業區(依都市計畫說明書圖規定辦理，始得作第參種商業區使用)(原屬第貳種商業區)。,400,62,持分移轉,03510000
RPVNMLKLKHKGFAA37DA,南海段一小段,21.86,都市：其他:第參種商業區(依都市計畫說明書圖規定辦理，始得作第參種商業區使用)(原屬第參種住宅區)。,400,62,持分移轉,03510001
RPVNMLKLKHKGFAA37DA,南海段一小段,.62,都市：其他:道路用地(公共設施用地)。62/6/22,400,62,持分移轉,03510003
RPOPMLLLJHKGFBA96DA,漢中段一小段,24.67,都市：其他:第四種商業區。,6,1,持分移轉,07670000
RPOPMLLLJHKGFBA96DA,漢中段一小段,15.17,都市：其他:第四種商業區。,6,1,持分移轉,07740000
RPRNMLOLJHKGFBA37DA,迪化段一小段,11.60,都市：其他:特定專用區(供一般商業使用)。,100000,4735,持分移轉,05750000
RPQNMLPJKHKGFBA27DA,市府段二小段,6.66,都市：其他:第三種商業區。,10000,79,持分移轉,09100000
RPQNMLOJKHKGFAA07DA,興泰段一小段,11.55,都市：其他:第三種住宅區。,10000,51,持分移轉,05100000
RPQNMLOJKHKGFAA07DA,興泰段一小段,1.36,都市：其他:第二種住宅區。,10000,51,持分移轉,08060000
RPQNMLOJKHKGFAA07DA,興泰段一小段,.59,都市：其他:第二種住宅區。,10000,51,持分移轉,08150000
RPQNMLOJKHKGFAA07DA,興泰段一小段,46.83,都市：其他:第二種住宅區。,10000,51,持分移轉,08180000
RPUNMLKLKHKGFCA47DA,碧湖段四小段,3.35,都市：其他:第二種住宅區。,5292000,131310,持分移轉,01240000
RPUNMLKLKHKGFCA47DA,碧湖段四小段,1.00,都市：其他:第三種住宅區。,360000,2041,持分移轉,01300001
RPUNMLKLKHKGFCA47DA,碧湖段四小段,2.96,都市：其他:第二種住宅區。,8575,97,持分移轉,01310002
RPUNMLKLKHKGFCA47DA,碧湖段四小段,.89,都市：其他:第三種住宅區。,8575,48,持分移轉,01310003
RPUNMLKLKHKGFCA47DA,碧湖段四小段,7.55,都市：其他:第三種住宅區。,10000,510,持分移轉,01320001
RPVNMLKLKHKGFCA57DA,碧湖段四小段,2.35,都市：其他:第三種住宅區。,1176000,3566,持分移轉,01290002
RPVNMLKLKHKGFCA57DA,碧湖段四小段,.73,都市：其他:第三種住宅區。,360000,1490,持分移轉,01300001
RPVNMLKLKHKGFCA57DA,碧湖段四小段,1.32,都市：其他:第三種住宅區。,857500,7124,持分移轉,01310003
RPVNMLKLKHKGFCA57DA,碧湖段四小段,5.52,都市：其他:第三種住宅區。,10000,373,持分移轉,01320001
RPVNMLKLKHKGFCA57DA,碧湖段四小段,.65,都市：其他:第二種住宅區。,80,1,持分移轉,01330002
RPTOMLKLJHKGFDA47DA,玉成段五小段,16.32,都市：其他:第三種住宅區。,10000,201,持分移轉,05520000
RPPQMLPLKHKGFEA97DA,芝蘭段一小段,.04,都市：其他:第三種住宅區。,10000,1,持分移轉,02120000
RPUNMLLLKHKGFEA77DA,富安段一小段,154.76,都市：其他:遊樂區(細部計畫尚未完成，尚未能准許依變更後計畫用途使用)。,133788,10132,持分移轉,03300000
RPUNMLLLKHKGFEA77DA,富安段一小段,104.67,都市：其他:遊樂區(細部計畫尚未完成，尚未能准許依變更後計畫用途使用)。,133788,10132,持分移轉,03300001
RPUNMLLLKHKGFEA77DA,富安段一小段,270.53,都市：其他:遊樂區(細部計畫尚未完成，尚未能准許依變更後計畫用途使用)。,133788,10132,持分移轉,03300002
RPTNMLMKKHKGFEA67DA,立農段二小段,32.54,都市：其他:第三種住宅區。,10000,320,持分移轉,02370000
RPTNMLTKKHKGFFA48DA,復興段二小段,2.20,都市：其他:第肆種商業區(依都市計畫說明書圖規定辦理，始得作第肆種商業區使用)(原屬第肆種住宅區及第貳種商業區)。,1508478,2116,持分移轉,00060000
RPTNMLTKKHKGFFA48DA,復興段二小段,.02,都市：其他:道路用地(公共設施用地)。48/3/13,1508478,2116,持分移轉,00060001
RPUNMLTKKHKGFFA58DA,復興段二小段,2.20,都市：其他:第肆種商業區(依都市計畫說明書圖規定辦理，始得作第肆種商業區使用)(原屬第肆種住宅區及第貳種商業區)。,1508478,2116,持分移轉,00060000
RPUNMLTKKHKGFFA58DA,復興段二小段,.02,都市：其他:道路用地(公共設施用地)。48/3/13,1508478,2116,持分移轉,00060001
RPPNMLLLKHKGFAA96EA,興隆段三小段,35.50,都市：其他:第三種住宅區。,2,1,持分移轉,05430000
RPPNMLKLKHKGFAA86EA,興泰段一小段,2.98,都市：其他:第二種住宅區。,100000,20,持分移轉,00020000
RPPNMLKLKHKGFAA86EA,博嘉段三小段,4.65,都市：其他:第二種住宅區。,100000,20,持分移轉,09050000
RPUNMLQLKHKGFCA08DA,碧湖段五小段,3.21,都市：其他:第三種住宅區。,10000,9,持分移轉,00150000
RPSNMLLLKHKGFDA57EA,雅祥段四小段,21.90,都市：其他:第三種住宅區。,1000,100,持分移轉,06210000
RPSNMLMLJHKGFAA17DA,景美段五小段,11.02,都市：其他:第三種商業區。,10000,168,持分移轉,01020000
RPRNMLPLKHKGFBA57DA,莒光段二小段,32.50,都市：其他:第三種住宅區。,4,1,持分移轉,03900000
RPRNMLSJKHKGFBA67DA,青年段一小段,2.61,都市：其他:第三種住宅區。,10000,7,持分移轉,08340000
RPPOMLNKKHKGFBA17DA,福星段二小段,4.82,都市：其他:第四種商業區。,10000,70,持分移轉,04430000
RPSNMLOJKHKGFAA27DA,公訓段二小段,16.31,都市：其他:第三種住宅區。,1250,3,持分移轉,05790000
RPPOMLNLJHKGFCA27DA,中山段一小段,7.02,都市：其他:第肆種商業區(依都市計畫說明書圖規定辦理，始得作第肆種商業區使用)(原屬第參種商業區)。,100000,775,持分移轉,01750000
RPUNMLPJKHKGFDA87DA,三興段二小段,46.50,都市：其他:第三種住宅區。,8,1,持分移轉,07440000
RPPNMLKLKHKGFDA07DA,吳興段二小段,4.23,都市：其他:第三種住宅區。,280000,889,持分移轉,07750002
RPQNMLLLKHKGFDA37EA,虎林段一小段,3.00,都市：其他:第參種商業區(依都市計畫說明書圖規定辦理，始得作第參種商業區使用)(原屬第貳種商業區)。,4,2,持分移轉,07070046
RPRNMLLLKHKGFDA47EA,雅祥段四小段,21.90,都市：其他:第三種住宅區。,1000,100,持分移轉,06210000
RPQNMLLLKHKGFDA37EA,虎林段一小段,16.50,都市：其他:第參種商業區(依都市計畫說明書圖規定辦理，始得作第參種商業區使用)(原屬第參之壹種住宅區)。,4,2,持分移轉,07070080
RPUTNLOLKHKGFDA68DA,中南段四小段,10.25,都市：其他:第三種住宅區。,100000,549,持分移轉,10680000
RPSNMLRKKHKGFEA08DA,雙溪段重劃一小段,95.29,都市：其他:第一種住宅區 但是否在道路用地(公共設施用地)(應依建築線或俟地籍測量分割後，再確定)。,80,3,持分移轉,00670000
RPQNMLKLKHKGFEA27DA,天母段四小段,115.14,都市：其他:第三種住宅區。,10000,305,持分移轉,04000000
RPSQNLKKKHKGFDA67DA,延吉段一小段,6.14,都市：其他:第參種商業區(依都市計畫說明書圖規定辦理，始得作第參種商業區使用)(原屬第貳種商業區)。,10000,99,持分移轉,04410000
RPSNMLOLKHKGFEA87DA,三玉段二小段,32.57,都市：其他:第三種住宅區。,10000,666,持分移轉,04120000
RPSNMLTKKHKGFDA18DA,敦化段一小段,.85,都市：其他:第參種商業區(依都市計畫說明書圖規定辦理，始得作第參種商業區使用)(原屬第貳種商業區)。,10000,61,持分移轉,07400000
RPSNMLTKKHKGFDA18DA,敦化段一小段,.16,都市：其他:第參種商業區(依都市計畫說明書圖規定辦理，始得作第參種商業區使用)(原屬第貳種商業區)。,10000,61,持分移轉,07400001
RPSNMLTKKHKGFDA18DA,敦化段一小段,.03,都市：其他:第參種商業區(依都市計畫說明書圖規定辦理，始得作第參種商業區使用)(原屬第貳種商業區)。,10000,61,持分移轉,07400002
RPSNMLTKKHKGFDA18DA,敦化段一小段,.70,都市：其他:第參種商業區(依都市計畫說明書圖規定辦理，始得作第參種商業區使用)(原屬第貳種商業區)。,10000,61,持分移轉,07400003
RPSNMLTKKHKGFDA18DA,敦化段一小段,2.14,都市：其他:第參種商業區(依都市計畫說明書圖規定辦理，始得作第參種商業區使用)(原屬第貳種商業區)。,3490000,21289,持分移轉,07400004
RPUTMLSKKHKGFDA88DA,西松段一小段,20.39,都市：其他:第三種住宅區。,10000,962,持分移轉,05440000
RPRNMLOLKHKGFCA67EA,中山段二小段,8.83,都市：其他:第參種商業區(依都市計畫說明書圖規定辦理，始得作第參種商業區使用)(原屬第肆種住宅區) 但是否在道路用地(公共設施用地)(應依建築線或俟地籍測量分割後，再確定)。,24,1,持分移轉,03870000
RPQNMLOLKHKGFCA57EA,康寧段二小段,46.22,都市：其他:第三種住宅區。,49692,462,持分移轉,01840000
RPPNMLOLKHKGFAA27EA,萬芳段三小段,1.80,都市：其他:第三種住宅區。,10000,243,持分移轉,01340000
RPPNMLOLKHKGFAA27EA,萬芳段三小段,45.45,都市：其他:第二種住宅區 但是否在第三種住宅區(應依建築線或俟地籍測量分割後，再確定)。,10000,203,持分移轉,01420000
RPPNMLOLKHKGFAA27EA,萬芳段三小段,8.30,都市：其他:第三種住宅區。,10000,98,持分移轉,01640000
RPPNMLOLKHKGFDA57EA,寶清段四小段,6.38,都市：其他:第參種商業區(依都市計畫說明書圖規定辦理，始得作第參種商業區使用)(原屬第貳種商業區)。,16,1,持分移轉,02480000
RPQOMLOLKHKGFEA87EA,文林段四小段,22.50,都市：其他:第三種住宅區。,4,1,持分移轉,05770000
RPQOMLOLKHKGFEA87EA,文林段四小段,1.75,都市：其他:第三種住宅區。,4,1,持分移轉,05900002
RPQNMLPLKHKGFAA37DA,福和段一小段,13.57,都市：其他:第參種商業區(依都市計畫說明書圖規定辦理，始得作第參種商業區使用)(原屬第參種住宅區)。,100000,2004,持分移轉,07830000
RPWNMLOKKHKGFCA97DA,長安段一小段,5.89,都市：其他:第參種商業區(依都市計畫說明書圖規定辦理，始得作第參種商業區使用)(原屬第參種住宅區)。,1000000,29427,持分移轉,05540000
RPWNMLOKKHKGFCA97DA,長安段一小段,4.41,都市：其他:第參種商業區(依都市計畫說明書圖規定辦理，始得作第參種商業區使用)(原屬第貳種商業區)。,1000000,29427,持分移轉,05540001
RPPNMLMLKHKGFAA96DA,老泉段二小段,6190.00,都市：其他:保護區。,1,1,全筆移轉,00590000
RPRNMLOLKHKGFBA47DA,橋北段三小段,30.25,都市：其他:第三種住宅區。,4,1,持分移轉,07680000
RPRNMLNKKHKGFCA37DA,碧湖段五小段,12.72,都市：其他:第三種住宅區。,100000,567,持分移轉,00980000
RPSNMLNKKHKGFCA47DA,碧湖段五小段,9.13,都市：其他:第三種住宅區。,100000,407,持分移轉,00980000
RPTNMLLKKHKGFCA37DA,吉林段四小段,2.21,都市：其他:第肆種商業區(依都市計畫說明書圖規定辦理，始得作第肆種商業區使用)(原屬第參種商業區)。,10000,27,持分移轉,06690000
RPSNMLOJKHKGFDA57DA,信義段三小段,.35,都市：其他:特定業務區(信義計畫特定專用區)。,100000,10,持分移轉,00270001
RPROMLMLJHKGFEA57DA,陽明段一小段,72.57,都市：其他:第三種住宅區。,1,1,全筆移轉,07530000
RPUPMLPLKHKGFEA38DA,華岡段四小段,604.40,都市：其他:特定住宅區(二)。,1,1,全筆移轉,00220000
RPROMLNLJHKGFDA57DA,福德段三小段,26.75,都市：其他:第三種住宅區。,4,1,持分移轉,02460000
RPUNMLRKJHKGFEA18DA,開明段二小段,.03,都市：其他:特定觀光商業專用區。,5000,23,持分移轉,00050004
RPUNMLRKJHKGFEA18DA,新民段二小段,6.68,都市：其他:特定觀光商業專用區。,5000,23,持分移轉,04470000
RPUNMLRKJHKGFEA18DA,新民段二小段,.52,都市：其他:特定觀光商業專用區。,5000,23,持分移轉,04510000
RPUNMLRKJHKGFEA18DA,新民段二小段,.03,都市：其他:第三種住宅區。,5000,23,持分移轉,04510001
RPVQMLRKKHKGFAA28DA,萬慶段一小段,42.50,都市：其他:第參種商業區(依都市計畫說明書圖規定辦理，始得作第參種商業區使用)(原屬第參種住宅區及第參之壹種住宅區)。,4,1,持分移轉,03090000
RPQNMLNKJHKGFBA07DA,玉泉段一小段,6.25,都市：其他:第三種商業區。,10000,205,持分移轉,02530000
RPSNMLLKKHKGFBA17DA,華江段三小段,13.08,都市：其他:特定專用區(二) 但是否在道路用地(公共設施用地)(應依建築線或俟地籍測量分割後，再確定)。,20016,182,持分移轉,05950003
RPOOMLMKKHKGFBA96DA,華江段二小段,3.48,都市：其他:第三之一種住宅區。,100000,401,持分移轉,00940000
RPOOMLMKKHKGFBA96DA,華江段二小段,1.15,都市：其他:第三種住宅區。,100000,401,持分移轉,00940001
RPPOMLNKKHKGFCA27DA,碧湖段一小段,18.60,都市：其他:第三種住宅區。,10,2,持分移轉,07100000
RPOPMLKLJHKGFCA96DA,潭美段四小段,27.75,都市：其他:第三種住宅區。,4,1,持分移轉,05110000
RPWNMLSKKHKGFCA38DA,舊宗段,82.11,都市：其他:科技工業區(C區)(不得作住宅使用)。,10000,200,持分移轉,00520005
RPROMLPLKHKGFAA57DA,興泰段一小段,10.71,都市：其他:第二種住宅區。,10000,19,持分移轉,00050000
RPSNMLLMKIJGFDA57DA,吳興段二小段,25.48,都市：其他:第三種住宅區。,10000,330,持分移轉,05400000
RPPNMLQKKHKGFCA47DA,西湖段四小段,272.97,都市：其他:科技工業區(A區)(不得作住宅使用)。,100000,3318,持分移轉,01570000
RPQOMLRLKIJGFDA97DA,雅祥段四小段,10.50,都市：其他:第二種商業區及第三種住宅區 但是否在道路用地(公共設施用地)(應依建築線或俟地籍測量分割後，再確定)。,10000,48,持分移轉,04760000
RPRWMLSKKHKGFDA88DA,西松段一小段,26.99,都市：其他:第三種住宅區。,19636,117,持分移轉,00090006
RPSOMLMKKHKGFDA57DA,延吉段一小段,34.79,都市：其他:第三種住宅區。,100000,902,持分移轉,02950000
RPRPMLLLJHKGFCA37DA,吉林段一小段,24.50,都市：其他:第三種住宅區。,4,1,持分移轉,07060000
RPOOMLNJKHKGFCA07DA,中山段二小段,5.04,都市：其他:第三種商業區。,100000,476,持分移轉,01770000
RPPOMLKLJHKGFEA17DA,新民段三小段,72.72,都市：其他:第二種住宅區。,10000,1960,持分移轉,02670000
RPPOMLKLJHKGFEA17DA,新民段三小段,12.15,都市：其他:道路用地(公共設施用地)。67/11/3,10000,1960,持分移轉,02670002
RPTNMLNLJHKGFEA77DA,百齡段五小段,28.71,都市：其他:第三種住宅區。,10000,330,持分移轉,01690002
RPPNMLSJKHKGFEA77DA,文林段五小段,125.00,都市：其他:第三種住宅區。,1,1,全筆移轉,04720000
RPPNMLSJKHKGFEA77DA,文林段五小段,33.00,都市：其他:第三種住宅區。,1,1,全筆移轉,04730000
RPPNMLSJKHKGFEA77DA,文林段五小段,4.00,都市：其他:第三種住宅區。,1,1,全筆移轉,04910000
RPPNMLSJKHKGFEA77DA,文林段五小段,14.00,都市：其他:第三種住宅區。,1,1,全筆移轉,05000000
RPPNMLSJKHKGFEA77DA,文林段五小段,87.00,都市：其他:第三種住宅區。,1,1,全筆移轉,05010000
RPTNMLSKKHKGFEA28DA,蘭雅段三小段,33.25,都市：其他:第三種住宅區。,8,1,持分移轉,05410000
RPQNMLQJKHKGFEA67DA,立農段一小段,1.80,都市：其他:第三種住宅區。,100000,1511,持分移轉,06130000
RPQNMLQJKHKGFEA67DA,立農段一小段,15.91,都市：其他:第三之二種住宅區。,100000,1511,持分移轉,06140000
RPQNMLQJKHKGFEA67DA,立農段一小段,.67,都市：其他:第參種商業區(依都市計畫說明書圖規定辦理，始得作第參種商業區使用)(原屬第參種住宅區)。,100000,1511,持分移轉,06150000
RPQNMLQJKHKGFEA67DA,立農段一小段,13.42,都市：其他:第參種商業區(依都市計畫說明書圖規定辦理，始得作第參種商業區使用)(原屬第參之貳種住宅區)。,100000,1511,持分移轉,06160000
RPSNMLTKKHKGFFA38DA,懷生段二小段,12.05,都市：其他:第三種住宅區。,10000,23,持分移轉,05440000
RPSNMLTKKHKGFFA38DA,懷生段二小段,.01,都市：其他:道路用地(公共設施用地)。68/11/13,10000,23,持分移轉,05440006
RPPNMLTKKHKGFBA77EA,青年段二小段,272.76,都市：其他:第三種住宅區。,1,1,全筆移轉,03670000
RPQNMLTKKHKGFAA77EA,華興段三小段,29.50,都市：其他:第三種住宅區。,20,1,持分移轉,02720000
RPPNMLTKKHKGFCA87EA,東湖段三小段,13.84,都市：其他:第三之一種住宅區。,10000,96,持分移轉,00230001
RPSOMLSKKHKGFEA38EA,永新段二小段,20.50,都市：其他:第三種住宅區。,4,1,持分移轉,02170000
RPPOMLRKJHKGFCA57DA,榮星段二小段,6.90,都市：其他:第三之一種住宅區及第三種住宅區。,10000,125,持分移轉,04820000
RPPNMLKLKHKGFEA27EA,洲美段二小段,331.00,都市：其他:農業區。,1,1,全筆移轉,00110007
RPPNMLNJKHKGFDA17DA,南港段一小段,15.77,都市：其他:第三種商業區。,100000,765,持分移轉,13210000
RPQNMLKLKHKGFEA37EA,洲美段二小段,500.00,都市：其他:農業區。,1,1,全筆移轉,00110008
RPOOMLQJKHKGFDA47DA,敦化段二小段,5.94,都市：其他:第參種商業區(依都市計畫說明書圖規定辦理，始得作第參種商業區使用)(原屬第貳種商業區)。,10000,22,持分移轉,05090000
RPOOMLQJKHKGFDA47DA,敦化段二小段,1.51,都市：其他:第參種商業區(依都市計畫說明書圖規定辦理，始得作第參種商業區使用)(原屬第參種住宅區)。,10000,22,持分移轉,05090001
RPOOMLQJKHKGFDA47DA,敦化段二小段,.01,都市：其他:道路用地(公共設施用地)。48/3/13,10000,22,持分移轉,05090002
RPQNMLTJJHKGFFA08EA,辛亥段六小段,27.60,都市：其他:第三種住宅區。,10000,130,持分移轉,00470000
RPWNMLSKKHKGFEA58DA,新民段二小段,59.92,都市：其他:第三種住宅區。,10000,568,持分移轉,02800000
RPPPMLOJKHKGFCA37DA,北安段三小段,16.10,都市：其他:第三種住宅區。,10000,250,持分移轉,05550000
RPOOMLSKKHKGFAA47DA,河堤段二小段,8.66,都市：其他:第參種商業區(依都市計畫說明書圖規定辦理，始得作第參種商業區使用)(原屬第貳種商業區)。,100000,943,持分移轉,01430000
RPPNMLTKKHKGFFA18EA,仁愛段一小段,8.34,都市：其他:第四種住宅區。,9000,143,持分移轉,01440000
RPPNMLRKKHKGFBA47DA,延平段二小段,21.40,都市：其他:特定專用區(供特定商業使用) 但是否在道路用地(公共設施用地)(應依建築線或俟地籍測量分割後，再確定)。,10000,483,持分移轉,01290000
RPXNMLKLKHKGFAA57DA,政大段一小段,57.33,都市：其他:第二種住宅區。,100000,5002,持分移轉,00860000
RPUNMLQJKHKGFBA77DA,直興段三小段,7.78,都市：其他:第四種商業區。,10000,180,持分移轉,05140000
RPPNMLPKJHKGFCA27DA,德惠段四小段,2.93,都市：其他:第肆種商業區(依都市計畫說明書圖規定辦理，始得作第肆種商業區使用)(原屬第參種商業區)。,10000,29,持分移轉,03040000
RPOPMLLLJHKGFCA07DA,吉林段一小段,8.21,都市：其他:第貳種商業區(依都市計畫說明書圖規定辦理，始得作第貳種商業區使用)(原屬第參種住宅區)及第三種住宅區。,10000,21,持分移轉,08550000
RPSNMLMLJHKGFCA37DA,康寧段四小段,11.80,都市：其他:第三種住宅區。,10000,51,持分移轉,00380000
RPSNMLMLJHKGFCA37DA,康寧段四小段,.04,都市：其他:公園用地(公共設施用地)。63/1/5,10000,51,持分移轉,00380001
RPSNMLMLJHKGFCA37DA,康寧段四小段,.04,都市：其他:公園用地(公共設施用地)。63/1/5,10000,51,持分移轉,00380002
RPSNMLMLJHKGFCA37DA,康寧段三小段,.44,都市：其他:第三種住宅區。,10000,51,持分移轉,05500001
RPSNMLSKKHKGFDA18EA,福德段二小段,33.75,都市：其他:第三種住宅區。,4,1,持分移轉,02440000
RPRNMLTKKHKGFCA97DA,碧湖段三小段,20.00,都市：其他:第三種住宅區。,1,1,全筆移轉,02530000
RPRNMLTKKHKGFCA97DA,碧湖段三小段,224.00,都市：其他:第三種住宅區。,1,1,全筆移轉,02660000
RPTOMLRJKHKGFDA08DA,西松段一小段,17.76,都市：其他:第參種商業區(依都市計畫說明書圖規定辦理，始得作第參種商業區使用)(原屬第參種住宅區及第貳種商業區)。,80380,444,持分移轉,06180000
RPTNMLTKKHKGFDA28DA,敦化段五小段,18.00,都市：其他:第三種住宅區。,10,2,持分移轉,00120006
RPRPMLNJKHKGFEA67DA,崇仰段二小段,129.21,都市：其他:第二種住宅區。,200000,2674,持分移轉,04990000
RPRNMLQJKHKGFEA77DA,溪洲段三小段,47.04,都市：其他:道路用地(公共設施用地)(將來採區段徵收方式辦理整體開發)。100/6/8,432000,59768,持分移轉,05770000
RPRNMLQJKHKGFEA77DA,溪洲段三小段,20.20,都市：其他:堤防用地(公共設施用地)(將來係採用區段徵收之方式辦理整體開發)。80/6/5,432000,59768,持分移轉,05770001
RPRNMLQJKHKGFEA77DA,溪洲段三小段,1.80,都市：其他:堤防用地(公共設施用地)(將來係採用區段徵收之方式辦理整體開發)。80/6/5,432000,59768,持分移轉,05780000
RPRNMLQJKHKGFEA77DA,溪洲段三小段,60.87,都市：其他:堤防用地(公共設施用地)(將來係採用區段徵收之方式辦理整體開發)。80/6/5,432000,59768,持分移轉,05790000
RPRNMLSKKHKGFEA08DA,蘭雅段三小段,37.90,都市：其他:第三種住宅區。,10,1,持分移轉,04520000
RPRNMLSKKHKGFEA08DA,蘭雅段三小段,.90,都市：其他:道路用地(公共設施用地)。65/8/26,10,1,持分移轉,04530000
RPOOMLKLJHKGFFA17DA,辛亥段四小段,27.12,都市：其他:第三種住宅區。,10000,123,持分移轉,04720000
RPXOMLSKKHKGFFA88DA,大安段三小段,24.93,都市：其他:第三種住宅區。,90827,45,持分移轉,02980000
RPRNMLNLJHKGFAA17DA,河堤段六小段,1.45,都市：其他:第三種住宅區。,100000,627,持分移轉,05120000
RPRNMLNLJHKGFAA17DA,河堤段六小段,8.26,都市：其他:第二種商業區。,100000,627,持分移轉,05270000
RPPNMLTKKHKGFFA08DA,復興段三小段,.03,都市：其他:第參種商業區(依都市計畫說明書圖規定辦理，始得作第參種商業區使用)(原屬第貳種商業區)。,10000,40,持分移轉,02230001
RPPNMLTKKHKGFFA08DA,復興段三小段,13.42,都市：其他:第參種商業區(依都市計畫說明書圖規定辦理，始得作第參種商業區使用)(原屬第貳種商業區)及第四種住宅區。,10000,40,持分移轉,02990000
RPWNMLTKKHKGFEA68DA,文林段三小段,23.54,都市：其他:第參種商業區(依都市計畫說明書圖規定辦理，始得作第參種商業區使用)(原屬第參種住宅區)。,10000,111,持分移轉,00120003
RPXNMLKLKHKGFFA08DA,龍泉段一小段,13.38,都市：其他:第三種住宅區。,8,1,持分移轉,06560000
RPQNMLSKKHKGFBA77EA,延平段一小段,2.21,都市：其他:第三種商業區 但是否在道路用地(公共設施用地)(應依建築線或俟地籍測量分割後，再確定)。,24,1,持分移轉,06730000
RPQNMLSKKHKGFBA77EA,延平段一小段,2.38,都市：其他:第三種商業區 但是否在道路用地(公共設施用地)(應依建築線或俟地籍測量分割後，再確定)。,24,1,持分移轉,06740000
RPQNMLSKKHKGFBA77EA,延平段一小段,.88,都市：其他:第三種商業區 但是否在道路用地(公共設施用地)(應依建築線或俟地籍測量分割後，再確定)。,24,1,持分移轉,06750000
RPQNMLSKKHKGFBA77EA,延平段一小段,1.33,都市：其他:第三種商業區 但是否在道路用地(公共設施用地)(應依建築線或俟地籍測量分割後，再確定)。,24,1,持分移轉,06760000
RPQNMLSKKHKGFBA77EA,延平段一小段,.33,都市：其他:第三種商業區。,24,1,持分移轉,06770000
RPQNMLSKKHKGFBA77EA,延平段一小段,.79,都市：其他:第三種商業區。,24,1,持分移轉,06780000
RPQNMLSKKHKGFBA77EA,延平段一小段,.50,都市：其他:第三種商業區。,24,1,持分移轉,06790000
RPQNMLSKKHKGFBA77EA,延平段一小段,.21,都市：其他:第三種商業區。,24,1,持分移轉,06800000
RPQNMLSKKHKGFBA77EA,延平段一小段,1.96,都市：其他:第三種商業區。,24,1,持分移轉,06810000
RPQNMLSKKHKGFBA77EA,延平段一小段,1.79,都市：其他:第三種商業區。,24,1,持分移轉,06820000
RPQNMLSKKHKGFBA77EA,延平段一小段,1.04,都市：其他:第三種商業區。,24,1,持分移轉,06830000
RPQNMLSKKHKGFBA77EA,延平段一小段,.79,都市：其他:第三種商業區。,24,1,持分移轉,06840000
RPQNMLSKKHKGFBA77EA,延平段一小段,1.96,都市：其他:第三種商業區。,24,1,持分移轉,06850000
RPQNMLSKKHKGFBA77EA,延平段一小段,.75,都市：其他:第三種商業區。,24,1,持分移轉,06860000
RPQNMLSKKHKGFBA77EA,延平段一小段,1.17,都市：其他:第三種商業區。,24,1,持分移轉,06870000
RPQNMLSKKHKGFBA77EA,延平段一小段,1.42,都市：其他:第三種商業區。,24,1,持分移轉,06880000
RPQNMLSKKHKGFBA77EA,延平段一小段,.88,都市：其他:第三種商業區。,24,1,持分移轉,06890000
RPQNMLSKKHKGFBA77EA,延平段一小段,2.42,都市：其他:第三種商業區。,24,1,持分移轉,06900000
RPQNMLSKKHKGFBA77EA,延平段一小段,2.25,都市：其他:第三種商業區。,24,1,持分移轉,06910000
RPQNMLSKKHKGFBA77EA,延平段一小段,2.66,都市：其他:第三種商業區。,32,1,持分移轉,06920000
RPQNMLSKKHKGFBA77EA,延平段一小段,.62,都市：其他:第三種商業區。,32,1,持分移轉,06930000
RPQNMLSKKHKGFBA77EA,延平段一小段,.12,都市：其他:第三種商業區。,32,1,持分移轉,06940000
RPQNMLSKKHKGFBA77EA,延平段一小段,.56,都市：其他:第三種商業區。,32,1,持分移轉,06950000
RPQNMLSKKHKGFBA77EA,延平段一小段,4.50,都市：其他:第三種商業區。,16,1,持分移轉,06960000
RPQNMLSKKHKGFBA77EA,延平段一小段,.94,都市：其他:第三種商業區。,16,1,持分移轉,06970000
RPQNMLSKKHKGFBA77EA,延平段一小段,.44,都市：其他:第三種商業區。,16,1,持分移轉,06980000
RPQNMLSKKHKGFBA77EA,延平段一小段,1.94,都市：其他:第三種商業區。,16,1,持分移轉,06990000
RPQNMLSKKHKGFBA77EA,延平段一小段,2.15,都市：其他:第三種商業區。,128,5,持分移轉,07000000
RPQNMLSKKHKGFBA77EA,延平段一小段,.43,都市：其他:第三種商業區。,128,5,持分移轉,07010000
RPPNMLLLKHKGFBA07EA,公園段二小段,2.48,都市：其他:第四種商業區。,100000,49,持分移轉,01380000
RPSNMLKLKHKGFCA37EA,中山段三小段,16.17,都市：其他:第肆種商業區(依都市計畫說明書圖規定辦理，始得作第肆種商業區使用)(原屬第參種商業區)。,6,1,持分移轉,03410000
RPXNMLSKKHKGFEA68DA,行義段二小段,24.38,都市：其他:第二種住宅區。,10000,33,持分移轉,03000000
RPRNMLTKKHKGFDA18EA,雅祥段三小段,9.22,都市：其他:第參種商業區(依都市計畫說明書圖規定辦理，始得作第參種商業區使用)(原屬第貳種商業區)。,10000,99,持分移轉,00310000
RPRNMLTKKHKGFDA18EA,雅祥段三小段,.09,都市：其他:第參種商業區(依都市計畫說明書圖規定辦理，始得作第參種商業區使用)(原屬第貳種商業區)。,10000,74,持分移轉,00330000
RPRNMLTKKHKGFDA18EA,雅祥段三小段,1.29,都市：其他:第參種商業區(依都市計畫說明書圖規定辦理，始得作第參種商業區使用)(原屬第參之壹種住宅區)。,10000,99,持分移轉,00520000
RPRNMLTKKHKGFDA18EA,雅祥段三小段,2.43,都市：其他:第參種商業區(依都市計畫說明書圖規定辦理，始得作第參種商業區使用)(原屬第參種住宅區)。,10000,99,持分移轉,00520002
RPWNMLNKKIJGFCA87DA,東湖段一小段,31.02,都市：其他:第三種住宅區。,40,1,持分移轉,00210009
RPPNMLLLKHKGFDA27EA,吳興段二小段,56.68,都市：其他:第三種住宅區。,10000,219,持分移轉,07340000
RPRNMLLLKHKGFEA57EA,蘭雅段一小段,14.28,都市：其他:第三種住宅區。,20000,167,持分移轉,04530000
RPXNMLLLKHKGFEA18EA,永平段一小段,27.89,都市：其他:第三種住宅區。,10000,191,持分移轉,02130000
RPSNMLLLKHKGFEA67EA,蘭雅段二小段,28.00,都市：其他:第三種住宅區。,8,2,持分移轉,03960000
RPVNMLPKJHKGFCA87DA,康寧段三小段,12.58,都市：其他:第三種商業區。,10000,109,持分移轉,08070000
RPQNMLKLKHKGFAA86DA,興安段二小段,3.90,都市：其他:第三種住宅區。,83695,7590,持分移轉,02390000
RPQNMLKLKHKGFAA86DA,興安段二小段,28.40,都市：其他:第三種住宅區。,5,1,持分移轉,02410000
RPQNMLKLKHKGFAA86DA,興安段二小段,1.63,都市：其他:第三種住宅區。,83695,7590,持分移轉,02420000
RPRNMLOKKHKGFBA37DA,青年段二小段,1.30,都市：其他:第三之一種住宅區。,9415,67,持分移轉,00160000
RPRNMLOKKHKGFBA37DA,青年段二小段,12.83,都市：其他:第三種住宅區。,9415,67,持分移轉,00160001
RPSNMLKLJHKGFBA07DA,大同段二小段,10.69,都市：其他:第三種商業區。,10000,167,持分移轉,04360000
RPQOMLSKKHKGFBA77DA,福星段二小段,7.95,都市：其他:第四種商業區。,10000,100,持分移轉,03910000
RPUNMLTKKHKGFBA18DA,華中段四小段,.01,都市：其他:第三種住宅區。,32000,54,持分移轉,02710000
RPUNMLTKKHKGFBA18DA,華中段四小段,.20,都市：其他:道路用地(公共設施用地)。56/8/25,32000,54,持分移轉,02710001
RPUNMLTKKHKGFBA18DA,華中段四小段,11.12,都市：其他:第三種住宅區。,3200,54,持分移轉,03710000
RPXNMLKLKHKGFBA67DA,漢中段一小段,.01,都市：其他:第四種商業區。,12500,1,持分移轉,01020000
RPXNMLKLKHKGFBA67DA,漢中段一小段,.00,都市：其他:第四種商業區。,125000,1,持分移轉,01030000
RPXNMLKLKHKGFBA67DA,漢中段一小段,.01,都市：其他:第四種商業區。,12500,1,持分移轉,01040000
RPXNMLKLKHKGFBA67DA,漢中段一小段,.09,都市：其他:第四種商業區。,50000,21,持分移轉,01080000
RPXNMLKLKHKGFBA67DA,漢中段一小段,.21,都市：其他:第四種商業區。,2000,17,持分移轉,01350000
RPXNMLKLKHKGFBA67DA,漢中段一小段,.03,都市：其他:第四種商業區。,2000,17,持分移轉,01360000
RPXNMLKLKHKGFBA67DA,漢中段一小段,.00,都市：其他:第四種商業區。,12500,1,持分移轉,01370000
RPXNMLKLKHKGFBA67DA,漢中段一小段,.00,都市：其他:第四種商業區。,12500,1,持分移轉,01380000
RPXNMLKLKHKGFBA67DA,漢中段一小段,.01,都市：其他:第四種商業區。,12500,1,持分移轉,01390000
RPXNMLKLKHKGFBA67DA,漢中段一小段,1.68,都市：其他:第四種商業區。,10000,67,持分移轉,01400000
RPXNMLKLKHKGFBA67DA,漢中段一小段,.00,都市：其他:第四種商業區。,125000,1,持分移轉,01410000
RPRNMLKLKHKGFBA07DA,漢中段三小段,4.31,都市：其他:第四種商業區。,100000,116,持分移轉,08160000
RPWNMLKLJHKGFAA37DA,興安段一小段,.41,都市：其他:第二種住宅區。,10000,95,持分移轉,04060010
RPUOMLOKJHKGFCA77DA,東湖段二小段,39.44,都市：其他:第三種住宅區。,4000,142,持分移轉,00360000
RPWNMLKLJHKGFAA37DA,興安段一小段,18.34,都市：其他:第二種住宅區及第三種住宅區。,10000,95,持分移轉,04060011
RPWNMLKLJHKGFAA37DA,興安段一小段,.05,都市：其他:第三種住宅區。,10000,95,持分移轉,04060012
RPWNMLKLJHKGFAA37DA,興安段一小段,2.00,都市：其他:第三種住宅區。,10000,95,持分移轉,04070000
RPWNMLKLJHKGFAA37DA,興安段一小段,3.87,都市：其他:第三種住宅區。,10000,95,持分移轉,04080000
RPWNMLKLJHKGFAA37DA,興安段一小段,.54,都市：其他:第三種住宅區。,10000,95,持分移轉,04080001
RPPNMLKLKHKGFCA96DA,吉林段五小段,12.76,都市：其他:第三種住宅區。,10000,476,持分移轉,01500000
RPUOMLMJJHKGFCA47DA,榮星段三小段,19.59,都市：其他:第參種商業區(依都市計畫說明書圖規定辦理，始得作第參種商業區使用)(原屬第參種住宅區及第參之貳種住宅區)。,10000,111,持分移轉,04320000
RPPNMLKLKHKGFCA07EA,文德段二小段,35.50,都市：其他:第三種住宅區。,193620,1755,持分移轉,04050000
RPQNMLKLKHKGFCA17EA,金泰段,26.85,都市：其他:商業區(供一般商業使用不得作住宅使用)。,10000,108,持分移轉,00960000
RPXNMLKLKHKGFCA77DA,碧湖段二小段,33.20,都市：其他:第三種住宅區。,5,1,持分移轉,06000000
RPVOMLKLKHKGFCA67DA,德惠段四小段,5.86,都市：其他:第肆種商業區(依都市計畫說明書圖規定辦理，始得作第肆種商業區使用)(原屬第參種商業區)。,10000,58,持分移轉,03040000
RPRNMLKLKHKGFEA37DA,桃源段二小段,36.78,都市：其他:第三種住宅區。,10000,281,持分移轉,02460000
RPQPMLNJKHKGFEA57DA,天山段二小段,15.82,都市：其他:第二種住宅區。,10000,118,持分移轉,00290000
RPVNMLLLKHKGFEA87DA,陽明段二小段,.11,都市：其他:第一種商業區。,10000,2,持分移轉,04930000
RPUNMLKLKHKGFEA67DA,三玉段二小段,17.11,都市：其他:第三種住宅區。,10000,162,持分移轉,01490000
RPUNMLKLKHKGFEA67DA,三玉段二小段,5.75,都市：其他:第三種住宅區。,10000,162,持分移轉,01500000
RPUNMLKLKHKGFEA67DA,三玉段二小段,.44,都市：其他:第三種住宅區。,10000,162,持分移轉,01560000
RPUNMLKLKHKGFEA67DA,三玉段二小段,1.78,都市：其他:第三種住宅區。,10000,162,持分移轉,01570000
RPVOMLNJKHKGFCA77DA,文德段二小段,4.08,都市：其他:第三種住宅區。,100000,507,持分移轉,02240025
RPVOMLNJKHKGFCA77DA,文德段二小段,7.47,都市：其他:第三之一種住宅區。,100000,507,持分移轉,02270000
RPROMLKKJHKGFCA07DA,正義段三小段,17.45,都市：其他:第肆種商業區(依都市計畫說明書圖規定辦理，始得作第肆種商業區使用)(原屬第參種商業區)。,10000,1148,持分移轉,04290000
RPQPMLNKJHKGFCA37DA,文德段三小段,7.67,都市：其他:第二種住宅區。,100000,2482,持分移轉,00100001
RPQPMLNKJHKGFCA37DA,文德段三小段,24.25,都市：其他:第三之一種住宅區。,100000,2482,持分移轉,00100006
RPQPMLNKJHKGFCA37DA,文德段三小段,4.49,都市：其他:第三之一種住宅區。,100000,2482,持分移轉,00100009
RPRNMLMKKHKGFCA27DA,長春段二小段,37.58,都市：其他:第三種住宅區。,10000,173,持分移轉,07920000
RPWQMLSKKHKGFDA78DA,敦化段一小段,26.03,都市：其他:第三種住宅區。,10000,71,持分移轉,03970000
RPSOMLKKJHKGFCA17DA,中山段二小段,3.66,都市：其他:第三種商業區。,100000,435,持分移轉,01020000
RPPNMLPLKIJGFAA27DA,興隆段三小段,15.09,都市：其他:第三種住宅區。,10000,192,持分移轉,05110000
RPUNMLLLKHKGFEA87EA,百齡段六小段,14.25,都市：其他:第三種住宅區。,8,1,持分移轉,02330000
RPUNMLLLKHKGFEA87EA,百齡段六小段,2.75,都市：其他:道路用地(公共設施用地)。47/11/10,8,1,持分移轉,02340000
RPVNMLLLKHKGFEA97EA,光華段二小段,2.40,都市：其他:第三種住宅區。,288,6,持分移轉,07220001
RPVNMLLLKHKGFEA97EA,光華段二小段,2.69,都市：其他:第三種住宅區。,288,6,持分移轉,07220002
RPVNMLLLKHKGFEA97EA,光華段二小段,15.33,都市：其他:第三種住宅區。,24,1,持分移轉,07220003
RPVNMLLLKHKGFEA97EA,光華段二小段,1.79,都市：其他:第三之二種住宅區。,288,6,持分移轉,07220006
RPVNMLLLKHKGFEA97EA,光華段二小段,13.71,都市：其他:第三之二種住宅區。,24,1,持分移轉,07220007
RPTNMLLLKHKGFEA77EA,天母段一小段,42.00,都市：其他:第三種住宅區。,10,1,持分移轉,00600000
RPPNMLLLKHKGFEA37EA,立農段三小段,27.44,都市：其他:第三種住宅區。,1000,35,持分移轉,05160000
RPOOMLLLKHKGFEA37EA,蘭雅段一小段,22.71,都市：其他:第參種工業區(不得作住宅使用)。,10000,69,持分移轉,06430000
RPUOMLLLKHKGFBA57DA,玉泉段一小段,1.94,都市：其他:第三種商業區 但是否在道路用地(公共設施用地)(應依建築線或俟地籍測量分割後，再確定)。,10000,37,持分移轉,01940000
RPUOMLLLKHKGFBA57DA,玉泉段一小段,.04,都市：其他:第三種商業區。,10000,37,持分移轉,01960000
RPUOMLLLKHKGFBA57DA,玉泉段一小段,.23,都市：其他:第三種商業區。,10000,37,持分移轉,01970000
RPSNMLKLKHKGFCA27DA,榮星段二小段,.03,都市：其他:第三之一種住宅區及第三種住宅區。,10000,57,持分移轉,00060000
RPSNMLKLKHKGFCA27DA,榮星段二小段,.02,都市：其他:第三之一種住宅區。,10000,57,持分移轉,00070000
RPSNMLKLKHKGFCA27DA,榮星段二小段,.05,都市：其他:第三種住宅區。,10000,57,持分移轉,00080000
RPSNMLKLKHKGFCA27DA,榮星段二小段,.27,都市：其他:第三種住宅區。,10000,57,持分移轉,00080002
RPSNMLKLKHKGFCA27DA,榮星段二小段,.04,都市：其他:第三種住宅區。,10000,57,持分移轉,00090001
RPSNMLKLKHKGFCA27DA,榮星段二小段,28.85,都市：其他:第三之一種住宅區及第三種住宅區。,10000,57,持分移轉,00220000
RPSNMLKLKHKGFCA27DA,榮星段二小段,2.74,都市：其他:第三之一種住宅區。,10000,57,持分移轉,00230000
RPSNMLKLKHKGFCA27DA,榮星段二小段,.02,都市：其他:第三種住宅區。,10000,57,持分移轉,03700001
RPSNMLKLKHKGFCA27DA,榮星段二小段,.06,都市：其他:第三種住宅區。,10000,57,持分移轉,03710001
RPSOMLQLKIJGFCA97DA,西湖段一小段,38.63,都市：其他:第三種住宅區。,99343,224,持分移轉,02780000
RPXNMLKKKHKGFAA47DA,景美段五小段,7.13,都市：其他:第三種商業區。,10000,82,持分移轉,00320000
RPSPMLMKKHKGFCA57DA,文德段三小段,20.86,都市：其他:第三種住宅區。,10000,88,持分移轉,02680000
RPTOMLPJKHKGFCA77DA,中山段三小段,.30,都市：其他:第肆種商業區(依都市計畫說明書圖規定辦理，始得作第肆種商業區使用)(原屬第參種商業區)。,10000,2,持分移轉,01430000
RPUNMLLLJHKGFDA57DA,寶清段二小段,6.42,都市：其他:第三種商業區。,10000,163,持分移轉,04050000
RPPNMLLLJHKGFAA86EA,萬芳段三小段,21.48,都市：其他:第三種住宅區。,50000,420,持分移轉,05770000
RPUNMLMJJHKGFDA47DA,吳興段三小段,30.45,都市：其他:第三種住宅區。,10000,140,持分移轉,07370010
RPRNMLOJKHKGFDA47DA,寶清段七小段,3.87,都市：其他:第三種商業區。,10000,22,持分移轉,07080000
RPPOMLKLJHKGFFA27DA,復興段一小段,60.67,都市：其他:第四之一種住宅區(特)。,6,2,持分移轉,01870000
RPVNMLSKKHKGFEA48DA,桃源段五小段,25.75,都市：其他:第三種住宅區。,30000,633,持分移轉,01070000
RPWNMLOLKHKGFEA28DA,百齡段五小段,29.60,都市：其他:第三種住宅區。,5,1,持分移轉,01780000
RPPNMLSKKHKGFAA47DA,永昌段四小段,46.50,都市：其他:第三種住宅區。,2,1,持分移轉,04090000
RPSNMLOLKHKGFCA77EA,西湖段一小段,22.77,都市：其他:第三種住宅區。,10000,521,持分移轉,00520052
RPPNMLQKJHKGFCA47EA,中山段一小段,87.67,都市：其他:第肆種商業區(依都市計畫說明書圖規定辦理，始得作第肆種商業區使用)(原屬第參種商業區)。,10000,711,持分移轉,08690000
RPXNMLNLJHKGFBA87DA,延平段二小段,2.29,都市：其他:特定專用區(供一般商業使用)。,9810,202,持分移轉,06010000
RPXNMLNLJHKGFBA87DA,延平段二小段,4.74,都市：其他:特定專用區(供一般商業使用)。,205200,4227,持分移轉,06020000
RPQNMLNLKHKGFCA37DA,正義段二小段,2.49,都市：其他:第肆種商業區(依都市計畫說明書圖規定辦理，始得作第肆種商業區使用)(原屬第參種商業區)。,10000,40,持分移轉,02210000
RPQNMLPLKHKGFCA57DA,西湖段一小段,25.00,都市：其他:第三種住宅區。,4,1,持分移轉,03850000
RPRNMLPLKHKGFCA67DA,東湖段一小段,8.95,都市：其他:第三種住宅區。,100000,293,持分移轉,00150002
RPQNMLLKKHKGFDA27EA,寶清段一小段,67.28,都市：其他:第三種商業區。,10000,709,持分移轉,01350000
RPXNMLNLJHKGFDA08DA,新光段二小段,14.80,都市：其他:住宅區。,38000,14,持分移轉,04090000
RPRNMLSJKHKGFDA87DA,南港段一小段,67.41,都市：其他:第三種住宅區。,20000,1192,持分移轉,06140000
RPTNMLKMKIJGFDA57DA,虎林段四小段,26.80,都市：其他:第三種住宅區。,10,1,持分移轉,07520000
RPUOMLLLJHKGFDA67DA,玉成段三小段,13.71,都市：其他:第三種住宅區。,100000,364,持分移轉,09040000
RPUOMLLLJHKGFDA67DA,玉成段三小段,6.94,都市：其他:第壹種商業區(依都市計畫說明書圖規定辦理，始得作第壹種商業區使用)(原屬第參之壹種住宅區)。,100000,364,持分移轉,09050000
RPWNMLOKJHKGFCA87DA,康寧段三小段,19.99,都市：其他:第三種住宅區。,1000000,8938,持分移轉,04920000
RPOOMLQLKIJGFDA67DA,逸仙段二小段,18.07,都市：其他:第四種住宅區。,50000,372,持分移轉,02380000
RPOWMLRKKHKGFDA48DA,西松段一小段,8.30,都市：其他:第參種商業區(依都市計畫說明書圖規定辦理，始得作第參種商業區使用)(原屬第參種住宅區及第貳種商業區)。,28550,83,持分移轉,06090000
RPPNMLPLKHKGFAA37EA,政大段一小段,45.64,都市：其他:第二種住宅區。,10000,1073,持分移轉,00220000
RPQNMLKLJHKGFFA27DA,學府段四小段,11.45,都市：其他:第三之二種住宅區及第三種住宅區。,10000,56,持分移轉,00700000
RPRWNLOLKHKGFDA68DA,玉成段三小段,2.09,都市：其他:第三之一種住宅區。,10000,331,持分移轉,06130000
RPRWNLOLKHKGFDA68DA,玉成段三小段,34.59,都市：其他:第三種住宅區。,10000,331,持分移轉,06130001
RPVNMLRKJHKGFEA28DA,溫泉段一小段,2.66,都市：其他:第三種商業區。,10000,28,持分移轉,02590000
RPVNMLRKJHKGFEA28DA,溫泉段一小段,5.13,都市：其他:第三種住宅區。,10000,28,持分移轉,02630000
RPTNMLQJKHKGFFA08DA,瑞安段二小段,10.68,都市：其他:第三種住宅區。,10000,126,持分移轉,02380000
RPQPMLLLJHKGFDA37DA,犂和段二小段,6.83,都市：其他:第三種住宅區。,10000,115,持分移轉,05990000
RPQNMLLKKHKGFFA37DA,復興段三小段,28.19,都市：其他:第四種住宅區。,10000,64,持分移轉,04210002
RPTNMLOLKHKGFCA87EA,金泰段,16.12,都市：其他:住宅區(供住宅使用)。,10000,109,持分移轉,00550007
RPPNMLNKKHKGFAA96DA,興泰段一小段,36.76,都市：其他:第二種住宅區。,100000,232,持分移轉,08020000
RPPNMLNKKHKGFAA96DA,興泰段一小段,1.09,都市：其他:第二種住宅區。,100000,232,持分移轉,08040000
RPPNMLNKKHKGFAA96DA,興泰段一小段,9.37,都市：其他:第二種住宅區。,100000,232,持分移轉,08200000
RPRNMLNLJHKGFEA57DA,立農段二小段,23.12,都市：其他:第三種住宅區。,10000,69,持分移轉,01100003
RPSNMLKLJHKGFEA37DA,百齡段六小段,37.00,都市：其他:第三種住宅區。,4,1,持分移轉,05410000
RPQNMLLLJHKGFFA37DA,懷生段三小段,43.75,都市：其他:第三種住宅區。,4,1,持分移轉,05140000
RPPNMLOLJHKGFFA57DA,龍泉段二小段,29.49,都市：其他:第三種住宅區。,35,8,持分移轉,08360000
RPPNMLTKKHKGFAA67EA,頭廷段二小段,53.02,都市：其他:第二種住宅區。,10000,64,持分移轉,04820001
RPRNMLTKKHKGFAA77DA,公訓段三小段,23.08,都市：其他:第三種住宅區。,9000,161,持分移轉,03380000
RPRNMLTKKHKGFAA77DA,公訓段三小段,2.16,都市：其他:第三種住宅區。,9000,161,持分移轉,03390000
RPWNMLLLJHKGFBA57DA,龍山段二小段,8.61,都市：其他:第三種商業區。,10000,312,持分移轉,02160000
RPRNMLKLJHKGFAA86DA,萬慶段二小段,23.00,都市：其他:第一種商業區。,20,2,持分移轉,06500000
RPPNMLOKJHKGFCA17DA,西湖段二小段,17.66,都市：其他:第三種住宅區。,100000,934,持分移轉,03530000
RPROMLSKKHKGFCA97DA,長春段二小段,25.00,都市：其他:第三種住宅區。,2401,25,持分移轉,00780000
RPQNMLRKJHKGFDA67DA,寶清段四小段,4.34,都市：其他:聯合開發區(捷)。,100000,216,持分移轉,05990000
RPWNMLKLJHKGFEA77DA,豐年段二小段,15.75,都市：其他:第三種住宅區。,4,1,持分移轉,01580000
RPPNMLMKKHKGFDA17DA,中南段四小段,10.44,都市：其他:第三種住宅區。,100000,559,持分移轉,10680000
RPQNMLLLKHKGFDA27DA,雅祥段三小段,29.25,都市：其他:第三種住宅區。,4,1,持分移轉,03910000
RPWNMLKLKHKGFAA47DA,木柵段一小段,16.30,都市：其他:第三種住宅區。,10000,311,持分移轉,05980000
RPQNMLNJKHKGFFA47DA,通化段六小段,10.77,都市：其他:第參種商業區(依都市計畫說明書圖規定辦理，始得作第參種商業區使用)(原屬第貳種商業區)。,1000,11,持分移轉,05890000
RPPOMLMLJHKGFDA37EA,敦化段一小段,16.85,都市：其他:第參種商業區(依都市計畫說明書圖規定辦理，始得作第參種商業區使用)(原屬第參種住宅區及第參之貳種住宅區應依建築線或俟地籍測量分割後，再確定)。,83198,510,持分移轉,02320002
RPUNMLKLKHKGFDA57DA,向陽段,10.48,都市：其他:商業區(供一般商業使用不得作住宅使用)。,10000,178,持分移轉,00130011
RPTNMLQJKHKGFBA67DA,華中段二小段,26.75,都市：其他:第三種住宅區。,4,1,持分移轉,06410000
RPTNMLQJKHKGFBA67DA,華中段二小段,5.75,都市：其他:道路用地(公共設施用地)。56/8/25,4,1,持分移轉,06420000
RPRNMLKKKHKGFCA07DA,北安段二小段,73.93,都市：其他:第三種住宅區。,10000,439,持分移轉,06010000
RPWOMLRKJHKGFCA28DA,榮星段五小段,37.54,都市：其他:第三種住宅區。,10000,190,持分移轉,02220000
RPVNMLKKKHKGFEA67DA,百齡段二小段,54.25,都市：其他:第參種工業區(不得作住宅使用)。,120,10,持分移轉,01260000
RPQOMLKLKHKGFCA17DA,石潭段三小段,32.00,都市：其他:第三種住宅區。,100000,647,持分移轉,06580000
RPSNMLOKJHKGFBA37DA,福星段二小段,3.85,都市：其他:第四種商業區。,100000,650,持分移轉,03680000
RPRNMLOLKHKGFCA57DA,吉林段三小段,3.45,都市：其他:第肆種商業區(依都市計畫說明書圖規定辦理，始得作第肆種商業區使用)(原屬第參種商業區)。,90000,44,持分移轉,09210000
RPRNMLOLKHKGFCA57DA,吉林段三小段,.01,都市：其他:道路用地(公共設施用地)。53/7/15,90000,44,持分移轉,09210006
RPWNMLRKKHKGFCA28DA,北安段三小段,32.08,都市：其他:第三種住宅區。,10000,734,持分移轉,07720000
RPVNMLOLKHKGFAA77DA,萬隆段一小段,20.58,都市：其他:第參種商業區(依都市計畫說明書圖規定辦理，始得作第參種商業區使用)(原屬第參之壹種住宅區)。,12,1,持分移轉,03250000
RPPNMLRJKHKGFCA47DA,正義段三小段,10.29,都市：其他:第三種商業區。,10000,191,持分移轉,05420000
RPXNMLLLKHKGFDA97DA,三興段三小段,11.21,都市：其他:第參種商業區(依都市計畫說明書圖規定辦理，始得作第參種商業區使用)(原屬第貳種商業區)。,100000,774,持分移轉,05630000
RPXNMLLLKHKGFDA97DA,三興段三小段,.10,都市：其他:第三種住宅區。,100000,774,持分移轉,05630003
RPXNMLLLKHKGFDA97DA,三興段三小段,.53,都市：其他:第三種住宅區。,100000,547,持分移轉,05770000
RPRNMLLLKHKGFDA37DA,民生段,8.40,都市：其他:住宅用地(民生社區特定專用區)。,10,1,持分移轉,01160009
RPRNMLLLKHKGFDA37DA,民生段,17.90,都市：其他:住宅用地(民生社區特定專用區)。,10,1,持分移轉,01160038
RPXNMLNKJHKGFFA18DA,仁愛段五小段,4.76,都市：其他:第肆種商業區(依都市計畫說明書圖規定辦理，始得作第肆種商業區使用)(原屬第肆種住宅區及第貳種商業區)。,10000,115,持分移轉,02540000
RPPOMLOLKHKGFEA77EA,三玉段四小段,33.61,都市：其他:第三種住宅區。,10000,663,持分移轉,01060000
RPXNMLLLKHKGFAA67DA,南海段三小段,3.82,都市：其他:第參種商業區(依都市計畫說明書圖規定辦理，始得作第參種商業區使用)(原屬第貳種商業區)。,10000,69,持分移轉,01570000
RPXNMLLLKHKGFAA67DA,南海段三小段,.46,都市：其他:第四種住宅區。,10000,69,持分移轉,01580001
RPWNMLOLKHKGFAA87DA,萬隆段二小段,4.48,都市：其他:第三種住宅區。,10000,54,持分移轉,04740000
RPWNMLOLKHKGFAA87DA,萬隆段一小段,11.42,都市：其他:第三種住宅區。,10000,54,持分移轉,07150000
RPXNMLOLKHKGFCA18DA,石潭段三小段,4.78,都市：其他:第三之一種住宅區。,10000,222,持分移轉,05830000
RPXNMLOLKHKGFCA18DA,石潭段三小段,15.68,都市：其他:第三種住宅區。,10000,222,持分移轉,05830001
RPQNMLKLJHKGFCA96DA,中山段二小段,15.78,都市：其他:第三種商業區。,10000,576,持分移轉,00870000
RPPOMLLMKIJGFBA17DA,玉泉段一小段,8.59,都市：其他:第三種商業區。,10000,411,持分移轉,05010000
RPWNMLQLKHKGFCA28DA,吉林段四小段,2.21,都市：其他:第肆種商業區(依都市計畫說明書圖規定辦理，始得作第肆種商業區使用)(原屬第參種商業區)。,10000,27,持分移轉,06690000
RPQNMLQLKIJGFFA97DA,大安段三小段,25.33,都市：其他:第三種住宅區。,1763976,888,持分移轉,02980000
RPTOMLSKKHKGFFA48DA,辛亥段六小段,25.90,都市：其他:第三種住宅區。,10000,122,持分移轉,00470000
RPOPMLNKKHKGFCA27DA,長春段二小段,11.09,都市：其他:第三之二種住宅區。,10000,106,持分移轉,07870001
RPOPMLNKKHKGFCA27DA,長春段二小段,2.43,都市：其他:第三種住宅區。,10000,106,持分移轉,07870003
RPTNMLRJKHKGFCA87DA,潭美段四小段,38.41,都市：其他:第三種住宅區。,25000,1013,持分移轉,05460000
RPOOMLMLJHKGFDA27EA,玉成段五小段,1.44,都市：其他:第三種住宅區。,16,1,持分移轉,02930000
RPOOMLMLJHKGFDA27EA,玉成段五小段,16.62,都市：其他:第三種住宅區。,16,1,持分移轉,02950000
RPOOMLMLJHKGFDA27EA,玉成段五小段,3.19,都市：其他:第三種住宅區。,16,1,持分移轉,03120000
RPSOMLRKKHKGFCA97DA,吉林段三小段,5.80,都市：其他:第肆種商業區(依都市計畫說明書圖規定辦理，始得作第肆種商業區使用)(原屬第參種商業區)。,90000,74,持分移轉,09210000
RPSOMLRKKHKGFCA97DA,吉林段三小段,.01,都市：其他:道路用地(公共設施用地)。53/7/15,90000,74,持分移轉,09210006
RPPNMLNJJHKGFBA86DA,大龍段三小段,21.68,都市：其他:第三種住宅區。,10000,896,持分移轉,06080000
RPXNMLPKJHKGFDA18DA,永吉段二小段,47.17,都市：其他:第三種住宅區。,1344000,141516,持分移轉,05410000
RPPNMLKLJHKGFDA96DA,南港段三小段,44.75,都市：其他:第三種住宅區。,4,1,持分移轉,01210000
RPSNMLNKKHKGFDA57DA,吳興段二小段,13.92,都市：其他:第三種住宅區。,5300000,70600,持分移轉,04070000
RPPOMLMKKHKGFAA96DA,景美段四小段,4.34,都市：其他:第三種商業區。,100000,166,持分移轉,02080000
RPROMLSKKHKGFFA28DA,學府段一小段,8.09,都市：其他:第參種商業區(依都市計畫說明書圖規定辦理，始得作第參種商業區使用)(原屬第貳種商業區)。,100000,1122,持分移轉,00110000
RPROMLSKKHKGFFA28DA,學府段一小段,1.36,都市：其他:第參種商業區(依都市計畫說明書圖規定辦理，始得作第參種商業區使用)(原屬第參之壹種住宅區及第貳種商業區應依建築線或俟地籍測量分割後，再確定)。,100000,1122,持分移轉,00410000
RPTNMLKLKHKGFBA27DA,華江段三小段,28.75,都市：其他:第三種住宅區。,4,1,持分移轉,06970000
RPQQMLPLKHKGFEA08DA,永平段一小段,36.13,都市：其他:第三種住宅區。,10000,397,持分移轉,03590000
RPROMLQLKIJGFCA87DA,碧湖段四小段,16.00,都市：其他:第壹種商業區(依都市計畫說明書圖規定辦理，始得作第壹種商業區使用)(原屬第參之壹種住宅區)。,12,2,持分移轉,03780000
RPROMLQLKIJGFCA87DA,碧湖段四小段,4.76,都市：其他:第壹種商業區(依都市計畫說明書圖規定辦理，始得作第壹種商業區使用)(原屬第參之壹種住宅區)。,9000,255,持分移轉,03800000
RPROMLQLKIJGFCA87DA,碧湖段四小段,1.33,都市：其他:第壹種商業區(依都市計畫說明書圖規定辦理，始得作第壹種商業區使用)(原屬第參種住宅區)。,9000,255,持分移轉,03800001
RPROMLQLKIJGFCA87DA,碧湖段四小段,.60,都市：其他:道路用地(公共設施用地)。65/2/14,9000,255,持分移轉,03800002
RPPNMLMJJHKGFBA76DA,臨沂段四小段,12.94,都市：其他:第三之二種住宅區。,20000,214,持分移轉,04250000
RPPNMLMJJHKGFBA76DA,臨沂段四小段,3.43,都市：其他:第三種住宅區。,20000,214,持分移轉,04260000
RPQOMLQJJHKGFEA67DA,光華段二小段,17.49,都市：其他:第三之二種住宅區及第三種住宅區。,10000,275,持分移轉,09780000
RPSPMLNKKHKGFCA67DA,文德段四小段,3.86,都市：其他:第三種商業區。,5000000,13511,持分移轉,00210001
RPSOMLOKKHKGFEA87DA,新民段四小段,.09,都市：其他:特定休閒旅館住宅專用區。,10000,71,持分移轉,02030000
RPSOMLOKKHKGFEA87DA,新民段四小段,12.86,都市：其他:特定休閒旅館住宅專用區。,10000,71,持分移轉,02040000
RPTNMLLLKHKGFCA47DA,長安段三小段,38.22,都市：其他:第三種住宅區。,10000,855,持分移轉,00700000
RPVOMLNLJHKGFDA97DA,寶清段一小段,43.80,都市：其他:第三種住宅區。,10000,82,持分移轉,00530006
RPXNMLSKKHKGFAA28DA,政大段一小段,118.52,都市：其他:第二種住宅區。,10000,692,持分移轉,01390000
RPQOMLLKKHKGFDA27DA,三興段二小段,25.20,都市：其他:第三種住宅區。,10000,243,持分移轉,09060000
RPPNMLTKKHKGFBA67DA,大同段二小段,29.25,都市：其他:第四種住宅區。,36,9,持分移轉,07190000
RPPNMLTKKHKGFBA67DA,大同段二小段,.25,都市：其他:道路用地(公共設施用地)。48/11/20,36,9,持分移轉,07190001
RPSNMLSJKHKGFCA87DA,中山段一小段,10.00,都市：其他:第肆種商業區(依都市計畫說明書圖規定辦理，始得作第肆種商業區使用)(原屬第參種商業區)。,100000,970,持分移轉,06140000
RPXNMLSKKHKGFBA38DA,迪化段二小段,18.00,都市：其他:特定專用區(供一般商業使用)。,1,1,全筆移轉,03140000
RPXNMLSKKHKGFBA38DA,迪化段二小段,82.00,都市：其他:特定專用區(供一般商業使用)。,1,1,全筆移轉,03150000
RPSNMLNJKIJGFDA47DA,逸仙段三小段,9.00,都市：其他:第四種住宅區。,10,1,持分移轉,04760000
RPSNMLNJKIJGFDA47DA,逸仙段三小段,9.00,都市：其他:道路用地(公共設施用地)。50/9/19,2,1,持分移轉,04780000
RPSNMLNJKIJGFDA47DA,逸仙段三小段,9.00,都市：其他:第四種住宅區。,10,1,持分移轉,04790000
RPSNMLNJKIJGFDA47DA,逸仙段三小段,9.00,都市：其他:第四種住宅區。,10,1,持分移轉,04800000
RPUNMLMJJHKGFBA27DA,漢中段三小段,14.51,都市：其他:第四種商業區。,10000,376,持分移轉,04670000
RPXNMLLLKHKGFEA08DA,關渡段二小段,15.85,都市：其他:第三種住宅區。,100000,1139,持分移轉,01880000
RPPNMLOLKHKGFEA67EA,文林段三小段,27.57,都市：其他:第參種商業區(依都市計畫說明書圖規定辦理，始得作第參種商業區使用)(原屬第參種住宅區)。,10000,130,持分移轉,00120003
RPQNMLTKKHKGFAA67DA,實踐段二小段,39.18,都市：其他:第三種住宅區。,10000,315,持分移轉,06600000
RPQOMLNJKIJGFBA17DA,華江段三小段,23.10,都市：其他:特定專用區(二)(依都市計畫書圖規定辦理，始得比照特定專用區（一）使用) 但是否在特定專用區(二)(應依建築線或俟地籍測量分割後，再確定)。,23240,231,持分移轉,05050003
RPSPMLLLJHKGFCA47DA,東湖段二小段,22.01,都市：其他:第參種商業區(依都市計畫說明書圖規定辦理，始得作第參種商業區使用)(原屬第壹種商業區)。,10000,106,持分移轉,00280001
RPUNMLLKKHKGFEA67DA,天山段一小段,40.57,都市：其他:第二種住宅區。,10000,332,持分移轉,02200000
RPQPMLSKKHKGFFA28DA,瑞安段三小段,42.00,都市：其他:第三種住宅區。,4,1,持分移轉,00280000
RPUNMLKKJHKGFCA27DA,中山段一小段,92.00,都市：其他:第肆種商業區(依都市計畫說明書圖規定辦理，始得作第肆種商業區使用)(原屬第參種商業區)。,1,1,全筆移轉,00200000
RPWNMLRJKHKGFEA38DA,福林段二小段,82.14,都市：其他:市民住宅區。,200000,1106,持分移轉,05940000
RPSNMLPKKHKGFFA97DA,龍泉段一小段,18.06,都市：其他:第三種住宅區。,10000,1136,持分移轉,08960001
RPQWMLSKKHKGFDA78DA,三興段三小段,11.48,都市：其他:第參種商業區(依都市計畫說明書圖規定辦理，始得作第參種商業區使用)(原屬第貳種商業區)。,10000,141,持分移轉,00060000
RPSNMLNKKHKGFAA27DA,實踐段三小段,43.43,都市：其他:第三種住宅區。,20000,616,持分移轉,06100000
RPPNMLPKKHKGFFA67DA,龍泉段一小段,11.51,都市：其他:第三種住宅區。,10000,724,持分移轉,08960001
RPTNMLPKKHKGFFA08DA,龍泉段一小段,11.10,都市：其他:第三種住宅區。,10000,698,持分移轉,08960001
RPVNMLPKKHKGFFA28DA,龍泉段一小段,11.10,都市：其他:第三種住宅區。,10000,698,持分移轉,08960001
RPQNMLPKKHKGFFA77DA,龍泉段一小段,14.79,都市：其他:第三種住宅區。,10000,930,持分移轉,08960001
RPWNMLMKKIJGFBA67DA,玉泉段二小段,3.12,都市：其他:特定專用區(供一般商業使用) 但是否在第三種商業區(應依建築線或俟地籍測量分割後，再確定)。,10000,30,持分移轉,00390000
RPUNMLPKKHKGFFA18DA,龍泉段一小段,11.10,都市：其他:第三種住宅區。,10000,698,持分移轉,08960001
RPRNMLTJKIJGFAA67DA,河堤段六小段,25.03,都市：其他:第三種住宅區。,10000,407,持分移轉,00060000
RPXNMLRKKHKGFFA68DA,龍泉段一小段,14.79,都市：其他:第三種住宅區。,10000,930,持分移轉,08960001
RPTNMLRKKHKGFFA28DA,龍泉段一小段,14.79,都市：其他:第三種住宅區。,10000,930,持分移轉,08960001
RPUNMLRKKHKGFFA38DA,龍泉段一小段,14.79,都市：其他:第三種住宅區。,10000,930,持分移轉,08960001
RPWNMLRKKHKGFFA58DA,龍泉段一小段,11.10,都市：其他:第三種住宅區。,10000,698,持分移轉,08960001
RPRNMLMLJHKGFBA27EA,迪化段三小段,5.83,都市：其他:特定專用區(供一般商業使用)。,10000,686,持分移轉,05430000
RPRNMLMLJHKGFBA27EA,迪化段三小段,6.31,都市：其他:特定專用區(供一般商業使用)。,10000,686,持分移轉,05440000
RPRNMLMLJHKGFBA27EA,迪化段三小段,4.80,都市：其他:特定專用區(供一般商業使用)。,10000,686,持分移轉,05450000
RPRNMLMLJHKGFBA27EA,迪化段三小段,5.01,都市：其他:特定專用區(供一般商業使用)。,10000,686,持分移轉,05460000
RPRNMLMLJHKGFBA27EA,迪化段三小段,7.68,都市：其他:特定專用區(供一般商業使用)。,10000,686,持分移轉,05470000
RPOPMLNKJHKGFCA17DA,石潭段四小段,105.70,都市：其他:第二種住宅區。,100000,2920,持分移轉,03560000
RPSNMLQKJHKGFBA57DA,臨沂段二小段,3.92,都市：其他:第貳種商業區(依都市計畫說明書圖規定辦理，始得作第貳種商業區使用)(原屬第參種住宅區)。,100000,696,持分移轉,04150000
RPSNMLQKJHKGFBA57DA,臨沂段二小段,16.20,都市：其他:第二種商業區。,100000,696,持分移轉,04160000
RPTPMLNKKHKGFCA77DA,正義段一小段,12.96,都市：其他:第肆種商業區(依都市計畫說明書圖規定辦理，始得作第肆種商業區使用)(原屬第參種住宅區)。,10000,400,持分移轉,01990000
RPTOMLKKKHKGFCA37DA,正義段四小段,23.74,都市：其他:第三種商業區。,100000,1464,持分移轉,05540000
RPTNMLTKKHKGFEA38DA,陽明段二小段,9.59,都市：其他:第一種商業區。,20000,514,持分移轉,05190000
RPSNMLTKKHKGFEA28DA,陽明段二小段,9.51,都市：其他:第一種商業區。,10000,255,持分移轉,05190000
RPVNMLOJKHKGFAA57DA,政大段一小段,71.40,都市：其他:第二種住宅區。,60000,467,持分移轉,00010000
RPUNMLTKKHKGFEA48DA,陽明段二小段,5.67,都市：其他:第一種商業區。,10000,152,持分移轉,05190000
RPSNMLTKKHKGFEA38EA,溫泉段四小段,16.02,都市：其他:第三種住宅區。,2000000,47906,持分移轉,05000000
RPRNMLTKKHKGFEA18DA,陽明段二小段,9.51,都市：其他:第一種商業區。,10000,255,持分移轉,05190000
RPRNMLTKKHKGFEA28EA,溫泉段四小段,15.62,都市：其他:第三種住宅區。,1000000,23341,持分移轉,05000000
RPTNMLTKKHKGFEA48EA,溫泉段四小段,16.02,都市：其他:第三種住宅區。,1000000,23953,持分移轉,05000000
RPTOMLKMKIJGFEA77DA,天山段一小段,41.46,都市：其他:第三種住宅區。,10000,1188,持分移轉,05100000
RPQNMLNJKHKGFEA37DA,天母段一小段,44.96,都市：其他:第三種住宅區。,100000,1994,持分移轉,04560000
RPUNMLNKKHKGFAA47DA,華興段一小段,38.44,都市：其他:第三種住宅區。,100000,400,持分移轉,01690000
RPUOMLKMKIJGFEA87DA,天山段一小段,26.77,都市：其他:第三種住宅區。,10000,767,持分移轉,05100000
RPPNMLNKKHKGFCA27EA,中山段三小段,12.46,都市：其他:第肆種商業區(依都市計畫說明書圖規定辦理，始得作第肆種商業區使用)(原屬第參種商業區)。,70000,1124,持分移轉,01810000
RPRNMLKLJHKGFCA07DA,中山段一小段,7.72,都市：其他:第肆種商業區(依都市計畫說明書圖規定辦理，始得作第肆種商業區使用)(原屬第參種商業區)。,100000,852,持分移轉,01750000
RPXNMLTKKHKGFCA58DA,金泰段,19.13,都市：其他:娛樂區,100000,1871,持分移轉,00070003
RPQNMLTKKHKGFEA08DA,陽明段二小段,5.33,都市：其他:第一種商業區。,10000,143,持分移轉,05190000
RPQNMLTKKHKGFFA18DA,復興段二小段,.55,都市：其他:第四種商業區(特),100000,815,持分移轉,01580001
RPQNMLTKKHKGFFA18DA,復興段二小段,5.98,都市：其他:第三種商業區(特),100000,815,持分移轉,01590000
RPOPMLLLJHKGFEA37EA,天母段三小段,24.68,都市：其他:第三種住宅區。,10000,159,持分移轉,05340000
RPTPMLMKKHKGFCA67DA,正義段四小段,25.86,都市：其他:第三種商業區。,200000,3190,持分移轉,05540000
RPOOMLSJKHKGFDA67DA,吳興段一小段,30.00,都市：其他:第三種住宅區。,4,1,持分移轉,02770000
RPQOMLTKKHKGFCA97DA,金泰段,20.74,都市：其他:娛樂區,100000,2028,持分移轉,00070003
RPRNMLKLKHKGFCA17DA,金泰段,19.34,都市：其他:娛樂區,100000,1891,持分移轉,00070003
RPWNMLQKJHKGFCA08DA,碧湖段二小段,7.10,都市：其他:第三種商業區。,100000,555,持分移轉,02160000
RPTOMLOJKIJGFCA67DA,中山段四小段,29.96,都市：其他:第參種商業區(依都市計畫說明書圖規定辦理，始得作第參種商業區使用)(原屬第肆種住宅區)。,20000,486,持分移轉,07590000
RPRNMLOLKHKGFAA37DA,河堤段二小段,23.18,都市：其他:第三種住宅區。,100000,1702,持分移轉,05500000
RPRNMLOLKHKGFAA37DA,河堤段二小段,16.20,都市：其他:第參種商業區(依都市計畫說明書圖規定辦理，始得作第參種商業區使用)(原屬第貳種商業區)。,100000,1702,持分移轉,05510000
RPPPMLLLJHKGFEA47EA,天母段三小段,21.11,都市：其他:第三種住宅區。,10000,136,持分移轉,05340000
RPQPMLLLJHKGFEA57EA,天母段三小段,28.40,都市：其他:第三種住宅區。,10000,183,持分移轉,05340000
RPRPMLLLJHKGFEA67EA,天母段三小段,25.14,都市：其他:第三種住宅區。,20000,324,持分移轉,05340000
RPPOMLOJKIJGFCA27DA,中山段四小段,31.69,都市：其他:第參種商業區(依都市計畫說明書圖規定辦理，始得作第參種商業區使用)(原屬第肆種住宅區)。,10000,257,持分移轉,07590000
RPUNMLRKKHKGFDA18DA,玉成段三小段,21.32,都市：其他:第三種住宅區。,100000,566,持分移轉,09040000
RPUNMLRKKHKGFDA18DA,玉成段三小段,10.79,都市：其他:第壹種商業區(依都市計畫說明書圖規定辦理，始得作第壹種商業區使用)(原屬第參之壹種住宅區)。,100000,566,持分移轉,09050000
RPXNMLQKJHKGFCA18DA,碧湖段二小段,7.14,都市：其他:第三種商業區。,100000,558,持分移轉,02160000
RPSPMLLLJHKGFEA77EA,天母段三小段,21.57,都市：其他:第三種住宅區。,10000,139,持分移轉,05340000
