﻿編號,土地位置,土地移轉面積平方公尺,使用分區或編定,權利人持分分母,權利人持分分子,移轉情形,地號
The serial number, land position,land shifting area square meter,the use zoning or compiles and checks,,,,land parcel
RPPNMLMKJHKGFEA17CB,新民段二小段,9.91,都市：商,100000,1441,持分移轉,05430000
RPQNMLQKJHKGFEA67CB,新洲美段,21.76,都市：住,100000,661,持分移轉,01120000
RPXNMLRKJHKGFAA08CB,華興段一小段,26.89,都市：住,1000000,677,持分移轉,04210000
RPXNMLRKJHKGFAA08CB,華興段一小段,.07,都市：住,1000000,677,持分移轉,04290000
RPROMLRKJHKGFAA57CB,華興段一小段,17.67,都市：住,1000000,445,持分移轉,04210000
RPROMLRKJHKGFAA57CB,華興段一小段,.04,都市：住,1000000,445,持分移轉,04290000
RPQNMLNKJHKGFCA17CB,吉林段二小段,6.30,都市：住,100000,1346,持分移轉,08980000
RPQNMLNKJHKGFCA17CB,吉林段二小段,3.08,都市：住,100000,1346,持分移轉,08990000
RPQNMLNKJHKGFCA17CB,吉林段二小段,3.04,都市：住,100000,1346,持分移轉,09030000
RPUNMLRKJHKGFCA97CB,碧湖段四小段,.14,都市：商,100000,456,持分移轉,10360007
RPUNMLRKJHKGFCA97CB,碧湖段四小段,5.03,都市：商,100000,456,持分移轉,10640004
RPUNMLRKJHKGFCA97CB,碧湖段四小段,.29,都市：商,100000,456,持分移轉,10650002
RPUNMLRKJHKGFCA97CB,碧湖段四小段,.05,都市：商,100000,456,持分移轉,10660002
RPUNMLRKJHKGFCA97CB,碧湖段四小段,1.14,都市：商,100000,456,持分移轉,10680006
RPUNMLRKJHKGFCA97CB,碧湖段四小段,.00,都市：商,100000,456,持分移轉,10680016
RPVNMLRKJHKGFCA08CB,碧湖段四小段,.35,都市：商,100000,1165,持分移轉,10360007
RPVNMLRKJHKGFCA08CB,碧湖段四小段,12.85,都市：商,100000,1165,持分移轉,10640004
RPVNMLRKJHKGFCA08CB,碧湖段四小段,.75,都市：商,100000,1165,持分移轉,10650002
RPVNMLRKJHKGFCA08CB,碧湖段四小段,.13,都市：商,100000,1165,持分移轉,10660002
RPVNMLRKJHKGFCA08CB,碧湖段四小段,2.90,都市：商,100000,1165,持分移轉,10680006
RPVNMLRKJHKGFCA08CB,碧湖段四小段,.01,都市：商,100000,1165,持分移轉,10680016
RPWNMLRKJHKGFCA18CB,碧湖段四小段,.30,都市：商,100000,993,持分移轉,10360007
RPWNMLRKJHKGFCA18CB,碧湖段四小段,10.95,都市：商,100000,993,持分移轉,10640004
RPWNMLRKJHKGFCA18CB,碧湖段四小段,.64,都市：商,100000,993,持分移轉,10650002
RPWNMLRKJHKGFCA18CB,碧湖段四小段,.11,都市：商,100000,993,持分移轉,10660002
RPWNMLRKJHKGFCA18CB,碧湖段四小段,2.47,都市：商,100000,993,持分移轉,10680006
RPWNMLRKJHKGFCA18CB,碧湖段四小段,.01,都市：商,100000,993,持分移轉,10680016
RPQOMLQKJHKGFDA67CB,玉成段一小段,11.61,都市：其他:產業生活特定專用區（一）（住）,100000,253,持分移轉,01690003
RPOOMLQKJHKGFDA47CB,玉成段一小段,8.54,都市：其他:產業生活特定專用區（一）（住）,100000,186,持分移轉,01690003
RPVNMLQKJHKGFDA08CB,玉成段一小段,11.61,都市：其他:產業生活特定專用區（一）（住）,100000,253,持分移轉,01690003
RPPOMLQKJHKGFDA57CB,玉成段一小段,11.61,都市：其他:產業生活特定專用區（一）（住）,100000,253,持分移轉,01690003
RPROMLQKJHKGFDA77CB,玉成段一小段,6.20,都市：其他:產業生活特定專用區（一）（住）,100000,135,持分移轉,01690003
RPXNMLQKJHKGFDA28CB,玉成段一小段,6.84,都市：其他:產業生活特定專用區（一）（住）,100000,149,持分移轉,01690003
RPQNMLTKJHKGFEA97CB,新民段二小段,6.19,都市：商,100000,899,持分移轉,05430000
RPOOMLRKJHKGFCA47CB,碧湖段四小段,.17,都市：商,100000,561,持分移轉,10360007
RPOOMLRKJHKGFCA47CB,碧湖段四小段,6.19,都市：商,100000,561,持分移轉,10640004
RPOOMLRKJHKGFCA47CB,碧湖段四小段,.36,都市：商,100000,561,持分移轉,10650002
RPOOMLRKJHKGFCA47CB,碧湖段四小段,.06,都市：商,100000,561,持分移轉,10660002
RPOOMLRKJHKGFCA47CB,碧湖段四小段,1.40,都市：商,100000,561,持分移轉,10680006
RPOOMLRKJHKGFCA47CB,碧湖段四小段,.00,都市：商,100000,561,持分移轉,10680016
RPPNMLKLJHKGFCA86CB,中山段三小段,7.46,都市：商,100000,1869,持分移轉,00320000
RPPNMLKLJHKGFBA76CB,城中段一小段,.16,都市：商,100000,828,持分移轉,02620000
RPPNMLKLJHKGFBA76CB,城中段一小段,.17,都市：商,100000,828,持分移轉,02640000
RPPNMLKLJHKGFBA76CB,城中段一小段,.17,都市：商,100000,828,持分移轉,02660000
RPPNMLKLJHKGFBA76CB,城中段一小段,.17,都市：商,100000,828,持分移轉,02680000
RPPNMLKLJHKGFBA76CB,城中段一小段,.17,都市：商,100000,828,持分移轉,02700000
RPPNMLKLJHKGFBA76CB,城中段一小段,.17,都市：商,100000,828,持分移轉,02720000
RPPNMLKLJHKGFBA76CB,城中段一小段,.12,都市：商,100000,828,持分移轉,02740000
RPPNMLKLJHKGFBA76CB,城中段一小段,1.11,都市：商,100000,828,持分移轉,02630000
RPPNMLKLJHKGFBA76CB,城中段一小段,1.31,都市：商,100000,828,持分移轉,02650000
RPPNMLKLJHKGFBA76CB,城中段一小段,1.26,都市：商,100000,828,持分移轉,02670000
RPPNMLKLJHKGFBA76CB,成功段一小段,1.21,都市：商,100000,828,持分移轉,02690000
RPPNMLKLJHKGFBA76CB,城中段一小段,1.18,都市：商,100000,828,持分移轉,02710000
RPPNMLKLJHKGFBA76CB,城中段一小段,1.13,都市：商,100000,828,持分移轉,02730000
RPQNMLNKJHKGFDA37DB,雅祥段四小段,2.62,都市：商,100000,1902,持分移轉,01500000
RPQNMLNKJHKGFDA37DB,雅祥段四小段,2.66,都市：商,100000,1902,持分移轉,01510000
RPUNMLMLJHKGFAA37CB,華興段一小段,13.15,都市：住,1000000,331,持分移轉,04210000
RPUNMLMLJHKGFAA37CB,華興段一小段,.03,都市：住,1000000,331,持分移轉,04290000
RPTNMLMLJHKGFAA27CB,華興段一小段,23.08,都市：住,1000000,581,持分移轉,04210000
RPTNMLMLJHKGFAA27CB,華興段一小段,.06,都市：住,1000000,581,持分移轉,04290000
RPRNMLMLJHKGFAA07CB,華興段一小段,27.76,都市：住,1000000,699,持分移轉,04210000
RPRNMLMLJHKGFAA07CB,華興段一小段,.07,都市：住,1000000,699,持分移轉,04290000
RPSNMLMLJHKGFAA17CB,華興段一小段,13.94,都市：住,1000000,351,持分移轉,04210000
RPSNMLMLJHKGFAA17CB,華興段一小段,.03,都市：住,1000000,351,持分移轉,04290000
RPQNMLMLJHKGFAA96CB,華興段三小段,2.52,都市：住,100000,1837,持分移轉,00500000
RPQNMLMLJHKGFAA96CB,華興段三小段,11.78,都市：住,100000,1837,持分移轉,00540000
RPQNMLMLJHKGFAA96CB,華興段三小段,2.20,都市：住,100000,1837,持分移轉,00570000
RPQNMLMLJHKGFAA96CB,華興段三小段,1.62,都市：住,100000,1837,持分移轉,00580000
RPQNMLMLJHKGFAA96CB,華興段三小段,1.36,都市：住,100000,1837,持分移轉,00590000
RPQNMLMLJHKGFAA96CB,華興段三小段,1.10,都市：住,100000,1837,持分移轉,00600000
RPQNMLMLJHKGFAA96CB,華興段三小段,.77,都市：住,100000,1837,持分移轉,00610000
RPQNMLMLJHKGFAA96CB,華興段三小段,.79,都市：住,100000,1837,持分移轉,00620000
RPQNMLMLJHKGFAA96CB,華興段三小段,.77,都市：住,100000,1837,持分移轉,00630000
RPQNMLMLJHKGFAA96CB,華興段三小段,.62,都市：住,100000,1837,持分移轉,00640000
RPQNMLMLJHKGFAA96CB,華興段三小段,.88,都市：住,100000,1837,持分移轉,00650000
RPQNMLMLJHKGFAA96CB,華興段三小段,1.63,都市：住,100000,1837,持分移轉,00660000
RPRNMLKLJHKGFAA86CB,木柵段一小段,.79,都市：商,100000,1055,持分移轉,04100000
RPRNMLKLJHKGFAA86CB,木柵段一小段,.66,都市：商,100000,1055,持分移轉,04120000
RPRNMLKLJHKGFAA86CB,木柵段一小段,.13,都市：商,100000,1055,持分移轉,04130000
RPRNMLKLJHKGFAA86CB,木柵段一小段,.11,都市：商,100000,1055,持分移轉,04140000
RPRNMLKLJHKGFAA86CB,木柵段一小段,.91,都市：商,100000,1055,持分移轉,04150000
RPRNMLKLJHKGFAA86CB,木柵段一小段,1.09,都市：商,100000,1055,持分移轉,04160000
RPRNMLKLJHKGFAA86CB,木柵段一小段,.55,都市：商,100000,1055,持分移轉,04170000
RPRNMLKLJHKGFAA86CB,木柵段一小段,1.39,都市：商,100000,1055,持分移轉,04180000
RPRNMLKLJHKGFAA86CB,木柵段一小段,1.83,都市：商,100000,1055,持分移轉,04190000
RPWNMLMLJHKGFAA57CB,華興段一小段,23.08,都市：住,1000000,581,持分移轉,04210000
RPWNMLMLJHKGFAA57CB,華興段一小段,.06,都市：住,1000000,581,持分移轉,04290000
RPPOMLMLJHKGFAA96CB,華興段一小段,17.67,都市：住,1000000,445,持分移轉,04210000
RPPOMLMLJHKGFAA96CB,華興段一小段,.04,都市：住,1000000,445,持分移轉,04290000
RPXNMLMLJHKGFAA67CB,華興段一小段,13.15,都市：住,1000000,331,持分移轉,04210000
RPXNMLMLJHKGFAA67CB,華興段一小段,.03,都市：住,1000000,331,持分移轉,04290000
RPVNMLMLJHKGFAA47CB,華興段一小段,26.89,都市：住,1000000,677,持分移轉,04210000
RPVNMLMLJHKGFAA47CB,華興段一小段,.07,都市：住,1000000,677,持分移轉,04290000
RPQOMLMLJHKGFAA07CB,華興段一小段,19.50,都市：住,1000000,491,持分移轉,04210000
RPQOMLMLJHKGFAA07CB,華興段一小段,.05,都市：住,1000000,491,持分移轉,04290000
RPOOMLMLJHKGFAA86CB,華興段一小段,30.78,都市：住,1000000,775,持分移轉,04210000
RPOOMLMLJHKGFAA86CB,華興段一小段,.08,都市：住,1000000,775,持分移轉,04290000
RPROMLMLJHKGFAA17CB,華興段三小段,2.52,都市：住,100000,1837,持分移轉,00500000
RPROMLMLJHKGFAA17CB,華興段三小段,11.78,都市：住,100000,1837,持分移轉,00540000
RPROMLMLJHKGFAA17CB,華興段三小段,2.20,都市：住,100000,1837,持分移轉,00570000
RPROMLMLJHKGFAA17CB,華興段三小段,1.62,都市：住,100000,1837,持分移轉,00580000
RPROMLMLJHKGFAA17CB,華興段三小段,1.36,都市：住,100000,1837,持分移轉,00590000
RPROMLMLJHKGFAA17CB,華興段三小段,1.10,都市：住,100000,1837,持分移轉,00600000
RPROMLMLJHKGFAA17CB,華興段三小段,.77,都市：住,100000,1837,持分移轉,00610000
RPROMLMLJHKGFAA17CB,華興段三小段,.79,都市：住,100000,1837,持分移轉,00620000
RPROMLMLJHKGFAA17CB,華興段三小段,.77,都市：住,100000,1837,持分移轉,00630000
RPROMLMLJHKGFAA17CB,華興段三小段,.62,都市：住,100000,1837,持分移轉,00640000
RPROMLMLJHKGFAA17CB,華興段三小段,.88,都市：住,100000,1837,持分移轉,00650000
RPROMLMLJHKGFAA17CB,華興段三小段,1.63,都市：住,100000,1837,持分移轉,00660000
RPPNMLMLJHKGFBA96CB,玉泉段一小段,.01,都市：商,100000,596,持分移轉,06760000
RPPNMLMLJHKGFBA96CB,玉泉段一小段,.02,都市：商,100000,596,持分移轉,06760002
RPPNMLMLJHKGFBA96CB,玉泉段一小段,.01,都市：商,100000,596,持分移轉,06770001
RPPNMLMLJHKGFBA96CB,玉泉段一小段,.01,都市：商,100000,596,持分移轉,06780000
RPPNMLMLJHKGFBA96CB,玉泉段一小段,.01,都市：商,100000,596,持分移轉,06790000
RPPNMLMLJHKGFBA96CB,玉泉段一小段,.60,都市：商,100000,596,持分移轉,06800000
RPPNMLMLJHKGFBA96CB,玉泉段一小段,.59,都市：商,100000,596,持分移轉,06810000
RPPNMLMLJHKGFBA96CB,玉泉段一小段,.48,都市：商,100000,596,持分移轉,06820000
RPPNMLMLJHKGFBA96CB,玉泉段一小段,.45,都市：商,100000,596,持分移轉,06830000
RPQNMLMLJHKGFBA07CB,玉泉段一小段,.01,都市：商,100000,596,持分移轉,06760000
RPPNMLMLJHKGFBA96CB,玉泉段一小段,.04,都市：商,100000,596,持分移轉,06840000
RPQNMLMLJHKGFBA07CB,玉泉段一小段,.02,都市：商,100000,596,持分移轉,06760002
RPPNMLMLJHKGFBA96CB,玉泉段一小段,1.60,都市：商,100000,596,持分移轉,06850000
RPQNMLMLJHKGFBA07CB,玉泉段一小段,.01,都市：商,100000,596,持分移轉,06770001
RPPNMLMLJHKGFBA96CB,玉泉段一小段,.07,都市：商,100000,596,持分移轉,06870000
RPQNMLMLJHKGFBA07CB,玉泉段一小段,.01,都市：商,100000,596,持分移轉,06780000
RPPNMLMLJHKGFBA96CB,玉泉段一小段,.12,都市：商,100000,596,持分移轉,06890000
RPPNMLMLJHKGFBA96CB,玉泉段一小段,.01,都市：商,100000,596,持分移轉,06900000
RPQNMLMLJHKGFBA07CB,玉泉段一小段,.01,都市：商,100000,596,持分移轉,06790000
RPPNMLMLJHKGFBA96CB,玉泉段一小段,.15,都市：商,100000,596,持分移轉,06910000
RPQNMLMLJHKGFBA07CB,玉泉段一小段,.60,都市：商,100000,596,持分移轉,06800000
RPPNMLMLJHKGFBA96CB,玉泉段一小段,.10,都市：商,100000,596,持分移轉,06920000
RPQNMLMLJHKGFBA07CB,玉泉段一小段,.59,都市：商,100000,596,持分移轉,06810000
RPPNMLMLJHKGFBA96CB,玉泉段一小段,.39,都市：商,100000,596,持分移轉,06930000
RPQNMLMLJHKGFBA07CB,玉泉段一小段,.48,都市：商,100000,596,持分移轉,06820000
RPPNMLMLJHKGFBA96CB,玉泉段一小段,.31,都市：商,100000,596,持分移轉,06940000
RPQNMLMLJHKGFBA07CB,玉泉段一小段,.45,都市：商,100000,596,持分移轉,06830000
RPQNMLMLJHKGFBA07CB,玉泉段一小段,.04,都市：商,100000,596,持分移轉,06840000
RPQNMLMLJHKGFBA07CB,玉泉段一小段,1.60,都市：商,100000,596,持分移轉,06850000
RPQNMLMLJHKGFBA07CB,玉泉段一小段,.07,都市：商,100000,596,持分移轉,06870000
RPQNMLMLJHKGFBA07CB,玉泉段一小段,.12,都市：商,100000,596,持分移轉,06890000
RPQNMLMLJHKGFBA07CB,玉泉段一小段,.01,都市：商,100000,596,持分移轉,06900000
RPQNMLMLJHKGFBA07CB,玉泉段一小段,.15,都市：商,100000,596,持分移轉,06910000
RPQNMLMLJHKGFBA07CB,玉泉段一小段,.10,都市：商,100000,596,持分移轉,06920000
RPQNMLMLJHKGFBA07CB,玉泉段一小段,.39,都市：商,100000,596,持分移轉,06930000
RPQNMLMLJHKGFBA07CB,玉泉段一小段,.31,都市：商,100000,596,持分移轉,06940000
RPUNMLMLJHKGFBA47CB,玉泉段一小段,.01,都市：商,100000,492,持分移轉,06760000
RPUNMLMLJHKGFBA47CB,玉泉段一小段,.01,都市：商,100000,492,持分移轉,06760002
RPUNMLMLJHKGFBA47CB,玉泉段一小段,.01,都市：商,100000,492,持分移轉,06770001
RPUNMLMLJHKGFBA47CB,玉泉段一小段,.00,都市：商,100000,492,持分移轉,06780000
RPUNMLMLJHKGFBA47CB,玉泉段一小段,.01,都市：商,100000,492,持分移轉,06790000
RPUNMLMLJHKGFBA47CB,玉泉段一小段,.50,都市：商,100000,492,持分移轉,06800000
RPUNMLMLJHKGFBA47CB,玉泉段一小段,.49,都市：商,100000,492,持分移轉,06810000
RPUNMLMLJHKGFBA47CB,玉泉段一小段,.40,都市：商,100000,492,持分移轉,06820000
RPUNMLMLJHKGFBA47CB,玉泉段一小段,.37,都市：商,100000,492,持分移轉,06830000
RPUNMLMLJHKGFBA47CB,玉泉段一小段,.03,都市：商,100000,492,持分移轉,06840000
RPUNMLMLJHKGFBA47CB,玉泉段一小段,1.32,都市：商,100000,492,持分移轉,06850000
RPUNMLMLJHKGFBA47CB,玉泉段一小段,.05,都市：商,100000,492,持分移轉,06870000
RPUNMLMLJHKGFBA47CB,玉泉段一小段,.10,都市：商,100000,492,持分移轉,06890000
RPUNMLMLJHKGFBA47CB,玉泉段一小段,.00,都市：商,100000,492,持分移轉,06900000
RPUNMLMLJHKGFBA47CB,玉泉段一小段,.12,都市：商,100000,492,持分移轉,06910000
RPUNMLMLJHKGFBA47CB,玉泉段一小段,.08,都市：商,100000,492,持分移轉,06920000
RPUNMLMLJHKGFBA47CB,玉泉段一小段,.32,都市：商,100000,492,持分移轉,06930000
RPUNMLMLJHKGFBA47CB,玉泉段一小段,.26,都市：商,100000,492,持分移轉,06940000
RPPOMLMLJHKGFBA07CB,玉泉段一小段,.01,都市：商,100000,722,持分移轉,06760000
RPPOMLMLJHKGFBA07CB,玉泉段一小段,.02,都市：商,100000,722,持分移轉,06760002
RPPOMLMLJHKGFBA07CB,玉泉段一小段,.01,都市：商,100000,722,持分移轉,06770001
RPPOMLMLJHKGFBA07CB,玉泉段一小段,.01,都市：商,100000,722,持分移轉,06780000
RPPOMLMLJHKGFBA07CB,玉泉段一小段,.01,都市：商,100000,722,持分移轉,06790000
RPPOMLMLJHKGFBA07CB,玉泉段一小段,.73,都市：商,100000,722,持分移轉,06800000
RPPOMLMLJHKGFBA07CB,玉泉段一小段,.71,都市：商,100000,722,持分移轉,06810000
RPPOMLMLJHKGFBA07CB,玉泉段一小段,.58,都市：商,100000,722,持分移轉,06820000
RPPOMLMLJHKGFBA07CB,玉泉段一小段,.55,都市：商,100000,722,持分移轉,06830000
RPPOMLMLJHKGFBA07CB,玉泉段一小段,.04,都市：商,100000,722,持分移轉,06840000
RPPOMLMLJHKGFBA07CB,玉泉段一小段,1.93,都市：商,100000,722,持分移轉,06850000
RPPOMLMLJHKGFBA07CB,玉泉段一小段,.08,都市：商,100000,722,持分移轉,06870000
RPPOMLMLJHKGFBA07CB,玉泉段一小段,.14,都市：商,100000,722,持分移轉,06890000
RPPOMLMLJHKGFBA07CB,玉泉段一小段,.01,都市：商,100000,722,持分移轉,06900000
RPPOMLMLJHKGFBA07CB,玉泉段一小段,.18,都市：商,100000,722,持分移轉,06910000
RPPOMLMLJHKGFBA07CB,玉泉段一小段,.12,都市：商,100000,722,持分移轉,06920000
RPPOMLMLJHKGFBA07CB,玉泉段一小段,.48,都市：商,100000,722,持分移轉,06930000
RPPOMLMLJHKGFBA07CB,玉泉段一小段,.38,都市：商,100000,722,持分移轉,06940000
RPTOMLMLJHKGFBA47CB,莒光段四小段,.08,都市：其他:特定專用區(一),10000,100,持分移轉,00570002
RPTOMLMLJHKGFBA47CB,莒光段四小段,.02,都市：其他:特定專用區(一),10000,100,持分移轉,00580000
RPTOMLMLJHKGFBA47CB,莒光段四小段,.01,都市：其他:特定專用區(一),10000,100,持分移轉,00590000
RPTOMLMLJHKGFBA47CB,莒光段四小段,.88,都市：其他:特定專用區(一),10000,100,持分移轉,00600001
RPTOMLMLJHKGFBA47CB,莒光段四小段,1.42,都市：其他:特定專用區(一),10000,100,持分移轉,00600003
RPTOMLMLJHKGFBA47CB,莒光段四小段,.57,都市：其他:特定專用區(一),10000,100,持分移轉,00600004
RPTOMLMLJHKGFBA47CB,莒光段四小段,.68,都市：其他:特定專用區(一),10000,100,持分移轉,00600005
RPTOMLMLJHKGFBA47CB,莒光段四小段,.57,都市：其他:特定專用區(一),10000,100,持分移轉,00600006
RPTOMLMLJHKGFBA47CB,莒光段四小段,.61,都市：其他:特定專用區(一),10000,100,持分移轉,00600007
RPTOMLMLJHKGFBA47CB,莒光段四小段,2.70,都市：其他:特定專用區(一),10000,100,持分移轉,00600011
RPTOMLMLJHKGFBA47CB,莒光段四小段,.45,都市：其他:特定專用區(一),10000,100,持分移轉,00610004
RPTOMLMLJHKGFBA47CB,莒光段四小段,.52,都市：其他:特定專用區(一),10000,100,持分移轉,00610006
RPTOMLMLJHKGFBA47CB,莒光段四小段,.31,都市：其他:特定專用區(一),10000,100,持分移轉,00610007
RPTOMLMLJHKGFBA47CB,莒光段四小段,.22,都市：其他:特定專用區(一),10000,100,持分移轉,00610008
RPTOMLMLJHKGFBA47CB,莒光段四小段,.62,都市：其他:特定專用區(一),10000,100,持分移轉,00630000
RPTOMLMLJHKGFBA47CB,莒光段四小段,.26,都市：其他:特定專用區(一),10000,100,持分移轉,00640000
RPTOMLMLJHKGFBA47CB,莒光段四小段,.97,都市：其他:特定專用區(一),10000,100,持分移轉,00650000
RPTOMLMLJHKGFBA47CB,莒光段四小段,.11,都市：其他:特定專用區(一),10000,100,持分移轉,00660000
RPTOMLMLJHKGFBA47CB,莒光段四小段,.43,都市：其他:特定專用區(一),10000,100,持分移轉,00670000
RPTOMLMLJHKGFBA47CB,莒光段四小段,.56,都市：其他:特定專用區(一),10000,100,持分移轉,00680000
RPTOMLMLJHKGFBA47CB,莒光段四小段,.36,都市：其他:特定專用區(一),10000,100,持分移轉,00690000
RPTOMLMLJHKGFBA47CB,莒光段四小段,.55,都市：其他:特定專用區(一),10000,100,持分移轉,00700000
RPTOMLMLJHKGFBA47CB,莒光段四小段,.11,都市：其他:特定專用區(一),10000,100,持分移轉,00700001
RPTOMLMLJHKGFBA47CB,莒光段四小段,.05,都市：其他:特定專用區(一),10000,100,持分移轉,00700002
RPTOMLMLJHKGFBA47CB,莒光段四小段,.29,都市：其他:特定專用區(一),10000,100,持分移轉,00710000
RPTOMLMLJHKGFBA47CB,莒光段四小段,.29,都市：其他:特定專用區(一),10000,100,持分移轉,00720000
RPTOMLMLJHKGFBA47CB,莒光段四小段,.57,都市：其他:特定專用區(一),10000,100,持分移轉,00730000
RPTOMLMLJHKGFBA47CB,莒光段四小段,.64,都市：其他:特定專用區(一),10000,100,持分移轉,00740000
RPTOMLMLJHKGFBA47CB,莒光段四小段,.96,都市：其他:特定專用區(一),10000,100,持分移轉,00740001
RPTOMLMLJHKGFBA47CB,莒光段四小段,.09,都市：其他:特定專用區(一),10000,100,持分移轉,00740002
RPTOMLMLJHKGFBA47CB,莒光段四小段,.53,都市：其他:特定專用區(一),10000,100,持分移轉,00740003
RPTOMLMLJHKGFBA47CB,莒光段四小段,.07,都市：其他:特定專用區(一),10000,100,持分移轉,00740004
RPTOMLMLJHKGFBA47CB,莒光段四小段,.12,都市：其他:特定專用區(一),10000,100,持分移轉,00740005
RPTOMLMLJHKGFBA47CB,莒光段四小段,.44,都市：其他:特定專用區(一),10000,100,持分移轉,00750000
RPSNMLNLJHKGFEA67CB,崇仰段三小段,21.25,都市：住,100000,1425,持分移轉,01830000
RPSNMLNLJHKGFEA67CB,崇仰段三小段,7.61,都市：住,100000,1425,持分移轉,01930000
RPSOMLQKJHKGFDA87CB,信義段二小段,1.89,都市：住,10000,122,持分移轉,01420000
RPSOMLQKJHKGFDA87CB,信義段二小段,1.90,都市：住,10000,122,持分移轉,01430000
RPSOMLQKJHKGFDA87CB,信義段二小段,1.90,都市：住,10000,122,持分移轉,01440000
RPSOMLQKJHKGFDA87CB,信義段二小段,2.09,都市：住,10000,122,持分移轉,01450000
RPSOMLQKJHKGFDA87CB,信義段二小段,1.92,都市：住,10000,122,持分移轉,01570000
RPSOMLQKJHKGFDA87CB,信義段二小段,1.89,都市：住,10000,122,持分移轉,01580000
RPSOMLQKJHKGFDA87CB,信義段二小段,1.90,都市：住,10000,122,持分移轉,01590000
RPSOMLQKJHKGFDA87CB,信義段二小段,1.89,都市：住,10000,122,持分移轉,01600000
RPSOMLQKJHKGFDA87CB,信義段二小段,1.90,都市：住,10000,122,持分移轉,01610000
RPSOMLQKJHKGFDA87CB,信義段二小段,1.89,都市：住,10000,122,持分移轉,01620000
RPSOMLQKJHKGFDA87CB,信義段二小段,1.92,都市：住,10000,122,持分移轉,01630000
RPTNMLNLJHKGFEA77CB,崇仰段三小段,18.01,都市：住,100000,1208,持分移轉,01830000
RPTNMLNLJHKGFEA77CB,崇仰段三小段,6.45,都市：住,100000,1208,持分移轉,01930000
RPUNMLNLJHKGFEA87CB,崇仰段三小段,18.01,都市：住,100000,1208,持分移轉,01830000
RPUNMLNLJHKGFEA87CB,崇仰段三小段,6.45,都市：住,100000,1208,持分移轉,01930000
RPRNMLMLJHKGFBA17CB,玉泉段一小段,.01,都市：商,100000,596,持分移轉,06760000
RPRNMLMLJHKGFBA17CB,玉泉段一小段,.02,都市：商,100000,596,持分移轉,06760002
RPRNMLMLJHKGFBA17CB,玉泉段一小段,.01,都市：商,100000,596,持分移轉,06770001
RPRNMLMLJHKGFBA17CB,玉泉段一小段,.01,都市：商,100000,596,持分移轉,06780000
RPRNMLMLJHKGFBA17CB,玉泉段一小段,.01,都市：商,100000,596,持分移轉,06790000
RPRNMLMLJHKGFBA17CB,玉泉段一小段,.60,都市：商,100000,596,持分移轉,06800000
RPRNMLMLJHKGFBA17CB,玉泉段一小段,.59,都市：商,100000,596,持分移轉,06810000
RPRNMLMLJHKGFBA17CB,玉泉段一小段,.48,都市：商,100000,596,持分移轉,06820000
RPRNMLMLJHKGFBA17CB,玉泉段一小段,.45,都市：商,100000,596,持分移轉,06830000
RPRNMLMLJHKGFBA17CB,玉泉段一小段,.04,都市：商,100000,596,持分移轉,06840000
RPRNMLMLJHKGFBA17CB,玉泉段一小段,1.60,都市：商,100000,596,持分移轉,06850000
RPRNMLMLJHKGFBA17CB,玉泉段一小段,.07,都市：商,100000,596,持分移轉,06870000
RPRNMLMLJHKGFBA17CB,玉泉段一小段,.12,都市：商,100000,596,持分移轉,06890000
RPSNMLMLJHKGFBA27CB,玉泉段一小段,.01,都市：商,100000,549,持分移轉,06760000
RPRNMLMLJHKGFBA17CB,玉泉段一小段,.01,都市：商,100000,596,持分移轉,06900000
RPRNMLMLJHKGFBA17CB,玉泉段一小段,.15,都市：商,100000,596,持分移轉,06910000
RPRNMLMLJHKGFBA17CB,玉泉段一小段,.10,都市：商,100000,596,持分移轉,06920000
RPSNMLMLJHKGFBA27CB,玉泉段一小段,.02,都市：商,100000,549,持分移轉,06760002
RPRNMLMLJHKGFBA17CB,玉泉段一小段,.39,都市：商,100000,596,持分移轉,06930000
RPRNMLMLJHKGFBA17CB,玉泉段一小段,.31,都市：商,100000,596,持分移轉,06940000
RPSNMLMLJHKGFBA27CB,玉泉段一小段,.01,都市：商,100000,549,持分移轉,06770001
RPSNMLMLJHKGFBA27CB,玉泉段一小段,.01,都市：商,100000,549,持分移轉,06780000
RPSNMLMLJHKGFBA27CB,玉泉段一小段,.01,都市：商,100000,549,持分移轉,06790000
RPSNMLMLJHKGFBA27CB,玉泉段一小段,.55,都市：商,100000,549,持分移轉,06800000
RPSNMLMLJHKGFBA27CB,玉泉段一小段,.54,都市：商,100000,549,持分移轉,06810000
RPSNMLMLJHKGFBA27CB,玉泉段一小段,.44,都市：商,100000,549,持分移轉,06820000
RPSNMLMLJHKGFBA27CB,玉泉段一小段,.42,都市：商,100000,549,持分移轉,06830000
RPSNMLMLJHKGFBA27CB,玉泉段一小段,.03,都市：商,100000,549,持分移轉,06840000
RPSNMLMLJHKGFBA27CB,玉泉段一小段,1.47,都市：商,100000,549,持分移轉,06850000
RPSNMLMLJHKGFBA27CB,玉泉段一小段,.06,都市：商,100000,549,持分移轉,06870000
RPSNMLMLJHKGFBA27CB,玉泉段一小段,.11,都市：商,100000,549,持分移轉,06890000
RPSNMLMLJHKGFBA27CB,玉泉段一小段,.01,都市：商,100000,549,持分移轉,06900000
RPSNMLMLJHKGFBA27CB,玉泉段一小段,.14,都市：商,100000,549,持分移轉,06910000
RPSNMLMLJHKGFBA27CB,玉泉段一小段,.09,都市：商,100000,549,持分移轉,06920000
RPSNMLMLJHKGFBA27CB,玉泉段一小段,.36,都市：商,100000,549,持分移轉,06930000
RPSNMLMLJHKGFBA27CB,玉泉段一小段,.29,都市：商,100000,549,持分移轉,06940000
RPQNMLOLJHKGFAA17CB,木柵段三小段,.08,都市：住,100000,346,持分移轉,06610000
RPQNMLOLJHKGFAA17CB,木柵段三小段,11.79,都市：住,100000,346,持分移轉,06660000
RPQNMLOLJHKGFAA17CB,木柵段三小段,.00,都市：住,100000,346,持分移轉,06230000
RPQNMLOLJHKGFAA17CB,木柵段三小段,.21,都市：住,100000,346,持分移轉,06360000
RPQNMLOLJHKGFAA17CB,木柵段三小段,.26,都市：住,100000,346,持分移轉,06390000
RPQNMLOLJHKGFAA17CB,木柵段三小段,.33,都市：住,100000,346,持分移轉,06460000
RPQNMLOLJHKGFAA17CB,木柵段三小段,.37,都市：住,100000,346,持分移轉,06470000
RPQNMLOLJHKGFAA17CB,木柵段三小段,.37,都市：住,100000,346,持分移轉,06480000
RPQNMLOLJHKGFAA17CB,木柵段三小段,.28,都市：住,100000,346,持分移轉,06490000
RPQNMLOLJHKGFAA17CB,木柵段三小段,.28,都市：住,100000,346,持分移轉,06530000
RPQNMLOLJHKGFAA17CB,木柵段三小段,.28,都市：住,100000,346,持分移轉,06570000
RPQNMLOLJHKGFAA17CB,木柵段三小段,.26,都市：住,100000,346,持分移轉,06600000
RPQNMLOLJHKGFAA17CB,木柵段三小段,.04,都市：住,100000,346,持分移轉,06230002
RPQNMLOLJHKGFAA17CB,木柵段三小段,.05,都市：住,100000,346,持分移轉,06230003
RPQNMLOLJHKGFAA17CB,木柵段三小段,.07,都市：住,100000,346,持分移轉,06320000
RPQNMLOLJHKGFAA17CB,木柵段三小段,.02,都市：住,100000,346,持分移轉,06230004
RPQNMLOLJHKGFAA17CB,木柵段三小段,.00,都市：住,100000,346,持分移轉,06230005
RPQNMLOLJHKGFAA17CB,木柵段三小段,.01,都市：住,100000,346,持分移轉,06310000
RPQNMLOLJHKGFAA17CB,木柵段三小段,.30,都市：住,100000,346,持分移轉,06400000
RPQNMLOLJHKGFAA17CB,木柵段三小段,.28,都市：住,100000,346,持分移轉,06430000
RPQNMLOLJHKGFAA17CB,木柵段三小段,.01,都市：住,100000,346,持分移轉,06440000
RPQNMLOLJHKGFAA17CB,木柵段三小段,.46,都市：住,100000,346,持分移轉,06450000
RPTNMLMLJHKGFBA37CB,玉泉段一小段,.02,都市：商,100000,947,持分移轉,06760000
RPQNMLOLJHKGFAA17CB,木柵段三小段,.02,都市：住,100000,346,持分移轉,06230001
RPQNMLOLJHKGFAA17CB,木柵段三小段,.14,都市：住,100000,346,持分移轉,06350000
RPTNMLMLJHKGFBA37CB,玉泉段一小段,.03,都市：商,100000,947,持分移轉,06760002
RPQNMLOLJHKGFAA17CB,木柵段三小段,.22,都市：住,100000,346,持分移轉,06520000
RPTNMLMLJHKGFBA37CB,玉泉段一小段,.02,都市：商,100000,947,持分移轉,06770001
RPQNMLOLJHKGFAA17CB,木柵段三小段,.28,都市：住,100000,346,持分移轉,06560000
RPTNMLMLJHKGFBA37CB,玉泉段一小段,.01,都市：商,100000,947,持分移轉,06780000
RPTNMLMLJHKGFBA37CB,玉泉段一小段,.02,都市：商,100000,947,持分移轉,06790000
RPTNMLMLJHKGFBA37CB,玉泉段一小段,.96,都市：商,100000,947,持分移轉,06800000
RPTNMLMLJHKGFBA37CB,玉泉段一小段,.94,都市：商,100000,947,持分移轉,06810000
RPTNMLMLJHKGFBA37CB,玉泉段一小段,.77,都市：商,100000,947,持分移轉,06820000
RPTNMLMLJHKGFBA37CB,玉泉段一小段,.72,都市：商,100000,947,持分移轉,06830000
RPTNMLMLJHKGFBA37CB,玉泉段一小段,.06,都市：商,100000,947,持分移轉,06840000
RPTNMLMLJHKGFBA37CB,玉泉段一小段,2.54,都市：商,100000,947,持分移轉,06850000
RPTNMLMLJHKGFBA37CB,玉泉段一小段,.10,都市：商,100000,947,持分移轉,06870000
RPTNMLMLJHKGFBA37CB,玉泉段一小段,.19,都市：商,100000,947,持分移轉,06890000
RPTNMLMLJHKGFBA37CB,玉泉段一小段,.01,都市：商,100000,947,持分移轉,06900000
RPTNMLMLJHKGFBA37CB,玉泉段一小段,.24,都市：商,100000,947,持分移轉,06910000
RPTNMLMLJHKGFBA37CB,玉泉段一小段,.15,都市：商,100000,947,持分移轉,06920000
RPTNMLMLJHKGFBA37CB,玉泉段一小段,.63,都市：商,100000,947,持分移轉,06930000
RPTNMLMLJHKGFBA37CB,玉泉段一小段,.49,都市：商,100000,947,持分移轉,06940000
RPPNMLNJKHKGFBA96CB,漢中段一小段,7.41,都市：商,500000,4419,持分移轉,00930000
RPQNMLNJKHKGFAA96CB,木柵段三小段,.05,都市：住,100000,262,持分移轉,06320000
RPQNMLNJKHKGFAA96CB,木柵段三小段,.02,都市：住,100000,262,持分移轉,06230004
RPQNMLNJKHKGFAA96CB,木柵段三小段,.00,都市：住,100000,262,持分移轉,06230005
RPQNMLNJKHKGFAA96CB,木柵段三小段,.01,都市：住,100000,262,持分移轉,06310000
RPQNMLNJKHKGFAA96CB,木柵段三小段,.23,都市：住,100000,262,持分移轉,06400000
RPQNMLNJKHKGFAA96CB,木柵段三小段,.21,都市：住,100000,262,持分移轉,06430000
RPQNMLNJKHKGFAA96CB,木柵段三小段,.01,都市：住,100000,262,持分移轉,06440000
RPQNMLNJKHKGFAA96CB,木柵段三小段,.35,都市：住,100000,262,持分移轉,06450000
RPQNMLNJKHKGFAA96CB,木柵段三小段,.02,都市：住,100000,262,持分移轉,06230001
RPQNMLNJKHKGFAA96CB,木柵段三小段,.11,都市：住,100000,262,持分移轉,06350000
RPQNMLNJKHKGFAA96CB,木柵段三小段,.17,都市：住,100000,262,持分移轉,06520000
RPQNMLNJKHKGFAA96CB,木柵段三小段,.21,都市：住,100000,262,持分移轉,06560000
RPQNMLNJKHKGFAA96CB,木柵段三小段,.06,都市：住,100000,262,持分移轉,06610000
RPQNMLNJKHKGFAA96CB,木柵段三小段,8.93,都市：住,100000,262,持分移轉,06660000
RPQNMLNJKHKGFAA96CB,木柵段三小段,.00,都市：住,100000,262,持分移轉,06230000
RPQNMLNJKHKGFAA96CB,木柵段三小段,.16,都市：住,100000,262,持分移轉,06360000
RPQNMLNJKHKGFAA96CB,木柵段三小段,.20,都市：住,100000,262,持分移轉,06390000
RPQNMLNJKHKGFAA96CB,木柵段三小段,.25,都市：住,100000,262,持分移轉,06460000
RPQNMLNJKHKGFAA96CB,木柵段三小段,.28,都市：住,100000,262,持分移轉,06470000
RPQNMLNJKHKGFAA96CB,木柵段三小段,.28,都市：住,100000,262,持分移轉,06480000
RPQNMLNJKHKGFAA96CB,木柵段三小段,.21,都市：住,100000,262,持分移轉,06490000
RPQNMLNJKHKGFAA96CB,木柵段三小段,.21,都市：住,100000,262,持分移轉,06530000
RPQNMLNJKHKGFAA96CB,木柵段三小段,.21,都市：住,100000,262,持分移轉,06570000
RPQNMLNJKHKGFAA96CB,木柵段三小段,.20,都市：住,100000,262,持分移轉,06600000
RPQNMLNJKHKGFAA96CB,木柵段三小段,.03,都市：住,100000,262,持分移轉,06230002
RPQNMLNJKHKGFAA96CB,木柵段三小段,.04,都市：住,100000,262,持分移轉,06230003
RPPNMLNJKHKGFEA27CB,百齡段五小段,18.72,都市：住,200000,1190,持分移轉,05430000
RPRNMLNJKHKGFEA47CB,百齡段五小段,22.76,都市：住,200000,1447,持分移轉,05430000
RPRNMLOJKHKGFAA17CB,華興段一小段,13.15,都市：住,1000000,331,持分移轉,04210000
RPRNMLOJKHKGFAA17CB,華興段一小段,.03,都市：住,1000000,331,持分移轉,04290000
RPPNMLOLJHKGFAA07CB,木柵段三小段,.20,都市：住,100000,262,持分移轉,06600000
RPPNMLOLJHKGFAA07CB,木柵段三小段,.03,都市：住,100000,262,持分移轉,06230002
RPPNMLOLJHKGFAA07CB,木柵段三小段,.04,都市：住,100000,262,持分移轉,06230003
RPPNMLOLJHKGFAA07CB,木柵段三小段,.05,都市：住,100000,262,持分移轉,06320000
RPPNMLOLJHKGFAA07CB,木柵段三小段,.02,都市：住,100000,262,持分移轉,06230004
RPPNMLOLJHKGFAA07CB,木柵段三小段,.00,都市：住,100000,262,持分移轉,06230005
RPPNMLOLJHKGFAA07CB,木柵段三小段,.01,都市：住,100000,262,持分移轉,06310000
RPPNMLOLJHKGFAA07CB,木柵段三小段,.23,都市：住,100000,262,持分移轉,06400000
RPPNMLOLJHKGFAA07CB,木柵段三小段,.21,都市：住,100000,262,持分移轉,06430000
RPPNMLOLJHKGFAA07CB,木柵段三小段,.01,都市：住,100000,262,持分移轉,06440000
RPPNMLOLJHKGFAA07CB,木柵段三小段,.35,都市：住,100000,262,持分移轉,06450000
RPPNMLOLJHKGFAA07CB,木柵段三小段,.02,都市：住,100000,262,持分移轉,06230001
RPPNMLOLJHKGFAA07CB,木柵段三小段,.11,都市：住,100000,262,持分移轉,06350000
RPPNMLOLJHKGFAA07CB,木柵段三小段,.17,都市：住,100000,262,持分移轉,06520000
RPPNMLOLJHKGFAA07CB,木柵段三小段,.21,都市：住,100000,262,持分移轉,06560000
RPPNMLOLJHKGFAA07CB,木柵段三小段,.06,都市：住,100000,262,持分移轉,06610000
RPPNMLOLJHKGFAA07CB,木柵段三小段,8.93,都市：住,100000,262,持分移轉,06660000
RPPNMLOLJHKGFAA07CB,木柵段三小段,.00,都市：住,100000,262,持分移轉,06230000
RPPNMLOLJHKGFAA07CB,木柵段三小段,.16,都市：住,100000,262,持分移轉,06360000
RPPNMLOLJHKGFAA07CB,木柵段三小段,.20,都市：住,100000,262,持分移轉,06390000
RPPNMLOLJHKGFAA07CB,木柵段三小段,.25,都市：住,100000,262,持分移轉,06460000
RPPNMLOLJHKGFAA07CB,木柵段三小段,.28,都市：住,100000,262,持分移轉,06470000
RPPNMLOLJHKGFAA07CB,木柵段三小段,.28,都市：住,100000,262,持分移轉,06480000
RPPNMLOLJHKGFAA07CB,木柵段三小段,.21,都市：住,100000,262,持分移轉,06490000
RPPNMLOLJHKGFAA07CB,木柵段三小段,.21,都市：住,100000,262,持分移轉,06530000
RPPNMLOLJHKGFAA07CB,木柵段三小段,.21,都市：住,100000,262,持分移轉,06570000
RPPNMLLLJHKGFEA27DB,光華段一小段,27.30,都市：商,100000,5352,持分移轉,05380000
RPSOMLOLJHKGFCA67CB,吉林段四小段,.02,都市：商,1000000,2769,持分移轉,06030000
RPSOMLOLJHKGFCA67CB,吉林段四小段,.00,都市：商,1000000,2769,持分移轉,06030001
RPSOMLOLJHKGFCA67CB,吉林段四小段,.07,都市：商,1000000,2769,持分移轉,06030002
RPSOMLOLJHKGFCA67CB,吉林段四小段,.06,都市：商,1000000,2769,持分移轉,06030003
RPSOMLOLJHKGFCA67CB,吉林段四小段,.19,都市：商,1000000,2769,持分移轉,06040000
RPSOMLOLJHKGFCA67CB,吉林段四小段,.08,都市：商,1000000,2769,持分移轉,06050000
RPSOMLOLJHKGFCA67CB,吉林段四小段,.13,都市：商,1000000,2769,持分移轉,06060000
RPSOMLOLJHKGFCA67CB,吉林段四小段,.01,都市：商,1000000,2769,持分移轉,06060001
RPSOMLOLJHKGFCA67CB,吉林段四小段,.02,都市：商,1000000,2769,持分移轉,06070000
RPSOMLOLJHKGFCA67CB,吉林段四小段,.02,都市：商,1000000,2769,持分移轉,06080000
RPSOMLOLJHKGFCA67CB,吉林段四小段,.00,都市：商,1000000,2769,持分移轉,06080001
RPSOMLOLJHKGFCA67CB,吉林段四小段,.04,都市：商,1000000,2769,持分移轉,06090000
RPSOMLOLJHKGFCA67CB,吉林段四小段,.01,都市：商,1000000,2769,持分移轉,06110000
RPSOMLOLJHKGFCA67CB,吉林段四小段,.03,都市：商,1000000,2769,持分移轉,06120000
RPSOMLOLJHKGFCA67CB,吉林段四小段,.15,都市：商,1000000,2769,持分移轉,06130000
RPSOMLOLJHKGFCA67CB,吉林段四小段,.31,都市：商,1000000,2769,持分移轉,06140000
RPSOMLOLJHKGFCA67CB,吉林段四小段,.00,都市：商,1000000,2769,持分移轉,06150000
RPSOMLOLJHKGFCA67CB,吉林段四小段,.01,都市：商,1000000,2769,持分移轉,06150001
RPSOMLOLJHKGFCA67CB,吉林段四小段,.00,都市：商,1000000,2769,持分移轉,06150002
RPSOMLOLJHKGFCA67CB,吉林段四小段,.20,都市：商,1000000,2769,持分移轉,06160000
RPSOMLOLJHKGFCA67CB,吉林段四小段,.35,都市：商,1000000,2769,持分移轉,06170000
RPSOMLOLJHKGFCA67CB,吉林段四小段,.19,都市：商,1000000,2769,持分移轉,06180000
RPSOMLOLJHKGFCA67CB,吉林段四小段,.28,都市：商,1000000,2769,持分移轉,06190000
RPSOMLOLJHKGFCA67CB,吉林段四小段,.28,都市：商,1000000,2769,持分移轉,06200000
RPSOMLOLJHKGFCA67CB,吉林段四小段,.15,都市：商,1000000,2769,持分移轉,06210000
RPSOMLOLJHKGFCA67CB,吉林段四小段,.23,都市：商,1000000,2769,持分移轉,06220000
RPSOMLOLJHKGFCA67CB,吉林段四小段,.20,都市：商,1000000,2769,持分移轉,06230000
RPSOMLOLJHKGFCA67CB,吉林段四小段,.57,都市：商,1000000,2769,持分移轉,06380001
RPSOMLOLJHKGFCA67CB,吉林段四小段,.01,都市：商,1000000,2769,持分移轉,07070003
RPSOMLOLJHKGFCA67CB,吉林段四小段,.01,都市：商,1000000,2769,持分移轉,07070004
RPSOMLOLJHKGFCA67CB,吉林段四小段,.54,都市：商,1000000,2769,持分移轉,07080000
RPSOMLOLJHKGFCA67CB,吉林段四小段,.12,都市：商,1000000,2769,持分移轉,07080001
RPSOMLOLJHKGFCA67CB,吉林段四小段,.05,都市：商,1000000,2769,持分移轉,07080002
RPSOMLOLJHKGFCA67CB,吉林段四小段,.06,都市：商,1000000,2769,持分移轉,07090000
RPSOMLOLJHKGFCA67CB,吉林段四小段,.01,都市：商,1000000,2769,持分移轉,07090001
RPSOMLOLJHKGFCA67CB,吉林段四小段,.07,都市：商,1000000,2769,持分移轉,07100000
RPSOMLOLJHKGFCA67CB,吉林段四小段,.09,都市：商,1000000,2769,持分移轉,07130000
RPSOMLOLJHKGFCA67CB,吉林段四小段,.05,都市：商,1000000,2769,持分移轉,07130001
RPSOMLOLJHKGFCA67CB,吉林段四小段,.06,都市：商,1000000,2769,持分移轉,07140000
RPSOMLOLJHKGFCA67CB,吉林段四小段,.02,都市：商,1000000,2769,持分移轉,07150000
RPVNMLMLJHKGFBA57CB,玉泉段一小段,.02,都市：商,100000,772,持分移轉,06760000
RPVNMLMLJHKGFBA57CB,玉泉段一小段,.02,都市：商,100000,772,持分移轉,06760002
RPVNMLMLJHKGFBA57CB,玉泉段一小段,.02,都市：商,100000,772,持分移轉,06770001
RPVNMLMLJHKGFBA57CB,玉泉段一小段,.01,都市：商,100000,772,持分移轉,06780000
RPVNMLMLJHKGFBA57CB,玉泉段一小段,.02,都市：商,100000,772,持分移轉,06790000
RPVNMLMLJHKGFBA57CB,玉泉段一小段,.78,都市：商,100000,772,持分移轉,06800000
RPVNMLMLJHKGFBA57CB,玉泉段一小段,.76,都市：商,100000,772,持分移轉,06810000
RPVNMLMLJHKGFBA57CB,玉泉段一小段,.63,都市：商,100000,772,持分移轉,06820000
RPVNMLMLJHKGFBA57CB,玉泉段一小段,.59,都市：商,100000,772,持分移轉,06830000
RPVNMLMLJHKGFBA57CB,玉泉段一小段,.05,都市：商,100000,772,持分移轉,06840000
RPVNMLMLJHKGFBA57CB,玉泉段一小段,2.07,都市：商,100000,772,持分移轉,06850000
RPVNMLMLJHKGFBA57CB,玉泉段一小段,.08,都市：商,100000,772,持分移轉,06870000
RPVNMLMLJHKGFBA57CB,玉泉段一小段,.15,都市：商,100000,772,持分移轉,06890000
RPVNMLMLJHKGFBA57CB,玉泉段一小段,.01,都市：商,100000,772,持分移轉,06900000
RPVNMLMLJHKGFBA57CB,玉泉段一小段,.19,都市：商,100000,772,持分移轉,06910000
RPVNMLMLJHKGFBA57CB,玉泉段一小段,.12,都市：商,100000,772,持分移轉,06920000
RPVNMLMLJHKGFBA57CB,玉泉段一小段,.51,都市：商,100000,772,持分移轉,06930000
RPVNMLMLJHKGFBA57CB,玉泉段一小段,.40,都市：商,100000,772,持分移轉,06940000
RPPNMLPJKHKGFCA27CB,德惠段二小段,.90,都市：住,100000,3730,持分移轉,09900000
RPPNMLPJKHKGFCA27CB,德惠段二小段,.04,都市：住,100000,3730,持分移轉,09920000
RPPNMLPJKHKGFCA27CB,德惠段二小段,.45,都市：住,100000,3730,持分移轉,09930000
RPPNMLPJKHKGFCA27CB,德惠段二小段,1.75,都市：住,100000,3730,持分移轉,09940000
RPPNMLPJKHKGFCA27CB,德惠段二小段,6.45,都市：住,100000,3730,持分移轉,09950000
RPPNMLPJKHKGFCA27CB,德惠段二小段,2.80,都市：住,100000,3730,持分移轉,10030000
RPQNMLMLJHKGFDA27CB,玉成段一小段,8.54,都市：其他:產業生活特定專用區（一）（住）,100000,186,持分移轉,01690003
RPPNMLMLJHKGFDA17CB,玉成段一小段,6.20,都市：其他:產業生活特定專用區（一）（住）,100000,135,持分移轉,01690003
RPQNMLNJKHKGFDA27CB,寶清段三小段,12.68,都市：住,100000,5491,持分移轉,01750000
RPPNMLPJKHKGFDA37CB,敦化段一小段,9.22,都市：住,500000,5182,持分移轉,03850000
RPPNMLPJKHKGFDA37CB,敦化段一小段,9.80,都市：住,500000,5182,持分移轉,03860000
RPPNMLPJKHKGFDA37CB,敦化段一小段,3.61,都市：住,500000,5182,持分移轉,03870002
RPPNMLPJKHKGFDA37CB,敦化段一小段,14.40,都市：住,500000,5182,持分移轉,03920000
RPPNMLPJKHKGFDA37CB,敦化段一小段,1.45,都市：住,500000,5182,持分移轉,03930000
RPPNMLPJKHKGFDA37CB,敦化段一小段,1.23,都市：住,500000,5182,持分移轉,03940000
RPPNMLPJKHKGFDA37CB,敦化段一小段,1.39,都市：住,500000,5182,持分移轉,03950001
RPUNMLQJKHKGFFA18CB,通化段一小段,5.44,都市：商,100000,246,持分移轉,01130000
RPUNMLQJKHKGFFA18CB,通化段一小段,.91,都市：商,100000,246,持分移轉,01130001
RPUNMLQJKHKGFFA18CB,通化段一小段,.46,都市：商,100000,246,持分移轉,01200000
RPUNMLQJKHKGFFA18CB,通化段一小段,.40,都市：商,100000,246,持分移轉,01210000
RPUNMLQJKHKGFFA18CB,通化段一小段,.05,都市：商,100000,246,持分移轉,01220000
RPUNMLQJKHKGFFA18CB,通化段一小段,.32,都市：商,100000,246,持分移轉,01220001
RPUNMLQJKHKGFFA18CB,通化段一小段,.33,都市：商,100000,246,持分移轉,01230000
RPUNMLQJKHKGFFA18CB,通化段一小段,.01,都市：商,100000,246,持分移轉,01240000
RPUNMLQJKHKGFFA18CB,通化段一小段,.61,都市：商,100000,246,持分移轉,01250000
RPUNMLQJKHKGFFA18CB,通化段一小段,1.16,都市：商,100000,246,持分移轉,01260000
RPUNMLQJKHKGFFA18CB,通化段一小段,.59,都市：商,100000,246,持分移轉,01260001
RPUNMLQJKHKGFFA18CB,通化段一小段,.09,都市：商,100000,246,持分移轉,01260002
RPUNMLQJKHKGFFA18CB,通化段一小段,.18,都市：商,100000,246,持分移轉,01290000
RPUNMLQJKHKGFFA18CB,通化段一小段,.00,都市：商,100000,246,持分移轉,01300000
RPUNMLQJKHKGFFA18CB,通化段一小段,.29,都市：商,100000,246,持分移轉,01310000
RPUNMLQJKHKGFFA18CB,通化段一小段,.45,都市：商,100000,246,持分移轉,01320000
RPUNMLQJKHKGFFA18CB,通化段一小段,.21,都市：商,100000,246,持分移轉,01330000
RPUNMLQJKHKGFFA18CB,通化段一小段,.08,都市：商,100000,246,持分移轉,01330001
RPUNMLQJKHKGFFA18CB,通化段一小段,.24,都市：商,100000,246,持分移轉,01330002
RPRNMLQJKHKGFFA87CB,通化段一小段,6.10,都市：商,100000,276,持分移轉,01130000
RPRNMLQJKHKGFFA87CB,通化段一小段,1.02,都市：商,100000,276,持分移轉,01130001
RPSNMLQJKHKGFFA97CB,通化段一小段,6.01,都市：商,100000,272,持分移轉,01130000
RPRNMLQJKHKGFFA87CB,通化段一小段,.52,都市：商,100000,276,持分移轉,01200000
RPSNMLQJKHKGFFA97CB,通化段一小段,1.00,都市：商,100000,272,持分移轉,01130001
RPRNMLQJKHKGFFA87CB,通化段一小段,.44,都市：商,100000,276,持分移轉,01210000
RPSNMLQJKHKGFFA97CB,通化段一小段,.51,都市：商,100000,272,持分移轉,01200000
RPRNMLQJKHKGFFA87CB,通化段一小段,.05,都市：商,100000,276,持分移轉,01220000
RPSNMLQJKHKGFFA97CB,通化段一小段,.44,都市：商,100000,272,持分移轉,01210000
RPRNMLQJKHKGFFA87CB,通化段一小段,.36,都市：商,100000,276,持分移轉,01220001
RPSNMLQJKHKGFFA97CB,通化段一小段,.05,都市：商,100000,272,持分移轉,01220000
RPRNMLQJKHKGFFA87CB,通化段一小段,.37,都市：商,100000,276,持分移轉,01230000
RPSNMLQJKHKGFFA97CB,通化段一小段,.35,都市：商,100000,272,持分移轉,01220001
RPRNMLQJKHKGFFA87CB,通化段一小段,.01,都市：商,100000,276,持分移轉,01240000
RPSNMLQJKHKGFFA97CB,通化段一小段,.36,都市：商,100000,272,持分移轉,01230000
RPRNMLQJKHKGFFA87CB,通化段一小段,.69,都市：商,100000,276,持分移轉,01250000
RPSNMLQJKHKGFFA97CB,通化段一小段,.01,都市：商,100000,272,持分移轉,01240000
RPRNMLQJKHKGFFA87CB,通化段一小段,1.30,都市：商,100000,276,持分移轉,01260000
RPSNMLQJKHKGFFA97CB,通化段一小段,.68,都市：商,100000,272,持分移轉,01250000
RPRNMLQJKHKGFFA87CB,通化段一小段,.66,都市：商,100000,276,持分移轉,01260001
RPSNMLQJKHKGFFA97CB,通化段一小段,1.28,都市：商,100000,272,持分移轉,01260000
RPRNMLQJKHKGFFA87CB,通化段一小段,.10,都市：商,100000,276,持分移轉,01260002
RPSNMLQJKHKGFFA97CB,通化段一小段,.65,都市：商,100000,272,持分移轉,01260001
RPRNMLQJKHKGFFA87CB,通化段一小段,.20,都市：商,100000,276,持分移轉,01290000
RPSNMLQJKHKGFFA97CB,通化段一小段,.10,都市：商,100000,272,持分移轉,01260002
RPRNMLQJKHKGFFA87CB,通化段一小段,.00,都市：商,100000,276,持分移轉,01300000
RPSNMLQJKHKGFFA97CB,通化段一小段,.20,都市：商,100000,272,持分移轉,01290000
RPRNMLQJKHKGFFA87CB,通化段一小段,.33,都市：商,100000,276,持分移轉,01310000
RPSNMLQJKHKGFFA97CB,通化段一小段,.00,都市：商,100000,272,持分移轉,01300000
RPRNMLQJKHKGFFA87CB,通化段一小段,.51,都市：商,100000,276,持分移轉,01320000
RPSNMLQJKHKGFFA97CB,通化段一小段,.32,都市：商,100000,272,持分移轉,01310000
RPRNMLQJKHKGFFA87CB,通化段一小段,.23,都市：商,100000,276,持分移轉,01330000
RPSNMLQJKHKGFFA97CB,通化段一小段,.50,都市：商,100000,272,持分移轉,01320000
RPRNMLQJKHKGFFA87CB,通化段一小段,.09,都市：商,100000,276,持分移轉,01330001
RPSNMLQJKHKGFFA97CB,通化段一小段,.23,都市：商,100000,272,持分移轉,01330000
RPRNMLQJKHKGFFA87CB,通化段一小段,.27,都市：商,100000,276,持分移轉,01330002
RPSNMLQJKHKGFFA97CB,通化段一小段,.09,都市：商,100000,272,持分移轉,01330001
RPSNMLQJKHKGFFA97CB,通化段一小段,.27,都市：商,100000,272,持分移轉,01330002
RPPOMLQJKHKGFFA77CB,大安段三小段,.10,都市：商,100000,767,持分移轉,03890000
RPPOMLQJKHKGFFA77CB,大安段三小段,.32,都市：商,100000,767,持分移轉,03890001
RPPOMLQJKHKGFFA77CB,大安段三小段,.05,都市：商,100000,767,持分移轉,03920000
RPPOMLQJKHKGFFA77CB,大安段三小段,.04,都市：商,100000,767,持分移轉,03920001
RPPOMLQJKHKGFFA77CB,大安段三小段,.25,都市：商,100000,767,持分移轉,03930000
RPPOMLQJKHKGFFA77CB,大安段三小段,.16,都市：商,100000,767,持分移轉,03930001
RPPOMLQJKHKGFFA77CB,大安段三小段,.22,都市：商,100000,767,持分移轉,03940000
RPPOMLQJKHKGFFA77CB,大安段三小段,.19,都市：商,100000,767,持分移轉,03940001
RPPOMLQJKHKGFFA77CB,大安段三小段,.23,都市：商,100000,767,持分移轉,03950000
RPPOMLQJKHKGFFA77CB,大安段三小段,.19,都市：商,100000,767,持分移轉,03950001
RPPOMLQJKHKGFFA77CB,大安段三小段,.29,都市：商,100000,767,持分移轉,03960000
RPPOMLQJKHKGFFA77CB,大安段三小段,.27,都市：商,100000,767,持分移轉,03970002
RPPOMLQJKHKGFFA77CB,大安段三小段,.22,都市：商,100000,767,持分移轉,03970003
RPPOMLQJKHKGFFA77CB,大安段三小段,.22,都市：商,100000,767,持分移轉,03970004
RPPOMLQJKHKGFFA77CB,大安段三小段,.28,都市：商,100000,767,持分移轉,03970005
RPPOMLQJKHKGFFA77CB,大安段三小段,.19,都市：商,100000,767,持分移轉,03970007
RPPOMLQJKHKGFFA77CB,大安段三小段,.12,都市：商,100000,767,持分移轉,03970008
RPPOMLQJKHKGFFA77CB,大安段三小段,.13,都市：商,100000,767,持分移轉,03970009
RPPOMLQJKHKGFFA77CB,大安段三小段,.17,都市：商,100000,767,持分移轉,03970010
RPPOMLQJKHKGFFA77CB,大安段三小段,.75,都市：商,100000,767,持分移轉,04250000
RPPOMLQJKHKGFFA77CB,大安段三小段,.72,都市：商,100000,767,持分移轉,04260000
RPPOMLQJKHKGFFA77CB,大安段三小段,.78,都市：商,100000,767,持分移轉,04270000
RPPOMLQJKHKGFFA77CB,大安段三小段,.79,都市：商,100000,767,持分移轉,04280000
RPPOMLQJKHKGFFA77CB,大安段三小段,.79,都市：商,100000,767,持分移轉,04290000
RPPOMLQJKHKGFFA77CB,大安段三小段,1.00,都市：商,100000,767,持分移轉,04300000
RPPOMLQJKHKGFFA77CB,大安段三小段,.21,都市：商,100000,767,持分移轉,03960001
RPOOMLQJKHKGFFA67CB,大安段三小段,.06,都市：商,100000,478,持分移轉,03890000
RPOOMLQJKHKGFFA67CB,大安段三小段,.20,都市：商,100000,478,持分移轉,03890001
RPOOMLQJKHKGFFA67CB,大安段三小段,.03,都市：商,100000,478,持分移轉,03920000
RPOOMLQJKHKGFFA67CB,大安段三小段,.02,都市：商,100000,478,持分移轉,03920001
RPOOMLQJKHKGFFA67CB,大安段三小段,.15,都市：商,100000,478,持分移轉,03930000
RPOOMLQJKHKGFFA67CB,大安段三小段,.10,都市：商,100000,478,持分移轉,03930001
RPOOMLQJKHKGFFA67CB,大安段三小段,.14,都市：商,100000,478,持分移轉,03940000
RPOOMLQJKHKGFFA67CB,大安段三小段,.12,都市：商,100000,478,持分移轉,03940001
RPOOMLQJKHKGFFA67CB,大安段三小段,.14,都市：商,100000,478,持分移轉,03950000
RPOOMLQJKHKGFFA67CB,大安段三小段,.12,都市：商,100000,478,持分移轉,03950001
RPOOMLQJKHKGFFA67CB,大安段三小段,.18,都市：商,100000,478,持分移轉,03960000
RPOOMLQJKHKGFFA67CB,大安段三小段,.17,都市：商,100000,478,持分移轉,03970002
RPOOMLQJKHKGFFA67CB,大安段三小段,.14,都市：商,100000,478,持分移轉,03970003
RPOOMLQJKHKGFFA67CB,大安段三小段,.14,都市：商,100000,478,持分移轉,03970004
RPOOMLQJKHKGFFA67CB,大安段三小段,.18,都市：商,100000,478,持分移轉,03970005
RPOOMLQJKHKGFFA67CB,大安段三小段,.12,都市：商,100000,478,持分移轉,03970007
RPOOMLQJKHKGFFA67CB,大安段三小段,.08,都市：商,100000,478,持分移轉,03970008
RPOOMLQJKHKGFFA67CB,大安段三小段,.08,都市：商,100000,478,持分移轉,03970009
RPOOMLQJKHKGFFA67CB,大安段三小段,.11,都市：商,100000,478,持分移轉,03970010
RPOOMLQJKHKGFFA67CB,大安段三小段,.47,都市：商,100000,478,持分移轉,04250000
RPOOMLQJKHKGFFA67CB,大安段三小段,.45,都市：商,100000,478,持分移轉,04260000
RPOOMLQJKHKGFFA67CB,大安段三小段,.49,都市：商,100000,478,持分移轉,04270000
RPOOMLQJKHKGFFA67CB,大安段三小段,.49,都市：商,100000,478,持分移轉,04280000
RPOOMLQJKHKGFFA67CB,大安段三小段,.49,都市：商,100000,478,持分移轉,04290000
RPOOMLQJKHKGFFA67CB,大安段三小段,.62,都市：商,100000,478,持分移轉,04300000
RPOOMLQJKHKGFFA67CB,大安段三小段,.13,都市：商,100000,478,持分移轉,03960001
RPTNMLQJKHKGFFA08CB,通化段一小段,6.08,都市：商,100000,275,持分移轉,01130000
RPTNMLQJKHKGFFA08CB,通化段一小段,1.01,都市：商,100000,275,持分移轉,01130001
RPTNMLQJKHKGFFA08CB,通化段一小段,.51,都市：商,100000,275,持分移轉,01200000
RPTNMLQJKHKGFFA08CB,通化段一小段,.44,都市：商,100000,275,持分移轉,01210000
RPTNMLQJKHKGFFA08CB,通化段一小段,.05,都市：商,100000,275,持分移轉,01220000
RPTNMLQJKHKGFFA08CB,通化段一小段,.35,都市：商,100000,275,持分移轉,01220001
RPTNMLQJKHKGFFA08CB,通化段一小段,.37,都市：商,100000,275,持分移轉,01230000
RPTNMLQJKHKGFFA08CB,通化段一小段,.01,都市：商,100000,275,持分移轉,01240000
RPTNMLQJKHKGFFA08CB,通化段一小段,.68,都市：商,100000,275,持分移轉,01250000
RPTNMLQJKHKGFFA08CB,通化段一小段,1.30,都市：商,100000,275,持分移轉,01260000
RPTNMLQJKHKGFFA08CB,通化段一小段,.66,都市：商,100000,275,持分移轉,01260001
RPTNMLQJKHKGFFA08CB,通化段一小段,.10,都市：商,100000,275,持分移轉,01260002
RPTNMLQJKHKGFFA08CB,通化段一小段,.20,都市：商,100000,275,持分移轉,01290000
RPTNMLQJKHKGFFA08CB,通化段一小段,.00,都市：商,100000,275,持分移轉,01300000
RPTNMLQJKHKGFFA08CB,通化段一小段,.32,都市：商,100000,275,持分移轉,01310000
RPTNMLQJKHKGFFA08CB,通化段一小段,.50,都市：商,100000,275,持分移轉,01320000
RPTNMLQJKHKGFFA08CB,通化段一小段,.23,都市：商,100000,275,持分移轉,01330000
RPTNMLQJKHKGFFA08CB,通化段一小段,.09,都市：商,100000,275,持分移轉,01330001
RPTNMLQJKHKGFFA08CB,通化段一小段,.27,都市：商,100000,275,持分移轉,01330002
RPTOMLQJKHKGFFA18CB,大安段三小段,.10,都市：商,100000,757,持分移轉,03890000
RPTOMLQJKHKGFFA18CB,大安段三小段,.32,都市：商,100000,757,持分移轉,03890001
RPTOMLQJKHKGFFA18CB,大安段三小段,.05,都市：商,100000,757,持分移轉,03920000
RPTOMLQJKHKGFFA18CB,大安段三小段,.04,都市：商,100000,757,持分移轉,03920001
RPTOMLQJKHKGFFA18CB,大安段三小段,.24,都市：商,100000,757,持分移轉,03930000
RPTOMLQJKHKGFFA18CB,大安段三小段,.16,都市：商,100000,757,持分移轉,03930001
RPTOMLQJKHKGFFA18CB,大安段三小段,.22,都市：商,100000,757,持分移轉,03940000
RPTOMLQJKHKGFFA18CB,大安段三小段,.19,都市：商,100000,757,持分移轉,03940001
RPTOMLQJKHKGFFA18CB,大安段三小段,.23,都市：商,100000,757,持分移轉,03950000
RPTOMLQJKHKGFFA18CB,大安段三小段,.19,都市：商,100000,757,持分移轉,03950001
RPTOMLQJKHKGFFA18CB,大安段三小段,.29,都市：商,100000,757,持分移轉,03960000
RPTOMLQJKHKGFFA18CB,大安段三小段,.26,都市：商,100000,757,持分移轉,03970002
RPTOMLQJKHKGFFA18CB,大安段三小段,.22,都市：商,100000,757,持分移轉,03970003
RPTOMLQJKHKGFFA18CB,大安段三小段,.22,都市：商,100000,757,持分移轉,03970004
RPTOMLQJKHKGFFA18CB,大安段三小段,.28,都市：商,100000,757,持分移轉,03970005
RPTOMLQJKHKGFFA18CB,大安段三小段,.19,都市：商,100000,757,持分移轉,03970007
RPTOMLQJKHKGFFA18CB,大安段三小段,.12,都市：商,100000,757,持分移轉,03970008
RPTOMLQJKHKGFFA18CB,大安段三小段,.13,都市：商,100000,757,持分移轉,03970009
RPTOMLQJKHKGFFA18CB,大安段三小段,.17,都市：商,100000,757,持分移轉,03970010
RPTOMLQJKHKGFFA18CB,大安段三小段,.74,都市：商,100000,757,持分移轉,04250000
RPTOMLQJKHKGFFA18CB,大安段三小段,.71,都市：商,100000,757,持分移轉,04260000
RPTOMLQJKHKGFFA18CB,大安段三小段,.77,都市：商,100000,757,持分移轉,04270000
RPTOMLQJKHKGFFA18CB,大安段三小段,.78,都市：商,100000,757,持分移轉,04280000
RPTOMLQJKHKGFFA18CB,大安段三小段,.78,都市：商,100000,757,持分移轉,04290000
RPTOMLQJKHKGFFA18CB,大安段三小段,.98,都市：商,100000,757,持分移轉,04300000
RPTOMLQJKHKGFFA18CB,大安段三小段,.20,都市：商,100000,757,持分移轉,03960001
RPUOMLQJKHKGFFA28CB,大安段三小段,.06,都市：商,100000,480,持分移轉,03890000
RPUOMLQJKHKGFFA28CB,大安段三小段,.20,都市：商,100000,480,持分移轉,03890001
RPUOMLQJKHKGFFA28CB,大安段三小段,.03,都市：商,100000,480,持分移轉,03920000
RPUOMLQJKHKGFFA28CB,大安段三小段,.02,都市：商,100000,480,持分移轉,03920001
RPUOMLQJKHKGFFA28CB,大安段三小段,.15,都市：商,100000,480,持分移轉,03930000
RPUOMLQJKHKGFFA28CB,大安段三小段,.10,都市：商,100000,480,持分移轉,03930001
RPUOMLQJKHKGFFA28CB,大安段三小段,.14,都市：商,100000,480,持分移轉,03940000
RPUOMLQJKHKGFFA28CB,大安段三小段,.12,都市：商,100000,480,持分移轉,03940001
RPUOMLQJKHKGFFA28CB,大安段三小段,.14,都市：商,100000,480,持分移轉,03950000
RPUOMLQJKHKGFFA28CB,大安段三小段,.12,都市：商,100000,480,持分移轉,03950001
RPUOMLQJKHKGFFA28CB,大安段三小段,.18,都市：商,100000,480,持分移轉,03960000
RPUOMLQJKHKGFFA28CB,大安段三小段,.17,都市：商,100000,480,持分移轉,03970002
RPUOMLQJKHKGFFA28CB,大安段三小段,.14,都市：商,100000,480,持分移轉,03970003
RPUOMLQJKHKGFFA28CB,大安段三小段,.14,都市：商,100000,480,持分移轉,03970004
RPUOMLQJKHKGFFA28CB,大安段三小段,.18,都市：商,100000,480,持分移轉,03970005
RPUOMLQJKHKGFFA28CB,大安段三小段,.12,都市：商,100000,480,持分移轉,03970007
RPUOMLQJKHKGFFA28CB,大安段三小段,.08,都市：商,100000,480,持分移轉,03970008
RPUOMLQJKHKGFFA28CB,大安段三小段,.08,都市：商,100000,480,持分移轉,03970009
RPUOMLQJKHKGFFA28CB,大安段三小段,.11,都市：商,100000,480,持分移轉,03970010
RPUOMLQJKHKGFFA28CB,大安段三小段,.47,都市：商,100000,480,持分移轉,04250000
RPUOMLQJKHKGFFA28CB,大安段三小段,.45,都市：商,100000,480,持分移轉,04260000
RPUOMLQJKHKGFFA28CB,大安段三小段,.49,都市：商,100000,480,持分移轉,04270000
RPUOMLQJKHKGFFA28CB,大安段三小段,.49,都市：商,100000,480,持分移轉,04280000
RPUOMLQJKHKGFFA28CB,大安段三小段,.49,都市：商,100000,480,持分移轉,04290000
RPUOMLQJKHKGFFA28CB,大安段三小段,.62,都市：商,100000,480,持分移轉,04300000
RPUOMLQJKHKGFFA28CB,大安段三小段,.13,都市：商,100000,480,持分移轉,03960001
RPVNMLQJKHKGFFA28CB,通化段一小段,5.50,都市：商,100000,249,持分移轉,01130000
RPVNMLQJKHKGFFA28CB,通化段一小段,.92,都市：商,100000,249,持分移轉,01130001
RPVNMLQJKHKGFFA28CB,通化段一小段,.47,都市：商,100000,249,持分移轉,01200000
RPVNMLQJKHKGFFA28CB,通化段一小段,.40,都市：商,100000,249,持分移轉,01210000
RPVNMLQJKHKGFFA28CB,通化段一小段,.05,都市：商,100000,249,持分移轉,01220000
RPVNMLQJKHKGFFA28CB,通化段一小段,.32,都市：商,100000,249,持分移轉,01220001
RPUNMLRJKHKGFDA08CB,玉成段一小段,8.54,都市：其他:產業生活特定專用區（一）（住）,100000,186,持分移轉,01690003
RPVNMLQJKHKGFFA28CB,通化段一小段,.33,都市：商,100000,249,持分移轉,01230000
RPQNMLRJKHKGFDA67CB,玉成段一小段,6.84,都市：其他:產業生活特定專用區（一）（住）,100000,149,持分移轉,01690003
RPVNMLQJKHKGFFA28CB,通化段一小段,.01,都市：商,100000,249,持分移轉,01240000
RPVNMLQJKHKGFFA28CB,通化段一小段,.62,都市：商,100000,249,持分移轉,01250000
RPVNMLQJKHKGFFA28CB,通化段一小段,1.17,都市：商,100000,249,持分移轉,01260000
RPVNMLQJKHKGFFA28CB,通化段一小段,.60,都市：商,100000,249,持分移轉,01260001
RPVNMLQJKHKGFFA28CB,通化段一小段,.09,都市：商,100000,249,持分移轉,01260002
RPVNMLQJKHKGFFA28CB,通化段一小段,.18,都市：商,100000,249,持分移轉,01290000
RPVNMLQJKHKGFFA28CB,通化段一小段,.00,都市：商,100000,249,持分移轉,01300000
RPVNMLQJKHKGFFA28CB,通化段一小段,.29,都市：商,100000,249,持分移轉,01310000
RPVNMLQJKHKGFFA28CB,通化段一小段,.46,都市：商,100000,249,持分移轉,01320000
RPVNMLQJKHKGFFA28CB,通化段一小段,.21,都市：商,100000,249,持分移轉,01330000
RPVNMLQJKHKGFFA28CB,通化段一小段,.08,都市：商,100000,249,持分移轉,01330001
RPVNMLQJKHKGFFA28CB,通化段一小段,.24,都市：商,100000,249,持分移轉,01330002
RPSNMLPJKHKGFDA67CB,雅祥段一小段,.12,都市：住,100000,208,持分移轉,05780000
RPSNMLPJKHKGFDA67CB,雅祥段一小段,.11,都市：住,100000,208,持分移轉,05800000
RPSNMLPJKHKGFDA67CB,雅祥段一小段,.13,都市：住,100000,208,持分移轉,05820000
RPSNMLPJKHKGFDA67CB,雅祥段一小段,.18,都市：住,100000,208,持分移轉,05840000
RPSNMLPJKHKGFDA67CB,雅祥段一小段,.21,都市：住,100000,208,持分移轉,05860000
RPSNMLPJKHKGFDA67CB,雅祥段一小段,.16,都市：住,100000,208,持分移轉,05880000
RPSNMLPJKHKGFDA67CB,雅祥段一小段,.17,都市：住,100000,208,持分移轉,05900000
RPSNMLPJKHKGFDA67CB,雅祥段一小段,.18,都市：住,100000,208,持分移轉,05920000
RPSNMLPJKHKGFDA67CB,雅祥段一小段,.17,都市：住,100000,208,持分移轉,05940000
RPSNMLPJKHKGFDA67CB,雅祥段一小段,1.63,都市：商,100000,208,持分移轉,05960000
RPSNMLPJKHKGFDA67CB,雅祥段一小段,.68,都市：商,100000,208,持分移轉,05960002
RPSNMLPJKHKGFDA67CB,雅祥段一小段,3.64,都市：住,100000,208,持分移轉,05960003
RPSNMLPJKHKGFDA67CB,雅祥段一小段,.58,都市：商,100000,208,持分移轉,05970000
RPSNMLPJKHKGFDA67CB,雅祥段一小段,.08,都市：商,100000,208,持分移轉,05980000
RPSNMLPJKHKGFDA67CB,雅祥段一小段,.17,都市：住,100000,208,持分移轉,05980002
RPXNMLQJKHKGFFA48CB,大安段三小段,.07,都市：商,100000,537,持分移轉,03890000
RPXNMLQJKHKGFFA48CB,大安段三小段,.23,都市：商,100000,537,持分移轉,03890001
RPXNMLQJKHKGFFA48CB,大安段三小段,.04,都市：商,100000,537,持分移轉,03920000
RPXNMLQJKHKGFFA48CB,大安段三小段,.03,都市：商,100000,537,持分移轉,03920001
RPXNMLQJKHKGFFA48CB,大安段三小段,.17,都市：商,100000,537,持分移轉,03930000
RPXNMLQJKHKGFFA48CB,大安段三小段,.11,都市：商,100000,537,持分移轉,03930001
RPXNMLQJKHKGFFA48CB,大安段三小段,.16,都市：商,100000,537,持分移轉,03940000
RPXNMLQJKHKGFFA48CB,大安段三小段,.13,都市：商,100000,537,持分移轉,03940001
RPXNMLQJKHKGFFA48CB,大安段三小段,.16,都市：商,100000,537,持分移轉,03950000
RPXNMLQJKHKGFFA48CB,大安段三小段,.13,都市：商,100000,537,持分移轉,03950001
RPXNMLQJKHKGFFA48CB,大安段三小段,.20,都市：商,100000,537,持分移轉,03960000
RPXNMLQJKHKGFFA48CB,大安段三小段,.19,都市：商,100000,537,持分移轉,03970002
RPXNMLQJKHKGFFA48CB,大安段三小段,.16,都市：商,100000,537,持分移轉,03970003
RPXNMLQJKHKGFFA48CB,大安段三小段,.16,都市：商,100000,537,持分移轉,03970004
RPXNMLQJKHKGFFA48CB,大安段三小段,.20,都市：商,100000,537,持分移轉,03970005
RPXNMLQJKHKGFFA48CB,大安段三小段,.13,都市：商,100000,537,持分移轉,03970007
RPXNMLQJKHKGFFA48CB,大安段三小段,.09,都市：商,100000,537,持分移轉,03970008
RPXNMLQJKHKGFFA48CB,大安段三小段,.09,都市：商,100000,537,持分移轉,03970009
RPXNMLQJKHKGFFA48CB,大安段三小段,.12,都市：商,100000,537,持分移轉,03970010
RPXNMLQJKHKGFFA48CB,大安段三小段,.53,都市：商,100000,537,持分移轉,04250000
RPXNMLQJKHKGFFA48CB,大安段三小段,.50,都市：商,100000,537,持分移轉,04260000
RPXNMLQJKHKGFFA48CB,大安段三小段,.55,都市：商,100000,537,持分移轉,04270000
RPXNMLQJKHKGFFA48CB,大安段三小段,.55,都市：商,100000,537,持分移轉,04280000
RPXNMLQJKHKGFFA48CB,大安段三小段,.55,都市：商,100000,537,持分移轉,04290000
RPXNMLQJKHKGFFA48CB,大安段三小段,.70,都市：商,100000,537,持分移轉,04300000
RPXNMLQJKHKGFFA48CB,大安段三小段,.14,都市：商,100000,537,持分移轉,03960001
RPWNMLQJKHKGFFA38CB,通化段一小段,3.91,都市：商,100000,177,持分移轉,01130000
RPWNMLQJKHKGFFA38CB,通化段一小段,.65,都市：商,100000,177,持分移轉,01130001
RPWNMLQJKHKGFFA38CB,通化段一小段,.33,都市：商,100000,177,持分移轉,01200000
RPWNMLQJKHKGFFA38CB,通化段一小段,.28,都市：商,100000,177,持分移轉,01210000
RPWNMLQJKHKGFFA38CB,通化段一小段,.03,都市：商,100000,177,持分移轉,01220000
RPWNMLQJKHKGFFA38CB,通化段一小段,.23,都市：商,100000,177,持分移轉,01220001
RPWNMLQJKHKGFFA38CB,通化段一小段,.24,都市：商,100000,177,持分移轉,01230000
RPWNMLQJKHKGFFA38CB,通化段一小段,.01,都市：商,100000,177,持分移轉,01240000
RPWNMLQJKHKGFFA38CB,通化段一小段,.44,都市：商,100000,177,持分移轉,01250000
RPWNMLQJKHKGFFA38CB,通化段一小段,.83,都市：商,100000,177,持分移轉,01260000
RPWNMLQJKHKGFFA38CB,通化段一小段,.42,都市：商,100000,177,持分移轉,01260001
RPWNMLQJKHKGFFA38CB,通化段一小段,.06,都市：商,100000,177,持分移轉,01260002
RPWNMLQJKHKGFFA38CB,通化段一小段,.13,都市：商,100000,177,持分移轉,01290000
RPWNMLQJKHKGFFA38CB,通化段一小段,.00,都市：商,100000,177,持分移轉,01300000
RPWNMLQJKHKGFFA38CB,通化段一小段,.21,都市：商,100000,177,持分移轉,01310000
RPWNMLQJKHKGFFA38CB,通化段一小段,.32,都市：商,100000,177,持分移轉,01320000
RPWNMLQJKHKGFFA38CB,通化段一小段,.15,都市：商,100000,177,持分移轉,01330000
RPWNMLQJKHKGFFA38CB,通化段一小段,.06,都市：商,100000,177,持分移轉,01330001
RPWNMLQJKHKGFFA38CB,通化段一小段,.17,都市：商,100000,177,持分移轉,01330002
RPPNMLKKKHKGFDA96CB,雅祥段三小段,3.13,都市：住,100000,2438,持分移轉,06740000
RPPNMLKKKHKGFDA96CB,雅祥段三小段,3.14,都市：住,100000,2438,持分移轉,06750000
RPPNMLKKKHKGFDA96CB,雅祥段三小段,3.14,都市：住,100000,2438,持分移轉,06760000
RPPOMLRJKHKGFDA67CB,玉成段一小段,8.26,都市：其他:產業生活特定專用區（一）（住）,100000,180,持分移轉,01690003
RPPNMLKKKHKGFEA07CB,三玉段五小段,4.41,都市：住,100000,2940,持分移轉,07010000
RPPNMLKKKHKGFEA07CB,三玉段五小段,5.09,都市：住,100000,2940,持分移轉,07030000
RPPNMLKKKHKGFEA07CB,三玉段五小段,5.00,都市：住,100000,2940,持分移轉,07040000
RPPNMLKKKHKGFEA07CB,三玉段五小段,4.29,都市：住,100000,2940,持分移轉,07090000
RPPNMLKKKHKGFEA07CB,三玉段五小段,4.00,都市：住,100000,2940,持分移轉,06990000
RPPNMLKKKHKGFEA07CB,三玉段五小段,4.15,都市：住,100000,2940,持分移轉,07000000
RPQNMLMKKHKGFEA37CB,大業段三小段,1.14,都市：商,100000,958,持分移轉,03140000
RPQNMLMKKHKGFEA37CB,大業段三小段,.84,都市：商,100000,958,持分移轉,03230000
RPQNMLMKKHKGFEA37CB,大業段三小段,.04,都市：商,100000,958,持分移轉,03240000
RPQNMLMKKHKGFEA37CB,大業段三小段,.02,都市：商,100000,958,持分移轉,03250000
RPQNMLMKKHKGFEA37CB,大業段三小段,.02,都市：商,100000,958,持分移轉,03260000
RPQNMLMKKHKGFEA37CB,大業段三小段,.35,都市：商,100000,958,持分移轉,03270000
RPQNMLMKKHKGFEA37CB,大業段三小段,.01,都市：商,100000,958,持分移轉,03280000
RPQNMLMKKHKGFEA37CB,大業段三小段,1.51,都市：商,100000,958,持分移轉,03290000
RPQNMLMKKHKGFEA37CB,大業段三小段,1.55,都市：商,100000,958,持分移轉,03300000
RPQNMLMKKHKGFEA37CB,大業段三小段,.37,都市：商,100000,958,持分移轉,03310000
RPQNMLMKKHKGFEA37CB,大業段三小段,.06,都市：商,100000,958,持分移轉,03310002
RPQNMLMKKHKGFEA37CB,大業段三小段,1.64,都市：商,100000,958,持分移轉,03320000
RPQNMLMKKHKGFEA37CB,大業段三小段,.52,都市：住,100000,958,持分移轉,03480000
RPQNMLMKKHKGFEA37CB,大業段三小段,2.24,都市：商,100000,958,持分移轉,03490000
RPQNMLMKKHKGFEA37CB,大業段三小段,.91,都市：商,100000,958,持分移轉,03500000
RPQNMLMKKHKGFEA37CB,大業段三小段,.93,都市：商,100000,958,持分移轉,03510000
RPQNMLMKKHKGFEA37CB,大業段三小段,.93,都市：商,100000,958,持分移轉,03520000
RPQNMLMKKHKGFEA37CB,大業段三小段,.93,都市：商,100000,958,持分移轉,03530000
RPQNMLMKKHKGFEA37CB,大業段三小段,.98,都市：商,100000,958,持分移轉,03540000
RPQNMLMKKHKGFEA37CB,大業段三小段,.29,都市：商,100000,958,持分移轉,03560000
RPQNMLMKKHKGFEA37CB,大業段三小段,.94,都市：商,100000,958,持分移轉,03620001
RPWNMLNKKHKGFBA77CB,福星段二小段,.23,都市：商,100000,1193,持分移轉,05760000
RPWNMLNKKHKGFBA77CB,福星段二小段,.76,都市：商,100000,1193,持分移轉,05770000
RPWNMLNKKHKGFBA77CB,福星段二小段,.10,都市：商,100000,1193,持分移轉,05780001
RPWNMLNKKHKGFBA77CB,福星段二小段,.14,都市：商,100000,1193,持分移轉,05790000
RPWNMLNKKHKGFBA77CB,福星段二小段,.05,都市：商,100000,1193,持分移轉,05800000
RPWNMLNKKHKGFBA77CB,福星段二小段,.07,都市：商,100000,1193,持分移轉,05810000
RPWNMLNKKHKGFBA77CB,福星段二小段,.13,都市：商,100000,1193,持分移轉,05820000
RPWNMLNKKHKGFBA77CB,福星段二小段,.06,都市：商,100000,1193,持分移轉,05830000
RPWNMLNKKHKGFBA77CB,福星段二小段,.07,都市：商,100000,1193,持分移轉,05830001
RPWNMLNKKHKGFBA77CB,福星段二小段,.37,都市：商,100000,1193,持分移轉,05840000
RPWNMLNKKHKGFBA77CB,福星段二小段,.68,都市：商,100000,1193,持分移轉,05850002
RPWNMLNKKHKGFBA77CB,福星段二小段,1.55,都市：商,100000,1193,持分移轉,05850003
RPWNMLNKKHKGFBA77CB,福星段二小段,.75,都市：商,100000,1193,持分移轉,05850004
RPWNMLNKKHKGFBA77CB,福星段二小段,.12,都市：商,100000,1193,持分移轉,05850006
RPWNMLNKKHKGFBA77CB,福星段二小段,.57,都市：商,100000,1193,持分移轉,05860000
RPWNMLNKKHKGFBA77CB,福星段二小段,.60,都市：商,100000,1193,持分移轉,05870000
RPWNMLNKKHKGFBA77CB,福星段二小段,.55,都市：商,100000,1193,持分移轉,05880000
RPWNMLNKKHKGFBA77CB,福星段二小段,.24,都市：商,100000,1193,持分移轉,05890000
RPWNMLNKKHKGFBA77CB,福星段二小段,.23,都市：商,100000,1193,持分移轉,05900000
RPWNMLNKKHKGFBA77CB,福星段二小段,.56,都市：商,100000,1193,持分移轉,05910000
RPWNMLNKKHKGFBA77CB,福星段二小段,.79,都市：商,100000,1193,持分移轉,05920000
RPWNMLNKKHKGFBA77CB,福星段二小段,1.67,都市：商,100000,1193,持分移轉,05930000
RPWNMLNKKHKGFBA77CB,福星段二小段,.10,都市：商,100000,1193,持分移轉,05940000
RPWNMLNKKHKGFBA77CB,福星段二小段,2.83,都市：商,100000,1193,持分移轉,05950000
RPWNMLNKKHKGFBA77CB,福星段二小段,.61,都市：商,100000,1193,持分移轉,05960000
RPWNMLNKKHKGFBA77CB,福星段二小段,.37,都市：商,100000,1193,持分移轉,05960001
RPWNMLNKKHKGFBA77CB,福星段二小段,.10,都市：商,100000,1193,持分移轉,05960002
RPWNMLNKKHKGFBA77CB,福星段二小段,.55,都市：商,100000,1193,持分移轉,05970000
RPWNMLNKKHKGFBA77CB,福星段二小段,.20,都市：商,100000,1193,持分移轉,05980000
RPWNMLNKKHKGFBA77CB,福星段二小段,.23,都市：商,100000,1193,持分移轉,05990000
RPWNMLNKKHKGFBA77CB,福星段二小段,.21,都市：商,100000,1193,持分移轉,06000000
RPWNMLNKKHKGFBA77CB,福星段二小段,1.26,都市：商,100000,1193,持分移轉,06010000
RPRNMLNKKHKGFEA57CB,大業段三小段,.78,都市：商,10000,53,持分移轉,05150000
RPRNMLNKKHKGFEA57CB,大業段三小段,.24,都市：商,10000,53,持分移轉,05180000
RPRNMLNKKHKGFEA57CB,大業段三小段,.20,都市：商,10000,53,持分移轉,05190000
RPRNMLNKKHKGFEA57CB,大業段三小段,.96,都市：商,10000,53,持分移轉,05490000
RPRNMLNKKHKGFEA57CB,大業段三小段,.48,都市：商,10000,53,持分移轉,05500000
RPRNMLNKKHKGFEA57CB,大業段三小段,1.03,都市：商,10000,53,持分移轉,05500001
RPRNMLNKKHKGFEA57CB,大業段三小段,.19,都市：商,10000,53,持分移轉,05510000
RPRNMLNKKHKGFEA57CB,大業段三小段,.47,都市：商,10000,53,持分移轉,05510001
RPRNMLNKKHKGFEA57CB,大業段三小段,1.42,都市：商,10000,53,持分移轉,05550000
RPRNMLNKKHKGFEA57CB,大業段三小段,.01,都市：商,10000,53,持分移轉,05560000
RPRNMLNKKHKGFEA57CB,大業段三小段,.01,都市：商,10000,53,持分移轉,05570000
RPRNMLNKKHKGFEA57CB,大業段三小段,.08,都市：商,10000,53,持分移轉,05580000
RPRNMLNKKHKGFEA57CB,大業段三小段,.11,都市：商,10000,53,持分移轉,05580001
RPRNMLNKKHKGFEA57CB,大業段三小段,.08,都市：商,10000,53,持分移轉,05580002
RPRNMLNKKHKGFEA57CB,大業段三小段,.08,都市：商,10000,53,持分移轉,05580003
RPRNMLNKKHKGFEA57CB,大業段三小段,.02,都市：商,10000,53,持分移轉,05590000
RPRNMLNKKHKGFEA57CB,大業段三小段,.02,都市：商,10000,53,持分移轉,05620005
RPSOMLQJKHKGFFA08CB,大安段三小段,.07,都市：商,100000,537,持分移轉,03890000
RPSOMLQJKHKGFFA08CB,大安段三小段,.23,都市：商,100000,537,持分移轉,03890001
RPSOMLQJKHKGFFA08CB,大安段三小段,.04,都市：商,100000,537,持分移轉,03920000
RPSOMLQJKHKGFFA08CB,大安段三小段,.03,都市：商,100000,537,持分移轉,03920001
RPSOMLQJKHKGFFA08CB,大安段三小段,.17,都市：商,100000,537,持分移轉,03930000
RPSOMLQJKHKGFFA08CB,大安段三小段,.11,都市：商,100000,537,持分移轉,03930001
RPSOMLQJKHKGFFA08CB,大安段三小段,.16,都市：商,100000,537,持分移轉,03940000
RPSOMLQJKHKGFFA08CB,大安段三小段,.13,都市：商,100000,537,持分移轉,03940001
RPSOMLQJKHKGFFA08CB,大安段三小段,.16,都市：商,100000,537,持分移轉,03950000
RPSOMLQJKHKGFFA08CB,大安段三小段,.13,都市：商,100000,537,持分移轉,03950001
RPSOMLQJKHKGFFA08CB,大安段三小段,.20,都市：商,100000,537,持分移轉,03960000
RPSOMLQJKHKGFFA08CB,大安段三小段,.19,都市：商,100000,537,持分移轉,03970002
RPSOMLQJKHKGFFA08CB,大安段三小段,.16,都市：商,100000,537,持分移轉,03970003
RPSOMLQJKHKGFFA08CB,大安段三小段,.16,都市：商,100000,537,持分移轉,03970004
RPSOMLQJKHKGFFA08CB,大安段三小段,.20,都市：商,100000,537,持分移轉,03970005
RPSOMLQJKHKGFFA08CB,大安段三小段,.13,都市：商,100000,537,持分移轉,03970007
RPSOMLQJKHKGFFA08CB,大安段三小段,.09,都市：商,100000,537,持分移轉,03970008
RPSOMLQJKHKGFFA08CB,大安段三小段,.09,都市：商,100000,537,持分移轉,03970009
RPSOMLQJKHKGFFA08CB,大安段三小段,.12,都市：商,100000,537,持分移轉,03970010
RPSOMLQJKHKGFFA08CB,大安段三小段,.53,都市：商,100000,537,持分移轉,04250000
RPSOMLQJKHKGFFA08CB,大安段三小段,.50,都市：商,100000,537,持分移轉,04260000
RPSOMLQJKHKGFFA08CB,大安段三小段,.55,都市：商,100000,537,持分移轉,04270000
RPSOMLQJKHKGFFA08CB,大安段三小段,.55,都市：商,100000,537,持分移轉,04280000
RPSOMLQJKHKGFFA08CB,大安段三小段,.55,都市：商,100000,537,持分移轉,04290000
RPSOMLQJKHKGFFA08CB,大安段三小段,.70,都市：商,100000,537,持分移轉,04300000
RPSOMLQJKHKGFFA08CB,大安段三小段,.14,都市：商,100000,537,持分移轉,03960001
RPPNMLKLJHKGFBA86DB,延平段一小段,8.30,都市：其他:第三種商業區及特定專用區,100000,2129,持分移轉,05020000
RPQNMLNKKHKGFCA27CB,吉林段三小段,1.57,都市：商,100000,1278,持分移轉,08030000
RPQNMLNKKHKGFCA27CB,吉林段三小段,1.58,都市：商,100000,1278,持分移轉,08040000
RPQNMLNKKHKGFCA27CB,吉林段三小段,1.61,都市：商,100000,1278,持分移轉,08050000
RPQNMLNKKHKGFCA27CB,吉林段三小段,1.42,都市：商,100000,1278,持分移轉,08060000
RPQNMLNKKHKGFCA27CB,吉林段三小段,1.30,都市：商,100000,1278,持分移轉,08070000
RPQNMLNKKHKGFCA27CB,吉林段三小段,1.57,都市：商,100000,1278,持分移轉,08080000
RPQNMLNKKHKGFCA27CB,吉林段三小段,1.58,都市：商,100000,1278,持分移轉,08090000
RPRNMLLKKHKGFBA07CB,莒光段三小段,13.81,都市：商,100000,1742,持分移轉,05870000
RPRNMLLKKHKGFBA07CB,莒光段三小段,.14,都市：商,100000,1742,持分移轉,05990037
RPRNMLLKKHKGFBA07CB,莒光段三小段,.05,都市：商,100000,1742,持分移轉,06010001
