﻿鄉鎮市區,交易標的,土地位置建物門牌,土地移轉總面積平方公尺,都市土地使用分區,非都市土地使用分區,非都市土地使用編定,交易年月日,交易筆棟數,移轉層次,總樓層數,建物型態,主要用途,主要建材,建築完成年月,建物移轉總面積平方公尺,建物現況格局-房,建物現況格局-廳,建物現況格局-衛,建物現況格局-隔間,有無管理組織,總價元,單價元平方公尺,車位類別,車位移轉總面積平方公尺,車位總價元,備註,編號,建案名稱,棟及號,解約情形
The villages and towns urban district,transaction sign,land sector position building sector house number plate,land shifting total area square meter,the use zoning or compiles and checks,the non-metropolis land use district,non-metropolis land use,transaction year month and day,transaction pen number,shifting level,total floor number,building state,main use,main building materials,construction to complete the years,building shifting total area,Building present situation pattern - room,building present situation pattern - hall,building present situation pattern - health,building present situation pattern - compartmented,Whether there is manages the organization,total price NTD,the unit price (NTD / square meter),the berth category,berth shifting total area square meter,the berth total price NTD,the note,serial number,build case,buildings,termination type
北屯區,房地(土地+建物)+車位,臺中市北屯區山西路二段、崇德二路二段、仁平街、水連街,35.68,住,,,1140112,土地1建物1車位2,二十三層,23,住宅大樓(11層含以上有電梯),住家用,鋼筋混凝土造,,193.67,3,2,2,有,無,33910000,225422,坡道平面,62.76,4400000,,RPPNMLMKJHKGFBB96CB,惠宇仁平MY PARK,23F-E號,
北屯區,房地(土地+建物)+車位,臺中市北屯區山西路二段、崇德二路二段、仁平街、水連街,35.68,住,,,1140112,土地1建物1車位2,十九層,23,住宅大樓(11層含以上有電梯),住家用,鋼筋混凝土造,,193.67,3,2,2,有,無,32790000,216867,坡道平面,62.76,4400000,,RPQNMLMKJHKGFBB07CB,惠宇仁平MY PARK,19F-E號,
北屯區,房地(土地+建物)+車位,臺中市北屯區洲際路,3.5,住,,,1140112,土地2建物1車位2,八層,11,住宅大樓(11層含以上有電梯),住家用,鋼筋混凝土造,,192.36,3,2,2,有,無,29460000,200193,坡道平面,68.18,4600000,,RPSNMLNKJHKGFBB37CB,V雋,B棟8號,
北屯區,房地(土地+建物)+車位,臺中市北屯區山西路二段、崇德二路二段、仁平街、水連街,45.67,住,,,1140113,土地1建物1車位1,十七層,23,住宅大樓(11層含以上有電梯),住家用,鋼筋混凝土造,,198.58,3,2,2,有,無,39470000,222309,坡道平面,31.38,2300000,,RPPOMLOKJHKGFBB27CB,惠宇仁平MY PARK,17F-D號,
北屯區,房地(土地+建物)+車位,臺中市北屯區崇德十二路與昌平東七路口,28.17,住,,,1140111,土地1建物1車位1,十四層,15,住宅大樓(11層含以上有電梯),住家用,鋼筋混凝土造,,141.49,2,2,2,有,無,23430000,217853,坡道平面,43.58,2100000,,RPQOMLOKJHKGFBB37CB,大毅MEHO,14F-C號,
大雅區,房地(土地+建物)+車位,臺中市大雅區龍善街,86.6,農,,,1140111,土地3建物1車位1,全,4,透天厝,住家用,鋼筋混凝土造,,204.56,5,3,4,有,無,32380000,158291,一樓平面,0.0,0,停車位位於室內專有範圍內。,RPPNMLOKJHKGFHB87DB,福馨愛圓滿,A棟6號,
北屯區,房地(土地+建物)+車位,臺中市北屯區敦和一街10號旁,79.8,住,,,1140112,土地1建物1車位1,全,4,透天厝,住家用,鋼筋混凝土造,,172.0,3,1,4,有,無,32300000,187791,一樓平面,0.0,0,,RPQNMLPKJHKGFBB37CB,靜樂敦和,B棟4號,
清水區,房地(土地+建物),臺中市清水區大街路上,15.47,住,,,1140112,土地2建物1車位0,四層,12,住宅大樓(11層含以上有電梯),住家用,鋼筋混凝土造,,68.63,2,2,1,有,無,7380000,107533,,0.0,0,,RPPNMLPKJHKGFFB67CB,佺築鰲峰MOMA,E棟4號,
清水區,房地(土地+建物)+車位,臺中市清水區大街路上,17.32,住,,,1140113,土地2建物1車位1,三層,12,住宅大樓(11層含以上有電梯),住家用,鋼筋混凝土造,,115.42,2,2,2,有,無,10330000,113036,坡道平面,38.63,1650000,,RPRNMLPKJHKGFFB87CB,佺築鰲峰MOMA,H棟3號,
清水區,房地(土地+建物)+車位,臺中市清水區大街路上,17.32,住,,,1140112,土地2建物1車位1,八層,12,住宅大樓(11層含以上有電梯),住家用,鋼筋混凝土造,,115.42,2,2,2,有,無,10740000,117724,坡道平面,38.63,1700000,,RPSNMLPKJHKGFFB97CB,佺築鰲峰MOMA,H棟8號,
大甲區,房地(土地+建物)+車位,臺中市大甲區義和二街,33.9,住,,,1140111,土地2建物1車位1,二層,11,住宅大樓(11層含以上有電梯),住家用,鋼筋混凝土造,,170.09,3,2,2,有,無,13230000,91621,坡道平面,47.52,2000000,含共有部份約定專用約13.72平方公尺供停車使用,RPPNMLPKJHKGFEB67DB,天后,1棟A號,
大甲區,房地(土地+建物)+車位,臺中市大甲區義和二街,33.9,住,,,1140111,土地2建物1車位1,三層,11,住宅大樓(11層含以上有電梯),住家用,鋼筋混凝土造,,156.37,3,2,2,有,無,11870000,86236,坡道平面,33.8,1300000,,RPQNMLPKJHKGFEB77DB,天后,1棟A號,
西屯區,房地(土地+建物)+車位,臺中市西屯區福星北路,23.1,其他,,,1140112,土地1建物1車位1,九層,9,華廈(10層含以下有電梯),住家用,鋼筋混凝土造,,117.68,2,2,2,有,無,21180000,218203,坡道平面,29.78,2000000,,RPUNMLQKJHKGFCB97CB,遠雄洄山行,B棟B09F09號,
清水區,房地(土地+建物)+車位,臺中市清水區大勇路,14.24,商,,,1140112,土地1建物1車位1,十一層,28,住宅大樓(11層含以上有電梯),住家用,鋼筋混凝土造,,184.36,4,2,2,有,無,17720000,109398,坡道平面,34.54,1330000,,RPPNMLQKJHKGFFB77CB,遠雄星呈,B02棟11F號,
梧棲區,房地(土地+建物)+車位,臺中市梧棲區中華路二段201巷5弄及博愛路155巷內,21.75,住,,,1140113,土地1建物1車位1,四層,15,住宅大樓(11層含以上有電梯),住家用,鋼筋混凝土造,,134.72,3,2,2,有,無,10400000,87797,坡道平面,32.78,1450000,,RPQNMLQKJHKGFFB87CB,佳鋐首耀,C1棟04F號,
南區,房地(土地+建物)+車位,臺中市南區大慶街二段9巷,26.11,住,,,1140111,土地2建物1車位1,八層,23,住宅大樓(11層含以上有電梯),住家用,鋼筋混凝土造,,159.29,3,2,2,有,無,24650000,173947,坡道平面,29.94,2150000,A、B、D棟:總樓高14樓；C棟:總樓高23樓。,RPRNMLRKJHKGFAB57CB,曜 精銳,A1棟08F號,
南屯區,房地(土地+建物)+車位,臺中市南屯區春安路與春安一街,12.76,住,,,1140115,土地1建物1車位1,十一層,12,住宅大樓(11層含以上有電梯),住家用,鋼筋混凝土造,,115.84,2,2,2,有,無,13890000,132379,坡道平面,26.4,2050000,,RPPNMLRKJHKGFCB57CB,睦唐與樹,B3棟11F號,
西屯區,房地(土地+建物)+車位,臺中市西屯區市政北七路,13.84,其他,,,1140112,土地1建物1車位1,十一層,34,住宅大樓(11層含以上有電梯),住家用,鋼骨鋼筋混凝土造,,177.38,4,2,2,有,無,38310000,241634,坡道平面,31.25,3000000,,RPVNMLRKJHKGFCB18CB,遠雄琉蘊,A棟A06F11號,
西屯區,房地(土地+建物)+車位,臺中市西屯區市政北七路,13.68,其他,,,1140113,土地1建物1車位1,十一層,34,住宅大樓(11層含以上有電梯),住家用,鋼骨鋼筋混凝土造,,175.64,4,2,2,有,無,39980000,258882,坡道平面,31.25,2600000,,RPWNMLRKJHKGFCB28CB,遠雄琉蘊,B棟B03F11號,
西屯區,房地(土地+建物)+車位,臺中市西屯區惠民路,38.63,其他,,,1140113,土地2建物1車位3,二十一層,39,住宅大樓(11層含以上有電梯),住家用,見其他登記事項,,476.54,0,0,0,無,無,136300000,339664,坡道平面,109.56,11650000,,RPPNMLSKJHKGFCB67CB,聯聚理安大廈,21A號,
西屯區,房地(土地+建物)+車位,臺中市西屯區惠民路,37.21,其他,,,1140113,土地2建物1車位3,二十四層,39,住宅大樓(11層含以上有電梯),住家用,見其他登記事項,,446.97,0,0,0,無,無,134000000,349955,坡道平面,93.21,10200000,,RPQNMLSKJHKGFCB77CB,聯聚理安大廈,24A號,
西屯區,房地(土地+建物)+車位,臺中市西屯區市政北六路/市政北七路,16.04,其他,,,1140111,土地4建物1車位2,八層,51,住宅大樓(11層含以上有電梯),住家用,見其他登記事項,,266.96,3,2,2,有,無,60350000,279309,坡道平面,67.36,4600000,,RPRNMLSKJHKGFCB87CB,聯聚玉衡大廈,8F-E號,
西屯區,房地(土地+建物)+車位,臺中市西屯區市政北六路/市政北七路,16.04,其他,,,1140113,土地4建物1車位2,十八層,51,住宅大樓(11層含以上有電梯),住家用,見其他登記事項,,266.96,3,2,2,有,無,68470000,315982,坡道平面,67.36,5400000,,RPSNMLSKJHKGFCB97CB,聯聚玉衡大廈,18F-B號,
北屯區,房地(土地+建物)+車位,臺中市北屯區豐樂北二路,29.27,住,,,1140119,土地1建物1車位1,五層,23,住宅大樓(11層含以上有電梯),住家用,鋼筋混凝土造,,169.2,3,2,2,有,無,26720000,182668,坡道平面,32.23,1700000,,RPPNMLTKJHKGFBB67CB,一嶼,5F-C號,
北屯區,房地(土地+建物)+車位,臺中市北屯區山西路二段、崇德二路二段、仁平街、水連街,34.25,住,,,1140119,土地1建物1車位1,四層,23,住宅大樓(11層含以上有電梯),住家用,鋼筋混凝土造,,156.55,3,2,2,有,無,28040000,205640,坡道平面,31.38,2300000,,RPQNMLTKJHKGFBB77CB,惠宇仁平MY PARK,4F-F號,
南屯區,房地(土地+建物)+車位,臺中市南屯區大墩七街與大觀路口,15.86,商,,,1140116,土地1建物1車位2,五層,15,住宅大樓(11層含以上有電梯),住家用,鋼筋混凝土造,,203.03,3,2,2,有,無,34520000,225292,坡道平面,72.0,5000000,,RPPNMLTKJHKGFCB77CB,國泰森林薈,A3棟5號,
南屯區,房地(土地+建物)+車位,臺中市南屯區大墩七街與大觀路口,17.26,商,,,1140119,土地1建物1車位1,十五層,15,住宅大樓(11層含以上有電梯),住家用,鋼筋混凝土造,,180.14,3,2,2,有,無,35760000,233875,坡道平面,37.5,2400000,,RPQNMLTKJHKGFCB87CB,國泰森林薈,B3棟15號,
沙鹿區,房地(土地+建物)+車位,臺中市沙鹿區福德路與星河路口,31.16,住,,,1140111,土地1建物1車位1,十一層,12,住宅大樓(11層含以上有電梯),住家用,鋼筋混凝土造,,152.25,3,2,2,有,無,16800000,127361,坡道平面,36.83,2100000,,RPTNMLTKJHKGFFB48CB,時代花園,B5棟11F號,
龍井區,房地(土地+建物)+車位,臺中市龍井區祥瑞街86巷,23.74,住,,,1140117,土地12建物1車位1,七層,12,住宅大樓(11層含以上有電梯),住家用,鋼筋混凝土造,,121.86,2,2,2,有,無,9850000,95504,坡道平面,36.0,1650000,土地持分面積23.74平方公尺,RPPNMLTKJHKGFKB58CB,茂洋馥域,A1棟07號,
龍井區,房地(土地+建物)+車位,臺中市龍井區祥瑞街86巷,23.0,住,,,1140117,土地12建物1車位1,十一層,12,住宅大樓(11層含以上有電梯),住家用,鋼筋混凝土造,,101.15,2,2,2,有,無,9250000,98617,坡道機械,18.0,1050000,土地持分面積22.99平方公尺,RPQNMLTKJHKGFKB68CB,茂洋馥域,C9棟11號,
龍井區,房地(土地+建物),臺中市龍井區龍泉街,72.0,住,,,1140111,土地2建物1車位0,全,4,透天厝,住家用,鋼筋混凝土造,,178.51,4,2,5,有,無,17680000,99042,,0.0,0,,RPRNMLTKJHKGFKB78CB,豐禾年年,A棟19號,
龍井區,房地(土地+建物),臺中市龍井區龍泉街,72.0,住,,,1140116,土地2建物1車位0,全,4,透天厝,住家用,鋼筋混凝土造,,178.51,4,2,5,有,無,17380000,97361,,0.0,0,,RPSNMLTKJHKGFKB88CB,豐禾年年,A棟20號,
清水區,房地(土地+建物),臺中市清水區忠孝二街,19.54,住,,,1140114,土地1建物1車位0,四層,8,華廈(10層含以下有電梯),住家用,鋼筋混凝土造,,58.97,1,2,1,有,無,6240000,105817,,0.0,0,,RPRNMLTKJHKGFFB38DB,ISTYLE,C-4F號,
東區,房地(土地+建物)+車位,臺中市東區進德路及樂業二路路口,8.59,商,,,1140112,土地1建物1車位1,十四層,20,住宅大樓(11層含以上有電梯),商業用,鋼筋混凝土造,,119.15,0,0,0,無,無,15880000,156393,坡道平面,29.76,1900000,,RPPNMLKLJHKGFAB76CB,浩瀚湖濱城,G16棟0號,
北屯區,房地(土地+建物)+車位,臺中市北屯區華美西街二段、中清西二街,18.38,住,,,1140113,土地1建物1車位1,十三層,14,住宅大樓(11層含以上有電梯),住家用,鋼筋混凝土造,,136.52,2,2,2,有,無,23650000,210401,坡道平面,35.76,2450000,,RPXNMLKLJHKGFBB67CB,仁山沐華,B棟13F-H號,
北屯區,房地(土地+建物)+車位,臺中市北屯區華美西街二段、中清西二街,26.77,住,,,1140118,土地1建物1車位3,十一層,14,住宅大樓(11層含以上有電梯),住家用,鋼筋混凝土造,,259.78,2,2,2,有,無,38230000,197574,坡道平面,107.28,8100000,,RPOOMLKLJHKGFBB86CB,仁山沐華,B棟11F-I號,
北屯區,房地(土地+建物)+車位,臺中市北屯區豐美街與昌平五街交叉口,34.46,住,,,1140119,土地1建物1車位1,八層,22,住宅大樓(11層含以上有電梯),住家用,鋼筋混凝土造,,159.53,3,1,2,有,無,31200000,231633,坡道平面,33.9,2100000,,RPPOMLKLJHKGFBB96CB,華固豐?,A棟A6-8F號,
北區,房地(土地+建物)+車位,臺中市北區忠明路372號旁,11.49,商,,,1140113,土地31建物1車位1,六層,28,住宅大樓(11層含以上有電梯),住家用,鋼筋混凝土造,,166.42,3,2,2,有,無,26280000,182535,坡道平面,34.5,2200000,此戶為宜居陽台戶，坪數為2.13坪。,RPQOMLKLJHKGFBB07CB,亞昕丰山,L棟06F號,
北屯區,房地(土地+建物)+車位,臺中市北屯區崇德十九路與洲際五街路口,32.63,住,,,1140113,土地1建物1車位2,十三層,14,住宅大樓(11層含以上有電梯),住家用,鋼筋混凝土造,,171.59,3,2,2,有,無,27250000,201296,坡道平面,55.84,3950000,,RPROMLKLJHKGFBB17CB,大映奕居,13F-D號,
西屯區,房地(土地+建物),臺中市西屯區水尾巷,97.86,農,,,1140118,土地3建物1車位0,全,4,透天厝,住家用,鋼筋混凝土造,,210.59,4,3,5,有,無,28800000,136759,,0.0,0,,RPPNMLKLJHKGFCB96CB,鈺陞璞玉,A棟5號,
南屯區,房地(土地+建物)+車位,臺中市南屯區大墩五街與大昌街口,31.76,住,,,1140117,土地2建物1車位2,十六層,23,住宅大樓(11層含以上有電梯),住家用,鋼筋混凝土造,,211.89,4,2,2,有,無,36480000,195477,坡道平面,51.36,5100000,,RPQNMLKLJHKGFCB07CB,國聚之穎,C棟16F號,
南屯區,房地(土地+建物)+車位,臺中市南屯區大墩五街與大昌街口,35.18,住,,,1140119,土地2建物1車位2,五層,23,住宅大樓(11層含以上有電梯),住家用,鋼筋混凝土造,,229.24,4,2,2,有,無,36570000,176355,坡道平面,51.36,5200000,,RPRNMLKLJHKGFCB17CB,國聚之穎,A棟5F號,
南屯區,房地(土地+建物)+車位,臺中市南屯區文心南九路與豐偉路口,40.9,住,,,1140113,土地1建物1車位2,十四層,17,住宅大樓(11層含以上有電梯),住家用,鋼筋混凝土造,,219.2,3,2,2,有,無,32550000,200791,坡道平面,82.74,5150000,此戶有宜居陽台，坪數約2.46坪。,RPSNMLKLJHKGFCB27CB,育堂十三苑,C棟14F號,
南屯區,房地(土地+建物)+車位,臺中市南屯區文心南九路與豐偉路口,40.9,住,,,1140113,土地1建物1車位2,十四層,17,住宅大樓(11層含以上有電梯),住家用,鋼筋混凝土造,,219.2,3,2,2,有,無,32340000,199253,坡道平面,82.74,5150000,此戶有宜居陽台，坪數約2.46坪,RPTNMLKLJHKGFCB37CB,育堂十三苑,B棟14F號,
西屯區,房地(土地+建物)+車位,臺中市西屯區臺灣大道二段與東興路三段交叉口,12.01,商,,,1140113,土地1建物1車位1,十三層,34,住宅大樓(11層含以上有電梯),住家用,鋼骨鋼筋混凝土造,,164.25,3,2,2,有,無,27900000,186636,坡道平面,28.96,2650000,本戶宜居陽台面積約為2.77坪。親友、員工、共有人或其他特殊關係間之交易；,RPOOMLKLJHKGFCB96CB,國雄無?,A棟A09-13F號,
西屯區,房地(土地+建物)+車位,臺中市西屯區臺灣大道二段與東興路三段交叉口,12.01,商,,,1140117,土地1建物1車位1,二十層,34,住宅大樓(11層含以上有電梯),住家用,鋼骨鋼筋混凝土造,,164.25,3,2,2,有,無,27800000,185897,坡道平面,28.96,2650000,本戶宜居陽台面積約為1.11坪。親友、員工、共有人或其他特殊關係間之交易；,RPPOMLKLJHKGFCB07CB,國雄無?,A棟A09-20F號,
豐原區,房地(土地+建物)+車位,臺中市后里區水門路18號旁,16.63,,鄉村區,乙種建築用地,1140118,土地1建物1車位1,三層,5,套房(1房1廳1衛),住家用,鋼筋混凝土造,,66.09,1,1,1,有,無,6100000,97117,一樓平面,14.4,1080000,交易總價含下列非屬預售屋價格之費用:裝潢費；傢俱設備費；,RPPNMLKLJHKGFDB07CB,銘佳最美,1棟3B號,
大雅區,房地(土地+建物)+車位,臺中市大雅區大林路351巷,23.07,,特定農業區,甲種建築用地,1140115,土地6建物1車位1,二層,7,華廈(10層含以下有電梯),住家用,鋼筋混凝土造,,125.38,3,2,2,有,無,11750000,111826,坡道平面,36.85,1850000,,RPPNMLKLJHKGFHB47CB,中科峇里島16,A棟2號,
烏日區,房地(土地+建物)+車位,臺中市烏日區高鐵二路，高鐵東二路，學田路8巷,27.07,其他,,,1140113,土地1建物1車位2,三層,12,辦公商業大樓,商業用,鋼骨鋼筋混凝土造,,208.83,0,0,0,無,無,22470000,118023,坡道平面,44.71,3100000,,RPRNMLKLJHKGFIB77CB,總太V1,A07棟A07-3樓號,
烏日區,房地(土地+建物)+車位,臺中市烏日區高鐵五路與站區一路交叉路口,10.91,商,,,1140116,土地1建物1車位1,十九層,28,住宅大樓(11層含以上有電梯),住家用,鋼筋混凝土造,,114.63,2,2,2,有,無,17800000,185503,坡道平面,27.3,1600000,,RPSNMLKLJHKGFIB87CB,新高鐵,E棟E03-19F號,
南區,房地(土地+建物)+車位,臺中市南區德富路,22.18,其他,,,1140113,土地3建物1車位1,六層,11,住宅大樓(11層含以上有電梯),見其他登記事項,鋼筋混凝土造,,146.79,3,2,2,有,無,19310000,155376,坡道平面,36.67,2200000,,RPPNMLLLJHKGFAB86CB,蒔晴,B號,
南區,房地(土地+建物)+車位,臺中市南區東興二街及慶順二街口,37.87,住,,,1140111,土地1建物1車位2,十六層,18,住宅大樓(11層含以上有電梯),住家用,鋼筋混凝土造,,194.88,3,2,2,有,無,30650000,206182,坡道平面,67.08,4300000,,RPQNMLLLJHKGFAB96CB,惠宇大然,G棟16F號,
南區,房地(土地+建物)+車位,臺中市南區東興二街及慶順二街口,45.01,住,,,1140111,土地1建物1車位2,十七層,18,住宅大樓(11層含以上有電梯),住家用,鋼筋混凝土造,,217.62,3,2,2,有,無,37010000,214627,坡道平面,67.08,4700000,,RPRNMLLLJHKGFAB07CB,惠宇大然,B棟17F號,
南區,房地(土地+建物)+車位,臺中市南區東興二街及慶順二街口,38.97,住,,,1140111,土地1建物1車位2,十六層,18,住宅大樓(11層含以上有電梯),住家用,鋼筋混凝土造,,197.75,3,2,2,有,無,31560000,208617,坡道平面,67.08,4300000,,RPSNMLLLJHKGFAB17CB,惠宇大然,C棟16F號,
南區,房地(土地+建物)+車位,臺中市南區東興二街及慶順二街口,41.72,住,,,1140111,土地1建物1車位1,十一層,18,住宅大樓(11層含以上有電梯),住家用,鋼筋混凝土造,,172.84,3,2,2,有,無,32170000,213711,坡道平面,33.54,2400000,,RPTNMLLLJHKGFAB27CB,惠宇大然,F棟11F號,
南區,房地(土地+建物)+車位,臺中市南區東興二街及慶順二街口,38.97,住,,,1140111,土地1建物1車位1,十層,18,住宅大樓(11層含以上有電梯),住家用,鋼筋混凝土造,,164.21,3,2,2,有,無,29530000,207622,坡道平面,33.54,2400000,,RPUNMLLLJHKGFAB37CB,惠宇大然,C棟10F號,
南區,房地(土地+建物)+車位,臺中市南區東興二街及慶順二街口,51.05,住,,,1140111,土地1建物1車位1,十一層,18,住宅大樓(11層含以上有電梯),住家用,鋼筋混凝土造,,205.41,4,2,2,有,無,38980000,213417,坡道平面,33.54,2300000,,RPVNMLLLJHKGFAB47CB,惠宇大然,A棟11F號,
南區,房地(土地+建物)+車位,臺中市南區東興二街及慶順二街口,37.87,住,,,1140112,土地1建物1車位1,六層,18,住宅大樓(11層含以上有電梯),住家用,鋼筋混凝土造,,160.03,3,2,2,有,無,27970000,204127,坡道平面,33.54,2150000,,RPXNMLLLJHKGFAB67CB,惠宇大然,H棟6F號,
中區,房地(土地+建物)+車位,臺中市中區民權路,13.86,商,,,1140120,土地2建物1車位1,十層,12,住宅大樓(11層含以上有電梯),住家用,鋼筋混凝土造,,134.35,3,2,2,有,無,18940000,154357,坡道平面,25.9,2200000,,RPPOMLLLJHKGFAB96CB,DE 左岸,A號,
南區,房地(土地+建物)+車位,臺中市南區福田二街,23.4,住,,,1140118,土地2建物1車位1,十層,15,住宅大樓(11層含以上有電梯),住家用,鋼筋混凝土造,,154.59,3,2,2,有,無,20230000,142599,坡道平面,27.1,2050000,,RPQOMLLLJHKGFAB07CB,登陽大地悅章,C棟C5-10F號,
北屯區,房地(土地+建物)+車位,臺中市北屯區敦富路、南興北一路口,13.87,住,,,1140112,土地2建物1車位1,四層,15,住宅大樓(11層含以上有電梯),住家用,鋼筋混凝土造,,119.63,2,2,2,有,無,16450000,160407,坡道平面,28.3,1800000,,RPSNMLLLJHKGFBB27CB,遠雄敦富,B棟C03F04號,
南屯區,房地(土地+建物)+車位,臺中市南屯區保安二街文山一街,18.24,住,,,1140117,土地1建物1車位1,十層,15,住宅大樓(11層含以上有電梯),住家用,鋼筋混凝土造,,123.31,2,2,2,有,無,16480000,162190,坡道平面,34.34,2050000,,RPRNMLLLJHKGFCB27CB,國聚之築,I-10F號,
南屯區,房地(土地+建物)+車位,臺中市南屯區保安二街文山一街,25.75,住,,,1140120,土地1建物1車位2,十二層,15,住宅大樓(11層含以上有電梯),住家用,鋼筋混凝土造,,194.43,3,2,2,有,無,24180000,158489,坡道平面,68.68,4250000,,RPSNMLLLJHKGFCB37CB,國聚之築,C-12F號,
西屯區,房地(土地+建物)+車位,臺中市西屯區惠民段7、9、9-1、9-2號地號等4筆,5.08,其他,,,1140112,土地4建物1車位1,二十三層,35,辦公商業大樓,商業用,見其他登記事項,,100.07,0,0,1,有,無,22390000,238424,坡道平面,14.55,2000000,,RPTNMLLLJHKGFCB47CB,市政壹號廣場,B07-23號,
西屯區,房地(土地+建物)+車位,臺中市大里區惠民段7、9、9-1、9-2號地號等4筆,9.32,其他,,,1140118,土地4建物1車位1,二十八層,35,辦公商業大樓,商業用,見其他登記事項,,173.75,0,0,2,有,無,45370000,268900,坡道平面,15.81,2900000,,RPUNMLLLJHKGFCB57CB,市政壹號廣場,A10-28號,
西屯區,房地(土地+建物)+車位,臺中市西屯區臺灣大道三段,24.53,商,,,1140114,土地1建物1車位3,十七層,40,辦公商業大樓,商業用,鋼骨鋼筋混凝土造,,497.55,0,0,0,無,無,127700000,280289,坡道平面,69.42,7700000,,RPWNMLLLJHKGFCB77CB,允將TST台灣之鑽,E棟17號,
北屯區,房地(土地+建物)+車位,臺中市北屯區太和東街與太和五街口,23.49,住,,,1140113,土地1建物1車位1,四層,10,華廈(10層含以下有電梯),住家用,鋼筋混凝土造,,114.46,2,2,2,有,無,12500000,132142,坡道平面,35.0,2000000,,RPRNMLMLJHKGFBB27CB,知哲永樂,E棟4F號,
北屯區,房地(土地+建物)+車位,臺中市北屯區太和東街與太和五街口,23.49,住,,,1140119,土地1建物1車位1,七層,10,華廈(10層含以下有電梯),住家用,鋼筋混凝土造,,114.46,2,2,2,有,無,13330000,142587,坡道平面,35.0,2000000,,RPTNMLMLJHKGFBB47CB,知哲永樂,E棟7F號,
北屯區,房地(土地+建物)+車位,臺中市北屯區太和東街與太和五街口,25.24,住,,,1140113,土地1建物1車位1,二層,10,華廈(10層含以下有電梯),住家用,鋼筋混凝土造,,120.39,2,2,2,有,無,12900000,127650,坡道平面,35.0,2000000,,RPUNMLMLJHKGFBB57CB,知哲永樂,A棟2F號,
北區,房地(土地+建物)+車位,臺中市北區英才路、博館二街117巷,43.68,住,,,1140115,土地2建物1車位1,一層,7,店面(店鋪),見其他登記事項,鋼筋混凝土造,,179.3,0,0,0,無,無,44080000,296468,坡道平面,38.88,2450000,親友、員工、共有人或其他特殊關係間之交易；,RPOOMLMLJHKGFBB07CB,七月埕,C棟1號,
北區,房地(土地+建物)+車位,臺中市北區英才路、博館二街117巷,27.53,住,,,1140116,土地2建物1車位1,三層,7,華廈(10層含以下有電梯),見其他登記事項,鋼筋混凝土造,,136.54,2,2,2,有,無,18900000,170489,坡道平面,38.88,2250000,,RPPOMLMLJHKGFBB17CB,七月埕,B1棟3號,
大肚區,房地(土地+建物)+車位,臺中市大肚區華山路136巷,17.48,住,,,1140117,土地1建物1車位1,八層,15,住宅大樓(11層含以上有電梯),住家用,鋼筋混凝土造,,98.47,2,1,1,有,無,8600000,107275,坡道平面,36.48,1950000,,RPPNMLMLJHKGFKB97CB,九川四方研,A3棟8號,
大肚區,房地(土地+建物)+車位,臺中市大肚區華山路136巷,17.48,住,,,1140117,土地1建物1車位1,八層,15,住宅大樓(11層含以上有電梯),住家用,鋼筋混凝土造,,96.35,2,1,1,有,無,8420000,105985,坡道平面,34.36,1850000,親友、員工、共有人或其他特殊關係間之交易；,RPQNMLMLJHKGFKB08CB,九川四方研,B3棟8號,
北屯區,房地(土地+建物)+車位,臺中市北屯區興安路二段142巷,26.24,住,,,1140112,土地1建物1車位1,八層,14,住宅大樓(11層含以上有電梯),住家用,鋼筋混凝土造,,185.96,4,2,2,有,無,24880000,141861,坡道平面,25.38,2100000,,RPRNMLNLJHKGFBB37CB,鼎佳.興境,A2棟8F號,
北屯區,房地(土地+建物)+車位,臺中市北屯區敦富一街與紹安街口,22.59,住,,,1140119,土地1建物1車位1,八層,17,住宅大樓(11層含以上有電梯),住家用,鋼筋混凝土造,,155.03,3,2,2,有,無,21000000,153720,坡道平面,32.73,2200000,,RPTNMLNLJHKGFBB57CB,浩瀚景立方-菁英區,B3棟0號,
北屯區,房地(土地+建物),臺中市北屯區敦富路,9.0,商,,,1140119,土地1建物1車位0,十層,24,辦公商業大樓,商業用,鋼筋混凝土造,,77.95,0,0,0,無,無,12680000,162668,,0.0,0,,RPUNMLNLJHKGFBB67CB,浩瀚創立方,B15棟0號,
北屯區,房地(土地+建物),臺中市北屯區敦富路,7.66,商,,,1140111,土地1建物1車位0,五層,24,辦公商業大樓,商業用,鋼筋混凝土造,,66.47,0,0,0,無,無,9680000,145630,,0.0,0,,RPVNMLNLJHKGFBB77CB,浩瀚創立方,B21棟0號,
北屯區,房地(土地+建物)+車位,臺中市北屯區北屯路428號旁,13.29,住,,,1140115,土地2建物1車位1,三層,12,住宅大樓(11層含以上有電梯),住家用,鋼筋混凝土造,,88.71,2,2,2,有,無,12180000,159040,升降機械,17.47,850000,,RPWNMLNLJHKGFBB87CB,鴻邑松崨境,A棟,
北屯區,房地(土地+建物)+車位,臺中市北屯區北屯路428號旁,14.2,住,,,1140119,土地2建物1車位1,四層,12,住宅大樓(11層含以上有電梯),住家用,鋼筋混凝土造,,93.94,2,2,2,有,無,12880000,157317,升降機械,17.47,850000,,RPXNMLNLJHKGFBB97CB,鴻邑松崨境,D棟,
太平區,房地(土地+建物)+車位,臺中市太平區中山路一段282巷,26.87,,鄉村區,乙種建築用地,1140113,土地1建物1車位1,六層,12,住宅大樓(11層含以上有電梯),住家用,鋼筋混凝土造,,128.24,2,2,2,有,無,13730000,117179,坡道平面,26.43,1800000,,RPXNMLNLJHKGFJB78CB,長平科蒂,E棟6號,
太平區,房地(土地+建物)+車位,臺中市太平區中山路一段282巷,25.12,,鄉村區,乙種建築用地,1140118,土地1建物1車位1,三層,12,住宅大樓(11層含以上有電梯),住家用,鋼筋混凝土造,,121.59,2,2,2,有,無,12370000,112127,坡道平面,26.43,1700000,,RPOOMLNLJHKGFJB97CB,長平科蒂,A棟3號,
清水區,房地(土地+建物)+車位,臺中市清水區忠孝二街,27.62,住,,,1140115,土地1建物1車位1,三層,8,華廈(10層含以下有電梯),住家用,鋼筋混凝土造,,98.73,2,2,1,有,無,8880000,93330,坡道機械,15.37,1100000,,RPPNMLNLJHKGFFB67DB,ISTYLE,A-3F號,
中區,房地(土地+建物),臺中市中區自由路二段35巷,16.23,商,,,1140120,土地1建物1車位0,四層,5,公寓(5樓含以下無電梯),住家用,鋼筋混凝土造,,72.79,1,1,1,有,無,11433000,157068,,0.0,0,,RPPNMLOLJHKGFAB17CB,站前雅築,B棟4-1號,
北屯區,房地(土地+建物)+車位,臺中市北屯區南興路與敦富八街口,15.36,商,,,1140118,土地3建物1車位1,八層,27,住宅大樓(11層含以上有電梯),住家用,鋼筋混凝土造,,153.38,3,2,2,有,無,24210000,172507,坡道平面,26.95,2400000,,RPQNMLOLJHKGFBB37CB,漢宇雲衍,B7棟8號,
北屯區,房地(土地+建物)+車位,臺中市北屯區南興路與敦富八街口,17.91,商,,,1140115,土地3建物1車位1,二十二層,27,住宅大樓(11層含以上有電梯),住家用,鋼筋混凝土造,,174.77,3,2,2,有,無,31890000,200176,坡道平面,26.95,2300000,,RPRNMLOLJHKGFBB47CB,漢宇雲衍,B1棟22號,
北屯區,房地(土地+建物)+車位,臺中市北屯區南興路與敦富八街口,15.21,商,,,1140117,土地3建物1車位1,十層,27,住宅大樓(11層含以上有電梯),住家用,鋼筋混凝土造,,152.57,3,2,2,有,無,24120000,173698,坡道平面,26.95,2300000,,RPTNMLOLJHKGFBB67CB,漢宇雲衍,B6棟10號,
西屯區,房地(土地+建物)+車位,臺中市西屯區經貿路二段、經貿六街口,23.33,住,,,1140120,土地1建物1車位1,八層,11,住宅大樓(11層含以上有電梯),住家用,鋼筋混凝土造,,118.04,2,2,2,有,無,24480000,260921,坡道平面,33.57,2440000,交易總價含下列非屬預售屋價格之費用:傢俱設備費；禮券費:390000元,RPPNMLOLJHKGFCB37CB,遠雄綠美,B棟B02F08號,
南屯區,房地(土地+建物)+車位,臺中市南屯區大墩十一街與文心南五路三段,44.6,住,,,1140120,土地1建物1車位1,二層,18,住宅大樓(11層含以上有電梯),住家用,鋼筋混凝土造,,176.92,3,2,2,有,無,35430000,216691,坡道平面,24.26,2350000,,RPRNMLOLJHKGFCB57CB,精銳ABBA,2F-D號,
西屯區,房地(土地+建物)+車位,臺中市西屯區逢甲路73號,10.12,商,,,1140120,土地97建物1車位1,十層,19,住宅大樓(11層含以上有電梯),住家用,鋼骨鋼筋混凝土造,,108.81,2,2,2,有,無,20740000,221198,坡道平面,27.48,2750000,,RPUNMLOLJHKGFCB87CB,碧城FJ TOWER,I棟10號,
南屯區,房地(土地+建物)+車位,臺中市南屯區龍富十路及龍富路三段口,34.61,住,,,1140117,土地1建物1車位1,十一層,18,住宅大樓(11層含以上有電梯),住家用,鋼筋混凝土造,,154.43,3,2,2,有,無,29000000,207925,坡道平面,26.74,2450000,,RPOOMLOLJHKGFCB37CB,精銳LEAD,11F-D號,
梧棲區,房地(土地+建物)+車位,臺中市梧棲區和平街VS福德街口,20.86,住,,,1140116,土地1建物1車位1,四層,12,住宅大樓(11層含以上有電梯),住家用,鋼筋混凝土造,,110.16,2,2,1,有,無,6650000,70816,坡道平面,33.2,1200000,交易總價含下列非屬預售屋價格之費用:裝潢費300000元；親友、員工、共有人或其他特殊關係間之交易；,RPPNMLOLJHKGFFB67CB,餘慶豐閣,B5棟4F號,
沙鹿區,房地(土地+建物)+車位,臺中市沙鹿區青年路新站段66地號,17.43,住,,,1140114,土地1建物1車位1,十五層,15,住宅大樓(11層含以上有電梯),住家用,鋼筋混凝土造,,131.69,3,2,2,有,無,12970000,105874,坡道平面,24.77,1650000,,RPSNMLOLJHKGFFB97CB,勝麗交響曲,A3棟15F號,
沙鹿區,房地(土地+建物)+車位,臺中市沙鹿區青年路新站段66地號,20.78,住,,,1140113,土地1建物1車位1,一層,15,住宅大樓(11層含以上有電梯),住家用,鋼筋混凝土造,,135.84,0,0,0,無,無,17280000,139822,坡道平面,24.77,1750000,,RPTNMLOLJHKGFFB08CB,勝麗交響曲,S01棟1F號,
太平區,房地(土地+建物)+車位,臺中市太平區宜昌路,26.3,住,,,1140113,土地1建物1車位1,八層,15,住宅大樓(11層含以上有電梯),住家用,鋼筋混凝土造,,169.51,3,2,2,有,無,16880000,113764,坡道平面,32.12,1250000,,RPQNMLOLJHKGFJB18CB,佳鏵玥寬庭,B1棟08F號,
大肚區,房地(土地+建物),臺中市大肚區王福街438巷,86.77,其他,,,1140113,土地7建物1車位0,全,4,透天厝,見其他登記事項,鋼筋混凝土造,,176.06,4,3,4,有,無,17180000,97580,,0.0,0,,RPQNMLOLJHKGFKB28CB,悅里仁5期,E棟9號,
南區,房地(土地+建物)+車位,臺中市南區高工路vs文心南路,17.93,住,,,1140111,土地2建物1車位2,十八層,22,住宅大樓(11層含以上有電梯),住家用,鋼筋混凝土造,,191.21,3,2,2,有,無,28750000,178504,坡道平面,57.88,4950000,車位總價無法拆分個別價格,RPPNMLPLJHKGFAB27CB,語文心,H棟18號,
西屯區,房地(土地+建物)+車位,臺中市西屯區安和路,34.65,住,,,1140117,土地2建物1車位2,十二層,14,住宅大樓(11層含以上有電梯),住家用,鋼筋混凝土造,,226.95,3,2,2,有,無,31600000,177225,坡道平面,71.78,4100000,,RPPNMLPLJHKGFCB47CB,坤聯發中科匯,C棟12號,
北屯區,房地(土地+建物)+車位,臺中市北屯區崇德十九路上靠近崇德十路二段,24.39,住,,,1140118,土地1建物1車位1,二層,9,華廈(10層含以下有電梯),住家用,鋼筋混凝土造,,127.6,2,2,1,有,無,17880000,183626,坡道平面,41.12,2000000,,RPPNMLQLJHKGFBB47CB,寬展緣森,D棟2號,
西屯區,房地(土地+建物)+車位,臺中市西屯區經貿路二段與經貿三路 路口,12.86,商,,,1140115,土地2建物1車位1,十七層,29,住宅大樓(11層含以上有電梯),住家用,鋼骨鋼筋混凝土造,,193.32,3,2,3,有,無,38890000,210145,坡道平面,20.63,2600000,,RPQNMLQLJHKGFCB67CB,當代首馥,B1-17F號,
大甲區,房地(土地+建物)+車位,臺中市大甲區興安路66號旁,37.51,住,,,1140115,土地1建物1車位2,十六層,20,住宅大樓(11層含以上有電梯),住家用,鋼筋混凝土造,,244.49,4,2,2,有,無,21600000,97394,坡道平面,53.0,2950000,,RPPNMLLMJHKGFEB37CB,帝堡No.28,16樓P3號,
北屯區,房地(土地+建物)+車位,臺中市北屯區松竹路VS.東光路,39.56,住,,,1140117,土地2建物1車位2,二十一層,21,住宅大樓(11層含以上有電梯),住家用,鋼筋混凝土造,,210.44,3,2,2,有,無,33000000,200346,坡道平面,71.68,5200000,,RPPNMLNJKHKGFBB07CB,鉅虹R&G,A棟21號,
北屯區,房地(土地+建物)+車位,臺中市北屯區松竹路VS.東光路,25.52,住,,,1140117,土地2建物1車位1,十八層,21,住宅大樓(11層含以上有電梯),住家用,鋼筋混凝土造,,125.32,2,2,2,有,無,20010000,196804,坡道平面,35.84,2400000,,RPQNMLNJKHKGFBB17CB,鉅虹R&G,B棟18號,
沙鹿區,房地(土地+建物)+車位,臺中市沙鹿區福成路,31.17,住,,,1140113,土地1建物1車位1,二層,7,華廈(10層含以下有電梯),住家用,鋼筋混凝土造,,118.28,2,2,1,有,無,12380000,126539,坡道平面,37.04,2100000,,RPSNMLNJKHKGFFB77CB,富宇漾,B棟5號,
沙鹿區,房地(土地+建物)+車位,臺中市沙鹿區福成路,31.17,住,,,1140113,土地1建物1車位1,五層,7,華廈(10層含以下有電梯),住家用,鋼筋混凝土造,,118.28,2,2,1,有,無,13000000,132939,坡道平面,37.04,2200000,,RPTNMLNJKHKGFFB87CB,富宇漾,A棟7號,
沙鹿區,房地(土地+建物)+車位,臺中市沙鹿區福成路,31.17,住,,,1140118,土地1建物1車位1,五層,7,華廈(10層含以下有電梯),住家用,鋼筋混凝土造,,118.28,2,2,1,有,無,13050000,134786,坡道平面,37.04,2100000,,RPUNMLNJKHKGFFB97CB,富宇漾,D棟9號,
沙鹿區,房地(土地+建物)+車位,臺中市沙鹿區福成路,31.17,住,,,1140118,土地1建物1車位1,二層,7,華廈(10層含以下有電梯),住家用,鋼筋混凝土造,,118.28,2,2,1,有,無,11830000,119769,坡道平面,37.04,2100000,,RPVNMLNJKHKGFFB08CB,富宇漾,D棟2號,
沙鹿區,房地(土地+建物)+車位,臺中市沙鹿區福成路,28.99,住,,,1140119,土地1建物1車位1,二層,7,華廈(10層含以下有電梯),住家用,鋼筋混凝土造,,112.49,2,2,1,有,無,11100000,119284,坡道平面,37.04,2100000,,RPWNMLNJKHKGFFB18CB,富宇漾,D棟3號,
大雅區,房地(土地+建物)+車位,臺中市大雅區楓林街,26.03,住,,,1140118,土地4建物1車位1,八層,10,華廈(10層含以下有電梯),住家用,鋼筋混凝土造,,115.26,3,1,2,有,無,15200000,135513,升降機械,11.58,1150000,,RPPNMLNJKHKGFHB67CB,上楓湛,C棟8號,
龍井區,房地(土地+建物)+車位,臺中市龍井區中山二路一段,28.59,住,,,1140112,土地1建物1車位1,七層,9,華廈(10層含以下有電梯),住家用,鋼筋混凝土造,,124.43,2,2,1,有,無,9660000,92156,坡道平面,36.97,1600000,,RPPNMLNJKHKGFKB97CB,峰光-極光區,A7號,
西屯區,房地(土地+建物)+車位,臺中市西屯區成都路與寧夏東三街口,19.88,住,,,1140119,土地2建物1車位1,七層,11,住宅大樓(11層含以上有電梯),住家用,鋼筋混凝土造,,142.83,2,2,2,有,無,22250000,192121,坡道平面,40.03,2500000,,RPPNMLOJKHKGFCB27CB,裕翔織光,D棟7號,
西屯區,房地(土地+建物)+車位,臺中市西屯區福星北路,33.12,其他,,,1140117,土地1建物1車位1,二層,9,華廈(10層含以下有電梯),住家用,鋼筋混凝土造,,155.95,3,2,2,有,無,30360000,222398,坡道平面,29.78,2300000,,RPQNMLOJKHKGFCB37CB,遠雄洄山行,B棟B07F02號,
梧棲區,房地(土地+建物)+車位,臺中市梧棲區港新一路四維東路口市鎮南段65地號,11.45,商,,,1140114,土地1建物1車位1,八層,21,住宅大樓(11層含以上有電梯),住家用,鋼筋混凝土造,,144.27,3,2,2,有,無,14030000,106679,坡道平面,24.94,1300000,,RPPNMLOJKHKGFFB57CB,聯虹鉑玥,A2-08F棟0號,
梧棲區,房地(土地+建物)+車位,臺中市梧棲區港新一路四維東路口市鎮南段65地號,10.87,商,,,1140115,土地1建物1車位1,三層,21,住宅大樓(11層含以上有電梯),住家用,鋼筋混凝土造,,137.79,3,2,2,有,無,12230000,98183,坡道平面,24.94,1150000,,RPQNMLOJKHKGFFB67CB,聯虹鉑玥,D6-03F棟0號,
梧棲區,房地(土地+建物)+車位,臺中市梧棲區港新一路四維東路口市鎮南段65地號,11.39,商,,,1140115,土地1建物1車位1,十四層,21,住宅大樓(11層含以上有電梯),住家用,鋼筋混凝土造,,143.69,3,2,2,有,無,14220000,108800,坡道平面,24.94,1300000,,RPRNMLOJKHKGFFB77CB,聯虹鉑玥,D7-14F棟0號,
南區,房地(土地+建物)+車位,臺中市南區文心南路與大慶街一段75巷,13.71,住,,,1140112,土地26建物1車位1,八層,27,住宅大樓(11層含以上有電梯),住家用,鋼筋混凝土造,,132.55,3,2,2,有,無,17790000,146448,坡道平面,24.73,2000000,,RPSNMLPJKHKGFAB47CB,和瑞文心樂章,C3棟8F號,
南區,房地(土地+建物)+車位,臺中市南區文心南路與大慶街一段75巷,10.62,住,,,1140112,土地26建物1車位1,五層,27,住宅大樓(11層含以上有電梯),住家用,鋼筋混凝土造,,108.2,2,2,2,有,無,15370000,160177,坡道平面,24.73,2000000,,RPTNMLPJKHKGFAB57CB,和瑞文心樂章,B3棟5F號,
南區,房地(土地+建物)+車位,臺中市南區文心南路與大慶街一段75巷,10.68,住,,,1140113,土地26建物1車位1,三層,27,住宅大樓(11層含以上有電梯),住家用,鋼筋混凝土造,,108.49,2,2,2,有,無,15120000,156638,坡道平面,24.73,2000000,,RPUNMLPJKHKGFAB67CB,和瑞文心樂章,C5棟3F號,
南區,房地(土地+建物)+車位,臺中市南區東興二街及慶順二街口,51.05,住,,,1140117,土地1建物1車位1,十二層,18,住宅大樓(11層含以上有電梯),住家用,鋼筋混凝土造,,205.41,4,2,2,有,無,39000000,214406,坡道平面,33.54,2150000,,RPVNMLPJKHKGFAB77CB,惠宇大然,A棟12F號,
南區,房地(土地+建物)+車位,臺中市南區東興二街及慶順二街口,37.87,住,,,1140119,土地1建物1車位1,四層,18,住宅大樓(11層含以上有電梯),住家用,鋼筋混凝土造,,160.03,3,2,2,有,無,27120000,197407,坡道平面,33.54,2150000,,RPWNMLPJKHKGFAB87CB,惠宇大然,H棟4F號,
南區,房地(土地+建物)+車位,臺中市南區東興二街及慶順二街口,38.97,住,,,1140120,土地1建物1車位1,四層,18,住宅大樓(11層含以上有電梯),住家用,鋼筋混凝土造,,164.21,3,2,2,有,無,28260000,199816,坡道平面,33.54,2150000,,RPXNMLPJKHKGFAB97CB,惠宇大然,C棟4F號,
東區,房地(土地+建物)+車位,臺中市東區進德路及樂業二路路口,13.42,商,,,1140119,土地1建物1車位1,二十層,28,住宅大樓(11層含以上有電梯),住家用,鋼筋混凝土造,,163.76,3,2,2,有,無,25160000,172836,坡道平面,29.76,2000000,,RPTOMLPJKHKGFAB67CB,浩瀚湖濱城,D2棟0號,
北屯區,房地(土地+建物)+車位,臺中市北屯區南興路與敦富八街口,16.86,商,,,1140118,土地3建物1車位1,九層,27,住宅大樓(11層含以上有電梯),住家用,鋼筋混凝土造,,166.08,3,2,2,有,無,27690000,182491,坡道平面,26.95,2300000,,RPPNMLPJKHKGFBB27CB,漢宇雲衍,B3棟9號,
南屯區,房地(土地+建物)+車位,臺中市南屯區益豐路二段和龍富五街交叉路口,23.79,住,,,1140120,土地3建物1車位1,三層,15,住宅大樓(11層含以上有電梯),住家用,鋼筋混凝土造,,118.42,2,2,2,有,無,19500000,201203,坡道平面,31.94,2100000,親友、員工、共有人或其他特殊關係間之交易；,RPTNMLPJKHKGFCB77CB,南悅樂田,G棟G-03號,
南屯區,房地(土地+建物)+車位,臺中市南屯區益豐路二段和龍富五街交叉路口,34.57,住,,,1140112,土地3建物1車位2,七層,15,住宅大樓(11層含以上有電梯),住家用,鋼筋混凝土造,,189.59,3,2,2,有,無,27500000,194847,坡道平面,63.85,3000000,,RPXNMLPJKHKGFCB18CB,南悅樂田,A棟A-07號,
南屯區,房地(土地+建物)+車位,臺中市南屯區益豐路二段和龍富五街交叉路口,34.57,住,,,1140118,土地3建物1車位2,十五層,15,住宅大樓(11層含以上有電梯),住家用,鋼筋混凝土造,,189.62,3,2,2,有,無,29700000,209957,坡道平面,63.88,3300000,,RPOOMLPJKHKGFCB37CB,南悅樂田,E棟E-15號,
西屯區,房地(土地+建物)+車位,臺中市西屯區文華路,15.77,住,,,1140119,土地4建物1車位1,十三層,14,住宅大樓(11層含以上有電梯),住家用,鋼筋混凝土造,,112.02,2,2,2,有,無,20160000,213603,坡道平面,31.45,2950000,,RPROMLPJKHKGFCB67CB,富宇富美圖,A棟6號,
后里區,房地(土地+建物)+車位,臺中市后里區甲后路三段,19.92,,鄉村區,乙種建築用地,1140118,土地1建物1車位1,九層,9,華廈(10層含以下有電梯),住家用,鋼筋混凝土造,,105.41,2,2,1,有,無,9820000,107010,坡道平面,27.66,1500000,,RPPNMLPJKHKGFDB47CB,展裕丰格,D5-09號,
沙鹿區,房地(土地+建物),臺中市沙鹿區正義路234巷7號,137.75,住,,,1140115,土地1建物1車位0,全,4,透天厝,住家用,鋼筋混凝土造,,328.64,5,2,6,有,無,37080000,112829,,0.0,0,,RPPNMLPJKHKGFFB67CB,泉美御明秀,B棟5號,
南區,房地(土地+建物)+車位,臺中市南區復興北路,25.93,住,,,1140118,土地2建物1車位2,二層,22,住宅大樓(11層含以上有電梯),住家用,鋼筋混凝土造,,200.45,4,2,2,有,無,26800000,155214,坡道平面,54.2,4100000,車位價格無法拆分,RPRNMLQJKHKGFAB47CB,昌祐雲之境,G棟2F號,
北屯區,房地(土地+建物)+車位,臺中市北屯區敦富路、南興北一路口,15.13,住,,,1140119,土地2建物1車位1,七層,15,住宅大樓(11層含以上有電梯),住家用,鋼筋混凝土造,,126.99,3,2,2,有,無,18020000,159287,坡道平面,28.3,2300000,,RPPNMLQJKHKGFBB37CB,遠雄敦富,A棟B08F07號,
北屯區,房地(土地+建物)+車位,臺中市北屯區太順五街,26.08,住,,,1140111,土地1建物1車位1,九層,12,住宅大樓(11層含以上有電梯),住家用,鋼筋混凝土造,,177.4,4,2,2,有,無,18200000,116865,坡道平面,37.58,1860000,,RPWNMLQJKHKGFBB08CB,泓瑞順世代,A棟9F-5號,
西屯區,房地(土地+建物)+車位,臺中市西屯區文華路,21.28,住,,,1140118,土地4建物1車位1,八層,14,住宅大樓(11層含以上有電梯),住家用,鋼筋混凝土造,,139.92,3,2,2,有,無,25000000,202821,坡道平面,31.45,3000000,,RPPNMLQJKHKGFCB47CB,富宇富美圖,A棟7號,
清水區,房地(土地+建物)+車位,臺中市清水區鎮新一街,27.87,住,,,1140111,土地1建物1車位1,七層,12,住宅大樓(11層含以上有電梯),住家用,鋼筋混凝土造,,161.16,3,2,2,有,無,12770000,87854,坡道平面,31.74,1400000,,RPPNMLQJKHKGFFB77CB,鼎佳謙美,B5棟07號,
梧棲區,房地(土地+建物)+車位,臺中市梧棲區臨港路四段大勇二路口益翔有藝仕,13.5,商,,,1140114,土地1建物1車位1,九層,15,住宅大樓(11層含以上有電梯),住商用,鋼筋混凝土造,,161.63,3,2,2,有,無,10150000,71196,坡道平面,35.92,1200000,,RPOOMLQJKHKGFFB77CB,益翔有藝仕,A棟12號,
梧棲區,房地(土地+建物),臺中市梧棲區臨港路四段大勇二路口益翔有藝仕,8.05,商,,,1140114,土地1建物1車位0,三層,15,住宅大樓(11層含以上有電梯),住商用,鋼筋混凝土造,,73.13,2,2,1,有,無,4890000,66867,,0.0,0,,RPPOMLQJKHKGFFB87CB,益翔有藝仕,A棟11號,
梧棲區,房地(土地+建物)+車位,臺中市梧棲區臨港路四段大勇二路口益翔有藝仕,8.74,商,,,1140114,土地1建物1車位1,八層,15,住宅大樓(11層含以上有電梯),住商用,鋼筋混凝土造,,108.41,2,2,1,有,無,6380000,72391,坡道機械,28.98,630000,,RPQOMLQJKHKGFFB97CB,益翔有藝仕,A棟8號,
西區,房地(土地+建物)+車位,臺中市西區向上路一段17巷,19.32,住,,,1140113,土地1建物1車位1,七層,7,華廈(10層含以下有電梯),住家用,鋼骨鋼筋混凝土造,,81.91,2,2,2,有,無,12850000,155410,升降機械,5.66,1000000,,RPPNMLRJKHKGFAB37CB,永宏?向上,A7F號,
北屯區,房地(土地+建物)+車位,臺中市北屯區南興園路,45.03,住,,,1140111,土地5建物1車位2,二十四層,31,住宅大樓(11層含以上有電梯),住家用,鋼骨鋼筋混凝土造,,238.04,3,2,2,有,無,39100000,207527,坡道平面,72.76,4800000,,RPSNMLRJKHKGFBB77CB,雙橡園2045,B2棟0號,
大甲區,房地(土地+建物),臺中市大甲區中山路二段950巷,95.99,住,,,1140118,土地1建物1車位0,全,4,透天厝,住家用,鋼筋混凝土造,,159.2,4,2,3,有,無,14580000,91583,,0.0,0,,RPPNMLRJKHKGFEB77CB,瑞鑫君悅,A棟6號,
梧棲區,房地(土地+建物)+車位,臺中市梧棲區臨港路四段大勇二路口益翔有藝仕,8.74,商,,,1140114,土地1建物1車位1,九層,15,住宅大樓(11層含以上有電梯),住商用,鋼筋混凝土造,,108.41,2,2,1,有,無,6600000,73902,坡道機械,28.98,730000,,RPSNMLRJKHKGFFB18CB,益翔有藝仕,A棟8號,
梧棲區,房地(土地+建物)+車位,臺中市梧棲區臨港路四段大勇二路口益翔有藝仕,13.34,商,,,1140114,土地1建物1車位1,五層,15,住宅大樓(11層含以上有電梯),住商用,鋼筋混凝土造,,157.2,3,2,2,有,無,9680000,70745,坡道平面,35.92,1100000,,RPXNMLRJKHKGFFB68CB,益翔有藝仕,A棟6號,
梧棲區,房地(土地+建物)+車位,臺中市梧棲區臨港路四段大勇二路口益翔有藝仕,8.74,商,,,1140114,土地1建物1車位1,十二層,15,住宅大樓(11層含以上有電梯),住商用,鋼筋混凝土造,,108.41,2,2,1,有,無,6650000,75790,坡道機械,28.98,630000,,RPPOMLRJKHKGFFB97CB,益翔有藝仕,A棟8號,
梧棲區,房地(土地+建物),臺中市梧棲區臨港路四段大勇二路口益翔有藝仕,10.09,商,,,1140114,土地1建物1車位0,五層,15,住宅大樓(11層含以上有電梯),住商用,鋼筋混凝土造,,91.61,2,2,1,有,無,6840000,74664,,0.0,0,,RPQOMLRJKHKGFFB08CB,益翔有藝仕,A棟9號,
西屯區,房地(土地+建物)+車位,臺中市西屯區惠民段7、9、9-1、9-2號地號等4筆,5.03,其他,,,1140120,土地4建物1車位1,二十六層,35,辦公商業大樓,商業用,見其他登記事項,,100.98,0,0,1,有,無,22510000,239638,坡道平面,15.81,2100000,,RPPNMLSJKHKGFCB67CB,市政壹號廣場,A01-26號,
大甲區,房地(土地+建物)+車位,臺中市大甲區中山路二段950巷,38.9,住,,,1140115,土地1建物1車位1,五層,5,華廈(10層含以下有電梯),住家用,鋼筋混凝土造,,108.77,2,2,2,有,無,7550000,84723,一樓平面,35.0,1300000,,RPPNMLSJKHKGFEB87CB,瑞鑫君悅20戶公寓,5G棟6號,
烏日區,房地(土地+建物),臺中市烏日區慶光路868巷256弄旁,68.74,,特定農業區,甲種建築用地,1140116,土地3建物1車位0,全,4,透天厝,住家用,鋼筋混凝土造,,146.31,3,2,3,有,無,14930000,102044,,0.0,0,,RPPNMLSJKHKGFIB28CB,璞墅,C6棟0號,
烏日區,房地(土地+建物),臺中市烏日區慶光路868巷256弄旁,63.2,,特定農業區,甲種建築用地,1140118,土地4建物1車位0,全,4,透天厝,住家用,鋼筋混凝土造,,146.31,3,2,3,有,無,16150000,110382,,0.0,0,,RPQNMLSJKHKGFIB38CB,璞墅,B2棟0號,
西屯區,房地(土地+建物)+車位,臺中市西屯區環中路二段,22.04,住,,,1140116,土地1建物1車位1,三層,10,華廈(10層含以下有電梯),住家用,鋼筋混凝土造,,121.22,2,2,2,有,無,21300000,230533,坡道平面,39.67,2500000,,RPQNMLKKKHKGFCB07CB,浩瀚豐森態,A5棟3號,
烏日區,房地(土地+建物)+車位,臺中市烏日區溪南路二段,21.63,,鄉村區,乙種建築用地,1140119,土地1建物1車位1,十層,12,住宅大樓(11層含以上有電梯),住家用,鋼筋混凝土造,,112.5,2,2,1,有,無,12110000,125959,坡道平面,29.06,1600000,,RPPNMLKKKHKGFIB57CB,坤聯富?上境,B棟B-10號,
烏日區,房地(土地+建物)+車位,臺中市烏日區溪南路二段,21.67,,鄉村區,乙種建築用地,1140120,土地1建物1車位1,九層,12,住宅大樓(11層含以上有電梯),住家用,鋼筋混凝土造,,112.51,2,2,1,有,無,11990000,124506,坡道平面,29.06,1600000,,RPQNMLKKKHKGFIB67CB,坤聯富?上境,M棟M-9號,
潭子區,房地(土地+建物)+車位,臺中市潭子區豐興路一段400巷,125.19,,特定農業區,甲種建築用地,1140112,土地2建物1車位1,全,5,透天厝,住家用,鋼筋混凝土造,,261.84,4,2,5,有,無,37200000,142071,一樓平面,0.0,0,停車位位於室內專有範圍內,RPPNMLKKKHKGFHB57DB,知山田,B棟3號,
北屯區,房地(土地+建物)+車位,臺中市北屯區軍和街,15.2,商,,,1140119,土地3建物1車位1,四層,12,住宅大樓(11層含以上有電梯),住家用,鋼筋混凝土造,,111.51,2,2,1,有,無,14170000,153660,坡道機械,24.5,800000,,RPPNMLLKKHKGFBB96CB,睿馥君和,4F-F號,
北屯區,房地(土地+建物)+車位,臺中市北屯區軍和街,16.21,商,,,1140115,土地3建物1車位1,二層,12,住宅大樓(11層含以上有電梯),住家用,鋼筋混凝土造,,117.32,2,2,2,有,無,15250000,151368,坡道機械,24.5,1200000,,RPQNMLLKKHKGFBB07CB,睿馥君和,2F-A號,
大雅區,房地(土地+建物),臺中市大雅區民興街,12.86,商,,,1140117,土地2建物1車位0,五層,12,住宅大樓(11層含以上有電梯),住家用,鋼筋混凝土造,,70.68,2,2,2,有,無,9920000,140351,,0.0,0,,RPPNMLMKKHKGFHB67CB,元心大雅湛,B棟5號,
大雅區,房地(土地+建物),臺中市大雅區民興街,12.86,商,,,1140120,土地2建物1車位0,三層,12,住宅大樓(11層含以上有電梯),住家用,鋼筋混凝土造,,70.68,2,2,2,有,無,9580000,135540,,0.0,0,,RPQNMLMKKHKGFHB77CB,元心大雅湛,B棟3號,
大雅區,房地(土地+建物),臺中市大雅區民興街,12.86,商,,,1140115,土地2建物1車位0,六層,12,住宅大樓(11層含以上有電梯),住家用,鋼筋混凝土造,,70.68,2,2,2,有,無,9980000,141200,,0.0,0,,RPRNMLMKKHKGFHB87CB,元心大雅湛,B棟6號,
潭子區,房地(土地+建物)+車位,臺中市潭子區僑興路與興華一路交叉路口,20.38,住,,,1140119,土地1建物1車位0,一層,15,店面(店鋪),商業用,鋼筋混凝土造,,96.26,0,0,0,無,無,14580000,151465,,0.0,0,,RPSNMLMKKHKGFHB97CB,勝發賀,S2棟1號,
南區,房地(土地+建物)+車位,臺中市南區文心南路與大慶街一段75巷,13.71,住,,,1140120,土地2建物1車位2,二十七層,27,住宅大樓(11層含以上有電梯),住家用,鋼筋混凝土造,,156.14,3,2,2,有,無,20940000,151549,坡道平面,48.32,4600000,,RPPNMLNKKHKGFAB07CB,和瑞文心樂章,C3棟27F號,
大肚區,房地(土地+建物)+車位,臺中市大肚區瑞井路65巷,19.08,,鄉村區,乙種建築用地,1140118,土地1建物1車位1,七層,12,住宅大樓(11層含以上有電梯),住家用,鋼筋混凝土造,,100.1,2,2,2,有,無,10680000,121757,坡道平面,28.4,1950000,合約書移轉土地面積19.07平方公尺,RPRNMLNKKHKGFKB28CB,茂洋旭美,J棟7號,
清水區,房地(土地+建物)+車位,臺中市清水區鎮新一街,27.87,住,,,1140116,土地1建物1車位1,五層,12,住宅大樓(11層含以上有電梯),住家用,鋼筋混凝土造,,160.94,3,2,2,有,無,12710000,87539,坡道平面,31.74,1400000,,RPPNMLOKKHKGFFB67CB,鼎佳謙美,B2棟05號,
清水區,房地(土地+建物)+車位,臺中市清水區鎮新一街,27.87,住,,,1140116,土地1建物1車位1,五層,12,住宅大樓(11層含以上有電梯),住家用,鋼筋混凝土造,,161.08,3,2,2,有,無,12880000,88758,坡道平面,31.74,1400000,,RPQNMLOKKHKGFFB77CB,鼎佳謙美,B1棟05號,
沙鹿區,房地(土地+建物)+車位,臺中市沙鹿區中山路紅竹巷,31.26,住,,,1140120,土地1建物1車位1,三層,7,華廈(10層含以下有電梯),住家用,鋼筋混凝土造,,118.06,2,2,2,有,無,12270000,112513,坡道平面,24.56,1750000,,RPRNMLOKKHKGFFB87CB,國雄北歐莊園 森林區,B棟2號,
北屯區,房地(土地+建物)+車位,臺中市北屯區豐德一街,38.73,住,,,1140120,土地1建物1車位1,二層,10,華廈(10層含以下有電梯),住家用,鋼筋混凝土造,,143.05,2,2,2,有,無,19320000,171262,坡道平面,43.67,2300000,,RPSNMLSKKHKGFBB97CB,雅正YOUNG,2F-C號,
北屯區,房地(土地+建物)+車位,臺中市北屯區豐德一街,54.27,住,,,1140120,土地1建物1車位2,二層,10,華廈(10層含以下有電梯),住家用,鋼筋混凝土造,,200.48,3,2,2,有,無,25380000,171775,坡道平面,80.09,4700000,,RPTNMLSKKHKGFBB08CB,雅正YOUNG,2F-D號,
大雅區,房地(土地+建物),臺中市大雅區昌平路四段282巷附近,110.03,農,,,1140120,土地6建物1車位0,全,4,透天厝,住家用,鋼筋混凝土造,,177.88,4,2,4,有,無,23300000,130987,,0.0,0,,RPPNMLSKKHKGFHB28CB,仰森,A棟5號,
