﻿鄉鎮市區,交易標的,土地位置建物門牌,土地面積平方公尺,都市土地使用分區,非都市土地使用分區,非都市土地使用編定,租賃年月日,租賃筆棟數,租賃層次,總樓層數,建物型態,主要用途,主要建材,建築完成年月,建物總面積平方公尺,建物現況格局-房,建物現況格局-廳,建物現況格局-衛,建物現況格局-隔間,有無管理組織,有無附傢俱,總額元,單價元平方公尺,車位類別,車位面積平方公尺,車位總額元,備註,編號,出租型態,有無管理員,租賃期間,有無電梯,附屬設備,租賃住宅服務
The villages and towns urban district,transaction sign,land sector position building sector house number plate,land shifting total area square meter,the use zoning or compiles and checks,the non-metropolis land use district,non-metropolis land use,transaction year month and day,transaction pen number,shifting level,total floor number,building state,main use,main building materials,construction to complete the years,building shifting total area,Building present situation pattern - room,building present situation pattern - hall,building present situation pattern - health,building present situation pattern - compartmented,Whether there is manages the organization,Whether there is attaches the furniture,total price NTD,the unit price (NTD / square meter),the berth category,berth shifting total area square meter,the berth total price NTD,the note,serial number,Rental type,Residential Manager,Rental period,elevator,equipment,Rental residential services
北屯區,租賃房屋,臺中市北屯區文心路四段５０６號１９樓之６,9.89,住,,,1140121,土地1建物1車位0,十九層,22,住宅大樓(11層含以上有電梯),集合住宅,鋼筋混凝土造,1040423,132.26,3,2,2,有,有,有,36000,272,,0.0,0,租金總額含管理費；續租案件；,RPTNMLLLJHKGFBB47CC,整棟(戶)出租,有,1140210~1150209,有,冷氣、熱水器、洗衣機、電視機、冰箱,
北屯區,車位,臺中市北屯區文心路四段２７８號等公共設施B２-３２９,0.0,,,,1140121,土地0建物0車位1,,,其他,,,,27.23,0,0,0,無,無,無,3000,,坡道平面,27.23,3000,其他清潔保養費；,RPWOMLLLJHKGFBB87CC,,,1140201~1150131,,,
太平區,租賃房屋,臺中市太平區樹孝路４５７巷１７號,0.0,,,,1140121,土地0建物1車位0,全,4,透天厝,住宅、停車空間、梯間,鋼筋混凝土造,0900402,186.08,5,2,3,有,無,無,15300,82,,0.0,0,社會住宅包租代管公會版4期405-1續租案件；,RPPNMLLLJHKGFJB87CC,整棟(戶)出租,無,1140205~1150204,無,冷氣、熱水器、瓦斯或天然氣,社會住宅代管
太平區,租賃房屋,臺中市太平區樹孝路４５７巷１９號,0.0,,,,1140121,土地0建物1車位0,全,4,透天厝,住宅、停車空間、梯間,鋼筋混凝土造,0900402,219.61,6,2,5,有,無,無,15700,71,,0.0,0,社會住宅包租代管公會版4期399-1續租案件；,RPTNMLLLJHKGFJB28CC,整棟(戶)出租,無,1140205~1150204,無,冷氣、熱水器、瓦斯或天然氣,社會住宅代管
北屯區,租賃房屋+車位,臺中市北屯區太原路三段３９１號八樓之１,0.0,,,,1140121,土地0建物1車位1,八層,15,住宅大樓(11層含以上有電梯),集合住宅,鋼筋混凝土造,1120711,151.3,3,2,2,有,有,有,28000,222,坡道平面,29.59,1000,社會住宅包租代管公會版4期386-1續租案件；,RPPNMLMLJHKGFBB17CC,整棟(戶)出租,有,1140201~1150131,有,冷氣、熱水器、洗衣機、電視機、冰箱、瓦斯或天然氣,社會住宅代管
北屯區,租賃房屋,臺中市北屯區文心路四段６７２號５樓之３７,0.0,,,,1140121,土地0建物1車位0,五層,24,住宅大樓(11層含以上有電梯),住家用,鋼筋混凝土造,0841124,43.44,1,0,1,有,有,有,11800,272,,0.0,0,,RPRNMLMLJHKGFBB37CC,獨立套房,有,1140121~1150120,有,冷氣、熱水器、洗衣機、電視機、冰箱,社會住宅代管
北區,租賃房屋,臺中市北區太平北街８號３樓之１,0.0,,,,1140121,土地0建物1車位0,三層,7,華廈(10層含以下有電梯),住家用,鋼筋混凝土造,0790312,31.4,1,0,1,有,有,有,7200,229,,0.0,0,台中市政府包租代管計畫。管理費800元由出租人負擔。,RPTNMLMLJHKGFBB57CC,獨立套房,無,1140222~1150221,有,冷氣、熱水器、洗衣機、電視機、冰箱,社會住宅代管
北屯區,租賃房屋,臺中市北屯區文心路四段６７２號１２樓之１５,0.0,,,,1140122,土地0建物1車位0,十二層,24,住宅大樓(11層含以上有電梯),住家用,鋼筋混凝土造,0841124,37.61,1,0,1,有,有,有,6000,160,,0.0,0,社會住宅包租代管公會版41期246續租案件；,RPSOMLMLJHKGFBB57CC,獨立套房,有,1140301~1150228,有,冷氣、熱水器、電視機、冰箱,社會住宅代管
北屯區,租賃房屋,臺中市北屯區遼寧路一段３７７號十一樓,0.0,,,,1140122,土地0建物1車位0,十一層,14,住宅大樓(11層含以上有電梯),住家用,鋼筋混凝土造,0890302,156.24,4,2,2,有,有,有,17200,110,,0.0,0,未租賃車位，建物登記含有車位面積；續租案件；,RPRPMLMLJHKGFBB57CC,整棟(戶)出租,有,1140201~1150131,有,熱水器、洗衣機、瓦斯或天然氣,社會住宅代管
西屯區,租賃房屋,臺中市西屯區青海南街３３號七樓之７,0.0,,,,1140121,土地0建物1車位0,七層,15,住宅大樓(11層含以上有電梯),集合住宅,鋼筋混凝土造,1071126,69.82,1,1,1,有,有,有,21066,302,,0.0,0,台中市政府包租代管計畫。管理費2034元由出租人負擔。,RPOOMLMLJHKGFCB27CC,獨立套房,有,1140205~1150204,有,冷氣、熱水器、洗衣機、冰箱、瓦斯或天然氣,社會住宅代管
南屯區,租賃房屋,臺中市南屯區保安十街１５０號二樓之１,0.0,,,,1140121,土地0建物1車位0,二層,7,華廈(10層含以下有電梯),寄宿舍,鋼筋混凝土造,1110728,35.14,1,0,1,有,無,有,10700,304,,0.0,0,,RPQOMLMLJHKGFCB47CC,獨立套房,有,1140221~1150220,有,冷氣、熱水器、洗衣機、冰箱,一般轉租
北屯區,租賃房屋+車位,臺中市北屯區環太東路４６７號二樓之３,0.0,,,,1140121,土地0建物1車位1,二層,15,住宅大樓(11層含以上有電梯),集合住宅,鋼筋混凝土造,1090820,149.23,3,2,2,有,有,有,19500,136,坡道平面,23.87,2500,,RPVNMLNLJHKGFBB87CC,整棟(戶)出租,有,1140123~1150122,有,冷氣、熱水器、瓦斯或天然氣,社會住宅代管
北屯區,租賃房屋+車位,臺中市北屯區文心路四段２８８號６樓之１３,0.0,,,,1140123,土地0建物1車位1,六層,22,住宅大樓(11層含以上有電梯),住家用,鋼筋混凝土造,1020725,124.76,2,1,2,有,有,有,25000,200,坡道平面,27.23,0,租金總額含管理費；,RPOOMLNLJHKGFBB27CC,整棟(戶)出租,有,1140201~1150731,有,冷氣、熱水器、洗衣機、電視機、冰箱、瓦斯或天然氣,一般代管
北區,租賃房屋,臺中市北區北平四街５號１４樓之９,0.0,,,,1140121,土地0建物1車位0,十四層,15,住宅大樓(11層含以上有電梯),集合住宅,鋼筋混凝土造,1071130,75.64,1,1,1,有,有,有,22755,301,,0.0,0,未租賃車位，建物登記含有車位面積；,RPQOMLNLJHKGFBB47CC,整棟(戶)出租,有,1140115~1150114,有,冷氣、熱水器、洗衣機、電視機、冰箱,一般代管
北區,租賃房屋,臺中市北區五常街１９１巷７之４號,0.0,,,,1140122,土地0建物1車位0,五層,5,公寓(5樓含以下無電梯),住家用,鋼筋混凝土造,0760529,99.42,3,2,2,有,無,有,15000,151,,0.0,0,續租案件；,RPTOMLNLJHKGFBB77CC,整棟(戶)出租,無,1140201~1150131,無,冷氣、熱水器、洗衣機、瓦斯或天然氣,社會住宅代管
北屯區,租賃房屋,臺中市北屯區梅川東路四段１０５號１２樓之２０,4.41,住,,,1140123,土地1建物1車位0,十二層,17,住宅大樓(11層含以上有電梯),商業用,鋼筋混凝土造,0831222,46.36,1,0,1,有,有,有,9800,211,,0.0,0,多人共同承租2；,RPUOMLNLJHKGFBB87CC,獨立套房,有,1140201~1150131,有,冷氣、熱水器、洗衣機、電視機、冰箱、瓦斯或天然氣、網路,
北屯區,租賃房屋+車位,臺中市北屯區環太東路４６７號３樓之９,0.0,,,,1140123,土地0建物1車位1,三層,15,住宅大樓(11層含以上有電梯),集合住宅,鋼筋混凝土造,1090820,122.74,3,2,1,有,有,有,21000,171,坡道平面,23.87,0,其他車位租金；,RPQPMLNLJHKGFBB57CC,整棟(戶)出租,有,1140201~1150131,有,冷氣、熱水器、洗衣機、電視機、冰箱、瓦斯或天然氣,社會住宅代管
北區,租賃房屋,臺中市北區山西東二街３２之３號３樓之３,0.0,,,,1140121,土地0建物1車位0,三層,6,華廈(10層含以下有電梯),住家用,鋼筋混凝土造,0800628,60.519999999999996,1,1,1,有,有,有,12000,198,,0.0,0,,RPRPMLNLJHKGFBB67CC,整棟(戶)出租,有,1140201~1150131,有,冷氣、熱水器、洗衣機、瓦斯或天然氣,社會住宅代管
北屯區,租賃房屋+車位,臺中市北屯區環太東路５６６號七樓之１１,0.0,,,,1140121,土地0建物1車位1,七層,15,住宅大樓(11層含以上有電梯),集合住宅,鋼筋混凝土造,1130605,154.10000000000002,2,2,2,有,有,無,25000,162,坡道平面,27.6,0,多人共同承租2；租金總額含管理費；,RPXPMLNLJHKGFBB28CC,整棟(戶)出租,有,1140203~1150202,有,冷氣、熱水器,一般包租
西屯區,租賃房屋,臺中市西屯區西安街１２６號２樓,0.0,,,,1140122,土地0建物0車位0,二層,5,公寓(5樓含以下無電梯),住家用,鋼筋混凝土造,0841123,13.5,9,0,9,有,無,有,5800,430,,0.0,0,,RPQOMLNLJHKGFCB57CC,分租套房,無,1140126~1140725,無,冷氣、熱水器、電視機、冰箱、網路,一般轉租
西屯區,租賃房屋,臺中市西屯區西安街１２６號５樓,0.0,,,,1140123,土地0建物0車位0,五層,,公寓(5樓含以下無電梯),,,,12.8,9,0,9,有,無,有,5500,430,,0.0,0,,RPUOMLNLJHKGFCB97CC,分租套房,無,1140127~1150126,無,冷氣、熱水器、電視機、冰箱、網路,一般轉租
西屯區,租賃房屋,臺中市西屯區烈美街１００號５樓之２,0.0,,,,1140121,土地0建物0車位0,五層,5,華廈(10層含以下有電梯),集合住宅,鋼筋混凝土造,1081007,34.55,5,0,5,有,無,有,14500,420,,0.0,0,租賃建物部分範圍，且未計入共有部分面積；,RPVOMLNLJHKGFCB08CC,分租套房,無,1140121~1150120,有,冷氣、熱水器、洗衣機、電視機、冰箱、網路,一般代管
南屯區,租賃房屋+車位,臺中市南屯區嶺東南路１５９號２樓之３,0.0,,,,1140123,土地0建物1車位1,二層,15,住宅大樓(11層含以上有電梯),集合住宅,鋼筋混凝土造,1090814,137.56,3,1,1,有,有,有,21700,199,坡道平面,37.24,1700,續租案件；,RPQPMLNLJHKGFCB67CC,整棟(戶)出租,有,1140210~1150209,有,冷氣、熱水器、洗衣機、電視機、冰箱、瓦斯或天然氣,社會住宅代管
潭子區,租賃房屋,臺中市潭子區復興路一段６３之２號,0.0,,,,1140121,土地0建物1車位0,三層,4,公寓(5樓含以下無電梯),住家用,鋼筋混凝土造,0710720,77.26,3,2,1,有,無,有,16000,207,,0.0,0,,RPQNMLNLJHKGFHB97CC,整棟(戶)出租,無,1140201~1150131,無,冷氣、熱水器,社會住宅代管
霧峰區,租賃房屋,臺中市霧峰區振德街２９巷９號７樓,0.0,,,,1140122,土地0建物1車位0,七層,13,住宅大樓(11層含以上有電梯),集合住宅,鋼筋混凝土造,0930301,145.36,3,2,2,有,有,有,17000,117,,0.0,0,續租案件；,RPUNMLNLJHKGFIB48CC,整棟(戶)出租,有,1140201~1150131,有,冷氣、熱水器、冰箱、瓦斯或天然氣,社會住宅代管
太平區,租賃房屋,臺中市太平區大源二街３２號,0.0,,,,1140121,土地0建物1車位0,全,2,透天厝,住宅、店舖,加強磚造,0680425,106.4,2,1,2,有,無,無,15000,141,,0.0,0,,RPRNMLNLJHKGFJB28CC,整棟(戶)出租,無,1140215~1150214,無,熱水器,社會住宅代管
太平區,租賃房屋,臺中市太平區永成北路１５８巷２２號七樓,0.0,,,,1140123,土地0建物1車位0,七層,12,住宅大樓(11層含以上有電梯),集合住宅,鋼筋混凝土造,0810526,91.35000000000001,2,2,2,有,有,無,12400,136,,0.0,0,續租案件；,RPSNMLNLJHKGFJB38CC,整棟(戶)出租,有,1140205~1150204,有,冷氣、熱水器、冰箱、瓦斯或天然氣,社會住宅代管
北區,租賃房屋,臺中市北區原子街１６２號５樓之１４,0.0,,,,1140124,土地0建物1車位0,五層,7,華廈(10層含以下有電梯),住家用,鋼筋混凝土造,0801114,31.86,1,0,1,有,有,有,7500,235,,0.0,0,社會住宅包租代管公會版41期247,RPPNMLOLJHKGFBB37CC,獨立套房,無,1140205~1150204,有,冷氣、熱水器、洗衣機、電視機、冰箱,社會住宅代管
北屯區,租賃房屋+車位,臺中市北屯區環太東路５２０號十樓之５,0.0,,,,1140123,土地0建物1車位1,十層,15,住宅大樓(11層含以上有電梯),集合住宅,鋼筋混凝土造,1110425,118.07,2,2,1,有,有,有,21000,178,坡道平面,24.59,0,,RPSNMLOLJHKGFBB67CC,整棟(戶)出租,有,1140201~1160131,有,冷氣、熱水器、洗衣機、電視機、冰箱、瓦斯或天然氣,一般包租
北區,租賃房屋,臺中市北區博館一街１３之１號,0.0,,,,1140121,土地0建物1車位0,二層,5,公寓(5樓含以下無電梯),住家用,鋼筋混凝土造,0700130,102.42,4,2,2,有,無,無,12000,117,,0.0,0,台中市政府包租代管計畫。,RPUNMLOLJHKGFBB87CC,整棟(戶)出租,無,1140201~1150131,無,冷氣、熱水器、瓦斯或天然氣,社會住宅代管
北區,租賃房屋,臺中市北區東光東街８１號７樓之１６,0.0,,,,1140124,土地0建物1車位0,七層,16,住宅大樓(11層含以上有電梯),住家用,鋼筋混凝土造,0831214,38.4,1,0,1,有,有,有,9500,247,,0.0,0,,RPXNMLOLJHKGFBB18CC,獨立套房,有,1140201~1150131,有,冷氣、熱水器、洗衣機、電視機、冰箱,社會住宅代管
北屯區,租賃房屋+車位,臺中市北屯區昌平路二段１２之１５巷２０號１３樓,0.0,,,,1140121,土地0建物1車位1,十三層,16,住宅大樓(11層含以上有電梯),住家用,鋼筋混凝土造,0831210,115.10000000000001,3,2,2,有,有,有,23000,200,坡道平面,33.62,0,租金總額含管理費；,RPVOMLOLJHKGFBB08CC,整棟(戶)出租,有,1140201~1150131,有,冷氣、熱水器、洗衣機、冰箱、瓦斯或天然氣,一般包租
北屯區,租賃房屋,臺中市北屯區崇德六路２８號八樓之１,0.0,,,,1140123,土地0建物1車位0,八層,13,住宅大樓(11層含以上有電梯),住家用,鋼筋混凝土造,0820831,133.68,2,2,2,有,有,有,16703,125,,0.0,0,住宅及都市更新中心辦理社會住宅包租代管計畫。管理費2297元由出租人負擔。,RPOPMLOLJHKGFBB47CC,整棟(戶)出租,有,1140223~1150222,有,冷氣、熱水器、洗衣機、冰箱、瓦斯或天然氣,社會住宅包租轉租
北屯區,租賃房屋,臺中市北屯區興安路一段１３３巷１３之１號,0.0,,,,1140123,土地0建物1車位0,二層,5,公寓(5樓含以下無電梯),住家用,鋼筋混凝土造,0741016,102.22,2,2,2,有,無,有,18000,176,,0.0,0,住宅及都市更新中心辦理社會住宅包租代管計畫。,RPPPMLOLJHKGFBB57CC,整棟(戶)出租,無,1140219~1150218,無,冷氣、熱水器、洗衣機、電視機、冰箱、瓦斯或天然氣,社會住宅代管
北區,租賃房屋,臺中市北區自強街３７巷１０號,0.0,,,,1140122,土地0建物1車位0,全,2,透天厝,住家用,加強磚造,0731220,97.16,5,3,2,有,無,無,27000,278,,0.0,0,此為台中市政府社會住宅包租代管計畫。,RPUQMLOLJHKGFBB18CC,整棟(戶)出租,無,1140130~1150129,無,冷氣、熱水器、瓦斯或天然氣,社會住宅代管
南屯區,租賃房屋,臺中市南屯區保安十街１５０號六樓之２８,0.0,,,,1140122,土地0建物1車位0,六層,7,華廈(10層含以下有電梯),寄宿舍,鋼筋混凝土造,1110728,35.370000000000005,1,0,1,有,無,有,11000,311,,0.0,0,,RPQNMLOLJHKGFCB57CC,獨立套房,有,1140122~1150121,有,冷氣、熱水器、洗衣機、冰箱,一般轉租
西屯區,租賃房屋,臺中市西屯區福聯街１５巷９號三樓之２３,0.0,,,,1140123,土地0建物1車位0,三層,13,住宅大樓(11層含以上有電梯),住家用,鋼筋混凝土造,0830908,22.22,1,0,1,有,有,有,4177,188,,0.0,0,台中市政府包租代管計畫。管理費323元由出租人負擔。,RPPOMLOLJHKGFCB57CC,獨立套房,有,1140128~1150127,有,熱水器、洗衣機、冰箱,社會住宅代管
南屯區,租賃房屋,臺中市南屯區保安十街１５０號二樓之２,0.0,,,,1140123,土地0建物1車位0,二層,7,華廈(10層含以下有電梯),寄宿舍,鋼筋混凝土造,1110728,33.53,1,0,1,有,無,有,10500,313,,0.0,0,,RPQOMLOLJHKGFCB67CC,獨立套房,有,1140221~1150220,有,冷氣、熱水器、洗衣機、冰箱,一般轉租
西屯區,租賃房屋,臺中市西屯區長安路二段２７２號５樓之１０,0.0,,,,1140122,土地0建物1車位0,見其他登記事項,14,住宅大樓(11層含以上有電梯),住家用,ＲＣ造,0921104,201.44,4,2,2,有,有,有,20000,99,,0.0,0,此為台中市政府社會住宅包租代管計畫。,RPTOMLOLJHKGFCB97CC,整棟(戶)出租,有,1140220~1150219,有,熱水器、瓦斯或天然氣,社會住宅代管
南屯區,租賃房屋,臺中市南屯區大墩六街３５０巷９０號,0.0,,,,1140123,土地0建物0車位0,全,5,透天厝,店鋪、樓梯間、停車空間、住宅、機電設備空間,鋼筋混凝土造,1081023,30.84,20,0,20,有,無,有,18000,584,,0.0,0,租金總額含網路費；其他網路電視；續租案件；,RPPPMLOLJHKGFCB67CC,分租套房,無,1140226~1150225,有,冷氣、洗衣機、電視機、冰箱、網路,一般代管
南屯區,租賃房屋,臺中市南屯區大墩六街３５０巷９０號,0.0,,,,1140123,土地0建物0車位0,全,5,透天厝,店鋪、樓梯間、停車空間、住宅、機電設備空間,鋼筋混凝土造,1081023,30.84,20,0,20,有,無,有,13800,447,,0.0,0,租金總額含網路費；其他網路電視；續租案件；,RPQPMLOLJHKGFCB77CC,分租套房,無,1140226~1150225,有,冷氣、洗衣機、電視機、冰箱、網路,一般代管
西屯區,租賃房屋+車位,臺中市西屯區國安一路１３３號１５樓之７,0.0,,,,1140124,土地0建物1車位1,十五層,24,住宅大樓(11層含以上有電梯),住家用,鋼筋混凝土造,0991119,89.46000000000001,2,1,1,有,有,有,18500,207,坡道平面,22.28,0,,RPSPMLOLJHKGFCB97CC,整棟(戶)出租,有,1140301~1150228,有,冷氣、熱水器、洗衣機、電視機、冰箱、瓦斯或天然氣,一般代管
西屯區,租賃房屋,臺中市西屯區國安一路１２７號５樓之２,0.0,,,,1140124,土地0建物1車位0,五層,24,住宅大樓(11層含以上有電梯),住家用,鋼筋混凝土造,0991119,70.78,2,1,1,有,有,有,18000,254,,0.0,0,,RPTPMLOLJHKGFCB08CC,整棟(戶)出租,有,1140125~1150124,有,冷氣、熱水器、洗衣機、電視機、冰箱、瓦斯或天然氣,一般代管
豐原區,租賃房屋,臺中市豐原區富陽路３號十一樓之２,0.0,,,,1140122,土地0建物1車位0,十一層,12,住宅大樓(11層含以上有電梯),集合住宅,鋼筋混凝土造,1081227,128.64,3,2,2,有,有,無,20000,155,,0.0,0,,RPQNMLOLJHKGFDB67CC,整棟(戶)出租,有,1140130~1150129,有,冷氣、熱水器、瓦斯或天然氣,社會住宅代管
烏日區,租賃房屋,臺中市烏日區高鐵三路１７號１４樓之２,0.0,,,,1140122,土地0建物1車位0,十四層,14,住宅大樓(11層含以上有電梯),集合住宅,鋼筋混凝土造,1100621,102.31,2,2,2,有,有,有,21700,212,,0.0,0,,RPTNMLOLJHKGFIB48CC,整棟(戶)出租,有,1140218~1150217,有,冷氣、熱水器、洗衣機、電視機、冰箱,社會住宅包租轉租
大肚區,租賃房屋,臺中市大肚區平等街２１５巷６號,0.0,,,,1140123,土地0建物1車位0,全,4,透天厝,住宅,鋼筋混凝土造,1101111,183.97,5,2,3,有,無,有,22000,120,,0.0,0,續租案件；,RPPNMLOLJHKGFKB28CC,整棟(戶)出租,無,1140205~1150204,無,冷氣、熱水器、洗衣機、冰箱、瓦斯或天然氣,社會住宅代管
北屯區,租賃房屋,臺中市北屯區南興路７８２號,21.1,住,,,1140122,土地1建物1車位0,一層,15,住宅大樓(11層含以上有電梯),店舖,鋼筋混凝土造,1130229,168.63,0,0,0,無,有,無,80000,474,,0.0,0,租金總額含稅；未租賃車位，建物登記含有車位面積；租賃期間有約定不同租金114/01/22-114/02/28，裝修期免收租金。114/03/01-117/01/31，每月新台幣捌萬元整。                                             租金含租賃稅、補充健保費；,RPPNMLQLJHKGFBB57CC,,有,1140122~1170131,有,,
西屯區,租賃房屋+車位,臺中市西屯區至善路３８巷５８號５樓之１,0.0,,,,1140125,土地0建物1車位1,五層,10,華廈(10層含以下有電梯),住家用,鋼筋混凝土造,0980121,104.8,2,1,1,有,有,有,22000,210,坡道平面,26.94,0,多人共同承租2；租金總額含管理費；,RPRNMLQLJHKGFCB87CC,整棟(戶)出租,無,1140210~1150209,有,冷氣、熱水器、洗衣機、電視機、冰箱、瓦斯或天然氣,一般代管
西屯區,租賃房屋,臺中市西屯區四川三街２９號,0.0,,,,1140122,土地0建物0車位0,全,6,透天厝,住商用,鋼筋混凝土造,0830823,13.0,29,2,31,有,無,有,11300,869,,0.0,0,租金總額含網路費；其他公區使用、清潔服務、垃圾代收；租賃建物部分範圍，且未計入共有部分面積；,RPTNMLRLJHKGFCB18CC,分租套房,無,1140201~1150131,有,冷氣、熱水器、洗衣機、冰箱、瓦斯或天然氣、有線電視、網路,一般轉租
西屯區,租賃房屋,臺中市西屯區四川三街２９號,0.0,,,,1140122,土地0建物0車位0,全,6,透天厝,住商用,鋼筋混凝土造,0830823,16.5,29,2,31,有,無,有,12300,745,,0.0,0,租金總額含網路費；其他公區使用、清潔服務、垃圾代收；租賃建物部分範圍，且未計入共有部分面積；,RPUNMLRLJHKGFCB28CC,分租套房,無,1140201~1150131,有,冷氣、熱水器、洗衣機、冰箱、瓦斯或天然氣、有線電視、網路,一般轉租
西屯區,租賃房屋,臺中市西屯區四川三街２９號,0.0,,,,1140122,土地0建物0車位0,全,6,透天厝,住商用,鋼筋混凝土造,0830823,16.0,29,2,31,有,無,有,12300,769,,0.0,0,租金總額含網路費；其他公區使用、清潔服務、垃圾代收；租賃建物部分範圍，且未計入共有部分面積；,RPVNMLRLJHKGFCB38CC,分租套房,無,1140201~1150131,有,冷氣、熱水器、洗衣機、冰箱、瓦斯或天然氣、有線電視、網路,一般轉租
西屯區,租賃房屋,臺中市西屯區四川三街２９號,0.0,,,,1140122,土地0建物0車位0,全,6,透天厝,住商用,鋼筋混凝土造,0830823,16.0,29,2,31,有,無,有,12300,769,,0.0,0,租金總額含網路費；其他公區使用、清潔服務、垃圾代收；租賃建物部分範圍，且未計入共有部分面積；,RPWNMLRLJHKGFCB48CC,分租套房,無,1140202~1150201,有,冷氣、熱水器、洗衣機、冰箱、瓦斯或天然氣、有線電視、網路,一般轉租
北屯區,租賃房屋,臺中市北屯區昌平路二段３１巷２７號,0.0,,,,1140122,土地0建物1車位0,全,4,透天厝,住家用,鋼筋混凝土造,0780627,209.89,5,2,2,有,無,有,28000,133,,0.0,0,此為台中市政府社會住宅包租代管計畫。,RPRNMLNJKHKGFBB37CC,整棟(戶)出租,無,1140127~1141219,無,冷氣、熱水器、瓦斯或天然氣,社會住宅包租轉租
北屯區,車位,臺中市北屯區文心路四段２７８號等公共設施車位B４-５４,0.0,,,,1140125,土地0建物0車位1,,,其他,,,,13.62,0,0,0,無,無,無,2200,,坡道機械,13.62,2200,其他清潔保養費；續租案件；,RPPOMLNJKHKGFBB27CC,,,1140210~1150209,,,
北屯區,租賃房屋+車位,臺中市北屯區環太東路５６８號十樓之１７,0.0,,,,1140126,土地0建物1車位1,十層,15,住宅大樓(11層含以上有電梯),集合住宅,鋼筋混凝土造,1130605,117.12,2,2,1,有,有,無,20500,175,坡道平面,27.6,0,多人共同承租2；租金總額含管理費；,RPQOMLNJKHKGFBB37CC,整棟(戶)出租,有,1140210~1160209,有,冷氣、熱水器,一般包租
北屯區,車位,臺中市北屯區文心路四段２７８號等公共設施車位B４-９７,0.0,,,,1140124,土地0建物0車位1,,,其他,,,,13.62,0,0,0,無,無,無,2500,,坡道機械,13.62,2500,其他清潔保養費；,RPSOMLNJKHKGFBB57CC,,,1140128~1150527,,,
北屯區,租賃房屋+車位,臺中市北屯區軍榮街６號十一樓之６,0.0,,,,1140125,土地0建物1車位1,十一層,12,住宅大樓(11層含以上有電梯),住家用,鋼筋混凝土造,0991203,153.97,3,2,2,有,有,有,24500,159,坡道平面,30.89,0,,RPUOMLNJKHKGFBB77CC,整棟(戶)出租,有,1140126~1150125,有,冷氣、熱水器、洗衣機、電視機、冰箱、瓦斯或天然氣,一般包租
南屯區,租賃房屋+車位,臺中市南屯區大墩路７００號７樓之５,25.03,住,,,1140122,土地1建物1車位1,七層,15,住宅大樓(11層含以上有電梯),住家用,鋼筋混凝土造,0980904,231.38,3,2,2,有,有,有,42365,183,坡道平面,0.0,0,續租案件；,RPRNMLNJKHKGFCB47CC,整棟(戶)出租,有,1140201~1150131,有,冷氣、熱水器、洗衣機、電視機、冰箱、瓦斯或天然氣,
西屯區,租賃房屋+車位,臺中市西屯區台灣大道三段６９９號２３樓之７,6.34,商,,,1140124,土地1建物1車位1,二十三層,24,住宅大樓(11層含以上有電梯),住家用,鋼筋混凝土造,0980914,48.74,1,1,1,有,有,有,21000,431,坡道機械,0.0,0,,RPWNMLNJKHKGFCB97CC,獨立套房,有,1140201~1150131,有,冷氣、熱水器、洗衣機、電視機、冰箱、瓦斯或天然氣,一般轉租
南屯區,租賃房屋,臺中市南屯區寶山二街５號十三樓之１１,0.0,,,,1140123,土地0建物1車位0,十三層,14,住宅大樓(11層含以上有電梯),住家用,鋼筋混凝土造,0870505,96.93,2,2,1,有,有,有,21800,225,,0.0,0,社會住宅包租代管公會版4期未租賃車位，建物登記含有車位面積；續租案件；,RPQOMLNJKHKGFCB47CC,整棟(戶)出租,有,1140301~1150228,有,冷氣、熱水器、洗衣機、電視機、冰箱、瓦斯或天然氣,社會住宅包租轉租
西屯區,車位,臺中市西屯區文心路三段６-１號等公共設施車位B４-２２６,0.0,,,,1140124,土地0建物0車位1,,,其他,,,,35.91,0,0,0,無,無,無,2500,,坡道平面,35.91,2500,其他清潔保養費；續租案件；,RPSOMLNJKHKGFCB67CC,,,1140203~1150202,,,
太平區,租賃房屋+車位,臺中市太平區環中東路三段６５０號十三樓之１０,0.0,,,,1140124,土地0建物1車位1,十三層,15,住宅大樓(11層含以上有電梯),集合住宅,鋼筋混凝土造,1130701,111.56,2,2,1,有,有,有,23600,258,坡道平面,30.03,2600,,RPPNMLNJKHKGFJB97CC,整棟(戶)出租,有,1140201~1150131,有,冷氣、熱水器、洗衣機、電視機、冰箱、瓦斯或天然氣,社會住宅代管
龍井區,租賃房屋,臺中市龍井區新興路３巷１６號４F,0.0,,,,1140125,土地0建物0車位0,四層,5,華廈(10層含以下有電梯),住家用,鋼筋混凝土造,0820317,10.0,15,0,15,有,無,有,6800,680,,0.0,0,租金總額含水費；含增建或未登記建物；租賃建物部分範圍，且未計入共有部分面積；,RPQNMLNJKHKGFKB18CC,分租套房,無,1140125~1140619,有,冷氣、熱水器、電視機、冰箱、網路,一般轉租
北區,租賃房屋,臺中市北區山西路一段７１號八樓之４,0.0,,,,1140124,土地0建物1車位0,八層,12,住宅大樓(11層含以上有電梯),住家用,鋼筋混凝土造,0880624,56.18,1,1,1,有,有,有,13330,237,,0.0,0,台中市政府包租代管計畫。管理費1170元由出租人負擔。,RPPNMLOJKHKGFBB27CC,獨立套房,有,1140223~1150222,有,冷氣、熱水器、洗衣機、電視機、冰箱、瓦斯或天然氣,社會住宅代管
北區,租賃房屋,臺中市北區大義街６８號,0.0,,,,1140124,土地0建物1車位0,一層,5,公寓(5樓含以下無電梯),住家用,鋼筋混凝土造,0761005,99.13,3,2,2,有,無,無,17000,171,,0.0,0,住宅及都市更新中心辦理社會住宅包租代管計畫。,RPQNMLOJKHKGFBB37CC,整棟(戶)出租,無,1140205~1150204,無,熱水器、瓦斯或天然氣,社會住宅代管
北區,租賃房屋,臺中市北區篤行路９０巷２７之７號,0.0,,,,1140129,土地0建物1車位0,三層,3,公寓(5樓含以下無電梯),住家用,鋼筋混凝土造,0701030,70.31,3,2,1,有,無,有,17000,242,,0.0,0,社會住宅包租代管公會版41期共有屋主共2位,RPSNMLOJKHKGFBB57CC,整棟(戶)出租,無,1140205~1150204,無,冷氣、熱水器、瓦斯或天然氣,社會住宅代管
北屯區,租賃房屋,臺中市北屯區后庄一街５１號,0.0,,,,1140128,土地0建物0車位0,四層,5,華廈(10層含以下有電梯),住宅，樓梯間，停車空間，機電室,鋼筋混凝土造,1060814,18.2,35,0,35,有,無,有,10500,577,,0.0,0,租賃建物部分範圍，且未計入共有部分面積；,RPUNMLOJKHKGFBB77CC,分租套房,無,1140128~1150127,有,冷氣、熱水器、洗衣機、電視機、冰箱、有線電視、網路,一般代管
北區,租賃房屋+車位,臺中市北區明禮街６３號５樓之１,7.78,住,,,1140123,土地1建物1車位1,五層,7,華廈(10層含以下有電梯),住家用,鋼筋混凝土造,0801211,109.68,3,0,2,有,有,有,19600,179,升降機械,0.0,0,,RPQOMLOJKHKGFBB47CC,整棟(戶)出租,無,1140215~1150214,有,冷氣、熱水器、洗衣機、冰箱、瓦斯或天然氣,
北區,租賃房屋,臺中市北區漢口路四段１０２號３樓之２,0.0,,,,1140122,土地0建物1車位0,三層,14,住宅大樓(11層含以上有電梯),住家用,鋼筋混凝土造,0850716,33.32,0,0,0,無,有,有,5500,165,,0.0,0,租金含管6300元/月管理費800元/月,RPTOMLOJKHKGFBB77CC,獨立套房,有,1140201~1150131,有,冷氣、熱水器、電視機、冰箱,社會住宅代管
南屯區,租賃房屋,臺中市南屯區保安十街１５０號六樓之１０,0.0,,,,1140124,土地0建物1車位0,六層,7,華廈(10層含以下有電梯),寄宿舍,鋼筋混凝土造,1110728,43.91,1,0,1,有,無,有,14500,330,,0.0,0,,RPPNMLOJKHKGFCB37CC,獨立套房,有,1140219~1150218,有,冷氣、熱水器、洗衣機、冰箱,一般轉租
南屯區,租賃房屋,臺中市南屯區春安二街５６號,0.0,,,,1140131,土地0建物1車位0,見其他登記事項,2,店面(店鋪),店舖,鋼筋混凝土造,1111028,140.36,0,0,2,有,無,無,42000,299,,0.0,0,租賃期間有約定不同租金租金一到二年每月租金肆萬貳仟元整，第三年起（116年01月01日起）每月租金肆萬肆仟元整。；,RPRNMLOJKHKGFCB57CC,,無,1140101~1170131,無,,
南屯區,租賃房屋,臺中市南屯區大墩一街１９７號５樓,0.0,,,,1140123,土地0建物1車位0,五層,7,華廈(10層含以下有電梯),住家用,鋼筋混凝土造,0810427,127.65,3,2,2,有,有,有,19000,149,,0.0,0,社會住宅包租代管案件租金市價打8折。,RPTNMLOJKHKGFCB77CC,整棟(戶)出租,有,1140216~1160215,有,冷氣、熱水器、洗衣機、電視機、冰箱、瓦斯或天然氣,社會住宅包租轉租
西屯區,租賃房屋+車位,臺中市西屯區福科路５２６巷１號１０樓之８,16.89,住,,,1140121,土地1建物1車位1,十層,15,住宅大樓(11層含以上有電梯),集合住宅,鋼筋混凝土造,1090831,57.4,2,2,1,有,有,有,29500,514,坡道平面,33.46,0,多人共同承租2；租金總額含管理費；,RPXNMLOJKHKGFCB18CC,分層出租,有,1140201~1150131,有,冷氣、熱水器、洗衣機、電視機、冰箱、瓦斯或天然氣,
大雅區,租賃房屋+車位,臺中市大雅區中清路三段９３２號,0.0,,,,1140123,土地0建物2車位4,見其他登記事項,14,店面(店鋪),店舖、住宅,鋼筋混凝土造,1040810,758.35,0,0,0,無,有,無,150000,198,坡道平面,121.28,0,租金總額含稅；含有多個門牌且未個別計算租金台中市大雅區中清路三段936號；租賃期間有約定不同租金1.民國114.02.28為裝修期，此期間租金優惠租金為新台幣0元。2.民國114.03.01起起算，約定每期一個月應給付15萬元整至租期屆滿。；,RPPNMLOJKHKGFHB87CC,,有,1140201~1170131,有,冷氣,
大里區,租賃房屋,臺中市大里區仁化工二路５６號十五樓,0.0,,,,1140124,土地0建物1車位0,十五層,15,住宅大樓(11層含以上有電梯),集合住宅,鋼筋混凝土造,1090331,70.44,2,2,1,有,有,有,17650,251,,0.0,0,,RPQNMLOJKHKGFIB08CC,整棟(戶)出租,有,1140201~1150131,有,冷氣、熱水器、洗衣機、電視機、冰箱、瓦斯或天然氣,社會住宅包租轉租
霧峰區,租賃房屋,臺中市霧峰區中正路５２３號十樓之９,0.0,,,,1140127,土地0建物0車位0,十層,10,華廈(10層含以下有電梯),集合住宅、機電設備空間,鋼筋混凝土造,1030317,29.53,4,0,4,有,有,有,6500,220,,0.0,0,租金總額含網路費；,RPTNMLOJKHKGFIB38CC,分租套房,有,1140127~1150126,有,冷氣、熱水器、電視機、冰箱、有線電視、網路,一般轉租
霧峰區,租賃房屋,臺中市霧峰區中正路５２３號六樓之１０,0.0,,,,1140131,土地0建物0車位0,六層,10,華廈(10層含以下有電梯),集合住宅、機電設備空間,鋼筋混凝土造,1030317,29.529999999999998,2,0,2,有,有,有,6500,220,,0.0,0,租金總額含網路費；,RPXNMLOJKHKGFIB78CC,分租套房,有,1140131~1140730,有,冷氣、熱水器、電視機、冰箱、有線電視、網路,一般轉租
霧峰區,租賃房屋,臺中市霧峰區中正路５２３號三樓之１０,0.0,,,,1140126,土地0建物0車位0,三層,10,華廈(10層含以下有電梯),集合住宅、機電設備空間,鋼筋混凝土造,1030317,29.119999999999997,2,0,2,有,有,有,7000,240,,0.0,0,租金總額含網路費；,RPQOMLOJKHKGFIB18CC,分租套房,有,1140126~1140725,有,冷氣、熱水器、電視機、冰箱、有線電視、網路,一般轉租
烏日區,租賃房屋,臺中市烏日區高鐵路二段１４８號１４樓之３,12.4,商,,,1140127,土地1建物1車位0,十四層,19,住宅大樓(11層含以上有電梯),集合住宅,鋼筋混凝土造,1110805,101.72999999999999,2,2,1,有,有,無,18000,177,,0.0,0,多人共同承租2；租金總額含管理費；未租賃車位，建物登記含有車位面積；,RPROMLOJKHKGFIB28CC,整棟(戶)出租,有,1140210~1150209,有,冷氣、熱水器、洗衣機、冰箱,
霧峰區,租賃房屋,臺中市霧峰區中正路５２３號三樓之２,0.0,,,,1140126,土地0建物0車位0,三層,10,華廈(10層含以下有電梯),集合住宅,鋼筋混凝土造,1030317,29.68,4,0,4,有,有,有,7000,236,,0.0,0,租金總額含網路費；,RPSOMLOJKHKGFIB38CC,分租套房,有,1140126~1150125,有,冷氣、熱水器、電視機、冰箱、有線電視、網路,一般轉租
霧峰區,租賃房屋,臺中市霧峰區中正路５２３號九樓之５,0.0,,,,1140123,土地0建物0車位0,九層,10,華廈(10層含以下有電梯),集合住宅、機電設備空間,鋼筋混凝土造,1030317,29.810000000000002,4,0,4,有,有,有,7000,235,,0.0,0,租金總額含網路費；,RPTOMLOJKHKGFIB48CC,分租套房,有,1140123~1150122,有,冷氣、熱水器、電視機、冰箱、有線電視、網路,一般轉租
霧峰區,租賃房屋,臺中市霧峰區中正路５２３號七樓之８,0.0,,,,1140131,土地0建物0車位0,七層,10,華廈(10層含以下有電梯),集合住宅、機電設備空間,鋼筋混凝土造,1030317,29.25,4,0,4,有,有,有,6500,222,,0.0,0,租金總額含網路費；,RPUOMLOJKHKGFIB58CC,分租套房,有,1140131~1150130,有,冷氣、熱水器、電視機、冰箱、有線電視、網路,一般轉租
太平區,租賃房屋,臺中市太平區宜昌路３２７號１１樓之１,0.0,,,,1140126,土地0建物1車位0,十一層,12,住宅大樓(11層含以上有電梯),集合住宅,鋼筋混凝土造,0821110,92.18,3,2,1,有,有,無,15000,163,,0.0,0,社會住宅包租代管案件租金市價打9折此租約訂定租金不含管理費，費用由承租人另行支付。多人共同承租2；,RPTNMLOJKHKGFJB48CC,整棟(戶)出租,有,1140223~1150222,有,冷氣、熱水器、瓦斯或天然氣,社會住宅代管
北區,租賃房屋+車位,臺中市北區英才路３７７號十四樓之９,0.0,,,,1140121,土地0建物1車位1,十四層,14,住宅大樓(11層含以上有電梯),住家用,鋼筋混凝土造,0961115,167.14,3,2,2,有,有,有,42000,251,坡道機械,19.2,0,租金總額含管理費；,RPQNMLPJKHKGFBB47CC,整棟(戶)出租,無,1140201~1150131,有,冷氣、熱水器、電視機、冰箱,
北區,租賃房屋,臺中市北區永興街５０號,0.0,,,,1140124,土地0建物0車位0,全,4,透天厝,住商用,鋼筋混凝土造,0770506,19.9,7,0,7,有,無,有,7500,377,,0.0,0,,RPSNMLPJKHKGFBB67CC,分租套房,無,1140125~1150124,無,冷氣、熱水器、電視機、冰箱、有線電視、網路,一般代管
北屯區,租賃房屋,臺中市北屯區東光路８９２巷２號１０樓之８,0.0,,,,1140124,土地0建物1車位0,十層,12,住宅大樓(11層含以上有電梯),住家用,鋼筋混凝土造,0830815,130.75,3,2,2,有,有,有,17000,130,,0.0,0,續租案件；,RPUNMLPJKHKGFBB87CC,整棟(戶)出租,有,1140315~1150314,有,冷氣、熱水器、洗衣機、電視機、冰箱、瓦斯或天然氣,社會住宅代管
北屯區,租賃房屋,臺中市北屯區大連西路４２巷２５號,0.0,,,,1140124,土地0建物1車位0,全,2,透天厝,住家用,鋼筋混凝土加強磚造,0601201,108.05,5,2,2,有,無,無,35000,324,,0.0,0,免租金期間:114/1/24-114/1/31,RPROMLPJKHKGFBB67CC,整棟(戶)出租,無,1140201~1160131,無,熱水器、瓦斯或天然氣,一般代管
西屯區,租賃房屋,臺中市西屯區國安一路２１０巷６號二樓之５,0.0,,,,1140124,土地0建物1車位0,二層,12,住宅大樓(11層含以上有電梯),集合住宅,鋼筋混凝土造,0850615,143.01,3,2,2,有,有,有,18000,126,,0.0,0,台中市政府包租代管計畫。,RPPNMLPJKHKGFCB47CC,整棟(戶)出租,有,1140201~1150131,有,冷氣、熱水器、洗衣機、冰箱、瓦斯或天然氣,社會住宅包租轉租
南屯區,土地,楓溪段424地號,1349.31,住,,,1140124,土地1建物0車位0,,,其他,,,,0.0,0,0,0,無,無,無,150000,111,,0.0,0,租金總額含稅；租賃期間有約定不同租金租金明細：第1年：免付租金第2~3年：每月租金15萬元第4~5年：每月租金18萬元第6~8年：每月租金21萬元第9~11年：每月租金22.05萬元第12年起以此類推每三年調升5%為後期租金；,RPVNMLPJKHKGFCB08CC,,,1140201~1340131,,,
南屯區,租賃房屋,臺中市南屯區文山九街８１號一樓,0.0,,,,1140125,土地0建物1車位0,全,5,透天厝,住商用,鋼筋混凝土造,0820922,41.26,0,0,0,無,無,無,16000,388,,0.0,0,,RPPOMLPJKHKGFCB57CC,,無,1140301~1150228,無,,
霧峰區,租賃房屋,臺中市霧峰區樹仁路１３８號二樓之７,0.0,,,,1140129,土地0建物0車位0,二層,9,華廈(10層含以下有電梯),集合住宅,鋼筋混凝土造,1050127,32.11,3,0,3,有,有,有,6500,202,,0.0,0,租金總額含網路費；,RPTNMLPJKHKGFIB48CC,分租套房,有,1140129~1140728,有,冷氣、熱水器、電視機、冰箱、有線電視、網路,一般轉租
霧峰區,租賃房屋,臺中市霧峰區樹仁路１３８號四樓之３,0.0,,,,1140131,土地0建物0車位0,四層,9,華廈(10層含以下有電梯),集合住宅,鋼筋混凝土造,1050127,36.2,4,0,4,有,有,有,6500,180,,0.0,0,租金總額含網路費；,RPXNMLPJKHKGFIB88CC,分租套房,有,1140131~1150130,有,冷氣、熱水器、電視機、冰箱、有線電視、網路,一般轉租
霧峰區,租賃房屋,臺中市霧峰區樹仁路１３８號五樓之７,0.0,,,,1140127,土地0建物0車位0,五層,9,華廈(10層含以下有電梯),集合住宅,鋼筋混凝土造,1050127,36.07,3,0,3,有,有,有,6500,180,,0.0,0,租金總額含網路費；,RPOOMLPJKHKGFIB08CC,分租套房,無,1140127~1140726,有,冷氣、熱水器、電視機、冰箱、有線電視、網路,一般轉租
霧峰區,租賃房屋,臺中市霧峰區樹仁路１３８號九樓之１,0.0,,,,1140131,土地0建物0車位0,九層,9,華廈(10層含以下有電梯),集合住宅,鋼筋混凝土造,1050127,36.43,4,0,4,有,有,有,6500,178,,0.0,0,租金總額含網路費；,RPQOMLPJKHKGFIB28CC,分租套房,有,1140131~1140730,有,冷氣、熱水器、電視機、冰箱、有線電視、網路,一般轉租
北區,車位,臺中市北區進化北路３１７號等公共設施  B１-４０,0.0,,,,1140126,土地0建物0車位1,,,其他,,,,31.88,0,0,0,無,無,無,3200,,坡道平面,31.88,3200,續租案件；,RPQNMLQJKHKGFBB57CC,,,1140126~1150125,,,
北區,租賃房屋,臺中市北區美德街３２號,0.0,,,,1140123,土地0建物0車位0,全,5,透天厝,店舖、住宅、樓梯間、停車空間、人行道,鋼筋混凝土造,1030110,16.69,12,0,12,有,無,有,7400,443,,0.0,0,租金總額含網路費；其他網路電視；續租案件；,RPRNMLQJKHKGFBB67CC,分租套房,無,1140226~1150225,有,冷氣、熱水器、洗衣機、電視機、冰箱、有線電視、網路,一般代管
北區,租賃房屋,臺中市北區美德街３２號,0.0,,,,1140123,土地0建物0車位0,全,5,透天厝,店舖、住宅、樓梯間、停車空間、人行道,鋼筋混凝土造,1030110,16.76,12,0,12,有,無,有,7200,430,,0.0,0,租金總額含網路費；其他網路電視；續租案件；,RPUNMLQJKHKGFBB97CC,分租套房,無,1140226~1150225,有,冷氣、熱水器、電視機、冰箱、有線電視、網路,一般代管
北區,租賃房屋,臺中市北區臺灣大道一段６６７號８樓８０８室,3.25,住,,,1140121,土地1建物0車位0,八層,12,住宅大樓(11層含以上有電梯),集合住宅,鋼筋混凝土造,0790927,33.72,9,0,9,有,有,有,13000,386,,0.0,0,多人共同承租2；租金總額含管理費；水費；網路費；,RPOOMLQJKHKGFBB47CC,分租套房,有,1140201~1150131,有,冷氣、熱水器、洗衣機、電視機、冰箱、網路,一般包租
南屯區,租賃房屋,臺中市南屯區大英街１０２-２號,0.0,,,,1140123,土地0建物0車位0,全,5,透天厝,人行道、店舖、停車空間、住宅、樓梯間,鋼筋混凝土造,1050512,22.43,14,0,14,有,無,有,12700,566,,0.0,0,租金總額含網路費；其他網路電視；續租案件；,RPSOMLQJKHKGFCB97CC,分租套房,無,1140226~1150225,有,冷氣、熱水器、洗衣機、電視機、冰箱、網路,一般代管
豐原區,租賃房屋,臺中市豐原區自強南街１８０巷１５號,0.0,,,,1140121,土地0建物1車位0,全,2,透天厝,住家用,加強磚造,0670115,105.3,3,2,2,有,無,有,17000,161,,0.0,0,,RPTNMLQJKHKGFDB08CC,整棟(戶)出租,無,1140216~1150215,無,冷氣、熱水器、洗衣機、電視機、冰箱、瓦斯或天然氣,社會住宅代管
太平區,租賃房屋,臺中市太平區永平南路４５號四樓之３５,0.0,,,,1140124,土地0建物1車位0,四層,4,華廈(10層含以下有電梯),辦公室,鋼筋混凝土造,0970707,15.07,1,0,1,有,有,有,4200,279,,0.0,0,含增建或未登記建物；續租案件；,RPQNMLQJKHKGFJB38CC,獨立套房,有,1140218~1140817,有,冷氣、熱水器、電視機、冰箱、網路,一般代管
北屯區,租賃房屋,臺中市北屯區?子路２１９號,0.0,,,,1140123,土地0建物1車位0,見其他登記事項,1,店面(店鋪),店舖,鋼骨造,1100820,167.79,0,0,0,無,無,無,83000,495,,0.0,0,租賃期間有約定不同租金第4至6年，每月租金為88000元整；第7至10年，每月租金為100000元整。；外牆作為廣告使用；屋頂突出物作為基地台或廣告使用；,RPWNMLRJKHKGFBB28CC,,無,1140201~1240131,無,,
北區,租賃房屋,臺中市北區漢口路四段１０２號３樓之１３,0.0,,,,1140122,土地0建物1車位0,三層,14,住宅大樓(11層含以上有電梯),住家用,鋼筋混凝土造,0850716,38.64,0,0,0,無,有,有,6000,155,,0.0,0,租金含管6800元/月管理費800元/月,RPXNMLRJKHKGFBB38CC,獨立套房,有,1140215~1150214,有,冷氣、熱水器、洗衣機、電視機、冰箱,社會住宅代管
北區,租賃房屋+車位,臺中市北區文祥街１２８號２樓之二,0.0,,,,1140123,土地0建物1車位1,二層,10,華廈(10層含以下有電梯),集合住宅,鋼筋混凝土造,1110110,102.69,2,1,2,有,有,有,23900,233,坡道機械,16.88,0,多人共同承租2；,RPOOMLRJKHKGFBB57CC,整棟(戶)出租,無,1140123~1150122,有,冷氣、熱水器、瓦斯或天然氣,社會住宅代管
北屯區,租賃房屋,臺中市北屯區建和路一段３９９號１３樓之５,0.0,,,,1140125,土地0建物1車位0,十三層,14,住宅大樓(11層含以上有電梯),集合住宅,鋼筋混凝土造,1040416,122.14,2,1,1,有,有,有,21000,172,,0.0,0,,RPQOMLRJKHKGFBB77CC,整棟(戶)出租,有,1140125~1150124,有,冷氣、熱水器、洗衣機、電視機、冰箱、瓦斯或天然氣、網路,社會住宅代管
北區,租賃房屋,臺中市北區衛道路９１巷３號,0.0,,,,1140122,土地0建物1車位0,一層,4,公寓(5樓含以下無電梯),住家用,鋼筋混凝土造,0710222,94.51,3,2,2,有,無,有,12000,127,,0.0,0,社會住宅包租代管案件租金市價打9折。多人共同承租2；,RPROMLRJKHKGFBB87CC,整棟(戶)出租,無,1140201~1150131,無,冷氣、熱水器、洗衣機、電視機、冰箱、瓦斯或天然氣,社會住宅代管
北屯區,租賃房屋,臺中市北屯區中清西二街６號６樓之１,0.0,,,,1140124,土地0建物1車位0,六層,7,華廈(10層含以下有電梯),住家用,鋼筋混凝土造,0841205,38.93,1,0,1,有,有,有,9000,231,,0.0,0,,RPUOMLRJKHKGFBB18CC,獨立套房,有,1140201~1150131,有,冷氣、熱水器、洗衣機、電視機、冰箱,社會住宅代管
北屯區,租賃房屋,臺中市北屯區東山路一段３３２之７號,0.0,,,,1140123,土地0建物1車位0,一層,15,住宅大樓(11層含以上有電梯),店舖、住宅,鋼筋混凝土造,1090916,122.96,0,0,0,無,有,無,43000,350,,0.0,0,租金總額含稅；管理費；,RPXOMLRJKHKGFBB48CC,,有,1140315~1170314,有,冷氣,
南屯區,租賃房屋,臺中市南屯區大英街１０２-２號,0.0,,,,1140125,土地0建物0車位0,全,5,透天厝,人行道、店舖、停車空間、住宅、樓梯間,鋼筋混凝土造,1050512,22.43,14,0,14,有,無,有,12800,571,,0.0,0,租金總額含網路費；其他網路電視；續租案件；,RPPNMLRJKHKGFCB67CC,分租套房,無,1140226~1150225,有,冷氣、熱水器、洗衣機、電視機、冰箱、網路,一般代管
西屯區,租賃房屋+車位,臺中市西屯區至善路１８巷５號二樓之５,17.75,住,,,1140126,土地6建物1車位1,二層,10,華廈(10層含以下有電梯),住家用,鋼筋混凝土造,0980121,125.75999999999999,2,2,1,有,有,有,23000,183,坡道平面,26.94,0,多人共同承租2；,RPUNMLRJKHKGFCB18CC,整棟(戶)出租,有,1140220~1160219,有,冷氣、熱水器、電視機、冰箱、瓦斯或天然氣,一般包租
南屯區,租賃房屋,臺中市南屯區黎明路二段７１巷４８號３樓,0.0,,,,1140121,土地0建物1車位0,三層,8,華廈(10層含以下有電梯),住家用,鋼筋混凝土造,0821120,73.12,1,1,1,有,無,有,15000,205,,0.0,0,社會住宅包租代管案件租金市價打9折。,RPSOMLRJKHKGFCB08CC,整棟(戶)出租,無,1140201~1150131,有,冷氣、熱水器、洗衣機、電視機、冰箱、瓦斯或天然氣,社會住宅代管
西屯區,租賃房屋,臺中市西屯區四川三街２９號,0.0,,,,1140125,土地0建物0車位0,二層,6,華廈(10層含以下有電梯),住商用,鋼筋混凝土造,0830823,16.5,5,0,5,有,無,有,12300,745,,0.0,0,租金總額含管理費；網路費；,RPTOMLRJKHKGFCB18CC,分租套房,無,1140201~1150131,有,冷氣、熱水器、洗衣機、網路,
西屯區,租賃房屋,臺中市西屯區四川三街２９號,0.0,,,,1140125,土地0建物0車位0,三層,6,華廈(10層含以下有電梯),住商用,鋼筋混凝土造,0830823,13.0,5,0,5,有,無,有,11300,869,,0.0,0,租金總額含管理費；網路費；,RPUOMLRJKHKGFCB28CC,分租套房,無,1140201~1150131,有,冷氣、熱水器、洗衣機、電視機、網路,
西屯區,租賃房屋,臺中市西屯區國安一路１６０號九樓之９,0.0,,,,1140122,土地0建物1車位0,九層,15,住宅大樓(11層含以上有電梯),住家用,鋼筋混凝土造,0960522,36.58,1,0,1,有,有,有,8500,232,,0.0,0,,RPXOMLRJKHKGFCB58CC,獨立套房,有,1140201~1150131,有,冷氣、熱水器、電視機、冰箱,社會住宅代管
南屯區,租賃房屋,臺中市南屯區大墩六街２３２號５樓之１,0.0,,,,1140123,土地0建物1車位0,五層,16,住宅大樓(11層含以上有電梯),住家用,鋼筋混凝土造,0820112,68.03,1,1,1,有,有,有,13000,191,,0.0,0,,RPOPMLRJKHKGFCB77CC,獨立套房,有,1140123~1150122,有,冷氣、熱水器、洗衣機、電視機、冰箱,社會住宅代管
西屯區,租賃房屋+車位,臺中市西屯區櫻城六街６號８樓,0.0,,,,1140121,土地0建物1車位1,八層,9,華廈(10層含以下有電梯),住家用,鋼筋混凝土造,0800209,115.97,3,2,2,有,有,有,20000,180,坡道機械,15.88,2000,社會住宅包租代管案件租金市價打9折此租約訂定租金不含管理費、車位租金，費用由承租人另行支付。停車位管理費每月233元。續租案件；,RPPPMLRJKHKGFCB87CC,整棟(戶)出租,有,1140215~1150214,有,冷氣、熱水器、洗衣機、電視機、冰箱、瓦斯或天然氣,社會住宅代管
太平區,租賃房屋,臺中市太平區振英街９２號４樓之３,0.0,,,,1140123,土地0建物1車位0,四層,7,華廈(10層含以下有電梯),集合住宅,鋼筋混凝土造,0820618,90.75,3,2,2,有,有,有,20000,220,,0.0,0,多人共同承租3；,RPQNMLRJKHKGFJB48CC,整棟(戶)出租,有,1140201~1150131,有,冷氣、熱水器、洗衣機、冰箱、瓦斯或天然氣,社會住宅代管
太平區,租賃房屋,臺中市太平區新民路６號６樓之４,0.0,,,,1140121,土地0建物1車位0,六層,12,住宅大樓(11層含以上有電梯),集合住宅,鋼筋混凝土造,0831018,28.27,1,0,1,有,無,有,6000,212,,0.0,0,社會住宅包租代管案件租金市價打9折。,RPRNMLRJKHKGFJB58CC,獨立套房,無,1140201~1150131,有,冷氣、熱水器、洗衣機、電視機、冰箱、網路,社會住宅代管
龍井區,租賃房屋,臺中市龍井區新興路４９巷２５號,0.0,,,,1140127,土地0建物0車位0,全,5,透天厝,住家用,鋼筋混凝土造,0780215,14.0,36,0,36,有,無,有,7000,500,,0.0,0,,RPSNMLRJKHKGFKB78CC,分租套房,無,1140303~1140502,無,冷氣、冰箱,一般轉租
龍井區,租賃房屋,臺中市龍井區臺灣大道五段３巷６２弄１１８號３樓,0.0,,,,1140121,土地0建物1車位0,三層,6,華廈(10層含以下有電梯),住家用,鋼筋混凝土造,0820425,25.01,1,0,1,有,無,有,5000,200,,0.0,0,社會住宅包租代管案件租金市價打9折續租案件；,RPVNMLRJKHKGFKB09CC,獨立套房,無,1140201~1150131,有,冷氣、熱水器、洗衣機、電視機、冰箱、網路,社會住宅代管
北區,租賃房屋,臺中市北區陝西路９２之５號３樓之１,0.0,,,,1140124,土地0建物1車位0,三層,7,華廈(10層含以下有電梯),住家用,鋼筋混凝土造,0851021,36.97,1,0,1,有,有,有,11000,298,,0.0,0,社會住宅包租代管公會版41期租金總額含管理費；網路費；其他第四台MOD；,RPPNMLSJKHKGFBB67CC,獨立套房,有,1140215~1150214,有,冷氣、熱水器、洗衣機、電視機、冰箱、有線電視、網路,社會住宅代管
北區,租賃房屋,臺中市北區中清路一段８２２之１２５號,0.0,,,,1140124,土地0建物1車位0,十層,11,住宅大樓(11層含以上有電梯),住家用,鋼筋混凝土造,0700814,39.27,1,0,1,有,有,有,14000,357,,0.0,0,社會住宅包租代管公會版41期租金總額含管理費；網路費；其他第四台MOD；,RPQNMLSJKHKGFBB77CC,獨立套房,有,1140215~1150214,有,冷氣、熱水器、電視機、冰箱、有線電視、網路,社會住宅代管
北區,租賃房屋,臺中市北區漢口路四段２０８號２樓之９,0.0,,,,1140125,土地0建物1車位0,二層,7,華廈(10層含以下有電梯),住家用,鋼筋混凝土造,0821109,31.85,1,0,1,有,有,有,9500,298,,0.0,0,因此案件為社會住宅包租代管案件因素此租約訂定金額不含管理費，費用為承租人另行支付。,RPRNMLSJKHKGFBB87CC,獨立套房,有,1140220~1150219,有,冷氣、熱水器、洗衣機、電視機、冰箱,社會住宅代管
北區,租賃房屋,臺中市北區陝西路９２之５號４樓之１,0.0,,,,1140124,土地0建物1車位0,四層,7,華廈(10層含以下有電梯),住家用,鋼筋混凝土造,0851021,38.78,1,0,1,有,有,有,11000,284,,0.0,0,社會住宅包租代管公會版41期266租金總額含管理費；網路費；其他第四台MOD；,RPTNMLSJKHKGFBB08CC,獨立套房,有,1140215~1150214,有,冷氣、熱水器、洗衣機、電視機、冰箱、有線電視、網路,社會住宅代管
龍井區,租賃房屋,臺中市龍井區新興路４５巷７號３樓之２,0.0,,,,1140122,土地0建物1車位0,三層,5,公寓(5樓含以下無電梯),住家用,鋼筋混凝土造,0770910,18.919999999999998,1,0,1,有,有,有,4000,211,,0.0,0,社會住宅包租代管案件租金市價打9折,RPQNMLSJKHKGFKB68CC,獨立套房,有,1140201~1150131,無,冷氣、熱水器、洗衣機、電視機、冰箱、網路,社會住宅代管
北區,租賃房屋,臺中市北區中清路一段８２２之１４２號,0.0,,,,1140125,土地0建物1車位0,十層,11,住宅大樓(11層含以上有電梯),住家用,鋼筋混凝土造,0700814,35.23,1,0,1,有,有,有,12000,341,,0.0,0,社會住宅包租代管公會版41期272租金總額含管理費；網路費；其他第四台MOD；,RPWNMLKKKHKGFBB67CC,獨立套房,有,1140215~1150214,有,冷氣、熱水器、洗衣機、電視機、冰箱、有線電視、網路,社會住宅代管
大里區,租賃房屋+車位,臺中市大里區大明路４４６號四樓之１,0.0,,,,1140121,土地0建物1車位1,四層,12,住宅大樓(11層含以上有電梯),集合住宅、機電設備空間,鋼筋混凝土造,0921124,86.93,1,1,1,有,無,有,16000,184,坡道平面,26.36,0,,RPTNMLKKKHKGFIB08CC,獨立套房,有,1140201~1160131,有,冷氣、熱水器、洗衣機、冰箱,一般包租
大肚區,租賃房屋,臺中市大肚區華山路３００巷５弄１７號,0.0,,,,1140121,土地0建物1車位0,全,2,透天厝,住家用,鋼筋混凝土造,0780110,92.56,2,2,2,有,無,有,10000,108,,0.0,0,續租案件；,RPPNMLKKKHKGFKB87CC,整棟(戶)出租,無,1140205~1150204,無,,社會住宅代管
北區,租賃房屋,臺中市北區山西路一段７１號３樓之１,0.0,,,,1140121,土地0建物1車位0,三層,12,住宅大樓(11層含以上有電梯),住家用,鋼筋混凝土造,0880624,106.28,2,1,1,有,有,有,16700,157,,0.0,0,,RPXNMLLKKHKGFBB87CC,整棟(戶)出租,有,1140224~1150223,有,冷氣、熱水器、洗衣機、冰箱、瓦斯或天然氣,社會住宅代管
南屯區,租賃房屋+車位,臺中市南屯區保安七街３２號５F-２,24.8,住,,,1140124,土地1建物0車位1,五層,9,華廈(10層含以下有電梯),集合住宅,鋼筋混凝土造、鋼骨造,1070214,24.8,6,6,6,有,有,有,13000,582,坡道平面,7.63,3000,租金總額含管理費；水費；網路費；其他清潔費；續租案件；,RPTNMLLKKHKGFCB57CC,分租套房,有,1140127~1150126,有,冷氣、熱水器、洗衣機、電視機、冰箱、網路,一般轉租
南屯區,租賃房屋,臺中市南屯區保安七街３２號３F-１,24.8,住,,,1140124,土地1建物0車位0,三層,9,華廈(10層含以下有電梯),集合住宅,鋼筋混凝土造、鋼骨造,1070214,24.8,6,6,6,有,有,有,10000,403,,0.0,0,租金總額含管理費；水費；網路費；其他清潔費；續租案件；,RPWNMLLKKHKGFCB87CC,分租套房,有,1140206~1150205,有,冷氣、熱水器、洗衣機、電視機、冰箱、網路,一般轉租
南屯區,租賃房屋+車位,臺中市南屯區保安七街３２號,24.8,住,,,1140122,土地1建物0車位1,一層,9,華廈(10層含以下有電梯),集合住宅,鋼筋混凝土造、鋼骨造,1070214,24.8,6,6,6,有,有,有,13000,582,坡道平面,7.63,3000,多人共同承租2；租金總額含管理費；水費；網路費；其他清潔費；續租案件；,RPOOMLLKKHKGFCB17CC,分租套房,有,1140209~1150208,有,冷氣、熱水器、洗衣機、電視機、冰箱、網路,一般轉租
大甲區,租賃房屋,臺中市大甲區水美街１６之３３號,0.0,,,,1140121,土地0建物1車位0,五層,6,華廈(10層含以下有電梯),住家用,鋼筋混凝土造,0820210,110.77000000000001,3,2,1,有,有,有,8200,74,,0.0,0,,RPPNMLLKKHKGFEB37CC,整棟(戶)出租,有,1140220~1150219,有,冷氣、熱水器、洗衣機、瓦斯或天然氣,社會住宅代管
大里區,租賃房屋,臺中市大里區青松街１０號２樓,0.0,,,,1140126,土地0建物1車位0,二層,6,華廈(10層含以下有電梯),集合住宅,鋼筋混凝土造,0800415,117.13,3,1,2,有,有,有,15000,128,,0.0,0,續租案件；,RPQNMLLKKHKGFIB87CC,整棟(戶)出租,有,1140201~1150131,有,熱水器,社會住宅代管
北區,租賃房屋+車位,臺中市北區進化北路２３８號１３樓之３,12.41,住,,,1140122,土地1建物1車位1,十三層,20,辦公商業大樓,商業用,鋼骨造,0800613,189.23000000000002,0,0,0,無,有,無,40000,211,坡道機械,0.0,0,租金總額含稅；,RPTOMLMKKHKGFBB67CC,,有,1140301~1150228,有,,
西屯區,租賃房屋,臺中市西屯區福聯街２２巷１２號八樓之３ ３,0.0,,,,1140125,土地0建物1車位0,八層,12,住宅大樓(11層含以上有電梯),住家用,鋼筋混凝土造,0830930,21.060000000000002,1,1,1,有,有,有,4600,218,,0.0,0,,RPQNMLMKKHKGFCB37CC,獨立套房,有,1140125~1150124,有,冷氣、熱水器、洗衣機,一般轉租
西屯區,租賃房屋+車位,臺中市西屯區市政北二路２３８號１９樓之５,19.75,其他,,,1140121,土地1建物1車位2,十九層,36,辦公商業大樓,辦公事務所及工商服務業,鋼骨鋼筋混凝土造,1030403,372.57,0,0,0,無,有,有,130000,365,坡道平面,35.26,7000,租金總額含稅；,RPVOMLMKKHKGFCB97CC,,有,1140401~1190331,有,,
西屯區,租賃房屋+車位,臺中市西屯區臺灣大道四段７６７號８樓之４,15.49,住,,,1140121,土地1建物1車位1,八層,13,辦公商業大樓,商業用,鋼筋混凝土造,0810331,151.5,0,0,0,無,有,無,40000,264,坡道機械,0.0,0,,RPXOMLMKKHKGFCB18CC,,有,1140210~1150209,有,,
西屯區,租賃房屋+車位,臺中市西屯區河南路二段２６２號１１樓之１３,82.45,住,,,1140123,土地1建物1車位2,十一層,13,辦公商業大樓,商業用,鋼筋混凝土造,0800613,327.73,0,0,0,無,有,無,64000,195,坡道機械,0.0,0,租金總額含稅；,RPPPMLMKKHKGFCB47CC,,有,1140225~1170224,有,,
北屯區,租賃房屋+車位,臺中市北屯區敦富路８０６號３樓之１,0.0,,,,1140123,土地0建物1車位1,三層,15,住宅大樓(11層含以上有電梯),集合住宅,鋼筋混凝土造,1130627,163.32,2,2,1,有,有,有,26000,180,坡道平面,35.63,3000,,RPTNMLNKKHKGFBB67CC,整棟(戶)出租,有,1140201~1150131,有,冷氣、熱水器、洗衣機、電視機、冰箱、瓦斯或天然氣,社會住宅代管
西屯區,租賃房屋,臺中市西屯區西屯路二段２６８-８巷１號８樓之１９,0.0,,,,1140124,土地0建物1車位0,八層,13,住宅大樓(11層含以上有電梯),住家用,鋼筋混凝土造,0860408,14.85,1,0,1,有,有,有,8000,539,,0.0,0,,RPSNMLNKKHKGFCB67CC,獨立套房,有,1140201~1150131,有,冷氣、熱水器、洗衣機、電視機、冰箱,一般代管
西屯區,租賃房屋+車位,臺中市西屯區惠來路三段１９８之５號十二樓之３,0.0,,,,1140123,土地0建物1車位1,十二層,15,住宅大樓(11層含以上有電梯),住家用,鋼筋混凝土造,0951219,188.78,3,2,2,有,有,有,32000,170,坡道平面,23.14,0,多人共同承租2；租金總額含管理費；,RPXNMLNKKHKGFCB18CC,整棟(戶)出租,有,1140215~1150214,有,冷氣、熱水器、洗衣機、冰箱、瓦斯或天然氣,
大雅區,租賃房屋,臺中市大雅區學府路４２７巷３３號,0.0,,,,1140123,土地0建物1車位0,見其他登記事項,6,華廈(10層含以下有電梯),集合住宅  人行道  避難室  店舖,鋼筋混凝土造,0821008,170.95999999999998,2,2,1,有,有,有,15000,88,,0.0,0,,RPRNMLNKKHKGFHB08CC,整棟(戶)出租,無,1140203~1170202,有,冷氣、熱水器、洗衣機、電視機、冰箱,社會住宅包租轉租
大里區,租賃房屋+車位,臺中市大里區日新路３１７號５樓之３,0.0,,,,1140124,土地0建物1車位1,五層,14,住宅大樓(11層含以上有電梯),集合住宅,鋼筋混凝土造,1100518,159.16,3,2,2,有,有,有,25200,177,坡道平面,38.51,3900,,RPPNMLNKKHKGFIB97CC,整棟(戶)出租,有,1140216~1150215,有,冷氣、熱水器、瓦斯或天然氣,社會住宅代管
北屯區,租賃房屋+車位,臺中市北屯區松竹路二段３４巷６號八樓之１,0.0,,,,1140122,土地0建物1車位1,八層,12,住宅大樓(11層含以上有電梯),集合住宅,鋼筋混凝土造,1071226,160.35,3,2,2,有,有,有,29700,185,一樓平面,43.42,0,租金已扣除管理費3300元,RPRNMLOKKHKGFBB57CC,整棟(戶)出租,有,1140210~1150209,有,冷氣、熱水器、洗衣機、電視機、冰箱、瓦斯或天然氣,
北區,租賃房屋,臺中市北區文昌東二街１４２號７樓之１,0.0,,,,1140123,土地0建物1車位0,七層,7,華廈(10層含以下有電梯),住家用,鋼骨混凝土造,0840214,59.89,1,1,1,有,有,有,18000,301,,0.0,0,,RPSNMLOKKHKGFBB67CC,獨立套房,無,1140123~1150122,有,冷氣、熱水器、瓦斯或天然氣,
北屯區,租賃房屋+車位,臺中市北屯區軍榮五街２８號３樓之６,0.0,,,,1140126,土地0建物1車位1,三層,11,住宅大樓(11層含以上有電梯),集合住宅,鋼筋混凝土造,1061225,159.71,2,1,2,有,有,有,30000,223,坡道平面,33.91,2000,續租案件；,RPVOMLOKKHKGFBB08CC,整棟(戶)出租,有,1140201~1150131,有,冷氣、熱水器、洗衣機、電視機、冰箱,社會住宅代管
北屯區,租賃房屋,臺中市北屯區北屯路２８６號１６號之９,0.0,,,,1140122,土地0建物1車位0,十六層,16,住宅大樓(11層含以上有電梯),住家用,鋼筋混凝土造,0850524,36.65,1,0,1,有,有,有,7800,213,,0.0,0,續租案件；,RPWOMLOKKHKGFBB18CC,獨立套房,有,1140306~1150305,有,冷氣、熱水器、洗衣機、電視機、冰箱,社會住宅代管
南屯區,租賃房屋,臺中市南屯區忠勇路２３-２５號５樓,0.0,,,,1140121,土地0建物0車位0,五層,10,華廈(10層含以下有電梯),住家用,鋼筋混凝土造,0950628,13.0,35,0,35,有,有,有,5500,423,,0.0,0,租金總額含水費；網路費；,RPTNMLOKKHKGFCB87CC,分租套房,有,1140101~1140625,有,冷氣、熱水器、電視機、網路,一般轉租
西屯區,租賃房屋+車位,臺中市西屯區朝馬路１６８號１９樓之２,0.0,,,,1140124,土地0建物1車位2,十九層,28,住宅大樓(11層含以上有電梯),集合住宅,鋼筋混凝土造,1060116,226.57,3,2,2,有,有,有,80000,353,坡道平面,27.67,0,租金總額含管理費；水費；電費；瓦斯費；其他出租人每月負擔台幣四千元之水電瓦斯費，多於金額不退還，超出金額由承租人負擔；,RPPNMLPKKHKGFCB57CC,整棟(戶)出租,有,1140203~1160202,有,冷氣、熱水器、洗衣機、電視機、瓦斯或天然氣,
西屯區,租賃房屋+車位,臺中市西屯區朝馬路１６８號１９樓之２,0.0,,,,1140124,土地0建物1車位2,十九層,28,住宅大樓(11層含以上有電梯),集合住宅,鋼筋混凝土造,1060116,226.57,3,2,2,有,有,有,80000,353,坡道平面,27.67,0,租金總額含管理費；水費；電費；瓦斯費；其他出租人每月負擔台幣四千元之水電瓦斯費，多於金額不退還，超出金額由承租人負擔；,RPQNMLPKKHKGFCB67CC,整棟(戶)出租,有,1140203~1160202,有,冷氣、熱水器、洗衣機、電視機、瓦斯或天然氣,
北區,租賃房屋,臺中市北區梅川東路三段１４７號２樓,0.0,,,,1140121,土地0建物0車位0,二層,5,公寓(5樓含以下無電梯),住宅．機械房,鋼筋混凝土造,0860215,8.09,5,2,3,有,無,有,7500,927,,0.0,0,租金總額含網路費；租賃建物部分範圍，且未計入共有部分面積；,RPPNMLRKKHKGFBB67CC,分租雅房,無,1140201~1150131,無,冷氣、熱水器、洗衣機、電視機、冰箱、瓦斯或天然氣、網路,一般轉租
北屯區,租賃房屋,臺中市北屯區文心路四段７１５號２樓之２,0.0,,,,1140122,土地0建物1車位0,二層,5,公寓(5樓含以下無電梯),住家用,鋼筋混凝土造,0711110,46.71,2,2,1,有,有,有,15000,321,,0.0,0,,RPWNMLRKKHKGFBB38CC,整棟(戶)出租,無,1140225~1160224,無,冷氣、熱水器、洗衣機、冰箱,社會住宅包租轉租
北區,租賃房屋,臺中市北區國泰街１１１號３樓之３,0.0,,,,1140123,土地0建物1車位0,三層,8,華廈(10層含以下有電梯),住家用,鋼筋混凝土造,0830606,48.1,1,1,1,有,有,有,13000,270,,0.0,0,,RPTOMLRKKHKGFBB18CC,整棟(戶)出租,無,1140218~1150217,有,冷氣、熱水器、洗衣機、冰箱,社會住宅代管
北屯區,租賃房屋,臺中市北屯區文心路四段６７２號２２樓之３１,0.0,,,,1140121,土地0建物1車位0,二十二層,24,住宅大樓(11層含以上有電梯),住家用,鋼筋混凝土造,0841124,30.45,1,0,1,有,有,有,7500,246,,0.0,0,,RPUOMLRKKHKGFBB28CC,獨立套房,有,1140207~1150206,有,冷氣、熱水器、洗衣機、電視機、冰箱,社會住宅代管
北屯區,租賃房屋,臺中市北屯區昌平路二段１５４之１５號５樓A１房,0.0,,,,1140122,土地0建物0車位0,五層,5,公寓(5樓含以下無電梯),住家用,鋼筋混凝土造,0750422,30.41,5,0,5,有,無,有,8500,280,,0.0,0,本層共5個套房，1個套房約9坪大。租賃建物部分範圍，且未計入共有部分面積；,RPVOMLRKKHKGFBB38CC,分租套房,無,1140210~1150209,無,冷氣、熱水器、洗衣機、冰箱,一般代管
北區,租賃房屋,臺中市北區大德街１１９巷１０之１號,0.0,,,,1140123,土地0建物1車位0,二層,5,公寓(5樓含以下無電梯),住家用,鋼筋混凝土造,0681108,56.18,2,2,2,有,無,有,16000,285,,0.0,0,,RPSPMLRKKHKGFBB18CC,整棟(戶)出租,無,1140201~1160131,無,冷氣、熱水器、洗衣機、電視機、冰箱,社會住宅包租轉租
西屯區,租賃房屋,臺中市西屯區上明三街３０號６樓-３,0.0,,,,1140122,土地0建物1車位0,六層,7,華廈(10層含以下有電梯),集合住宅,鋼筋混凝土造,1050712,24.86,1,0,1,有,無,有,15000,603,,0.0,0,,RPSOMLRKKHKGFCB18CC,分層出租,有,1140201~1150131,有,冷氣、熱水器、電視機、冰箱、網路,一般包租
西屯區,租賃房屋,臺中市西屯區經貿路二段３９８號,0.0,,,,1140123,土地0建物1車位0,全,3,透天厝,店舖、住宅、停車空間、樓梯間,鋼筋混凝土造,1090619,67.3,4,2,5,有,無,無,32000,475,,0.0,0,承租方每月補貼出租方水費新台幣100元，若台水公司調漲承租方補貼上限新台幣150元。租金總額含水費；,RPWOMLRKKHKGFCB58CC,,無,1140301~1170229,無,,
西屯區,租賃房屋+車位,臺中市西屯區臺灣大道三段８０８號２２樓之１、之２、之３、之５,0.0,,,,1140122,土地0建物4車位8,二十二層,22,辦公商業大樓,辦公室,鋼骨鋼筋混凝土造,1120116,931.3800000000001,0,0,0,無,有,無,463315,497,坡道平面,0.0,0,租金總額含稅；含有多個門牌且未個別計算租金1.台中市西屯區臺灣大道三段808號22樓之12.台中市西屯區臺灣大道三段808號22樓之23.台中市西屯區臺灣大道三段808號22樓之34.台中市西屯區臺灣大道三段808號22樓之5；租賃期間有約定不同租金114/2/1~114/7/31為裝潢免租期114/8/1~118/7/31租金463315元含稅，已含車位租金118/8/1~121/7/31租金476275元含稅，已含車位租金121/8/1~124/7/31租金489517元含稅，已含車位租金；,RPXOMLRKKHKGFCB68CC,,有,1140201~1240731,有,冷氣,
大里區,租賃房屋,臺中市大里區中興路二段６７１巷８弄５２號十四樓,0.0,,,,1140127,土地0建物1車位0,十四層,16,住宅大樓(11層含以上有電梯),集合住宅,鋼筋混凝土造,0841222,98.3,3,2,2,有,有,無,15000,153,,0.0,0,,RPRNMLRKKHKGFIB58CC,整棟(戶)出租,有,1140206~1150205,有,冷氣、熱水器、洗衣機、冰箱、瓦斯或天然氣,社會住宅代管
大里區,租賃房屋,臺中市大里區內新街２９巷１１號２樓,0.0,,,,1140122,土地0建物1車位0,二層,5,公寓(5樓含以下無電梯),住家用,鋼筋混凝土造,0740525,93.74,3,2,2,有,有,有,16000,171,,0.0,0,續租案件；,RPVNMLRKKHKGFIB98CC,整棟(戶)出租,有,1140320~1150319,無,冷氣、熱水器、洗衣機、電視機、冰箱、瓦斯或天然氣,社會住宅代管
大里區,租賃房屋+車位,臺中市大里區內新街２１９巷７之８號,0.0,,,,1140121,土地0建物1車位1,八層,8,華廈(10層含以下有電梯),集合住宅,鋼筋混凝土造,0810125,96.47,3,2,1,有,有,無,18350,190,坡道平面,0.0,0,,RPWNMLRKKHKGFIB09CC,整棟(戶)出租,有,1140201~1150131,有,冷氣、熱水器,
太平區,租賃房屋,臺中市太平區永平南路４７號二樓之１２,0.0,,,,1140124,土地0建物1車位0,二層,4,華廈(10層含以下有電梯),辦公室,鋼筋混凝土造,0970707,14.53,1,0,1,有,有,有,4200,289,,0.0,0,含增建或未登記建物；續租案件；,RPRNMLRKKHKGFJB68CC,獨立套房,有,1140201~1140731,有,冷氣、熱水器、電視機、冰箱、網路,一般代管
太平區,租賃房屋,臺中市太平區永平南路４５號四樓之２１,0.0,,,,1140122,土地0建物1車位0,四層,4,華廈(10層含以下有電梯),辦公室,鋼筋混凝土造,0970707,14.35,1,0,1,有,有,有,4200,293,,0.0,0,含增建或未登記建物；續租案件；,RPTNMLRKKHKGFJB88CC,獨立套房,有,1140203~1140802,有,冷氣、熱水器、電視機、冰箱、網路,一般代管
北區,租賃房屋,臺中市北區錦中街１０８號７樓之１,0.0,,,,1140126,土地0建物1車位0,七層,7,華廈(10層含以下有電梯),住家用,鋼筋混凝土造,0810429,44.41,1,0,1,有,無,有,10800,243,,0.0,0,多人共同承租2；,RPQNMLSKKHKGFBB87CC,獨立套房,無,1140201~1150131,有,冷氣、熱水器、洗衣機、電視機、冰箱,社會住宅代管
北區,租賃房屋+車位,臺中市北區三民路三段３２７號７樓之６,0.0,,,,1140124,土地0建物1車位1,七層,18,住宅大樓(11層含以上有電梯),集合住宅,鋼筋混凝土造,1130718,102.75,2,2,1,有,有,有,27000,263,坡道機械,11.73,0,租金總額含管理費；其他車位；,RPUNMLSKKHKGFBB28CC,整棟(戶)出租,有,1140201~1150131,有,冷氣、熱水器、洗衣機、電視機、冰箱,一般包租
北屯區,租賃房屋+車位,臺中市北屯區崇德十六路２８３號２樓之５,0.0,,,,1140123,土地0建物1車位1,二層,12,住宅大樓(11層含以上有電梯),住家用,鋼筋混凝土造,0990927,107.66,2,2,1,有,有,有,18255,201,坡道機械,18.18,255,社會住宅包租代管公會版。另有管理費1895元；停車位管理費350元。續租案件；,RPWPMLSKKHKGFBB68CC,整棟(戶)出租,有,1140301~1150228,有,冷氣、熱水器、洗衣機、電視機、冰箱、瓦斯或天然氣,社會住宅代管
北屯區,租賃房屋,臺中市北屯區中清路二段５５２巷８弄３１號５樓,0.0,,,,1140123,土地0建物1車位0,五層,5,公寓(5樓含以下無電梯),住家用,鋼筋混凝土造,0811012,69.48,2,2,2,有,無,有,15000,216,,0.0,0,社會住宅包租代管公會版。多人共同承租2；,RPXPMLSKKHKGFBB78CC,整棟(戶)出租,無,1140216~1150215,無,冷氣、熱水器、洗衣機、電視機、冰箱、瓦斯或天然氣,社會住宅代管
西屯區,租賃房屋+車位,臺中市西屯區國安一路１０５號４F-３,11.57,住,,,1140124,土地1建物1車位1,四層,22,住宅大樓(11層含以上有電梯),住家用,鋼筋混凝土造,0971127,74.12,1,1,1,有,有,有,20000,270,坡道機械,0.0,0,,RPUNMLSKKHKGFCB38CC,,有,1140124~1140228,有,冷氣、熱水器、洗衣機、電視機、冰箱、瓦斯或天然氣,
豐原區,租賃房屋,臺中市豐原區向陽路４８號４樓之１２,0.0,,,,1140122,土地0建物1車位0,四層,13,住宅大樓(11層含以上有電梯),住家用,鋼筋混凝土造,0860602,35.58,1,0,1,有,有,有,8000,225,,0.0,0,續租案件；,RPPNMLSKKHKGFDB97CC,獨立套房,有,1140319~1150318,有,冷氣、熱水器、洗衣機、電視機、冰箱,社會住宅代管
龍井區,租賃房屋,臺中市龍井區新興路３巷１６號２樓,0.0,,,,1140127,土地0建物0車位0,二層,5,華廈(10層含以下有電梯),住家用,鋼筋混凝土造,0820317,10.0,15,0,15,有,無,有,6500,650,,0.0,0,租金總額含水費；含增建或未登記建物；租賃建物部分範圍，且未計入共有部分面積；續租案件；,RPQNMLSKKHKGFKB78CC,分租套房,無,1140216~1150215,有,冷氣、熱水器、電視機、冰箱、網路,一般轉租
北屯區,租賃房屋+車位,臺中市北屯區四平路５７６號２３樓之７,0.0,,,,1140127,土地0建物1車位2,二十三層,24,住宅大樓(11層含以上有電梯),集合住宅,鋼筋混凝土造,1110728,188.86,3,2,2,有,有,有,40968,217,坡道平面,63.58,0,,RPRQMLTKKHKGFBB38CC,整棟(戶)出租,有,1140203~1150202,有,冷氣、熱水器、洗衣機、電視機、冰箱、瓦斯或天然氣,
霧峰區,租賃房屋,臺中市霧峰區草湖路６２號６樓之８,0.0,,,,1140121,土地0建物0車位0,六層,13,住宅大樓(11層含以上有電梯),集合住宅,ＲＣ造、鋼骨造,0980120,21.8,9,0,9,有,有,有,7200,330,,0.0,0,租金總額含網路費；租賃建物部分範圍，且未計入共有部分面積；,RPPNMLTKKHKGFIB58CC,分租套房,有,1130901~1140831,有,冷氣、冰箱、網路,一般代管
霧峰區,租賃房屋,臺中市霧峰區草湖路６２號１１樓之１,0.0,,,,1140124,土地0建物0車位0,十一層,13,住宅大樓(11層含以上有電梯),集合住宅,ＲＣ造、鋼骨造,0980120,21.8,7,0,7,有,有,有,6800,312,,0.0,0,租金總額含網路費；租賃建物部分範圍，且未計入共有部分面積；,RPQNMLTKKHKGFIB68CC,分租套房,有,1140124~1140630,有,冷氣、冰箱、網路,一般代管
烏日區,租賃房屋,臺中市烏日區高鐵三路２１號１０樓之１,0.0,,,,1140121,土地0建物1車位0,十層,14,住宅大樓(11層含以上有電梯),集合住宅,鋼筋混凝土造,1100621,126.75999999999999,2,2,1,有,有,有,16500,130,,0.0,0,未租賃車位，建物登記含有車位面積；,RPVOMLTKKHKGFIB66CC,整棟(戶)出租,有,1140201~1170131,有,冷氣、熱水器、瓦斯或天然氣,社會住宅包租轉租
南屯區,租賃房屋,臺中市南屯區大墩十四街１９２之１號４樓,10.14,商,,,1140124,土地1建物1車位0,四層,8,辦公商業大樓,商業用,鋼筋混凝土造,0830824,74.6,0,0,0,無,有,無,19800,265,,0.0,0,租金總額含稅；,RPXNMLKLKHKGFCB97CC,,有,1140210~1150209,有,,
龍井區,租賃房屋+車位,臺中市龍井區沙田路六段３１５號１０樓之６,0.0,,,,1140124,土地0建物1車位1,十層,12,住宅大樓(11層含以上有電梯),集合住宅,鋼筋混凝土造,1111107,113.8,2,1,1,有,有,無,16000,161,坡道平面,30.04,2500,社會住宅包租代管公會版。另有管理費2709元。多人共同承租2；,RPQNMLKLKHKGFKB08CC,整棟(戶)出租,有,1140220~1150219,有,冷氣、熱水器、瓦斯或天然氣,社會住宅代管
北屯區,租賃房屋,臺中市北屯區東山路一段１９６之７號（３０３室）,0.0,,,,1140128,土地0建物0車位0,全,3,透天厝,住家用,鋼筋混凝土加強磚造,0620530,28.0,16,0,15,有,無,有,9500,339,,0.0,0,,RPQNMLMLKHKGFBB37CC,分租套房,無,1140201~1150131,無,冷氣、熱水器、洗衣機,一般轉租
大里區,租賃房屋,臺中市大里區工業五路７６號,0.0,,,,1140130,土地0建物0車位0,全,4,透天厝,住宅．停車空間．梯間,鋼筋混凝土造,0940805,13.0,46,0,46,有,無,有,8800,677,,0.0,0,租金總額含水費；網路費；,RPPNMLQLKHKGFIB38CC,分租套房,無,1140201~1140615,有,冷氣、熱水器、洗衣機、電視機、冰箱、網路,一般轉租
太平區,租賃房屋,臺中市太平區永平南路４５號二樓之１７,0.0,,,,1140131,土地0建物1車位0,二層,4,華廈(10層含以下有電梯),辦公室,鋼筋混凝土造,0970707,14.35,1,0,1,有,有,有,4200,293,,0.0,0,含增建或未登記建物；續租案件；,RPQNMLQLKHKGFJB58CC,獨立套房,有,1140201~1140731,有,冷氣、熱水器、電視機、冰箱、網路,一般代管
