﻿編號,土地位置,土地移轉面積平方公尺,使用分區或編定,權利人持分分母,權利人持分分子,移轉情形,地號
The serial number, land position,land shifting area square meter,the use zoning or compiles and checks,,,,land parcel
RPRNMLPKJHKGFAB47CC,大益段,38.40,都市：住,,,,06240000
RPUNMLPKJHKGFBB87CC,陳平段,54.02,都市：住,,,,33700000
RPPNMLQKJHKGFAB37CC,新庄段,75.76,都市：商,,,,08590000
RPPNMLRKJHKGFAB47CC,下橋子頭段,1.76,都市：商,,,,02170014
RPSNMLRKJHKGFAB77CC,麻園頭段,11.48,都市：住,,,,01320000
RPTNMLRKJHKGFCB08CC,龍富段,48.13,都市：住,,,,01570000
RPSNMLRKJHKGFCB97CC,建功段,19.73,都市：住,,,,00200000
RPTOMLRKJHKGFCB18CC,中仁段,115.00,都市：住,,,,02330001
RPPNMLOKJHKGFDB47CC,三陽段,151.93,都市：住,,,,06670000
RPXNMLKLJHKGFCB87CC,安和段,1541.71,都市：工,,,,00020004
RPVNMLKLJHKGFCB67CC,安和段,1541.71,都市：工,,,,00020004
RPPOMLKLJHKGFCB17CC,安和段,1541.71,都市：工,,,,00020004
RPROMLKLJHKGFCB37CC,安和段,1541.71,都市：工,,,,00020004
RPWOMLKLJHKGFCB87CC,中和段,32.92,都市：住,,,,02140000
RPPOMLLLJHKGFCB27CC,惠民段,17.45,都市：其他:第五種新市政中心專用區,,,,01390000
RPSOMLLLJHKGFCB57CC,福安段,9.00,都市：住,,,,02250000
RPROMLLLJHKGFCB47CC,田心段,95.00,都市：住,,,,09100016
RPXOMLLLJHKGFCB08CC,安和段,2802.90,都市：工,,,,00370000
RPOOMLMLJHKGFAB07CC,麻園頭段,8.23,都市：住,,,,01320000
RPSPMLNLJHKGFCB87CC,逢大段,28.16,都市：其他:創研,,,,00280000
RPSPMLNLJHKGFCB87CC,逢大段,29.25,都市：其他:創研,,,,00280000
RPSPMLNLJHKGFCB87CC,逢大段,29.25,都市：其他:創研,,,,00280000
RPQOMLNLJHKGFIB18CC,新高鐵段,17.46,都市：商,,,,00890000
RPPOMLNLJHKGFIB08CC,新高鐵段,12.40,都市：商,,,,00890000
RPPNMLNJKHKGFAB07CC,土庫段,14.40,都市：住,,,,00570001
RPXNMLNJKHKGFCB08CC,惠安段,19.62,都市：住,,,,01710013
RPXNMLNJKHKGFCB08CC,惠安段,18.22,都市：住,,,,01710009
RPXNMLNJKHKGFCB08CC,惠安段,18.46,都市：住,,,,01710010
RPXNMLNJKHKGFCB08CC,惠安段,18.69,都市：住,,,,01710011
RPXNMLNJKHKGFCB08CC,惠安段,18.92,都市：住,,,,01710012
RPSNMLOJKHKGFAB47CC,民生段二小段,26.85,都市：住,,,,00020000
RPRNMLPJKHKGFIB28CC,峰西段,8.00,都市：農,,,,08860005
RPRNMLPJKHKGFIB28CC,峰西段,54.00,都市：農,,,,08870010
RPQNMLQJKHKGFAB47CC,五權段,4.60,都市：住,,,,07740000
RPQNMLQJKHKGFAB47CC,五權段,3.98,都市：住,,,,07750000
RPVNMLRJKHKGFCB28CC,楓樹段,5.74,都市：住,,,,02480000
RPVNMLRJKHKGFCB28CC,楓樹段,16.23,都市：住,,,,02480006
RPVNMLRJKHKGFCB28CC,楓樹段,47.00,都市：住,,,,02480010
RPVNMLRJKHKGFCB28CC,楓樹段,1.84,都市：住,,,,02480015
RPVNMLRJKHKGFCB28CC,楓樹段,.77,都市：住,,,,02480022
RPPNMLPJKHKGFJB18CC,忠平段,515.00,都市：工,,,,06190005
RPPNMLLKKHKGFCB17CC,寶文段,24.80,都市：住,,,,00720021
RPQNMLLKKHKGFCB27CC,寶文段,24.80,都市：住,,,,00720021
RPSNMLLKKHKGFCB47CC,寶文段,33.06,都市：住,,,,00720021
RPOOMLMKKHKGFAB07CC,下橋子頭段,21.28,都市：住,,,,03230002
RPSOMLMKKHKGFBB57CC,乾溝子段,6.87,都市：住,,,,01790000
RPUOMLMKKHKGFBB77CC,竹興段,28.70,都市：住,,,,01490000
RPQOMLMKKHKGFCB47CC,惠民段,15.16,都市：其他:第五種新市政中心專用區,,,,01390000
RPROMLMKKHKGFCB57CC,惠民段,16.87,都市：其他:第八種新市政中心專用區,,,,01430001
RPTOMLMKKHKGFCB77CC,田心段,17.09,都市：住,,,,09820000
RPOPMLMKKHKGFCB37CC,福星段,108.33,都市：住,,,,04260000
RPOPMLMKKHKGFCB37CC,福星段,142.87,都市：住,,,,04270000
RPQNMLPKKHKGFAB47CC,後壠子段,2.08,都市：商,,,,01730012
RPPNMLPKKHKGFAB37CC,後壠子段,3.24,都市：商,,,,01730012
