﻿鄉鎮市區,交易標的,土地位置建物門牌,土地移轉總面積平方公尺,都市土地使用分區,非都市土地使用分區,非都市土地使用編定,交易年月日,交易筆棟數,移轉層次,總樓層數,建物型態,主要用途,主要建材,建築完成年月,建物移轉總面積平方公尺,建物現況格局-房,建物現況格局-廳,建物現況格局-衛,建物現況格局-隔間,有無管理組織,總價元,單價元平方公尺,車位類別,車位移轉總面積平方公尺,車位總價元,備註,編號,建案名稱,棟及號,解約情形
The villages and towns urban district,transaction sign,land sector position building sector house number plate,land shifting total area square meter,the use zoning or compiles and checks,the non-metropolis land use district,non-metropolis land use,transaction year month and day,transaction pen number,shifting level,total floor number,building state,main use,main building materials,construction to complete the years,building shifting total area,Building present situation pattern - room,building present situation pattern - hall,building present situation pattern - health,building present situation pattern - compartmented,Whether there is manages the organization,total price NTD,the unit price (NTD / square meter),the berth category,berth shifting total area square meter,the berth total price NTD,the note,serial number,build case,buildings,termination type
北屯區,房地(土地+建物)+車位,臺中市北屯區天津路與北平路與興安路街口,19.69,商,,,1140121,土地1建物1車位1,十七層,24,住宅大樓(11層含以上有電梯),住家用,鋼筋混凝土造,,186.51,3,2,2,有,無,28600000,165505,坡道平面,25.79,2000000,,RPTNMLLLJHKGFBB37CB,德鑫一璟,H棟17號,
北屯區,房地(土地+建物)+車位,臺中市北屯區太和東街與太和五街口,24.7,住,,,1140122,土地1建物1車位1,二層,10,華廈(10層含以下有電梯),住家用,鋼筋混凝土造,,118.56,2,2,2,有,無,13600000,138822,坡道平面,35.0,2000000,,RPXNMLMLJHKGFBB87CB,知哲永樂,C棟2F號,
后里區,房地(土地+建物)+車位,臺中市后里區水門路18號旁,24.65,,鄉村區,乙種建築用地,1140121,土地1建物1車位1,四層,5,華廈(10層含以下有電梯),住家用,鋼筋混凝土造,,76.61,2,2,2,有,無,8000000,110272,一樓平面,14.4,1140000,,RPXNMLMLJHKGFDB08CB,銘佳最美,1棟4C號,
北區,房地(土地+建物)+車位,臺中市北區英才路、博館二街117巷,26.11,住,,,1140122,土地2建物1車位1,四層,7,華廈(10層含以下有電梯),見其他登記事項,鋼筋混凝土造,,131.76,2,2,2,有,無,17970000,168174,坡道平面,38.88,2350000,,RPOOMLNLJHKGFBB17CB,七月埕,A2棟4號,
北屯區,房地(土地+建物)+車位,臺中市北屯區崇德九路,39.05,住,,,1140123,土地1建物1車位2,七層,15,住宅大樓(11層含以上有電梯),住家用,鋼筋混凝土造,,214.07,2,2,2,有,無,38800000,233091,坡道平面,69.92,5200000,因車位合約面積為34.959平方公尺，故造成共有部分面積含車位m2及車位面積因系統要求小數點第二位進位,RPPOMLNLJHKGFBB27CB,有愛臻邸,7C號,
南屯區,房地(土地+建物)+車位,臺中市南屯區大墩十一街與文心南五路三段,45.0,住,,,1140121,土地1建物1車位1,三層,18,住宅大樓(11層含以上有電梯),住家用,鋼筋混凝土造,,178.41,3,2,2,有,無,37100000,224132,坡道平面,24.26,2550000,,RPSNMLOLJHKGFCB67CB,精銳ABBA,3F-A號,
南屯區,房地(土地+建物)+車位,臺中市南屯區春安路與春安一街,12.42,住,,,1140121,土地1建物1車位1,九層,12,住宅大樓(11層含以上有電梯),住家用,鋼筋混凝土造,,120.63,2,2,2,有,無,14010000,129046,坡道平面,26.4,1850000,,RPTNMLOLJHKGFCB77CB,睦唐與樹,B1棟9F號,
西屯區,房地(土地+建物)+車位,臺中市西屯區逢甲路73號,7.23,商,,,1140121,土地97建物1車位1,十五層,19,住宅大樓(11層含以上有電梯),住家用,鋼骨鋼筋混凝土造,,81.38,1,1,1,有,無,15430000,234006,坡道機械,22.92,1750000,此戶為露台戶,RPVNMLOLJHKGFCB97CB,碧城FJ TOWER,F棟15號,
西屯區,房地(土地+建物)+車位,臺中市西屯區逢甲路73號,9.25,商,,,1140123,土地97建物1車位1,十九層,19,住宅大樓(11層含以上有電梯),住家用,鋼骨鋼筋混凝土造,,102.76,2,1,1,有,無,20580000,239506,坡道平面,27.48,2550000,,RPWNMLOLJHKGFCB08CB,碧城FJ TOWER,F棟19號,
北區,房地(土地+建物)+車位,臺中市北區武昌路與陝西東五街路口,15.16,住,,,1140123,土地2建物1車位1,七層,7,華廈(10層含以下有電梯),住家用,鋼筋混凝土造,,77.4,1,2,1,有,無,12200000,188043,坡道機械,19.86,1380000,,RPPNMLPLJHKGFBB37CB,建築与詩,A5棟0號,
西屯區,房地(土地+建物)+車位,臺中市西屯區河南路二段139號旁,14.03,住,,,1140124,土地9建物1車位1,四層,15,住宅大樓(11層含以上有電梯),住家用,鋼筋混凝土造,,114.2,2,2,2,有,無,23300000,241907,坡道平面,28.63,2600000,交易總價含下列非屬預售屋價格之費用:裝潢費1170000元；,RPQNMLPLJHKGFCB57CB,囍御水湳,F棟4號,
豐原區,房地(土地+建物)+車位,臺中市豐原區大仁街V.S三豐路一段103巷,25.86,住,,,1140121,土地1建物1車位1,五層,10,華廈(10層含以下有電梯),住家用,鋼筋混凝土造,,120.1,3,2,2,有,無,13510000,126706,坡道機械,19.0,700000,,RPPNMLPLJHKGFDB57CB,富苑藏豐,5FA1號,
南屯區,房地(土地+建物)+車位,臺中市南屯區大墩七街與大觀路口,19.07,商,,,1140125,土地1建物1車位1,四層,15,住宅大樓(11層含以上有電梯),住家用,鋼筋混凝土造,,195.06,3,2,2,有,無,38690000,230325,坡道平面,37.5,2400000,,RPPNMLQLJHKGFCB57CB,國泰森林薈,A1棟4號,
南屯區,房地(土地+建物)+車位,臺中市南屯區建功路春安路口,14.6,住,,,1140121,土地1建物1車位1,十九層,19,住宅大樓(11層含以上有電梯),住家用,鋼筋混凝土造,,154.35,3,2,2,有,無,19550000,138055,坡道平面,26.14,1850000,,RPPNMLRLJHKGFCB67CB,勝美琚,A棟1號,
南屯區,房地(土地+建物)+車位,臺中市南屯區永春東三路,24.61,住,,,1140124,土地1建物1車位2,五層,14,住宅大樓(11層含以上有電梯),住家用,鋼筋混凝土造,,218.54,3,2,2,有,無,31920000,176839,坡道平面,65.18,4800000,,RPPNMLLJKHKGFCB96CB,君睿,A棟5號,
北屯區,房地(土地+建物)+車位,臺中市北屯區山西路二段、崇德二路二段、仁平街、水連街,34.25,住,,,1140126,土地1建物1車位1,十八層,23,住宅大樓(11層含以上有電梯),住家用,鋼筋混凝土造,,156.55,3,2,2,有,無,29020000,213470,坡道平面,31.38,2300000,,RPPNMLMJKHKGFBB96CB,惠宇仁平MY PARK,18F-F號,
北屯區,房地(土地+建物)+車位,臺中市北屯區松竹路VS.東光路,36.87,住,,,1140121,土地2建物1車位2,七層,21,住宅大樓(11層含以上有電梯),住家用,鋼筋混凝土造,,201.08,3,2,2,有,無,28370000,182921,坡道平面,71.68,4700000,,RPSNMLNJKHKGFBB37CB,鉅虹R&G,E棟07號,
西屯區,房地(土地+建物)+車位,臺中市西屯區經貿路二段與經貿三路 路口,12.86,商,,,1140123,土地2建物1車位1,二十七層,29,住宅大樓(11層含以上有電梯),住家用,鋼骨鋼筋混凝土造,,193.32,3,2,3,有,無,39950000,215125,坡道平面,20.63,2800000,,RPPNMLNJKHKGFCB17CB,當代首馥,A1-27F號,
南屯區,房地(土地+建物)+車位,臺中市南屯區大墩十一街與文心南五路三段,44.6,住,,,1140122,土地1建物1車位1,六層,18,住宅大樓(11層含以上有電梯),住家用,鋼筋混凝土造,,176.92,3,2,2,有,無,35620000,217608,坡道平面,24.26,2400000,,RPQNMLNJKHKGFCB27CB,精銳ABBA,6F-D號,
沙鹿區,房地(土地+建物)+車位,臺中市沙鹿區福成路,31.17,住,,,1140121,土地1建物1車位1,五層,7,華廈(10層含以下有電梯),住家用,鋼筋混凝土造,,118.28,2,2,1,有,無,12620000,128262,坡道平面,37.04,2200000,,RPXNMLNJKHKGFFB28CB,富宇漾,C棟3號,
沙鹿區,房地(土地+建物)+車位,臺中市沙鹿區福成路,31.17,住,,,1140122,土地1建物1車位1,四層,7,華廈(10層含以下有電梯),住家用,鋼筋混凝土造,,118.28,2,2,1,有,無,11650000,116322,坡道平面,37.04,2200000,,RPOOMLNJKHKGFFB47CB,富宇漾,D棟2號,
沙鹿區,房地(土地+建物)+車位,臺中市沙鹿區福成路,31.17,住,,,1140124,土地1建物1車位2,四層,7,華廈(10層含以下有電梯),住家用,鋼筋混凝土造,,155.32,2,2,1,有,無,13850000,124938,坡道平面,74.08,3700000,,RPPOMLNJKHKGFFB57CB,富宇漾,C棟3號,
大雅區,房地(土地+建物)+車位,臺中市大雅區楓林街,21.05,住,,,1140124,土地4建物1車位1,九層,10,華廈(10層含以下有電梯),住家用,鋼筋混凝土造,,106.98,2,1,2,有,無,13680000,136944,一樓平面,23.15,2200000,,RPRNMLNJKHKGFHB87CB,上楓湛,A棟9號,
大雅區,房地(土地+建物)+車位,臺中市大雅區楓林街,21.05,住,,,1140124,土地4建物1車位1,八層,10,華廈(10層含以下有電梯),住家用,鋼筋混凝土造,,106.98,2,1,2,有,無,13400000,134797,坡道平面,23.15,2100000,,RPSNMLNJKHKGFHB97CB,上楓湛,A棟8號,
大雅區,房地(土地+建物)+車位,臺中市大雅區楓林街,26.43,住,,,1140124,土地4建物1車位1,五層,10,華廈(10層含以下有電梯),住家用,鋼筋混凝土造,,128.41,3,1,2,有,無,15600000,128254,坡道平面,23.15,2100000,,RPTNMLNJKHKGFHB08CB,上楓湛,D棟5號,
北屯區,房地(土地+建物),臺中市北屯區正道街,162.91,住,,,1140121,土地1建物1車位0,全,5,透天厝,住家用,鋼筋混凝土造,,302.4,5,3,6,有,無,46000000,152116,,0.0,0,,RPPNMLOJKHKGFBB17CB,和樂府,A棟1號,
北屯區,房地(土地+建物)+車位,臺中市北屯區松竹路VS.東光路,25.52,住,,,1140123,土地2建物1車位1,二十層,21,住宅大樓(11層含以上有電梯),住家用,鋼筋混凝土造,,125.32,2,2,2,有,無,20920000,206974,坡道平面,35.84,2400000,,RPQNMLPJKHKGFBB37CB,鉅虹R&G,B棟20號,
北屯區,房地(土地+建物)+車位,臺中市北屯區松竹路VS.東光路,25.52,住,,,1140123,土地2建物1車位1,十一層,21,住宅大樓(11層含以上有電梯),住家用,鋼筋混凝土造,,125.32,2,2,2,有,無,20180000,198704,坡道平面,35.84,2400000,,RPRNMLPJKHKGFBB47CB,鉅虹R&G,C棟11號,
北屯區,房地(土地+建物)+車位,臺中市北屯區榮德路與豐樂北二路,42.03,住,,,1140124,土地1建物1車位2,十層,14,住宅大樓(11層含以上有電梯),住家用,鋼筋混凝土造,,217.53,3,2,2,有,無,36900000,206768,坡道平面,61.8,4700000,此戶宜居陽台坪數為2.21坪。,RPUNMLPJKHKGFBB77CB,敦泰知遇,10F-F號,
北屯區,房地(土地+建物)+車位,臺中市北屯區榮德路與豐樂北二路,42.03,住,,,1140124,土地1建物1車位2,七層,14,住宅大樓(11層含以上有電梯),住家用,鋼筋混凝土造,,217.53,3,2,2,有,無,36500000,204200,坡道平面,61.8,4700000,此戶宜居陽台坪數為2.30坪。,RPVNMLPJKHKGFBB87CB,敦泰知遇,7F-F號,
西屯區,房地(土地+建物)+車位,臺中市西屯區市政北七路,13.72,其他,,,1140128,土地1建物1車位1,十七層,34,住宅大樓(11層含以上有電梯),住家用,鋼骨鋼筋混凝土造,,176.15,4,2,2,有,無,40560000,261284,坡道平面,31.25,2700000,,RPPNMLPJKHKGFCB37CB,遠雄琉蘊,B棟B03F17號,
南屯區,房地(土地+建物)+車位,臺中市南屯區大墩十一街與文心南五路三段,44.6,住,,,1140125,土地1建物1車位1,七層,18,住宅大樓(11層含以上有電梯),住家用,鋼筋混凝土造,,176.92,3,2,2,有,無,36800000,225665,坡道平面,24.26,2350000,,RPQNMLPJKHKGFCB47CB,精銳ABBA,7F-E號,
南屯區,房地(土地+建物)+車位,臺中市南屯區龍富十路及龍富路三段口,34.61,住,,,1140125,土地1建物1車位1,八層,18,住宅大樓(11層含以上有電梯),住家用,鋼筋混凝土造,,154.43,3,2,2,有,無,29200000,209883,坡道平面,26.74,2400000,,RPRNMLPJKHKGFCB57CB,精銳LEAD,8F-D號,
南屯區,房地(土地+建物)+車位,臺中市南屯區益豐路二段和龍富五街交叉路口,34.57,住,,,1140126,土地3建物1車位2,三層,15,住宅大樓(11層含以上有電梯),住家用,鋼筋混凝土造,,192.08,3,2,2,有,無,26930000,188723,坡道平面,66.34,3200000,,RPSNMLPJKHKGFCB67CB,南悅樂田,A棟A-03號,
南屯區,房地(土地+建物)+車位,臺中市南屯區益豐路二段和龍富五街交叉路口,33.44,住,,,1140125,土地3建物1車位1,五層,15,住宅大樓(11層含以上有電梯),住家用,鋼筋混凝土造,,153.49,3,2,2,有,無,25000000,188400,坡道平面,31.94,2100000,,RPWNMLPJKHKGFCB08CB,南悅樂田,I棟I-05號,
南屯區,房地(土地+建物)+車位,臺中市南屯區益豐路二段和龍富五街交叉路口,25.79,住,,,1140122,土地3建物1車位1,十層,15,住宅大樓(11層含以上有電梯),住家用,鋼筋混凝土造,,125.69,2,2,2,有,無,21100000,202667,坡道平面,31.94,2100000,,RPQOMLPJKHKGFCB57CB,南悅樂田,C棟C-10號,
后里區,房地(土地+建物)+車位,臺中市后里區甲后路三段,22.21,,鄉村區,乙種建築用地,1140125,土地1建物1車位1,五層,9,華廈(10層含以下有電梯),住家用,鋼筋混凝土造,,114.19,2,2,2,有,無,10150000,99387,坡道平面,27.66,1550000,,RPQNMLPJKHKGFDB57CB,展裕丰格,D6-05號,
北屯區,房地(土地+建物)+車位,臺中市北屯區敦富路、南興北一路口,13.22,住,,,1140122,土地2建物1車位1,十層,15,住宅大樓(11層含以上有電梯),住家用,鋼筋混凝土造,,115.52,2,2,2,有,無,16670000,163609,坡道平面,28.3,2400000,,RPQNMLQJKHKGFBB47CB,遠雄敦富,B棟C07F10號,
北屯區,房地(土地+建物)+車位,臺中市北屯區敦富路、南興北一路口,15.13,住,,,1140125,土地2建物1車位1,八層,15,住宅大樓(11層含以上有電梯),住家用,鋼筋混凝土造,,126.99,3,2,2,有,無,18280000,161921,坡道平面,28.3,2300000,,RPRNMLQJKHKGFBB57CB,遠雄敦富,A棟B08F08號,
北屯區,房地(土地+建物)+車位,臺中市北屯區敦富路、南興北一路口,16.95,住,,,1140125,土地2建物1車位1,七層,15,住宅大樓(11層含以上有電梯),住家用,鋼筋混凝土造,,140.13,3,2,2,有,無,19870000,160690,坡道平面,28.3,1900000,,RPSNMLQJKHKGFBB67CB,遠雄敦富,B棟C06F07號,
太平區,房地(土地+建物)+車位,臺中市太平區中興東路,27.92,住,,,1140121,土地1建物1車位2,十七層,18,住宅大樓(11層含以上有電梯),住家用,鋼筋混凝土造,,203.54,3,2,2,有,無,24500000,147016,坡道平面,66.82,4400000,,RPPNMLQJKHKGFJB18CB,坤悅涵仰,B棟0號,
太平區,房地(土地+建物)+車位,臺中市太平區中興東路,27.92,住,,,1140121,土地1建物1車位2,十八層,18,住宅大樓(11層含以上有電梯),住家用,鋼筋混凝土造,,203.54,3,2,2,有,無,24100000,147016,坡道平面,66.82,4000000,,RPQNMLQJKHKGFJB28CB,坤悅涵仰,B棟0號,
南屯區,房地(土地+建物)+車位,臺中市南屯區永平路,43.78,住,,,1140121,土地1建物1車位1,四層,14,住宅大樓(11層含以上有電梯),住家用,鋼筋混凝土造,,187.48,3,2,2,有,無,32350000,188661,坡道平面,28.2,2300000,,RPPNMLQJKHKGFCB57DB,中陽旭月,4FC號,
南屯區,房地(土地+建物)+車位,臺中市南屯區永平路,43.78,住,,,1140121,土地1建物1車位2,十層,14,住宅大樓(11層含以上有電梯),住家用,鋼筋混凝土造,,215.68,3,2,2,有,無,37130000,202976,坡道平面,56.4,4800000,,RPQNMLQJKHKGFCB67DB,中陽旭月,10FC號,
北屯區,房地(土地+建物)+車位,臺中市北屯區山西路三段,42.75,住,,,1140124,土地1建物1車位2,八層,14,住宅大樓(11層含以上有電梯),住家用,鋼筋混凝土造,,214.24,3,2,3,有,無,33990000,185919,坡道平面,56.16,4600000,,RPPNMLRJKHKGFBB47CB,元城上階綠,8F-E號,
北屯區,房地(土地+建物)+車位,臺中市北屯區南興園路,44.62,住,,,1140121,土地5建物1車位2,四層,31,住宅大樓(11層含以上有電梯),住家用,鋼骨鋼筋混凝土造,,238.06,3,2,2,有,無,39650000,201149,坡道平面,72.76,6400000,,RPQNMLRJKHKGFBB57CB,雙橡園2045,S棟0號,
大甲區,房地(土地+建物),臺中市大甲區中山路二段950巷,102.0,住,,,1140121,土地1建物1車位0,全,4,透天厝,住家用,鋼筋混凝土造,,247.49,6,2,6,有,無,19000000,76771,,0.0,0,,RPQNMLRJKHKGFEB87CB,瑞鑫君悅,A棟13號,
沙鹿區,房地(土地+建物)+車位,臺中市沙鹿區福成路,31.5,住,,,1140126,土地1建物1車位1,一層,7,華廈(10層含以下有電梯),住家用,鋼筋混凝土造,,119.18,2,2,1,有,無,12930000,131848,坡道平面,37.04,2100000,,RPTNMLRJKHKGFFB28CB,富宇漾,D棟3號,
沙鹿區,房地(土地+建物)+車位,臺中市沙鹿區福成路,41.22,住,,,1140126,土地1建物1車位1,六層,7,華廈(10層含以下有電梯),住家用,鋼筋混凝土造,,144.52,3,2,2,有,無,15700000,126535,坡道平面,37.04,2100000,,RPUNMLRJKHKGFFB38CB,富宇漾,D棟1號,
沙鹿區,房地(土地+建物)+車位,臺中市沙鹿區福成路,41.22,住,,,1140126,土地1建物1車位1,七層,7,華廈(10層含以下有電梯),住家用,鋼筋混凝土造,,144.52,3,2,2,有,無,15700000,126535,坡道平面,37.04,2100000,,RPVNMLRJKHKGFFB48CB,富宇漾,D棟1號,
沙鹿區,房地(土地+建物)+車位,臺中市沙鹿區福成路,33.01,住,,,1140126,土地1建物1車位1,一層,7,華廈(10層含以下有電梯),住家用,鋼筋混凝土造,,123.07,2,2,1,有,無,12930000,125886,坡道平面,37.04,2100000,,RPWNMLRJKHKGFFB58CB,富宇漾,C棟1號,
西屯區,房地(土地+建物)+車位,臺中市西屯區惠民段7、9、9-1、9-2號地號等4筆,5.14,其他,,,1140121,土地4建物1車位1,三十三層,35,辦公商業大樓,商業用,見其他登記事項,,102.35,0,0,1,有,無,24510000,252022,坡道平面,15.81,2700000,,RPQNMLSJKHKGFCB77CB,市政壹號廣場,A06-33號,
西屯區,房地(土地+建物)+車位,臺中市西屯區惠民段7、9、9-1、9-2號地號等4筆,5.14,其他,,,1140122,土地4建物1車位1,十六層,35,辦公商業大樓,商業用,見其他登記事項,,102.35,0,0,1,有,無,23690000,247169,坡道平面,15.81,2300000,,RPRNMLSJKHKGFCB87CB,市政壹號廣場,A06-16號,
西屯區,房地(土地+建物),臺中市西屯區惠民段7、9、9-1、9-2號地號等4筆,4.91,其他,,,1140122,土地4建物1車位0,三層,35,辦公商業大樓,商業用,見其他登記事項,,83.08,0,0,1,有,無,19080000,229658,,0.0,0,,RPSNMLSJKHKGFCB97CB,市政壹號廣場,A18-03號,
西屯區,房地(土地+建物)+車位,臺中市西屯區惠民段7、9、9-1、9-2號地號等4筆,8.92,其他,,,1140124,土地4建物1車位2,三十一層,35,辦公商業大樓,商業用,見其他登記事項,,183.0,0,0,2,有,無,44530000,259810,坡道平面,31.62,5200000,,RPTNMLSJKHKGFCB08CB,市政壹號廣場,B02-31號,
豐原區,房地(土地+建物)+車位,臺中市豐原區明仁街東仁街口,16.64,商,,,1140123,土地2建物1車位1,十八層,24,住宅大樓(11層含以上有電梯),住家用,鋼筋混凝土造,,153.17,3,2,2,有,無,21700000,151610,坡道平面,25.87,2400000,,RPPNMLSJKHKGFDB77CB,慶山明仁,B2棟18號,
北屯區,房地(土地+建物)+車位,臺中市北屯區松竹路VS.東光路,25.52,住,,,1140122,土地2建物1車位1,十七層,21,住宅大樓(11層含以上有電梯),住家用,鋼筋混凝土造,,125.32,2,2,2,有,無,20520000,203062,坡道平面,35.84,2350000,,RPPNMLKKKHKGFBB86CB,鉅虹R&G,C棟17號,
北屯區,房地(土地+建物)+車位,臺中市北屯區北屯路428號旁,12.64,住,,,1140124,土地2建物1車位1,八層,12,住宅大樓(11層含以上有電梯),住家用,鋼筋混凝土造,,102.88,2,2,1,有,無,13990000,178582,升降平面,34.9,1850000,,RPRNMLKKKHKGFBB07CB,鴻邑松崨境,K棟,
北屯區,房地(土地+建物)+車位,臺中市北屯區軍和街,16.33,商,,,1140127,土地3建物1車位1,三層,12,住宅大樓(11層含以上有電梯),住家用,鋼筋混凝土造,,118.0,2,2,2,有,無,15460000,152513,坡道機械,24.5,1200000,,RPRNMLLKKHKGFBB17CB,睿馥君和,3F-D號,
北屯區,房地(土地+建物)+車位,臺中市北屯區松竹路VS.東光路,36.87,住,,,1140126,土地2建物1車位2,九層,21,住宅大樓(11層含以上有電梯),住家用,鋼筋混凝土造,,201.08,3,2,2,有,無,28900000,184699,坡道平面,71.68,5000000,,RPSNMLLKKHKGFBB27CB,鉅虹R&G,E棟09號,
太平區,房地(土地+建物)+車位,臺中市太平區育賢段201地號,17.19,住,,,1140121,土地1建物1車位1,八層,13,住宅大樓(11層含以上有電梯),住家用,鋼筋混凝土造,,115.4,2,2,2,有,無,11880000,120268,坡道平面,31.67,1810000,親友、員工、共有人或其他特殊關係間之交易；,RPPNMLLKKHKGFJB77CB,御閑之森,F棟8F-3號,
北區,房地(土地+建物)+車位,臺中市北區永興街317號對面,23.98,住,,,1140124,土地1建物1車位1,四層,7,華廈(10層含以下有電梯),住家用,鋼筋混凝土造,,121.29,2,1,1,有,無,16500000,166920,坡道平面,35.62,2200000,,RPPNMLMKKHKGFBB07CB,太睿興,C棟C-4號,
烏日區,房地(土地+建物)+車位,臺中市烏日區慶光路100號,18.9,,特定農業區,甲種建築用地,1140125,土地1建物1車位1,六層,10,華廈(10層含以下有電梯),見其他登記事項,鋼筋混凝土造,,96.27,1,2,1,有,無,7500000,84850,一樓平面,23.2,1300000,,RPQNMLMKKHKGFIB87CB,旺聖豪景,B棟B2號,
大肚區,房地(土地+建物)+車位,臺中市大肚區瑞井路65巷,27.23,,鄉村區,乙種建築用地,1140124,土地1建物1車位1,二層,12,住宅大樓(11層含以上有電梯),住家用,鋼筋混凝土造,,130.66,3,2,2,有,無,13300000,111969,坡道平面,28.4,1850000,,RPQNMLMKKHKGFKB08CB,茂洋旭美,D棟2號,
北屯區,房地(土地+建物)+車位,臺中市北屯區南興路與敦富八街口,17.36,商,,,1140124,土地3建物1車位1,十一層,27,住宅大樓(11層含以上有電梯),住家用,鋼筋混凝土造,,170.11,3,2,2,有,無,28550000,183361,坡道平面,26.95,2300000,,RPSNMLNKKHKGFBB47CB,漢宇雲衍,A5棟11號,
豐原區,房地(土地+建物)+車位,臺中市豐原區永康路213巷,27.75,住,,,1140124,土地1建物1車位1,七層,14,住宅大樓(11層含以上有電梯),住家用,鋼筋混凝土造,,149.65,3,2,2,有,無,15600000,117627,坡道平面,32.33,1800000,親友、員工、共有人或其他特殊關係間之交易；,RPQNMLNKKHKGFDB47CB,坤聯富豐原匯,P棟07號,
龍井區,房地(土地+建物)+車位,臺中市龍井區龍新路216巷和沙田路五段30巷巷口,24.49,住,,,1140123,土地1建物1車位1,二層,13,住宅大樓(11層含以上有電梯),住家用,鋼筋混凝土造,,125.62,2,2,2,有,無,8770000,84562,坡道平面,36.1,1200000,,RPUNMLNKKHKGFKB58CB,德光大智,E-2F號,
北屯區,房地(土地+建物)+車位,臺中市北屯區文昌東十二街,16.58,商,,,1140124,土地1建物1車位1,九層,15,住宅大樓(11層含以上有電梯),住家用,鋼筋混凝土造,,145.74,2,2,1,有,無,19500000,180673,坡道平面,48.88,2000000,交易總價含下列非屬預售屋價格之費用:裝潢費；,RPPNMLOKKHKGFBB27CB,大鑫琢寓,C棟9號,
南屯區,房地(土地+建物)+車位,臺中市南屯區文心南五路及永春東三路口,16.66,住,,,1140123,土地1建物1車位1,十層,11,住宅大樓(11層含以上有電梯),住家用,鋼筋混凝土造,,116.27,2,2,2,有,無,20430000,214277,坡道平面,33.06,2600000,,RPPNMLOKKHKGFCB37CB,聚富粼粼,10F-F號,
龍井區,房地(土地+建物)+車位,臺中市龍井區工業路,20.27,住,,,1140122,土地3建物1車位1,十層,10,華廈(10層含以下有電梯),住商用,鋼筋混凝土造,,112.45,2,1,2,有,無,9480000,92780,坡道平面,26.44,1500000,,RPQNMLOKKHKGFKB28CB,宏泉IN中央,10F-C號,
龍井區,房地(土地+建物)+車位,臺中市龍井區龍新路216巷和沙田路五段30巷巷口,24.49,住,,,1140125,土地1建物1車位1,五層,13,住宅大樓(11層含以上有電梯),住家用,鋼筋混凝土造,,125.62,2,2,2,有,無,8810000,85009,坡道平面,36.1,1200000,,RPUNMLOKKHKGFKB68CB,德光大智,E-5F號,
大里區,房地(土地+建物)+車位,臺中市大里區健民段756地號等9筆土地,27.69,,鄉村區,乙種建築用地,1140123,土地1建物1車位1,七層,15,住宅大樓(11層含以上有電梯),住家用,鋼筋混凝土造,,137.96,3,2,2,有,無,12050000,90700,坡道平面,24.95,1800000,,RPRNMLQKKHKGFIB38CB,昌祐幸福大里,B棟7號,
大里區,房地(土地+建物)+車位,臺中市大里區健民段756地號等9筆土地,29.97,,鄉村區,乙種建築用地,1140125,土地1建物1車位1,十四層,15,住宅大樓(11層含以上有電梯),住家用,鋼筋混凝土造,,146.95,3,2,2,有,無,12900000,92623,坡道平面,24.95,1600000,,RPSNMLQKKHKGFIB48CB,昌祐幸福大里,H棟14號,
大甲區,房地(土地+建物)+車位,臺中市大甲區義和二街,30.84,住,,,1140125,土地2建物1車位1,二層,11,住宅大樓(11層含以上有電梯),住家用,鋼筋混凝土造,,145.32,3,2,2,有,無,10650000,84738,坡道平面,33.8,1200000,,RPPNMLRKKHKGFEB97DB,天后,1棟D號,
西屯區,房地(土地+建物)+車位,臺中市西屯區惠政街,30.61,其他,,,1140124,土地2建物1車位2,十層,32,住宅大樓(11層含以上有電梯),住家用,見其他登記事項,,345.73,3,2,3,有,無,87450000,264709,坡道平面,40.3,6600000,,RPPNMLSKKHKGFCB77CB,惟上,E棟0號,
石岡區,房地(土地+建物),臺中市石岡區石城街37號旁,133.66,住,,,1140125,土地3建物1車位0,全,3,透天厝,住家用,鋼筋混凝土造,,151.16,4,2,4,有,無,16460000,108891,,0.0,0,,RPPNMLSKKHKGFGB18CB,磐月四季城,B棟08號,
烏日區,房地(土地+建物)+車位,臺中市烏日區溪南路二段,29.83,,鄉村區,乙種建築用地,1140127,土地1建物1車位2,二層,12,住宅大樓(11層含以上有電梯),住家用,鋼筋混凝土造,,172.94,3,2,2,有,無,17370000,121233,坡道平面,58.12,3450000,,RPPNMLSKKHKGFIB38CB,坤聯富?上境,L棟L-2號,
