﻿鄉鎮市區,交易標的,土地位置建物門牌,土地移轉總面積平方公尺,都市土地使用分區,非都市土地使用分區,非都市土地使用編定,交易年月日,交易筆棟數,移轉層次,總樓層數,建物型態,主要用途,主要建材,建築完成年月,建物移轉總面積平方公尺,建物現況格局-房,建物現況格局-廳,建物現況格局-衛,建物現況格局-隔間,有無管理組織,總價元,單價元平方公尺,車位類別,車位移轉總面積平方公尺,車位總價元,備註,編號,建案名稱,棟及號,解約情形
The villages and towns urban district,transaction sign,land sector position building sector house number plate,land shifting total area square meter,the use zoning or compiles and checks,the non-metropolis land use district,non-metropolis land use,transaction year month and day,transaction pen number,shifting level,total floor number,building state,main use,main building materials,construction to complete the years,building shifting total area,Building present situation pattern - room,building present situation pattern - hall,building present situation pattern - health,building present situation pattern - compartmented,Whether there is manages the organization,total price NTD,the unit price (NTD / square meter),the berth category,berth shifting total area square meter,the berth total price NTD,the note,serial number,build case,buildings,termination type
安樂區,房地(土地+建物)+車位,基隆市安樂區武崙街,24.42,住,,,1140111,土地17建物1車位1,七層,14,住宅大樓(11層含以上有電梯),住家用,鋼筋混凝土造,,124.72,3,2,2,有,無,14110000,121917,坡道平面,23.75,1800000,,RPPNMLRKJHKGFDC77CB,白天鵝安幔,A棟A12-07F號,
安樂區,房地(土地+建物)+車位,基隆市安樂區武崙街,24.42,住,,,1140111,土地17建物1車位1,十四層,14,住宅大樓(11層含以上有電梯),住家用,鋼筋混凝土造,,124.58,3,2,2,有,無,14510000,125062,坡道平面,23.75,1900000,,RPOOMLRKJHKGFDC77CB,白天鵝安幔,A棟A1-14F號,
安樂區,房地(土地+建物)+車位,基隆市安樂區武崙街,27.02,住,,,1140118,土地17建物1車位1,四層,14,住宅大樓(11層含以上有電梯),住家用,鋼筋混凝土造,,135.53,3,2,2,有,無,15550000,122115,坡道平面,23.75,1900000,,RPPNMLKLJHKGFDC17CB,白天鵝安幔,B棟B12-04F號,
安樂區,房地(土地+建物)+車位,基隆市安樂區武崙街,24.42,住,,,1140117,土地17建物1車位1,七層,14,住宅大樓(11層含以上有電梯),住家用,鋼筋混凝土造,,124.58,3,2,2,有,無,14100000,121988,坡道平面,23.75,1800000,,RPQNMLKLJHKGFDC27CB,白天鵝安幔,B棟B1-07F號,
安樂區,房地(土地+建物)+車位,基隆市安樂區武崙街,38.17,住,,,1140115,土地17建物1車位2,六層,14,住宅大樓(11層含以上有電梯),住家用,鋼筋混凝土造,,205.07,3,2,2,有,無,22970000,122929,坡道平面,47.5,3600000,,RPRNMLKLJHKGFDC37CB,白天鵝安幔,A棟A5-06F號,
安樂區,房地(土地+建物)+車位,基隆市安樂區武崙街,21.08,住,,,1140118,土地17建物1車位1,七層,14,住宅大樓(11層含以上有電梯),住家用,鋼筋混凝土造,,110.97,2,2,2,有,無,12460000,123366,坡道平面,23.75,1700000,,RPSNMLKLJHKGFDC47CB,白天鵝安幔,A棟A6-07F號,
安樂區,房地(土地+建物)+車位,基隆市安樂區武崙街,24.42,住,,,1140118,土地17建物1車位1,十一層,14,住宅大樓(11層含以上有電梯),住家用,鋼筋混凝土造,,124.58,3,2,2,有,無,14280000,123773,坡道平面,23.75,1800000,,RPTNMLKLJHKGFDC57CB,白天鵝安幔,B棟B14-11F號,
安樂區,房地(土地+建物)+車位,基隆市安樂區武崙街,29.71,住,,,1140118,土地17建物1車位1,二層,14,住宅大樓(11層含以上有電梯),住家用,鋼筋混凝土造,,146.69,3,2,2,有,無,16980000,122661,坡道平面,23.75,1900000,本戶為露台戶，坪數為3.67坪,RPUNMLKLJHKGFDC67CB,白天鵝安幔,B棟B3-02F號,
安樂區,房地(土地+建物)+車位,基隆市安樂區武崙街,17.99,住,,,1140118,土地17建物1車位1,十三層,14,住宅大樓(11層含以上有電梯),住家用,鋼筋混凝土造,,97.89,2,2,1,有,無,10800000,124764,坡道平面,23.75,1550000,,RPVNMLKLJHKGFDC77CB,白天鵝安幔,B棟B11-13F號,
安樂區,房地(土地+建物)+車位,基隆市安樂區武崙街,24.82,住,,,1140112,土地17建物1車位1,六層,14,住宅大樓(11層含以上有電梯),住家用,鋼筋混凝土造,,126.6,3,2,2,有,無,14200000,120564,坡道平面,23.75,1800000,,RPWNMLKLJHKGFDC87CB,白天鵝安幔,B棟B13-06F號,
安樂區,房地(土地+建物)+車位,基隆市安樂區武崙街,24.42,住,,,1140112,土地17建物1車位1,十二層,14,住宅大樓(11層含以上有電梯),住家用,鋼筋混凝土造,,124.58,3,2,2,有,無,14420000,124169,坡道平面,23.75,1900000,,RPXNMLKLJHKGFDC97CB,白天鵝安幔,A棟A1-12F號,
安樂區,房地(土地+建物)+車位,基隆市安樂區武崙街,24.42,住,,,1140112,土地17建物1車位1,十二層,14,住宅大樓(11層含以上有電梯),住家用,鋼筋混凝土造,,124.72,3,2,2,有,無,14350000,124294,坡道平面,23.75,1800000,,RPOOMLKLJHKGFDC17CB,白天鵝安幔,A棟A2-12F號,
安樂區,房地(土地+建物)+車位,基隆市安樂區武崙街,38.17,住,,,1140112,土地17建物1車位1,八層,14,住宅大樓(11層含以上有電梯),住家用,鋼筋混凝土造,,181.32,3,2,2,有,無,21410000,123818,坡道平面,23.75,1900000,,RPPOMLKLJHKGFDC27CB,白天鵝安幔,A棟A3-08F號,
安樂區,房地(土地+建物)+車位,基隆市安樂區武崙街,27.02,住,,,1140112,土地17建物1車位1,七層,14,住宅大樓(11層含以上有電梯),住家用,鋼筋混凝土造,,135.53,3,2,2,有,無,15600000,123457,坡道平面,23.75,1800000,,RPQOMLKLJHKGFDC37CB,白天鵝安幔,B棟B12-07F號,
安樂區,房地(土地+建物)+車位,基隆市安樂區武崙街,24.42,住,,,1140115,土地17建物1車位1,十層,14,住宅大樓(11層含以上有電梯),住家用,鋼筋混凝土造,,124.58,3,2,2,有,無,14280000,123277,坡道平面,23.75,1850000,,RPPNMLOJKHKGFDC47CB,白天鵝安幔,A棟A1-10F號,
安樂區,房地(土地+建物)+車位,基隆市安樂區武崙街,21.08,住,,,1140117,土地17建物1車位1,四層,14,住宅大樓(11層含以上有電梯),住家用,鋼筋混凝土造,,110.97,2,2,2,有,無,12360000,120500,坡道平面,23.75,1850000,,RPRNMLOJKHKGFDC67CB,白天鵝安幔,A棟A9-04F號,
安樂區,房地(土地+建物)+車位,基隆市安樂區武崙街,21.08,住,,,1140116,土地17建物1車位1,九層,14,住宅大樓(11層含以上有電梯),住家用,鋼筋混凝土造,,110.97,2,2,2,有,無,12690000,124283,坡道平面,23.75,1850000,,RPSNMLOJKHKGFDC77CB,白天鵝安幔,A棟A9-09F號,
安樂區,房地(土地+建物)+車位,基隆市安樂區武崙街,24.42,住,,,1140119,土地17建物1車位1,十層,14,住宅大樓(11層含以上有電梯),住家用,鋼筋混凝土造,,124.58,3,2,2,有,無,14430000,123277,坡道平面,23.75,2000000,,RPTNMLOJKHKGFDC87CB,白天鵝安幔,A棟A13-10F號,
安樂區,房地(土地+建物)+車位,基隆市安樂區武崙街,17.99,住,,,1140120,土地17建物1車位1,三層,14,住宅大樓(11層含以上有電梯),住家用,鋼筋混凝土造,,97.89,2,2,1,有,無,10660000,120178,坡道平面,23.75,1750000,,RPUNMLOJKHKGFDC97CB,白天鵝安幔,B棟B11-03F號,
安樂區,房地(土地+建物)+車位,基隆市安樂區武崙街,38.17,住,,,1140120,土地17建物1車位2,二層,14,住宅大樓(11層含以上有電梯),住家用,鋼筋混凝土造,,205.07,3,2,2,有,無,22880000,122993,坡道平面,47.5,3500000,本戶為露台戶，坪數為  2.93 坪,RPPNMLPJKHKGFDC57CB,白天鵝安幔,A棟A5-02F號,
暖暖區,房地(土地+建物),基隆市暖暖區國安路,6.97,住,,,1140118,土地2建物1車位0,十三層,22,住宅大樓(11層含以上有電梯),住家用,鋼筋混凝土造,,77.42,2,1,1,有,無,12530000,161844,,0.0,0,交易總價含下列非屬預售屋價格之費用:裝潢費；,RPRNMLOKKHKGFDC77CB,美麗上城,D棟11號,
