﻿編號,屋齡,建物移轉面積平方公尺,主要用途,主要建材,建築完成日期,總層數,建物分層,移轉情形
The serial number,room age,building shifting area square meter,the main use,main building materials,construction completes the date,total layer,building lamination,
RPRNMLMKKHKGFDC67EA,44,30.18,住家用,鋼筋混凝土造,70年7月7日,五層,地下一層,持分移轉
RPTNMLRJKHKGFDC18DA,46,61.41,住家用,鋼筋混凝土造,67年8月17日,五層,二層,全筆移轉
RPSNMLRJKHKGFDC08DA,35,89.92,住家用,鋼筋混凝土造,78年10月11日,五層,五層 陽台,全筆移轉
RPSNMLRJKHKGFDC08DA,35,4.52,共用部份,鋼筋混凝土造,78年10月11日,五層,,持分移轉
RPSNMLRJKHKGFDC08DA,35,1.25,共用部份,鋼筋混凝土造,78年10月11日,五層,,持分移轉
RPTNMLMKKHKGFDC77DA,30,2.14,共用部份,鋼筋混凝土造,83年10月15日,五層,,持分移轉
RPTNMLMKKHKGFDC77DA,29,25.67,住家用,鋼筋混凝土造,84年8月11日,五層,二層 陽台,全筆移轉
RPTNMLMKKHKGFDC77DA,29,5.31,共用部份,鋼筋混凝土造,84年8月11日,五層,,持分移轉
RPUNMLLKKHKGFDC77DA,30,96.49,住家用,鋼筋混凝土造,84年3月2日,八層,六層 陽台 花台,全筆移轉
RPUNMLLKKHKGFDC77DA,30,23.23,共用部份,鋼筋混凝土造,84年3月2日,八層,,持分移轉
RPSNMLSJKHKGFDC18DA,1,22.19,集合住宅,鋼筋混凝土造,113年1月16日,十三層,十二層 陽台 雨遮,持分移轉
RPRNMLKKKHKGFDC37DA,47,7.57,住家用,鋼筋混凝土加強磚造,66年8月5日,四層,三層,持分移轉
RPSNMLSJKHKGFDC18DA,1,35.60,本建物共有部分之項目有防災中心．安全梯．緊急升降機．梯廳．排風管道．門廊．排煙室．儲藏室．管委會管理空間．機電設備空間．無障礙樓梯．管道間．樓梯間．電梯間．消防水箱．自來水箱．台電配電場所．停車空間．防空避難室兼停車空間．垃圾儲藏室．門廳．台電管道間．自來水池．陽台．雨遮．中繼消防水箱等共２６項。,鋼筋混凝土造,113年1月16日,二十二層,,持分移轉
RPVNMLMKKHKGFDC97DA,44,96.08,住家用,鋼筋混凝土造,69年8月20日,五層,三層,全筆移轉
RPOOMLQJKHKGFDC67DA,54,68.00,住家用,加強磚造,60年5月7日,三層,三層 陽台,全筆移轉
RPRNMLRKKHKGFDC08DA,23,.02,商業用,鋼筋混凝土造,91年7月12日,十四層,一層,持分移轉
RPRNMLRKKHKGFDC08DA,23,20.31,共用部份,鋼筋混凝土造,91年7月12日,十四層,,持分移轉
RPRNMLRKKHKGFDC08DA,23,.00,共用部份,鋼筋混凝土造,91年7月12日,十四層,,持分移轉
RPSNMLLKKHKGFDC67EA,52,46.24,住家用,鋼筋混凝土加強磚造,62年2月26日,二層,一層,全筆移轉
RPPNMLMKKHKGFDC37DA,29,105.69,住家用,鋼筋混凝土造,85年7月5日,十六層,三層 陽台,全筆移轉
RPPNMLMKKHKGFDC37DA,29,16.16,共用部份,鋼筋混凝土造,85年7月5日,十六層,,持分移轉
RPPNMLMKKHKGFDC37DA,29,16.87,共用部份,鋼筋混凝土造,85年7月5日,十六層,,持分移轉
RPROMLKKKHKGFDC47DA,1,.07,管理室,鋼筋混凝土造,113年4月16日,十四層,一層,持分移轉
RPROMLKKKHKGFDC47DA,1,.03,共用部份,鋼筋混凝土造,113年4月16日,十四層,,持分移轉
RPROMLKKKHKGFDC47DA,1,45.31,共用部份,鋼筋混凝土造,113年4月16日,十四層,,持分移轉
RPPNMLNKKHKGFDC47DA,50,76.96,住家用,鋼筋混凝土造,64年3月5日,四層,二層 陽台,全筆移轉
RPQOMLOKKHKGFDC77DA,29,108.12,住商用,鋼筋混凝土造,84年8月1日,十二層,一層 二層 陽台 平台 騎樓,全筆移轉
RPQOMLOKKHKGFDC77DA,29,19.61,共用部份,鋼筋混凝土造,84年8月1日,十二層,,持分移轉
RPQOMLOKKHKGFDC77DA,29,4.82,共用部份,鋼筋混凝土造,84年8月1日,十二層,,持分移轉
RPPNMLPKKHKGFDC67DA,30,82.21,住家用,鋼筋混凝土造,83年10月15日,五層,五層 陽台,全筆移轉
RPPNMLPKKHKGFDC67DA,30,2.36,共用部份,鋼筋混凝土造,83年10月15日,五層,,持分移轉
RPPNMLPKKHKGFDC67DA,30,7.86,共用部份,鋼筋混凝土造,83年10月15日,五層,,持分移轉
RPTNMLQJKHKGFDC08DA,28,126.38,住家用,鋼筋混凝土造,85年11月19日,五層,一層 平台,全筆移轉
RPTNMLQJKHKGFDC08DA,28,41.65,共用部份,鋼筋混凝土造,85年11月19日,五層,,持分移轉
RPSNMLLKKHKGFDC57DA,30,127.14,住家用,鋼筋混凝土造,83年12月22日,五層,五層 陽台,全筆移轉
RPSNMLLKKHKGFDC57DA,30,3.07,共用部份,鋼筋混凝土造,83年12月22日,五層,,持分移轉
RPSNMLLKKHKGFDC57DA,30,36.51,共用部份,鋼筋混凝土造,83年12月22日,七層,,持分移轉
RPSNMLKKKHKGFDC47DA,30,85.80,住家用,鋼筋混凝土造,83年10月15日,五層,二層 陽台,全筆移轉
RPSNMLKKKHKGFDC47DA,30,2.36,共用部份,鋼筋混凝土造,83年10月15日,五層,,持分移轉
RPSNMLKKKHKGFDC47DA,30,7.86,共用部份,鋼筋混凝土造,83年10月15日,五層,,持分移轉
RPPNMLSJKHKGFDC97EA,29,31.78,住家用,鋼筋混凝土造,85年4月26日,十六層,七層 陽台,全筆移轉
RPPNMLSJKHKGFDC97EA,29,6.02,共用部份,鋼筋混凝土造,85年4月26日,十六層,,持分移轉
RPPNMLSJKHKGFDC97EA,29,3.75,共用部份,鋼筋混凝土造,85年4月26日,十六層,,持分移轉
RPOOMLNKKHKGFDC47DA,50,23.50,住商用,鋼筋混凝土加強磚造,63年9月11日,四層,一層 騎樓,全筆移轉
RPOOMLNKKHKGFDC47DA,50,21.43,住商用,鋼筋混凝土加強磚造,63年9月11日,四層,一層,全筆移轉
RPVOMLNKKHKGFDC18DA,49,97.37,住家用,加強磚造,64年11月3日,三層,一層 二層 三層,全筆移轉
RPWNMLQKJHKGFDC38DA,,138.16,住家用,加強磚造,,二層,一層 二層,全筆移轉
RPQNMLMKKHKGFDC57EA,23,140.70,辦公室,鋼筋混凝土造,91年7月12日,十四層,三層 陽台,全筆移轉
RPQNMLMKKHKGFDC57EA,23,36.42,共用部份,鋼筋混凝土造,91年7月12日,十四層,,持分移轉
RPSNMLSJJHKGFDC08DA,44,78.52,住家用,鋼筋混凝土造,69年9月24日,四層,一層,全筆移轉
RPPNMLQJKHKGFDC67DA,30,86.91,住家用,鋼筋混凝土造,84年1月24日,五層,一層 平台,全筆移轉
RPPNMLQJKHKGFDC67DA,30,12.92,共用部份,鋼筋混凝土造,84年1月24日,五層,,持分移轉
RPPNMLQJKHKGFDC67DA,30,2.91,壹層：辦公室．超級市場；貳層至肆層：辦公室,鋼筋混凝土造,84年1月17日,四層,一層 二層 三層 四層 陽台 水箱 電梯樓梯間 停車場 機械房 露台 地下二層,持分移轉
RPQNMLKKKHKGFDC37EA,29,44.54,住家用,鋼筋混凝土造,84年8月25日,五層,二層 陽台,持分移轉
RPQNMLKKKHKGFDC37EA,29,1.00,共用部份,鋼筋混凝土造,84年8月25日,五層,,持分移轉
RPTNMLKLJHKGFDC57DA,30,91.44,住家用,鋼筋混凝土造,84年1月17日,五層,四層 陽台,全筆移轉
RPTNMLKLJHKGFDC57DA,30,12.78,共用部份,鋼筋混凝土造,84年1月17日,五層,,持分移轉
RPTNMLKLJHKGFDC57DA,30,2.91,壹層：辦公室．超級市場；貳層至肆層：辦公室,鋼筋混凝土造,84年1月17日,四層,一層 二層 三層 四層 陽台 水箱 電梯樓梯間 停車場 機械房 露台 地下二層,持分移轉
RPOPMLMKKHKGFDC47DA,22,138.80,住家用,鋼筋混凝土造,91年10月17日,六層,一層 陽台,全筆移轉
RPOPMLMKKHKGFDC47DA,22,69.22,共用部份,鋼筋混凝土造,91年10月17日,六層,,持分移轉
RPSOMLKKKHKGFDC57DA,26,57.92,住家用,鋼筋混凝土造,88年1月14日,十六層,五層 陽台,全筆移轉
RPSOMLKKKHKGFDC57DA,26,8.42,共用部份,鋼筋混凝土造,88年1月14日,十六層,,持分移轉
RPSOMLKKKHKGFDC57DA,26,2.33,共用部份,鋼筋混凝土造,88年1月14日,十六層,,持分移轉
RPSOMLKKKHKGFDC57DA,26,1.41,共用部份,鋼筋混凝土造,88年1月14日,十六層,,持分移轉
RPSOMLKKKHKGFDC57DA,26,.69,共用部份,鋼筋混凝土造,88年1月14日,十六層,,持分移轉
RPPOMLRKJHKGFDC87DA,32,119.18,住家用,鋼筋混凝土造,81年12月16日,十二層,七層 陽台,全筆移轉
RPPOMLRKJHKGFDC87DA,32,33.12,防空避難室兼停車場,鋼筋混凝土造,81年12月16日,十八層,地下二層,持分移轉
RPPOMLRKJHKGFDC87DA,32,23.86,共用部份,鋼筋混凝土造,81年12月16日,十二層,,持分移轉
RPPOMLRKJHKGFDC87DA,32,3.20,共用部份,鋼筋混凝土造,81年12月16日,十八層,,持分移轉
RPPOMLRKJHKGFDC87DA,32,.00,共用部份,鋼筋混凝土造,81年12月16日,十八層,,持分移轉
RPUNMLNLJHKGFDC97DA,28,1.99,共用部份,鋼筋混凝土造,86年5月8日,十一層,,持分移轉
RPUNMLNLJHKGFDC97DA,28,91.68,住家用,鋼筋混凝土造,86年5月8日,二十二層,二十一層 二十二層 陽台 花台 雨遮,全筆移轉
RPUNMLNLJHKGFDC97DA,28,18.52,共用部份,鋼筋混凝土造,86年5月8日,二十二層,,持分移轉
RPUNMLNLJHKGFDC97DA,28,1.02,共用部份,鋼筋混凝土造,86年5月8日,十一層,,持分移轉
RPUNMLNLJHKGFDC97DA,28,20.77,共用部份,鋼筋混凝土造,86年5月8日,十一層,,持分移轉
RPVNMLRKKHKGFDC48DA,28,83.22,住家用,鋼筋混凝土造,86年7月18日,十五層,十四層 陽台 花台,全筆移轉
RPVNMLRKKHKGFDC48DA,28,2.30,共用部份,鋼筋混凝土造,86年7月18日,四層,,持分移轉
RPVNMLRKKHKGFDC48DA,28,45.07,共用部份,鋼筋混凝土造,86年7月18日,十五層,,持分移轉
RPVNMLRKKHKGFDC48DA,28,16.01,共用部份,鋼筋混凝土造,86年7月18日,十五層,,持分移轉
RPQNMLRJKHKGFDC87DA,9,.01,辦公室,鋼筋混凝土造,105年1月24日,,地下二層,持分移轉
RPQNMLRJKHKGFDC87DA,9,50.51,集合住宅,鋼筋混凝土造,105年1月24日,二十五層,十一層 陽台 雨遮,全筆移轉
RPQNMLRJKHKGFDC87DA,9,.00,本共有部分之項目為受水池、安全梯、受水池機房、社區水箱、迴廊等共５項。,鋼筋混凝土造,105年1月24日,二十三層,,持分移轉
RPQNMLRJKHKGFDC87DA,9,.49,本共有部分之項目為受水池、安全梯、受水池機房、社區水箱、迴廊等共５項。,鋼筋混凝土造,105年1月24日,二十三層,,持分移轉
RPQNMLRJKHKGFDC87DA,9,.00,本共有部分之項目為排煙室、特別安全梯、緊急昇降機、機房、樓梯間、消防水箱、水箱、電梯機房、消防中繼機房、陽台、中繼室、中繼自來水箱、雨遮、中繼消防水箱、消防泵浦室、機電空間、安全梯  、發電機室、電信室、台電配電場所、大廳、行動不便者電梯、電梯  、１Ｆ門廳、２Ｆ門廳、３Ｆ門廳、台電管道間、消防幫浦室、泵浦  、走道、停車空間、配電箱、資源回收區、４Ｆ門廳、廚餘冷藏室、  不可回收垃圾區、緊急升降機、梯廳、電信機房、５Ｆ門廳、防空避難室兼停車空間、台電專用管道、雨水回收區、雨水收集槽、雨水回收及噴灌機房、６Ｆ門廳、游泳池及中庭景觀池機房、消防幫浦機房  、電信機房室、垃圾處理空間、７Ｆ門廳、機車位、社區中心、防災中心、水景機房等共５５項。,鋼筋混凝土造,105年1月24日,二十五層,,持分移轉
RPQNMLRJKHKGFDC87DA,9,20.63,本共有部分之項目為排煙室、特別安全梯、緊急昇降機、機房、樓梯間、消防水箱、水箱、電梯機房、消防中繼機房、陽台、中繼室、中繼自來水箱、雨遮、中繼消防水箱、消防泵浦室、機電空間、安全梯  、發電機室、電信室、台電配電場所、大廳、行動不便者電梯、電梯  、１Ｆ門廳、２Ｆ門廳、３Ｆ門廳、台電管道間、消防幫浦室、泵浦  、走道、停車空間、配電箱、資源回收區、４Ｆ門廳、廚餘冷藏室、  不可回收垃圾區、緊急升降機、梯廳、電信機房、５Ｆ門廳、防空避難室兼停車空間、台電專用管道、雨水回收區、雨水收集槽、雨水回收及噴灌機房、６Ｆ門廳、游泳池及中庭景觀池機房、消防幫浦機房  、電信機房室、垃圾處理空間、７Ｆ門廳、機車位、社區中心、防災中心、水景機房等共５５項。,鋼筋混凝土造,105年1月24日,二十五層,,持分移轉
RPWOMLSJKHKGFDC68DA,43,87.53,住家用,鋼筋混凝土造,70年11月6日,四層,三層,全筆移轉
RPSOMLSJKHKGFDC28DA,15,96.33,辦公室,鋼筋混凝土造,98年6月29日,四層,三層 陽台 雨遮,全筆移轉
RPROMLSJKHKGFDC18DA,15,171.69,一層：店舖，二層：辦公室,鋼筋混凝土造,98年6月29日,四層,一層 二層 陽台 雨遮,全筆移轉
RPSOMLSJKHKGFDC28DA,15,12.54,共用部份,鋼筋混凝土造,98年6月29日,四層,,持分移轉
RPROMLSJKHKGFDC18DA,15,22.35,共用部份,鋼筋混凝土造,98年6月29日,四層,,持分移轉
RPROMLSJKHKGFDC18DA,15,64.17,共用部份,鋼筋混凝土造,98年6月29日,四層,,持分移轉
RPQNMLOJKHKGFDC57DA,26,51.66,住家用,鋼筋混凝土造,88年1月14日,十二層,九層 陽台,全筆移轉
RPQNMLOJKHKGFDC57DA,26,10.46,共用部份,鋼筋混凝土造,88年1月14日,十二層,,持分移轉
RPQNMLOJKHKGFDC57DA,26,38.20,共用部份,鋼筋混凝土造,88年1月14日,十三層,,持分移轉
RPROMLNKJHKGFDC67DA,45,77.00,住家用,鋼筋混凝土造,68年9月11日,四層,二層,全筆移轉
RPWNMLSJKHKGFDC58DA,35,102.82,住家用,鋼筋混凝土造,79年5月31日,五層,五層 陽台,全筆移轉
RPWNMLSJKHKGFDC58DA,35,1.35,共用部份,鋼筋混凝土造,79年5月31日,五層,,持分移轉
RPWNMLSJKHKGFDC58DA,35,5.00,共用部份,鋼筋混凝土造,79年5月31日,五層,,持分移轉
RPVOMLSJKHKGFDC58DA,15,83.32,住家用,鋼筋混凝土造,98年6月29日,四層,四層 陽台 雨遮,全筆移轉
RPVOMLSJKHKGFDC58DA,15,10.85,共用部份,鋼筋混凝土造,98年6月29日,四層,,持分移轉
RPUOMLPJKHKGFDC18DA,57,56.20,商業用,加強磚造,57年4月25日,三層,一層 二層 三層 騎樓,持分移轉
RPROMLLKKHKGFDC57DA,37,81.31,住家用,鋼筋混凝土造,77年3月12日,五層,三層,全筆移轉
RPSNMLMKKHKGFDC67DA,33,65.45,住家用,鋼筋混凝土造,80年9月20日,七層,七層 陽台,全筆移轉
RPSNMLMKKHKGFDC67DA,33,10.80,共用部份,鋼筋混凝土造,80年9月20日,七層,,持分移轉
RPSNMLMKKHKGFDC67DA,33,6.93,共用部份,鋼筋混凝土造,80年9月20日,七層,,持分移轉
RPQNMLSJKHKGFDC08EA,48,4.88,商業用,鋼筋混凝土造,65年11月22日,五層,一層,持分移轉
RPQOMLLKKHKGFDC47DA,47,121.99,住家用,鋼筋混凝土加強磚造,67年1月18日,四層,二層,全筆移轉
RPPOMLLKKHKGFDC37DA,41,85.02,住家用,鋼筋混凝土造,73年4月7日,四層,二層 陽台,全筆移轉
RPPOMLLKKHKGFDC37DA,41,7.97,共用部份,鋼筋混凝土造,73年4月7日,四層,,持分移轉
RPWNMLLKKHKGFDC97DA,9,.01,辦公室,鋼筋混凝土造,105年1月24日,,地下二層,持分移轉
RPWNMLLKKHKGFDC97DA,9,49.55,集合住宅,鋼筋混凝土造,105年1月24日,二十二層,十七層 陽台 雨遮,全筆移轉
RPWNMLLKKHKGFDC97DA,9,.00,本共有部分之項目為受水池、安全梯、受水池機房、社區水箱、迴廊等共５項。,鋼筋混凝土造,105年1月24日,二十三層,,持分移轉
RPWNMLLKKHKGFDC97DA,9,.48,本共有部分之項目為受水池、安全梯、受水池機房、社區水箱、迴廊等共５項。,鋼筋混凝土造,105年1月24日,二十三層,,持分移轉
RPWNMLLKKHKGFDC97DA,9,.00,本共有部分之項目為排煙室、特別安全梯、緊急昇降機、機房、樓梯間、消防水箱、水箱、電梯機房、消防中繼機房、陽台、中繼室、中繼自來水箱、雨遮、中繼消防水箱、消防泵浦室、機電空間、安全梯  、發電機室、電信室、台電配電場所、大廳、行動不便者電梯、電梯  、１Ｆ門廳、２Ｆ門廳、３Ｆ門廳、台電管道間、消防幫浦室、泵浦  、走道、停車空間、配電箱、資源回收區、４Ｆ門廳、廚餘冷藏室、  不可回收垃圾區、緊急升降機、梯廳、電信機房、５Ｆ門廳、防空避難室兼停車空間、台電專用管道、雨水回收區、雨水收集槽、雨水回收及噴灌機房、６Ｆ門廳、游泳池及中庭景觀池機房、消防幫浦機房  、電信機房室、垃圾處理空間、７Ｆ門廳、機車位、社區中心、防災中心、水景機房等共５５項。,鋼筋混凝土造,105年1月24日,二十五層,,持分移轉
RPWNMLLKKHKGFDC97DA,9,36.12,本共有部分之項目為排煙室、特別安全梯、緊急昇降機、機房、樓梯間、消防水箱、水箱、電梯機房、消防中繼機房、陽台、中繼室、中繼自來水箱、雨遮、中繼消防水箱、消防泵浦室、機電空間、安全梯  、發電機室、電信室、台電配電場所、大廳、行動不便者電梯、電梯  、１Ｆ門廳、２Ｆ門廳、３Ｆ門廳、台電管道間、消防幫浦室、泵浦  、走道、停車空間、配電箱、資源回收區、４Ｆ門廳、廚餘冷藏室、  不可回收垃圾區、緊急升降機、梯廳、電信機房、５Ｆ門廳、防空避難室兼停車空間、台電專用管道、雨水回收區、雨水收集槽、雨水回收及噴灌機房、６Ｆ門廳、游泳池及中庭景觀池機房、消防幫浦機房  、電信機房室、垃圾處理空間、７Ｆ門廳、機車位、社區中心、防災中心、水景機房等共５５項。,鋼筋混凝土造,105年1月24日,二十五層,,持分移轉
RPPNMLMKKHKGFDC47EA,26,91.37,住家用,鋼筋混凝土造,88年1月14日,十六層,三層 陽台,全筆移轉
RPPNMLMKKHKGFDC47EA,26,12.41,共用部份,鋼筋混凝土造,88年1月14日,十六層,,持分移轉
RPPNMLMKKHKGFDC47EA,26,1.11,共用部份,鋼筋混凝土造,88年1月14日,十六層,,持分移轉
RPPNMLMKKHKGFDC47EA,26,3.30,共用部份,鋼筋混凝土造,88年1月14日,十六層,,持分移轉
RPPNMLMKKHKGFDC47EA,26,2.24,共用部份,鋼筋混凝土造,88年1月14日,十六層,,持分移轉
RPPNMLMKKHKGFDC47EA,26,1.09,共用部份,鋼筋混凝土造,88年1月14日,十六層,,持分移轉
RPWNMLPJKHKGFDC28DA,45,82.29,住家用,鋼筋混凝土造,69年3月8日,五層,三層 陽台,全筆移轉
RPRNMLMLJHKGFDC57DA,16,.00,一般事務所,鋼筋混凝土造,98年2月9日,六層,地下一層,持分移轉
RPRNMLMLJHKGFDC57DA,16,.06,共用部份,鋼筋混凝土造,98年2月9日,六層,,持分移轉
RPRNMLMLJHKGFDC57DA,3,68.63,集合住宅,鋼筋混凝土造,110年10月14日,九層,三層 陽台 雨遮,全筆移轉
RPRNMLMLJHKGFDC57DA,3,36.06,本建物共有部分之項目有行動不便者電梯、管委會使用空間、樓電梯間、梯廳、中控警衛室、大廳、樓梯間、機械室、水箱、防空避難室兼停車空間、停車空間、走廊、配電室、警衛室、消防泵浦室、汽車坡道、機車停車空間、發電機室、電信室、防空避難室、車道、垃圾儲藏室、機房等共２３項。,鋼筋混凝土造,110年10月14日,九層,,持分移轉
RPUNMLQKJHKGFDC18DA,39,89.76,住家用,鋼筋混凝土造,74年9月5日,四層,三層 陽台,全筆移轉
RPQOMLNKKHKGFDC67DA,27,89.68,住家用,鋼筋混凝土造,86年10月17日,五層,一層 陽台,全筆移轉
RPQOMLNKKHKGFDC67DA,27,8.65,共用部份,鋼筋混凝土造,86年10月17日,五層,,持分移轉
RPQOMLNKKHKGFDC67DA,27,7.39,共用部份,鋼筋混凝土造,86年10月17日,五層,,持分移轉
RPPNMLOKKHKGFDC57DA,12,101.11,集合住宅,鋼筋混凝土造,101年6月26日,十三層,十三層 陽台 雨遮,全筆移轉
RPPNMLOKKHKGFDC57DA,12,39.50,本共有部分之項目有樓電梯間．消防水池．消防泵浦室．日用水箱．管道間．污水機房．電信機房．發電機室．台電配電室．管委會使用空間．門廳．大廳．儲藏室．騎樓．樓梯間．機械室．水箱等共１７項。,鋼筋混凝土造,101年6月26日,十三層,,持分移轉
RPPSMLMKKHKGFDC87DA,,41.64,集合住宅,鋼筋混凝土造,113年7月16日,十一層,一層 陽台,全筆移轉
RPPSMLMKKHKGFDC87DA,,22.01,本建物共有部分之項目有：管委會使用空間，辦公室，台電配電場所，受電箱室，電錶室，行動不便者電梯，安全梯，梯廳，汙水處理機房，資源回收空間，消防泵浦室，水箱，受水室，管理員室，樓梯間，電梯間，機械室，機車停車空間，停車空間，緊急發電機室，機電設備空間，電信機房，防空避難室兼停車空間等共２３項。,鋼筋混凝土造,113年7月16日,十一層,,持分移轉
RPPNMLRKKHKGFDC87DA,43,85.26,住家用,鋼筋混凝土造,70年12月31日,五層,三層 陽台,全筆移轉
RPSOMLNKJHKGFDC77DA,44,94.95,商業用,鋼筋混凝土造,69年7月15日,五層,一層 騎樓,全筆移轉
RPOPMLOKJHKGFDC57DA,30,71.09,住家用,鋼筋混凝土造,84年5月12日,五層,四層 陽台,全筆移轉
RPOPMLOKJHKGFDC57DA,30,9.53,共用部份,鋼筋混凝土造,84年5月12日,五層,,持分移轉
RPQNMLRKKHKGFDC97DA,36,99.19,住家用,鋼筋混凝土造,78年4月28日,五層,五層 陽台,全筆移轉
RPQNMLRKKHKGFDC97DA,36,11.90,共用部份,鋼筋混凝土造,78年4月28日,五層,,持分移轉
RPPOMLOKKHKGFDC67DA,28,2.02,共用部份,鋼筋混凝土造,86年5月8日,十一層,,持分移轉
RPPOMLOKKHKGFDC67DA,28,92.23,住家用,鋼筋混凝土造,86年5月8日,二十二層,十一層 十二層 陽台 雨遮,全筆移轉
RPPOMLOKKHKGFDC67DA,28,18.63,共用部份,鋼筋混凝土造,86年5月8日,二十二層,,持分移轉
RPPOMLOKKHKGFDC67DA,28,1.03,共用部份,鋼筋混凝土造,86年5月8日,十一層,,持分移轉
RPTOMLPJKHKGFDC08DA,29,12.16,儲藏室,鋼筋混凝土造,84年6月22日,十二層,地下三層 地下四層,持分移轉
RPTOMLPJKHKGFDC08DA,29,81.73,住家用,鋼筋混凝土造,84年6月22日,十二層,六層 陽台 花台,全筆移轉
RPTOMLPJKHKGFDC08DA,29,11.98,共用部份,鋼筋混凝土造,84年6月22日,十二層,,持分移轉
RPPNMLNJKHKGFDC37DA,49,51.75,住家用,鋼筋混凝土加強磚造,64年9月5日,四層,三層,全筆移轉
RPPNMLKKKHKGFDC17DA,17,.13,商業用,鋼筋混凝土造,96年7月26日,八層,一層,持分移轉
RPPNMLKKKHKGFDC17DA,17,112.02,住家用,鋼筋混凝土造,96年7月26日,八層,七層 陽台 雨遮,全筆移轉
RPPNMLKKKHKGFDC17DA,17,30.29,共用部份,鋼筋混凝土造,96年7月26日,九層,,持分移轉
RPPNMLKKKHKGFDC17DA,17,26.24,共用部份,鋼筋混凝土造,96年7月26日,九層,,持分移轉
RPPNMLKKKHKGFDC17DA,17,.03,共用部份,鋼筋混凝土造,96年7月26日,九層,,持分移轉
RPPNMLKKKHKGFDC17DA,17,17.18,共用部份,鋼筋混凝土造,96年7月26日,九層,,持分移轉
RPPNMLKKKHKGFDC27EA,28,.92,共用部份,鋼筋混凝土造,86年5月8日,十一層,,持分移轉
RPPNMLKKKHKGFDC27EA,28,41.70,住家用,鋼筋混凝土造,86年5月8日,十一層,八層 陽台 雨遮,全筆移轉
RPPNMLKKKHKGFDC27EA,28,9.16,共用部份,鋼筋混凝土造,86年5月8日,十一層,,持分移轉
RPPNMLKKKHKGFDC27EA,28,.47,共用部份,鋼筋混凝土造,86年5月8日,十一層,,持分移轉
RPTNMLKKKHKGFDC57DA,15,79.67,住家用,鋼筋混凝土造,98年6月24日,十四層,四層 陽台,全筆移轉
RPTNMLKKKHKGFDC57DA,15,14.00,共用部份,鋼筋混凝土造,98年6月24日,十四層,,持分移轉
RPTNMLKKKHKGFDC57DA,15,16.52,共用部份,鋼筋混凝土造,98年6月24日,十四層,,持分移轉
RPTOMLOKKHKGFDC08DA,18,100.77,住家用,鋼筋混凝土造,95年7月5日,七層,三層 陽台,全筆移轉
RPTOMLOKKHKGFDC08DA,18,19.96,共用部份,鋼筋混凝土造,95年7月5日,七層,,持分移轉
RPOOMLOLKIJGFDC67DA,26,115.69,住家用,鋼筋混凝土造,88年1月14日,十三層,四層 陽台 花台,全筆移轉
RPOOMLOLKIJGFDC67DA,26,25.61,共用部份,鋼筋混凝土造,88年1月14日,十三層,,持分移轉
RPOOMLOLKIJGFDC67DA,26,19.90,共用部份,鋼筋混凝土造,88年1月14日,十三層,,持分移轉
RPPNMLLKKHKGFDC27DA,9,.04,辦公室,鋼筋混凝土造,105年1月24日,,地下二層,持分移轉
RPPNMLLKKHKGFDC27DA,9,223.74,集合住宅,鋼筋混凝土造,105年1月24日,二十五層,十五層 陽台 雨遮,全筆移轉
RPPNMLLKKHKGFDC27DA,9,.00,本共有部分之項目為受水池、安全梯、受水池機房、社區水箱、迴廊等共５項。,鋼筋混凝土造,105年1月24日,二十三層,,持分移轉
RPPNMLLKKHKGFDC27DA,9,2.15,本共有部分之項目為受水池、安全梯、受水池機房、社區水箱、迴廊等共５項。,鋼筋混凝土造,105年1月24日,二十三層,,持分移轉
RPPNMLLKKHKGFDC27DA,9,.02,本共有部分之項目為排煙室、特別安全梯、緊急昇降機、機房、樓梯間、消防水箱、水箱、電梯機房、消防中繼機房、陽台、中繼室、中繼自來水箱、雨遮、中繼消防水箱、消防泵浦室、機電空間、安全梯  、發電機室、電信室、台電配電場所、大廳、行動不便者電梯、電梯  、１Ｆ門廳、２Ｆ門廳、３Ｆ門廳、台電管道間、消防幫浦室、泵浦  、走道、停車空間、配電箱、資源回收區、４Ｆ門廳、廚餘冷藏室、  不可回收垃圾區、緊急升降機、梯廳、電信機房、５Ｆ門廳、防空避難室兼停車空間、台電專用管道、雨水回收區、雨水收集槽、雨水回收及噴灌機房、６Ｆ門廳、游泳池及中庭景觀池機房、消防幫浦機房  、電信機房室、垃圾處理空間、７Ｆ門廳、機車位、社區中心、防災中心、水景機房等共５５項。,鋼筋混凝土造,105年1月24日,二十五層,,持分移轉
RPPNMLLKKHKGFDC27DA,9,139.03,本共有部分之項目為排煙室、特別安全梯、緊急昇降機、機房、樓梯間、消防水箱、水箱、電梯機房、消防中繼機房、陽台、中繼室、中繼自來水箱、雨遮、中繼消防水箱、消防泵浦室、機電空間、安全梯  、發電機室、電信室、台電配電場所、大廳、行動不便者電梯、電梯  、１Ｆ門廳、２Ｆ門廳、３Ｆ門廳、台電管道間、消防幫浦室、泵浦  、走道、停車空間、配電箱、資源回收區、４Ｆ門廳、廚餘冷藏室、  不可回收垃圾區、緊急升降機、梯廳、電信機房、５Ｆ門廳、防空避難室兼停車空間、台電專用管道、雨水回收區、雨水收集槽、雨水回收及噴灌機房、６Ｆ門廳、游泳池及中庭景觀池機房、消防幫浦機房  、電信機房室、垃圾處理空間、７Ｆ門廳、機車位、社區中心、防災中心、水景機房等共５５項。,鋼筋混凝土造,105年1月24日,二十五層,,持分移轉
RPPOMLSJKHKGFDC97DA,41,88.63,住家用,鋼筋混凝土造,72年10月6日,五層,四層 陽台,全筆移轉
RPTOMLRKKHKGFDC38DA,7,70.95,集合住宅,鋼筋混凝土造,106年10月18日,十五層,十層 陽台,全筆移轉
RPTOMLRKKHKGFDC38DA,7,44.78,本共有部分之項目有公設空間、門廳、防空避難室兼停車空間、停車空間、社區中心、機械室、游泳池及管委會辦公室等共八項,鋼筋混凝土造,106年10月18日,十五層,,持分移轉
RPTOMLRKKHKGFDC38DA,7,17.46,本共有部分之項目有電梯間、樓梯間、蓄水池及水箱等共四項,鋼筋混凝土造,106年10月18日,十五層,,持分移轉
RPTOMLRKKHKGFDC38DA,7,.50,本共有部分之項目有台電配電室共一項,鋼筋混凝土造,106年10月18日,十五層,,持分移轉
RPUNMLSJKHKGFDC38DA,28,16.50,共用部份,鋼筋混凝土造,85年6月15日,十一層,,持分移轉
RPUNMLLLJHKGFDC77DA,30,79.06,住家用,鋼筋混凝土造,84年5月17日,六層,二層 陽台 花台,全筆移轉
RPUNMLLLJHKGFDC77DA,30,13.96,共用部份,鋼筋混凝土造,84年5月17日,六層,,持分移轉
RPUNMLLLJHKGFDC77DA,30,9.99,共用部份,鋼筋混凝土造,84年5月17日,六層,,持分移轉
RPVNMLSJKHKGFDC48DA,27,1.44,共用部份,鋼筋混凝土造,86年5月8日,十一層,,持分移轉
RPVNMLSJKHKGFDC48DA,27,66.02,住家用,鋼筋混凝土造,86年5月8日,二十二層,七層 八層 陽台 雨遮,全筆移轉
RPVNMLSJKHKGFDC48DA,27,13.33,共用部份,鋼筋混凝土造,86年5月8日,二十二層,,持分移轉
RPVNMLSJKHKGFDC48DA,27,.74,共用部份,鋼筋混凝土造,86年5月8日,十一層,,持分移轉
RPXNMLRKKHKGFDC68DA,1,55.63,集合住宅,鋼筋混凝土造,113年1月16日,二十二層,十九層 陽台 雨遮,全筆移轉
RPXNMLRKKHKGFDC68DA,1,59.33,本建物共有部分之項目有防災中心．安全梯．緊急升降機．梯廳．排風管道．門廊．排煙室．儲藏室．管委會管理空間．機電設備空間．無障礙樓梯．管道間．樓梯間．電梯間．消防水箱．自來水箱．台電配電場所．停車空間．防空避難室兼停車空間．垃圾儲藏室．門廳．台電管道間．自來水池．陽台．雨遮．中繼消防水箱等共２６項。,鋼筋混凝土造,113年1月16日,二十二層,,持分移轉
RPROMLRKKHKGFDC18DA,44,91.84,商業用,鋼筋混凝土造,70年2月28日,四層,一層 騎樓,全筆移轉
RPPNMLSJKHKGFDC87DA,7,70.70,集合住宅,鋼筋混凝土造,106年10月18日,十五層,三層 陽台,全筆移轉
RPPNMLSJKHKGFDC87DA,7,13.57,本共有部分之項目有公設空間、門廳、防空避難室兼停車空間、停車空間、社區中心、機械室、游泳池及管委會辦公室等共八項,鋼筋混凝土造,106年10月18日,十五層,,持分移轉
RPPNMLSJKHKGFDC87DA,7,18.69,本共有部分之項目有電梯間、樓梯間、蓄水池及水箱等共四項,鋼筋混凝土造,106年10月18日,十五層,,持分移轉
RPPNMLSJKHKGFDC87DA,7,.48,本共有部分之項目有台電配電室共一項,鋼筋混凝土造,106年10月18日,十五層,,持分移轉
RPWNMLPJKIJGFDC28DA,29,3.29,住家用,鋼筋混凝土造,84年11月8日,一層,一層 地下一層,持分移轉
RPWNMLPJKIJGFDC28DA,29,159.89,住家用,鋼筋混凝土造,84年11月8日,二層,一層 二層 陽台 平台 屋頂突出物 露台 雨遮 地下一層 地下二層,全筆移轉
RPWNMLPJKIJGFDC28DA,29,19.57,共用部份,鋼筋混凝土造,84年11月8日,三層,,持分移轉
RPRNMLSJKHKGFDC08DA,26,89.97,住家用,鋼筋混凝土造,87年7月13日,五層,四層 陽台,全筆移轉
RPRNMLSJKHKGFDC08DA,26,11.26,共用部份,鋼筋混凝土造,87年7月13日,五層,,持分移轉
RPRNMLSJKHKGFDC08DA,26,38.79,共用部份,鋼筋混凝土造,87年7月13日,五層,,持分移轉
RPSNMLSKKHKGFDC28DA,9,.02,辦公室,鋼筋混凝土造,105年1月24日,,地下二層,持分移轉
RPSNMLSKKHKGFDC28DA,9,98.61,集合住宅,鋼筋混凝土造,105年1月24日,十八層,十二層 陽台 雨遮,全筆移轉
RPSNMLSKKHKGFDC28DA,9,.00,本共有部分之項目為受水池、安全梯、受水池機房、社區水箱、迴廊等共５項。,鋼筋混凝土造,105年1月24日,二十三層,,持分移轉
RPSNMLSKKHKGFDC28DA,9,.95,本共有部分之項目為受水池、安全梯、受水池機房、社區水箱、迴廊等共５項。,鋼筋混凝土造,105年1月24日,二十三層,,持分移轉
RPSNMLSKKHKGFDC28DA,9,.01,本共有部分之項目為排煙室、特別安全梯、緊急昇降機、機房、樓梯間、消防水箱、水箱、電梯機房、消防中繼機房、陽台、中繼室、中繼自來水箱、雨遮、中繼消防水箱、消防泵浦室、機電空間、安全梯  、發電機室、電信室、台電配電場所、大廳、行動不便者電梯、電梯  、１Ｆ門廳、２Ｆ門廳、３Ｆ門廳、台電管道間、消防幫浦室、泵浦  、走道、停車空間、配電箱、資源回收區、４Ｆ門廳、廚餘冷藏室、  不可回收垃圾區、緊急升降機、梯廳、電信機房、５Ｆ門廳、防空避難室兼停車空間、台電專用管道、雨水回收區、雨水收集槽、雨水回收及噴灌機房、６Ｆ門廳、游泳池及中庭景觀池機房、消防幫浦機房  、電信機房室、垃圾處理空間、７Ｆ門廳、機車位、社區中心、防災中心、水景機房等共５５項。,鋼筋混凝土造,105年1月24日,二十五層,,持分移轉
RPSNMLSKKHKGFDC28DA,9,53.76,本共有部分之項目為排煙室、特別安全梯、緊急昇降機、機房、樓梯間、消防水箱、水箱、電梯機房、消防中繼機房、陽台、中繼室、中繼自來水箱、雨遮、中繼消防水箱、消防泵浦室、機電空間、安全梯  、發電機室、電信室、台電配電場所、大廳、行動不便者電梯、電梯  、１Ｆ門廳、２Ｆ門廳、３Ｆ門廳、台電管道間、消防幫浦室、泵浦  、走道、停車空間、配電箱、資源回收區、４Ｆ門廳、廚餘冷藏室、  不可回收垃圾區、緊急升降機、梯廳、電信機房、５Ｆ門廳、防空避難室兼停車空間、台電專用管道、雨水回收區、雨水收集槽、雨水回收及噴灌機房、６Ｆ門廳、游泳池及中庭景觀池機房、消防幫浦機房  、電信機房室、垃圾處理空間、７Ｆ門廳、機車位、社區中心、防災中心、水景機房等共５５項。,鋼筋混凝土造,105年1月24日,二十五層,,持分移轉
RPTOMLNKKHKGFDC97DA,27,112.53,住家用,鋼筋混凝土造,86年6月30日,十四層,十二層 陽台,全筆移轉
RPTOMLNKKHKGFDC97DA,27,19.13,共用部份,鋼筋混凝土造,86年6月30日,十四層,,持分移轉
RPTOMLNKKHKGFDC97DA,27,37.50,共用部份,鋼筋混凝土造,86年6月30日,十四層,,持分移轉
RPQNMLLKKHKGFDC37DA,17,48.58,住家用,鋼骨鋼筋混凝土造,97年2月4日,三十一層,十一層 陽台,全筆移轉
RPQNMLLKKHKGFDC37DA,17,10.27,共用部份,鋼骨鋼筋混凝土造,97年2月4日,三十一層,,持分移轉
RPQNMLLKKHKGFDC37DA,17,9.86,共用部份,鋼骨鋼筋混凝土造,97年2月4日,三十一層,,持分移轉
RPRNMLLKKHKGFDC47DA,24,64.56,商業用,鋼骨鋼筋混凝土造,90年2月21日,三十三層,十九層 陽台,全筆移轉
RPRNMLLKKHKGFDC47DA,24,16.83,共用部份,鋼骨鋼筋混凝土造,90年2月21日,三十三層,,持分移轉
RPRNMLLKKHKGFDC47DA,24,24.97,共用部份,鋼骨鋼筋混凝土造,90年2月21日,三十三層,,持分移轉
RPUNMLRKKHKGFDC38DA,30,100.49,住家用,鋼筋混凝土造,84年1月11日,七層,七層 陽台 花台,全筆移轉
RPUNMLRKKHKGFDC38DA,30,15.43,共用部份,鋼筋混凝土造,84年1月11日,七層,,持分移轉
RPPOMLRKKHKGFDC97DA,39,161.99,住家用,鋼筋混凝土造,74年7月30日,五層,二層 陽台,全筆移轉
RPUNMLQJKHKGFDC18DA,18,193.34,一至三層：住宅、突出物：樓梯間,鋼筋混凝土造,95年8月31日,三層,一層 二層 三層 陽台 屋頂突出物,全筆移轉
RPQNMLSKKHKGFDC08DA,43,76.62,住家用,鋼筋混凝土造,70年11月16日,五層,四層,全筆移轉
RPRNMLSKKHKGFDC18DA,44,106.14,住家用,鋼筋混凝土造,69年5月1日,八層,六層,全筆移轉
RPWNMLMKKHKGFDC08DA,,70.93,集合住宅,鋼筋混凝土造,113年11月21日,八層,三層 陽台,全筆移轉
RPWNMLMKKHKGFDC08DA,,84.48,共用部份,鋼筋混凝土造,113年11月21日,八層,,持分移轉
RPTOMLKKJHKGFDC57DA,,64.84,集合住宅,鋼筋混凝土造,113年9月5日,五層,三層 陽台,全筆移轉
RPTOMLKKJHKGFDC57DA,,43.36,本建物共有部分之項目為：車道．消防泵浦室．水箱．停車空間．發電機室．台電配電室．電信室等共７項。,鋼筋混凝土造,113年9月5日,五層,,持分移轉
RPTOMLKKJHKGFDC57DA,,15.54,本建物共有部分之項目為：無障礙昇降設備．梯廳．樓梯間．機械房．水箱等共5項。,鋼筋混凝土造,113年9月5日,五層,,持分移轉
RPUOMLMKKHKGFDC97DA,,62.66,集合住宅,鋼筋混凝土造,113年11月21日,八層,三層 陽台,全筆移轉
RPUOMLMKKHKGFDC97DA,,79.44,共用部份,鋼筋混凝土造,113年11月21日,八層,,持分移轉
RPUOMLKKJHKGFDC67DA,1,55.76,集合住宅,鋼筋混凝土造,113年1月16日,二十二層,六層 陽台 雨遮,全筆移轉
RPUOMLKKJHKGFDC67DA,1,59.33,本建物共有部分之項目有防災中心．安全梯．緊急升降機．梯廳．排風管道．門廊．排煙室．儲藏室．管委會管理空間．機電設備空間．無障礙樓梯．管道間．樓梯間．電梯間．消防水箱．自來水箱．台電配電場所．停車空間．防空避難室兼停車空間．垃圾儲藏室．門廳．台電管道間．自來水池．陽台．雨遮．中繼消防水箱等共２６項。,鋼筋混凝土造,113年1月16日,二十二層,,持分移轉
RPOOMLKLKIJGFDC27DA,30,76.29,住家用,鋼筋混凝土造,84年5月4日,十七層,十六層 陽台 雨遮,全筆移轉
RPOOMLKLKIJGFDC27DA,30,32.18,共用部份,鋼筋混凝土造,84年5月4日,十七層,,持分移轉
RPQRMLMKKHKGFDC87DA,,83.65,集合住宅,鋼筋混凝土造,113年11月21日,七層,一層 陽台,全筆移轉
RPQRMLMKKHKGFDC87DA,,92.61,共用部份,鋼筋混凝土造,113年11月21日,八層,,持分移轉
RPTNMLRJJHKGFDC08DA,38,68.96,住家用,鋼筋混凝土造,76年3月19日,五層,四層 陽台,全筆移轉
RPWNMLKLKIJGFDC97DA,7,65.96,集合住宅,鋼筋混凝土造,106年11月9日,十層,四層 陽台 雨遮,全筆移轉
RPWNMLKLKIJGFDC97DA,7,57.61,本共有部分之項目有防空避難室兼停車空間、台電配電室、梯廳、排煙室、昇降機、信箱區、公共陽台、泳池、泳池水箱、安全梯、水箱、機房、雨水機房、消防機房、供行動不便者使用樓梯、發電機室、垃圾儲藏室、電信機房、停車空間、供管委會使用空間、供行動不便者使用電梯、門廊、男廁、女廁、梯間、消防水箱及陽台等二十七項,鋼筋混凝土造,106年11月9日,十層,,持分移轉
RPUPMLMKKHKGFDC08DA,,73.77,集合住宅,鋼筋混凝土造,113年11月21日,七層,七層 陽台,全筆移轉
RPUPMLMKKHKGFDC08DA,,84.91,共用部份,鋼筋混凝土造,113年11月21日,八層,,持分移轉
RPWPMLMKKHKGFDC28DA,,85.84,集合住宅,鋼筋混凝土造,113年11月21日,七層,三層 陽台,全筆移轉
RPWPMLMKKHKGFDC28DA,,92.74,共用部份,鋼筋混凝土造,113年11月21日,八層,,持分移轉
RPVNNLQLKIJGFDC58DA,29,49.80,住家用,鋼筋混凝土造,85年1月18日,七層,三層 陽台,全筆移轉
RPVNNLQLKIJGFDC58DA,29,51.39,共用部份,鋼筋混凝土造,85年1月18日,七層,,持分移轉
RPRRMLMKKHKGFDC97DA,,73.68,集合住宅,鋼筋混凝土造,113年11月21日,七層,二層 陽台,全筆移轉
RPRRMLMKKHKGFDC97DA,,84.91,共用部份,鋼筋混凝土造,113年11月21日,八層,,持分移轉
RPQPMLMKKHKGFDC67DA,,54.88,集合住宅,鋼筋混凝土造,113年11月21日,八層,三層 陽台,全筆移轉
RPQPMLMKKHKGFDC67DA,,75.40,共用部份,鋼筋混凝土造,113年11月21日,八層,,持分移轉
RPWQMLMKKHKGFDC38DA,,50.08,集合住宅,鋼筋混凝土造,113年11月21日,八層,三層 陽台,全筆移轉
RPWQMLMKKHKGFDC38DA,,71.57,共用部份,鋼筋混凝土造,113年11月21日,八層,,持分移轉
RPPOMLMKKHKGFDC47DA,,72.52,集合住宅,鋼筋混凝土造,113年11月21日,八層,七層 陽台,全筆移轉
RPROMLMKKHKGFDC67DA,,59.50,集合住宅,鋼筋混凝土造,113年11月21日,八層,二層 陽台,全筆移轉
RPROMLMKKHKGFDC67DA,,78.15,共用部份,鋼筋混凝土造,113年11月21日,八層,,持分移轉
RPPOMLMKKHKGFDC47DA,,83.61,共用部份,鋼筋混凝土造,113年11月21日,八層,,持分移轉
RPQOMLMKKHKGFDC57DA,,72.52,集合住宅,鋼筋混凝土造,113年11月21日,八層,八層 陽台,全筆移轉
RPXNMLMKKHKGFDC18DA,,70.93,集合住宅,鋼筋混凝土造,113年11月21日,八層,五層 陽台,全筆移轉
RPQOMLMKKHKGFDC57DA,,83.61,共用部份,鋼筋混凝土造,113年11月21日,八層,,持分移轉
RPXNMLMKKHKGFDC18DA,,84.48,共用部份,鋼筋混凝土造,113年11月21日,八層,,持分移轉
RPSRMLMKKHKGFDC08DA,,73.77,集合住宅,鋼筋混凝土造,113年11月21日,七層,四層 陽台,全筆移轉
RPSRMLMKKHKGFDC08DA,,39.89,共用部份,鋼筋混凝土造,113年11月21日,八層,,持分移轉
RPXOMLMKKHKGFDC28DA,,64.73,集合住宅,鋼筋混凝土造,113年11月21日,八層,六層 陽台,全筆移轉
RPXOMLMKKHKGFDC28DA,,35.72,共用部份,鋼筋混凝土造,113年11月21日,八層,,持分移轉
RPOQMLMKKHKGFDC57DA,,62.66,集合住宅,鋼筋混凝土造,113年11月21日,八層,六層 陽台,全筆移轉
RPOQMLMKKHKGFDC57DA,,79.44,共用部份,鋼筋混凝土造,113年11月21日,八層,,持分移轉
RPPPMLMKKHKGFDC57DA,,47.65,集合住宅,鋼筋混凝土造,113年11月21日,八層,六層 陽台,全筆移轉
RPPPMLMKKHKGFDC57DA,,71.57,共用部份,鋼筋混凝土造,113年11月21日,八層,,持分移轉
RPOOMLMKKHKGFDC37DA,,70.93,集合住宅,鋼筋混凝土造,113年11月21日,八層,六層 陽台,全筆移轉
RPOOMLMKKHKGFDC37DA,,39.46,共用部份,鋼筋混凝土造,113年11月21日,八層,,持分移轉
RPSOMLMKKHKGFDC77DA,,59.96,集合住宅,鋼筋混凝土造,113年11月21日,八層,三層 陽台,全筆移轉
RPSOMLMKKHKGFDC77DA,,32.96,共用部份,鋼筋混凝土造,113年11月21日,八層,,持分移轉
RPTOMLMKKHKGFDC87DA,,59.96,集合住宅,鋼筋混凝土造,113年11月21日,八層,五層 陽台,全筆移轉
RPTOMLMKKHKGFDC87DA,,32.96,共用部份,鋼筋混凝土造,113年11月21日,八層,,持分移轉
RPVOMLMKKHKGFDC08DA,,62.66,集合住宅,鋼筋混凝土造,113年11月21日,八層,四層 陽台,全筆移轉
RPVOMLMKKHKGFDC08DA,,79.44,共用部份,鋼筋混凝土造,113年11月21日,八層,,持分移轉
RPPRMLMKKHKGFDC77DA,,50.08,集合住宅,鋼筋混凝土造,113年11月21日,八層,六層 陽台,全筆移轉
RPPRMLMKKHKGFDC77DA,,26.55,共用部份,鋼筋混凝土造,113年11月21日,八層,,持分移轉
RPSPMLMKKHKGFDC87DA,,50.08,集合住宅,鋼筋混凝土造,113年11月21日,八層,四層 陽台,全筆移轉
RPSPMLMKKHKGFDC87DA,,26.55,共用部份,鋼筋混凝土造,113年11月21日,八層,,持分移轉
RPURMLMKKHKGFDC28DA,,73.77,集合住宅,鋼筋混凝土造,113年11月21日,七層,六層 陽台,全筆移轉
RPURMLMKKHKGFDC28DA,,84.91,共用部份,鋼筋混凝土造,113年11月21日,八層,,持分移轉
RPWOMLMKKHKGFDC18DA,,62.66,集合住宅,鋼筋混凝土造,113年11月21日,八層,五層 陽台,全筆移轉
RPWOMLMKKHKGFDC18DA,,79.44,共用部份,鋼筋混凝土造,113年11月21日,八層,,持分移轉
RPVQMLMKKHKGFDC28DA,,39.93,集合住宅,鋼筋混凝土造,113年11月21日,八層,三層 陽台,全筆移轉
RPVQMLMKKHKGFDC28DA,,67.39,共用部份,鋼筋混凝土造,113年11月21日,八層,,持分移轉
RPXQMLMKKHKGFDC48DA,,50.08,集合住宅,鋼筋混凝土造,113年11月21日,八層,五層 陽台,全筆移轉
RPXQMLMKKHKGFDC48DA,,26.55,共用部份,鋼筋混凝土造,113年11月21日,八層,,持分移轉
RPRQMLMKKHKGFDC87DA,,35.38,集合住宅,鋼筋混凝土造,113年11月21日,八層,五層 陽台,全筆移轉
RPRQMLMKKHKGFDC87DA,,18.85,共用部份,鋼筋混凝土造,113年11月21日,八層,,持分移轉
RPPQMLMKKHKGFDC67DA,,64.73,集合住宅,鋼筋混凝土造,113年11月21日,八層,四層 陽台,全筆移轉
RPSQMLMKKHKGFDC97DA,,49.99,集合住宅,鋼筋混凝土造,113年11月21日,八層,五層 陽台,全筆移轉
RPPQMLMKKHKGFDC67DA,,80.73,共用部份,鋼筋混凝土造,113年11月21日,八層,,持分移轉
RPSQMLMKKHKGFDC97DA,,28.88,共用部份,鋼筋混凝土造,113年11月21日,八層,,持分移轉
RPTQMLMKKHKGFDC08DA,,54.99,集合住宅,鋼筋混凝土造,113年11月21日,八層,六層 陽台,全筆移轉
RPTQMLMKKHKGFDC08DA,,75.40,共用部份,鋼筋混凝土造,113年11月21日,八層,,持分移轉
RPXNMLTLJIJGFDC88DA,5,86.55,集合住宅,鋼筋混凝土造,109年5月13日,9,三層 陽台 雨遮,全筆移轉
RPXNMLTLJIJGFDC88DA,5,16.37,本共有部分之項目有電梯間、樓電梯間、梯廳、樓梯間、電梯機房及水箱等六項,鋼筋混凝土造,109年5月13日,九層,,持分移轉
RPXNMLTLJIJGFDC88DA,5,58.53,本共有部分之項目有樓梯間、幫浦室、水箱、管理員室、管委會使用空間、排風機、停車空間、景觀機房、資源回收室、安全梯、電梯間、配電室、車道、防空避難室兼停車空間、消防泵浦室、機車停車空間、緊急發電機室、陽台、電信室、走道及受電箱區等二十一項,鋼筋混凝土造,109年5月13日,九層,,持分移轉
RPVOMLSKKIJGFDC68DA,27,84.76,住家用,鋼筋混凝土造,87年1月23日,五層,一層 陽台,全筆移轉
RPVOMLSKKIJGFDC68DA,27,6.94,共用部份,鋼筋混凝土造,87年1月23日,五層,,持分移轉
RPVOMLSKKIJGFDC68DA,27,4.75,共用部份,鋼筋混凝土造,87年1月23日,五層,,持分移轉
