﻿編號,土地位置,土地移轉面積平方公尺,使用分區或編定,權利人持分分母,權利人持分分子,移轉情形,地號
The serial number, land position,land shifting area square meter,the use zoning or compiles and checks,,,,land parcel
RPPOMLLLKHKGFDC47DA,東信段一小段,1.00,,1,1,全筆移轉,00460157
RPPOMLTKKHKGFDC18DA,調和段,25.06,都市：其他:住宅區(住二),10000,33,持分移轉,11250000
RPPOMLQJKHKGFDC77DA,五堵段五堵北小段,42.86,都市：其他:住宅區,280,30,持分移轉,10660000
RPTOMLTKKHKGFDC58DA,港濱段,28.48,都市：其他:住宅區(住二),2000,128,持分移轉,16510000
RPTOMLKKKHKGFDC67DA,港灣段三小段,17.44,都市：其他:商業區,100000,927,持分移轉,00040000
RPQOMLOLKHKGFDC87DA,東信段三小段,58.25,都市：其他:住宅區,4,1,持分移轉,00350046
RPWNMLSKKHKGFDC68DA,忠義段六小段,54.20,都市：其他:住宅區,1,1,全筆移轉,00310034
RPWNMLSKKHKGFDC68DA,忠義段六小段,22.46,都市：其他:道路用地,1,1,全筆移轉,00310093
RPWNMLSKKHKGFDC68DA,忠義段六小段,.34,都市：其他:住宅區,1,1,全筆移轉,00310094
RPVNMLSKKHKGFDC58DA,仁德段,23.50,都市：其他:住宅區(住二),4,1,持分移轉,02210000
RPQNMLTKKHKGFDC18DA,深澳段,34.12,都市：其他:住宅區(住二),10000,178,持分移轉,00910000
RPPNMLTKKHKGFDC08DA,田寮段,17.97,都市：其他:商業區,10000,177,持分移轉,04900000
RPPNMLTKKHKGFDC08DA,田寮段,1.47,都市：其他:商業區,10000,177,持分移轉,04910002
RPRNMLTKKHKGFDC28DA,延平段,28.75,都市：其他:住宅區(住一),4,1,持分移轉,11120000
RPXOMLOKKHKGFDC48DA,西定段,35.00,都市：其他:住宅區,3,1,持分移轉,03770000
RPXOMLOKKHKGFDC48DA,西定段,2.00,都市：其他:道路用地,3,1,持分移轉,03770001
RPOOMLKLKHKGFDC27DA,日新段五小段,.17,都市：其他:商業區(商四),20000,2,持分移轉,00010000
RPPNMLLLKHKGFDC37DA,港濱段,32.50,都市：其他:住宅區(住一),4,1,持分移轉,13440000
RPPNMLLLKHKGFDC37DA,港濱段,3.25,都市：其他:道路用地,4,1,持分移轉,13440001
RPUOMLTJJHKGFDC48DA,日新段五小段,20.70,都市：其他:商業區(商四),30,3,持分移轉,00030000
RPUOMLTJJHKGFDC48DA,日新段五小段,3.70,都市：其他:商業區(商四),30,3,持分移轉,00030001
RPUOMLKKKHKGFDC77DA,港灣段三小段,15.14,都市：其他:商業區,100000,805,持分移轉,00040000
RPSNMLTKKHKGFDC38DA,深澳段,41.22,都市：其他:住宅區(住二),10000,848,持分移轉,06450000
RPSNMLTKKHKGFDC38DA,深澳段,4.21,都市：其他:住宅區(住二),10000,848,持分移轉,06450001
RPWNMLTKKHKGFDC78DA,深澳段,6.37,都市：其他:住宅區(住四),100000,27,持分移轉,10170000
RPUNMLTKKHKGFDC58DA,瑪陵坑段西勢仙洞湖小段,1251.00,非都市：山坡地保育區 ; 非都市編定：農牧用地,1,1,全筆移轉,01190002
RPXNMLTKKHKGFDC88DA,田寮段,9.16,都市：其他:商業區,2000,76,持分移轉,02950000
RPTNMLKLKHKGFDC67DA,調和段,24.30,都市：其他:住宅區(住二),10000,32,持分移轉,11250000
RPVNMLKLKHKGFDC87DA,深美段,17.70,都市：其他:住宅區(住二),10000,99,持分移轉,06780000
RPVNMLKLKHKGFDC87DA,深美段,.34,都市：其他:住宅區(住一),10000,99,持分移轉,06780001
RPRNMLLLKHKGFDC57DA,港濱段,49.52,都市：其他:住宅區(住一),10000,300,持分移轉,13110000
RPWNMLMLJHKGFDC08DA,長潭段,54.56,都市：其他:住宅區(住二),16,1,持分移轉,11270000
RPXNMLLKKHKGFDC08DA,光明段,40.00,都市：其他:住宅區,1,1,全筆移轉,07890000
RPXNMLLKKHKGFDC08DA,光明段,9.00,都市：其他:道路用地,1,1,全筆移轉,07890001
RPVNMLOJKHKGFDC08DA,德安段,33.85,都市：其他:住宅區(住二),4,1,持分移轉,07170000
RPXNMLOLKHKGFDC48DA,德安段,19.01,都市：其他:商業區(商二),100000,145,持分移轉,10220000
RPPOMLLLJHKGFDC37DA,觀音段,47.50,都市：其他:住宅區,2,1,持分移轉,03520000
RPPNMLSKKHKGFDC97DA,光明段,11.80,都市：其他:住宅區,10,1,持分移轉,01330049
RPPNMLSKKHKGFDC97DA,光明段,7.30,都市：其他:住宅區,10,1,持分移轉,01350000
RPTRMLMKKHKGFDC18DA,長安段,3.53,非都市：鄉村區 ; 非都市編定：乙種建築用地,1,1,全筆移轉,02740013
RPVNMLNKKHKGFDC08DA,港濱段,24.25,都市：其他:住宅區(住一),4,1,持分移轉,07490000
RPORMLMKKHKGFDC67DA,新會段,1.39,都市：其他:住宅區(住一),10000,76,持分移轉,02390000
RPORMLMKKHKGFDC67DA,新會段,1.06,都市：其他:住宅區(住一),10000,76,持分移轉,02400000
RPORMLMKKHKGFDC67DA,新會段,30.33,都市：其他:住宅區(住一),10000,76,持分移轉,02410000
RPUNMLOKKHKGFDC08DA,仁德段,17.30,都市：其他:住宅區(住二),10000,238,持分移轉,00550000
RPQNMLTKKHKGFDC28EA,溪頭段,.49,都市：其他:道路用地,48000,80,持分移轉,04680000
RPQNMLTKKHKGFDC28EA,溪頭段,.18,都市：其他:道路用地,4800,16,持分移轉,04690000
RPQNMLTKKHKGFDC28EA,溪頭段,.19,都市：其他:道路用地,48000,80,持分移轉,04710000
RPQNMLTKKHKGFDC28EA,溪頭段,.42,都市：其他:道路用地,14400,24,持分移轉,04730000
RPQNMLTKKHKGFDC28EA,溪頭段,.19,都市：其他:道路用地,14400,48,持分移轉,04750000
RPQNMLTKKHKGFDC28EA,溪頭段,.13,都市：其他:道路用地,14400,48,持分移轉,04770001
RPQNMLTKKHKGFDC28EA,溪頭段,.10,都市：其他:道路用地,7200,24,持分移轉,04780000
RPQNMLTKKHKGFDC28EA,溪頭段,.13,都市：其他:道路用地,4800,16,持分移轉,04820000
RPQNMLTKKHKGFDC28EA,溪頭段,.09,都市：其他:道路用地,48000,160,持分移轉,04850000
RPSNMLLLKHKGFDC77EA,大德段,13.00,都市：其他:住宅區,1,1,全筆移轉,06230001
RPQNMLTKKHKGFDC28EA,溪頭段,1.44,都市：其他:道路用地,14400,48,持分移轉,05020000
RPSNMLLLKHKGFDC77EA,大德段,2.00,都市：其他:住宅區,1,1,全筆移轉,06230002
RPSNMLLLKHKGFDC77EA,大德段,4.60,都市：其他:商業區,1,1,全筆移轉,06290001
RPPNMLLLKHKGFDC47EA,新城段,4.15,都市：其他:住宅區(住一之一),100000,74,持分移轉,06530000
RPPNMLLLKHKGFDC47EA,新城段,11.03,都市：其他:住宅區(住一之一),100000,74,持分移轉,06560000
RPPNMLLLKHKGFDC47EA,新城段,.01,都市：其他:綠地用地,100000,74,持分移轉,06560001
RPPNMLLLKHKGFDC47EA,新城段,.00,都市：其他:綠地用地,100000,74,持分移轉,06560002
RPTNMLTKKHKGFDC58EA,溪頭段,.13,都市：其他:道路用地,14400,48,持分移轉,04770001
RPRNMLTKKHKGFDC38EA,溪頭段,.49,都市：其他:道路用地,48000,80,持分移轉,04680000
RPRNMLTKKHKGFDC38EA,溪頭段,.19,都市：其他:道路用地,48000,80,持分移轉,04710000
RPRNMLTKKHKGFDC38EA,溪頭段,.42,都市：其他:道路用地,14400,24,持分移轉,04730000
RPRNMLTKKHKGFDC38EA,溪頭段,.19,都市：其他:道路用地,14400,48,持分移轉,04750000
RPRNMLTKKHKGFDC38EA,溪頭段,.13,都市：其他:道路用地,14400,48,持分移轉,04770001
RPRNMLTKKHKGFDC38EA,溪頭段,1.44,都市：其他:道路用地,14400,48,持分移轉,05020000
RPPNMLKLKHKGFDC37EA,新仙洞段,19.85,都市：其他:住宅區(住二),1,1,全筆移轉,05000000
RPPNMLKLKHKGFDC37EA,新仙洞段,6.98,都市：其他:住宅區(住二),1,1,全筆移轉,05060000
RPPNMLKLKHKGFDC37EA,新仙洞段,4.71,都市：其他:住宅區(住二),1,1,全筆移轉,05070000
RPSNMLTKKHKGFDC48EA,溪頭段,.19,都市：其他:道路用地,14400,48,持分移轉,04750000
RPSNMLTKKHKGFDC48EA,溪頭段,.13,都市：其他:道路用地,14400,48,持分移轉,04770001
RPSNMLTKKHKGFDC48EA,溪頭段,.05,都市：其他:道路用地,7200,12,持分移轉,04780000
RPQNMLNKKHKGFDC57DA,長潭段,17.75,都市：其他:住宅區(住二),100000,65,持分移轉,08920000
RPROMLTKKHKGFDC38DA,深澳段,31.13,都市：其他:住宅區(住二),100000,132,持分移轉,10170000
RPWNMLSLKIJGFDC78DA,大華段,20.43,都市：其他:住宅區(住三),7,1,持分移轉,04260000
RPVOMLKMKIJGFDC08DA,麥金段,24.47,都市：其他:住宅區(住二),100000000,68508,持分移轉,05250000
RPVOMLKMKIJGFDC08DA,麥金段,.03,都市：其他:住宅區(住一),100000000,68508,持分移轉,05270001
RPVOMLKMKIJGFDC08DA,麥金段,.01,都市：其他:住宅區(住一),100000000,68508,持分移轉,05290002
RPUNMLLLKHKGFDC87DA,五堵段五堵北小段,22.77,都市：其他:商業區,30,1,持分移轉,07500000
RPOOMLPLKIJGFDC77DA,中正段三小段,36.33,都市：其他:住宅區,10000,88,持分移轉,00230000
RPOOMLPLKIJGFDC77DA,中正段三小段,9.40,都市：其他:商業區,10000,88,持分移轉,00230001
RPOOMLRKKHKGFDC87DA,調和段,26.58,都市：其他:住宅區(住二),10000,35,持分移轉,11250000
RPUNMLSKKHKGFDC48DA,新城段,6.23,都市：其他:住宅區(住一之一),100000,111,持分移轉,06530000
RPUNMLSKKHKGFDC48DA,新城段,16.55,都市：其他:住宅區(住一之一),100000,111,持分移轉,06560000
RPUNMLSKKHKGFDC48DA,新城段,.01,都市：其他:綠地用地,100000,111,持分移轉,06560001
RPUNMLSKKHKGFDC48DA,新城段,.00,都市：其他:綠地用地,100000,111,持分移轉,06560002
RPPOMLOLKHKGFDC77DA,五堵段五堵北小段,49.14,都市：其他:住宅區,1000,84,持分移轉,06450000
RPPNMLTKKHKGFDC18EA,溪頭段,.98,都市：其他:道路用地,48000,160,持分移轉,04680000
RPPNMLTKKHKGFDC18EA,溪頭段,.18,都市：其他:道路用地,4800,16,持分移轉,04690000
RPPNMLTKKHKGFDC18EA,溪頭段,.38,都市：其他:道路用地,48000,160,持分移轉,04710000
RPPNMLTKKHKGFDC18EA,溪頭段,.85,都市：其他:道路用地,14400,48,持分移轉,04730000
RPPNMLTKKHKGFDC18EA,溪頭段,.39,都市：其他:道路用地,14400,96,持分移轉,04750000
RPPNMLTKKHKGFDC18EA,溪頭段,.13,都市：其他:道路用地,14400,48,持分移轉,04770001
RPPNMLTKKHKGFDC18EA,溪頭段,.10,都市：其他:道路用地,7200,24,持分移轉,04780000
RPPNMLTKKHKGFDC18EA,溪頭段,.13,都市：其他:道路用地,4800,16,持分移轉,04820000
RPPNMLTKKHKGFDC18EA,溪頭段,.09,都市：其他:道路用地,48000,160,持分移轉,04850000
RPPNMLTKKHKGFDC18EA,溪頭段,1.44,都市：其他:道路用地,14400,48,持分移轉,05020000
RPRNMLPJKHKGFDC77DA,長潭段,41.71,都市：其他:住宅區(住二),100000,317,持分移轉,09020000
RPQNMLKLKHKGFDC37DA,光明段,25.37,都市：其他:住宅區,10000,20,持分移轉,00730000
RPQNMLKLKHKGFDC37DA,光明段,.02,都市：其他:機關用地,10000,20,持分移轉,00730001
RPQNMLKLKHKGFDC37DA,光明段,.14,都市：其他:機關用地,10000,20,持分移轉,00730002
RPQNMLKLKHKGFDC37DA,光明段,.03,都市：其他:機關用地,10000,20,持分移轉,00730003
RPQNMLKLKHKGFDC37DA,光明段,.06,都市：其他:道路用地,10000,20,持分移轉,00730004
RPQNMLKLKHKGFDC37DA,光明段,.03,都市：其他:機關用地,10000,20,持分移轉,00730005
RPWNMLRKKHKGFDC58DA,延年段,10.50,都市：其他:住宅區(住三),4,1,持分移轉,05320000
RPWNMLRKKHKGFDC58DA,延年段,2.25,都市：其他:保護區,4,1,持分移轉,05320001
RPWNMLRKKHKGFDC58DA,延年段,21.25,都市：其他:住宅區(住三),4,1,持分移轉,05330000
RPTNMLRKKHKGFDC28DA,深美段,54.69,都市：其他:住宅區(住二),10000,98,持分移轉,08400003
RPQNMLLLKHKGFDC47DA,福祿段,42.33,都市：其他:住宅區,100000,396,持分移轉,05040000
RPQNMLLLKHKGFDC47DA,福祿段,.03,都市：其他:住宅區,100000,396,持分移轉,05040003
RPSNMLLLKHKGFDC67DA,港濱段,50.68,都市：其他:住宅區(住一),10000,307,持分移轉,13110000
RPTNMLLLKHKGFDC77DA,港濱段,50.68,都市：其他:住宅區(住一),10000,307,持分移轉,13110000
RPVNMLQKJHKGFDC28DA,工建段,18.24,都市：其他:住宅區(住三),10000,43,持分移轉,05770000
RPUNMLOLJHKGFDC08DA,中正段三小段,.83,都市：其他:住宅區,10000,2,持分移轉,00230000
RPUNMLOLJHKGFDC08DA,中正段三小段,.21,都市：其他:商業區,10000,2,持分移轉,00230001
RPUNMLLMKIJGFDC97DA,代天府段,.97,都市：其他:住宅區(住三),336000,115,持分移轉,05990000
RPUNMLLMKIJGFDC97DA,代天府段,30.84,都市：其他:住宅區(住二),10000,120,持分移轉,06610000
RPQNMLSLKIJGFDC18DA,德安段,97.56,都市：其他:住宅區(住一),10000,75,持分移轉,03280000
RPQNMLSLKIJGFDC18DA,德安段,8.88,都市：其他:住宅區(住一),10000,75,持分移轉,03290000
RPQNMLSLKIJGFDC18DA,德安段,35.58,都市：其他:住宅區(住一),10000,75,持分移轉,03300000
RPQNMLSLKIJGFDC18DA,德安段,1.48,都市：其他:倉儲區,10000,75,持分移轉,03500000
RPQNMLSLKIJGFDC18DA,德安段,1.02,都市：其他:倉儲區,20000,75,持分移轉,03920000
RPQNMLSLKIJGFDC18DA,德安段,1.67,都市：其他:倉儲區,20000,75,持分移轉,03930000
RPQNMLSLKIJGFDC18DA,德安段,.18,都市：其他:倉儲區,20000,75,持分移轉,03960000
RPQNMLSLKIJGFDC18DA,德安段,2.58,都市：其他:倉儲區,20000,75,持分移轉,03970000
RPQNMLSLKIJGFDC18DA,德安段,.02,都市：其他:道路用地,20000,75,持分移轉,03970001
RPQNMLSLKIJGFDC18DA,德安段,.04,都市：其他:倉儲區,20000,75,持分移轉,03980000
RPUNMLMLJHKGFDC87DA,源遠段,33.90,都市：其他:住宅區(住二),100000,177,持分移轉,11250000
RPXNMLKLKHKGFDC08DA,德育段,24.02,都市：其他:住宅區(住二),2589,31,持分移轉,07820000
RPXNMLKLKHKGFDC08DA,德育段,2.62,都市：其他:道路用地,2589,31,持分移轉,07820001
RPXNMLKLKHKGFDC08DA,德育段,.04,都市：其他:住宅區(住二),2589,31,持分移轉,12760000
RPSNMLRKKHKGFDC18DA,麥金段,153.33,都市：其他:住宅區(住一),10000,365,持分移轉,09860003
RPSNMLRKKHKGFDC18DA,麥金段,53.76,都市：其他:住宅區(住一),10000,365,持分移轉,09860004
RPSNMLRKKHKGFDC18DA,麥金段,3.49,都市：其他:住宅區(住一),43,1,持分移轉,09860006
RPOOMLPJKHKGFDC57DA,安國段,31.02,都市：其他:住宅區,1000,56,持分移轉,00320000
RPSOMLNLJHKGFDC87DA,麥金段,86.85,都市：其他:住宅區(住一),10000,292,持分移轉,06010002
RPOOMLTKKHKGFDC08DA,長潭段,34.34,都市：其他:住宅區(住二),100000,261,持分移轉,09020000
RPXOMLNKKHKGFDC38DA,培德段,23.44,都市：其他:住宅區(住二),10000,67,持分移轉,07670000
RPSOMLPKJHKGFDC97DA,長潭段,22.11,都市：其他:住宅區(住二),100000,168,持分移轉,09020000
RPUNMLKKKIJGFDC67DA,培德段,11.62,都市：其他:住宅區(住二),100000,135,持分移轉,07640000
RPUNMLKKKIJGFDC67DA,培德段,42.68,都市：其他:住宅區(住二),10000,122,持分移轉,07670000
RPPNMLOLKHKGFDC77EA,金華段,24.11,都市：其他:住宅區,10000,79,持分移轉,04670000
RPRNMLOJJHKGFDC57DA,仁德段,75.34,都市：其他:住宅區(住一),10000,435,持分移轉,07340018
RPTNMLKKJHKGFDC47DA,調和段,9.50,都市：其他:住宅區(住二),100000,28,持分移轉,14150000
RPTNMLKKJHKGFDC47DA,調和段,.00,都市：其他:住宅區(住二),100000,28,持分移轉,14150001
RPTNMLKKJHKGFDC47DA,調和段,.00,都市：其他:住宅區(住一),100000,28,持分移轉,14150002
