﻿鄉鎮市區,交易標的,土地位置建物門牌,土地移轉總面積平方公尺,都市土地使用分區,非都市土地使用分區,非都市土地使用編定,交易年月日,交易筆棟數,移轉層次,總樓層數,建物型態,主要用途,主要建材,建築完成年月,建物移轉總面積平方公尺,建物現況格局-房,建物現況格局-廳,建物現況格局-衛,建物現況格局-隔間,有無管理組織,總價元,單價元平方公尺,車位類別,車位移轉總面積平方公尺,車位總價元,備註,編號,主建物面積,附屬建物面積,陽台面積,電梯,移轉編號
The villages and towns urban district,transaction sign,land sector position building sector house number plate,land shifting total area square meter,the use zoning or compiles and checks,the non-metropolis land use district,non-metropolis land use,transaction year month and day,transaction pen number,shifting level,total floor number,building state,main use,main building materials,construction to complete the years,building shifting total area,Building present situation pattern - room,building present situation pattern - hall,building present situation pattern - health,building present situation pattern - compartmented,Whether there is manages the organization,total price NTD,the unit price (NTD / square meter),the berth category,berth shifting total area square meter,the berth total price NTD,the note,serial number,main building area,auxiliary building area,balcony area,elevator,transaction number
信義區,房地(土地+建物),基隆市信義區深溪路５５巷５０號４樓之３,6.37,住,,,1140208,土地1建物1車位0,四層,七層,華廈(10層含以下有電梯),住家用,鋼筋混凝土造,0880122,28.03,0,0,0,無,有,2800000,99893,,0.0,0,,RPWNMLTKKHKGFDC78DA,20.77,0.0,0.0,有,01
中正區,房地(土地+建物),基隆市中正區中正路３１８巷４３號５樓,28.48,住,,,1140209,土地1建物1車位0,五層,五層,公寓(5樓含以下無電梯),住家用,鋼筋混凝土造,0830726,99.67999999999999,5,3,3,有,無,3350000,33608,,0.0,0,本案為法院判決買回案,RPTOMLTKKHKGFDC58DA,87.17,0.0,9.9,無,02
中正區,房地(土地+建物)+車位,基隆市中正區中正路１６６之１號八樓之２,17.44,商,,,1140208,土地1建物1車位1,八層,二十九層,住宅大樓(11層含以上有電梯),住家用,鋼筋混凝土造,1120926,223.01,3,2,2,有,有,29480000,139150,坡道平面,28.4,2400000,土地價款11374000元建物價款15706000元車位價款2400000元,RPTOMLKKKHKGFDC67DA,111.21,4.87,14.82,有,
中正區,房地(土地+建物)+車位,基隆市中正區中正路１６６之１號八樓之３,15.14,商,,,1140208,土地1建物1車位1,八層,二十九層,住宅大樓(11層含以上有電梯),住家用,鋼筋混凝土造,1120926,197.12,3,2,2,有,有,25870000,139106,坡道平面,28.4,2400000,土地價款9857000元建物價款13613000元車位價款2400000元,RPUOMLKKKHKGFDC77DA,99.29,2.55,11.64,有,
中正區,房地(土地+建物),基隆市中正區調和街２９６號十四樓之２,25.06,住,,,1140204,土地1建物1車位0,十四層,十四層,住宅大樓(11層含以上有電梯),住家用,鋼筋混凝土造,1080212,106.7,2,2,1,有,有,7500000,70291,,0.0,0,,RPPOMLTKKHKGFDC18DA,62.06,5.13,7.32,有,03
中正區,車位,基隆市中正區義一路１２２之５號,0.17,商,,,1140217,土地1建物1車位1,一層,十四層,其他,商業用,鋼筋混凝土造,0910712,33.44,0,0,0,無,有,2200000,,坡道平面,33.44,2200000,僅車位交易；,RPOOMLKLKHKGFDC27DA,0.0,0.0,0.0,有,04
信義區,土地,東信段一小段46-157地號,1.0,,,,1140214,土地1建物0車位0,,,其他,,,,0.0,0,0,0,無,無,90000,0,,0.0,0,,RPPOMLLLKHKGFDC47DA,0.0,0.0,0.0,無,
安樂區,建物,基隆市安樂區基金二路１巷３８之１號２樓,0.0,,,,1140209,土地0建物1車位0,二層,三層,公寓(5樓含以下無電梯),住家用,鋼筋混凝土造,0870907,163.19,2,2,2,有,無,3750000,22979,,0.0,0,建物坐落地號：武嶺段871地號；親友、員工、共有人或其他特殊關係間之交易；,RPQNMLOLKHKGFDC77DA,110.56,0.0,16.95,無,
七堵區,房地(土地+建物),基隆市七堵區百二街７１號３樓,42.86,住,,,1140211,土地1建物1車位0,三層,五層,公寓(5樓含以下無電梯),住家用,鋼筋混凝土造,0870305,99.7,3,2,2,有,無,3000000,30090,,0.0,0,親友、員工、共有人或其他特殊關係間之交易；,RPPOMLQJKHKGFDC77DA,82.04,0.0,10.15,無,
信義區,房地(土地+建物),基隆市信義區正信路１５１巷２０之２號,58.25,住,,,1140211,土地1建物1車位0,三層,四層,公寓(5樓含以下無電梯),住家用,加強磚造,0601129,79.94,3,1,1,有,無,1900000,23768,,0.0,0,,RPQOMLOLKHKGFDC87DA,75.35,0.0,0.0,無,05
中正區,房地(土地+建物),基隆市中正區義一路１３２之２號,24.4,商,,,1140102,土地2建物1車位0,三層,五層,公寓(5樓含以下無電梯),住家用,鋼筋混凝土造,0670617,106.68,3,2,1,有,無,6500000,60930,,0.0,0,陽台外推；其他增建；,RPUOMLTJJHKGFDC48DA,106.68,0.0,0.0,無,
安樂區,房地(土地+建物),基隆市安樂區定國街１１巷７６號,37.0,都市：其他:住宅區,,,1140103,土地2建物1車位0,一層,三層,公寓(5樓含以下無電梯),住家用,加強磚造,0640430,66.28,3,2,2,有,無,3500000,52806,,0.0,0,廚房其他增建；,RPXOMLOKKHKGFDC48DA,66.28,0.0,0.0,無,
中山區,房地(土地+建物),基隆市中山區通仁街２０巷５３之３號,23.5,住,,,1140131,土地1建物1車位0,四層,四層,公寓(5樓含以下無電梯),住家用,鋼筋混凝土加強磚造,0640905,55.01,2,1,1,有,無,3000000,54536,,0.0,0,頂樓加蓋；,RPVNMLSKKHKGFDC58DA,55.01,0.0,0.0,無,06
中正區,房地(土地+建物),基隆市中正區正義路１００巷７０號,77.0,住,,,1140121,土地3建物1車位0,全,二層,透天厝,住家用,加強磚造,,82.5,4,2,1,有,無,900000,10909,,0.0,0,,RPWNMLSKKHKGFDC68DA,82.5,0.0,0.0,無,
信義區,房地(土地+建物)+車位,基隆市信義區仁一路３７巷１６號十四樓,19.43,商,,,1140110,土地2建物1車位1,十四層,十四層,住宅大樓(11層含以上有電梯),住家用,鋼筋混凝土造,1020826,178.87,3,2,2,有,有,21600000,120758,坡道平面,32.61,0,,RPPNMLTKKHKGFDC08DA,88.02,5.57,6.57,有,07
信義區,房地(土地+建物),基隆市信義區深溪路３６巷４０號５樓,34.12,住,,,1140122,土地1建物1車位0,五層,七層,華廈(10層含以下有電梯),住家用,鋼筋混凝土造,0840515,162.66000000000003,3,2,2,有,有,8500000,52256,,0.0,0,親友、員工、共有人或其他特殊關係間之交易；,RPQNMLTKKHKGFDC18DA,130.45,0.0,14.6,有,
中正區,房地(土地+建物)+車位,基隆市中正區北寧路３０８號五樓,54.56,住,,,1140106,土地1建物1車位2,五層,八層,華廈(10層含以下有電梯),住家用,鋼筋混凝土造,1120321,301.52,3,2,2,有,有,19160000,75641,坡道平面,87.88,3000000,本案總價款1916萬元 包括土地價款614萬元 建物價款1002萬元 車位以每位150萬元計價 二車位總價款300萬元 雙方合意以113年度公告土地現值及建物評定現值申報,RPWNMLMLJHKGFDC08DA,122.66,0.0,14.12,有,
中山區,房地(土地+建物),基隆市中山區復興路３８１之２號,33.85,住,,,1140124,土地1建物1車位0,三層,四層,公寓(5樓含以下無電梯),住家用,鋼筋混凝土造,0660520,69.44,4,0,4,有,無,3820000,55012,,0.0,0,陽台外推；,RPVNMLOJKHKGFDC08DA,57.77,0.0,11.67,無,08
信義區,房地(土地+建物),基隆市信義區東信路３５巷２５號,49.0,住,,,1140114,土地2建物1車位0,全,二層,透天厝,住家用,加強磚造,0551017,69.86,3,1,3,有,無,8200000,117378,,0.0,0,其他增建；,RPXNMLLKKHKGFDC08DA,69.86,0.0,0.0,無,09
信義區,房地(土地+建物),基隆市信義區東信路１２６之２號,19.1,住,,,1140102,土地2建物1車位0,三層,五層,公寓(5樓含以下無電梯),住家用,鋼筋混凝土造,0701214,71.19,2,1,1,有,無,3700000,51974,,0.0,0,,RPPNMLSKKHKGFDC97DA,65.39,0.0,5.8,無,10
仁愛區,房地(土地+建物),基隆市仁愛區愛四路１０巷３５之７號,28.75,住,,,1140122,土地1建物1車位0,四層,四層,公寓(5樓含以下無電梯),住家用,鋼筋混凝土加強磚造,0650730,71.15,0,0,0,無,無,2000000,28110,,0.0,0,頂樓加蓋；,RPRNMLTKKHKGFDC28DA,71.15,0.0,0.0,無,11
信義區,房地(土地+建物)+車位,基隆市信義區深澳坑路１０９巷３之１號四樓,45.43,住,,,1140118,土地2建物1車位1,四層,七層,華廈(10層含以下有電梯),住家用,鋼筋混凝土造,1130716,142.55,3,1,2,有,有,10200000,71554,升降機械,20.3,0,,RPSNMLTKKHKGFDC38DA,81.5,0.0,8.35,有,
安樂區,房地(土地+建物),基隆市安樂區崇德路８２巷２４之１號,47.5,住,,,1140103,土地1建物1車位0,二層,二層,公寓(5樓含以下無電梯),住家用,加強磚造,0601206,48.36,2,0,1,有,無,900000,18610,,0.0,0,,RPPOMLLLJHKGFDC37DA,48.36,0.0,0.0,無,
仁愛區,建物,基隆市仁愛區仁二路１１９巷５４號,0.0,,,,1140119,土地0建物1車位0,全,二層,透天厝,住家用,磚造,0460600,102.21,2,1,1,有,無,4000000,39135,,0.0,0,建物坐落地號：延平段526-1地號；未登記建物；,RPPOMLKLKHKGFDC37DA,102.21,0.0,0.0,無,12
中正區,房地(土地+建物),基隆市中正區中正路３３９之５號,35.75,都市：其他:住宅區(住一),,,1140124,土地2建物1車位0,二層,四層,公寓(5樓含以下無電梯),住家用,鋼筋混凝土加強磚造,0631005,101.14,3,2,1,有,無,2200000,21752,,0.0,0,,RPPNMLLLKHKGFDC37DA,101.14,0.0,0.0,無,
中山區,土地,新仙洞段500地號,31.54,住,,,1140120,土地3建物0車位0,,,其他,,,,0.0,0,0,0,無,無,1194105,37860,,0.0,0,未登記建物；政府機關標讓售；,RPPNMLKLKHKGFDC37EA,0.0,0.0,0.0,無,
中山區,土地,大德段623-1地號,19.6,住,,,1140117,土地3建物0車位0,,,其他,,,,0.0,0,0,0,無,無,5163040,263420,,0.0,0,政府機關標讓售；,RPSNMLLLKHKGFDC77EA,0.0,0.0,0.0,無,
七堵區,土地,長安段274-13地號,3.53,,鄉村區,乙種建築用地,1140121,土地1建物0車位0,,,其他,,,,0.0,0,0,0,無,無,74000,20963,,0.0,0,,RPTRMLMKKHKGFDC18DA,0.0,0.0,0.0,無,
中正區,房地(土地+建物),基隆市中正區中正路６５６巷３５之７號,24.25,住,,,1140123,土地1建物1車位0,四層,四層,公寓(5樓含以下無電梯),住家用,鋼筋混凝土加強磚造,0640215,60.9,2,2,1,有,無,3300000,54187,,0.0,0,頂樓加蓋；,RPVNMLNKKHKGFDC08DA,60.9,0.0,0.0,無,13
七堵區,土地,瑪陵坑段西勢仙洞湖小段119-2地號,1251.0,,山坡地保育區,農牧用地,1140113,土地1建物0車位0,,,其他,,,,0.0,0,0,0,無,無,4140810,3310,,0.0,0,,RPUNMLTKKHKGFDC58DA,0.0,0.0,0.0,無,
信義區,房地(土地+建物),基隆市信義區仁一路３號９樓,9.16,商,,,1140108,土地1建物1車位0,九層,十二層,住宅大樓(11層含以上有電梯),住家用,鋼筋混凝土造,0821224,115.65,3,2,2,有,有,10350000,89494,,0.0,0,陽台外推；,RPXNMLTKKHKGFDC88DA,97.98,0.36,7.35,有,
中正區,房地(土地+建物)+車位,基隆市中正區調和街２９８號十一樓之５,24.3,住,,,1140118,土地1建物1車位1,十一層,十四層,住宅大樓(11層含以上有電梯),住家用,鋼筋混凝土造,1080212,124.60999999999999,2,2,1,有,有,8600000,69015,坡道平面,0.0,0,,RPTNMLKLKHKGFDC67DA,62.06,4.94,7.32,有,14
信義區,房地(土地+建物),基隆市信義區深澳坑路２之５４號４樓,18.04,住,,,1140106,土地2建物1車位0,四層,七層,華廈(10層含以下有電梯),住家用,鋼筋混凝土造,0830622,105.75,3,2,2,有,有,6080000,57494,,0.0,0,,RPVNMLKLKHKGFDC87DA,84.32,0.0,9.1,有,
中正區,房地(土地+建物)+車位,基隆市中正區中正路４１２號３樓,49.52,住,,,1140106,土地1建物1車位1,三層,九層,華廈(10層含以下有電梯),住家用,鋼筋混凝土造,1130827,224.01,4,2,2,有,有,20470000,99968,坡道平面,36.75,1750000,,RPRNMLLLKHKGFDC57DA,108.38,5.97,12.46,有,
七堵區,土地,溪頭段502地號,3.38,都市：其他:道路用地,,,1140117,土地10建物0車位0,,,其他,,,,0.0,0,0,0,無,無,61320,18142,,0.0,0,,RPQNMLTKKHKGFDC28EA,0.0,0.0,0.0,無,15
安樂區,房地(土地+建物)+車位,基隆市安樂區樂利三街８巷４７號６樓,15.19,住,,,1140113,土地4建物1車位1,六層,十七層,住宅大樓(11層含以上有電梯),住家用,鋼筋混凝土造,0840504,112.00999999999999,3,1,2,有,有,7000000,62494,坡道平面,0.0,0,,RPPNMLLLKHKGFDC47EA,67.08,5.33,7.75,有,
安樂區,房地(土地+建物)+車位,基隆市安樂區基金一路１１２巷１１０弄１９之７號４樓,32.79,住,,,1140116,土地3建物1車位1,四層,七層,華廈(10層含以下有電梯),住家用,鋼筋混凝土造,0851213,154.54000000000002,3,2,2,有,有,7880000,50990,坡道平面,0.0,0,陽台外推；,RPORMLMKKHKGFDC67DA,94.59,0.0,12.59,有,16
中山區,房地(土地+建物)+車位,基隆市中山區復興路２３７號八樓之１０,19.01,商,,,1140122,土地1建物1車位2,八層,十三層,住宅大樓(11層含以上有電梯),住家用,鋼筋混凝土造,1130116,182.99,3,2,2,有,有,17000000,92901,坡道平面,59.32,0,,RPXNMLOLKHKGFDC48DA,68.64,5.88,5.95,有,17
七堵區,土地,溪頭段502地號,2.88,都市：其他:道路用地,,,1140117,土地6建物0車位0,,,其他,,,,0.0,0,0,0,無,無,52200,18125,,0.0,0,,RPRNMLTKKHKGFDC38EA,0.0,0.0,0.0,無,18
七堵區,土地,溪頭段475地號,0.38,都市：其他:道路用地,,,1140117,土地3建物0車位0,,,其他,,,,0.0,0,0,0,無,無,6840,0,,0.0,0,,RPSNMLTKKHKGFDC48EA,0.0,0.0,0.0,無,
七堵區,土地,溪頭段477-1地號,0.13,都市：其他:道路用地,,,1140117,土地1建物0車位0,,,其他,,,,0.0,0,0,0,無,無,2400,0,,0.0,0,,RPTNMLTKKHKGFDC58EA,0.0,0.0,0.0,無,18
信義區,房地(土地+建物),基隆市信義區義六路１８號三樓之三,45.73,商,,,1131224,土地2建物1車位0,三層,十八層,住宅大樓(11層含以上有電梯),住家用,鋼筋混凝土造,1020722,279.31,0,0,0,無,有,38500000,137840,,0.0,0,毛胚屋；,RPOOMLPLKIJGFDC77DA,162.95,13.86,19.82,有,20
七堵區,房地(土地+建物),基隆市七堵區永富路１１號３樓,20.43,住,,,1131225,土地1建物1車位0,三層,七層,華廈(10層含以下有電梯),住家用,鋼筋混凝土造,0870608,101.61,3,2,2,有,無,8500000,83653,,0.0,0,,RPWNMLSLKIJGFDC78DA,68.33,0.0,16.04,有,21
中山區,房地(土地+建物),基隆市中山區中華路１４３號,17.3,住,,,1131217,土地1建物1車位0,一層，防空避難室，騎樓,四層,公寓(5樓含以下無電梯),商業用,鋼筋混凝土造,0691105,49.0,0,0,0,無,無,3200000,65306,,0.0,0,廚房外推增建其他增建；,RPUNMLOKKHKGFDC08DA,49.0,0.0,0.0,無,
信義區,房地(土地+建物)+車位,基隆市信義區褔民街７８號,54.69,住,,,1131225,土地1建物1車位1,一層，二層,七層,華廈(10層含以下有電梯),住家用,鋼筋混凝土造,1120502,200.70999999999998,4,2,3,有,有,12800000,63770,坡道平面,36.73,0,親友、員工、共有人或其他特殊關係間之交易；,RPTNMLRKKHKGFDC28DA,107.3,0.0,12.77,有,22
安樂區,房地(土地+建物)+車位,基隆市安樂區樂利三街８巷６號１０樓,22.79,住,,,1131218,土地4建物1車位1,十層,十七層,住宅大樓(11層含以上有電梯),住家用,鋼筋混凝土造,0840504,153.4,3,2,2,有,有,10580000,68970,坡道平面,0.0,0,陽台外推；,RPUNMLSKKHKGFDC48DA,99.83,1.19,12.57,有,
安樂區,房地(土地+建物)+車位,基隆市安樂區麥金路３４１號１８樓,24.5,住,,,1131222,土地3建物1車位1,十八層,十八層,住宅大樓(11層含以上有電梯),住家用,鋼筋混凝土造,1050124,231.37,4,2,2,有,有,23600000,102001,坡道平面,15.87,0,,RPVOMLKMKIJGFDC08DA,124.11,4.39,23.46,有,23
信義區,車位,基隆市信義區義六路２０號,1.04,商,,,1131224,土地2建物1車位2,一層,十八層,其他,辦公室,鋼筋混凝土造,1020722,21.04,0,0,0,無,有,3000000,,坡道機械,21.0,3000000,其他增建；僅車位交易；,RPUNMLOLJHKGFDC08DA,0.0,0.0,0.0,有,24
中正區,房地(土地+建物),基隆市中正區觀海街４８號,17.75,住,,,1131230,土地1建物1車位0,一層,十六層,住宅大樓(11層含以上有電梯),住家用,鋼筋混凝土造,0880114,95.34,2,2,2,有,有,5270000,55276,,0.0,0,,RPQNMLNKKHKGFDC57DA,63.53,0.0,8.94,有,25
仁愛區,房地(土地+建物),基隆市仁愛區復興街６巷４６之２號,34.0,住,,,1131225,土地3建物1車位0,三層,四層,公寓(5樓含以下無電梯),住家用,鋼筋混凝土造,0661116,79.7,2,1,1,有,無,6000000,75282,,0.0,0,陽台外推；,RPWNMLRKKHKGFDC58DA,71.08,0.0,8.62,無,26
信義區,房地(土地+建物)+車位,基隆市信義區深溪路５７號３樓之１,31.13,住,,,1131228,土地1建物1車位1,三層,七層,華廈(10層含以下有電梯),住家用,鋼筋混凝土造,0880122,154.48000000000002,4,2,2,有,有,11300000,73149,坡道平面,0.0,0,,RPROMLTKKHKGFDC38DA,88.23,0.0,8.7,有,
中正區,房地(土地+建物),基隆市中正區和豐街２４３號八樓,22.11,住,,,1131215,土地1建物1車位0,八層,十一層,住宅大樓(11層含以上有電梯),住家用,鋼筋混凝土造,1130716,109.27,3,2,1,有,有,8300000,75959,,0.0,0,,RPSOMLPKJHKGFDC97DA,62.07,5.43,5.6,有,27
信義區,房地(土地+建物),基隆市信義區深澳坑路１６８巷５０弄１６號３樓,23.44,住,,,1131213,土地1建物1車位0,三層，夾層,四層,公寓(5樓含以下無電梯),住家用,鋼筋混凝土造,0840610,78.11999999999999,2,2,2,有,無,2150000,27522,,0.0,0,,RPXOMLNKKHKGFDC38DA,64.5,0.0,6.88,無,28
中正區,房地(土地+建物)+車位,基隆市中正區調和街２９６號七樓之２,26.58,住,,,1131221,土地1建物1車位1,七層,十四層,住宅大樓(11層含以上有電梯),住家用,鋼筋混凝土造,1080212,124.58000000000001,2,2,1,有,有,8680000,69674,坡道平面,17.88,0,,RPOOMLRKKHKGFDC87DA,62.06,5.13,7.32,有,29
中正區,房地(土地+建物)+車位,基隆市中正區新豐街４６０之７號九樓,9.51,住,,,1131227,土地3建物1車位1,九層,十八層,住宅大樓(11層含以上有電梯),住家用,鋼筋混凝土造,0861121,77.41,1,1,1,有,有,5600000,72342,坡道平面,34.16,0,,RPTNMLKKJHKGFDC47DA,28.92,0.0,3.57,有,30
七堵區,房地(土地+建物),基隆市七堵區百五街６７之３號,22.77,商,,,1131208,土地1建物1車位0,四層,五層,公寓(5樓含以下無電梯),住家用,鋼筋混凝土造,0691231,100.91,3,2,2,有,無,7300000,72342,,0.0,0,,RPUNMLLLKHKGFDC87DA,96.14,0.0,4.77,無,31
七堵區,土地,溪頭段502地號,4.68,都市：其他:道路用地,,,1131227,土地10建物0車位0,,,其他,,,,0.0,0,0,0,無,無,84900,18141,,0.0,0,,RPPNMLTKKHKGFDC18EA,0.0,0.0,0.0,無,15
暖暖區,房地(土地+建物),基隆市暖暖區金華街２６７號８樓之５,24.11,住,,,1131216,土地1建物2車位0,八層,十一層,住宅大樓(11層含以上有電梯),住家用,鋼筋混凝土造,0850105,103.81,2,2,2,有,有,3000000,28899,,0.0,0,親友、員工、共有人或其他特殊關係間之交易；,RPPNMLOLKHKGFDC77EA,48.59,0.0,8.23,有,33
七堵區,房地(土地+建物),基隆市七堵區百七街２７號５樓,49.14,住,,,1131220,土地1建物1車位0,五層,五層,公寓(5樓含以下無電梯),住家用,鋼筋混凝土造,0841228,111.66,3,2,2,有,無,6200000,55526,,0.0,0,前陽台增建其他增建；,RPPOMLOLKHKGFDC77DA,96.58,0.0,11.62,無,
安樂區,房地(土地+建物),基隆市安樂區麥金路５２４號,31.02,住,,,1131127,土地1建物1車位0,一層,五層,公寓(5樓含以下無電梯),住家用,鋼筋混凝土造,0670809,61.41,3,2,1,有,無,7680000,125061,,0.0,0,其他增建；,RPOOMLPJKHKGFDC57DA,61.41,0.0,0.0,無,34
中正區,房地(土地+建物)+車位,基隆市中正區和豐街２２５號四樓,41.71,住,,,1131122,土地1建物1車位1,四層,十一層,住宅大樓(11層含以上有電梯),住家用,鋼筋混凝土造,1130716,210.68,4,2,2,有,有,15500000,73571,坡道平面,32.08,0,,RPRNMLPJKHKGFDC77DA,101.03,1.9,14.35,有,
信義區,房地(土地+建物)+車位,基隆市信義區東光路２０５巷１６弄１２號３樓,25.66,都市：其他:住宅區,,,1131125,土地6建物1車位1,三層,五層,公寓(5樓含以下無電梯),住家用,鋼筋混凝土造,0841116,109.63999999999999,2,1,1,有,有,5450000,49708,坡道平面,0.0,0,,RPQNMLKLKHKGFDC37DA,63.17,0.0,6.46,無,
信義區,房地(土地+建物),基隆市信義區花源三街５０號３樓,42.36,住,,,1131103,土地2建物1車位0,四層，五層,五層,公寓(5樓含以下無電梯),住家用,鋼筋混凝土造,0781229,148.01,4,2,2,有,無,5760000,38916,,0.0,0,,RPQNMLLLKHKGFDC47DA,111.02,4.02,11.18,無,
中山區,房地(土地+建物)+車位,基隆市中山區德安路１１６巷３３號,149.02,都市：其他:住宅區(住一),,,1131125,土地10建物1車位1,全,四層,透天厝,住家用,鋼筋混凝土造,0951031,279.39,4,2,3,有,有,17500000,62636,坡道平面,0.0,0,頂樓加蓋；,RPQNMLSLKIJGFDC18DA,176.79,0.0,13.75,無,35
安樂區,房地(土地+建物),基隆市安樂區中和路１６８巷６弄５０號５樓,31.81,住,,,1131105,土地2建物1車位0,五層,五層,公寓(5樓含以下無電梯),住家用,鋼筋混凝土造,0860902,136.02,3,2,2,有,無,4600000,33819,,0.0,0,頂樓加蓋；,RPUNMLLMKIJGFDC97DA,106.86,1.27,9.87,無,36
中正區,房地(土地+建物)+車位,基隆市中正區中正路４１０號９樓,50.68,住,,,1131122,土地1建物1車位1,九層,九層,華廈(10層含以下有電梯),住家用,鋼筋混凝土造,1130827,228.39,4,2,2,有,有,25850000,125496,坡道平面,36.75,1800000,,RPSNMLLLKHKGFDC67DA,109.43,8.0,12.35,有,
中正區,房地(土地+建物)+車位,基隆市中正區中正路４１０號７樓,50.68,住,,,1131121,土地1建物1車位1,七層,九層,華廈(10層含以下有電梯),住家用,鋼筋混凝土造,1130827,228.39,4,2,2,有,有,24600000,118973,坡道平面,36.75,1800000,,RPTNMLLLKHKGFDC77DA,109.43,8.0,12.35,有,
七堵區,房地(土地+建物)+車位,基隆市七堵區工東街２４號８樓之２,18.24,住,,,1131126,土地1建物1車位1,八層,十四層,住宅大樓(11層含以上有電梯),住家用,鋼筋混凝土造,0841227,137.71,3,2,2,有,有,8800000,63902,坡道平面,35.98,0,,RPVNMLQKJHKGFDC28DA,75.73,0.98,9.72,有,
信義區,房地(土地+建物)+車位,基隆市信義區深澳坑路１６８巷４２號２樓,54.3,住,,,1131025,土地2建物2車位3,二層,五層,公寓(5樓含以下無電梯),住家用,鋼筋混凝土造,0840610,267.26,0,0,0,無,有,4250000,15902,坡道平面,0.0,0,,RPUNMLKKKIJGFDC67DA,117.83,0.0,13.71,無,
中山區,房地(土地+建物)+車位,基隆市中山區通仁街１７８號五樓之１,75.34,住,,,1131010,土地1建物1車位1,五層,五層,華廈(10層含以下有電梯),住家用,鋼筋混凝土造,1130905,174.3,3,2,2,有,有,13380000,85853,坡道平面,32.43,1200000,本交易含土地款487萬元.建物款731萬元.車位款120萬元。,RPRNMLOJJHKGFDC57DA,87.57,0.0,9.42,有,
暖暖區,房地(土地+建物)+車位,基隆市暖暖區碇內街１２７號７樓,33.9,住,,,1131022,土地1建物1車位1,七層,十四層,住宅大樓(11層含以上有電梯),住家用,鋼筋混凝土造,0980624,188.69,4,2,2,有,有,12880000,68260,坡道平面,32.04,0,車編B2-089,RPUNMLMLJHKGFDC87DA,104.07,0.0,10.63,有,37
安樂區,房地(土地+建物),基隆市安樂區樂利二街６２巷４１７號,86.85,住,,,1131017,土地1建物1車位0,全,四層,透天厝,住家用,鋼筋混凝土造,0970708,264.61,4,2,3,有,有,15000000,56687,,0.0,0,親友、員工、共有人或其他特殊關係間之交易；,RPSOMLNLJHKGFDC87DA,218.68,0.0,7.08,無,
中山區,房地(土地+建物),基隆市中山區復興路２１２巷８弄９之４號,26.68,住,,,1131026,土地3建物1車位0,五層,五層,公寓(5樓含以下無電梯),住家用,鋼筋混凝土造,0711013,104.43,3,2,2,有,無,4150000,39740,,0.0,0,,RPXNMLKLKHKGFDC08DA,85.06,0.0,11.19,無,38
安樂區,房地(土地+建物)+車位,基隆市安樂區麥金路３巷５３３號,210.59,住,,,1130831,土地3建物1車位1,全,五層,透天厝,住家用,鋼筋混凝土造,1040303,238.89000000000001,5,3,4,有,無,22050000,92302,其他,0.0,0,車位為法定空地停車位約定專用,RPSNMLRKKHKGFDC18DA,213.92,2.03,18.42,有,
中正區,房地(土地+建物)+車位,基隆市中正區和豐街２６１號二樓,34.34,住,,,1100422,土地1建物1車位1,二層,十一層,住宅大樓(11層含以上有電梯),住家用,鋼筋混凝土造,1130716,174.63,3,2,2,有,有,8500000,50158,坡道平面,32.08,1350000,預售屋、或土地及建物分件登記案件；,RPOOMLTKKHKGFDC08DA,84.44,6.22,4.72,有,
中正區,車位,基隆市中正區和豐街２０１號二樓等共有部分,0.0,,,,1040212,土地0建物1車位1,,,其他,,,,32.08,0,0,0,無,有,1650000,,坡道平面,32.08,1650000,建物坐落地號：長潭段902地號；僅車位交易；,RPOPMLNKKHKGFDC57DA,0.0,0.0,0.0,有,39
