﻿編號,土地位置,土地移轉面積平方公尺,使用分區或編定,權利人持分分母,權利人持分分子,移轉情形,地號
The serial number, land position,land shifting area square meter,the use zoning or compiles and checks,,,,land parcel
RPPNMLSKKHKGFDC08EA,大德段,7.00,都市：其他:住宅區,1,1,全筆移轉,04630009
RPXNMLQJKHKGFDC48DA,溪頭段,75.36,都市：其他:倉儲區,720,135,持分移轉,01540000
RPRNMLMKKHKGFDC67EA,福祿段,13.62,都市：其他:住宅區,24,1,持分移轉,08550000
RPRNMLMKKHKGFDC67EA,福祿段,.08,都市：其他:住宅區,24,1,持分移轉,08550004
RPTNMLRJKHKGFDC18DA,安國段,26.16,都市：其他:住宅區,1000,22,持分移轉,00580001
RPSNMLRJKHKGFDC08DA,明德段,24.36,都市：其他:住宅區(住五),10000,161,持分移轉,06550000
RPSNMLRJKHKGFDC08DA,明德段,.13,都市：其他:道路用地,10000,161,持分移轉,06550008
RPSNMLRJKHKGFDC08DA,明德段,.06,都市：其他:道路用地,10000,161,持分移轉,06550009
RPTNMLMKKHKGFDC77DA,情人湖段,7.79,都市：其他:住宅區(住二),100000,33,持分移轉,01350000
RPTNMLMKKHKGFDC77DA,情人湖段,.02,都市：其他:道路用地,100000,33,持分移轉,01350001
RPUNMLLKKHKGFDC77DA,東信段四小段,21.14,都市：其他:住宅區,100000,1657,持分移轉,00260004
RPQNMLSJKHKGFDC97DA,仁德段,81.00,都市：其他:住宅區(住二),1,1,全筆移轉,03230001
RPSNMLSJKHKGFDC18DA,德安段,5.24,都市：其他:商業區(商二),100000,40,持分移轉,10220000
RPRNMLKKKHKGFDC37DA,大華段,3.10,都市：其他:住宅區(住三),400000,1116,持分移轉,06310000
RPVNMLMKKHKGFDC97DA,五堵段五堵北小段,30.70,都市：其他:住宅區,10,1,持分移轉,08750001
RPOOMLQJKHKGFDC67DA,保定段,23.33,都市：其他:住宅區,3,1,持分移轉,03890000
RPOOMLQJKHKGFDC67DA,保定段,1.67,都市：其他:道路用地,3,1,持分移轉,03890001
RPRNMLRKKHKGFDC08DA,日新段五小段,.17,都市：其他:商業區(商四),10000,1,持分移轉,00010000
RPSNMLLKKHKGFDC67EA,成功段,53.50,都市：其他:住宅區,4,2,持分移轉,05110000
RPSOMLRKKHKGFDC28DA,八德段,6.75,都市：其他:住宅區(住三),12,1,持分移轉,07370000
RPPNMLMKKHKGFDC37DA,安國段,28.57,都市：其他:住宅區,100000,210,持分移轉,00010086
RPUNMLMKKHKGFDC87DA,長安段,21.61,都市：其他:保護區,1,1,全筆移轉,00320025
RPUNMLMKKHKGFDC87DA,長安段,99.86,都市：其他:保護區,1,1,全筆移轉,00320038
RPUNMLMKKHKGFDC87DA,長安段,62.68,都市：其他:保護區,1,1,全筆移轉,00320045
RPUNMLMKKHKGFDC87DA,長安段,51.50,非都市：鄉村區 ; 非都市編定：國土保安用地,1,1,全筆移轉,00950005
RPUNMLMKKHKGFDC87DA,長安段,672.12,非都市：山坡地保育區 ; 非都市編定：農牧用地,400,398,持分移轉,08740002
RPUNMLMKKHKGFDC87DA,長安段,36.14,非都市：山坡地保育區 ; 非都市編定：暫未編定,1,1,全筆移轉,08750001
RPUNMLMKKHKGFDC87DA,長安段,94.19,非都市：山坡地保育區 ; 非都市編定：林業用地,3200,1580,持分移轉,10370001
RPRNMLOKKHKGFDC77DA,大華段,78.75,都市：其他:部分公園用地部分道路用地,4,1,持分移轉,05820000
RPROMLKKKHKGFDC47DA,中濱段,.16,都市：其他:住宅區(住一),10000,1,持分移轉,00370000
RPPNMLNKKHKGFDC47DA,武嶺段,10.71,都市：其他:住宅區(住一),4,1,持分移轉,00860000
RPPNMLNKKHKGFDC47DA,武嶺段,4.27,都市：其他:道路用地,4,1,持分移轉,00860001
RPPNMLNKKHKGFDC47DA,武嶺段,18.86,都市：其他:住宅區(住一),4,1,持分移轉,00870000
RPQOMLOKKHKGFDC77DA,工建段,25.22,都市：其他:住宅區(住四),100000,203,持分移轉,05120000
RPPNMLPKKHKGFDC67DA,情人湖段,25.26,都市：其他:住宅區(住二),100000,107,持分移轉,01350000
RPPNMLPKKHKGFDC67DA,情人湖段,.08,都市：其他:道路用地,100000,107,持分移轉,01350001
RPPNMLRKKHKGFDC97EA,深澳段,837.00,都市：其他:住宅區(住二),1,1,全筆移轉,05280001
RPQNMLRKKHKGFDC08EA,深澳段,114.00,都市：其他:住宅區(住二),2,1,持分移轉,05270000
RPQNMLRKKHKGFDC08EA,深澳段,27.02,都市：其他:住宅區(住二),2,1,持分移轉,05290000
RPQNMLRKKHKGFDC08EA,深澳段,266.73,都市：其他:住宅區(住二),2,1,持分移轉,05300001
RPQNMLRKKHKGFDC08EA,深澳段,274.00,都市：其他:住宅區(住二),2,1,持分移轉,05310000
RPQNMLRKKHKGFDC08EA,深澳段,50.44,都市：其他:住宅區(住二),2,1,持分移轉,05330000
RPQNMLRKKHKGFDC08EA,深澳段,6.26,都市：其他:住宅區(住二),2,1,持分移轉,05350000
RPTNMLQJKHKGFDC08DA,調和段,53.01,都市：其他:住宅區(住二),10000,141,持分移轉,03900000
RPSNMLLKKHKGFDC57DA,五堵段五堵北小段,50.67,都市：其他:住宅區,10000,265,持分移轉,10020000
RPSNMLKKKHKGFDC47DA,情人湖段,26.21,都市：其他:住宅區(住二),100000,111,持分移轉,01350000
RPSNMLKKKHKGFDC47DA,情人湖段,.08,都市：其他:道路用地,100000,111,持分移轉,01350001
RPPNMLSJKHKGFDC97EA,深美段,6.89,都市：其他:住宅區(住二),50000,35,持分移轉,06560000
RPPNMLSJKHKGFDC97EA,深美段,.04,都市：其他:保護區,50000,35,持分移轉,06560001
RPPNMLSJKHKGFDC97EA,深美段,.36,都市：其他:住宅區(住一),50000,35,持分移轉,06560002
RPPNMLSJKHKGFDC97EA,祥豐段,.06,都市：其他:住宅區(住二),50000,35,持分移轉,07050001
RPOOMLNKKHKGFDC47DA,東信段一小段,14.25,都市：其他:商業區,448,112,持分移轉,00140009
RPVOMLNKKHKGFDC18DA,港濱段,63.00,都市：其他:住宅區(住一),1,1,全筆移轉,02600000
RPQNMLMKKHKGFDC57EA,日新段五小段,15.58,都市：其他:商業區(商四),10000,90,持分移轉,00010000
RPPNMLQJKHKGFDC67DA,代天府段,.84,都市：其他:住宅區(住三),3360,1,持分移轉,05990000
RPPNMLQJKHKGFDC67DA,代天府段,24.58,都市：其他:住宅區(住三),10000,34,持分移轉,06020000
RPPNMLQJKHKGFDC67DA,代天府段,.02,都市：其他:住宅區(住三),10000,34,持分移轉,06020001
RPQNMLKKKHKGFDC37EA,基瑞段,13.00,都市：其他:住宅區(住二),20,1,持分移轉,00550000
RPTNMLKLJHKGFDC57DA,代天府段,.84,都市：其他:住宅區(住三),3360,1,持分移轉,05990000
RPTNMLKLJHKGFDC57DA,代天府段,26.87,都市：其他:住宅區(住三),10000,40,持分移轉,06130000
RPOPMLMKKHKGFDC47DA,五堵段五堵北小段,70.50,都市：其他:住宅區,6,1,持分移轉,06560000
RPSOMLKKKHKGFDC57DA,長潭段,14.20,都市：其他:住宅區(住二),100000,52,持分移轉,08920000
RPPOMLRKJHKGFDC87DA,麥金段,20.84,都市：其他:住宅區,100000,222,持分移轉,01980000
RPPOMLRKJHKGFDC87DA,麥金段,.61,都市：其他:住宅區,100000,222,持分移轉,01990000
RPPOMLRKJHKGFDC87DA,麥金段,.66,都市：其他:住宅區,100000,222,持分移轉,02000000
RPUNMLNLJHKGFDC97DA,代天府段,28.91,都市：其他:住宅區(住三),100000,71,持分移轉,08370000
RPUNMLNLJHKGFDC97DA,代天府段,.18,都市：其他:道路用地,100000,71,持分移轉,08370001
RPUNMLNLJHKGFDC97DA,代天府段,.23,都市：其他:住宅區(住三),100000,71,持分移轉,08370002
RPUNMLNLJHKGFDC97DA,代天府段,.05,都市：其他:保護區,100000,71,持分移轉,08370003
RPUNMLNLJHKGFDC97DA,代天府段,.00,都市：其他:住宅區(住三),100000,71,持分移轉,08370004
RPUNMLNLJHKGFDC97DA,代天府段,.11,都市：其他:住宅區(住三),100000,71,持分移轉,08370005
RPUNMLNLJHKGFDC97DA,代天府段,.07,都市：其他:道路用地,100000,71,持分移轉,08370006
RPVNMLRKKHKGFDC48DA,麥金段,17.73,都市：其他:住宅區(住二),100000,77,持分移轉,05350000
RPVNMLRKKHKGFDC48DA,麥金段,.68,都市：其他:住宅區(住一),100000,77,持分移轉,05350001
RPVNMLRKKHKGFDC48DA,麥金段,.39,都市：其他:住宅區(住一),100000,77,持分移轉,05350002
RPVNMLRKKHKGFDC48DA,麥金段,.36,都市：其他:市場用地,100000,77,持分移轉,05350003
RPVNMLRKKHKGFDC48DA,麥金段,.03,都市：其他:住宅區(住一),100000,77,持分移轉,05350004
RPVNMLRKKHKGFDC48DA,麥金段,.02,都市：其他:住宅區(住一),100000,77,持分移轉,05350005
RPVNMLRKKHKGFDC48DA,麥金段,.01,都市：其他:住宅區(住二),100000,77,持分移轉,05350006
RPVNMLRKKHKGFDC48DA,麥金段,.00,都市：其他:住宅區(住一),100000,77,持分移轉,05350007
RPQNMLRJKHKGFDC87DA,麥金段,6.95,都市：其他:住宅區(住二),100000000,19463,持分移轉,05250000
RPQNMLRJKHKGFDC87DA,麥金段,.01,都市：其他:住宅區(住一),100000000,19463,持分移轉,05270001
RPQNMLRJKHKGFDC87DA,麥金段,.00,都市：其他:住宅區(住一),100000000,19463,持分移轉,05290002
RPWOMLSJKHKGFDC68DA,暖暖段東勢坑小段,36.56,都市：其他:住宅區(住三),10000,181,持分移轉,08500000
RPSOMLSJKHKGFDC28DA,深澳段,56.79,都市：其他:住宅區(住二),300000,26661,持分移轉,10180004
RPROMLSJKHKGFDC18DA,深澳段,134.87,都市：其他:住宅區(住二),300000,63318,持分移轉,10180004
RPQNMLOJKHKGFDC57DA,麥金段,13.82,都市：其他:住宅區(住二),100000,95,持分移轉,06130000
RPQNMLOJKHKGFDC57DA,麥金段,.40,都市：其他:保護區,100000,95,持分移轉,06130001
RPROMLNKJHKGFDC67DA,保定段,18.31,都市：其他:住宅區(住三),10000,145,持分移轉,01020004
RPROMLNKJHKGFDC67DA,保定段,.20,都市：其他:道路用地,10000,145,持分移轉,01020059
RPROMLNKJHKGFDC67DA,保定段,.25,都市：其他:住宅區(住二),10000,145,持分移轉,01020060
RPROMLNKJHKGFDC67DA,保定段,13.50,都市：其他:住宅區(住二),10000,145,持分移轉,01020061
RPROMLNKJHKGFDC67DA,保定段,.01,都市：其他:住宅區(住二),10000,145,持分移轉,01020062
RPWNMLSJKHKGFDC58DA,工建段,33.92,都市：其他:住宅區(住四),10000,113,持分移轉,05190000
RPWNMLSJKHKGFDC58DA,工建段,.12,都市：其他:鐵路用地,10000,113,持分移轉,05190001
RPVOMLSJKHKGFDC58DA,深澳段,49.12,都市：其他:住宅區(住二),300000,23061,持分移轉,10180004
RPUOMLPJKHKGFDC18DA,南新段,39.33,都市：其他:商業區,3,1,持分移轉,03340000
RPUOMLPJKHKGFDC18DA,南新段,.67,都市：其他:商業區,3,1,持分移轉,03340001
RPROMLLKKHKGFDC57DA,延平段,20.80,都市：其他:商業區(商四),5,1,持分移轉,08740000
RPSNMLMKKHKGFDC67DA,新城段,15.61,都市：其他:住宅區(住一),10000,15,持分移轉,08580000
RPSNMLMKKHKGFDC67DA,新城段,.01,都市：其他:道路用地,10000,15,持分移轉,08580001
RPSNMLMKKHKGFDC67DA,新城段,.03,都市：其他:道路用地,10000,15,持分移轉,08580002
RPSNMLMKKHKGFDC67DA,新城段,.34,都市：其他:道路用地,10000,15,持分移轉,08590000
RPSNMLMKKHKGFDC67DA,新城段,1.97,都市：其他:住宅區(住一),10000,15,持分移轉,08790000
RPQNMLSJKHKGFDC08EA,觀音段,1.61,都市：其他:住宅區,10000,15,持分移轉,00410000
RPQNMLSJKHKGFDC08EA,觀音段,.00,都市：其他:住宅區,10000,15,持分移轉,00410001
RPQOMLLKKHKGFDC47DA,港濱段,43.75,都市：其他:住宅區(住一),4,1,持分移轉,13580000
RPPOMLLKKHKGFDC37DA,代天府段,40.84,都市：其他:住宅區(住三),30000,202,持分移轉,02860000
RPPOMLLKKHKGFDC37DA,代天府段,.35,都市：其他:道路用地,30000,202,持分移轉,02860001
RPPOMLLKKHKGFDC37DA,代天府段,.20,都市：其他:住宅區(住三),30000,202,持分移轉,02860002
RPPOMLLKKHKGFDC37DA,代天府段,.11,都市：其他:住宅區(住三),30000,202,持分移轉,02860003
RPWNMLLKKHKGFDC97DA,麥金段,10.38,都市：其他:住宅區(住二),100000000,29053,持分移轉,05250000
RPWNMLLKKHKGFDC97DA,麥金段,.01,都市：其他:住宅區(住一),100000000,29053,持分移轉,05270001
RPWNMLLKKHKGFDC97DA,麥金段,.00,都市：其他:住宅區(住一),100000000,29053,持分移轉,05290002
RPPNMLMKKHKGFDC47EA,長潭段,22.66,都市：其他:住宅區(住二),100000,83,持分移轉,08920000
RPWNMLPJKHKGFDC28DA,安國段,33.64,都市：其他:住宅區,100,2,持分移轉,00020007
RPRNMLMLJHKGFDC57DA,調和段,.03,都市：其他:住宅區(住一),200000,13,持分移轉,13820014
RPRNMLMLJHKGFDC57DA,調和段,30.24,都市：其他:住宅區(住一),100000,153,持分移轉,13820021
RPRNMLMLJHKGFDC57DA,調和段,.04,都市：其他:住宅區(住一),200000,13,持分移轉,13820024
RPRNMLMLJHKGFDC57DA,調和段,.03,都市：其他:住宅區(住一),200000,13,持分移轉,13820025
RPRNMLMLJHKGFDC57DA,調和段,.13,都市：其他:住宅區(住一),200000,13,持分移轉,13820029
RPUNMLQKJHKGFDC18DA,長潭段,44.51,都市：其他:住宅區(住二),10000,634,持分移轉,09750003
RPQOMLNKKHKGFDC67DA,長安段,31.28,都市：其他:住宅區(住二),100000,2404,持分移轉,00620000
RPPNMLOKKHKGFDC67EA,東信段二小段,54.00,都市：其他:商業區,1,1,全筆移轉,00200016
RPPNMLOKKHKGFDC57DA,工建段,17.34,都市：其他:住宅區(住四),10000,203,持分移轉,05180026
RPPSMLMKKHKGFDC87DA,長潭段,13.55,都市：其他:住宅區(住二),100000,103,持分移轉,09020000
RPPNMLRKKHKGFDC87DA,長潭段,17.89,都市：其他:住宅區(住二),10000,683,持分移轉,09850000
RPPNMLRKKHKGFDC87DA,長潭段,.27,都市：其他:住宅區(住二),10000,683,持分移轉,09850001
RPPNMLRKKHKGFDC87DA,長潭段,.41,都市：其他:住宅區(住二),10000,683,持分移轉,09850002
RPPNMLRKKHKGFDC87DA,長潭段,2.32,都市：其他:住宅區(住二),10000,683,持分移轉,09850003
RPSOMLNKJHKGFDC77DA,延年段,10.80,都市：其他:住宅區(住三),5,1,持分移轉,08050000
RPSOMLNKJHKGFDC77DA,延年段,16.60,都市：其他:住宅區(住三),5,1,持分移轉,08090000
RPSOMLNKJHKGFDC77DA,延年段,1.60,都市：其他:住宅區(住三),5,1,持分移轉,08100000
RPOPMLOKJHKGFDC57DA,德安段,21.04,都市：其他:住宅區(住二),7638,19,持分移轉,03710000
RPQNMLRKKHKGFDC97DA,港濱段,22.34,都市：其他:商業區(商一),10000,289,持分移轉,11190000
RPPOMLOKKHKGFDC67DA,代天府段,27.69,都市：其他:住宅區(住三),100000,68,持分移轉,08370000
RPPOMLOKKHKGFDC67DA,代天府段,.17,都市：其他:道路用地,100000,68,持分移轉,08370001
RPPOMLOKKHKGFDC67DA,代天府段,.22,都市：其他:住宅區(住三),100000,68,持分移轉,08370002
RPPOMLOKKHKGFDC67DA,代天府段,.05,都市：其他:保護區,100000,68,持分移轉,08370003
RPPOMLOKKHKGFDC67DA,代天府段,.00,都市：其他:住宅區(住三),100000,68,持分移轉,08370004
RPPOMLOKKHKGFDC67DA,代天府段,.11,都市：其他:住宅區(住三),100000,68,持分移轉,08370005
RPPOMLOKKHKGFDC67DA,代天府段,.07,都市：其他:道路用地,100000,68,持分移轉,08370006
RPTOMLPJKHKGFDC08DA,新城段,13.53,都市：其他:住宅區(住三),20000,56,持分移轉,04020000
RPTOMLPJKHKGFDC08DA,新城段,.05,都市：其他:住宅區(住三),20000,56,持分移轉,04020001
RPTOMLPJKHKGFDC08DA,新城段,.35,都市：其他:道路用地,20000,56,持分移轉,04020002
RPPNMLNJKHKGFDC37DA,仁德段,15.75,都市：其他:住宅區(住二),4,1,持分移轉,02180000
RPPNMLKKKHKGFDC17DA,源遠段,29.70,都市：其他:住宅區(住三),10000,103,持分移轉,12610000
RPOSMLMKKHKGFDC77DA,新城段,1146.14,都市：其他:保護區,1,1,全筆移轉,01710000
RPOSMLMKKHKGFDC77DA,新城段,279.84,都市：其他:保護區,1,1,全筆移轉,01960000
RPOSMLMKKHKGFDC77DA,新城段,568.12,都市：其他:保護區,1,1,全筆移轉,02040000
RPPNMLKKKHKGFDC27EA,代天府段,13.03,都市：其他:住宅區(住三),100000,32,持分移轉,08370000
RPPNMLKKKHKGFDC27EA,代天府段,.08,都市：其他:道路用地,100000,32,持分移轉,08370001
RPPNMLKKKHKGFDC27EA,代天府段,.10,都市：其他:住宅區(住三),100000,32,持分移轉,08370002
RPPNMLKKKHKGFDC27EA,代天府段,.02,都市：其他:保護區,100000,32,持分移轉,08370003
RPPNMLKKKHKGFDC27EA,代天府段,.00,都市：其他:住宅區(住三),100000,32,持分移轉,08370004
RPPNMLKKKHKGFDC27EA,代天府段,.05,都市：其他:住宅區(住三),100000,32,持分移轉,08370005
RPPNMLKKKHKGFDC27EA,代天府段,.03,都市：其他:道路用地,100000,32,持分移轉,08370006
RPTNMLKKKHKGFDC57DA,源遠段,23.56,都市：其他:住宅區(住二),100000,123,持分移轉,11250000
RPTOMLOKKHKGFDC08DA,東明段,6.98,都市：其他:住宅區,10000,678,持分移轉,06510011
RPTOMLOKKHKGFDC08DA,光明段,16.34,都市：其他:住宅區,10000,678,持分移轉,09580025
RPOOMLOLKIJGFDC67DA,麥金段,26.04,都市：其他:住宅區(住二),100000,179,持分移轉,06130000
RPOOMLOLKIJGFDC67DA,麥金段,.75,都市：其他:保護區,100000,179,持分移轉,06130001
RPPNMLLKKHKGFDC27DA,麥金段,41.46,都市：其他:住宅區(住二),100000000,116092,持分移轉,05250000
RPPNMLLKKHKGFDC27DA,麥金段,.05,都市：其他:住宅區(住一),100000000,116092,持分移轉,05270001
RPPNMLLKKHKGFDC27DA,麥金段,.01,都市：其他:住宅區(住一),100000000,116092,持分移轉,05290002
RPPOMLSJKHKGFDC97DA,金華段,23.12,都市：其他:住宅區(住三),10000,234,持分移轉,11470000
RPPOMLSJKHKGFDC97DA,金華段,1.60,都市：其他:道路用地,10000,234,持分移轉,12010000
RPTOMLRKKHKGFDC38DA,培德段,14.53,都市：其他:住宅區(住一),100000,51,持分移轉,04270000
RPUNMLSJKHKGFDC38DA,過港段,2.08,都市：其他:住宅區,100000,87,持分移轉,00040000
RPUNMLLLJHKGFDC77DA,源遠段,23.23,都市：其他:住宅區(住二),10000,33,持分移轉,11280009
RPVNMLSJKHKGFDC48DA,代天府段,20.77,都市：其他:住宅區(住三),100000,51,持分移轉,08370000
RPVNMLSJKHKGFDC48DA,代天府段,.13,都市：其他:道路用地,100000,51,持分移轉,08370001
RPVNMLSJKHKGFDC48DA,代天府段,.16,都市：其他:住宅區(住三),100000,51,持分移轉,08370002
RPVNMLSJKHKGFDC48DA,代天府段,.04,都市：其他:保護區,100000,51,持分移轉,08370003
RPVNMLSJKHKGFDC48DA,代天府段,.00,都市：其他:住宅區(住三),100000,51,持分移轉,08370004
RPVNMLSJKHKGFDC48DA,代天府段,.08,都市：其他:住宅區(住三),100000,51,持分移轉,08370005
RPVNMLSJKHKGFDC48DA,代天府段,.05,都市：其他:道路用地,100000,51,持分移轉,08370006
RPXNMLRKKHKGFDC68DA,德安段,13.11,都市：其他:商業區(商二),100000,100,持分移轉,10220000
RPROMLRKKHKGFDC18DA,大華段,31.75,都市：其他:住宅區(住三),6000,730,持分移轉,21370000
RPPNMLSJKHKGFDC87DA,培德段,13.96,都市：其他:住宅區(住一),100000,49,持分移轉,04270000
RPWNMLPJKIJGFDC28DA,德育段,100.01,都市：其他:住宅區(住二),10000,108,持分移轉,09940000
RPWNMLPJKIJGFDC28DA,德育段,.26,都市：其他:道路用地,10000,108,持分移轉,09940001
RPWNMLPJKIJGFDC28DA,德育段,2.74,都市：其他:住宅區(住二),10000,3,持分移轉,10380000
RPWNMLPJKIJGFDC28DA,德育段,.00,都市：其他:道路用地,10000,3,持分移轉,10380001
RPWNMLPJKIJGFDC28DA,德育段,.01,都市：其他:道路用地,10000,3,持分移轉,10380002
RPWNMLPJKIJGFDC28DA,德育段,.10,都市：其他:道路用地,10000,3,持分移轉,10380003
RPRNMLSJKHKGFDC08DA,五堵段五堵北小段,42.59,都市：其他:住宅區,10000,94,持分移轉,06960000
RPSNMLSKKHKGFDC28DA,麥金段,17.13,都市：其他:住宅區(住二),100000000,47955,持分移轉,05250000
RPSNMLSKKHKGFDC28DA,麥金段,.02,都市：其他:住宅區(住一),100000000,47955,持分移轉,05270001
RPSNMLSKKHKGFDC28DA,麥金段,.01,都市：其他:住宅區(住一),100000000,47955,持分移轉,05290002
RPTOMLNKKHKGFDC97DA,成功段,.92,都市：其他:商業區,100000,102,持分移轉,10940000
RPTOMLNKKHKGFDC97DA,成功段,.00,都市：其他:道路用地,100000,102,持分移轉,10940012
RPTOMLNKKHKGFDC97DA,成功段,.00,都市：其他:道路用地,100000,102,持分移轉,10940029
RPTOMLNKKHKGFDC97DA,成功段,1.60,都市：其他:住宅區,100000,102,持分移轉,10940031
RPTOMLNKKHKGFDC97DA,成功段,1.84,都市：其他:住宅區,100000,102,持分移轉,11780000
RPTOMLNKKHKGFDC97DA,成功段,21.75,都市：其他:住宅區,100000,102,持分移轉,11790000
RPTOMLNKKHKGFDC97DA,成功段,.04,都市：其他:道路用地,100000,102,持分移轉,11790008
RPTOMLNKKHKGFDC97DA,成功段,1.97,都市：其他:住宅區,100000,102,持分移轉,19640000
RPQNMLLKKHKGFDC37DA,延平段,3.77,都市：其他:商業區,100000,249,持分移轉,04070000
RPQNMLLKKHKGFDC37DA,延平段,.01,都市：其他:商業區,100000,249,持分移轉,04110003
RPRNMLLKKHKGFDC47DA,忠義段一小段,.08,都市：其他:道路用地,10000,38,持分移轉,00010000
RPRNMLLKKHKGFDC47DA,日新段一小段,6.54,都市：其他:商業區(商四),10000,38,持分移轉,00030000
RPUNMLRKKHKGFDC38DA,培德段,22.36,都市：其他:住宅區(住二),14,1,持分移轉,00460000
RPPOMLRKKHKGFDC97DA,福祿段,42.00,都市：其他:住宅區,10000,437,持分移轉,02170000
RPUNMLQJKHKGFDC18DA,深澳坑段槓子寮小段,131.07,都市：其他:住宅區(住一),100000,4035,持分移轉,02000004
RPQNMLSKKHKGFDC08DA,新城段,26.76,都市：其他:住宅區(住二),30,1,持分移轉,10080000
RPQNMLSKKHKGFDC08DA,新城段,1.31,都市：其他:道路用地,30,1,持分移轉,10080001
RPRNMLSKKHKGFDC18DA,安國段,24.98,都市：其他:商業區,10000,156,持分移轉,00060000
RPWNMLMKKHKGFDC08DA,長安段,31.16,非都市：鄉村區 ; 非都市編定：乙種建築用地,10000,173,持分移轉,02740000
RPTOMLKKJHKGFDC57DA,仁德段,50.40,都市：其他:住宅區(住一),10000,291,持分移轉,07340018
RPUOMLMKKHKGFDC97DA,長安段,27.19,非都市：鄉村區 ; 非都市編定：乙種建築用地,10000,151,持分移轉,02740000
RPUOMLKKJHKGFDC67DA,德安段,13.11,都市：其他:商業區(商二),100000,100,持分移轉,10220000
RPOOMLKLKIJGFDC27DA,新城段,4.15,都市：其他:住宅區(住一之一),100000,74,持分移轉,06530000
RPOOMLKLKIJGFDC27DA,新城段,11.03,都市：其他:住宅區(住一之一),100000,74,持分移轉,06560000
RPOOMLKLKIJGFDC27DA,新城段,.01,都市：其他:綠地用地,100000,74,持分移轉,06560001
RPOOMLKLKIJGFDC27DA,新城段,.00,都市：其他:綠地用地,100000,74,持分移轉,06560002
RPQRMLMKKHKGFDC87DA,長安段,37.64,非都市：鄉村區 ; 非都市編定：乙種建築用地,10000,209,持分移轉,02740000
RPTNMLRJJHKGFDC08DA,新中山段,.25,都市：其他:商業區,5,1,持分移轉,02050000
RPTNMLRJJHKGFDC08DA,新中山段,15.06,都市：其他:商業區,5,1,持分移轉,02150000
RPWNMLKLKIJGFDC97DA,深澳段,30.84,都市：其他:住宅區(住二),100000,195,持分移轉,00760000
RPUPMLMKKHKGFDC08DA,長安段,31.52,非都市：鄉村區 ; 非都市編定：乙種建築用地,10000,175,持分移轉,02740000
RPWPMLMKKHKGFDC28DA,長安段,37.64,非都市：鄉村區 ; 非都市編定：乙種建築用地,10000,209,持分移轉,02740000
RPVNNLQLKIJGFDC58DA,武嶺段,13.34,都市：其他:住宅區(住一),10000,26,持分移轉,04830000
RPRRMLMKKHKGFDC97DA,長安段,31.52,非都市：鄉村區 ; 非都市編定：乙種建築用地,10000,175,持分移轉,02740000
RPQPMLMKKHKGFDC67DA,長安段,23.95,非都市：鄉村區 ; 非都市編定：乙種建築用地,10000,133,持分移轉,02740000
RPWQMLMKKHKGFDC38DA,長安段,20.89,非都市：鄉村區 ; 非都市編定：乙種建築用地,10000,116,持分移轉,02740000
RPPOMLMKKHKGFDC47DA,長安段,30.80,非都市：鄉村區 ; 非都市編定：乙種建築用地,20000,342,持分移轉,02740000
RPROMLMKKHKGFDC67DA,長安段,26.29,非都市：鄉村區 ; 非都市編定：乙種建築用地,10000,146,持分移轉,02740000
RPQOMLMKKHKGFDC57DA,長安段,30.80,非都市：鄉村區 ; 非都市編定：乙種建築用地,10000,171,持分移轉,02740000
RPXNMLMKKHKGFDC18DA,長安段,31.16,非都市：鄉村區 ; 非都市編定：乙種建築用地,10000,173,持分移轉,02740000
RPSRMLMKKHKGFDC08DA,長安段,31.52,非都市：鄉村區 ; 非都市編定：乙種建築用地,10000,175,持分移轉,02740000
RPXOMLMKKHKGFDC28DA,長安段,28.27,非都市：鄉村區 ; 非都市編定：乙種建築用地,10000,157,持分移轉,02740000
RPOQMLMKKHKGFDC57DA,長安段,27.19,非都市：鄉村區 ; 非都市編定：乙種建築用地,10000,151,持分移轉,02740000
RPPPMLMKKHKGFDC57DA,長安段,20.89,非都市：鄉村區 ; 非都市編定：乙種建築用地,10000,116,持分移轉,02740000
RPOOMLMKKHKGFDC37DA,長安段,31.16,非都市：鄉村區 ; 非都市編定：乙種建築用地,10000,173,持分移轉,02740000
RPSOMLMKKHKGFDC77DA,長安段,26.11,非都市：鄉村區 ; 非都市編定：乙種建築用地,10000,145,持分移轉,02740000
RPTOMLMKKHKGFDC87DA,長安段,26.11,非都市：鄉村區 ; 非都市編定：乙種建築用地,10000,145,持分移轉,02740000
RPVOMLMKKHKGFDC08DA,長安段,27.19,非都市：鄉村區 ; 非都市編定：乙種建築用地,10000,151,持分移轉,02740000
RPPRMLMKKHKGFDC77DA,長安段,20.89,非都市：鄉村區 ; 非都市編定：乙種建築用地,10000,116,持分移轉,02740000
RPSPMLMKKHKGFDC87DA,長安段,20.89,非都市：鄉村區 ; 非都市編定：乙種建築用地,10000,116,持分移轉,02740000
RPURMLMKKHKGFDC28DA,長安段,31.52,非都市：鄉村區 ; 非都市編定：乙種建築用地,10000,175,持分移轉,02740000
RPWOMLMKKHKGFDC18DA,長安段,27.19,非都市：鄉村區 ; 非都市編定：乙種建築用地,10000,151,持分移轉,02740000
RPVQMLMKKHKGFDC28DA,長安段,17.83,非都市：鄉村區 ; 非都市編定：乙種建築用地,10000,99,持分移轉,02740000
RPXQMLMKKHKGFDC48DA,長安段,20.89,非都市：鄉村區 ; 非都市編定：乙種建築用地,10000,116,持分移轉,02740000
RPRQMLMKKHKGFDC87DA,長安段,14.95,非都市：鄉村區 ; 非都市編定：乙種建築用地,10000,83,持分移轉,02740000
RPPQMLMKKHKGFDC67DA,長安段,28.27,非都市：鄉村區 ; 非都市編定：乙種建築用地,10000,157,持分移轉,02740000
RPSQMLMKKHKGFDC97DA,長安段,22.87,非都市：鄉村區 ; 非都市編定：乙種建築用地,10000,127,持分移轉,02740000
RPTQMLMKKHKGFDC08DA,長安段,23.95,非都市：鄉村區 ; 非都市編定：乙種建築用地,10000,133,持分移轉,02740000
RPXNMLTLJIJGFDC88DA,福祿段,38.73,都市：其他:住宅區,100000,445,持分移轉,00010000
RPVOMLSKKIJGFDC68DA,深澳段,30.38,都市：其他:住宅區(住二),10000,147,持分移轉,07640000
