﻿編號,屋齡,建物移轉面積平方公尺,主要用途,主要建材,建築完成日期,總層數,建物分層,移轉情形
The serial number,room age,building shifting area square meter,the main use,main building materials,construction completes the date,total layer,building lamination,
RPSNMLPKJHKGFDC97CC,34,50.46,住家用,鋼筋混凝土造,80年4月25日,五層,,
RPSNMLPKJHKGFDC97CC,34,1.91,共用部份,鋼筋混凝土造,80年4月25日,五層,,
RPPNMLPKJHKGFDC67CC,28,24.89,住家用,鋼筋混凝土造,85年11月29日,二十三層,,
RPPNMLQKJHKGFDC77CC,7,65.96,集合住宅,鋼筋混凝土造,106年11月9日,十層,,
RPPNMLPKJHKGFDC67CC,28,4.19,共用部份,鋼筋混凝土造,85年11月29日,二十三層,,
RPPOMLOKJHKGFDC67CC,28,89.16,住家用,鋼筋混凝土造,86年5月8日,二十二層,,
RPPNMLQKJHKGFDC77CC,7,33.43,本共有部分之項目有防空避難室兼停車空間、台電配電室、梯廳、排煙室、昇降機、信箱區、公共陽台、泳池、泳池水箱、安全梯、水箱、機房、雨水機房、消防機房、供行動不便者使用樓梯、發電機室、垃圾儲藏室、電信機房、停車空間、供管委會使用空間、供行動不便者使用電梯、門廊、男廁、女廁、梯間、消防水箱及陽台等二十七項,鋼筋混凝土造,106年11月9日,十層,,
RPPNMLPKJHKGFDC67CC,28,1.44,共用部份,鋼筋混凝土造,85年11月29日,二十三層,,
RPUNMLPKJHKGFDC18CC,54,47.36,住家用,鋼筋混凝土造,60年1月6日,四層,,
RPPNMLPKJHKGFDC67CC,28,1.93,共用部份,鋼筋混凝土造,85年11月29日,二十三層,,
RPPOMLOKJHKGFDC67CC,28,1.97,共用部份,鋼筋混凝土造,86年5月8日,十一層,,
RPROMLOKJHKGFDC87CC,43,98.21,住家用,鋼筋混凝土造,70年12月27日,三層,,
RPPOMLOKJHKGFDC67CC,28,18.01,共用部份,鋼筋混凝土造,86年5月8日,二十二層,,
RPVNMLPKJHKGFDC28CC,42,121.48,住家用,鋼筋混凝土造,71年10月7日,五層,,
RPPOMLOKJHKGFDC67CC,28,1.00,共用部份,鋼筋混凝土造,86年5月8日,十一層,,
RPTNMLPKJHKGFDC08CC,16,111.35,住家用,鋼筋混凝土造,98年6月2日,六層,,
RPTNMLPKJHKGFDC08CC,16,22.13,共用部份,鋼筋混凝土造,98年6月2日,六層,,
RPTNMLPKJHKGFDC08CC,16,17.70,共用部份,鋼筋混凝土造,98年6月2日,六層,,
RPRNMLPKJHKGFDC87CC,45,75.00,住家用,鋼筋混凝土造,68年8月20日,四層,,
RPQNMLQKJHKGFDC87CC,29,98.13,住家用,鋼筋混凝土造,85年5月13日,六層,,
RPQNMLQKJHKGFDC87CC,28,3.36,共用部份,鋼筋混凝土造,86年1月15日,五層,,
RPQNMLQKJHKGFDC87CC,28,11.86,共用部份,鋼筋混凝土造,86年1月15日,五層,,
RPRNMLQKJHKGFDC97CC,3,67.96,集合住宅,鋼筋混凝土造,110年10月14日,九層,,
RPRNMLQKJHKGFDC97CC,3,35.72,本建物共有部分之項目有行動不便者電梯、管委會使用空間、樓電梯間、梯廳、中控警衛室、大廳、樓梯間、機械室、水箱、防空避難室兼停車空間、停車空間、走廊、配電室、警衛室、消防泵浦室、汽車坡道、機車停車空間、發電機室、電信室、防空避難室、車道、垃圾儲藏室、機房等共２３項。,鋼筋混凝土造,110年10月14日,九層,,
RPUNMLKLJHKGFDC77CC,49,96.23,住家用,鋼筋混凝土加強磚造,65年4月23日,四層,,
RPSNMLKLJHKGFDC57CC,31,73.01,住家用,鋼筋混凝土造,83年1月21日,七層,,
RPSNMLKLJHKGFDC57CC,31,8.28,共用部份,鋼筋混凝土造,83年1月21日,七層,,
RPTNMLKLJHKGFDC67CC,49,85.85,住家用,鋼筋混凝土加強磚造,64年12月18日,四層,,
RPRNMLKLJHKGFDC47CC,29,67.09,住家用,鋼筋混凝土造,84年12月27日,十四層,,
RPRNMLKLJHKGFDC47CC,29,11.58,共用部份,鋼筋混凝土造,84年12月27日,十四層,,
RPRNMLKLJHKGFDC47CC,29,32.88,共用部份,鋼筋混凝土造,84年12月27日,十四層,,
RPQOMLRKJHKGFDC08CC,30,113.63,住家用,鋼筋混凝土造,84年5月25日,七層,,
RPQOMLRKJHKGFDC08CC,30,58.92,共用部份,鋼筋混凝土造,84年5月25日,七層,,
RPVNMLKLJHKGFDC87CC,2,54.97,集合住宅,鋼筋混凝土造,112年6月30日,十三層,,
RPVNMLKLJHKGFDC87CC,2,24.33,本建物共有部分之項目有停車塔、緊急昇降機、排煙室、無障礙電梯、管委會使用、梯廳、機車昇降機、緊急發電機室、鋼瓶室、電信機房、水箱、防空避難室兼停車空間、消防泵浦室、台電配電場所、梯廳兼排煙室、走道、樓梯間、電梯機房、水錶室、屋頂水箱等共２０項。,鋼筋混凝土造,112年6月30日,十三層,,
RPOOMLKLJHKGFDC27CC,44,73.90,住家用,鋼筋混凝土造,69年7月30日,五層,,
RPWNMLKLJHKGFDC97CC,3,50.65,集合住宅,鋼筋混凝土造,111年2月19日,五層,,
RPWNMLKLJHKGFDC97CC,3,53.10,本建物共有部分之項目有停車空間、管委會使用空間、管理員室、無障礙電梯、梯廳、無障礙安全梯、樓梯間、水箱、台電配電場所、消防機房、汙水機房、機房、電信機房、發電機房等共１４項。,鋼筋混凝土造,111年2月19日,五層,,
RPXNMLKLJHKGFDC08CC,29,62.13,住家用,鋼筋混凝土造,84年8月8日,六層,,
RPXNMLKLJHKGFDC08CC,29,9.98,共用部份,鋼筋混凝土造,84年8月8日,六層,,
RPPOMLKLJHKGFDC37CC,26,102.00,住家用,鋼筋混凝土造,88年1月14日,十六層,,
RPXNMLKLJHKGFDC08CC,29,9.74,共用部份,鋼筋混凝土造,84年8月8日,六層,,
RPPOMLKLJHKGFDC37CC,26,19.49,共用部份,鋼筋混凝土造,88年1月14日,十六層,,
RPPOMLKLJHKGFDC37CC,26,5.67,共用部份,鋼筋混凝土造,88年1月14日,十六層,,
RPPOMLKLJHKGFDC37CC,26,2.45,共用部份,鋼筋混凝土造,88年1月14日,十六層,,
RPPOMLKLJHKGFDC37CC,26,1.19,共用部份,鋼筋混凝土造,88年1月14日,十六層,,
RPQOMLKLJHKGFDC47CC,43,79.95,住家用,鋼筋混凝土造,71年6月1日,五層,,
RPROMLKLJHKGFDC57CC,7,95.56,集合住宅,鋼筋混凝土造,106年10月18日,十五層,,
RPROMLKLJHKGFDC57CC,7,18.32,本共有部分之項目有公設空間、門廳、防空避難室兼停車空間、停車空間、社區中心、機械室、游泳池及管委會辦公室等共八項,鋼筋混凝土造,106年10月18日,十五層,,
RPROMLKLJHKGFDC57CC,7,26.35,本共有部分之項目有電梯間、樓梯間、蓄水池及水箱等共四項,鋼筋混凝土造,106年10月18日,十五層,,
RPROMLKLJHKGFDC57CC,7,.66,本共有部分之項目有台電配電室共一項,鋼筋混凝土造,106年10月18日,十五層,,
RPQNMLRKJHKGFDC97CC,35,91.15,住家用,鋼筋混凝土造,79年4月24日,五層,,
RPQNMLRKJHKGFDC97CC,35,7.38,共用部份,鋼筋混凝土造,79年4月24日,五層,,
RPUNMLRKJHKGFDC38CC,46,84.00,住家用,鋼筋混凝土造,68年1月18日,五層,,
RPTNMLRKJHKGFDC28CC,30,45.43,住家用,鋼筋混凝土造,84年7月1日,十二層,,
RPTNMLRKJHKGFDC28CC,30,3.31,共用部份,鋼筋混凝土造,84年7月1日,十二層,,
RPTNMLRKJHKGFDC28CC,30,7.27,共用部份,鋼筋混凝土造,84年7月1日,十二層,,
RPWNMLRKJHKGFDC58CC,29,110.16,住家用,鋼筋混凝土造,84年8月8日,六層,,
RPWNMLRKJHKGFDC58CC,29,9.57,共用部份,鋼筋混凝土造,84年8月8日,六層,,
RPWNMLRKJHKGFDC58CC,29,8.17,共用部份,鋼筋混凝土造,84年8月8日,六層,,
RPSNMLRKJHKGFDC18CC,32,33.00,住家用,鋼筋混凝土造,82年1月11日,十二層,,
RPSNMLRKJHKGFDC18CC,32,2.58,共用部份,鋼筋混凝土造,82年1月11日,十二層,,
RPSNMLRKJHKGFDC18CC,32,6.16,共用部份,鋼筋混凝土造,82年1月11日,十二層,,
RPSNMLRKJHKGFDC18CC,32,2.75,共用部份,鋼筋混凝土造,82年1月11日,十二層,,
RPQPMLKLJHKGFDC57CC,26,76.51,住家用,鋼筋混凝土造,87年12月10日,五層,,
RPSOMLKLJHKGFDC67CC,29,55.90,住家用,鋼筋混凝土造,85年2月17日,十層,,
RPQPMLKLJHKGFDC57CC,26,31.24,共用部份,鋼筋混凝土造,87年12月10日,五層,,
RPSOMLKLJHKGFDC67CC,29,6.66,共用部份,鋼筋混凝土造,85年2月17日,十層,,
RPSOMLKLJHKGFDC67CC,29,11.62,共用部份,鋼筋混凝土造,85年2月17日,十層,,
RPQNMLLLJHKGFDC47CC,6,93.61,集合住宅,鋼筋混凝土造,108年2月12日,十四層,,
RPQNMLLLJHKGFDC47CC,6,17.53,本共有部分之項目有樓電梯間、梯廳、樓梯間、設備室、機械室及水箱等六項,鋼筋混凝土造,108年2月12日,十四層,,
RPQNMLLLJHKGFDC47CC,6,25.66,本共有部分之項目有車道、住宅門廳、排煙室兼梯廳、樓電梯間、陽台、防空避難室兼停車空間、受電箱、安全梯、台電配電場所、電信室、機房、儲藏室、機械設備室、機械室、排煙室、樓梯間、貯藏室、管委會使用空間、門廳及住宅挑高門廳等二十項,鋼筋混凝土造,108年2月12日,十四層,,
RPSPMLKLJHKGFDC77CC,13,1087.60,工廠,鋼筋混凝土造,100年10月19日,四層,,
RPRNMLLLJHKGFDC57CC,27,65.45,住家用,鋼筋混凝土造,86年11月21日,十八層,,
RPRNMLLLJHKGFDC57CC,27,9.01,共用部份,鋼筋混凝土造,86年11月21日,十八層,,
RPRNMLLLJHKGFDC57CC,27,5.60,共用部份,鋼筋混凝土造,86年11月21日,二十一層,,
RPRNMLLLJHKGFDC57CC,27,34.17,共用部份,鋼筋混凝土造,86年11月21日,二十一層,,
RPWOMLKLJHKGFDC08CC,28,39.48,住家用,鋼筋混凝土造,86年5月8日,十一層,,
RPWOMLKLJHKGFDC08CC,28,.86,共用部份,鋼筋混凝土造,86年5月8日,十一層,,
RPWOMLKLJHKGFDC08CC,28,9.23,共用部份,鋼筋混凝土造,86年5月8日,十一層,,
RPWOMLKLJHKGFDC08CC,28,.44,共用部份,鋼筋混凝土造,86年5月8日,十一層,,
RPXOMLKLJHKGFDC18CC,45,61.87,住家用,鋼筋混凝土造,68年12月22日,四層,,
RPPNMLLLJHKGFDC37CC,29,45.67,住家用,鋼筋混凝土造,84年11月22日,九層,,
RPPNMLLLJHKGFDC37CC,29,8.33,共用部份,鋼筋混凝土造,84年11月22日,九層,,
RPPPMLKLJHKGFDC47CC,2,53.18,集合住宅,鋼筋混凝土造,111年12月1日,十五層,,
RPPPMLKLJHKGFDC47CC,2,28.14,本建物共有部分之項目有停車空間．機電設備空間．無障礙電梯．排煙室．自來水池．防空避難室兼停車空間．台電配電場所．垃圾儲藏室．梯廳．外廊．門廊．陽台．管委會管理空間．游泳池．安全梯．管道間．消防水箱．自來水箱．樓梯間等共１９項。,鋼筋混凝土造,111年12月1日,十五層,,
RPTNMLLLJHKGFDC77CC,6,75.59,集合住宅,鋼筋混凝土造,108年2月12日,十四層,,
RPTNMLLLJHKGFDC77CC,6,13.67,本共有部分之項目有樓電梯間、梯廳、樓梯間、設備室、機械室及水箱等六項,鋼筋混凝土造,108年2月12日,十四層,,
RPTNMLLLJHKGFDC77CC,6,20.22,本共有部分之項目有車道、住宅門廳、排煙室兼梯廳、樓電梯間、陽台、防空避難室兼停車空間、受電箱、安全梯、台電配電場所、電信室、機房、儲藏室、機械設備室、機械室、排煙室、樓梯間、貯藏室、管委會使用空間、門廳及住宅挑高門廳等二十項,鋼筋混凝土造,108年2月12日,十四層,,
RPUNMLMLJHKGFDC97CC,29,31.78,住家用,鋼筋混凝土造,85年4月26日,十六層,,
RPUNMLMLJHKGFDC97CC,29,6.25,共用部份,鋼筋混凝土造,85年4月26日,十六層,,
RPUNMLMLJHKGFDC97CC,29,3.75,共用部份,鋼筋混凝土造,85年4月26日,十六層,,
RPOOMLLLJHKGFDC37CC,47,68.64,住家用,鋼筋混凝土加強磚造,67年5月2日,四層,,
RPSNMLMLJHKGFDC77CC,6,71.51,集合住宅,鋼筋混凝土造,107年10月25日,五層,,
RPSNMLMLJHKGFDC77CC,6,34.01,本共同部分之項目有樓電梯間、梯廳、門廳、門廊、樓梯間、機房等共６項。,鋼筋混凝土造,107年10月25日,五層,,
RPXNMLLLJHKGFDC18CC,6,93.61,集合住宅,鋼筋混凝土造,108年2月12日,十四層,,
RPPOMLLLJHKGFDC47CC,32,120.05,住家用,鋼筋混凝土造,82年5月10日,七層,,
RPSNMLMLJHKGFDC77CC,6,.08,本共同部分之項目有樓梯間、機房等共２項。,鋼筋混凝土造,107年10月25日,五層,,
RPXNMLLLJHKGFDC18CC,6,17.53,本共有部分之項目有樓電梯間、梯廳、樓梯間、設備室、機械室及水箱等六項,鋼筋混凝土造,108年2月12日,十四層,,
RPPOMLLLJHKGFDC47CC,32,24.54,共用部份,鋼筋混凝土造,82年5月10日,七層,,
RPQNMLMLJHKGFDC57CC,28,82.39,住家用,鋼筋混凝土造,86年4月1日,五層,,
RPTNMLMLJHKGFDC87CC,29,58.97,住家用,鋼筋混凝土造,84年8月8日,六層,,
RPXNMLLLJHKGFDC18CC,6,25.66,本共有部分之項目有車道、住宅門廳、排煙室兼梯廳、樓電梯間、陽台、防空避難室兼停車空間、受電箱、安全梯、台電配電場所、電信室、機房、儲藏室、機械設備室、機械室、排煙室、樓梯間、貯藏室、管委會使用空間、門廳及住宅挑高門廳等二十項,鋼筋混凝土造,108年2月12日,十四層,,
RPTNMLMLJHKGFDC87CC,29,9.77,共用部份,鋼筋混凝土造,84年8月8日,六層,,
RPTNMLMLJHKGFDC87CC,29,11.64,共用部份,鋼筋混凝土造,84年8月8日,六層,,
RPVNMLLLJHKGFDC97CC,28,52.21,住家用,鋼筋混凝土造,86年5月8日,十一層,,
RPQNMLMLJHKGFDC57CC,28,15.91,共用部份,鋼筋混凝土造,86年4月1日,五層,,
RPVNMLLLJHKGFDC97CC,28,1.15,共用部份,鋼筋混凝土造,86年5月8日,十一層,,
RPVNMLLLJHKGFDC97CC,28,10.54,共用部份,鋼筋混凝土造,86年5月8日,十一層,,
RPVNMLLLJHKGFDC97CC,28,.58,共用部份,鋼筋混凝土造,86年5月8日,十一層,,
RPWNMLLLJHKGFDC08CC,16,251.51,地面一層：停車空間；地面二至四層：鄉村住宅；屋突一層：樓梯間；屋突二層：水箱,鋼筋混凝土造,97年9月8日,四層,,
RPWNMLLLJHKGFDC08CC,16,8.46,共用部份,鋼筋混凝土造,97年9月8日,五層,,
RPQOMLLLJHKGFDC57CC,30,79.06,住家用,鋼筋混凝土造,84年5月17日,六層,,
RPQOMLLLJHKGFDC57CC,30,13.89,共用部份,鋼筋混凝土造,84年5月17日,六層,,
RPQOMLLLJHKGFDC57CC,30,15.36,共用部份,鋼筋混凝土造,84年5月17日,六層,,
RPOOMLMLJHKGFDC47CC,27,87.03,住家用,鋼筋混凝土造,86年8月13日,七層,,
RPWNMLMLJHKGFDC18CC,46,70.71,住家用,鋼筋混凝土造,68年3月14日,四層,,
RPXNMLMLJHKGFDC28CC,26,23.65,住家用,鋼筋混凝土造,88年1月14日,十六層,,
RPXNMLMLJHKGFDC28CC,26,5.59,共用部份,鋼筋混凝土造,88年1月14日,十六層,,
RPXNMLMLJHKGFDC28CC,26,.29,共用部份,鋼筋混凝土造,88年1月14日,十六層,,
RPOOMLMLJHKGFDC47CC,27,13.89,共用部份,鋼筋混凝土造,86年8月13日,七層,,
RPPOMLMLJHKGFDC57CC,26,106.17,住家用,鋼筋混凝土造,88年7月17日,六層,,
RPPOMLMLJHKGFDC57CC,26,39.00,共用部份,鋼筋混凝土造,88年7月17日,六層,,
RPQOMLMLJHKGFDC67CC,47,63.70,住家用,鋼筋混凝土造,67年6月7日,四層,,
RPXNMLMLJHKGFDC28CC,26,1.35,共用部份,鋼筋混凝土造,88年1月14日,十六層,,
RPXNMLMLJHKGFDC28CC,26,.63,共用部份,鋼筋混凝土造,88年1月14日,十六層,,
RPXNMLMLJHKGFDC28CC,26,.26,共用部份,鋼筋混凝土造,88年1月14日,十六層,,
RPVOMLMLJHKGFDC18CC,41,114.24,住家用,鋼筋混凝土造,72年8月4日,五層,,
RPQNMLNLJHKGFDC67CC,30,97.76,住家用,鋼筋混凝土造,84年5月12日,五層,,
RPQNMLNLJHKGFDC67CC,30,12.96,共用部份,鋼筋混凝土造,84年5月12日,五層,,
RPSNMLNLJHKGFDC87CC,34,119.47,住家用,鋼筋混凝土造,80年1月10日,五層,,
RPTOMLMLJHKGFDC97CC,29,80.13,住家用,鋼筋混凝土造,84年8月8日,六層,,
RPTOMLMLJHKGFDC97CC,29,12.76,共用部份,鋼筋混凝土造,84年8月8日,六層,,
RPUOMLMLJHKGFDC08CC,41,82.44,住家用,鋼筋混凝土造,73年1月27日,四層,,
RPTOMLMLJHKGFDC97CC,29,16.17,共用部份,鋼筋混凝土造,84年8月8日,六層,,
RPUOMLMLJHKGFDC08CC,41,4.74,共用部份,鋼筋混凝土造,73年1月27日,四層,,
RPVNMLNLJHKGFDC18CC,26,83.06,住家用,鋼筋混凝土造,88年1月22日,五層,,
RPXNMLNLJHKGFDC38CC,28,24.03,住家用,鋼筋混凝土造,85年11月29日,二十三層,,
RPOOMLNLJHKGFDC57CC,44,23.25,住家用,鋼筋混凝土造,69年10月1日,四層,,
RPVNMLNLJHKGFDC18CC,26,7.72,共用部份,鋼筋混凝土造,88年1月22日,五層,,
RPXNMLNLJHKGFDC38CC,28,3.89,共用部份,鋼筋混凝土造,85年11月29日,二十三層,,
RPVNMLNLJHKGFDC18CC,26,5.32,共用部份,鋼筋混凝土造,88年1月22日,七層,,
RPXNMLNLJHKGFDC38CC,28,1.34,共用部份,鋼筋混凝土造,85年11月29日,二十三層,,
RPVNMLNLJHKGFDC18CC,26,34.92,共用部份,鋼筋混凝土造,88年1月22日,七層,,
RPXNMLNLJHKGFDC38CC,28,1.79,共用部份,鋼筋混凝土造,85年11月29日,二十三層,,
RPVNMLNLJHKGFDC18CC,26,2.11,共用部份,鋼筋混凝土造,88年1月22日,七層,,
RPPNMLNLJHKGFDC57CC,42,97.19,住家用,鋼筋混凝土造,71年12月29日,五層,,
RPUNMLNLJHKGFDC08CC,26,83.88,住家用,鋼筋混凝土造,88年1月14日,十二層,,
RPUNMLNLJHKGFDC08CC,26,18.53,共用部份,鋼筋混凝土造,88年1月14日,十三層,,
RPUNMLNLJHKGFDC08CC,26,14.41,共用部份,鋼筋混凝土造,88年1月14日,十三層,,
RPPOMLNLJHKGFDC67CC,30,85.80,住家用,鋼筋混凝土造,83年10月15日,五層,,
RPPOMLNLJHKGFDC67CC,30,2.36,共用部份,鋼筋混凝土造,83年10月15日,五層,,
RPPOMLNLJHKGFDC67CC,30,7.86,共用部份,鋼筋混凝土造,83年10月15日,五層,,
RPPNMLOLJHKGFDC67CC,28,42.60,住家用,鋼筋混凝土造,85年11月29日,二十三層,,
RPPNMLOLJHKGFDC67CC,28,5.62,共用部份,鋼筋混凝土造,85年11月29日,二十三層,,
RPPNMLOLJHKGFDC67CC,28,2.17,共用部份,鋼筋混凝土造,85年11月29日,二十三層,,
RPPNMLOLJHKGFDC67CC,28,3.35,共用部份,鋼筋混凝土造,85年11月29日,二十三層,,
RPTNMLOLJHKGFDC08CC,46,81.88,住家用,鋼筋混凝土造,67年11月2日,五層,,
RPRNMLOLJHKGFDC87CC,1,54.43,集合住宅,鋼筋混凝土造,113年1月16日,十三層,,
RPRNMLOLJHKGFDC87CC,1,29.14,本建物共有部分之項目有防災中心．安全梯．緊急升降機．梯廳．排風管道．門廊．排煙室．儲藏室．管委會管理空間．機電設備空間．無障礙樓梯．管道間．樓梯間．電梯間．消防水箱．自來水箱．台電配電場所．停車空間．防空避難室兼停車空間．垃圾儲藏室．門廳．台電管道間．自來水池．陽台．雨遮．中繼消防水箱等共２６項。,鋼筋混凝土造,113年1月16日,二十二層,,
RPWNMLPJKHKGFDC38CC,27,138.60,商業用,鋼筋混凝土造,87年3月3日,五層,,
RPWNMLPJKHKGFDC38CC,27,38.46,共用部份,鋼筋混凝土造,87年3月3日,五層,,
RPPNMLNJKHKGFDC57DC,18,199.05,１層：一般事務所、停車空間；２至４層：一般事務所、辦公室（廳）；屋頂突一層：樓梯間,鋼筋混凝土造,96年1月16日,四層,,
RPPNMLNJKHKGFDC57DC,18,.44,共用部份,鋼筋混凝土造,96年1月16日,四層,,
