﻿編號,車位類別,車位價格,車位面積平方公尺,車位所在樓層
Serial number,berth category,berth price,berth area square meter,
RPOOMLRKJHKGFDC77CB,坡道平面,1900000,23.75,地下二樓
RPPNMLRKJHKGFDC77CB,坡道平面,1800000,23.75,地下一樓
RPWNMLKLJHKGFDC87CB,坡道平面,1800000,23.75,地下一樓
RPXNMLKLJHKGFDC97CB,坡道平面,1900000,23.75,地下二樓
RPRNMLKLJHKGFDC37CB,坡道平面,1800000,23.75,地下一樓
RPRNMLKLJHKGFDC37CB,坡道平面,1800000,23.75,地下一樓
RPOOMLKLJHKGFDC17CB,坡道平面,1800000,23.75,地下二樓
RPVNMLKLJHKGFDC77CB,坡道平面,1550000,23.75,地下一樓
RPTNMLKLJHKGFDC57CB,坡道平面,1800000,23.75,地下一樓
RPSNMLKLJHKGFDC47CB,坡道平面,1700000,23.75,地下一樓
RPUNMLKLJHKGFDC67CB,坡道平面,1900000,23.75,地下二樓
RPQNMLKLJHKGFDC27CB,坡道平面,1800000,23.75,地下一樓
RPPNMLKLJHKGFDC17CB,坡道平面,1900000,23.75,地下二樓
RPRNMLOJKHKGFDC67CB,坡道平面,1850000,23.75,地下二樓
RPQOMLKLJHKGFDC37CB,坡道平面,1800000,23.75,地下一樓
RPTNMLOJKHKGFDC87CB,坡道平面,2000000,23.75,地下二樓
RPPNMLOJKHKGFDC47CB,坡道平面,1850000,23.75,地下二樓
RPPNMLPJKHKGFDC57CB,坡道平面,1800000,23.75,地下一樓
RPPNMLPJKHKGFDC57CB,坡道平面,1700000,23.75,地下一樓
RPUNMLOJKHKGFDC97CB,坡道平面,1750000,23.75,地下一樓
RPPOMLKLJHKGFDC27CB,坡道平面,1900000,23.75,地下二樓
RPSNMLOJKHKGFDC77CB,坡道平面,1850000,23.75,地下二樓
