﻿鄉鎮市區,交易標的,土地位置建物門牌,土地面積平方公尺,都市土地使用分區,非都市土地使用分區,非都市土地使用編定,租賃年月日,租賃筆棟數,租賃層次,總樓層數,建物型態,主要用途,主要建材,建築完成年月,建物總面積平方公尺,建物現況格局-房,建物現況格局-廳,建物現況格局-衛,建物現況格局-隔間,有無管理組織,有無附傢俱,總額元,單價元平方公尺,車位類別,車位面積平方公尺,車位總額元,備註,編號,出租型態,有無管理員,租賃期間,有無電梯,附屬設備,租賃住宅服務
The villages and towns urban district,transaction sign,land sector position building sector house number plate,land shifting total area square meter,the use zoning or compiles and checks,the non-metropolis land use district,non-metropolis land use,transaction year month and day,transaction pen number,shifting level,total floor number,building state,main use,main building materials,construction to complete the years,building shifting total area,Building present situation pattern - room,building present situation pattern - hall,building present situation pattern - health,building present situation pattern - compartmented,Whether there is manages the organization,Whether there is attaches the furniture,total price NTD,the unit price (NTD / square meter),the berth category,berth shifting total area square meter,the berth total price NTD,the note,serial number,Rental type,Residential Manager,Rental period,elevator,equipment,Rental residential services
仁愛區,租賃房屋,基隆市仁愛區劉銘傳路７８號４樓,0.0,,,,1140121,土地0建物1車位0,四層,4,公寓(5樓含以下無電梯),住家用,鋼筋混凝土加強磚造,0610908,56.86,3,1,1,有,無,有,18000,317,,0.0,0,,RPSNMLLLJHKGFDC67CC,整棟(戶)出租,無,1140131~1150130,無,冷氣、熱水器、洗衣機、冰箱、瓦斯或天然氣,社會住宅代管
安樂區,租賃房屋,基隆市安樂區樂利二街６２巷８８號３樓,0.0,,,,1140121,土地0建物1車位0,三層,7,華廈(10層含以下有電梯),住家用,鋼筋混凝土造,0850322,106.56,3,1,2,有,有,無,15000,141,,0.0,0,,RPROMLMLJHKGFDC77CC,整棟(戶)出租,有,1140206~1150205,有,冷氣、熱水器、洗衣機、瓦斯或天然氣,社會住宅代管
信義區,租賃房屋,基隆市信義區東信路１８０巷５０之３號,0.0,,,,1140122,土地0建物1車位0,四層,5,公寓(5樓含以下無電梯),住家用,鋼筋混凝土造,0670712,99.89,2,1,2,有,無,有,12500,125,,0.0,0,,RPSOMLMLJHKGFDC87CC,整棟(戶)出租,無,1140213~1150212,無,冷氣、熱水器、洗衣機、冰箱、瓦斯或天然氣,社會住宅包租轉租
中正區,租賃房屋+車位,基隆市中正區新豐街９８號２樓之３,0.0,,,,1140122,土地0建物1車位1,二層,8,華廈(10層含以下有電梯),集合住宅,鋼筋混凝土造,1120928,157.82,3,1,2,有,有,有,28500,181,坡道平面,41.4,0,,RPRNMLNLJHKGFDC77CC,整棟(戶)出租,有,1140201~1150131,有,冷氣、洗衣機、電視機、冰箱,一般代管
中正區,租賃房屋,基隆市中正區新豐街２２６號７樓,0.0,,,,1140122,土地0建物1車位0,七層,23,住宅大樓(11層含以上有電梯),住家用,鋼筋混凝土造,0851129,32.29,1,0,1,有,有,有,7000,217,,0.0,0,,RPQNMLOLJHKGFDC77CC,整棟(戶)出租,有,1140201~1150131,有,冷氣、熱水器、洗衣機、電視機、冰箱、瓦斯或天然氣,社會住宅代管
七堵區,租賃房屋,基隆市七堵區泰和街１５之２號,0.0,,,,1140121,土地0建物1車位0,全,4,透天厝,地下一層：停車空間、一至四層：集合住宅,鋼筋混凝土造,1011106,231.96,4,2,3,有,有,有,19800,85,,0.0,0,,RPSNMLOLJHKGFDC97CC,整棟(戶)出租,無,1140210~1150209,無,冷氣、熱水器、電視機、冰箱、瓦斯或天然氣,社會住宅代管
安樂區,租賃房屋,基隆市安樂區安一路３７０巷１４之３號,0.0,,,,1140123,土地0建物1車位0,四層,4,公寓(5樓含以下無電梯),住家用,鋼筋混凝土加強磚造,0631213,69.95,2,2,1,有,無,有,9000,129,,0.0,0,,RPUNMLOLJHKGFDC18CC,整棟(戶)出租,無,1140124~1150123,無,冷氣、熱水器、洗衣機、電視機、冰箱、瓦斯或天然氣,社會住宅包租轉租
中正區,租賃房屋,基隆市中正區觀海街１８５號７樓,0.0,,,,1140125,土地0建物1車位0,七層,16,住宅大樓(11層含以上有電梯),住家用,鋼筋混凝土造,0880114,138.89,2,2,2,有,有,有,8000,58,,0.0,0,,RPPNMLNJKHKGFDC47CC,整棟(戶)出租,有,1140201~1150131,有,冷氣、熱水器、洗衣機、電視機、冰箱、瓦斯或天然氣,社會住宅代管
七堵區,租賃房屋+車位,基隆市七堵區福二街２１７號７樓,0.0,,,,1140124,土地0建物1車位1,七層,7,華廈(10層含以下有電梯),住家用,鋼筋混凝土造,0820607,119.65,3,1,2,有,有,無,18600,155,坡道平面,0.0,1000,,RPQNMLNJKHKGFDC57CC,整棟(戶)出租,有,1140201~1150131,有,冷氣、熱水器、瓦斯或天然氣,社會住宅包租轉租
信義區,租賃房屋,基隆市信義區深澳坑路２之５號１６樓之８,0.0,,,,1140123,土地0建物1車位0,十六層,16,住宅大樓(11層含以上有電梯),住家用,鋼筋混凝土造,0850426,40.85,1,1,1,有,有,有,12600,308,,0.0,0,,RPRNMLNJKHKGFDC67CC,獨立套房,有,1140124~1150123,有,冷氣、熱水器、洗衣機、冰箱,社會住宅代管
中山區,租賃房屋,基隆市中山區復興路３３４巷１１號５樓之１３,0.0,,,,1140122,土地0建物1車位0,五層,7,華廈(10層含以下有電梯),住家用,鋼筋混凝土造,0970701,29.939999999999998,1,0,1,有,有,有,7000,234,,0.0,0,,RPSNMLNJKHKGFDC77CC,獨立套房,有,1140125~1150124,有,冷氣、熱水器、洗衣機、電視機、冰箱,社會住宅包租轉租
中山區,租賃房屋,基隆市中山區復興路２５９巷３２號五樓,0.0,,,,1140124,土地0建物1車位0,五層,5,公寓(5樓含以下無電梯),住家用,鋼筋混凝土造,0830930,80.55,3,1,2,有,無,有,9000,112,,0.0,0,,RPTNMLNJKHKGFDC87CC,整棟(戶)出租,無,1140124~1141216,無,冷氣、熱水器、洗衣機、電視機、瓦斯或天然氣,社會住宅代管
暖暖區,租賃房屋,基隆市暖暖區碇內街２６７號四樓,0.0,,,,1140124,土地0建物1車位0,四層,6,華廈(10層含以下有電梯),住家用,鋼筋混凝土造,0840808,109.06,3,1,2,有,有,無,9400,86,,0.0,0,,RPUNMLNJKHKGFDC97CC,整棟(戶)出租,無,1140203~1150202,有,熱水器、瓦斯或天然氣,社會住宅代管
信義區,租賃房屋,基隆市信義區深澳坑路１６６之２４號２樓,0.0,,,,1140124,土地0建物1車位0,二層,10,華廈(10層含以下有電梯),住家用,鋼筋混凝土造,0840127,132.89,3,1,2,有,有,無,13700,103,,0.0,0,未租賃車位，建物登記含有車位面積；,RPVNMLNJKHKGFDC08CC,整棟(戶)出租,有,1140201~1150131,有,熱水器、瓦斯或天然氣,社會住宅代管
暖暖區,租賃房屋,基隆市暖暖區過港路１０４之１號２樓,0.0,,,,1140124,土地0建物1車位0,二層,5,公寓(5樓含以下無電梯),住家用,鋼筋混凝土造,0900524,99.23,3,2,2,有,無,有,10000,101,,0.0,0,,RPWNMLNJKHKGFDC18CC,整棟(戶)出租,無,1140215~1150214,無,熱水器、洗衣機、電視機、冰箱、瓦斯或天然氣,社會住宅代管
信義區,租賃房屋,基隆市信義區教忠街８０巷１９之１號,0.0,,,,1140124,土地0建物1車位0,全,4,透天厝,住家用,鋼筋混凝土造,0931126,248.12,3,2,2,有,無,有,10000,40,,0.0,0,,RPXNMLNJKHKGFDC28CC,整棟(戶)出租,無,1140225~1150224,無,冷氣、熱水器、瓦斯或天然氣,社會住宅代管
信義區,租賃房屋,基隆市信義區培德路２巷２７號,0.0,,,,1140124,土地0建物1車位0,全,2,透天厝,住家用,加強磚造,,89.22,3,2,1,有,無,有,11500,129,,0.0,0,,RPOOMLNJKHKGFDC47CC,整棟(戶)出租,無,1140131~1150130,無,熱水器、瓦斯或天然氣,社會住宅代管
安樂區,租賃房屋,基隆市安樂區樂利三街２６３巷３５之４號,0.0,,,,1140122,土地0建物1車位0,五層,5,公寓(5樓含以下無電梯),住家用,鋼筋混凝土造,0710603,87.85,3,2,2,有,無,有,8000,91,,0.0,0,,RPPOMLNJKHKGFDC57CC,整棟(戶)出租,無,1140215~1150214,無,冷氣、熱水器、瓦斯或天然氣,社會住宅代管
安樂區,租賃房屋,基隆市安樂區樂利二街６２巷３００號１２樓,0.0,,,,1140122,土地0建物1車位0,十二層,12,住宅大樓(11層含以上有電梯),住家用,鋼筋混凝土造,0881231,36.22,1,0,1,有,無,有,9000,248,,0.0,0,,RPQOMLNJKHKGFDC67CC,獨立套房,有,1140210~1150424,有,冷氣、熱水器、洗衣機、電視機、冰箱、瓦斯或天然氣,社會住宅包租轉租
信義區,租賃房屋,基隆市信義區仁一路３７巷３號３樓,0.0,,,,1140122,土地0建物1車位0,三層,5,公寓(5樓含以下無電梯),住家用,鋼筋混凝土造,0820804,103.19,3,2,2,有,無,有,14000,136,,0.0,0,,RPROMLNJKHKGFDC77CC,整棟(戶)出租,無,1140201~1150131,無,冷氣、熱水器、瓦斯或天然氣,社會住宅包租轉租
暖暖區,租賃房屋,基隆市暖暖區碇內街２２９號６樓,0.0,,,,1140123,土地0建物1車位0,六層,6,華廈(10層含以下有電梯),住家用,鋼筋混凝土造,0840808,93.67999999999999,3,1,1,有,有,有,12000,128,,0.0,0,,RPPNMLOJKHKGFDC57CC,整棟(戶)出租,無,1140216~1150215,有,冷氣、熱水器、洗衣機、瓦斯或天然氣,社會住宅代管
中山區,租賃房屋,基隆市中山區西定路１３２巷８號４樓,0.0,,,,1140121,土地0建物1車位0,四層,5,公寓(5樓含以下無電梯),住家用,鋼筋混凝土造,0870514,120.37,2,1,2,有,無,有,11000,91,,0.0,0,,RPQNMLOJKHKGFDC67CC,整棟(戶)出租,無,1140208~1150207,無,冷氣、熱水器、洗衣機、電視機、冰箱、瓦斯或天然氣,社會住宅包租轉租
中山區,租賃房屋,基隆市中山區文化路１７５之１號,0.0,,,,1140121,土地0建物1車位0,二層,4,公寓(5樓含以下無電梯),住家用,鋼筋混凝土造,0660914,63.96,3,1,1,有,無,有,11000,172,,0.0,0,,RPRNMLOJKHKGFDC77CC,整棟(戶)出租,無,1140131~1150130,無,冷氣、熱水器、洗衣機、冰箱、瓦斯或天然氣,社會住宅代管
中山區,租賃房屋,基隆市中山區中山一路４９之２號,0.0,,,,1140121,土地0建物1車位0,三層,5,公寓(5樓含以下無電梯),住家用,鋼筋混凝土造,0701231,71.08,3,1,1,有,無,有,11000,155,,0.0,0,,RPSNMLOJKHKGFDC87CC,整棟(戶)出租,無,1140125~1150124,無,冷氣、熱水器、瓦斯或天然氣,社會住宅包租轉租
安樂區,租賃房屋,基隆市安樂區中和路８５巷１３號４樓,0.0,,,,1140121,土地0建物1車位0,四層,11,住宅大樓(11層含以上有電梯),住家用,鋼筋混凝土造,0860508,65.25999999999999,3,2,2,有,有,有,8000,123,,0.0,0,,RPTNMLOJKHKGFDC97CC,整棟(戶)出租,有,1140201~1150131,有,冷氣、熱水器、洗衣機、冰箱、瓦斯或天然氣,社會住宅代管
信義區,租賃房屋,基隆市信義區深澳坑路２之５號７樓之４,0.0,,,,1140127,土地0建物1車位0,七層,16,住宅大樓(11層含以上有電梯),住家用,鋼筋混凝土造,0850426,40.84,1,0,1,有,有,有,9000,220,,0.0,0,租金總額含管理費；,RPPNMLOJKHKGFDC67DC,獨立套房,有,1140130~1150129,有,冷氣、熱水器、洗衣機、電視機、冰箱,一般包租
中山區,租賃房屋,基隆市中山區復興路３７５之２號,0.0,,,,1140124,土地0建物1車位0,三層,4,公寓(5樓含以下無電梯),住家用,鋼筋混凝土造,0660520,59.21,4,2,1,有,無,有,11000,186,,0.0,0,,RPQNMLPJKHKGFDC77CC,整棟(戶)出租,無,1140131~1150130,無,冷氣、熱水器、電視機、瓦斯或天然氣,社會住宅包租轉租
七堵區,租賃房屋,基隆市七堵區自治北街４１之１號,36.5,住,,,1140124,土地1建物1車位0,二層,4,公寓(5樓含以下無電梯),住家用,鋼筋混凝土加強磚造,0640104,89.55,3,2,1,有,無,無,13000,145,,0.0,0,,RPPNMLQJKHKGFDC77CC,整棟(戶)出租,無,1140216~1150215,無,瓦斯或天然氣,
七堵區,租賃房屋,基隆市七堵區百五街４３-２號,0.0,,,,1140126,土地0建物0車位0,三層,5,公寓(5樓含以下無電梯),住家用,鋼筋混凝土造,0701223,101.85,4,0,4,有,無,有,7500,74,,0.0,0,分租套房第4號租金總額含水費；其他有線第四台；,RPTNMLQJKHKGFDC18CC,分租套房,無,1140227~1150204,無,冷氣、熱水器、洗衣機、電視機、冰箱、瓦斯或天然氣、有線電視,
暖暖區,租賃房屋,基隆市暖暖區暖暖街５７０巷８３之１號５樓,0.0,,,,1140123,土地0建物1車位0,五層,7,華廈(10層含以下有電梯),住家用,鋼筋混凝土造,0851209,56.41,3,1,2,有,有,有,13500,239,,0.0,0,,RPRNMLOKKHKGFDC87CC,整棟(戶)出租,有,1140201~1150131,有,冷氣、熱水器、洗衣機、冰箱、瓦斯或天然氣,社會住宅包租轉租
中正區,租賃房屋,基隆市中正區和豐街２４９號五樓,0.0,,,,1140126,土地0建物1車位0,五層,11,住宅大樓(11層含以上有電梯),集合住宅,鋼筋混凝土造,1130716,88.33,2,2,1,有,有,有,16000,181,,0.0,0,,RPSNMLOKKHKGFDC97CC,整棟(戶)出租,有,1140201~1150131,有,冷氣、熱水器、洗衣機、冰箱、瓦斯或天然氣,
中山區,租賃房屋,基隆市中山區復興路３９９之３號,0.0,,,,1140124,土地0建物0車位0,四層,4,公寓(5樓含以下無電梯),住家用,鋼筋混凝土造,0680319,19.81,4,0,4,有,無,有,6500,328,,0.0,0,租金總額含水費；網路費；,RPTNMLOKKHKGFDC08CC,分租套房,無,1140125~1150124,無,冷氣、冰箱,
