﻿編號,屋齡,建物移轉面積平方公尺,主要用途,主要建材,建築完成日期,總層數,建物分層,移轉情形
The serial number,room age,building shifting area square meter,the main use,main building materials,construction completes the date,total layer,building lamination,
RPUNMLMLJHKGFAD77CC,6,106.10,集合住宅,鋼筋混凝土構造,107年9月21日,二十九層,,
RPUNMLMLJHKGFAD77CC,6,84.39,本共有部分之項目有門廊、門廳、垃圾暫存空間、防災中心、管委會使用空間、樓梯間、車道、出入口緩衝空間、外廊、機械室、水箱、停車空間、防空避難室兼停車空間,鋼筋混凝土構造,107年9月21日,二十九層,,
RPRPMLMLJHKGFAD67CC,65,76.80,住家用,磚造,49年1月1日,三層,,
RPTNMLOLJHKGFAD87CC,13,21.49,住家用,鋼筋混凝土構造,101年6月4日,五層,,
RPSNMLOLJHKGFAD77CC,43,237.99,避難室,鋼筋混凝土造,70年9月14日,七層,,
RPUNMLOLJHKGFAD97CC,43,80.79,住家用,鋼筋混凝土造,70年9月14日,七層,,
RPPOMLOLJHKGFCD77CC,46,93.44,住商用,加強磚造,68年2月27日,二層,,
RPSNMLMLJHKGFCD77CC,46,20.40,住商用,加強磚造,68年3月8日,二層,,
RPWNMLMLJHKGFCD18CC,3,27.74,集合住宅,鋼筋混凝土構造,111年6月1日,六層,,
RPWNMLMLJHKGFCD18CC,3,16.78,本共有部分之項目有：防空避難室兼停車空間、梯廳、安全梯、台電配電室、緊急發電機、電信室、消防機房、汙水機房、雨水機房、水箱、管理委員會空間、中央監控室、戶外安全梯、機房、管委會空間（走廊）、管委會空間等十六項。,鋼筋混凝土構造,111年6月1日,六層,,
RPSNMLOLJHKGFHD48CC,9,24.35,住家用,鋼筋混凝土造,105年3月4日,四層,,
RPQNMLOLJHKGFHD28CC,12,25.64,店舖、停車空間、住宅,鋼筋混凝土造,102年1月15日,四層,,
RPRNMLOLJHKGFHD38CC,10,18.00,住家用,鋼筋混凝土造,104年6月30日,四層,,
RPQNMLMLJHKGFHD08CC,44,159.92,住商用,鋼筋混凝土造,70年7月22日,三層,,
RPSNMLNLJHKGFHD38CC,45,106.68,住家用,加強磚造,68年8月1日,二層,,
RPPNMLPLJHKGFHD28CC,10,18.00,住家用,鋼筋混凝土造,103年9月25日,四層,,
RPPNMLRLJHKGFCD97CC,49,13.22,住商用,鋼筋混凝土造,64年9月10日,三層,,
RPQNMLRLJHKGFCD08CC,35,18.18,住家用,鋼筋混凝土造,78年8月30日,五層,,
RPPNMLRLJHKGFAD77CC,38,15.00,住商用,鋼筋混凝土造,75年9月2日,五層,,
RPRNMLRLJHKGFCD18CC,20,16.00,住宅、停車空間,ＲＣ造,93年11月16日,五層,,
RPWNMLNJKHKGFAD97CC,4,53.79,集合住宅,鋼筋混凝土構造,110年5月3日,十八層,,
RPWNMLNJKHKGFAD97CC,4,38.74,本共有部分之項目有防災中心、停車空間、機電設備空間、防空避難室兼停車空間、台電配電場所、自來水箱、車道、門廳、儲藏室、樓梯間、梯廳、昇降梯、屋頂平台等１３項。,鋼筋混凝土構造,110年5月3日,十八層,,
RPWNMLNJKHKGFCD18CC,32,73.26,住家用,鋼筋混凝土造,82年7月19日,六層,,
RPWNMLNJKHKGFCD18CC,32,28.09,共有部分,鋼筋混凝土造,82年7月19日,六層,,
RPXNMLNJKHKGFCD28CC,27,93.20,住家用,鋼筋混凝土造,86年9月8日,八層,,
RPXNMLNJKHKGFCD28CC,27,8.17,共有部分,鋼筋混凝土造,86年9月8日,八層,,
RPXNMLNJKHKGFCD28CC,27,29.95,共有部分,鋼筋混凝土造,86年9月8日,八層,,
RPPNMLNLJHKGFBD47CC,45,55.89,住家用,加強磚造,68年12月27日,二層,,
RPSNMLNLJHKGFBD77CC,1,84.41,集合住宅,鋼筋混凝土造,113年2月29日,七層,,
RPSNMLNLJHKGFBD77CC,1,68.52,本共有部分之項目有：防空避難室兼停車空間、停車空間、樓梯間、梯廳、升降機道、機械室、水箱、管委會使用空間、機電設備空間、車道、機械設備空間、門廊共１２項。,鋼筋混凝土造,113年2月29日,七層,,
RPOOMLNJKHKGFCD47CC,44,25.00,店舖、住宅,鋼筋混凝土造,70年7月15日,四層,,
RPQOMLNJKHKGFCD67CC,43,134.95,住家用,鋼筋混凝土造,71年5月20日,五層,,
RPQOMLNJKHKGFCD67CC,43,34.93,共有部分,鋼筋混凝土造,71年5月20日,五層,,
RPTOMLNJKHKGFCD97CC,29,82.78,住家用,鋼筋混凝土造,84年11月15日,二十三層,,
RPTOMLNJKHKGFCD97CC,29,2.57,共有部分,鋼筋混凝土造,84年11月15日,二十三層,,
RPTOMLNJKHKGFCD97CC,29,21.05,共有部分,鋼筋混凝土造,84年11月15日,二十三層,,
RPQNMLNJKHKGFHD08CC,30,92.06,住家用,鋼筋混凝土造,83年9月23日,八層,,
RPQNMLNJKHKGFHD08CC,30,13.69,梯間，機械室，水箱,鋼筋混凝土造,83年9月23日,八層,,
RPQNMLNJKHKGFHD08CC,30,12.29,,鋼筋混凝土造,83年9月23日,八層,,
RPRNMLNJKHKGFHD18CC,46,155.21,住商用,鋼筋混凝土造,68年7月9日,三層,,
RPOOMLOLJHKGFKD48CC,30,103.70,住家用,鋼筋混凝土造,84年5月23日,十六層,,
RPOOMLOLJHKGFKD48CC,30,23.50,共有部分,鋼筋混凝土造,84年5月23日,十六層,,
RPVOMLOLJHKGFKD56CC,26,78.32,住家用,鋼筋混凝土造,88年5月19日,十四層,,
RPVOMLOLJHKGFKD56CC,26,23.85,共有部分,鋼筋混凝土造,88年5月19日,十四層,,
RPVOMLOLJHKGFKD56CC,26,8.70,共有部分,鋼筋混凝土造,88年5月19日,十四層,,
RPQNMLNLJHKGFKD48CC,18,8.54,辦公室,鋼筋混凝土造,95年9月18日,八層,,
RPQNMLNLJHKGFKD48CC,18,8.54,共有部分,鋼筋混凝土造,95年9月18日,八層,,
RPSNMLNJKHKGFKD58CC,27,20.41,住家用,鋼筋混凝土造,87年6月2日,七層,,
RPSNMLNJKHKGFKD58CC,27,2.23,共有部分,鋼筋混凝土造,87年6月2日,七層,,
RPSNMLNJKHKGFKD58CC,27,5.42,共有部分,鋼筋混凝土造,87年6月2日,七層,,
RPUNMLNJKHKGFKD78CC,18,9.21,辦公室,鋼筋混凝土造,95年9月18日,八層,,
RPUNMLNJKHKGFKD78CC,18,9.18,共有部分,鋼筋混凝土造,95年9月18日,八層,,
RPTNMLNJKHKGFKD68CC,18,8.64,辦公室,鋼筋混凝土造,95年9月18日,八層,,
RPTNMLNJKHKGFKD68CC,18,8.62,共有部分,鋼筋混凝土造,95年9月18日,八層,,
RPPNMLOJKHKGFAD37CC,30,28.45,住家用,鋼筋混凝土造,84年7月4日,十八層,,
RPPNMLOJKHKGFAD37CC,30,12.89,共有部分,鋼筋混凝土造,84年7月4日,十八層,,
RPROMLNJKHKGFKD58CC,11,21.49,住宅，停車空間,鋼筋混凝土構造,102年8月21日,四層,,
RPQNMLOJKHKGFAD47CC,32,89.43,住家用,鋼筋混凝土造,81年11月23日,七層,,
RPQNMLOJKHKGFAD47CC,32,21.86,共有部分,鋼筋混凝土造,81年11月23日,七層,,
RPQNMLOJKHKGFAD47CC,32,6.14,共有部分,鋼筋混凝土造,81年11月23日,七層,,
RPPNMLRLJHKGFKD78CC,36,33.00,住商用,鋼筋混凝土造,78年2月20日,四層,,
RPUNMLOJKHKGFAD87CC,9,89.06,集合住宅,鋼筋混凝土構造,104年11月5日,二十四層,,
RPUNMLOJKHKGFAD87CC,9,37.98,本共有部分之項目：有樓梯間、門廊、門廳、管委會使用空間、防災中心、停車空間、防空避難室、車道、游泳池、機房自來水池等項,鋼筋混凝土構造,104年11月5日,二十四層,,
RPTNMLOJKHKGFAD77CC,39,95.84,住家用,鋼筋混凝土造,75年7月10日,五層,,
RPTNMLOJKHKGFAD77CC,39,17.71,共有部分,鋼筋混凝土造,75年7月10日,五層,,
RPRNMLOJKHKGFAD57CC,31,110.14,住家用,鋼筋混凝土造,82年8月4日,八層,,
RPRNMLOJKHKGFAD57CC,31,22.22,共有部分,鋼筋混凝土造,82年8月4日,八層,,
RPRNMLOJKHKGFAD57CC,31,19.45,共有部分,鋼筋混凝土造,82年8月4日,八層,,
RPSNMLOJKHKGFAD67CC,31,32.79,住家用,鋼筋混凝土造,82年11月25日,七層,,
RPSNMLOJKHKGFAD67CC,31,13.06,共有部分,鋼筋混凝土造,82年11月25日,七層,,
RPWNMLOJKHKGFAD08CC,9,58.47,集合住宅,鋼筋混凝土構造,104年11月5日,二十四層,,
RPWNMLOJKHKGFAD08CC,9,24.72,本共有部分之項目：有樓梯間、門廊、門廳、管委會使用空間、防災中心、停車空間、防空避難室、車道、游泳池、機房自來水池等項,鋼筋混凝土構造,104年11月5日,二十四層,,
RPQOMLOJKHKGFAD57CC,30,164.44,住商用,鋼筋混凝土造,84年4月27日,四層,,
RPVNMLOJKHKGFAD97CC,30,28.45,住家用,鋼筋混凝土造,84年7月4日,十八層,,
RPVNMLOJKHKGFAD97CC,30,12.89,共有部分,鋼筋混凝土造,84年7月4日,十八層,,
RPPNMLOJKHKGFCD57CC,44,33.06,住家用,鋼筋混凝土造,69年7月30日,三層,,
RPRNMLOJKHKGFCD77CC,40,49.69,住家用,鋼筋混凝土造,73年8月17日,七層,,
RPRNMLOJKHKGFCD77CC,40,17.25,共有部分,鋼筋混凝土造,73年8月17日,七層,,
RPPNMLOJKHKGFBD47CC,43,90.97,集合住宅,鋼筋混凝土造,70年9月7日,四層,,
RPPNMLOJKHKGFBD47CC,43,3.55,共有部分,鋼筋混凝土造,70年9月7日,四層,,
RPPNMLOJKHKGFBD47CC,43,7.81,共有部分,鋼筋混凝土造,70年9月7日,四層,,
RPTNMLOJKHKGFCD97CC,41,15.94,住家用,鋼筋混凝土造,72年8月26日,三層,,
RPQNMLOJKHKGFBD57CC,45,111.78,住家用,加強磚造,68年12月27日,二層,,
RPPNMLOJKHKGFHD08CC,48,42.84,住家用,磚造,66年1月9日,一層,,
RPRNMLOJKHKGFHD28CC,8,62.68,集合住宅,鋼筋混凝土造,106年5月5日,七層,,
RPRNMLOJKHKGFHD28CC,8,16.47,集合住宅，停車空間，管委會空間,鋼筋混凝土造,106年5月5日,七層,,
RPRNMLOJKHKGFHD28CC,8,10.42,樓梯間，機房，水箱,鋼筋混凝土造,106年5月5日,七層,,
RPSNMLOJKHKGFCD87CC,65,81.19,住家用,磚造,49年1月1日,二層,,
RPQNMLOJKHKGFKD48CC,34,172.45,住家用,鋼筋混凝土造,80年3月6日,三層,,
RPRNMLOJKHKGFKD58CC,51,97.21,住家用,磚造,62年10月1日,一層,,
RPSNMLOJKHKGFKD68CC,16,14.94,住家用,鋼筋混凝土造,97年10月30日,四層,,
RPUNMLNLJHKGFID68CC,21,14.88,住家用,鋼筋混凝土造,92年9月10日,十層,,
RPQNMLOJKHKGFID28CC,1,80.42,集合住宅,鋼筋混凝土造,112年12月8日,十五層,,
RPQNMLOJKHKGFID28CC,1,40.45,本共有部分之項目有停車空間、管委會空間、公共服務空間、梯間、樓電梯間、樓梯間、水箱、機械室等８項,鋼筋混凝土造,112年12月8日,十五層,,
RPPNMLOLJHKGFID28CC,7,18.31,住宅、停車空間,鋼筋混凝土構造,106年9月30日,五層,,
RPPNMLOJKHKGFID18CC,1,69.98,集合住宅,鋼筋混凝土造,113年4月1日,六層,,
RPPNMLOJKHKGFID18CC,1,24.51,本共有部分之項目有管委空間、消防機械室、發電機室、電信室、停車空間、安全樓梯間、昇降機、梯廳、門廊、走廊、樓梯間、機械室等１２項,鋼筋混凝土造,113年4月1日,六層,,
RPQNMLNJKHKGFID18CC,4,54.62,集合住宅,鋼筋混凝土構造,110年3月15日,二十四層,,
RPQNMLNJKHKGFID18CC,4,28.15,本共有部分之項目有管委會使用空間、停車空間、機電設備空間、防空避難室兼停車空間、台電配電場所、自來水箱、車道、門廳、儲藏室、機房、樓梯間、消防水箱等１２項,鋼筋混凝土構造,110年3月15日,二十四層,,
RPPNMLNJKHKGFID08CC,31,140.09,住商用,鋼筋混凝土造,83年3月2日,七層,,
RPPNMLNJKHKGFID08CC,31,30.62,共有部分,鋼筋混凝土造,83年3月2日,七層,,
RPVNMLOJKHKGFKD98CC,31,36.20,住家用,鋼筋混凝土造,82年12月30日,九層,,
RPVNMLOJKHKGFKD98CC,31,12.75,共有部分,鋼筋混凝土造,82年12月30日,九層,,
RPWNMLOJKHKGFKD09CC,6,50.62,住家用,鋼筋混凝土構造,107年12月14日,十八層,,
RPWNMLOJKHKGFKD09CC,6,46.59,本共有部分之項目有停車空間、台電配電室、防空避難室兼停車空間、梯間、公共服務空間、車道、防災中心、緩衝空間、頂蓋型沿街步道式開放空間、頂蓋型廣場式開放空間、樓梯間、水箱及機房等１３項,鋼筋混凝土構造,107年12月14日,十八層,,
RPXNMLOJKHKGFKD56CC,11,18.06,住家用,鋼筋混凝土構造,102年9月25日,四層,,
RPOOMLOJKHKGFKD38CC,40,20.00,住家用,鋼筋混凝土造,74年4月17日,三層,,
RPPNMLPJKHKGFAD47CC,53,20.13,住家用,加強磚造,61年4月22日,二層,,
RPXNMLPJKHKGFAD28CC,30,81.84,住家用,鋼筋混凝土造,84年4月1日,六層,,
RPXNMLPJKHKGFAD28CC,30,15.68,共有部分,鋼筋混凝土造,84年4月1日,六層,,
RPXNMLPJKHKGFAD28CC,30,10.09,共有部分,鋼筋混凝土造,84年4月1日,六層,,
RPSNMLPJKHKGFAD77CC,17,60.50,集合住宅,鋼筋混凝土造,96年12月27日,十九層,,
RPSNMLPJKHKGFAD77CC,17,41.40,共有部分,鋼筋混凝土造,96年12月27日,十九層,,
RPTNMLPJKHKGFAD87CC,30,31.40,住家用,鋼筋混凝土造,84年7月4日,十八層,,
RPTNMLPJKHKGFAD87CC,30,15.46,共有部分,鋼筋混凝土造,84年7月4日,十八層,,
RPWNMLPJKHKGFAD18CC,19,26.69,集合住宅,ＲＣ造,95年7月13日,九層,,
RPWNMLPJKHKGFAD18CC,19,4.30,共有部分,ＲＣ造,95年7月13日,十一層,,
RPWNMLPJKHKGFAD18CC,19,8.63,共有部分,ＲＣ造,95年7月13日,九層,,
RPWNMLPJKHKGFAD18CC,19,.01,共有部分,ＲＣ造,95年7月13日,十一層,,
RPOOMLPJKHKGFAD47CC,45,46.61,住家用,鋼筋混凝土造,69年3月12日,五層,,
RPOOMLPJKHKGFAD47CC,45,11.57,共有部分,鋼筋混凝土造,69年3月12日,五層,,
RPQNMLPJKHKGFBD67CC,30,224.12,住商用,鋼筋混凝土造,83年10月20日,四層,,
RPRNMLPJKHKGFBD77CC,3,227.83,停車空間、住宅,鋼筋混凝土造,110年9月3日,四層,,
RPROMLPJKHKGFAD77CC,1,78.86,集合住宅,鋼筋混凝土造,112年10月17日,二十九層,,
RPROMLPJKHKGFAD77CC,1,74.12,本共有部分之項目有防空避難室兼停車空間、停車空間、公共服務空間、梯間、車道、門廊、門廳、防災中心、陽台、中繼水箱、樓梯間、昇降機間（排煙室）、機械室、水箱、雨遮等１５項。,鋼筋混凝土造,112年10月17日,二十九層,,
RPUNMLPJKHKGFCD18CC,43,55.58,住家用,鋼筋混凝土造,70年12月22日,五層,,
RPUNMLPJKHKGFCD18CC,43,10.01,共有部分,鋼筋混凝土造,70年12月22日,五層,,
RPXNMLPJKHKGFCD48CC,1,52.81,集合住宅,鋼筋混凝土造,113年2月5日,十五層,,
RPQOMLPJKHKGFCD87CC,35,24.20,住商用,鋼筋混凝土造,79年1月15日,四層,,
RPXNMLPJKHKGFCD48CC,1,27.36,本共有部份之項目有：防空避難室兼停車空間、停車空間、樓梯間、機械室、水箱、公共空間、走道、排煙室共８項。,鋼筋混凝土造,113年2月5日,十五層,,
RPWNMLPJKHKGFCD38CC,2,43.78,集合住宅,鋼筋混凝土構造、鋼骨造,112年3月29日,十四層,,
RPWNMLPJKHKGFCD38CC,2,40.42,本共有部份之項目有：防空避難室兼停車空間、停車空間、管委會空間、樓梯間、機械室、公共空間、門廊共７項。,鋼筋混凝土加強磚造,112年3月29日,十四層,,
RPROMLPJKHKGFCD97CC,46,96.60,住家用,加強磚造,68年1月15日,二層,,
RPPNMLPJKHKGFID28CC,47,13.27,住商用,加強磚造,66年8月19日,二層,,
RPTNMLPJKHKGFKD88CC,27,52.70,住家用,鋼筋混凝土造,86年9月26日,十一層,,
RPVNMLPJKHKGFKD09CC,32,66.57,住家用,鋼筋混凝土造,82年5月24日,六層,,
RPTNMLPJKHKGFKD88CC,27,13.33,共有部分,鋼筋混凝土造,86年9月26日,十一層,,
RPVNMLPJKHKGFKD09CC,32,16.46,共有部分,鋼筋混凝土造,82年5月24日,六層,,
RPTNMLPJKHKGFKD88CC,27,6.99,共有部分,鋼筋混凝土造,86年9月26日,十一層,,
RPQNMLPJKHKGFKD58CC,20,9.13,辦公室,鋼筋混凝土造,94年7月8日,六層,,
RPQNMLPJKHKGFKD58CC,20,8.47,共有部分,鋼筋混凝土造,94年7月8日,六層,,
RPXNMLPJKHKGFKD66CC,,62.34,集合住宅,鋼筋混凝土造,113年9月10日,十三層,,
RPXNMLPJKHKGFKD66CC,,31.39,本共有部分之項目有：防空避難室兼停車空間、停車空間、公共服務空間、管委會空間、緊急升降機、一般升降機、排煙室、梯廳、一般安全梯、門廊、車道、管道間、梯間、水箱等項,鋼筋混凝土造,113年9月10日,十四層,,
RPUNMLPJKHKGFHD68CC,30,54.01,住家用,鋼筋混凝土造,84年6月15日,八層,,
RPUNMLPJKHKGFHD68CC,30,27.33,防空避難室．昇降機室，車道，門廊梯間，機械室，水箱,鋼筋混凝土造,84年6月15日,八層,,
RPQNMLQJKHKGFAD67CC,50,56.60,住家用,加強磚造,63年8月17日,二層,,
RPQNMLQJKHKGFAD67CC,50,108.51,住家用,加強磚造,63年8月17日,二層,,
RPPOMLPJKHKGFKD58CC,25,107.70,住家用,鋼筋混凝土造,89年5月4日,十八層,,
RPPOMLPJKHKGFKD58CC,25,20.36,共有部分,鋼筋混凝土造,89年5月4日,十八層,,
RPPOMLPJKHKGFKD58CC,25,10.80,共有部分,鋼筋混凝土造,89年5月4日,十八層,,
RPRNMLQJKHKGFAD77CC,27,83.60,集合住宅,鋼筋混凝土造,87年4月20日,十四層,,
RPRNMLQJKHKGFAD77CC,27,11.45,共有部分,鋼筋混凝土造,87年4月20日,十四層,,
RPRNMLQJKHKGFAD77CC,27,11.11,共有部分,鋼筋混凝土造,87年4月20日,十四層,,
RPUNMLQJKHKGFAD08CC,30,93.56,住家用,鋼筋混凝土造,84年5月30日,二十四層,,
RPUNMLQJKHKGFAD08CC,30,23.84,共有部分,鋼筋混凝土造,84年5月30日,二十四層,,
RPSNMLQJKHKGFAD87CC,28,24.48,住家用,鋼筋混凝土造,85年7月25日,十二層,,
RPSNMLQJKHKGFAD87CC,28,5.03,共有部分,鋼筋混凝土造,85年7月25日,十二層,,
RPSNMLQJKHKGFAD87CC,28,6.48,共有部分,鋼筋混凝土造,85年7月25日,十二層,,
RPSNMLQJKHKGFAD87CC,28,.00,共有部分,鋼筋混凝土造,85年7月25日,十二層,,
RPWNMLQJKHKGFAD28CC,55,70.95,住家用,加強磚造,59年5月6日,二層,,
RPXNMLQJKHKGFAD38CC,21,97.44,集合住宅,鋼筋混凝土造,92年9月16日,十四層,,
RPXNMLQJKHKGFAD38CC,21,33.35,管理室等,鋼筋混凝土造,92年9月16日,十四層,,
RPXNMLQJKHKGFAD38CC,21,18.14,公共設施,鋼筋混凝土造,92年9月16日,十四層,,
RPQNMLQJKHKGFBD77CC,19,55.41,住商用,鋼筋混凝土造,95年1月5日,四層,,
RPRNMLQJKHKGFBD87CC,30,171.47,住家用,鋼筋混凝土造,84年5月16日,四層,,
RPTNMLQJKHKGFBD08CC,3,69.19,集合住宅,鋼筋混凝土造,111年6月8日,五層,,
RPTNMLQJKHKGFBD08CC,3,45.45,本共有部分之項目有：停車空間、管理委員會空間、樓梯間、昇降機間、機電設備等５項。,鋼筋混凝土造,111年6月8日,五層,,
RPPNMLQJKHKGFCD77CC,1,58.21,店舖,鋼筋混凝土造,113年1月8日,十五層,,
RPPNMLQJKHKGFCD77CC,1,29.29,本共有部份之項目有：防空避難室兼停車空間、停車空間、公共服務空間、管委會空間、門廳、梯廳、梯間、管道間、昇降機、車道、排煙室、污物處理區、機械室、水箱共１４項。,鋼筋混凝土造,113年1月8日,十五層,,
RPQNMLQJKHKGFHD38CC,19,166.91,店舖，門廊，電子遊戲場,鋼造,95年1月18日,一層,,
RPTNMLQJKHKGFHD68CC,2,160.43,工場（廠）,鋼骨構造有牆,112年5月18日,一層,,
RPRNMLQJKHKGFHD48CC,1,73.04,集合住宅,鋼筋混凝土造,112年8月23日,十四層,,
RPRNMLQJKHKGFHD48CC,1,61.76,本共有部分之項目有停車空間、梯間、公共服務空間、資源回收區、梯廳、門廊及樓梯間等７項。,鋼筋混凝土造,112年8月23日,十四層,,
RPPNMLQJKHKGFID38CC,17,8.04,辦公室,鋼筋混凝土造,96年9月20日,四層,,
RPPNMLQJKHKGFID38CC,17,5.59,共有部分,鋼筋混凝土造,96年9月20日,四層,,
RPRNMLQJKHKGFKD78CC,18,8.64,辦公室,鋼筋混凝土造,95年9月18日,八層,,
RPRNMLQJKHKGFKD78CC,18,8.62,共有部分,鋼筋混凝土造,95年9月18日,八層,,
RPSNMLQJKHKGFKD88CC,30,35.60,辦公室。,鋼筋混凝土造,84年3月31日,十五層,,
RPSNMLQJKHKGFKD88CC,30,7.98,共有部分,鋼筋混凝土造,84年3月31日,十五層,,
RPVNMLQJKHKGFKD56CC,33,90.79,住家用,鋼筋混凝土造,81年7月23日,十七層,,
RPVNMLQJKHKGFKD56CC,33,19.93,共有部分,鋼筋混凝土造,81年7月23日,十七層,,
RPVNMLQJKHKGFKD56CC,33,15.60,共有部分,鋼筋混凝土造,81年7月23日,十九層,,
RPVNMLQJKHKGFKD56CC,33,2.14,共有部分,鋼筋混凝土造,81年7月23日,十九層,,
RPVNMLQJKHKGFKD56CC,33,4.73,共有部分,鋼筋混凝土造,81年7月23日,十九層,,
RPWNMLQJKHKGFKD66CC,30,21.96,住家用,鋼筋混凝土造,83年12月24日,八層,,
RPWNMLQJKHKGFKD66CC,30,9.14,共有部分,鋼筋混凝土造,83年12月24日,八層,,
RPXNMLQJKHKGFKD76CC,30,93.75,住家用,鋼筋混凝土造,84年4月26日,十層,,
RPXNMLQJKHKGFKD76CC,30,23.77,共有部分,鋼筋混凝土造,84年4月26日,十層,,
RPXNMLQJKHKGFKD76CC,30,5.72,共有部分,鋼筋混凝土造,84年4月26日,十層,,
RPXNMLQJKHKGFKD76CC,30,.39,管理室,鋼筋混凝土造,84年4月26日,十層,,
RPRNMLRJKHKGFKD88CC,25,22.67,住家用,鋼筋混凝土造,88年8月24日,十四層,,
RPRNMLRJKHKGFKD88CC,25,.57,共有部分,鋼筋混凝土造,88年8月24日,十四層,,
RPRNMLRJKHKGFKD88CC,25,1.04,共有部分,鋼筋混凝土造,88年8月24日,十四層,,
RPRNMLRJKHKGFKD88CC,25,6.04,共有部分,鋼筋混凝土造,88年8月24日,十四層,,
RPQNMLRJKHKGFAD77CC,8,267.24,集合住宅,鋼骨鋼筋混凝土構造,106年6月28日,二十四層,,
RPQNMLRJKHKGFAD77CC,8,185.72,本共有部分之項目有：門廊、車道、公共服務空間、管理維護空間、防災中心、樓梯間、頂蓋型沿街步道式開放空間、防空避難室兼停車空間、機械室、水箱。,鋼骨鋼筋混凝土構造,106年6月28日,二十四層,,
RPPOMLRJKHKGFKD78CC,11,23.14,住家用,鋼筋混凝土構造,102年9月25日,四層,,
RPQNMLRJKHKGFBD87CC,44,90.40,住家用,加強磚造,69年11月29日,二層,,
RPQOMLRJKHKGFKD88CC,11,23.10,住家用,鋼筋混凝土構造,102年9月25日,四層,,
RPTNMLSJKHKGFID98CC,17,8.04,辦公室,鋼筋混凝土造,96年9月20日,四層,,
RPTNMLSJKHKGFID98CC,17,5.59,共有部分,鋼筋混凝土造,96年9月20日,四層,,
RPPNMLKKKHKGFAD07CC,41,87.60,住家用,鋼筋混凝土造,72年12月10日,七層,,
RPPNMLKKKHKGFAD07CC,41,10.65,共有部分,鋼筋混凝土造,72年12月10日,七層,,
RPSNMLKKKHKGFAD37CC,13,21.49,住家用,鋼筋混凝土構造,101年6月4日,五層,,
RPPNMLSJKHKGFAD77CC,43,234.88,住商用,鋼筋混凝土造,70年8月5日,三層,,
RPRNMLPJKHKGFAD67CC,44,19.83,住商用,鋼筋混凝土造,69年7月30日,二層,,
RPTNMLPJKHKGFCD08CC,28,42.98,店舖　　住宅　　停車空間辦公室,鋼筋混凝土造,86年3月6日,五層,,
RPSNMLKKKHKGFHD08CC,17,13.80,住宅，樓梯間,鋼筋混凝土造,96年9月19日,四層,,
RPPNMLKKKHKGFKD08CC,29,63.24,住家用,鋼筋混凝土造,85年2月15日,九層,,
RPPNMLKKKHKGFKD08CC,29,31.10,共有部分,鋼筋混凝土造,85年2月15日,九層,,
RPPNMLKKKHKGFKD08CC,29,11.41,共有部分,鋼筋混凝土造,85年2月15日,九層,,
RPPNMLKKKHKGFID87CC,29,65.36,住家用,鋼筋混凝土造,84年8月29日,九層,,
RPPNMLKKKHKGFID87CC,29,19.04,共有部分,鋼筋混凝土造,84年8月29日,九層,,
RPQNMLKKKHKGFID97CC,48,45.96,住家用,加強磚造,66年7月4日,一層,,
RPSNMLKKKHKGFCD57CC,30,55.00,住家用,鋼筋混凝土造,84年6月17日,七層,,
RPSNMLKKKHKGFCD57CC,30,4.48,共有部分,鋼筋混凝土造,84年6月17日,七層,,
RPSNMLKKKHKGFCD57CC,30,5.81,共有部分,鋼筋混凝土造,84年6月17日,七層,,
RPSNMLLKKHKGFHD18CC,48,220.92,店舖、住宅,加強磚造,65年9月14日,三層,,
RPUNMLLKKHKGFHD38CC,30,164.67,住家用,鋼筋混凝土造,83年12月23日,三層,,
RPRNMLLKKHKGFID18CC,46,16.53,住商用,加強磚造,68年6月21日,二層,,
RPPNMLLKKHKGFID97CC,48,74.06,住家用,加強磚造,65年8月1日,一層,,
RPRNMLLKKHKGFKD38CC,13,108.07,集合住宅,鋼筋混凝土構造,101年3月20日,十四層,,
RPRNMLLKKHKGFKD38CC,13,66.75,防空避難室兼停車空間，警衛亭，樓梯間，管委會辦公室，台電配電室，蓄水池，污水機房，電信機房，消房幫浦室，發電機室，機械室，水箱，透空開放空間，過樑，公共（門廳及梯廳），陽台，走廊，社區圖書館，社區集會空間,鋼筋混凝土構造,101年3月20日,十四層,,
RPVNMLLKKHKGFKD78CC,26,18.84,住家用,鋼筋混凝土造,88年4月26日,七層,,
RPVNMLLKKHKGFKD78CC,26,4.67,共有部分,鋼筋混凝土造,88年4月26日,七層,,
RPPNMLKKKHKGFCD27CC,36,88.20,住家用,鋼筋混凝土造,77年8月11日,五層,,
RPPNMLKKKHKGFCD27CC,36,15.15,共有部分,鋼筋混凝土造,77年8月11日,五層,,
RPUNMLQJKHKGFCD28CC,35,17.23,住家用,鋼筋混凝土造,79年4月12日,六層,,
RPUNMLQJKHKGFCD28CC,35,6.03,共有部分,鋼筋混凝土造,79年4月12日,六層,,
RPPNMLMKKHKGFBD37CC,31,141.66,住家用,鋼筋混凝土造,83年7月6日,三層,,
RPPNMLMKKHKGFCD47CC,55,81.50,住家用,加強磚造,58年8月24日,二層,,
RPSNMLKKKHKGFKD38CC,7,57.71,住家用,鋼筋混凝土構造,106年11月14日,十六層,,
RPSNMLKKKHKGFKD38CC,7,50.10,本共有部分之項目計有防空避難室，停車空間，機房，梯廳，梯間，防災中心，管理員室，公共服務空間，管委會使用空間，儲藏室等１０項,鋼筋混凝土構造,106年11月14日,十六層,,
RPRNMLMKKHKGFBD57CC,10,69.92,集合住宅,鋼筋混凝土造,103年11月5日,七層,,
RPRNMLMKKHKGFBD57CC,10,48.20,本共有部分之項目有防空避難室兼停車空間、車道、門廊、停車空間、梯廳、樓梯間、管理維護空間、電信室、機械室、水塔等十項,鋼筋混凝土造,103年11月5日,七層,,
RPRNMLMKKHKGFCD67CC,54,80.92,住家用,補強磚造,59年12月10日,二層,,
RPSNMLMKKHKGFCD77CC,41,304.83,住商用,鋼筋混凝土造,73年5月14日,五層,,
RPVNMLMKKHKGFCD08CC,27,26.59,住家用,鋼筋混凝土造,86年9月2日,十五層,,
RPVNMLMKKHKGFCD08CC,27,7.10,共有部分,鋼筋混凝土造,86年9月2日,十五層,,
RPQNMLMKKHKGFKD38CC,49,62.36,住家用,磚造,64年12月15日,一層,,
RPTNMLMKKHKGFKD68CC,31,39.37,住家用,鋼筋混凝土造,82年12月30日,九層,,
RPTNMLMKKHKGFKD68CC,31,21.09,共有部分,鋼筋混凝土造,82年12月30日,九層,,
RPXNMLMKKHKGFAD08CC,31,91.07,住家用,鋼筋混凝土造,83年5月12日,十一層,,
RPXNMLMKKHKGFAD08CC,31,8.68,共有部分,鋼筋混凝土造,83年5月12日,十一層,,
RPXNMLMKKHKGFAD08CC,31,20.15,共有部分,鋼筋混凝土造,83年5月12日,十一層,,
RPXNMLMKKHKGFAD08CC,31,18.02,共有部分,鋼筋混凝土造,83年5月12日,十一層,,
RPPNMLNJKHKGFDD57CC,30,166.67,住商用,鋼筋混凝土造,84年6月8日,三層,,
RPQNMLQJKHKGFFD18CC,36,401.45,防空避難室、廠房、辦公室、員工宿舍,鋼筋混凝土造,77年8月8日,三層,,
RPPNMLOJKHKGFDD67CC,44,82.38,住家用,加強磚造,69年9月9日,二層,,
RPQOMLMKKHKGFAD47CC,40,35.85,住家用,鋼筋混凝土造,73年12月28日,十四層,,
RPQOMLMKKHKGFAD47CC,40,12.15,共有部分,鋼筋混凝土造,73年12月28日,十四層,,
RPPNMLSJKHKGFDD08CC,31,71.42,住家用,鋼筋混凝土造,83年2月28日,七層,,
RPPNMLSJKHKGFDD08CC,31,38.14,共有部分,鋼筋混凝土造,83年2月23日,七層,,
RPPNMLNKKHKGFDD67CC,5,158.23,住家用,鋼筋混凝土造,108年12月10日,三層,,
RPTNMLMKKHKGFAD67CC,28,102.55,住家用,鋼筋混凝土造,85年9月19日,十三層,,
RPTNMLMKKHKGFAD67CC,28,11.32,共有部分,鋼筋混凝土造,85年9月19日,十三層,,
RPTNMLMKKHKGFAD67CC,28,16.36,共有部分,鋼筋混凝土造,85年9月19日,十三層,,
RPPNMLMKKHKGFID08CC,1,169.59,住家用,鋼筋混凝土造,112年12月18日,四層,,
RPPOMLNKKHKGFKD48CC,31,73.59,住家用,鋼筋混凝土造,82年9月13日,七層,,
RPRNMLNKKHKGFID38CC,4,58.17,集合住宅,鋼筋混凝土構造,110年3月15日,二十四層,,
RPPOMLNKKHKGFKD48CC,31,29.48,共有部分,鋼筋混凝土造,82年9月13日,七層,,
RPRNMLNKKHKGFID38CC,4,47.29,本共有部分之項目有管委會使用空間、停車空間、機電設備空間、防空避難室兼停車空間、台電配電場所、自來水箱、車道、門廳、儲藏室、機房、樓梯間、消防水箱等１２項,鋼筋混凝土構造,110年3月15日,二十四層,,
RPWNMLNKKHKGFKD09CC,33,114.75,住家用,鋼筋混凝土造,80年8月12日,十七層,,
RPWNMLNKKHKGFKD09CC,33,27.16,共有部分,鋼筋混凝土造,80年8月12日,十八層,,
RPUNMLOKKHKGFKD98CC,30,41.78,住商用,鋼筋混凝土造,83年11月8日,十七層,,
RPUNMLOKKHKGFKD98CC,30,7.11,共有部分,鋼筋混凝土造,83年11月8日,十七層,,
RPTNMLOKKHKGFKD88CC,12,77.91,集合住宅,鋼筋混凝土構造,101年8月17日,十九層,,
RPTNMLOKKHKGFKD88CC,12,50.69,防空避難室兼停車空間，機電設備，社區文康室，社區運動室，梯廳，機械室，水箱,鋼筋混凝土構造,101年8月17日,十九層,,
RPXNMLNKKHKGFKD56CC,30,26.48,住家用,鋼筋混凝土造,84年5月22日,七層,,
RPXNMLNKKHKGFKD56CC,30,5.41,共有部分,鋼筋混凝土造,84年5月22日,七層,,
RPXNMLNKKHKGFKD56CC,30,3.66,共有部分,鋼筋混凝土造,84年5月22日,七層,,
RPTNMLRKKHKGFBD28CC,45,104.29,住家用,鋼筋混凝土造,69年5月5日,二層,,
RPRNMLRKKHKGFBD08CC,1,59.41,集合住宅,鋼筋混凝土造,112年9月11日,十五層,,
RPRNMLRKKHKGFBD08CC,1,61.27,共有部分包括：梯廳、梯間、管委會使用空間、公共服務空間、水錶箱室、電梯機房、水箱、電信室、台電配電室、水景機房、緊急發電機室、雨水機房、停車空間、防空避難室兼停車空間、污水機房、消防機房、垃圾集中室、資源回收中心、外廊、車道、樓梯間、安全梯、無障礙樓梯、機房等２４項。,鋼筋混凝土造,112年9月11日,十五層,,
RPRNMLRKKHKGFKD98CC,1,214.82,辦公室 (廳）,鋼筋混凝土造,112年8月30日,四層,,
RPRNMLRKKHKGFKD98CC,1,84.88,本共有部分之項目有：停車空間，門廊，樓梯間及梯廳，機械室，廁所，管理維護空間，樓梯間，昇降機間，水塔，陽台等１０項,鋼筋混凝土造,112年8月30日,四層,,
RPSNMLRKKHKGFKD09CC,7,9.42,住家用,鋼筋混凝土構造,107年4月2日,五層,,
RPSNMLRKKHKGFKD09CC,7,4.19,本共有部分之項目有：電梯間，樓梯間及水箱等３項,鋼筋混凝土構造,107年4月2日,五層,,
RPSNMLOKKHKGFHD48CC,11,89.37,住家用,鋼筋混凝土造,103年5月20日,十五層,,
RPSNMLOKKHKGFHD48CC,11,74.05,停車空間、樓梯間、公共服務空間、機械室、水箱,鋼筋混凝土造,103年5月20日,十五層,,
RPVNMLRKKHKGFKD76CC,7,58.57,住家用,鋼筋混凝土構造,107年3月5日,九層,,
RPVNMLRKKHKGFKD76CC,7,69.00,本共有部分包括：管理維護空間，樓梯間，門廊，停車空間，車道，機電空間，安全梯梯間，梯廳，一般昇降機，防空避難設備兼停車空間，蓄水池等１１項,鋼筋混凝土構造,107年3月5日,九層,,
RPSNMLSKKHKGFKD56CC,3,56.28,集合住宅,鋼筋混凝土構造,110年12月8日,五層,,
RPSNMLSKKHKGFKD56CC,3,31.42,本共有部分之項目有停車空間，一般昇降機道，梯廳，守衛室，安全梯，設備空間，樓梯間等７項,鋼筋混凝土構造,110年12月8日,五層,,
RPQNMLRKKHKGFCD08CC,8,55.29,集合住宅,鋼筋混凝土造,105年12月1日,七層,,
RPQNMLRKKHKGFCD08CC,8,57.22,共有部分包括：門廊、門廳、管理委員會使用空間、公共服務空間、樓梯間、防空避難室兼停車空間、停車空間、陽台。,鋼筋混凝土造,105年12月1日,七層,,
RPUNMLLLKHKGFBD87CC,5,57.58,集合住宅,鋼筋混凝土造,109年1月14日,十四層,,
RPUNMLLLKHKGFBD87CC,5,51.51,本共有部份之項目有：防空避難室兼停車空間、停車空間、管理維護空間、樓梯間、機械室、水塔、門廊、停車空間（車道）、排煙室、垃圾冷凍儲存空間、門廳共１１項。,鋼筋混凝土造,109年1月14日,十四層,,
RPSOMLRKKHKGFCD38CC,7,106.22,集合住宅,鋼筋混凝土造,106年10月31日,十五層,,
RPSOMLRKKHKGFCD38CC,7,78.51,本共有部分之項目有：門廊、門廳、梯廳、公共服務空間、樓梯間、管理委員會、防空避難室兼停車空間、停車空間共８項。,鋼筋混凝土造,106年10月31日,十五層,,
RPSOMLRKKHKGFCD38CC,7,25.26,本共有部分之項目有：樓梯間、公共服務空間、管道間供３項。,鋼筋混凝土造,106年10月31日,十五層,,
RPQNMLLLKHKGFKD38CC,34,232.94,住商用,鋼筋混凝土造,80年4月19日,四層,,
RPWNMLSKKHKGFCD78CC,61,87.80,國民住宅,磚造,53年1月1日,二層,,
RPRNMLTKKHKGFAD18CC,19,30.23,集合住宅,ＲＣ造,95年7月13日,十一層,,
RPRNMLTKKHKGFAD18CC,19,4.94,共有部分,ＲＣ造,95年7月13日,十一層,,
RPRNMLTKKHKGFAD18CC,19,8.21,共有部分,ＲＣ造,95年7月13日,十一層,,
RPRNMLTKKHKGFAD18CC,19,.01,共有部分,ＲＣ造,95年7月13日,十一層,,
RPWNMLLLKHKGFKD98CC,11,23.14,住宅，停車空間,鋼筋混凝土構造,102年8月21日,四層,,
RPSOMLOLKHKGFKD98CC,37,16.52,店舖、住宅、防空避難室。,鋼筋混凝土造,77年3月21日,四層,,
RPWNMLOLKHKGFKD66CC,2,87.77,集合住宅,鋼筋混凝土構造,111年10月7日,十四層,,
RPWNMLOLKHKGFKD66CC,2,77.54,本共有部分之項目有：停車空間、防空避難室兼停車空間、公共服務空間、管委會空間、樓梯間、機械室、水箱、陽台等８項,鋼筋混凝土構造,111年10月7日,十四層,,
RPPNMLTKKHKGFDD28CC,33,190.16,住家用,鋼筋混凝土造,80年12月26日,三層,,
RPQNMLOKKHKGFID38CC,,58.06,集合住宅,鋼筋混凝土造,113年10月15日,十四層,,
RPQNMLOKKHKGFID38CC,,42.88,本共有部分之項目有車道Ａ、車道Ｂ、管委會Ｇ、管委會Ｌ、Ｋ棟乙安全梯、Ｈ棟乙安全梯、Ｊ棟門廊、停車空間等８項,鋼筋混凝土造,113年10月15日,十四層,,
RPQNMLOKKHKGFID38CC,,13.35,本共有部分之項目有甲安全梯、乙安全梯、梯廳、排煙室、電梯、機械房、水箱、消防水箱區、梯間等９項,鋼筋混凝土造,113年10月15日,十四層,,
RPQNMLOKKHKGFID38CC,,2.21,本共有部分之項目有門廊、管委會空間、機電設備空間、梯廳等４項,鋼筋混凝土造,113年10月15日,十四層,,
RPPNMLRKKHKGFID58CC,,81.39,集合住宅,鋼筋混凝土造,113年10月15日,十四層,,
RPPNMLRKKHKGFID58CC,,48.41,本共有部分之項目有車道Ａ、車道Ｂ、管委會Ｇ、管委會Ｌ、Ｋ棟乙安全梯、Ｈ棟乙安全梯、Ｊ棟門廊、停車空間等８項,鋼筋混凝土造,113年10月15日,十四層,,
RPPNMLRKKHKGFID58CC,,17.04,本共有部分之項目有甲安全梯、乙安全梯、梯廳、排煙室、電梯、機械房、水箱、消防水箱區、梯間等９項,鋼筋混凝土造,113年10月15日,十四層,,
RPPNMLRKKHKGFID58CC,,3.11,本共有部分之項目有門廊、管委會空間、機電設備空間、梯廳等４項,鋼筋混凝土造,113年10月15日,十四層,,
