﻿編號,屋齡,建物移轉面積平方公尺,主要用途,主要建材,建築完成日期,總層數,建物分層,移轉情形
The serial number,room age,building shifting area square meter,the main use,main building materials,construction completes the date,total layer,building lamination,
RPPNMLMKKHKGFAD17DA,57,72.47,住家用,加強磚造,57年1月30日,二層,一層 二層,全筆移轉
RPSNMLTKKHKGFED58DA,46,36.07,住商用,加強磚造,68年8月1日,二層,一層 二層 陽台 騎樓,持分移轉
RPQNMLRKKHKGFKD78DA,27,26.36,住家用,鋼筋混凝土造,86年10月15日,八層,五層 陽台,全筆移轉
RPQNMLRKKHKGFKD78DA,27,11.28,共有部分,鋼筋混凝土造,86年10月15日,八層,,持分移轉
RPQNMLTKKHKGFAD08EA,49,74.34,住家用,加強磚造,64年10月6日,二層,一層 二層,全筆移轉
RPWPMLSKKHKGFID86DA,15,125.92,住家用,鋼筋混凝土造,99年1月27日,十三層,四層 陽台,全筆移轉
RPWPMLSKKHKGFID86DA,15,71.41,本共有部分之項目有防空避難室兼停車空間、管委會使用空間、突出物１、２層、梯間、機械室、水箱。,鋼筋混凝土造,99年1月27日,十三層,,持分移轉
RPTNMLTKKHKGFAD38EA,43,523.91,住商用,鋼筋混凝土造,71年5月11日,四層,一層 二層 三層 四層 陽台 屋頂突出物 騎樓 地下層,全筆移轉
RPUNMLTKKHKGFAD48EA,,394.52,工業用,加強磚造,45年0月0日,二層,一層 二層,全筆移轉
RPPNMLKLKHKGFDD47EA,,336.67,住宅,鋼筋混凝土造,113年12月6日,五層,一層 二層 三層 四層 五層 陽台,全筆移轉
RPRNMLSKKHKGFDD28DA,42,161.93,住商用,鋼筋混凝土造,72年4月7日,三層,一層 二層 三層 陽台 騎樓,全筆移轉
RPROMLTKKHKGFID98DA,17,8.04,辦公室,鋼筋混凝土造,96年9月20日,四層,四層 雨遮,全筆移轉
RPROMLTKKHKGFID98DA,17,5.12,共有部分,鋼筋混凝土造,96年9月20日,四層,,持分移轉
RPPNMLMKKHKGFBD27DA,43,.00,共有部分,鋼筋混凝土造,70年9月7日,四層,,持分移轉
RPPNMLMKKHKGFBD27DA,43,.00,共有部分,鋼筋混凝土造,70年9月7日,四層,,持分移轉
RPPNMLMKKHKGFBD27DA,43,3.13,避難室,鋼筋混凝土造,70年9月7日,四層,,持分移轉
RPPNMLMKKHKGFBD27DA,43,.05,集合住宅,鋼筋混凝土造,70年9月7日,四層,一層 平台,持分移轉
RPPNMLMKKHKGFBD27DA,43,.05,集合住宅,鋼筋混凝土造,70年9月7日,四層,一層 平台,持分移轉
RPPNMLMKKHKGFBD27DA,43,.00,共有部分,鋼筋混凝土造,70年9月7日,四層,,持分移轉
RPPNMLMKKHKGFBD27DA,43,.00,共有部分,鋼筋混凝土造,70年9月7日,四層,,持分移轉
RPPNMLMKKHKGFBD27DA,43,91.74,集合住宅,鋼筋混凝土造,70年9月7日,四層,三層 陽台,全筆移轉
RPPNMLMKKHKGFBD27DA,43,7.81,共有部分,鋼筋混凝土造,70年9月7日,四層,,持分移轉
RPPNMLMLKHKGFED67DA,33,48.70,住家用,鋼筋混凝土造,81年3月12日,二層,一層,全筆移轉
RPPNMLMLKHKGFED67DA,33,4.96,共有部分,鋼筋混凝土造,81年3月12日,二層,,持分移轉
RPPNMLOLKHKGFED87DA,,105.01,住家用,鋼筋混凝土加強磚造,67年7月0日,二層,一層 二層 陽台 騎樓,全筆移轉
RPRNMLOKKHKGFAD57DA,,37.51,住家用,磚造,54年0月0日,二層,一層 二層,持分移轉
RPPOMLOKKHKGFKD48DA,3,229.85,住宅，店鋪,鋼筋混凝土構造,111年2月21日,四層,一層 二層 三層 四層 陽台 屋頂突出物,全筆移轉
RPWNMLLLKHKGFKD88DA,37,129.27,住商用,鋼筋混凝土造,77年5月19日,二層,一層 二層 陽台 騎樓 電梯樓梯間 見其他登記事項,全筆移轉
RPWNMLKLKHKGFKD78DA,40,98.68,住商用,加強磚造,73年11月13日,二層,一層 二層 陽台 騎樓 電梯樓梯間,全筆移轉
RPVNMLTKKHKGFAD48DA,57,74.90,住家用,加強磚造,57年1月30日,二層,一層 二層,全筆移轉
RPRNMLRKKHKGFCD08DA,32,45.02,住家用,鋼筋混凝土造,81年12月21日,六層,五層 陽台,全筆移轉
RPRNMLRKKHKGFCD08DA,32,7.56,共有部分,鋼筋混凝土造,81年12月21日,六層,,持分移轉
RPRNMLRKKHKGFCD08DA,32,7.58,共有部分,鋼筋混凝土造,81年12月21日,六層,,持分移轉
RPOOMLLLKHKGFID97DA,49,62.44,住家用,加強磚造,64年9月30日,二層,一層 二層,全筆移轉
RPSNMLNLKHKGFAD67DA,24,245.12,辦公室,鋼骨造,90年3月16日,二層,一層 二層 夾層,全筆移轉
RPSNMLNLKHKGFAD67DA,21,1237.24,住宅、辦公室,鋼骨鋼筋混凝土造,93年1月5日,五層,一層 二層 三層 四層 五層 陽台 屋頂突出物,全筆移轉
RPTNMLOKKHKGFCD97DA,45,179.42,住商用,鋼筋混凝土造,69年1月31日,三層,一層 二層 三層 陽台 屋頂突出物 騎樓 地下層,全筆移轉
RPRNMLMKKHKGFCD57DA,43,.07,店舖　集合住宅　　騎樓,鋼筋混凝土造,70年11月26日,五層,一層 二層 陽台 騎樓,持分移轉
RPRNMLMKKHKGFCD57DA,43,.07,店舖　集合住宅　　騎樓,鋼筋混凝土造,70年11月26日,五層,一層 二層 陽台 騎樓,持分移轉
RPRNMLMKKHKGFCD57DA,43,85.27,集合住宅,鋼筋混凝土造,71年6月14日,五層,五層 陽台,全筆移轉
RPRNMLMKKHKGFCD57DA,43,6.52,共有部分,鋼筋混凝土造,71年6月14日,五層,,持分移轉
RPUNMLOLKHKGFAD97DA,32,4.63,共有部分,鋼筋混凝土造,81年12月9日,八層,,持分移轉
RPUNMLOLKHKGFAD97DA,32,4.72,共有部分,鋼筋混凝土造,81年12月9日,八層,,持分移轉
RPUNMLOLKHKGFAD97DA,32,2.82,共有部分,鋼筋混凝土造,81年12月9日,八層,,持分移轉
RPUNMLOLKHKGFAD97DA,32,31.84,商業用,鋼筋混凝土造,81年12月9日,八層,三層 陽台,全筆移轉
RPPOMLOKKHKGFAD47DA,12,187.85,餐廳,鋼骨構造有牆,102年5月2日,一層,一層,全筆移轉
RPPOMLOKKHKGFAD47DA,12,90.70,店舖,鋼骨構造有牆,102年5月2日,一層,一層,全筆移轉
RPVNMLKLKHKGFFD18DA,1,175.74,集合住宅、停車空間,鋼筋混凝土造,112年9月11日,四層,一層 二層 三層 四層 陽台,全筆移轉
RPRNMLLLKHKGFAD37DA,28,40.46,共有部分,鋼筋混凝土造,85年10月16日,八層,,持分移轉
RPRNMLLLKHKGFAD37DA,28,.04,共有部分,鋼筋混凝土造,85年10月16日,八層,,持分移轉
RPRNMLLLKHKGFAD37DA,28,.18,管理員室,鋼筋混凝土造,85年10月16日,八層,一層,持分移轉
RPPNMLLLKHKGFKD18DA,34,14.78,住家用,鋼筋混凝土造,79年12月3日,七層,一層,全筆移轉
RPPNMLLLKHKGFKD18DA,34,5.35,共有部分,鋼筋混凝土造,79年12月3日,七層,,持分移轉
RPQOMLLLKHKGFKD38DA,,260.62,住家用,加強磚造,64年4月0日,三層,一層 二層 三層,全筆移轉
RPQNMLSKKHKGFAD87DA,,116.65,,磚造,,三層,一層 二層 三層 騎樓,全筆移轉
RPRNMLPLKHKGFAD77DA,30,.02,管理員室,鋼筋混凝土造,84年1月4日,二十五層,地下二層,持分移轉
RPRNMLPLKHKGFAD77DA,30,52.40,住家用,鋼筋混凝土造,84年1月4日,二十五層,十五層 陽台 花台,全筆移轉
RPRNMLPLKHKGFAD77DA,30,7.79,共有部分,鋼筋混凝土造,84年1月4日,二十四層,,持分移轉
RPRNMLPLKHKGFAD77DA,30,8.90,共有部分,鋼筋混凝土造,84年1月4日,二十四層,,持分移轉
RPRNMLPLKHKGFAD77DA,30,6.86,共有部分,鋼筋混凝土造,84年1月4日,二十四層,,持分移轉
RPWNMLPLKHKGFAD28DA,45,36.43,住家用,鋼筋混凝土造,69年5月7日,八層,五層,全筆移轉
RPWNMLPLKHKGFAD28DA,45,8.35,共有部分,鋼筋混凝土造,69年5月7日,八層,,持分移轉
RPXNMLKLKHKGFAD87DA,19,27.05,集合住宅,ＲＣ造,95年7月13日,九層,四層 陽台,全筆移轉
RPXNMLKLKHKGFAD87DA,19,4.37,共有部分,ＲＣ造,95年7月13日,十一層,,持分移轉
RPXNMLKLKHKGFAD87DA,19,8.75,共有部分,ＲＣ造,95年7月13日,九層,,持分移轉
RPXNMLKLKHKGFAD87DA,19,.01,共有部分,ＲＣ造,95年7月13日,十一層,,持分移轉
RPSOMLOLKHKGFAD87DA,37,44.84,住家用,鋼筋混凝土造,76年10月30日,七層,七層 陽台,全筆移轉
RPSOMLOLKHKGFAD87DA,37,10.86,共有部分,鋼筋混凝土造,76年10月30日,七層,,持分移轉
RPOOMLPLKHKGFAD57DA,34,18.33,商業用,鋼筋混凝土造,80年2月9日,九層,六層,全筆移轉
RPOOMLPLKHKGFAD57DA,34,10.19,共有部分,鋼筋混凝土造,80年2月9日,九層,,持分移轉
RPPNMLPLKHKGFED97DA,38,179.81,住家用,加強磚造,75年12月8日,二層,一層 二層 陽台 騎樓,全筆移轉
RPSOMLTKKHKGFID09DA,15,105.65,住家用,鋼筋混凝土造,99年4月22日,十四層,八層 陽台,全筆移轉
RPSOMLTKKHKGFID09DA,15,62.92,本共有部分之項目有管委會使用空間、防空避難室兼停車空間、梯間、機械室、水箱、突出物１、２層。,鋼筋混凝土造,99年4月22日,十四層,,持分移轉
RPWOMLPLKHKGFID56DA,17,8.32,辦公室,鋼筋混凝土造,96年9月20日,四層,四層 雨遮,全筆移轉
RPWOMLPLKHKGFID56DA,17,5.66,共有部分,鋼筋混凝土造,96年9月20日,四層,,持分移轉
RPUNMLOKKHKGFKD88DA,34,105.14,住家用,鋼筋混凝土造,80年1月25日,四層,一層 二層 三層 四層 陽台,持分移轉
RPSNMLOLKHKGFKD78DA,,83.16,集合住宅,鋼筋混凝土造,113年9月10日,十四層,六層 陽台,全筆移轉
RPSNMLOLKHKGFKD78DA,,70.17,本共有部分之項目有：停車空間、水箱、機房、防空避難室兼停車空間、台電變電室、樓梯間及電梯機房等７項,鋼筋混凝土造,113年9月10日,十四層,,持分移轉
RPQNMLPLKHKGFBD87EA,29,192.92,住家用,鋼筋混凝土造,84年9月13日,三層,一層 二層 三層 陽台 屋頂突出物 騎樓,全筆移轉
RPQNMLOLKHKGFCD77DA,40,208.36,住商用,鋼筋混凝土造,74年3月22日,四層,一層 二層 三層 四層 陽台 屋頂突出物 騎樓,全筆移轉
RPPNMLPLKHKGFFD18EA,49,129.66,住商用,加強磚造,64年11月20日,二層,一層 二層 騎樓,全筆移轉
RPRNMLKKKHKGFKD18DA,36,237.21,辦公室、宿舍。,鋼筋混凝土造,78年4月3日,二層,一層 二層 陽台 電梯樓梯間,全筆移轉
RPRNMLKKKHKGFKD18DA,36,45.00,工業用,鋼造,78年4月3日,一層,一層,全筆移轉
RPQNMLMKJHKGFBD27DA,43,101.14,住家用,加強磚造,70年12月30日,二層,一層 二層 屋頂突出物 見其他登記事項,全筆移轉
RPTNMLMKKHKGFAD57DA,17,116.20,集合住宅,鋼筋混凝土造,96年8月15日,二十一層,十層 陽台,全筆移轉
RPTNMLMKKHKGFAD57DA,17,53.72,共有部分,鋼筋混凝土造,96年8月15日,二十一層,,持分移轉
RPTNMLMKKHKGFAD57DA,17,17.63,共有部分,鋼筋混凝土造,96年8月15日,二十一層,,持分移轉
RPQNMLRKKHKGFDD08DA,34,184.75,住家用,鋼筋混凝土造,80年5月28日,四層,一層 二層 三層 四層,全筆移轉
RPSNMLSKKHKGFDD38DA,39,548.65,廠房,鋼筋混凝土造,74年9月19日,二層,一層 二層 陽台 地下層,全筆移轉
RPSNMLRKKHKGFCD18DA,29,54.53,住家用,鋼筋混凝土造,85年2月3日,十六層,六層 陽台,全筆移轉
RPSNMLRKKHKGFCD18DA,29,9.28,共有部分,鋼筋混凝土造,85年2月3日,十六層,,持分移轉
RPSNMLRKKHKGFCD18DA,29,8.16,共有部分,鋼筋混凝土造,85年2月3日,十六層,,持分移轉
RPTNMLKLKHKGFDD77DA,,65.68,集合住宅,鋼筋混凝土造,113年8月7日,五層,三層 陽台,全筆移轉
RPTNMLKLKHKGFDD77DA,,23.73,本共有部分之項目有管理委員室、電信室、樓電梯間、停車空間、梯廳及水箱等６項,鋼筋混凝土造,113年8月7日,五層,,持分移轉
RPXNMLRJKHKGFCD58DA,28,130.55,集合住宅,鋼筋混凝土造,85年11月8日,十二層,二層 陽台,全筆移轉
RPXNMLRJKHKGFCD58DA,28,21.66,共有部分,鋼筋混凝土造,85年11月8日,十二層,,持分移轉
RPXNMLRJKHKGFCD58DA,28,32.11,共有部分,鋼筋混凝土造,85年11月8日,十二層,,持分移轉
RPQNMLSKKHKGFFD38DA,40,125.66,住商用,加強磚造,73年7月12日,二層,一層 二層 陽台 騎樓,全筆移轉
RPXNMLKKKHKGFKD78DA,30,79.99,集合住宅,鋼筋混凝土造,83年10月6日,十二層,十層 陽台,全筆移轉
RPXNMLKKKHKGFKD78DA,30,25.85,共有部分,鋼筋混凝土造,83年10月6日,十二層,,持分移轉
RPTOMLKKJHKGFAD37DA,9,273.58,集合住宅,鋼筋混凝土構造,105年4月11日,二十三層,九層 陽台,全筆移轉
RPTOMLKKJHKGFAD37DA,9,175.43,共有部分項目包括：有樓梯間、門廊、外廊、門廳、共同維護管理空間、停車空間、防空避難室兼停車空間、機械室、水箱、陽台、雨遮、梯廳。,鋼筋混凝土構造,105年4月11日,二十三層,,持分移轉
RPTNMLMKKHKGFHD28DA,42,148.65,農舍,加強磚造,71年9月22日,二層,一層 二層 陽台,全筆移轉
RPVQMLSKKHKGFID86DA,13,151.55,住家用,鋼筋混凝土造,100年9月21日,三層,一層 二層 三層 陽台,全筆移轉
RPPNMLTKKHKGFAD97EA,47,91.02,住家用,加強磚造,66年12月9日,二層,一層 二層,全筆移轉
RPPOMLOJKHKGFKD38DA,38,231.56,住家用,加強磚造,75年8月27日,二層,一層 二層 陽台 電梯樓梯間,全筆移轉
RPQNMLLLJHKGFAD17DA,30,254.19,住家用,鋼筋混凝土造,84年5月10日,五層,一層 二層 三層 四層 五層 陽台 屋頂突出物 花台,全筆移轉
RPPNMLPKKHKGFAD47DA,36,1822.61,汽車旅館,加強磚造,78年1月31日,二層,一層 二層 陽台 屋頂突出物,全筆移轉
RPWNMLSKKHKGFAD48DA,31,23.58,共有部分,鋼筋混凝土造,82年9月3日,六層,,持分移轉
RPWNMLSKKHKGFAD48DA,31,9.98,共有部分,鋼筋混凝土造,82年9月3日,六層,,持分移轉
RPWNMLSKKHKGFAD48DA,31,86.75,住家用,鋼筋混凝土造,82年9月3日,六層,六層 陽台 花台,全筆移轉
RPPNMLRKKHKGFBD77DA,18,186.31,住家用,鋼筋混凝土造,96年6月11日,四層,一層 二層 三層 四層 陽台 見其他登記事項,全筆移轉
RPQNMLTKKHKGFDD28DA,27,136.36,住家用,鋼筋混凝土造,87年7月10日,十二層,四層 陽台,全筆移轉
RPQNMLTKKHKGFDD28DA,27,44.47,共有部分,鋼筋混凝土造,87年7月10日,十二層,,持分移轉
RPQNMLTKKHKGFDD28DA,27,15.79,共有部分,鋼筋混凝土造,87年7月10日,十二層,,持分移轉
RPRNMLRLKHKGFKD98DA,34,6.52,共有部分,鋼筋混凝土造,80年6月19日,七層,,持分移轉
RPRNMLRLKHKGFKD98DA,34,26.11,住家用,鋼筋混凝土造,80年6月19日,七層,二層,全筆移轉
RPRNMLRLKHKGFKD98DA,34,3.72,共有部分,鋼筋混凝土造,80年6月19日,七層,,持分移轉
RPTNMLSKKHKGFFD68DA,9,65.61,住家用,鋼骨構造有牆,105年3月22日,一層,一層,全筆移轉
RPRNMLTKKHKGFGD68DA,25,29.79,共有部分,鋼筋混凝土造,88年9月17日,十層,,持分移轉
RPRNMLTKKHKGFGD68DA,25,15.29,共有部分,鋼筋混凝土造,88年9月17日,十層,,持分移轉
RPRNMLTKKHKGFGD68DA,25,101.03,住家用,鋼筋混凝土造,88年9月17日,十層,七層 陽台,全筆移轉
RPWNMLKLKHKGFHD48DA,3,59.88,集合住宅,鋼筋混凝土造,111年6月2日,十一層,九層 陽台 雨遮,全筆移轉
RPWNMLKLKHKGFHD48DA,3,49.19,本共有部分之項目有停車空間、樓梯間、電梯間、電梯機械室、水箱等５項,鋼筋混凝土造,111年6月2日,十一層,,持分移轉
RPSOMLKLKHKGFID28DA,46,195.30,住商用,加強磚造,67年7月20日,三層,一層 二層 三層 陽台 騎樓,全筆移轉
RPXNMLKLKHKGFKD88DA,12,186.68,住家用,鋼筋混凝土構造,102年3月12日,四層,一層 二層 三層 四層 陽台 騎樓,全筆移轉
RPRNMLLLKHKGFDD77EA,,198.51,店舖、住宅,鋼筋混凝土造,113年8月20日,三層,一層 二層 三層 陽台 屋頂突出物,全筆移轉
RPTNMLTKKHKGFAD28DA,55,75.54,住家用,加強磚造,58年9月12日,二層,一層 二層,全筆移轉
RPWNMLTKKHKGFCD78DA,2,181.00,住家用,鋼筋混凝土構造,112年2月8日,四層,一層 二層 三層 四層 陽台,全筆移轉
RPWNMLTKKHKGFCD78DA,2,.63,本共有部分之項目有：公共管理維護空間等共一項。,鋼筋混凝土構造,112年2月8日,四層,,持分移轉
RPVOMLTKKHKGFCD78DA,53,78.40,住商用,加強磚造,61年6月25日,二層,一層 二層 走廊,全筆移轉
RPWOMLTKKHKGFCD88DA,29,20.03,共有部分,鋼筋混凝土造,84年8月10日,九層,,持分移轉
RPWOMLTKKHKGFCD88DA,29,11.50,共有部分,鋼筋混凝土造,84年8月10日,九層,,持分移轉
RPWOMLTKKHKGFCD88DA,29,18.90,共有部分,鋼筋混凝土造,84年8月10日,九層,,持分移轉
RPWOMLTKKHKGFCD88DA,29,.04,停車管理室,鋼筋混凝土造,84年8月10日,九層,一層,持分移轉
RPWOMLTKKHKGFCD88DA,29,114.49,住家用,鋼筋混凝土造,84年8月10日,九層,五層 六層 陽台,全筆移轉
RPPNMLKLKHKGFCD27DA,43,100.74,住家用,鋼筋混凝土造,70年10月23日,五層,三層 陽台,全筆移轉
RPPNMLKLKHKGFCD27DA,43,5.44,共有部分,鋼筋混凝土造,70年10月23日,五層,,持分移轉
RPTNMLKLKHKGFCD67DA,20,201.22,住宅、停車空間,鋼筋混凝土造,93年11月2日,四層,一層 二層 三層 四層 陽台 屋頂突出物 雨遮,全筆移轉
RPOOMLKLKHKGFCD27DA,,45.28,集合住宅,鋼筋混凝土造,113年8月16日,十五層,八層 陽台,全筆移轉
RPOOMLKLKHKGFCD27DA,,50.46,本共有部份之項目有：防空避難室兼停車空間、停車空間、管委會使用空間、樓梯間、昇降機間、機械室、水箱、梯間、門廊、車道共１０項。,鋼筋混凝土造,113年8月16日,十五層,,持分移轉
RPVNMLKKJHKGFCD67DA,,193.69,集合住宅,鋼筋混凝土造,113年9月4日,十三層,十二層 陽台,全筆移轉
RPVNMLKKJHKGFCD67DA,,155.32,本共有部分項目有防空避難室兼停車空間、停車空間、梯廳、門廊、管委會空間、公共服務空間、樓電梯間、水塔等８項。,鋼筋混凝土造,113年9月4日,十三層,,持分移轉
RPRNMLKKKHKGFDD47DA,8,190.58,住家用,鋼筋混凝土造,105年8月17日,三層,一層 二層 三層 陽台 屋頂突出物,全筆移轉
RPSNMLTKKHKGFDD48DA,30,104.66,住家用,鋼筋混凝土造,84年1月19日,七層,一層 二層 陽台 平台 騎樓,全筆移轉
RPSNMLTKKHKGFDD48DA,30,22.00,共有部分,鋼筋混凝土造,84年1月19日,七層,,持分移轉
RPPNMLSKKHKGFKD78DA,42,135.60,住商用,加強磚造,72年1月18日,二層,一層 二層 陽台 騎樓,全筆移轉
RPUOMLTKKHKGFAD48DA,25,13.78,共有部分,鋼筋混凝土造,88年7月30日,十層,,持分移轉
RPUOMLTKKHKGFAD48DA,25,15.32,共有部分,鋼筋混凝土造,88年7月30日,十層,,持分移轉
RPUOMLTKKHKGFAD48DA,25,7.90,共有部分,鋼筋混凝土造,88年7月30日,十層,,持分移轉
RPUOMLTKKHKGFAD48DA,25,101.70,集合住宅,鋼筋混凝土造,88年7月30日,十層,五層 陽台,全筆移轉
RPQPMLOJKHKGFBD67DA,1,56.89,集合住宅,鋼筋混凝土造,113年1月16日,二十七層,二十六層 陽台 雨遮,全筆移轉
RPQPMLOJKHKGFBD67DA,1,64.95,防空避難室兼停車空間、停車空間、管理委員會使用空間、安全梯、樓梯間、梯廳、管道間、一般昇降機、緊急昇降機、機械室、水箱、排煙室、陽台、雨遮、中繼機房、車道、門廊等１７項。,鋼筋混凝土造,113年1月16日,二十七層,,持分移轉
RPSNMLSKKHKGFFD58DA,1,164.02,住宅,鋼筋混凝土構造,112年8月21日,三層,一層 二層 三層 陽台 見其他登記事項,全筆移轉
RPRNMLKLKHKGFBD37DA,1,183.86,集合住宅、停車空間,鋼筋混凝土造,112年12月27日,四層,一層 二層 三層 四層 陽台 屋頂突出物,全筆移轉
RPPNNLRKKHKGFID58DA,30,158.23,住家用,鋼骨鋼筋混凝土造,83年8月30日,四層,一層 二層 三層 四層 陽台 騎樓,全筆移轉
RPVNMLKLKHKGFAD67DA,46,.20,共有部分,鋼筋混凝土造,68年4月6日,七層,,持分移轉
RPVNMLKLKHKGFAD67DA,46,49.15,住家用,鋼筋混凝土造,68年4月6日,七層,四層,全筆移轉
RPVNMLKLKHKGFAD67DA,46,9.61,共有部分,鋼筋混凝土造,68年4月6日,七層,,持分移轉
RPRNMLOLKHKGFAD67DA,4,53.77,集合住宅,鋼筋混凝土構造,110年5月3日,十八層,九層 陽台 雨遮,全筆移轉
RPRNMLOLKHKGFAD67DA,4,27.57,本共有部分之項目有防災中心、停車空間、機電設備空間、防空避難室兼停車空間、台電配電場所、自來水箱、車道、門廳、儲藏室、樓梯間、梯廳、昇降梯、屋頂平台等１３項。,鋼筋混凝土構造,110年5月3日,十八層,,持分移轉
RPTNMLOJKHKGFAD67DA,45,.00,共有部分,鋼筋混凝土造,69年5月3日,六層,,
RPTNMLOJKHKGFAD67DA,45,6.83,共有部分,鋼筋混凝土造,69年5月3日,六層,,持分移轉
RPTNMLOJKHKGFAD67DA,45,75.70,住家用,鋼筋混凝土造,69年5月3日,六層,三層,全筆移轉
RPTNMLTKKHKGFBD38DA,41,141.00,住家用,加強磚造,72年9月6日,二層,一層 二層 陽台 屋頂突出物 騎樓,全筆移轉
RPPNMLTKKHKGFBD97DA,35,230.88,住商用,鋼筋混凝土造,78年9月2日,三層,一層 二層 三層 屋頂突出物 騎樓,全筆移轉
RPSNMLMKKHKGFCD67DA,31,30.07,共有部分,鋼筋混凝土造,82年7月19日,七層,,持分移轉
RPSNMLMKKHKGFCD67DA,31,93.15,住家用,鋼筋混凝土造,82年7月19日,七層,七層 陽台,全筆移轉
RPWNMLKLKHKGFCD97DA,30,17.09,共有部分,鋼筋混凝土造,83年9月1日,八層,,持分移轉
RPWNMLKLKHKGFCD97DA,30,14.34,共有部分,鋼筋混凝土造,83年9月1日,八層,,持分移轉
RPWNMLKLKHKGFCD97DA,30,22.10,住家用,鋼筋混凝土造,83年9月1日,八層,八層,全筆移轉
RPRNMLTKKHKGFHD78DA,10,80.39,住家用,鋼筋混凝土造,103年9月10日,十五層,四層 陽台,全筆移轉
RPRNMLTKKHKGFHD78DA,10,69.45,停車空間、機械室、樓梯間、水箱、公共服務空間。,鋼筋混凝土造,103年9月10日,十五層,,持分移轉
RPXNMLTKKHKGFKD07DA,,55.48,集合住宅,鋼筋混凝土造,113年9月10日,十四層,九層 陽台,全筆移轉
RPXNMLTKKHKGFKD07DA,,55.78,本共有部分之項目有：停車空間、水箱、機房、防空避難室兼停車空間、台電變電室、樓梯間及電梯機房等７項,鋼筋混凝土造,113年9月10日,十四層,,持分移轉
RPPOMLKLKHKGFCD37DA,,71.48,集合住宅,鋼筋混凝土造,113年8月16日,十五層,十五層 陽台,全筆移轉
RPPOMLKLKHKGFCD37DA,,64.78,本共有部份之項目有：防空避難室兼停車空間、停車空間、管委會使用空間、樓梯間、昇降機間、機械室、水箱、梯間、門廊、車道共１０項。,鋼筋混凝土造,113年8月16日,十五層,,持分移轉
RPQNMLOLKHKGFGD18DA,12,165.50,住宅、店舖、停車空間,鋼筋混凝土造,101年7月5日,三層,一層 二層 三層 陽台 屋頂突出物 雨遮,全筆移轉
RPPNMLQJKHKGFJD38DA,29,114.75,住家用,加強磚造,85年1月10日,二層,一層 二層 陽台 平台 電梯樓梯間,全筆移轉
RPVNMLTKKHKGFKD86DA,28,82.43,住家用,鋼筋混凝土造,86年1月28日,十九層,十二層 陽台 花台,全筆移轉
RPVNMLTKKHKGFKD86DA,28,18.65,共有部分,鋼筋混凝土造,86年1月28日,十九層,,持分移轉
RPVNMLTKKHKGFKD86DA,28,16.00,共有部分,鋼筋混凝土造,86年1月28日,十九層,,持分移轉
RPPNMLLKJHKGFHD67DA,17,86.07,住家用,鋼筋混凝土造,96年9月27日,十二層,十一層 陽台,全筆移轉
RPPNMLLKJHKGFHD67DA,17,11.55,水箱，樓梯間，機械室,鋼筋混凝土造,96年9月27日,十二層,,持分移轉
RPPNMLLKJHKGFHD67DA,17,14.27,防空避難室兼停車空間、管理室、門廊,鋼筋混凝土造,96年9月27日,一層,,持分移轉
RPXNMLTKKHKGFAD68DA,39,13.22,共有部分,鋼筋混凝土造,74年12月26日,五層,,持分移轉
RPXNMLTKKHKGFAD68DA,39,142.46,住家用,鋼筋混凝土造,74年12月26日,五層,五層 陽台 夾層,全筆移轉
RPXNMLTKKHKGFAD68DA,39,36.88,避難室　停車空間,鋼筋混凝土造,74年12月26日,五層,地下層,持分移轉
RPROMLQJJHKGFBD77DA,42,89.12,住家用,加強磚造,72年2月11日,二層,一層 二層 陽台 屋頂突出物,全筆移轉
RPTNMLKLKHKGFAD47DA,21,.10,店舖、住宅,鋼筋混凝土造,92年9月16日,十三層,一層 二層 三層 陽台,持分移轉
RPTNMLKLKHKGFAD47DA,21,.00,公共設施,鋼筋混凝土造,92年9月16日,十三層,,持分移轉
RPTNMLKLKHKGFAD47DA,21,.01,公共設施,鋼筋混凝土造,92年9月16日,十三層,,持分移轉
RPTNMLKLKHKGFAD47DA,21,.02,管理室等,鋼筋混凝土造,92年9月16日,十四層,,持分移轉
RPTNMLKLKHKGFAD47DA,21,38.25,管理室等,鋼筋混凝土造,92年9月16日,十四層,,持分移轉
RPTNMLKLKHKGFAD47DA,21,.00,公共設施,鋼筋混凝土造,92年9月16日,十四層,,持分移轉
RPTNMLKLKHKGFAD47DA,21,20.80,公共設施,鋼筋混凝土造,92年9月16日,十四層,,持分移轉
RPTNMLKLKHKGFAD47DA,21,.33,超級市場、辦公室,鋼筋混凝土造,92年9月16日,十四層,一層 二層 三層 陽台,持分移轉
RPTNMLKLKHKGFAD47DA,21,109.78,集合住宅,鋼筋混凝土造,92年9月16日,十四層,八層 陽台,全筆移轉
RPQNMLLLKHKGFAD27DA,7,83.37,集合住宅,鋼筋混凝土構造,107年5月31日,二十層,八層 陽台 雨遮,全筆移轉
RPQNMLLLKHKGFAD27DA,7,79.78,本共有部分之項目有：門廊、門廳、有頂蓋廣場式開放空間、管委會空間、防災中心、樓梯間、車道、公共服務空間、機械室、水箱、防空避難室兼停車空間、停車空間。,鋼筋混凝土構造,107年5月31日,二十層,,持分移轉
RPQNMLOLKHKGFAD57DA,48,229.74,住家用,鋼筋混凝土造,66年4月29日,四層,一層 二層 三層 四層 地下層,全筆移轉
RPUNMLPLKHKGFAD08DA,,111.48,住家用,磚造,20年0月0日,二層,一層 二層 騎樓,全筆移轉
RPUNMLPLKHKGFAD08DA,64,156.60,住家用,磚造補強柱,49年12月13日,三層,一層 二層 三層 騎樓,全筆移轉
RPPNMLQKJHKGFBD57DA,,69.01,集合住宅,鋼筋混凝土造,113年9月30日,十二層,一層,全筆移轉
RPPNMLQKJHKGFBD57DA,,67.62,本共有部分之項目有：防空避難室兼停車空間、樓電梯間、電錶室、台電配電室、發電機房、電信室、垃圾分類室、垃圾冷藏室、垃圾車位、水箱、機房、消防機房、雨水景觀機房、汙水機房、門廊、交誼廳、管委會使用空間、宅配室、多功能才藝教室、健身房、機械室、梯間、停車空間等２３項。,鋼筋混凝土造,113年9月30日,十二層,,持分移轉
RPOOMLMLJHKGFKD18DA,29,28.32,共有部分,鋼筋混凝土造,84年12月22日,十一層,,持分移轉
RPOOMLMLJHKGFKD18DA,29,90.13,住家用,鋼筋混凝土造,84年12月22日,十一層,六層 陽台 花台,全筆移轉
RPUNMLNKKHKGFKD78DA,38,111.03,住商用,鋼筋混凝土造,76年4月27日,二層,一層 二層 陽台 騎樓 電梯樓梯間,全筆移轉
RPSNMLOKKHKGFBD77DA,,72.26,集合住宅,鋼筋混凝土造,113年8月14日,五層,三層 陽台,全筆移轉
RPSNMLOKKHKGFBD77DA,,47.72,本共有部分之項目有：停車空間、樓梯間、水箱、門廊、無障礙昇降機、梯廳、安全梯、管理委員會使用空間、電信機房共９項,鋼筋混凝土造,113年8月14日,五層,,持分移轉
RPPNMLOLKHKGFGD08DA,30,97.40,住家用,鋼筋混凝土造,84年6月22日,十二層,五層 陽台,全筆移轉
RPPNMLOLKHKGFGD08DA,30,30.72,共有部分,鋼筋混凝土造,84年6月22日,十二層,,持分移轉
RPVNMLLLJHKGFGD28DA,1,221.66,集合住宅,鋼筋混凝土造,113年7月11日,四層,一層 二層 三層 四層 陽台,全筆移轉
RPWNMLLLKHKGFID68DA,6,57.55,集合住宅,鋼筋混凝土構造,107年11月5日,六層,六層 陽台,全筆移轉
RPWNMLLLKHKGFID68DA,6,28.35,本共有部分之項目有門廊、管理委員會空間、停車空間、樓梯間、水箱等,鋼筋混凝土構造,107年11月5日,六層,,持分移轉
RPPNMLPLKHKGFID38DA,31,5.68,本共有部分之項目有防空避難室及停車空間二項。,鋼筋混凝土造,83年6月25日,五層,,持分移轉
RPPNMLPLKHKGFID38DA,31,5.14,本共有部分之項目有樓梯間、玄關及門廳三項。,鋼筋混凝土造,83年6月25日,五層,,持分移轉
RPPNMLPLKHKGFID38DA,31,37.38,住家用,鋼筋混凝土造,83年6月25日,五層,三層 陽台,全筆移轉
RPQNMLNKKHKGFKD38DA,5,91.86,住家用,鋼筋混凝土構造,108年7月26日,十三層,九層 陽台,全筆移轉
RPQNMLNKKHKGFKD38DA,5,70.14,本共有部分之項目有：公共服務空間、門廊、走廊、汽車坡道、樓電梯間、垃圾暫存空間、樓梯間、水箱、機械室、防空避難室兼停車空間、停車空間等１１項,鋼筋混凝土構造,108年7月26日,十三層,,持分移轉
RPOOMLLLKHKGFKD18DA,44,114.27,住宅、涼棚。,加強磚造、鐵骨造。,70年1月16日,三層,一層 二層 三層,全筆移轉
RPQNMLNLKHKGFKD48DA,34,25.10,住家用,鋼筋混凝土造,80年6月19日,七層,二層,全筆移轉
RPQNMLNLKHKGFKD48DA,34,6.14,共有部分,鋼筋混凝土造,80年6月19日,七層,,持分移轉
RPQNMLNLKHKGFKD48DA,34,3.39,共有部分,鋼筋混凝土造,80年6月19日,七層,,持分移轉
RPPNMLLKJHKGFAD96DA,18,92.70,集合住宅,ＲＣ造,96年1月11日,十四層,十一層 陽台,全筆移轉
RPPNMLLKJHKGFAD96DA,18,13.21,共有部分,ＲＣ造,96年1月11日,十四層,,持分移轉
RPPNMLLKJHKGFAD96DA,18,48.49,共有部分,ＲＣ造,96年1月11日,十四層,,持分移轉
RPPNMLOLKHKGFKD48DA,2,264.91,住宅，騎樓,鋼筋混凝土構造,112年1月13日,四層,一層 二層 三層 四層 陽台 屋頂突出物 騎樓,全筆移轉
RPPNMLQLKHKGFDD08EA,,45.53,商業用,磚木瓦頂造,,一層,一層 騎樓,持分移轉
RPXNMLSKKHKGFAD58DA,37,149.67,住家用,鋼筋混凝土造,76年12月16日,三層,一層 二層 三層 陽台,全筆移轉
RPRNMLNJJHKGFBD37DA,27,253.33,住商用,鋼筋混凝土造,86年12月4日,五層,一層 二層 三層 四層 五層 陽台,全筆移轉
RPXNMLQJKHKGFCD48DA,45,203.60,住家用,鋼筋混凝土造,68年9月19日,三層,一層 二層 三層 地下層,全筆移轉
RPWNMLSKKHKGFCD68DA,44,671.11,住商用,鋼筋混凝土造,69年8月20日,六層,一層 二層 三層 四層 五層 六層 騎樓 地下層,全筆移轉
RPQPMLTKKHKGFCD38DA,48,122.06,住商用,加強磚造,65年8月7日,二層,一層 二層 騎樓,全筆移轉
RPUNMLRJKHKGFDD38DA,25,100.73,集合住宅,鋼筋混凝土造,89年3月17日,十三層,四層 陽台,全筆移轉
RPUNMLRJKHKGFDD38DA,25,47.81,共有部分,鋼筋混凝土造,89年3月17日,十三層,,持分移轉
RPTNMLQKJHKGFGD48DA,5,141.35,住家用,鋼筋混凝土造,109年2月10日,二層,一層 二層 陽台,全筆移轉
RPPOMLQJJHKGFKD48DA,43,164.92,住商用,鋼筋混凝土造,70年12月2日,三層,一層 二層 三層 陽台 騎樓,全筆移轉
RPUOMLSKKHKGFHD09DA,1,222.04,停車空間、集合住宅,鋼筋混凝土造,113年2月17日,四層,一層 二層 三層 四層 陽台 見其他登記事項,全筆移轉
RPVNMLRKKHKGFHD98DA,9,185.13,住家用,鋼筋混凝土造,104年10月15日,四層,一層 二層 三層 四層 陽台 屋頂突出物 見其他登記事項,全筆移轉
RPPOMLTKKHKGFHD68DA,60,86.76,住商用,加強磚造,54年4月3日,二層,一層 二層 騎樓,全筆移轉
RPSNMLOKKHKGFID48DA,30,159.98,住商用,鋼筋混凝土造,84年5月27日,四層,一層 二層 三層 四層 陽台 電梯樓梯間,全筆移轉
RPXNMLPJKHKGFFD68DA,24,1755.40,雞舍、管理室,鋼鐵造,89年8月17日,一層,一層,全筆移轉
RPOOMLKLJHKGFKD97DA,26,41.31,住家用,鋼筋混凝土造,88年3月17日,十一層,六層 陽台,全筆移轉
RPOOMLKLJHKGFKD97DA,26,17.58,共有部分,鋼筋混凝土造,88年3月17日,十一層,,持分移轉
RPOOMLKLJHKGFKD97DA,26,7.07,共有部分,鋼筋混凝土造,88年3月17日,十一層,,持分移轉
RPRNMLKLKHKGFAD27DA,26,8.87,共有部分,鋼筋混凝土造,87年7月6日,五層,,持分移轉
RPRNMLKLKHKGFAD27DA,26,24.01,集合住宅,鋼筋混凝土造,87年7月6日,五層,二層 陽台,全筆移轉
RPQNMLNLJHKGFHD08DA,2,56.59,集合住宅,鋼筋混凝土造,112年5月25日,七層,四層 陽台,全筆移轉
RPQNMLNLJHKGFHD08DA,2,32.79,本共有部分之項目有門廊、停車空間、機電設備空間、消防設備機房、梯間、水箱、機械室、升降機（電梯）、資源回收室等９項,鋼筋混凝土造,112年5月25日,七層,,持分移轉
RPUNMLMKKHKGFAD67DA,34,8.97,商業用,鋼筋混凝土造,80年6月4日,十二層,地下層,持分移轉
RPUNMLMKKHKGFAD67DA,34,70.37,住家用,鋼筋混凝土造,80年6月4日,十二層,十層 陽台,全筆移轉
RPUNMLMKKHKGFAD67DA,34,1.56,共有部分,鋼筋混凝土造,80年6月4日,十二層,,持分移轉
RPUNMLMKKHKGFAD67DA,34,12.06,共有部分,鋼筋混凝土造,80年6月4日,十二層,,持分移轉
RPUNMLSKKHKGFCD48DA,27,127.22,住家用,鋼筋混凝土造,86年10月8日,十二層,一層 二層 陽台,全筆移轉
RPUNMLSKKHKGFCD48DA,27,36.87,共有部分,鋼筋混凝土造,86年10月8日,十二層,,持分移轉
RPUNMLSKKHKGFCD48DA,27,15.83,共有部分,鋼筋混凝土造,86年10月8日,十二層,,持分移轉
RPRPMLTKKHKGFCD48DA,35,118.42,住家用,鋼筋混凝土造,78年10月30日,二層,一層 二層 陽台 屋頂突出物 露台,全筆移轉
RPTNMLRKKHKGFDD38DA,9,160.73,住家用,鋼筋混凝土造,104年8月3日,三層,一層 二層 三層 陽台 屋頂突出物 見其他登記事項,全筆移轉
RPQNMLNKKIJGFAD37DA,6,747.36,住宅、停車空間,鋼筋混凝土構造,107年9月17日,五層,一層 二層 三層 四層 五層 陽台 騎樓,全筆移轉
RPQNMLKLKHKGFED57DA,1,50.94,集合住宅,鋼筋混凝土造,112年9月4日,五層,五層 陽台,全筆移轉
RPQNMLKLKHKGFED57DA,1,28.19,共有部分之項目有停車空間、門廊、騎樓、樓梯間、管理維護空間等五項,鋼筋混凝土造,112年9月4日,五層,,持分移轉
RPPNMLNLJHKGFHD97DA,2,58.47,集合住宅,鋼筋混凝土造,112年5月25日,七層,五層 陽台,全筆移轉
RPPNMLNLJHKGFHD97DA,2,47.86,本共有部分之項目有門廊、停車空間、機電設備空間、消防設備機房、梯間、水箱、機械室、升降機（電梯）、資源回收室等９項,鋼筋混凝土造,112年5月25日,七層,,持分移轉
RPVOMLSKKHKGFHD56DA,1,233.91,停車空間、集合住宅,鋼筋混凝土造,113年2月17日,四層,一層 二層 三層 四層 陽台 見其他登記事項,全筆移轉
RPUOMLPJKHKGFAD97DA,1,48.83,集合住宅,鋼筋混凝土造,112年11月8日,二十二層,十六層 陽台 雨遮,全筆移轉
RPUOMLPJKHKGFAD97DA,1,52.33,本共有部分之項目有防空避難室兼停車空間、停車空間、管委會使用空間、梯間、門廳兼梯廳、樓梯間、機械室、水箱、門廊、車道、排煙室、管道間等１２項,鋼筋混凝土造,112年11月8日,二十二層,,持分移轉
RPTNMLKLKHKGFKD48DA,41,142.33,住商用,加強磚造,72年11月29日,二層,一層 二層 陽台 騎樓 電梯樓梯間,全筆移轉
RPTNMLRKKHKGFKD09DA,42,92.96,住家用,加強磚造,71年10月28日,二層,一層 二層 陽台,全筆移轉
RPSPMLMLJHKGFCD87DA,48,388.71,住商用,鋼筋混凝土造,65年11月26日,四層,一層 二層 三層 四層 騎樓 地下層,全筆移轉
RPOPMLMLJHKGFCD47DA,38,328.59,住商用,鋼筋混凝土造,75年12月30日,三層,一層 二層 三層 陽台 屋頂突出物 騎樓,全筆移轉
RPROMLTKKHKGFAD18DA,6,85.03,集合住宅,鋼筋混凝土構造,107年9月21日,二十九層,四層 陽台,全筆移轉
RPROMLTKKHKGFAD18DA,6,61.71,本共有部分之項目有門廊、門廳、垃圾暫存空間、防災中心、管委會使用空間、樓梯間、車道、出入口緩衝空間、外廊、機械室、水箱、停車空間、防空避難室兼停車空間,鋼筋混凝土構造,107年9月21日,二十九層,,持分移轉
RPSOMLQJJHKGFBD87DA,,63.40,集合住宅,鋼筋混凝土造,113年6月26日,五層,二層 陽台,全筆移轉
RPSOMLQJJHKGFBD87DA,,25.88,共有部分,鋼筋混凝土造,113年6月26日,五層,,持分移轉
RPOPMLNLJHKGFHD08DA,2,56.59,集合住宅,鋼筋混凝土造,112年5月25日,七層,七層 陽台,全筆移轉
RPOPMLNLJHKGFHD08DA,2,32.79,本共有部分之項目有門廊、停車空間、機電設備空間、消防設備機房、梯間、水箱、機械室、升降機（電梯）、資源回收室等９項,鋼筋混凝土造,112年5月25日,七層,,持分移轉
RPSNMLTKKHKGFBD28DA,10,166.12,住宅，停車空間,鋼筋混凝土造,103年11月27日,四層,一層 二層 三層 四層 陽台,全筆移轉
RPSNMLTKKHKGFBD28DA,10,.12,本共有部份之項目有管理員室等乙項,鋼筋混凝土造,103年11月27日,一層,,持分移轉
RPRNMLSJKHKGFBD97DA,43,3.60,共有部分,鋼筋混凝土造,70年9月7日,四層,,持分移轉
RPRNMLSJKHKGFBD97DA,43,.00,共有部分,鋼筋混凝土造,70年9月7日,四層,,持分移轉
RPRNMLSJKHKGFBD97DA,43,.00,共有部分,鋼筋混凝土造,70年9月7日,四層,,持分移轉
RPRNMLSJKHKGFBD97DA,43,92.30,集合住宅,鋼筋混凝土造,70年9月7日,四層,二層 陽台,全筆移轉
RPRNMLSJKHKGFBD97DA,43,7.81,共有部分,鋼筋混凝土造,70年9月7日,四層,,持分移轉
RPRNMLSJKHKGFBD97DA,43,.05,集合住宅,鋼筋混凝土造,70年9月7日,四層,一層 平台,持分移轉
RPRNMLSJKHKGFBD97DA,43,.05,集合住宅,鋼筋混凝土造,70年9月7日,四層,一層 平台,持分移轉
RPRNMLSJKHKGFBD97DA,43,.00,共有部分,鋼筋混凝土造,70年9月7日,四層,,持分移轉
RPRNMLSJKHKGFBD97DA,43,.00,共有部分,鋼筋混凝土造,70年9月7日,四層,,持分移轉
RPSOMLRKKHKGFHD78DA,1,111.97,集合住宅,鋼筋混凝土造,113年3月19日,七層,六層 陽台,全筆移轉
RPSOMLRKKHKGFHD78DA,1,67.66,本共有部分之項目有停車空間、樓梯間、梯廳、機電設備空間、昇降機間、管委會空間、車道空間、機械室及不鏽鋼水塔放置處等９項。,鋼筋混凝土造,113年3月19日,七層,,持分移轉
RPUNMLKLKHKGFCD77DA,31,26.09,共有部分,鋼筋混凝土造,82年11月25日,八層,,持分移轉
RPUNMLKLKHKGFCD77DA,31,69.94,住家用,鋼筋混凝土造,82年11月25日,八層,五層 陽台 花台,全筆移轉
RPXNMLKLKHKGFCD08DA,,73.81,集合住宅,鋼筋混凝土造,113年8月16日,十五層,八層 陽台,全筆移轉
RPXNMLKLKHKGFCD08DA,,66.14,本共有部份之項目有：防空避難室兼停車空間、停車空間、管委會使用空間、樓梯間、昇降機間、機械室、水箱、梯間、門廊、車道共１０項。,鋼筋混凝土造,113年8月16日,十五層,,持分移轉
RPTOMLLKKHKGFCD77DA,6,151.26,集合住宅,鋼筋混凝土構造,107年12月5日,十五層,十二層 陽台,全筆移轉
RPTOMLLKKHKGFCD77DA,6,90.79,本共有部份之項目有：停車空間、防空避難室兼停車空間、門廊、公共服務空間、管理委員會使用空間、樓梯間、水箱。,鋼筋混凝土構造,107年12月5日,十五層,,持分移轉
RPTOMLLKKHKGFCD77DA,6,30.62,本共有部份之項目有：樓梯間。,鋼筋混凝土構造,107年12月5日,十五層,,持分移轉
RPPNMLKLJHKGFCD17DA,47,75.67,住家用,鋼筋混凝土造,67年5月9日,四層,一層,全筆移轉
RPQNMLKLKHKGFHD87DA,1,92.53,集合住宅,鋼筋混凝土構造,112年8月30日,七層,七層 陽台,全筆移轉
RPQNMLKLKHKGFHD87DA,1,36.36,本共有部分之項目有梯廳、樓梯間、停車空間、設備空間及水箱等５項。,鋼筋混凝土構造,112年8月30日,七層,,持分移轉
RPSOMLRJJHKGFID68DA,29,96.00,住家用,鋼筋混凝土造,84年8月15日,六層,三層 陽台 夾層,全筆移轉
RPSOMLRJJHKGFID68DA,29,30.26,共有部分,鋼筋混凝土造,84年8月15日,六層,,持分移轉
RPSNMLKLKHKGFID18DA,5,84.95,集合住宅,鋼筋混凝土構造,108年10月21日,五層,五層 陽台,全筆移轉
RPSNMLKLKHKGFID18DA,5,44.85,本共有部分之項目有停車空間、管理維護使用空間、安全梯、昇降機道、昇降機間梯廳、梯廳、樓梯間、電梯間、機械室、水箱等,鋼筋混凝土構造,108年10月21日,五層,,持分移轉
RPRNMLOLKHKGFID48DA,6,158.37,住家用,鋼筋混凝土構造,107年12月18日,三層,一層 二層 三層 陽台,全筆移轉
RPWNMLKKKHKGFKD68DA,34,6.76,共有部分,鋼造,79年12月5日,二十四層,,持分移轉
RPWNMLKKKHKGFKD68DA,34,12.49,共有部分,鋼造,79年12月5日,二十四層,,持分移轉
RPWNMLKKKHKGFKD68DA,34,11.19,共有部分,鋼造,79年12月5日,二十四層,,持分移轉
RPWNMLKKKHKGFKD68DA,34,32.93,共有部分,鋼造,79年12月5日,二十四層,,持分移轉
RPWNMLKKKHKGFKD68DA,34,157.23,辦公室。,鋼骨造,79年12月5日,二十四層,六層,全筆移轉
RPSOMLOKKHKGFKD78DA,34,6.08,共有部分,鋼造,79年12月5日,二十四層,,持分移轉
RPSOMLOKKHKGFKD78DA,34,11.33,共有部分,鋼造,79年12月5日,二十四層,,持分移轉
RPSOMLOKKHKGFKD78DA,34,10.09,共有部分,鋼造,79年12月5日,二十四層,,持分移轉
RPSOMLOKKHKGFKD78DA,34,29.91,共有部分,鋼造,79年12月5日,二十四層,,持分移轉
RPSOMLOKKHKGFKD78DA,34,141.55,辦公室。,鋼骨造,79年12月5日,二十四層,六層,全筆移轉
RPVNMLQJKHKGFKD09DA,28,181.47,停車空間、住宅。,鋼筋混凝土造,86年4月21日,四層,一層 二層 三層 四層 陽台,全筆移轉
RPQNMLNLJHKGFKD38DA,29,81.95,住家用,鋼筋混凝土造,84年11月29日,八層,五層 陽台,全筆移轉
RPQNMLNLJHKGFKD38DA,29,22.64,共有部分,鋼筋混凝土造,84年11月29日,八層,,持分移轉
RPPNMLLLKHKGFDD57EA,2,57.61,Ｈ２集合住宅,鋼筋混凝土造,112年5月9日,五層,五層 陽台,全筆移轉
RPPNMLLLKHKGFDD57EA,2,32.28,本共有部分之項目有停車空間、安全梯、梯廳、電梯間及電梯升降道等五項,鋼筋混凝土造,112年5月9日,五層,,持分移轉
RPSNMLLLKHKGFAD47DA,20,227.63,住宅、停車空間,ＲＣ造,93年7月16日,四層,一層 二層 三層 四層 陽台 屋頂突出物,全筆移轉
RPSNMLOLKHKGFAD77DA,30,51.56,商業用,鋼筋混凝土造,83年12月22日,二十一層,四層 陽台,全筆移轉
RPSNMLOLKHKGFAD77DA,30,10.23,共有部分,鋼筋混凝土造,83年12月22日,二十一層,,持分移轉
RPSNMLOLKHKGFAD77DA,30,8.72,共有部分,鋼筋混凝土造,83年12月22日,二十一層,,持分移轉
RPOOMLKLJHKGFBD07DA,2,184.13,停車空間、住宅,鋼筋混凝土造,111年10月17日,三層,一層 二層 三層 陽台 屋頂突出物,全筆移轉
RPVNMLSKKHKGFBD48DA,32,177.27,住家用,鋼筋混凝土造,82年4月23日,三層,一層 二層 三層 陽台 屋頂突出物,全筆移轉
RPXOMLTKKHKGFCD98DA,19,191.45,住家用,鋼筋混凝土造,94年10月12日,三層,一層 二層 三層 陽台 屋頂突出物 雨遮,全筆移轉
RPWNMLNLJHKGFCD18DA,32,69.46,住家用,鋼筋混凝土造,82年2月8日,七層,二層 陽台,全筆移轉
RPWNMLNLJHKGFCD18DA,32,15.71,共有部分,鋼筋混凝土造,82年2月8日,七層,,持分移轉
RPRNMLLMKIJGFAD47DA,1,89.04,集合住宅,鋼筋混凝土構造,112年11月3日,十五層,十層 陽台,全筆移轉
RPRNMLLMKIJGFAD47DA,1,74.59,本共有部分之項目有停車空間、防空避難室兼停車空間、梯廳、門廊、樓梯間、管理委員會使用空間、水箱、陽台等８項,鋼筋混凝土構造,112年11月3日,十五層,,持分移轉
RPTOMLSKKHKGFHD98DA,39,105.25,住家用,加強磚造,74年11月7日,二層,一層 二層,全筆移轉
RPOOMLRJKHKGFID38DA,32,93.54,住家用,鋼筋混凝土造,81年8月12日,五層,四層 陽台,全筆移轉
RPOOMLRJKHKGFID38DA,32,9.12,共有部分,鋼筋混凝土造,81年8月12日,五層,,持分移轉
RPOOMLRJKHKGFID38DA,32,6.61,共有部分,鋼筋混凝土造,81年8月12日,五層,,持分移轉
RPQOMLTKKHKGFHD78DA,8,56.24,集合住宅,鋼筋混凝土造,106年1月11日,八層,六層 陽台,全筆移轉
RPQOMLTKKHKGFHD78DA,8,5.70,停車空間兼防空避難室,鋼筋混凝土造,106年1月11日,八層,,持分移轉
RPQOMLTKKHKGFHD78DA,8,19.67,公共服務空間、水箱、機械室、樓梯間、資源回收及垃圾處理、汽車車道、安全梯、梯廳、走道,鋼筋混凝土造,106年1月11日,八層,,持分移轉
RPQPMLLMKIJGFKD58DA,9,57.95,住家用,鋼筋混凝土構造,105年5月12日,二十層,九層 陽台 雨遮,全筆移轉
RPQPMLLMKIJGFKD58DA,9,52.85,本共有部分之項目有防空避難室兼停車空間，車道，外廊，樓梯間，頂蓋型廣場式開放空間，出入口緩衝空間，門廳，防災中心，中繼設備層，機械室及水箱等１１項,鋼筋混凝土構造,105年5月12日,二十層,,持分移轉
RPVNMLKKKHKGFKD58DA,39,151.27,住商用,鋼筋混凝土造,74年11月7日,三層,一層 二層 三層 陽台 電梯樓梯間,全筆移轉
RPUNMLRKKHKGFKD56DA,29,21.08,共有部分,鋼筋混凝土造,84年11月2日,八層,,持分移轉
RPUNMLRKKHKGFKD56DA,29,58.86,住家用,鋼筋混凝土造,84年11月2日,八層,六層 陽台,全筆移轉
RPTNMLTKKHKGFKD66DA,32,216.42,住商用,鋼筋混凝土造,81年10月7日,四層,一層 二層 三層 四層 陽台 騎樓,全筆移轉
RPPNMLOLKHKGFBD67EA,1,426.76,住宅、停車空間,鋼筋混凝土造,112年10月2日,四層,一層 二層 三層 四層 陽台 屋頂突出物,全筆移轉
RPPNMLMKKHKGFCD37DA,24,203.57,住宅　停車空間,鋼筋混凝土造,89年12月11日,四層,一層 二層 三層 四層 陽台 屋頂突出物,全筆移轉
RPWNMLOLKHKGFCD38DA,47,87.00,住家用,加強磚造,67年6月21日,二層,一層 二層,全筆移轉
RPXNMLTKKHKGFHD76DA,41,94.70,住家用,加強磚造,72年10月4日,二層,一層 二層,全筆移轉
RPWNMLPLKIJGFAD28DA,45,172.00,住商用,鋼筋混凝土造,69年4月15日,三層,一層 二層 三層 地下層,全筆移轉
RPQNMLRLKIJGFAD87DA,20,191.25,住宅、停車空間,ＲＣ造,93年8月2日,四層,一層 二層 三層 四層 陽台,全筆移轉
RPUNMLQLKHKGFHD88DA,,63.61,集合住宅,鋼筋混凝土造,113年8月20日,七層,四層 陽台,全筆移轉
RPUNMLQLKHKGFHD88DA,,33.88,本共有部分之項目有停車空間、門廊、樓梯間、梯間、水箱及機械室等６項,鋼筋混凝土造,113年8月20日,七層,,持分移轉
RPTOMLQJKHKGFKD98DA,38,98.97,住商用,鋼筋混凝土造,75年10月1日,二層,一層 二層 陽台 電梯樓梯間,全筆移轉
RPPNMLQLKHKGFED18EA,39,88.80,住宅,鋼鐵造,74年12月24日,一層,一層,全筆移轉
RPRNMLSKKHKGFAD97DA,28,69.50,住家用,鋼筋混凝土造,85年9月20日,五層,四層 五層 陽台 花台,全筆移轉
RPRNMLSKKHKGFAD97DA,28,.00,共有部分,鋼筋混凝土造,85年9月20日,五層,,
RPRNMLSKKHKGFAD97DA,28,14.18,共有部分,鋼筋混凝土造,85年9月20日,五層,,持分移轉
RPRNMLSKKHKGFAD97DA,28,.00,共有部分,鋼筋混凝土造,85年9月20日,五層,,
RPRNMLSKKHKGFAD97DA,28,.00,共有部分,鋼筋混凝土造,85年9月20日,五層,,
RPRNMLSKKHKGFAD97DA,28,.00,共有部分,鋼筋混凝土造,85年9月20日,五層,,
RPRNMLSKKHKGFAD97DA,28,.00,共有部分,鋼筋混凝土造,85年9月20日,五層,,
RPRNMLSKKHKGFAD97DA,28,.00,共有部分,鋼筋混凝土造,85年9月20日,五層,,
RPRNMLSKKHKGFAD97DA,28,.00,共有部分,鋼筋混凝土造,85年9月20日,五層,,
RPRNMLSKKHKGFAD97DA,28,.00,共有部分,鋼筋混凝土造,85年9月20日,五層,,
RPRNMLSKKHKGFAD97DA,28,.00,共有部分,鋼筋混凝土造,85年9月20日,五層,,
RPRNMLSKKHKGFAD97DA,28,15.00,共同使用停車空間,鋼筋混凝土造,85年9月20日,五層,,持分移轉
RPPOMLLKKHKGFHD87DA,30,86.05,住家用,鋼筋混凝土造,84年5月31日,八層,五層 陽台 花台,全筆移轉
RPPOMLLKKHKGFHD87DA,30,20.82,防空避難室、受電室、停車空間、廣場、機械室、水箱，梯間,鋼筋混凝土造,84年5月31日,八層,,持分移轉
RPPOMLNJKHKGFGD87DA,,133.67,集合住宅、停車空間,鋼筋混凝土造,113年10月8日,四層,一層 二層 三層 四層 陽台,全筆移轉
RPSNMLNJKHKGFGD08DA,35,347.77,住家用,鋼筋混凝土造,78年11月15日,四層,一層 二層 三層 四層 陽台 騎樓,全筆移轉
RPQOMLNJKHKGFGD97DA,,133.67,集合住宅、停車空間,鋼筋混凝土造,113年10月8日,四層,一層 二層 三層 四層 陽台,全筆移轉
RPSOMLNJKHKGFGD18DA,,138.94,集合住宅、停車空間,鋼筋混凝土造,113年10月8日,四層,一層 二層 三層 四層 陽台,全筆移轉
RPOOMLTKKHKGFGD48DA,26,181.42,住家用,鋼筋混凝土造,87年8月7日,三層,一層 二層 三層 陽台 騎樓 電梯樓梯間,全筆移轉
RPPPMLKKKHKGFBD27DA,44,91.81,住商用,加強磚造,69年12月17日,二層,一層 二層 屋頂突出物 走廊,全筆移轉
RPUNMLOKKHKGFHD58DA,37,206.70,住家用,鋼筋混凝土造,76年11月21日,三層,一層 二層 三層 陽台 屋頂突出物,全筆移轉
RPWOMLNLJHKGFHD78DA,2,68.34,集合住宅,鋼筋混凝土造,112年5月25日,七層,三層 陽台,全筆移轉
RPWOMLNLJHKGFHD78DA,2,32.10,本共有部分之項目有門廊、停車空間、機電設備空間、消防設備機房、梯間、水箱、機械室、升降機（電梯）、資源回收室等９項,鋼筋混凝土造,112年5月25日,七層,,持分移轉
RPSNMLLLKHKGFID28DA,,195.07,住家用,鋼筋混凝土造,114年1月17日,四層,一層 二層 三層 四層 陽台,全筆移轉
RPSNMLPKJHKGFAD67DA,43,86.36,住家用,鋼筋混凝土造,70年7月3日,五層,三層,全筆移轉
RPSNMLPKJHKGFAD67DA,43,.00,共有部分,鋼筋混凝土造,70年7月3日,五層,,
RPTNMLSKKIJGFDD48DA,1,158.05,工場（廠）,鋼骨造有牆,113年1月4日,一層,一層,全筆移轉
RPSNMLPKJHKGFCD87DA,34,255.13,住家用,鋼筋混凝土造,80年2月1日,四層,一層 二層 三層 四層 陽台 花台,全筆移轉
RPXNMLTKKHKGFID86DA,51,50.40,住家用,加強磚造,62年11月16日,三層,一層 二層 三層 陽台,全筆移轉
RPPNMLNKKHKGFHD97DA,60,55.16,住家用,加強磚造,54年1月9日,二層,一層 二層 騎樓,持分移轉
RPTNMLTKKHKGFID09DA,17,200.30,住家用,鋼筋混凝土造,96年10月9日,四層,一層 二層 三層 四層 陽台,全筆移轉
RPTOMLNLJHKGFHD48DA,2,63.59,集合住宅,鋼筋混凝土造,112年5月25日,七層,三層 陽台,全筆移轉
RPTOMLNLJHKGFHD48DA,2,30.71,本共有部分之項目有門廊、停車空間、機電設備空間、消防設備機房、梯間、水箱、機械室、升降機（電梯）、資源回收室等９項,鋼筋混凝土造,112年5月25日,七層,,持分移轉
RPXNMLLLJHKGFID68DA,,159.79,住家用,鋼筋混凝土造,113年8月8日,三層,一層 二層 三層 陽台 屋頂突出物,全筆移轉
RPUOMLNLJHKGFHD58DA,2,58.42,集合住宅,鋼筋混凝土造,112年5月25日,七層,六層 陽台,全筆移轉
RPUOMLNLJHKGFHD58DA,2,29.21,本共有部分之項目有門廊、停車空間、機電設備空間、消防設備機房、梯間、水箱、機械室、升降機（電梯）、資源回收室等９項,鋼筋混凝土造,112年5月25日,七層,,持分移轉
RPROMLOLKHKGFID58DA,3,74.39,集合住宅,鋼筋混凝土構造,111年1月4日,五層,三層 陽台,全筆移轉
RPROMLOLKHKGFID58DA,3,44.04,本共有部分之項目有集合住宅、停車空間、樓梯間、機械室、水箱、垃圾堆置場等６項,鋼筋混凝土構造,111年1月4日,五層,,持分移轉
RPQNMLKLKHKGFGD77DA,30,19.42,共有部分,鋼筋混凝土造,83年8月13日,六層,,持分移轉
RPQNMLKLKHKGFGD77DA,30,71.13,住家用,鋼筋混凝土造,83年8月13日,六層,六層 陽台,全筆移轉
RPPNMLLLKHKGFID97DA,,324.19,住家用,鋼筋混凝土造,114年1月17日,四層,一層 二層 三層 四層 陽台,全筆移轉
RPQNMLLLKHKGFID08DA,,263.25,住家用,鋼筋混凝土造,114年1月17日,四層,一層 二層 三層 四層 陽台,全筆移轉
RPQNMLOLKHKGFBD67DA,12,123.69,停車空間，住宅,鋼筋混凝土造,102年3月20日,四層,一層 二層 三層 四層 陽台,持分移轉
RPSNMLKLKHKGFCD57DA,29,14.19,共有部分,鋼筋混凝土造,84年8月10日,九層,,持分移轉
RPSNMLKLKHKGFCD57DA,29,4.64,共有部分,鋼筋混凝土造,84年8月10日,九層,,持分移轉
RPSNMLKLKHKGFCD57DA,29,126.45,住商用,鋼筋混凝土造,84年8月10日,九層,一層 二層 三層 陽台,全筆移轉
RPQNMLSJJHKGFBD77DA,1,161.16,店舖、住宅,鋼筋混凝土造,113年3月8日,三層,一層 二層 三層 陽台 屋頂突出物,全筆移轉
RPWNMLKKKHKGFCD87DA,36,417.42,住家用,鋼筋混凝土造,77年11月29日,五層,一層 二層 三層 四層 五層 陽台 屋頂突出物 騎樓 水塔 地下層,全筆移轉
RPXNMLKKKHKGFCD97DA,25,89.46,集合住宅,鋼筋混凝土造,88年10月21日,十三層,六層 陽台,全筆移轉
RPXNMLKKKHKGFCD97DA,25,15.75,共有部分,鋼筋混凝土造,88年10月21日,十三層,,持分移轉
RPXNMLKKKHKGFCD97DA,25,31.08,共有部分,鋼筋混凝土造,88年10月21日,十三層,,持分移轉
RPTNMLOLKHKGFCD08DA,20,326.07,停車空間、住宅,ＲＣ造,93年6月1日,五層,一層 二層 三層 四層 五層 陽台,全筆移轉
RPPNMLPJKIJGFAD37DA,2,70.46,集合住宅,鋼筋混凝土構造,112年5月1日,十五層,十四層 陽台,全筆移轉
RPPNMLPJKIJGFAD37DA,2,60.35,共有部分包括：門廊、梯廳、管委會使用空間、機車停車空間、樓梯間、水錶室、機械室、水箱、停車空間、防空避難室兼停車空間。,鋼筋混凝土構造,112年5月1日,十五層,,持分移轉
RPUNMLPKJHKGFKD88DA,26,27.18,住家用,鋼筋混凝土造,88年4月26日,七層,一層 陽台 雨遮,持分移轉
RPUNMLPKJHKGFKD88DA,26,5.68,共有部分,鋼筋混凝土造,88年4月26日,七層,,持分移轉
RPUNMLPKJHKGFKD88DA,25,.52,管理員室兼机械室,鋼筋混凝土造,88年7月1日,十三層,地下一層,持分移轉
RPUNMLPKJHKGFKD88DA,25,3.53,儲藏室兼停車空間，管理員室,鋼筋混凝土造,88年7月1日,十三層,地下三層,持分移轉
RPUNMLPKJHKGFKD88DA,25,.04,共有部分,鋼筋混凝土造,88年7月1日,十三層,,持分移轉
RPUNMLPKJHKGFKD88DA,25,.13,共有部分,鋼筋混凝土造,88年7月1日,十三層,,持分移轉
RPRNMLLLKHKGFGD97DA,,196.51,住家用,鋼筋混凝土造,113年3月15日,三層,一層 二層 三層 陽台 屋頂突出物,全筆移轉
RPQNMLKLKHKGFCD37DA,,171.64,住宅,鋼筋混凝土造,113年10月28日,三層,一層 二層 三層 陽台 見其他登記事項,全筆移轉
RPRNMLOLKHKGFGD28DA,28,45.25,住家用,鋼造,85年5月31日,一層,一層,全筆移轉
RPQNMLQKJHKGFKD58DA,35,178.06,住家用,鋼筋混凝土造,78年8月4日,四層,一層 二層 三層 四層 陽台 地下層,全筆移轉
RPPNMLTKKHKGFKD88DA,37,177.65,工業用,鋼造,77年2月1日,一層,一層,全筆移轉
RPPNMLTKKHKGFKD88DA,37,138.33,辦公室、員工宿舍。,加強磚造,77年2月1日,二層,一層 二層 騎樓 電梯樓梯間 露台,全筆移轉
RPPNMLKLKHKGFBD17DA,,172.53,店舖、集合住宅,鋼筋混凝土造,113年6月19日,十五層,一層 陽台 見其他登記事項,全筆移轉
RPPNMLKLKHKGFBD17DA,,82.30,本共有部分之項目有：防空避難室兼停車空間、管委會使用空間、門廳兼梯廳、樓梯間、梯間、陽台、機械室、水箱、車道共９項,鋼筋混凝土造,113年6月19日,十五層,,持分移轉
RPQOMLKLKHKGFID08DA,,190.24,住家用,鋼筋混凝土造,113年10月29日,四層,一層 二層 三層 四層 陽台,全筆移轉
RPUOMLRKKHKGFID09DA,,72.87,集合住宅,鋼筋混凝土造,113年9月30日,十四層,二層 陽台,全筆移轉
RPUOMLRKKHKGFID09DA,,46.51,本共有部分之項目有停車空間、門廊、管委會空間、樓電梯間、梯廳、電信室、垃圾分類室、樓梯間、排煙室、電梯間、水箱、陽台等１２項,鋼筋混凝土造,113年9月30日,十四層,,持分移轉
RPXQMLLKKIJGFID98DA,,165.63,住家用,鋼筋混凝土造,113年11月6日,三層,一層 二層 三層 陽台 屋頂突出物,全筆移轉
RPWOMLRKKHKGFID66DA,,73.20,集合住宅,鋼筋混凝土造,113年9月30日,十四層,五層 陽台,全筆移轉
RPWOMLRKKHKGFID66DA,,46.65,本共有部分之項目有停車空間、門廊、管委會空間、樓電梯間、梯廳、電信室、垃圾分類室、樓梯間、排煙室、電梯間、水箱、陽台等１２項,鋼筋混凝土造,113年9月30日,十四層,,持分移轉
RPQNMLKLKHKGFBD27DA,,146.78,店舖、集合住宅,鋼筋混凝土造,113年6月19日,十五層,一層 陽台 見其他登記事項,全筆移轉
RPQNMLKLKHKGFBD27DA,,74.21,本共有部分之項目有：防空避難室兼停車空間、管委會使用空間、門廳兼梯廳、樓梯間、梯間、陽台、機械室、水箱、車道共９項,鋼筋混凝土造,113年6月19日,十五層,,持分移轉
RPPOMLTJJHKGFKD78DA,43,96.85,住家用,加強磚造,70年11月3日,二層,一層 二層 陽台,全筆移轉
RPROMLKKKHKGFGD87DA,,57.29,Ｈ２集合住宅,鋼筋混凝土造,113年10月18日,五層,四層 陽台,全筆移轉
RPROMLKKKHKGFGD87DA,,15.81,停車空間、電信室、安全梯、樓梯間、電梯、梯廳共６項,鋼筋混凝土造,113年10月18日,五層,,持分移轉
RPUNMLRKKHKGFBD28DA,,133.05,集合住宅,鋼筋混凝土造,113年6月11日,三層,一層 二層 三層 陽台 屋頂突出物,全筆移轉
RPUNMLRKKHKGFBD28DA,,.06,本共有部分之項目有：管理委員使用空間共１項。,鋼筋混凝土造,113年6月11日,一層,,持分移轉
RPTNMLLLKHKGFGD18DA,,56.66,Ｈ２集合住宅,鋼筋混凝土造,113年10月15日,六層,三層 陽台,全筆移轉
RPTNMLLLKHKGFGD18DA,,18.61,共有部分包含：門廊、共同管理維護空間、梯廳、電信室、停車空間、梯間、消防機械室等７項,鋼筋混凝土造,113年10月15日,六層,,持分移轉
RPTNMLOJKHKGFID48DA,,72.81,集合住宅,鋼筋混凝土造,113年9月30日,十四層,一層,全筆移轉
RPTNMLOJKHKGFID48DA,,46.51,本共有部分之項目有停車空間、門廊、管委會空間、樓電梯間、梯廳、電信室、垃圾分類室、樓梯間、排煙室、電梯間、水箱、陽台等１２項,鋼筋混凝土造,113年9月30日,十四層,,持分移轉
RPRPMLLLJIJGFBD57DA,,180.36,住宅、停車空間,鋼筋混凝土造,113年5月22日,四層,一層 二層 三層 四層 陽台,全筆移轉
RPUNMLOJKHKGFID58DA,,72.77,集合住宅,鋼筋混凝土造,113年9月30日,十四層,一層,全筆移轉
RPUNMLOJKHKGFID58DA,,46.51,本共有部分之項目有停車空間、門廊、管委會空間、樓電梯間、梯廳、電信室、垃圾分類室、樓梯間、排煙室、電梯間、水箱、陽台等１２項,鋼筋混凝土造,113年9月30日,十四層,,持分移轉
RPOOMLRKKHKGFBD77DA,2,199.71,住家用,鋼筋混凝土造,111年6月13日,四層,一層 二層 三層 四層 陽台,全筆移轉
RPSPMLRJKHKGFHD78DA,9,185.13,住家用,鋼筋混凝土造,104年10月15日,四層,一層 二層 三層 四層 陽台 屋頂突出物 見其他登記事項,全筆移轉
RPVNMLSJJIJGFCD38DA,30,36.38,共有部分,鋼筋混凝土造,83年7月23日,九層,,持分移轉
RPVNMLSJJIJGFCD38DA,30,140.88,住家用,鋼筋混凝土造,83年7月23日,九層,一層 平台 夾層,全筆移轉
RPWNMLMKKHKGFKD88DA,6,84.67,住家用,鋼筋混凝土構造,107年2月2日,十六層,十六層 陽台,全筆移轉
RPWNMLMKKHKGFKD88DA,6,4.16,本共有部分之項目有：管委會使用空間、門廊、機電設備及其他、汽車坡道及停車空間,鋼筋混凝土構造,107年2月2日,十六層,,持分移轉
RPWNMLMKKHKGFKD88DA,6,51.99,共有部分之項目有：防空避難室兼停車空間，停車空間,鋼筋混凝土構造,107年2月2日,十六層,,持分移轉
RPWNMLMKKHKGFKD88DA,6,21.57,本共有部分之項目有：Ｃ棟第２～１６層樓梯間、屋頂突出物第一層樓梯間、過樑投影面積、屋頂突出物第二層機械室、水箱部份,鋼筋混凝土構造,107年2月2日,十六層,,持分移轉
RPXNMLLLKHKGFID78DA,,73.20,集合住宅,鋼筋混凝土造,113年9月30日,十四層,七層 陽台,全筆移轉
RPXNMLLLKHKGFID78DA,,46.65,本共有部分之項目有停車空間、門廊、管委會空間、樓電梯間、梯廳、電信室、垃圾分類室、樓梯間、排煙室、電梯間、水箱、陽台等１２項,鋼筋混凝土造,113年9月30日,十四層,,持分移轉
RPQNMLOLKHKGFID38DA,,73.02,集合住宅,鋼筋混凝土造,113年9月30日,十四層,九層 陽台,全筆移轉
RPQNMLOLKHKGFID38DA,,46.58,本共有部分之項目有停車空間、門廊、管委會空間、樓電梯間、梯廳、電信室、垃圾分類室、樓梯間、排煙室、電梯間、水箱、陽台等１２項,鋼筋混凝土造,113年9月30日,十四層,,持分移轉
RPQOMLOJKHKGFID28DA,,73.02,集合住宅,鋼筋混凝土造,113年9月30日,十四層,二層 陽台,全筆移轉
RPQOMLOJKHKGFID28DA,,46.58,本共有部分之項目有停車空間、門廊、管委會空間、樓電梯間、梯廳、電信室、垃圾分類室、樓梯間、排煙室、電梯間、水箱、陽台等１２項,鋼筋混凝土造,113年9月30日,十四層,,持分移轉
RPXNMLTKKHKGFGD66DA,,217.34,店舖、住宅,鋼筋混凝土造,114年1月7日,四層,一層 二層 三層 四層 陽台,全筆移轉
RPQPMLLKKIJGFID18DA,,165.63,住家用,鋼筋混凝土造,113年11月6日,三層,一層 二層 三層 陽台 屋頂突出物,全筆移轉
RPSNMLRKKHKGFBD08DA,,133.05,集合住宅,鋼筋混凝土造,113年6月11日,三層,一層 二層 三層 陽台 屋頂突出物,全筆移轉
RPSNMLRKKHKGFBD08DA,,.06,本共有部分之項目有：管理委員使用空間共１項。,鋼筋混凝土造,113年6月11日,一層,,持分移轉
RPQQMLOJKHKGFID48DA,,73.02,集合住宅,鋼筋混凝土造,113年9月30日,十四層,七層 陽台,全筆移轉
RPQQMLOJKHKGFID48DA,,46.58,本共有部分之項目有停車空間、門廊、管委會空間、樓電梯間、梯廳、電信室、垃圾分類室、樓梯間、排煙室、電梯間、水箱、陽台等１２項,鋼筋混凝土造,113年9月30日,十四層,,持分移轉
RPVNMLNJJHKGFHD38DA,3,224.63,集合住宅,鋼筋混凝土造,110年7月7日,四層,一層 二層 三層 四層 陽台 屋頂突出物,全筆移轉
RPVNMLNJJHKGFHD38DA,3,.08,管理維護空間,鋼筋混凝土造,110年7月7日,一層,,持分移轉
RPWQMLOJKHKGFID09DA,,73.02,集合住宅,鋼筋混凝土造,113年9月30日,十四層,十層 陽台,全筆移轉
RPWQMLOJKHKGFID09DA,,46.58,本共有部分之項目有停車空間、門廊、管委會空間、樓電梯間、梯廳、電信室、垃圾分類室、樓梯間、排煙室、電梯間、水箱、陽台等１２項,鋼筋混凝土造,113年9月30日,十四層,,持分移轉
RPXNMLLLKHKGFHD68DA,,214.57,住家用,鋼筋混凝土造,114年1月9日,四層,一層 二層 三層 四層 陽台 屋頂突出物,全筆移轉
RPXNMLOJKHKGFID88DA,,78.93,集合住宅,鋼筋混凝土造,113年9月30日,十四層,二層 陽台,全筆移轉
RPXNMLOJKHKGFID88DA,,49.00,本共有部分之項目有停車空間、門廊、管委會空間、樓電梯間、梯廳、電信室、垃圾分類室、樓梯間、排煙室、電梯間、水箱、陽台等１２項,鋼筋混凝土造,113年9月30日,十四層,,持分移轉
RPXNMLRJKHKGFID56DA,,78.28,集合住宅,鋼筋混凝土造,113年9月30日,十四層,十三層 陽台,全筆移轉
RPXNMLRJKHKGFID56DA,,64.73,本共有部分之項目有停車空間、門廊、管委會空間、樓電梯間、梯廳、電信室、垃圾分類室、樓梯間、排煙室、電梯間、水箱、陽台等１２項,鋼筋混凝土造,113年9月30日,十四層,,持分移轉
RPPOMLLLKHKGFHD97DA,,214.36,住家用,鋼筋混凝土造,114年1月9日,四層,一層 二層 三層 四層 陽台 屋頂突出物,全筆移轉
RPSNMLOJKIJGFKD58DA,,91.26,集合住宅,鋼筋混凝土造,113年8月6日,五層,四層 陽台,全筆移轉
RPSNMLOJKIJGFKD58DA,,55.33,共有部分之項目有：門廊，停車空間，機電設備空間，管理維護使用空間，樓梯間，水箱等６項,鋼筋混凝土造,113年8月6日,五層,,持分移轉
RPTNMLKLKHKGFGD18EA,,247.00,住家用,鋼筋混凝土造,114年1月7日,三層,一層 二層 三層 陽台 屋頂突出物,全筆移轉
RPRNMLRKKHKGFBD97DA,,137.20,集合住宅,鋼筋混凝土造,113年6月11日,三層,一層 二層 三層 陽台 屋頂突出物,全筆移轉
RPRNMLRKKHKGFBD97DA,,.06,本共有部分之項目有：管理委員使用空間共１項。,鋼筋混凝土造,113年6月11日,一層,,持分移轉
RPRNMLTKJHKGFFD48DA,,200.25,住宅,鋼筋混凝土造,113年10月14日,四層,一層 二層 三層 四層 陽台,全筆移轉
RPVNMLOJKHKGFID68DA,,78.93,集合住宅,鋼筋混凝土造,113年9月30日,十四層,一層,全筆移轉
RPVNMLOJKHKGFID68DA,,49.07,本共有部分之項目有停車空間、門廊、管委會空間、樓電梯間、梯廳、電信室、垃圾分類室、樓梯間、排煙室、電梯間、水箱、陽台等１２項,鋼筋混凝土造,113年9月30日,十四層,,持分移轉
RPTOMLPLKIJGFHD78DA,,71.76,集合住宅,鋼筋混凝土造,113年12月11日,七層,二層 陽台,全筆移轉
RPTOMLPLKIJGFHD78DA,,35.96,本共有部分之項目有停車空間、門廊、樓梯間、機械室及水箱等５項,鋼筋混凝土造,113年12月11日,七層,,持分移轉
RPQOMLLLKHKGFHD08DA,,221.52,住家用,鋼筋混凝土造,114年1月9日,四層,一層 二層 三層 四層 陽台 屋頂突出物,全筆移轉
RPWNMLTKKHKGFID76DA,,494.61,倉儲,鋼骨造,112年9月23日,四層,一層,全筆移轉
RPWNMLTKKHKGFID76DA,,141.15,辦公室,鋼骨造,112年9月23日,四層,一層,全筆移轉
RPWNMLTKKHKGFID76DA,,161.94,工廠、辦公室,鋼骨造,112年9月23日,四層,一層,全筆移轉
RPWNMLTKKHKGFID76DA,,8.04,本共有部分之項目有樓梯間、門廳、廁所、管理室、門廊等５項,鋼骨造,112年9月23日,四層,,持分移轉
RPWNMLTKKHKGFID76DA,,47.83,本共有部分之項目有樓梯間、門廳、廁所、管理室、門廊等５項,鋼骨造,112年9月23日,四層,,持分移轉
RPWNMLTKKHKGFID76DA,,63.14,本共有部分之項目有樓梯間、門廳、廁所、管理室、門廊等５項,鋼骨造,112年9月23日,四層,,持分移轉
RPSNMLTKKHKGFID98DA,,151.17,住家用,鋼筋混凝土造,113年10月29日,四層,一層 二層 三層 四層 陽台,全筆移轉
RPXPMLOJKHKGFID09DA,,78.93,集合住宅,鋼筋混凝土造,113年9月30日,十四層,五層 陽台,全筆移轉
RPXPMLOJKHKGFID09DA,,59.75,本共有部分之項目有停車空間、門廊、管委會空間、樓電梯間、梯廳、電信室、垃圾分類室、樓梯間、排煙室、電梯間、水箱、陽台等１２項,鋼筋混凝土造,113年9月30日,十四層,,持分移轉
RPTUMLRKKHKGFID96DA,,78.28,集合住宅,鋼筋混凝土造,113年9月30日,十四層,七層 陽台,全筆移轉
RPTUMLRKKHKGFID96DA,,59.42,本共有部分之項目有停車空間、門廊、管委會空間、樓電梯間、梯廳、電信室、垃圾分類室、樓梯間、排煙室、電梯間、水箱、陽台等１２項,鋼筋混凝土造,113年9月30日,十四層,,持分移轉
RPQNMLRKJHKGFFD18DA,,169.84,住宅,鋼筋混凝土造,113年10月14日,三層,一層 二層 三層 陽台 屋頂突出物,全筆移轉
RPSOMLLLKHKGFHD28DA,,221.96,住家用,鋼筋混凝土造,114年1月9日,四層,一層 二層 三層 四層 陽台 屋頂突出物,全筆移轉
RPTOMLOJKHKGFID58DA,,78.77,集合住宅,鋼筋混凝土造,113年9月30日,十四層,四層 陽台,全筆移轉
RPTOMLOJKHKGFID58DA,,59.62,本共有部分之項目有停車空間、門廊、管委會空間、樓電梯間、梯廳、電信室、垃圾分類室、樓梯間、排煙室、電梯間、水箱、陽台等１２項,鋼筋混凝土造,113年9月30日,十四層,,持分移轉
RPTNMLRJKHKGFID78DA,,72.77,集合住宅,鋼筋混凝土造,113年9月30日,十四層,五層 陽台,全筆移轉
RPTNMLRJKHKGFID78DA,,46.45,本共有部分之項目有停車空間、門廊、管委會空間、樓電梯間、梯廳、電信室、垃圾分類室、樓梯間、排煙室、電梯間、水箱、陽台等１２項,鋼筋混凝土造,113年9月30日,十四層,,持分移轉
RPUNMLKLKHKGFID38DA,,125.85,集合住宅,鋼筋混凝土造,113年9月5日,三層,一層 二層 三層 陽台,全筆移轉
RPVNMLKLKHKGFID48DA,,130.32,集合住宅,鋼筋混凝土造,113年9月5日,三層,一層 二層 三層 陽台,全筆移轉
RPWNMLKLKHKGFID58DA,,125.55,集合住宅,鋼筋混凝土造,113年9月5日,三層,一層 二層 三層 陽台,全筆移轉
RPROMLKLKHKGFID18DA,,128.82,集合住宅,鋼筋混凝土造,113年9月5日,三層,一層 二層 三層 陽台,全筆移轉
RPWNMLRKKHKGFBD48DA,,134.23,集合住宅,鋼筋混凝土造,113年6月11日,三層,一層 二層 三層 陽台 屋頂突出物,全筆移轉
RPWNMLRKKHKGFBD48DA,,.06,本共有部分之項目有：管理委員使用空間共１項。,鋼筋混凝土造,113年6月11日,一層,,持分移轉
RPPOMLPJKIJGFKD48DA,,84.04,集合住宅,鋼筋混凝土造,113年8月6日,五層,五層 陽台,全筆移轉
RPPOMLPJKIJGFKD48DA,,55.62,共有部分之項目有：門廊，停車空間，機電設備空間，管理維護使用空間，樓梯間，水箱等６項,鋼筋混凝土造,113年8月6日,五層,,持分移轉
RPPNMLTKJHKGFFD28DA,,167.66,住宅,鋼筋混凝土造,113年10月14日,三層,一層 二層 三層 陽台 屋頂突出物,全筆移轉
RPTNMLRKKHKGFBD18DA,,165.13,集合住宅,鋼筋混凝土造,113年6月11日,三層,一層 二層 三層 陽台 屋頂突出物,全筆移轉
RPTNMLRKKHKGFBD18DA,,.06,本共有部分之項目有：管理委員使用空間共１項。,鋼筋混凝土造,113年6月11日,一層,,持分移轉
RPQNMLTKJHKGFFD38DA,,191.00,住宅,鋼筋混凝土造,113年10月14日,四層,一層 二層 三層 四層 陽台,全筆移轉
RPRQMLOJKHKGFID58DA,,55.31,集合住宅,鋼筋混凝土造,113年9月30日,十四層,七層 陽台,全筆移轉
RPRQMLOJKHKGFID58DA,,23.19,本共有部分之項目有停車空間、門廊、管委會空間、樓電梯間、梯廳、電信室、垃圾分類室、樓梯間、排煙室、電梯間、水箱、陽台等１２項,鋼筋混凝土造,113年9月30日,十四層,,持分移轉
RPUQMLOJKHKGFID88DA,,55.31,集合住宅,鋼筋混凝土造,113年9月30日,十四層,八層 陽台,全筆移轉
RPUQMLOJKHKGFID88DA,,39.18,本共有部分之項目有停車空間、門廊、管委會空間、樓電梯間、梯廳、電信室、垃圾分類室、樓梯間、排煙室、電梯間、水箱、陽台等１２項,鋼筋混凝土造,113年9月30日,十四層,,持分移轉
RPPNMLRKJHKGFFD08DA,,174.65,住宅,鋼筋混凝土造,113年10月14日,三層,一層 二層 三層 陽台 屋頂突出物,全筆移轉
RPSNMLTKJHKGFFD58DA,,210.77,住宅,鋼筋混凝土造,113年10月14日,四層,一層 二層 三層 四層 陽台,全筆移轉
RPSNMLSKJHKGFFD48DA,,170.52,住宅,鋼筋混凝土造,113年10月14日,三層,一層 二層 三層 陽台 屋頂突出物,全筆移轉
RPROMLLLKHKGFHD18DA,,214.36,住家用,鋼筋混凝土造,114年1月9日,四層,一層 二層 三層 四層 陽台 屋頂突出物,全筆移轉
RPUNMLLLKHKGFHD38DA,,228.77,住家用,鋼筋混凝土造,114年1月9日,四層,一層 二層 三層 四層 陽台 屋頂突出物,全筆移轉
RPPNMLSKKHKGFGD38DA,,161.28,Ｈ２集合住宅,鋼筋混凝土造,113年6月4日,四層,一層 二層 三層 四層 陽台,全筆移轉
RPQNMLSKKHKGFGD48DA,,163.48,Ｈ２集合住宅,鋼筋混凝土造,113年6月4日,四層,一層 二層 三層 四層 陽台,全筆移轉
RPOPMLOJKHKGFID18DA,,72.81,集合住宅,鋼筋混凝土造,113年9月30日,十四層,五層 陽台,全筆移轉
RPSPMLOJKHKGFID58DA,,73.02,集合住宅,鋼筋混凝土造,113年9月30日,十四層,五層 陽台,全筆移轉
RPOPMLOJKHKGFID18DA,,46.45,本共有部分之項目有停車空間、門廊、管委會空間、樓電梯間、梯廳、電信室、垃圾分類室、樓梯間、排煙室、電梯間、水箱、陽台等１２項,鋼筋混凝土造,113年9月30日,十四層,,持分移轉
RPSPMLOJKHKGFID58DA,,46.58,本共有部分之項目有停車空間、門廊、管委會空間、樓電梯間、梯廳、電信室、垃圾分類室、樓梯間、排煙室、電梯間、水箱、陽台等１２項,鋼筋混凝土造,113年9月30日,十四層,,持分移轉
RPRNMLMLJHKGFAD37DA,,163.63,店舖、辦公室,鋼筋混凝土造,113年9月11日,十六層,一層 陽台 見其他登記事項,全筆移轉
RPRNMLMLJHKGFAD37DA,,94.28,本共有部分之項目有：防空避難室兼停車空間、停車空間、門廊、管委會使用空間、樓梯間、機房、水箱、廁所、中繼水箱機房等共９項,鋼筋混凝土造,113年9月11日,十六層,,持分移轉
RPRNMLMLJHKGFAD37DA,,.21,本共有部分之項目有：梯廳、特別安全梯、排煙室、機電設備空間、升降機等共５項。,鋼筋混凝土造,113年9月11日,十六層,,持分移轉
RPTNMLSKKHKGFHD88DA,,71.36,集合住宅,鋼筋混凝土造,113年11月25日,十四層,二層 陽台,全筆移轉
RPTNMLSKKHKGFHD88DA,,65.75,本共有部分之項目有停車空間、管委會、樓梯間、門廊等４項,鋼筋混凝土造,113年11月25日,十四層,,持分移轉
RPUNMLSKKHKGFHD98DA,,85.89,集合住宅,鋼筋混凝土造,113年11月25日,十四層,七層 陽台,全筆移轉
RPUNMLSKKHKGFHD98DA,,100.79,本共有部分之項目有停車空間、管委會、樓梯間、門廊等４項,鋼筋混凝土造,113年11月25日,十四層,,持分移轉
RPTOMLSJKHKGFHD88DA,,85.10,辦公室,鋼筋混凝土造,113年11月25日,十四層,一層 陽台,全筆移轉
RPTOMLSJKHKGFHD88DA,,55.89,本共有部分之項目有停車空間、管委會、樓梯間、門廊等４項,鋼筋混凝土造,113年11月25日,十四層,,持分移轉
RPQOMLTKKHKGFAD08DA,,160.32,集合住宅,鋼筋混凝土造,113年9月11日,十六層,八層 陽台,全筆移轉
RPQOMLTKKHKGFAD08DA,,99.85,本共有部分之項目有：防空避難室兼停車空間、停車空間、門廊、管委會使用空間、樓梯間、機房、水箱、廁所、中繼水箱機房等共９項,鋼筋混凝土造,113年9月11日,十六層,,持分移轉
RPQOMLTKKHKGFAD08DA,,35.65,本共有部分之項目有：梯廳、特別安全梯、排煙室、機電設備空間、升降機等共５項。,鋼筋混凝土造,113年9月11日,十六層,,持分移轉
RPXNMLLKKIJGFID68DA,,152.98,住家用,鋼筋混凝土造,113年11月6日,三層,一層 二層 三層 陽台 屋頂突出物,全筆移轉
RPQOMLMJJHKGFAD17DA,48,83.36,住家用,加強磚造,64年12月3日,二層,一層 二層,全筆移轉
RPTOMLKLJHKGFID28DA,,78.93,集合住宅,鋼筋混凝土造,113年9月30日,十四層,十一層 陽台,全筆移轉
RPTOMLKLJHKGFID28DA,,59.75,本共有部分之項目有停車空間、門廊、管委會空間、樓電梯間、梯廳、電信室、垃圾分類室、樓梯間、排煙室、電梯間、水箱、陽台等１２項,鋼筋混凝土造,113年9月30日,十四層,,持分移轉
RPVNMLSKKHKGFHD09DA,,60.37,集合住宅,鋼筋混凝土造,113年11月25日,十四層,七層 陽台,全筆移轉
RPVNMLSKKHKGFHD09DA,,59.77,本共有部分之項目有停車空間、管委會、樓梯間、門廊等４項,鋼筋混凝土造,113年11月25日,十四層,,持分移轉
RPQOMLSKKHKGFHD68DA,,71.91,集合住宅,鋼筋混凝土造,113年11月25日,十四層,七層 陽台,全筆移轉
RPQOMLSKKHKGFHD68DA,,66.05,本共有部分之項目有停車空間、管委會、樓梯間、門廊等４項,鋼筋混凝土造,113年11月25日,十四層,,持分移轉
RPXNMLSKKHKGFHD66DA,,71.36,集合住宅,鋼筋混凝土造,113年11月25日,十四層,十三層 陽台,全筆移轉
RPXNMLSKKHKGFHD66DA,,65.75,本共有部分之項目有停車空間、管委會、樓梯間、門廊等４項,鋼筋混凝土造,113年11月25日,十四層,,持分移轉
RPWNMLSKKHKGFHD56DA,,60.37,集合住宅,鋼筋混凝土造,113年11月25日,十四層,十一層 陽台,全筆移轉
RPWNMLSKKHKGFHD56DA,,59.77,本共有部分之項目有停車空間、管委會、樓梯間、門廊等４項,鋼筋混凝土造,113年11月25日,十四層,,持分移轉
RPOOMLQLKIJGFHD38DA,,66.57,集合住宅,鋼筋混凝土造,113年12月11日,七層,三層 陽台,全筆移轉
RPOOMLQLKIJGFHD38DA,,35.14,本共有部分之項目有停車空間、門廊、樓梯間、機械室及水箱等５項,鋼筋混凝土造,113年12月11日,七層,,持分移轉
