﻿鄉鎮市區,交易標的,土地位置建物門牌,土地移轉總面積平方公尺,都市土地使用分區,非都市土地使用分區,非都市土地使用編定,交易年月日,交易筆棟數,移轉層次,總樓層數,建物型態,主要用途,主要建材,建築完成年月,建物移轉總面積平方公尺,建物現況格局-房,建物現況格局-廳,建物現況格局-衛,建物現況格局-隔間,有無管理組織,總價元,單價元平方公尺,車位類別,車位移轉總面積平方公尺,車位總價元,備註,編號,建案名稱,棟及號,解約情形
The villages and towns urban district,transaction sign,land sector position building sector house number plate,land shifting total area square meter,the use zoning or compiles and checks,the non-metropolis land use district,non-metropolis land use,transaction year month and day,transaction pen number,shifting level,total floor number,building state,main use,main building materials,construction to complete the years,building shifting total area,Building present situation pattern - room,building present situation pattern - hall,building present situation pattern - health,building present situation pattern - compartmented,Whether there is manages the organization,total price NTD,the unit price (NTD / square meter),the berth category,berth shifting total area square meter,the berth total price NTD,the note,serial number,build case,buildings,termination type
新市區,房地(土地+建物),臺南市新市區大社里409號旁,25.55,,鄉村區,乙種建築用地,1140112,土地1建物1車位0,三層,7,華廈(10層含以下有電梯),住家用,鋼筋混凝土造,,77.08,3,2,2,有,無,6770000,87831,,0.0,0,,RPQNMLMKJHKGFHD87CB,力漢戀家21期,B棟1號,
安南區,房地(土地+建物)+車位,臺南市安南區淵西一街31巷,31.19,住,,,1140112,土地1建物1車位1,五層,7,華廈(10層含以下有電梯),住家用,鋼筋混凝土造,,128.47,2,2,2,有,無,12000000,96819,一樓平面,21.57,1650000,,RPPNMLNKJHKGFBD27CB,聯太WHITE HAUS,B棟3號,
佳里區,房地(土地+建物)+車位,臺南市佳里區麻興路359號旁,31.6,,鄉村區,乙種建築用地,1140112,土地6建物1車位1,五層,9,華廈(10層含以下有電梯),住家用,鋼筋混凝土造,,122.17,2,2,2,有,無,8000000,67973,坡道平面,22.13,1200000,,RPRNMLNKJHKGFGD97CB,菲墨里2,A棟5號,
安南區,房地(土地+建物)+車位,臺南市安南區智安三街89號正對面,33.39,住,,,1140112,土地1建物1車位1,十二層,13,住宅大樓(11層含以上有電梯),住家用,鋼筋混凝土造,,158.02,3,2,2,有,無,13780000,96214,坡道平面,29.66,1430000,,RPPNMLOKJHKGFBD37CB,淵源,A棟1號,
後壁區,房地(土地+建物),臺南市後壁區竹圍後,111.75,,鄉村區,乙種建築用地,1140112,土地2建物1車位0,全,3,透天厝,住家用,鋼筋混凝土造,,180.49,5,2,4,有,無,11350000,62884,,0.0,0,申報人為樺榮興開發有限公司及華城開發建設有限公司,RPQNMLOKJHKGFED77CB,梠鑫天地NO.2,A3棟A3號,
善化區,房地(土地+建物),臺南市善化區小新營5-12號旁,29.79,住,,,1140111,土地2建物1車位0,二層,7,華廈(10層含以下有電梯),住家用,鋼筋混凝土造,,78.35,2,2,2,有,無,6870000,87683,,0.0,0,,RPRNMLPKJHKGFHD28CB,皇邑,E-2F號,
東區,房地(土地+建物)+車位,臺南市東區仁和路62號一樓旁,11.28,住,,,1140111,土地6建物1車位1,八層,14,住宅大樓(11層含以上有電梯),住家用,鋼筋混凝土造,,99.45,1,2,1,有,無,11850000,139581,坡道平面,29.24,2050000,,RPTNMLRKJHKGFCD18CB,宏福悅,C棟C8-8F號,
中西區,房地(土地+建物)+車位,臺南市中西區府前路二段258巷29弄,9.29,其他,,,1140116,土地1建物1車位1,九層,24,住宅大樓(11層含以上有電梯),住家用,鋼筋混凝土造,,127.65,2,2,2,有,無,17890000,151174,坡道平面,23.73,2180000,,RPQNMLKLJHKGFAD07CB,三發 DIAMOND ONE,C棟9號,
中西區,房地(土地+建物)+車位,臺南市中西區府前路二段258巷29弄,16.93,其他,,,1140118,土地1建物1車位1,十三層,24,住宅大樓(11層含以上有電梯),住家用,鋼筋混凝土造,,210.83,3,2,2,有,無,28080000,135842,坡道平面,21.64,2380000,,RPTNMLKLJHKGFAD37CB,三發 DIAMOND ONE,A棟13號,
中西區,房地(土地+建物)+車位,臺南市中西區府前路二段258巷29弄,16.93,其他,,,1140118,土地1建物1車位1,十二層,24,住宅大樓(11層含以上有電梯),住家用,鋼筋混凝土造,,210.83,3,2,2,有,無,27850000,134627,坡道平面,21.64,2380000,,RPUNMLKLJHKGFAD47CB,三發 DIAMOND ONE,A棟12號,
中西區,房地(土地+建物)+車位,臺南市中西區府前路二段258巷29弄,11.57,其他,,,1140113,土地1建物1車位1,六層,24,住宅大樓(11層含以上有電梯),住家用,鋼筋混凝土造,,150.89,2,2,2,有,無,19740000,135087,坡道平面,21.64,2280000,,RPVNMLKLJHKGFAD57CB,三發 DIAMOND ONE,F棟6號,
安南區,房地(土地+建物)+車位,臺南市安南區安佃街與安佃九街口,20.32,住,,,1140114,土地1建物1車位1,八層,15,住宅大樓(11層含以上有電梯),住家用,鋼筋混凝土造,,121.16,2,1,2,有,無,10470000,93510,坡道平面,24.7,1450000,,RPQNMLKLJHKGFBD17CB,希望翼,A棟11號,
安南區,房地(土地+建物)+車位,臺南市安南區安佃街與安佃九街口,25.56,住,,,1140112,土地1建物1車位1,六層,15,住宅大樓(11層含以上有電梯),住家用,鋼筋混凝土造,,146.89,2,2,2,有,無,12580000,91088,坡道平面,24.7,1450000,,RPTNMLKLJHKGFBD47CB,希望翼,A棟12號,
安南區,房地(土地+建物)+車位,臺南市安南區安佃街與安佃九街口,20.32,住,,,1140114,土地1建物1車位1,九層,15,住宅大樓(11層含以上有電梯),住家用,鋼筋混凝土造,,121.16,2,1,2,有,無,10600000,94858,坡道平面,24.7,1450000,,RPVNMLKLJHKGFBD67CB,希望翼,B棟11號,
安南區,房地(土地+建物)+車位,臺南市安南區館前一路與館前南路交叉口,10.54,商,,,1140112,土地2建物1車位1,十六層,26,住宅大樓(11層含以上有電梯),住家用,鋼筋混凝土造,,97.73,2,2,1,有,無,11750000,123943,坡道機械,10.19,900000,,RPSOMLKLJHKGFBD47CB,南科卓越城,C棟C13-16F號,
安南區,房地(土地+建物)+車位,臺南市安南區館前一路與館前南路交叉口,10.08,商,,,1140112,土地2建物1車位1,九層,26,住宅大樓(11層含以上有電梯),住家用,鋼筋混凝土造,,95.06,2,2,1,有,無,11030000,119359,坡道機械,10.19,900000,,RPTOMLKLJHKGFBD57CB,南科卓越城,D棟D09-09F號,
安南區,房地(土地+建物)+車位,臺南市安南區新宅五街,26.76,住,,,1140115,土地1建物1車位1,二層,14,住宅大樓(11層含以上有電梯),住家用,鋼筋混凝土造,,155.69,3,2,2,有,無,12700000,90636,坡道平面,32.34,1520000,,RPUOMLKLJHKGFBD67CB,昕暉詠翠,A棟5號,
東區,房地(土地+建物)+車位,臺南市東區仁和路62號一樓旁,14.01,住,,,1140118,土地6建物1車位1,三層,14,住宅大樓(11層含以上有電梯),住家用,鋼筋混凝土造,,114.43,2,2,2,有,無,13950000,137127,坡道平面,26.92,1950000,,RPTNMLKLJHKGFCD57CB,宏福悅,A棟A2-3F號,
新市區,房地(土地+建物)+車位,臺南市新市區富林路跟光明街口,17.12,住,,,1140113,土地1建物1車位1,十一層,18,住宅大樓(11層含以上有電梯),住家用,鋼筋混凝土造,,114.14,2,2,2,有,無,13480000,131696,坡道平面,26.21,1900000,,RPPNMLKLJHKGFHD67CB,曦湖,A7號,
新市區,房地(土地+建物)+車位,臺南市新市區富林路跟光明街口,20.19,住,,,1140113,土地1建物1車位1,十四層,18,住宅大樓(11層含以上有電梯),住家用,鋼筋混凝土造,,129.93,3,2,2,有,無,15950000,135461,坡道平面,26.21,1900000,,RPQNMLKLJHKGFHD77CB,曦湖,A5號,
新市區,房地(土地+建物)+車位,臺南市新市區富林路跟光明街口,23.26,住,,,1140113,土地1建物1車位1,三層,18,住宅大樓(11層含以上有電梯),住家用,鋼筋混凝土造,,145.54,3,2,2,有,無,16360000,121177,坡道平面,26.21,1900000,親友、員工、共有人或其他特殊關係間之交易；,RPRNMLKLJHKGFHD87CB,曦湖,A2號,
善化區,房地(土地+建物)+車位,臺南市善化區大成路85-2號旁,30.12,住,,,1140112,土地7建物1車位2,一層,15,住宅大樓(11層含以上有電梯),住家用,鋼筋混凝土造,,158.37,3,2,2,有,無,17650000,123142,坡道平面,44.68,3650000,此戶為露臺戶，露臺坪數約10.91坪。,RPTNMLKLJHKGFHD08CB,春福．一遇,B棟B6-01F號,
歸仁區,房地(土地+建物)+車位,臺南市歸仁區智發五街152號對面,22.67,住,,,1140114,土地1建物1車位1,十四層,15,住宅大樓(11層含以上有電梯),住家用,鋼筋混凝土造,,116.07,2,2,2,有,無,12680000,126884,坡道平面,27.17,1400000,,RPSNMLKLJHKGFID08CB,春福天蒔,A2-14F號,
永康區,房地(土地+建物)+車位,臺南市永康區永安路105巷,36.25,住,,,1140119,土地1建物1車位1,七層,7,華廈(10層含以下有電梯),住家用,鋼筋混凝土造,,141.63,3,2,2,有,無,14600000,123269,坡道平面,36.17,1600000,,RPQNMLKLJHKGFKD08CB,永安一方5,A棟2號,
永康區,房地(土地+建物)+車位,臺南市永康區平道路與永運一路交叉路口,21.22,商,,,1140118,土地1建物1車位1,四層,14,住宅大樓(11層含以上有電梯),住家用,鋼筋混凝土造,,163.36,3,2,2,有,無,16600000,114560,坡道平面,34.17,1800000,,RPRNMLKLJHKGFKD18CB,櫻花南科之櫻,B2棟4號,
麻豆區,房地(土地+建物)+車位,臺南市麻豆區新生南路,39.75,住,,,1140118,土地2建物1車位1,四層,13,住宅大樓(11層含以上有電梯),住家用,鋼筋混凝土造,,179.22,3,2,2,有,無,13270000,78745,坡道平面,29.75,1500000,,RPPNMLKLJHKGFFD57DB,諧作悅,D棟5號,
麻豆區,房地(土地+建物)+車位,臺南市麻豆區新生南路,40.12,住,,,1140118,土地2建物1車位1,四層,13,住宅大樓(11層含以上有電梯),住家用,鋼筋混凝土造,,180.42,3,2,2,有,無,13360000,78715,坡道平面,29.75,1500000,,RPQNMLKLJHKGFFD67DB,諧作悅,D棟1號,
新市區,房地(土地+建物)+車位,臺南市新市區西寧街38號對面,16.66,住,,,1140119,土地1建物1車位1,三層,13,住宅大樓(11層含以上有電梯),見其他登記事項,鋼筋混凝土造,,113.38,2,2,2,有,無,11650000,113442,坡道平面,25.67,1700000,,RPQNMLLLJHKGFHD87CB,高第璞璞+,3F-B3號,
永康區,房地(土地+建物)+車位,臺南市永康區富強路二段,33.91,住,,,1140118,土地1建物1車位1,二層,5,華廈(10層含以下有電梯),見其他登記事項,鋼筋混凝土造,,116.1,3,2,2,有,無,10970000,97499,一樓平面,16.92,1300000,,RPPNMLLLJHKGFKD08CB,安居樂業．永康富強,B棟2F-H1號,
永康區,房地(土地+建物)+車位,臺南市永康區富強路二段,25.29,住,,,1140118,土地1建物1車位1,三層,5,華廈(10層含以下有電梯),見其他登記事項,鋼筋混凝土造,,80.42,2,2,2,有,無,8250000,97455,其他,6.54,1050000,,RPQNMLLLJHKGFKD18CB,安居樂業．永康富強,A棟3F-C1號,
麻豆區,房地(土地+建物)+車位,臺南市麻豆區新生南路,30.72,住,,,1140120,土地2建物1車位0,二層,13,住宅大樓(11層含以上有電梯),住家用,鋼筋混凝土造,,115.45,2,2,2,有,無,8730000,75617,,0.0,0,,RPPNMLLLJHKGFFD67DB,諧作悅,E棟3號,
將軍區,房地(土地+建物),臺南市將軍區西華高姓宗祠堂旁,95.88,住,,,1140115,土地1建物1車位0,全,4,店面(店鋪),住家用,鋼筋混凝土造,,207.24,4,2,5,有,無,14000000,67555,,0.0,0,,RPQNMLLLJHKGFGD87DB,臺邦秘境,A棟3號,
安平區,房地(土地+建物)+車位,臺南市安平區育平九街育平九街142巷,20.51,住,,,1140111,土地1建物1車位1,三層,15,住宅大樓(11層含以上有電梯),住家用,鋼筋混凝土造,,139.25,3,2,2,有,無,17200000,141983,坡道平面,29.73,1650000,,RPUNMLMLJHKGFAD67CB,華平深見,A棟1號,
新市區,房地(土地+建物)+車位,臺南市新市區大社段2094地號,22.81,,鄉村區,乙種建築用地,1140111,土地1建物1車位1,二層,10,華廈(10層含以下有電梯),住家用,鋼筋混凝土造,,138.4,2,2,2,有,無,9600000,83563,一樓平面,43.86,1700000,,RPPNMLMLJHKGFHD87CB,高第璞璞2,A棟2F-A1號,
永康區,房地(土地+建物)+車位,臺南市永康區平道十六街與水漾路交叉口,17.64,住,,,1140112,土地1建物1車位1,六層,15,住宅大樓(11層含以上有電梯),住家用,鋼筋混凝土造,,116.61,3,2,1,有,無,13850000,132767,坡道平面,24.87,1670000,,RPRNMLMLJHKGFKD38CB,遠雄山禾,D棟D03F06號,
永康區,房地(土地+建物)+車位,臺南市永康區富強路二段,35.42,住,,,1140119,土地1建物1車位1,三層,5,華廈(10層含以下有電梯),見其他登記事項,鋼筋混凝土造,,120.4,3,2,2,有,無,11370000,97313,一樓平面,16.92,1300000,,RPSNMLMLJHKGFKD48CB,安居樂業．永康富強,A棟3F-A1號,
永康區,房地(土地+建物)+車位,臺南市永康區王行路898巷,26.89,住,,,1140115,土地2建物1車位1,四層,11,住宅大樓(11層含以上有電梯),住家用,鋼筋混凝土造,,143.38,3,2,2,有,無,11000000,83369,坡道平面,27.03,1300000,,RPTNMLMLJHKGFKD58CB,上宇LINK,A棟7號,
東區,房地(土地+建物)+車位,臺南市東區裕文路62號對面,54.09,其他,,,1140112,土地1建物1車位1,三層,12,住宅大樓(11層含以上有電梯),住家用,鋼筋混凝土造,,246.08,3,2,3,有,無,36230000,160343,坡道平面,32.6,2000000,,RPPNMLNLJHKGFCD47CB,舜之璽,B棟1號,
後壁區,房地(土地+建物),臺南市後壁區後壁147-59號對面,106.74,住,,,1140119,土地1建物1車位0,全,3,透天厝,住家用,鋼筋混凝土造,,157.82,4,2,3,有,無,13300000,84273,,0.0,0,,RPQNMLNLJHKGFED77CB,樂活居,A棟5號,
安定區,房地(土地+建物)+車位,臺南市安定區港口1-25號旁,25.3,,特定農業區,甲種建築用地,1140118,土地1建物1車位1,九層,12,住宅大樓(11層含以上有電梯),住家用,鋼筋混凝土造,,116.27,2,2,2,有,無,10550000,100198,坡道平面,25.45,1450000,,RPPNMLNLJHKGFHD97CB,日初莊園-春曉,B3棟9F號,
新化區,房地(土地+建物)+車位,臺南市新化區中山路,34.84,商,,,1140116,土地2建物1車位2,十五層,15,住宅大樓(11層含以上有電梯),住家用,鋼筋混凝土造,,244.58,4,2,2,有,無,18900000,99800,坡道平面,94.28,3900000,,RPSNMLNLJHKGFHD28CB,長築白樓1,壹棟A號,
關廟區,房地(土地+建物),臺南市關廟區北安一街,24.98,住,,,1140116,土地1建物1車位0,六層,6,華廈(10層含以下有電梯),住家用,鋼筋混凝土造,,67.56,2,2,2,有,無,5450000,80669,,0.0,0,,RPPNMLNLJHKGFID08CB,心心相印7,B棟6FB2號,
關廟區,房地(土地+建物),臺南市關廟區北安一街,24.98,住,,,1140116,土地1建物1車位0,六層,6,華廈(10層含以下有電梯),住家用,鋼筋混凝土造,,67.56,2,2,2,有,無,5450000,80669,,0.0,0,,RPQNMLNLJHKGFID18CB,心心相印7,A棟6FA2號,
關廟區,房地(土地+建物),臺南市關廟區北安一街,24.98,住,,,1140118,土地1建物1車位0,三層,6,華廈(10層含以下有電梯),住家用,鋼筋混凝土造,,67.56,2,2,2,有,無,5360000,79337,,0.0,0,,RPRNMLNLJHKGFID28CB,心心相印7,A棟3FA3號,
歸仁區,房地(土地+建物)+車位,臺南市歸仁區南興街與大德一街交叉路口,32.2,住,,,1140111,土地1建物1車位1,四層,7,華廈(10層含以下有電梯),住家用,鋼筋混凝土造,,110.78,3,2,2,有,無,10760000,89007,一樓平面,8.99,1700000,,RPPNMLOLJHKGFID18CB,安庭灣,A棟1號,
歸仁區,房地(土地+建物)+車位,臺南市歸仁區智慧三街,23.82,住,,,1140113,土地1建物1車位1,五層,13,住宅大樓(11層含以上有電梯),住家用,鋼骨混凝土造,,116.08,2,2,1,有,無,10730000,99325,坡道平面,25.67,1750000,,RPRNMLOLJHKGFID38CB,佳順大富,B1棟05F號,
歸仁區,房地(土地+建物)+車位,臺南市歸仁區智慧三街,32.72,住,,,1140113,土地1建物1車位1,十層,13,住宅大樓(11層含以上有電梯),住家用,鋼骨混凝土造,,149.9,3,2,2,有,無,14710000,104725,坡道平面,25.67,1700000,,RPUNMLOLJHKGFID68CB,佳順大富,D2棟10F號,
歸仁區,房地(土地+建物)+車位,臺南市歸仁區南興街與大德一街交叉路口,28.1,住,,,1140111,土地1建物1車位1,四層,7,華廈(10層含以下有電梯),住家用,鋼筋混凝土造,,97.77,3,2,2,有,無,9800000,91237,一樓平面,8.99,1700000,,RPWNMLOLJHKGFID88CB,安庭灣,B棟8號,
歸仁區,房地(土地+建物)+車位,臺南市歸仁區智慧三街,33.86,住,,,1140113,土地1建物1車位1,六層,13,住宅大樓(11層含以上有電梯),住家用,鋼骨混凝土造,,154.33,3,2,2,有,無,15170000,104695,坡道平面,25.67,1700000,親友、員工、共有人或其他特殊關係間之交易；,RPXNMLOLJHKGFID98CB,佳順大富,B2棟06F號,
安南區,房地(土地+建物),臺南市安南區環館路與環館路358巷2號交叉口,126.73,住,,,1140117,土地5建物2車位0,全,4,透天厝,住家用,鋼筋混凝土造,,273.13,3,1,3,有,無,29100000,106543,,0.0,0,內含停車位1個,RPPNMLNJKHKGFBD27CB,『翡翠森林』綠光區【美地莊園】,5E棟5號,
安南區,房地(土地+建物)+車位,臺南市安南區館前一路與館前南路交叉口,9.77,商,,,1140119,土地2建物1車位1,十層,26,住宅大樓(11層含以上有電梯),住家用,鋼筋混凝土造,,91.53,2,2,1,有,無,10330000,117163,坡道機械,10.19,800000,,RPQNMLNJKHKGFBD37CB,南科卓越城,B棟B11-10F號,
安南區,房地(土地+建物)+車位,臺南市安南區館前一路與館前南路交叉口,10.54,商,,,1140119,土地2建物1車位1,十七層,26,住宅大樓(11層含以上有電梯),住家用,鋼筋混凝土造,,97.73,2,2,1,有,無,11750000,123943,坡道機械,10.19,900000,,RPRNMLNJKHKGFBD47CB,南科卓越城,C棟C13-17F號,
安南區,房地(土地+建物)+車位,臺南市安南區館前一路與館前南路交叉口,9.77,商,,,1140119,土地2建物1車位1,十七層,26,住宅大樓(11層含以上有電梯),住家用,鋼筋混凝土造,,91.53,2,2,1,有,無,10910000,123064,坡道機械,10.19,900000,,RPSNMLNJKHKGFBD57CB,南科卓越城,D棟D11-17F號,
佳里區,房地(土地+建物)+車位,臺南市佳里區佳西路482號對面,30.85,住,,,1140118,土地1建物1車位1,二層,5,華廈(10層含以下有電梯),住家用,鋼筋混凝土造,,91.05,2,2,2,有,無,7130000,74860,一樓平面,10.5,1100000,,RPPNMLNJKHKGFGD77CB,慕光里2,A棟2號,
善化區,房地(土地+建物)+車位,臺南市善化區興華路,21.19,住,,,1140117,土地1建物1車位1,十三層,14,住宅大樓(11層含以上有電梯),住商用,鋼筋混凝土造,,147.77,3,2,2,有,無,17760000,136316,坡道平面,32.89,2100000,,RPPNMLNJKHKGFHD87CB,興華苑,1棟13A號,
永康區,房地(土地+建物)+車位,臺南市永康區王行路898巷,27.62,住,,,1140120,土地2建物1車位1,八層,11,住宅大樓(11層含以上有電梯),住家用,鋼筋混凝土造,,146.56,3,2,2,有,無,12520000,93031,坡道平面,27.03,1400000,,RPPNMLNJKHKGFKD18CB,上宇LINK,A棟3號,
永康區,房地(土地+建物)+車位,臺南市永康區王行路898巷,18.56,住,,,1140120,土地2建物1車位1,二層,11,住宅大樓(11層含以上有電梯),住家用,鋼筋混凝土造,,107.65,2,2,1,有,無,8080000,84098,坡道平面,27.03,1300000,,RPQNMLNJKHKGFKD28CB,上宇LINK,A棟6號,
安南區,房地(土地+建物)+車位,臺南市安南區安中路一段,24.81,住,,,1140112,土地1建物1車位1,十層,15,住宅大樓(11層含以上有電梯),住家用,鋼筋混凝土造,,149.47,3,2,2,有,無,15570000,120966,坡道平面,34.81,1700000,,RPPNMLOJKHKGFBD37CB,敘禾苑,A棟1號,
安南區,房地(土地+建物)+車位,臺南市安南區安中路一段,20.09,住,,,1140112,土地1建物1車位1,七層,15,住宅大樓(11層含以上有電梯),住家用,鋼筋混凝土造,,112.25,2,2,2,有,無,12100000,117338,坡道機械,18.93,1150000,,RPQNMLOJKHKGFBD47CB,敘禾苑,C棟1號,
永康區,房地(土地+建物)+車位,臺南市永康區平道十六街與水漾路交叉口,26.75,住,,,1140118,土地1建物1車位1,六層,15,住宅大樓(11層含以上有電梯),住家用,鋼筋混凝土造,,164.89,3,2,2,有,無,20700000,134624,坡道平面,24.87,1850000,,RPPNMLOJKHKGFKD28CB,遠雄山禾,C棟C06F06號,
東區,房地(土地+建物)+車位,臺南市東區中華東路一段與瑞祥街交叉口,15.48,商,,,1140118,土地2建物1車位2,四層,28,住宅大樓(11層含以上有電梯),住家用,鋼筋混凝土造,,216.53,4,2,2,有,無,32050000,167273,坡道平面,54.22,4900000,,RPPNMLPJKHKGFCD57CB,浩瀚無極,A棟A2號,
東區,房地(土地+建物)+車位,臺南市東區仁和路62號一樓旁,14.06,住,,,1140117,土地6建物1車位1,三層,14,住宅大樓(11層含以上有電梯),住家用,鋼筋混凝土造,,116.75,2,2,2,有,無,14170000,139641,坡道平面,29.24,1950000,,RPQNMLPJKHKGFCD67CB,宏福悅,A棟A7-3F號,
東區,房地(土地+建物)+車位,臺南市東區仁和路62號一樓旁,11.02,住,,,1140116,土地6建物1車位1,七層,14,住宅大樓(11層含以上有電梯),住家用,鋼筋混凝土造,,97.75,1,2,1,有,無,11480000,139104,坡道平面,29.24,1950000,,RPRNMLPJKHKGFCD77CB,宏福悅,C棟C5-7F號,
佳里區,房地(土地+建物),臺南市佳里區嘉福里,105.71,,鄉村區,乙種建築用地,1140115,土地2建物1車位0,全,3,透天厝,見其他登記事項,鋼筋混凝土造,,139.03,3,2,4,有,無,10180000,73222,,0.0,0,,RPPNMLPJKHKGFGD97CB,吾映良品20,B棟3號,
新市區,房地(土地+建物)+車位,臺南市新市區富林路跟光明街口,20.19,住,,,1140119,土地1建物1車位1,十八層,18,住宅大樓(11層含以上有電梯),住家用,鋼筋混凝土造,,129.93,3,2,2,有,無,16920000,144813,坡道平面,26.21,1900000,,RPPNMLPJKHKGFHD08CB,曦湖,A5號,
新市區,房地(土地+建物)+車位,臺南市新市區富林路跟光明街口,25.3,住,,,1140119,土地1建物1車位1,七層,18,住宅大樓(11層含以上有電梯),住家用,鋼筋混凝土造,,155.68,3,2,2,有,無,17770000,121804,坡道平面,26.21,2000000,,RPQNMLPJKHKGFHD18CB,曦湖,A1號,
新市區,房地(土地+建物)+車位,臺南市新市區富林路跟光明街口,15.65,住,,,1140119,土地1建物1車位1,七層,18,住宅大樓(11層含以上有電梯),住家用,鋼筋混凝土造,,106.53,2,2,2,有,無,11840000,123755,坡道平面,26.21,1900000,親友、員工、共有人或其他特殊關係間之交易；,RPRNMLPJKHKGFHD28CB,曦湖,A3號,
新市區,房地(土地+建物)+車位,臺南市新市區富林路跟光明街口,23.26,住,,,1140119,土地1建物1車位1,八層,18,住宅大樓(11層含以上有電梯),住家用,鋼筋混凝土造,,145.54,3,2,2,有,無,16540000,122685,坡道平面,26.21,1900000,親友、員工、共有人或其他特殊關係間之交易；,RPSNMLPJKHKGFHD38CB,曦湖,A2號,
新市區,房地(土地+建物)+車位,臺南市新市區富林路跟光明街口,25.3,住,,,1140119,土地1建物1車位1,十六層,18,住宅大樓(11層含以上有電梯),住家用,鋼筋混凝土造,,155.68,3,2,2,有,無,18540000,126207,坡道平面,26.21,2200000,,RPTNMLPJKHKGFHD48CB,曦湖,A1號,
仁德區,房地(土地+建物)+車位,臺南市仁德區保生路21號對面,12.42,商,,,1140114,土地1建物1車位1,八層,15,住宅大樓(11層含以上有電梯),住家用,鋼筋混凝土造,,111.81,2,2,1,有,無,10920000,108481,坡道平面,24.79,1480000,,RPRNMLPJKHKGFID38CB,新東琚,B棟B1-08F號,
歸仁區,房地(土地+建物)+車位,臺南市歸仁區高鐵十二路171號對面,20.95,住,,,1140114,土地1建物1車位1,三層,6,華廈(10層含以下有電梯),住家用,鋼筋混凝土造,,113.33,2,2,1,有,無,9700000,104050,坡道平面,33.08,1350000,,RPVNMLPJKHKGFID78CB,高鐵ONE,E棟E5-03F號,
歸仁區,房地(土地+建物)+車位,臺南市歸仁區高鐵十二路171號對面,20.95,住,,,1140114,土地1建物1車位1,五層,6,華廈(10層含以下有電梯),住家用,鋼筋混凝土造,,113.33,2,2,1,有,無,10000000,107788,坡道平面,33.08,1350000,,RPWNMLPJKHKGFID88CB,高鐵ONE,E棟E5-05F號,
永康區,房地(土地+建物)+車位,臺南市永康區平道路與永運一路交叉路口,26.26,商,,,1140119,土地1建物1車位1,三層,14,住宅大樓(11層含以上有電梯),住家用,鋼筋混凝土造,,193.77,4,2,2,有,無,20300000,116541,坡道平面,34.17,1700000,,RPQNMLPJKHKGFKD48CB,櫻花南科之櫻,B5棟3號,
永康區,房地(土地+建物)+車位,臺南市永康區平道路與永運一路交叉路口,21.22,商,,,1140120,土地1建物1車位1,五層,14,住宅大樓(11層含以上有電梯),住家用,鋼筋混凝土造,,163.36,3,2,2,有,無,17170000,118972,坡道平面,34.17,1800000,,RPRNMLPJKHKGFKD58CB,櫻花南科之櫻,B2棟5號,
歸仁區,房地(土地+建物)+車位,臺南市歸仁區南興街與大德一街交叉路口,32.37,住,,,1140112,土地1建物1車位1,二層,7,華廈(10層含以下有電梯),住家用,鋼筋混凝土造,,111.29,3,2,2,有,無,11400000,94819,一樓平面,8.99,1700000,露臺戶8.20坪,RPQNMLRJKHKGFID48CB,安庭灣,A棟6號,
歸仁區,房地(土地+建物)+車位,臺南市歸仁區南興街與大德一街交叉路口,32.37,住,,,1140116,土地1建物1車位1,五層,7,華廈(10層含以下有電梯),住家用,鋼筋混凝土造,,111.29,3,2,2,有,無,10800000,88954,一樓平面,8.99,1700000,,RPRNMLRJKHKGFID58CB,安庭灣,A棟6號,
歸仁區,房地(土地+建物)+車位,臺南市歸仁區南興街與大德一街交叉路口,24.63,住,,,1140115,土地1建物1車位1,六層,7,華廈(10層含以下有電梯),住家用,鋼筋混凝土造,,86.8,2,2,2,有,無,9160000,95875,一樓平面,8.99,1700000,,RPSNMLRJKHKGFID68CB,安庭灣,A棟7號,
歸仁區,房地(土地+建物)+車位,臺南市歸仁區南興街與大德一街交叉路口,27.77,住,,,1140120,土地1建物1車位1,三層,7,華廈(10層含以下有電梯),住家用,鋼筋混凝土造,,96.73,3,2,2,有,無,9700000,91178,一樓平面,8.99,1700000,,RPTNMLRJKHKGFID78CB,安庭灣,B棟2號,
歸仁區,房地(土地+建物)+車位,臺南市歸仁區南興街與大德一街交叉路口,32.2,住,,,1140112,土地1建物1車位1,六層,7,華廈(10層含以下有電梯),住家用,鋼筋混凝土造,,110.78,3,2,2,有,無,10680000,88221,一樓平面,8.99,1700000,,RPUNMLRJKHKGFID88CB,安庭灣,B棟5號,
歸仁區,房地(土地+建物)+車位,臺南市歸仁區南興街與大德一街交叉路口,32.37,住,,,1140120,土地1建物1車位1,六層,7,華廈(10層含以下有電梯),住家用,鋼筋混凝土造,,111.29,3,2,2,有,無,10660000,87586,一樓平面,8.99,1700000,,RPOOMLRJKHKGFID38CB,安庭灣,B棟6號,
歸仁區,房地(土地+建物),臺南市歸仁區南興街與大德一街交叉路口,24.63,住,,,1140119,土地1建物1車位0,四層,7,華廈(10層含以下有電梯),住家用,鋼筋混凝土造,,77.78,2,2,2,有,無,7260000,93340,,0.0,0,,RPPOMLRJKHKGFID48CB,安庭灣,B棟7號,
歸仁區,房地(土地+建物)+車位,臺南市歸仁區南興街與大德一街交叉路口,32.37,住,,,1140112,土地1建物1車位1,二層,7,華廈(10層含以下有電梯),住家用,鋼筋混凝土造,,111.29,3,2,2,有,無,11300000,93842,一樓平面,8.99,1700000,露臺戶9.40坪,RPQOMLRJKHKGFID58CB,安庭灣,B棟9號,
歸仁區,房地(土地+建物)+車位,臺南市歸仁區南興街與大德一街交叉路口,32.37,住,,,1140118,土地1建物1車位1,五層,7,華廈(10層含以下有電梯),住家用,鋼筋混凝土造,,111.29,3,2,2,有,無,10600000,86999,一樓平面,8.99,1700000,,RPROMLRJKHKGFID68CB,安庭灣,B棟9號,
歸仁區,房地(土地+建物)+車位,臺南市歸仁區南興街與大德一街交叉路口,32.2,住,,,1140115,土地1建物1車位1,二層,7,華廈(10層含以下有電梯),住家用,鋼筋混凝土造,,110.78,3,2,2,有,無,11400000,95294,一樓平面,8.99,1700000,露臺戶9.00坪,RPUNMLSJKHKGFID98CB,安庭灣,A棟5號,
歸仁區,房地(土地+建物)+車位,臺南市歸仁區智慧三街,32.72,住,,,1140120,土地1建物1車位1,六層,13,住宅大樓(11層含以上有電梯),住家用,鋼骨混凝土造,,149.9,3,2,2,有,無,14430000,102471,坡道平面,25.67,1700000,親友、員工、共有人或其他特殊關係間之交易；,RPVNMLSJKHKGFID09CB,佳順大富,B5棟06F號,
新營區,房地(土地+建物)+車位,臺南市新營區長榮路二段及長榮路二段43巷交叉口,24.25,住,,,1140113,土地2建物1車位1,十三層,15,住宅大樓(11層含以上有電梯),住家用,鋼筋混凝土造,,156.28,3,2,2,有,無,13080000,90818,坡道平面,27.12,1350000,,RPPNMLTJKHKGFDD08CB,佳展 ? 大新,A7棟1號,
新營區,房地(土地+建物)+車位,臺南市新營區長榮路二段及長榮路二段43巷交叉口,23.88,住,,,1140120,土地2建物1車位1,十二層,15,住宅大樓(11層含以上有電梯),住家用,鋼筋混凝土造,,154.03,3,2,2,有,無,13050000,91403,坡道平面,27.12,1450000,,RPQNMLTJKHKGFDD18CB,佳展 ? 大新,A3棟1號,
新營區,房地(土地+建物)+車位,臺南市新營區長榮路二段及長榮路二段43巷交叉口,24.25,住,,,1140120,土地2建物1車位1,八層,15,住宅大樓(11層含以上有電梯),住家用,鋼筋混凝土造,,156.28,3,2,2,有,無,13420000,93450,坡道平面,27.12,1350000,,RPPNMLKKKHKGFDD27CB,佳展 ? 大新,A7棟1號,
新營區,房地(土地+建物),臺南市新營區長榮路二段及長榮路二段43巷交叉口,13.6,住,,,1140113,土地2建物1車位0,二層,15,住宅大樓(11層含以上有電梯),住家用,鋼筋混凝土造,,71.76,2,2,1,有,無,6450000,89883,,0.0,0,含約定專用露臺約6.2坪,RPQNMLKKKHKGFDD37CB,佳展 ? 大新,B1棟1號,
新營區,房地(土地+建物)+車位,臺南市新營區長榮路二段及長榮路二段43巷交叉口,21.31,住,,,1140120,土地2建物1車位1,二層,15,住宅大樓(11層含以上有電梯),住家用,鋼筋混凝土造,,139.46,3,2,2,有,無,10500000,82339,坡道平面,27.12,1250000,含約定專用露台約5.5坪,RPRNMLKKKHKGFDD47CB,佳展 ? 大新,B3棟1號,
新營區,房地(土地+建物)+車位,臺南市新營區長榮路二段及長榮路二段43巷交叉口,21.31,住,,,1140120,土地2建物1車位1,十三層,15,住宅大樓(11層含以上有電梯),住家用,鋼筋混凝土造,,139.46,3,2,2,有,無,12060000,94445,坡道平面,27.12,1450000,,RPSNMLKKKHKGFDD57CB,佳展 ? 大新,B3棟1號,
新營區,房地(土地+建物)+車位,臺南市新營區長榮路二段及長榮路二段43巷交叉口,15.8,住,,,1140113,土地2建物1車位1,六層,15,住宅大樓(11層含以上有電梯),住家用,鋼筋混凝土造,,111.73,2,2,1,有,無,8800000,89233,坡道平面,27.12,1250000,,RPTNMLKKKHKGFDD67CB,佳展 ? 大新,B8棟1號,
新營區,房地(土地+建物)+車位,臺南市新營區長榮路二段及長榮路二段43巷交叉口,15.8,住,,,1140113,土地2建物1車位1,九層,15,住宅大樓(11層含以上有電梯),住家用,鋼筋混凝土造,,110.57,2,2,1,有,無,8850000,90415,坡道平面,25.96,1200000,,RPUNMLKKKHKGFDD77CB,佳展 ? 大新,B8棟1號,
安南區,房地(土地+建物)+車位,臺南市安南區安佃街與安佃九街口,17.04,住,,,1140117,土地1建物1車位1,五層,15,住宅大樓(11層含以上有電梯),住家用,鋼筋混凝土造,,106.83,2,1,2,有,無,8830000,89858,坡道平面,24.7,1450000,,RPPNMLMKKHKGFBD27CB,希望翼,B棟6號,
新營區,房地(土地+建物)+車位,臺南市新營區文昌街2-8號,17.52,商,,,1140118,土地1建物1車位1,十三層,14,住宅大樓(11層含以上有電梯),住家用,鋼筋混凝土造,,126.38,3,2,2,有,無,9900000,87908,坡道平面,28.55,1300000,,RPPNMLOKKHKGFDD67CB,站前創世紀,A棟2號,
