﻿鄉鎮市區,交易標的,土地位置建物門牌,土地面積平方公尺,都市土地使用分區,非都市土地使用分區,非都市土地使用編定,租賃年月日,租賃筆棟數,租賃層次,總樓層數,建物型態,主要用途,主要建材,建築完成年月,建物總面積平方公尺,建物現況格局-房,建物現況格局-廳,建物現況格局-衛,建物現況格局-隔間,有無管理組織,有無附傢俱,總額元,單價元平方公尺,車位類別,車位面積平方公尺,車位總額元,備註,編號,出租型態,有無管理員,租賃期間,有無電梯,附屬設備,租賃住宅服務
The villages and towns urban district,transaction sign,land sector position building sector house number plate,land shifting total area square meter,the use zoning or compiles and checks,the non-metropolis land use district,non-metropolis land use,transaction year month and day,transaction pen number,shifting level,total floor number,building state,main use,main building materials,construction to complete the years,building shifting total area,Building present situation pattern - room,building present situation pattern - hall,building present situation pattern - health,building present situation pattern - compartmented,Whether there is manages the organization,Whether there is attaches the furniture,total price NTD,the unit price (NTD / square meter),the berth category,berth shifting total area square meter,the berth total price NTD,the note,serial number,Rental type,Residential Manager,Rental period,elevator,equipment,Rental residential services
安平區,租賃房屋+車位,臺南市安平區永華路二段２８６號二十八樓,0.0,,,,1140122,土地0建物1車位1,二十八層,29,住宅大樓(11層含以上有電梯),集合住宅,鋼筋混凝土構造,1070921,190.49,3,2,2,有,有,有,45000,236,坡道平面,36.46,0,租金總額含管理費；網路費；,RPUNMLMLJHKGFAD77CC,整棟(戶)出租,有,1140122~1150721,有,冷氣、熱水器、洗衣機、電視機、冰箱、瓦斯或天然氣、網路,一般代管
中西區,租賃房屋,臺南市中西區北門路一段１２３巷１７號,0.0,,,,1140121,土地0建物1車位0,見其他登記事項,3,店面(店鋪),住家用,磚造,0490101,76.8,1,2,1,有,無,無,20000,260,,0.0,0,,RPRPMLMLJHKGFAD67CC,,無,1140301~1170228,無,冷氣、洗衣機,
東區,租賃房屋,臺南市東區生產路２９７巷１２號,0.0,,,,1140121,土地0建物0車位0,全,2,透天厝,住商用,加強磚造,0680308,20.4,6,4,6,有,無,有,12000,588,,0.0,0,多人共同承租2；租金總額含水費；網路費；,RPSNMLMLJHKGFCD77CC,分租套房,無,1140121~1150121,無,冷氣、熱水器、洗衣機、電視機、冰箱、網路,一般轉租
東區,租賃房屋,臺南市東區崇明２４街８０號２樓之１３,0.0,,,,1140121,土地0建物1車位0,二層,6,華廈(10層含以下有電梯),集合住宅,鋼筋混凝土構造,1110601,44.519999999999996,1,0,1,有,有,有,14300,321,,0.0,0,管理費:1200元.水費250元,RPWNMLMLJHKGFCD18CC,獨立套房,有,1140201~1150131,有,冷氣、熱水器、洗衣機、電視機、冰箱、網路,一般轉租
新市區,租賃房屋,臺南市新市區仁愛街１４７號,0.0,,,,1140122,土地0建物1車位0,全,3,透天厝,住商用,鋼筋混凝土造,0700722,159.92,6,2,2,有,無,有,18000,113,,0.0,0,1.契約書未約定土地租賃標的。2.由所有權人提供出租資訊。,RPQNMLMLJHKGFHD08CC,分層出租,無,1140203~1150202,無,冷氣、熱水器、冰箱,
安南區,租賃房屋,臺南市安南區郡安路六段５３號,0.0,,,,1140122,土地0建物1車位0,一層,2,店面(店鋪),住家用,加強磚造,0681227,55.89,5,2,3,有,無,無,19000,340,,0.0,0,,RPPNMLNLJHKGFBD47CC,,無,1140301~1170228,無,熱水器,
安南區,租賃房屋+車位,臺南市安南區博和路２２１號五樓之８,0.0,,,,1140121,土地0建物1車位1,五層,7,華廈(10層含以下有電梯),集合住宅,鋼筋混凝土造,1130229,152.93,2,2,2,有,有,無,22000,144,坡道平面,23.33,0,1.契約書未約定土地租賃標的2.由出租人提供租屋資訊租金總額含管理費；,RPSNMLNLJHKGFBD77CC,整棟(戶)出租,有,1140301~1150228,有,冷氣、熱水器,
善化區,租賃房屋,臺南市善化區溪尾１８３之１號,73.57,,鄉村區,乙種建築用地,1140123,土地1建物1車位0,全,2,透天厝,住家用,加強磚造,0680801,106.68,4,2,3,有,無,無,18000,169,,0.0,0,,RPSNMLNLJHKGFHD38CC,整棟(戶)出租,無,1140205~1170204,無,冷氣、洗衣機,
仁德區,租賃房屋,臺南市仁德區文賢路二段１５巷１８弄１７號９樓之２,0.0,,,,1140123,土地0建物0車位0,九層,10,華廈(10層含以下有電梯),住家用,鋼筋混凝土造,0920910,14.88,5,2,5,有,無,有,8500,571,,0.0,0,910租金總額含水費；網路費；其他垃圾代收費；,RPUNMLNLJHKGFID68CC,分租套房,無,1140123~1150122,有,冷氣、熱水器、洗衣機、電視機、冰箱、網路,一般轉租
永康區,租賃房屋,臺南市永康區鹽州里鹽忠街１１８號３樓之３,0.0,,,,1140121,土地0建物1車位0,三層,8,華廈(10層含以下有電梯),辦公室,鋼筋混凝土造,0950918,17.08,1,0,1,有,有,有,4300,252,,0.0,0,含增建或未登記建物；,RPQNMLNLJHKGFKD48CC,獨立套房,有,1140125~1140724,有,冷氣、熱水器、電視機、冰箱、網路,一般代管
中西區,租賃房屋,臺南市中西區南門路１４９-１號,0.0,,,,1140122,土地0建物1車位0,地下層,7,倉庫,避難室,鋼筋混凝土造,0700914,237.99,0,0,0,無,無,無,17000,,,0.0,0,,RPSNMLOLJHKGFAD77CC,,無,1140303~1170302,無,,
中西區,租賃房屋,臺南市中西區宮後街１４號,0.0,,,,1140121,土地0建物0車位0,全,5,透天厝,住家用,鋼筋混凝土構造,1010604,21.49,30,1,30,有,無,有,8500,396,,0.0,0,租金總額含水費；網路費；其他第四台；,RPTNMLOLJHKGFAD87CC,分租套房,無,1140121~1150124,有,冷氣、熱水器、洗衣機、電視機、冰箱、有線電視、網路,一般代管
中西區,租賃房屋,臺南市中西區南門路１４９號之１,0.0,,,,1140121,土地0建物1車位0,一層,7,店面(店鋪),住家用,鋼筋混凝土造,0700914,80.79,1,1,1,有,無,無,18000,223,,0.0,0,,RPUNMLOLJHKGFAD97CC,,無,1140303~1170302,無,,
南區,租賃房屋,臺南市南區鹽埕路１０３巷３８弄３２號,0.0,,,,1140122,土地0建物1車位0,全,2,透天厝,住商用,加強磚造,0680227,93.44,4,2,4,有,無,有,20000,214,,0.0,0,台南市社會住宅包租代管第四期計畫。,RPPOMLOLJHKGFCD77CC,整棟(戶)出租,無,1140125~1150124,無,冷氣、熱水器、瓦斯或天然氣,社會住宅代管
新市區,租賃房屋,臺南市新市區銘傳街８６號,0.0,,,,1140121,土地0建物0車位0,全,4,透天厝,店舖、停車空間、住宅,鋼筋混凝土造,1020115,25.64,7,0,7,有,無,有,7500,293,,0.0,0,租金總額含網路費；,RPQNMLOLJHKGFHD28CC,分租套房,無,1140201~1140731,無,冷氣、熱水器、洗衣機、電視機、冰箱、有線電視、網路,一般代管
新市區,租賃房屋,臺南市新市區富中街８５巷１號,0.0,,,,1140124,土地0建物0車位0,全,4,透天厝,住家用,鋼筋混凝土造,1040630,18.0,14,0,14,有,無,有,6000,333,,0.0,0,租金總額含管理費；網路費；續租案件；,RPRNMLOLJHKGFHD38CC,分租套房,無,1140224~1140823,無,冷氣、熱水器、洗衣機、電視機、冰箱、網路,一般代管
善化區,租賃房屋,臺南市善化區文正路７９巷１８號,0.0,,,,1140122,土地0建物0車位0,全,4,透天厝,住家用,鋼筋混凝土造,1050304,24.35,10,0,10,有,無,有,7500,308,,0.0,0,租金總額含網路費；,RPSNMLOLJHKGFHD48CC,分租套房,無,1140201~1140731,無,冷氣、熱水器、洗衣機、電視機、冰箱、有線電視、網路,一般代管
仁德區,租賃房屋,臺南市仁德區中正路一段２５１巷２５弄３１號,0.0,,,,1140123,土地0建物0車位0,全,5,透天厝,住宅、停車空間,鋼筋混凝土構造,1060930,18.31,17,1,17,有,無,有,7200,393,,0.0,0,租金總額含水費；網路費；,RPPNMLOLJHKGFID28CC,分租套房,無,1140124~1150201,無,冷氣、熱水器、洗衣機、電視機、冰箱、網路,一般代管
仁德區,土地,勝利段851地號,195.06,,特定農業區,農牧用地,1140123,土地1建物0車位0,,,其他,,,,0.0,0,0,0,無,無,無,30000,154,,0.0,0,,RPQNMLOLJHKGFID38CC,,,1140201~1170131,,,
永康區,租賃房屋,臺南市永康區南台街１３巷４５號９樓之１,0.0,,,,1140122,土地0建物1車位0,九層,16,住宅大樓(11層含以上有電梯),住家用,鋼筋混凝土造,0840523,127.2,3,2,2,有,有,有,15000,118,,0.0,0,參加公會版住宅包租代管計畫3-1期，租金為市價9折續租案件；,RPOOMLOLJHKGFKD48CC,整棟(戶)出租,有,1140130~1150129,有,冷氣、熱水器、洗衣機、冰箱、瓦斯或天然氣,社會住宅代管
永康區,租賃房屋,臺南市永康區新興街２號七樓之２,0.0,,,,1140122,土地0建物1車位0,七層,14,住宅大樓(11層含以上有電梯),住家用,鋼筋混凝土造,0880519,110.86999999999999,3,2,2,有,有,有,12000,108,,0.0,0,參加公會版住宅包租代管計畫4-1期，租金為市價9折,RPVOMLOLJHKGFKD56CC,整棟(戶)出租,有,1140201~1150131,有,冷氣、熱水器、洗衣機、電視機、冰箱、瓦斯或天然氣,社會住宅代管
新市區,租賃房屋,臺南市新市區光華街１８８巷２９號,0.0,,,,1140124,土地0建物0車位0,全,4,透天厝,住家用,鋼筋混凝土造,1030925,18.0,7,0,7,有,無,有,6200,344,,0.0,0,租金總額含管理費；水費；網路費；,RPPNMLPLJHKGFHD28CC,分租套房,無,1140201~1150131,無,冷氣、熱水器、洗衣機、電視機、冰箱、網路,一般代管
北區,租賃房屋,臺南市北區北門路二段１５０號,0.0,,,,1140127,土地0建物0車位0,全,5,透天厝,住商用,鋼筋混凝土造,0750902,15.0,24,1,16,有,無,有,4300,287,,0.0,0,租金總額含網路費；續租案件；,RPPNMLRLJHKGFAD77CC,分租雅房,無,1140201~1150131,無,冷氣、熱水器、網路,一般轉租
東區,租賃房屋,臺南市東區大學路１８巷１９號,0.0,,,,1140127,土地0建物0車位0,全,3,透天厝,住商用,鋼筋混凝土造,0640910,13.22,18,1,18,有,無,有,5200,393,,0.0,0,租金總額含網路費；,RPPNMLRLJHKGFCD97CC,分租套房,無,1140201~1150131,無,冷氣、熱水器、網路,一般轉租
東區,租賃房屋,臺南市東區東寧路１３４巷３５號,0.0,,,,1140127,土地0建物0車位0,全,5,透天厝,住家用,鋼筋混凝土造,0780830,18.18,45,1,45,有,無,有,7000,385,,0.0,0,租金總額含網路費；續租案件；,RPQNMLRLJHKGFCD08CC,分租套房,無,1140201~1150131,無,冷氣、熱水器、洗衣機、冰箱、網路,一般轉租
東區,租賃房屋,臺南市東區林森路二段９１巷３６號,0.0,,,,1140127,土地0建物0車位0,全,5,透天厝,住宅、停車空間,ＲＣ造,0931116,16.0,39,1,39,有,無,有,6500,406,,0.0,0,租金總額含網路費；,RPRNMLRLJHKGFCD18CC,分租套房,無,1140208~1140707,無,冷氣、熱水器、洗衣機、冰箱、網路,一般轉租
永康區,租賃房屋,臺南市永康區南台街１３巷４６號,0.0,,,,1140127,土地0建物0車位0,全,4,透天厝,住商用,鋼筋混凝土造,0780220,33.0,6,1,6,有,無,有,9500,288,,0.0,0,租金總額含網路費；,RPPNMLRLJHKGFKD78CC,分租套房,無,1140301~1150228,無,冷氣、熱水器、洗衣機、冰箱、網路,一般轉租
安平區,租賃房屋+車位,臺南市安平區國平北路１２５號１４樓-８,0.0,,,,1140125,土地0建物1車位1,十四層,18,住宅大樓(11層含以上有電梯),集合住宅,鋼筋混凝土構造,1100503,92.53,2,2,1,有,有,有,21000,227,升降機械,11.17,0,,RPWNMLNJKHKGFAD97CC,整棟(戶)出租,有,1140210~1150209,有,冷氣、熱水器、洗衣機、電視機、冰箱、瓦斯或天然氣,
東區,租賃房屋,臺南市東區崇德二十街７６號二樓,0.0,,,,1140123,土地0建物1車位0,二層,6,華廈(10層含以下有電梯),住家用,鋼筋混凝土造,0820719,101.35000000000001,2,2,2,有,有,有,12000,118,,0.0,0,台南市不動產租賃公會民間住宅包租代管第4期計畫之物件。,RPWNMLNJKHKGFCD18CC,整棟(戶)出租,有,1140124~1150123,有,冷氣、熱水器、洗衣機、電視機、冰箱、瓦斯或天然氣,社會住宅包租轉租
南區,租賃房屋,臺南市南區南功街８５巷１２號,0.0,,,,1140123,土地0建物1車位0,一層,8,華廈(10層含以下有電梯),住家用,鋼筋混凝土造,0860908,131.32,3,1,2,有,有,有,15700,120,,0.0,0,台南市不動產租賃公會民間住宅包租代管第4期計畫之物件。,RPXNMLNJKHKGFCD28CC,整棟(戶)出租,有,1140127~1150126,有,冷氣、熱水器、洗衣機、電視機、瓦斯或天然氣,社會住宅包租轉租
南區,租賃房屋,臺南市南區健康路二段４３７號,0.0,,,,1140127,土地0建物0車位0,全,4,透天厝,店舖、住宅,鋼筋混凝土造,0700715,25.0,10,0,10,有,無,有,10000,400,,0.0,0,,RPOOMLNJKHKGFCD47CC,分租套房,無,1140128~1150127,無,冷氣、熱水器、洗衣機、電視機、冰箱、網路,
南區,租賃房屋,臺南市南區中華南路二段２３１號五樓,0.0,,,,1140121,土地0建物1車位0,五層,5,公寓(5樓含以下無電梯),住家用,鋼筋混凝土造,0710520,169.88,4,2,2,有,無,有,10000,59,,0.0,0,台南市不動產租賃公會民間住宅包租代管第4期計畫之物件。,RPQOMLNJKHKGFCD67CC,整棟(戶)出租,無,1140121~1150120,無,熱水器、冰箱、瓦斯或天然氣,社會住宅包租轉租
東區,租賃房屋,臺南市東區東門路三段１３號七樓之２,0.0,,,,1140122,土地0建物1車位0,七層,23,住宅大樓(11層含以上有電梯),住家用,鋼筋混凝土造,0841115,106.4,2,2,2,有,有,有,16000,150,,0.0,0,參加公會版社會住宅包租代管計畫第四期，租金為市價9折租金總額含管理費；續租案件；,RPTOMLNJKHKGFCD97CC,整棟(戶)出租,有,1140122~1150121,有,冷氣、熱水器、洗衣機、電視機、冰箱,社會住宅代管
新營區,租賃房屋,臺南市新營區五間厝１８之２３號,0.0,,,,1140123,土地0建物1車位0,全,3,透天厝,住商用,鋼筋混凝土造,0840608,166.67,4,2,3,有,無,有,9000,54,,0.0,0,台南市不動產租賃公會民間住宅包租代管第4期計畫之物件。,RPPNMLNJKHKGFDD57CC,整棟(戶)出租,無,1140125~1150124,無,熱水器,社會住宅代管
善化區,租賃房屋,臺南市善化區小新里成功新村８４號六樓,0.0,,,,1140122,土地0建物1車位0,六層,8,華廈(10層含以下有電梯),住家用,鋼筋混凝土造,0830923,118.04,3,2,2,有,有,有,9109,77,,0.0,0,台南市不動產租賃公會民間住宅包租代管第4期計畫之物件。管理費891元由出租人負擔。,RPQNMLNJKHKGFHD08CC,整棟(戶)出租,有,1140122~1150121,有,冷氣、熱水器、洗衣機、電視機、冰箱、瓦斯或天然氣,社會住宅代管
山上區,租賃房屋,臺南市山上區南洲３２７號,0.0,,,,1140123,土地0建物1車位0,全,3,透天厝,住商用,鋼筋混凝土造,0680709,155.21,4,2,1,有,無,有,15000,97,,0.0,0,台南市不動產租賃公會民間住宅包租代管第4期計畫之物件。多人共同承租2；,RPRNMLNJKHKGFHD18CC,整棟(戶)出租,無,1140123~1150122,無,冷氣、熱水器,社會住宅代管
歸仁區,租賃房屋,臺南市歸仁區辜厝里大順二街１１號,0.0,,,,1140122,土地0建物1車位0,見其他登記事項,7,華廈(10層含以下有電梯),住商用,鋼筋混凝土造,0830302,170.71,3,1,2,有,有,無,12750,75,,0.0,0,台南市不動產租賃公會民間住宅包租代管第4期計畫之物件。管理費250元由出租人負擔。,RPPNMLNJKHKGFID08CC,整棟(戶)出租,有,1140129~1150128,有,冷氣、熱水器、電視機、瓦斯或天然氣,社會住宅代管
仁德區,租賃房屋,臺南市仁德區文心路８０號二樓之３,0.0,,,,1140121,土地0建物1車位0,二層,24,住宅大樓(11層含以上有電梯),集合住宅,鋼筋混凝土構造,1100315,82.77,2,1,1,有,有,有,16000,193,,0.0,0,台南市不動產租賃公會民間住宅包租代管第4期計畫之物件。,RPQNMLNJKHKGFID18CC,整棟(戶)出租,有,1140124~1150123,有,冷氣、熱水器、洗衣機、冰箱,社會住宅包租轉租
永康區,租賃房屋,臺南市永康區中華二路２６６巷３０號三樓之２,0.0,,,,1140122,土地0建物1車位0,三層,7,華廈(10層含以下有電梯),住家用,鋼筋混凝土造,0870602,28.060000000000002,1,0,1,有,有,有,10200,364,,0.0,0,台南市不動產租賃公會民間住宅包租代管第4期計畫之物件。,RPSNMLNJKHKGFKD58CC,獨立套房,有,1140129~1150128,有,冷氣、熱水器、洗衣機、冰箱,社會住宅代管
永康區,租賃房屋,臺南市永康區鹽州里鹽忠街１１８號３樓之１１,0.0,,,,1140121,土地0建物1車位0,三層,8,華廈(10層含以下有電梯),辦公室,鋼筋混凝土造,0950918,17.259999999999998,1,0,1,有,有,有,4300,249,,0.0,0,含增建或未登記建物；,RPTNMLNJKHKGFKD68CC,獨立套房,有,1140207~1140806,有,冷氣、熱水器、電視機、冰箱、網路,一般代管
永康區,租賃房屋,臺南市永康區鹽州里鹽忠街１１８號８樓之１６,0.0,,,,1140123,土地0建物1車位0,八層,8,華廈(10層含以下有電梯),辦公室,鋼筋混凝土造,0950918,18.39,1,0,1,有,有,有,4300,234,,0.0,0,含增建或未登記建物；,RPUNMLNJKHKGFKD78CC,獨立套房,有,1140123~1150122,有,冷氣、熱水器、電視機、冰箱、網路,一般代管
永康區,租賃房屋,臺南市永康區鹽行路６９巷７號,0.0,,,,1140122,土地0建物0車位0,全,4,透天厝,住宅，停車空間,鋼筋混凝土構造,1020821,21.49,11,0,11,有,無,有,6500,302,,0.0,0,租金總額含網路費；續租案件；,RPROMLNJKHKGFKD58CC,分租套房,無,1140222~1140621,無,冷氣、熱水器、洗衣機、電視機、冰箱、有線電視、網路,一般代管
中西區,租賃房屋,臺南市中西區金華路三段２１８號十六樓之１,0.0,,,,1140124,土地0建物1車位0,十六層,18,住宅大樓(11層含以上有電梯),住家用,鋼筋混凝土造,0840704,41.34,1,0,1,有,有,有,6300,152,,0.0,0,台南市不動產租賃公會民間住宅包租代管第4期計畫。管理費700元由出租人負擔。,RPPNMLOJKHKGFAD37CC,獨立套房,有,1140131~1150130,有,冷氣、熱水器、洗衣機、冰箱,社會住宅包租轉租
中西區,租賃房屋,臺南市中西區府連路１０６號六樓之２,0.0,,,,1140123,土地0建物1車位0,六層,7,華廈(10層含以下有電梯),住家用,鋼筋混凝土造,0811123,117.43,2,1,2,有,有,有,14000,119,,0.0,0,台南市社會住宅包租代管第三期計畫。,RPQNMLOJKHKGFAD47CC,整棟(戶)出租,有,1140225~1140803,有,冷氣、熱水器、電視機、冰箱、瓦斯或天然氣,社會住宅包租轉租
安平區,租賃房屋,臺南市安平區怡平路４４２巷１６號五樓之６,0.0,,,,1140124,土地0建物1車位0,五層,8,華廈(10層含以下有電梯),住家用,鋼筋混凝土造,0820804,151.81,3,1,2,有,有,有,14000,92,,0.0,0,台南市政府包租代管第4期計畫之物件。,RPRNMLOJKHKGFAD57CC,整棟(戶)出租,有,1140201~1150131,有,熱水器,社會住宅包租轉租
中西區,租賃房屋,臺南市中西區樹林街二段１５５號三樓之２,0.0,,,,1140121,土地0建物1車位0,三層,7,華廈(10層含以下有電梯),住家用,鋼筋混凝土造,0821125,45.85,2,1,1,有,有,有,12000,262,,0.0,0,台南市政府包租代管第4期計畫之物件。,RPSNMLOJKHKGFAD67CC,整棟(戶)出租,有,1140124~1150123,有,冷氣、熱水器、洗衣機、電視機、冰箱,社會住宅代管
中西區,租賃房屋,臺南市中西區樹林街二段１７５巷９號四樓,0.0,,,,1140121,土地0建物1車位0,四層,5,公寓(5樓含以下無電梯),住家用,鋼筋混凝土造,0750710,113.55000000000001,3,2,2,有,無,有,14000,123,,0.0,0,台南市政府包租代管第4期計畫之物件。,RPTNMLOJKHKGFAD77CC,整棟(戶)出租,無,1140121~1150120,無,冷氣、熱水器、瓦斯或天然氣,社會住宅代管
北區,租賃房屋,臺南市北區開元路５２３號十六樓之６,0.0,,,,1140122,土地0建物1車位0,十六層,24,住宅大樓(11層含以上有電梯),集合住宅,鋼筋混凝土構造,1041105,127.03999999999999,3,1,2,有,有,無,15000,118,,0.0,0,台南市社會住宅包租代管第四期計畫。管理費2000元由出租人負擔。,RPUNMLOJKHKGFAD87CC,整棟(戶)出租,有,1140201~1150131,有,冷氣、熱水器、瓦斯或天然氣,社會住宅包租轉租
中西區,租賃房屋,臺南市中西區金華路三段２１８號十三樓之１,0.0,,,,1140122,土地0建物1車位0,十三層,18,住宅大樓(11層含以上有電梯),住家用,鋼筋混凝土造,0840704,41.34,1,0,1,有,有,有,8000,194,,0.0,0,台南市社會住宅包租代管第四期計畫。,RPVNMLOJKHKGFAD97CC,獨立套房,有,1140125~1150124,有,冷氣、熱水器、洗衣機、電視機、冰箱,社會住宅包租轉租
北區,租賃房屋,臺南市北區開元路５１７號五樓之５,0.0,,,,1140122,土地0建物1車位0,五層,24,住宅大樓(11層含以上有電梯),集合住宅,鋼筋混凝土構造,1041105,83.19,2,1,1,有,有,有,16858,203,,0.0,0,台南市社會住宅包租代管第四期計畫。管理費1142元由出租人負擔。,RPWNMLOJKHKGFAD08CC,整棟(戶)出租,有,1140201~1150131,有,冷氣、熱水器、洗衣機、電視機、冰箱、瓦斯或天然氣,社會住宅包租轉租
北區,租賃房屋,臺南市北區大港街１４４之３號,0.0,,,,1140123,土地0建物1車位0,全,4,透天厝,住商用,鋼筋混凝土造,0840427,164.44,5,2,5,有,無,無,32000,195,,0.0,0,114/1/24-114/3/4為裝修期不包含過年期間不收租金,RPQOMLOJKHKGFAD57CC,整棟(戶)出租,無,1140305~1190304,無,熱水器,
安南區,租賃房屋,臺南市安南區安中路一段６９９巷２６之２號,0.0,,,,1140122,土地0建物1車位0,三層,4,公寓(5樓含以下無電梯),集合住宅,鋼筋混凝土造,0700907,102.33,3,1,1,有,無,有,10000,98,,0.0,0,台南市不動產租賃公會民間住宅包租代管第三期計畫。,RPPNMLOJKHKGFBD47CC,整棟(戶)出租,無,1140221~1150220,無,冷氣、熱水器、冰箱、瓦斯或天然氣,社會住宅代管
安南區,租賃房屋,臺南市安南區郡安路六段５３號,0.0,,,,1140122,土地0建物1車位0,全,3,透天厝,住家用,加強磚造,0681227,111.78,5,2,3,有,無,無,19000,170,,0.0,0,含增建或未登記建物；,RPQNMLOJKHKGFBD57CC,分層出租,無,1140301~1170228,無,熱水器,
東區,租賃房屋,臺南市東區中華東路二段２４３巷６８號,0.0,,,,1140121,土地0建物0車位0,全,3,透天厝,住家用,鋼筋混凝土造,0690730,33.06,6,1,6,有,無,有,12000,363,,0.0,0,,RPPNMLOJKHKGFCD57CC,分租套房,無,1140201~1150130,無,冷氣、電視機,
南區,租賃房屋,臺南市南區新興路２６１號六樓之３,0.0,,,,1140122,土地0建物1車位0,六層,7,華廈(10層含以下有電梯),住家用,鋼筋混凝土造,0730817,66.94,3,1,1,有,有,無,12000,179,,0.0,0,台南市社會住宅包租代管第四期計畫。,RPRNMLOJKHKGFCD77CC,整棟(戶)出租,有,1140215~1150214,有,熱水器,社會住宅代管
東區,租賃房屋,臺南市東區勝利路１９巷９號,0.0,,,,1140123,土地0建物1車位0,全,2,透天厝,住家用,磚造,0490101,81.19,3,1,1,有,無,無,12000,148,,0.0,0,台南市社會住宅包租代管第四期計畫。,RPSNMLOJKHKGFCD87CC,整棟(戶)出租,無,1140125~1150124,無,熱水器、瓦斯或天然氣,社會住宅包租轉租
東區,租賃房屋,臺南市東區崇善十二街６巷１５弄１３號,0.0,,,,1140124,土地0建物0車位0,全,3,透天厝,住家用,鋼筋混凝土造,0720826,15.94,7,0,7,有,無,有,6200,389,,0.0,0,,RPTNMLOJKHKGFCD97CC,分租套房,無,1140131~1150131,無,冷氣、熱水器、電視機、冰箱,一般代管
新營區,租賃房屋,臺南市新營區大宏里民族路１０之１５號,0.0,,,,1140122,土地0建物1車位0,全,2,透天厝,住家用,加強磚造,0690909,82.38,3,2,2,有,無,有,6500,79,,0.0,0,台南市社會住宅包租代管第四期計畫。,RPPNMLOJKHKGFDD67CC,整棟(戶)出租,無,1140125~1150124,無,熱水器、洗衣機、冰箱,社會住宅代管
新市區,租賃房屋,臺南市新市區民族路１６巷３號,0.0,,,,1140123,土地0建物1車位0,全,1,透天厝,住家用,磚造,0660109,42.84,2,2,1,有,無,有,10000,233,,0.0,0,台南市社會住宅包租代管第三期計畫。,RPPNMLOJKHKGFHD08CC,整棟(戶)出租,無,1140221~1150220,無,冷氣、熱水器、冰箱、瓦斯或天然氣,社會住宅代管
新市區,租賃房屋,臺南市新市區富林路１０８號三樓之２,0.0,,,,1140121,土地0建物1車位0,三層,7,華廈(10層含以下有電梯),集合住宅,鋼筋混凝土造,1060505,89.57,2,2,2,有,有,有,16500,184,,0.0,0,多人共同承租2；,RPRNMLOJKHKGFHD28CC,整棟(戶)出租,有,1140201~1150131,有,冷氣、熱水器、洗衣機、電視機、冰箱、有線電視、網路,一般代管
歸仁區,租賃房屋,臺南市歸仁區中正北路二段３９４巷１７號五樓之３,0.0,,,,1140124,土地0建物1車位0,五層,6,華廈(10層含以下有電梯),集合住宅,鋼筋混凝土造,1130401,94.49000000000001,2,1,2,有,無,無,14000,148,,0.0,0,台南市不動產租賃公會民間住宅包租代管第4期計畫。,RPPNMLOJKHKGFID18CC,整棟(戶)出租,無,1140125~1150124,有,冷氣、熱水器,社會住宅包租轉租
歸仁區,租賃房屋,臺南市歸仁區歸仁七路２２６號十二樓之７,0.0,,,,1140125,土地0建物1車位0,十二層,15,住宅大樓(11層含以上有電梯),集合住宅,鋼筋混凝土造,1121208,120.87,3,1,2,有,有,有,22500,186,,0.0,0,台南市不動產租賃公會民間住宅包租代管第4期計畫。,RPQNMLOJKHKGFID28CC,整棟(戶)出租,有,1140125~1150124,有,冷氣、熱水器、洗衣機、電視機、冰箱、瓦斯或天然氣,社會住宅代管
永康區,租賃房屋,臺南市永康區崑山里國光二街７０巷５３號,0.0,,,,1140123,土地0建物1車位0,全,3,透天厝,住家用,鋼筋混凝土造,0800306,172.45,4,2,3,有,無,有,20000,116,,0.0,0,台南市不動產租賃公會民間住宅包租代管第4期計畫。,RPQNMLOJKHKGFKD48CC,整棟(戶)出租,無,1140125~1150124,無,冷氣、熱水器、瓦斯或天然氣,社會住宅代管
永康區,租賃房屋,臺南市永康區中山北路１８巷７號,0.0,,,,1140124,土地0建物1車位0,全,1,透天厝,住家用,磚造,0621001,97.21,2,1,1,有,無,有,6000,62,,0.0,0,台南市不動產租賃公會民間住宅包租代管第4期計畫。,RPRNMLOJKHKGFKD58CC,整棟(戶)出租,無,1140125~1150124,無,冷氣、熱水器,社會住宅代管
永康區,租賃房屋,臺南市永康區新民街１６巷１８號,0.0,,,,1140121,土地0建物0車位0,全,4,透天厝,住家用,鋼筋混凝土造,0971030,14.94,2,0,2,有,無,有,4500,301,,0.0,0,,RPSNMLOJKHKGFKD68CC,分租套房,無,1140121~1140731,無,冷氣、熱水器、電視機、冰箱、有線電視、網路,一般代管
永康區,租賃房屋,臺南市永康區新民街４７巷１６號六樓之８,0.0,,,,1140123,土地0建物1車位0,六層,9,華廈(10層含以下有電梯),住家用,鋼筋混凝土造,0821230,48.95,1,0,1,有,有,有,8400,172,,0.0,0,台南市政府包租代管第4期計畫之物件。管理費600元由出租人負擔。,RPVNMLOJKHKGFKD98CC,獨立套房,有,1140201~1150131,有,冷氣、熱水器、洗衣機、電視機、冰箱,社會住宅包租轉租
永康區,租賃房屋+車位,臺南市永康區東橋七路３６７號１４樓之３,14.87,住,,,1140130,土地1建物1車位1,十四層,18,住宅大樓(11層含以上有電梯),住家用,鋼筋混凝土構造,1071214,97.21000000000001,2,2,1,有,有,有,24000,247,坡道平面,19.23,0,多人共同承租1；,RPWNMLOJKHKGFKD09CC,整棟(戶)出租,有,1140215~1150214,有,冷氣、熱水器、洗衣機、電視機、冰箱、瓦斯或天然氣,
永康區,租賃房屋,臺南市永康區仁愛街１０８巷５１號,0.0,,,,1140124,土地0建物0車位0,全,4,透天厝,住家用,鋼筋混凝土構造,1020925,18.06,4,0,4,有,無,有,6500,360,,0.0,0,多人共同承租2；,RPXNMLOJKHKGFKD56CC,分租套房,無,1140125~1150131,無,冷氣、熱水器、洗衣機、電視機、冰箱、有線電視、網路,一般代管
永康區,租賃房屋,臺南市永康區南工街３１１巷４３弄１號,0.0,,,,1140123,土地0建物0車位0,全,3,透天厝,住家用,鋼筋混凝土造,0740417,20.0,7,0,7,有,無,無,6500,325,,0.0,0,租金總額含水費；網路費；,RPOOMLOJKHKGFKD38CC,分租套房,無,1140201~1150131,無,冷氣、熱水器、洗衣機、電視機、冰箱、網路,一般代管
中西區,租賃房屋,臺南市中西區永華路一段１９６巷１８號,0.0,,,,1140127,土地0建物0車位0,全,2,透天厝,住家用,加強磚造,0610422,20.13,7,3,7,有,無,有,7000,348,,0.0,0,租金總額含水費；網路費；,RPPNMLPJKHKGFAD47CC,分租套房,無,1140127~1150201,無,冷氣、熱水器、洗衣機、電視機、冰箱、網路,一般代管
北區,租賃房屋,臺南市北區大武街５９５號,0.0,,,,1140123,土地0建物0車位0,全,2,透天厝,住商用,鋼筋混凝土造,0690730,19.83,2,1,3,有,無,有,10000,504,,0.0,0,多人共同承租2；租金總額含網路費；,RPRNMLPJKHKGFAD67CC,分租套房,無,1140125~1150124,無,冷氣、熱水器、洗衣機、電視機、冰箱、網路,一般代管
北區,租賃房屋+車位,臺南市北區北園街８巷２８號十四樓之７,0.0,,,,1140121,土地0建物1車位1,十四層,19,住宅大樓(11層含以上有電梯),集合住宅,鋼筋混凝土造,0961227,101.9,2,1,1,有,有,有,20000,196,坡道機械,16.66,0,多人共同承租2；租金總額含管理費；,RPSNMLPJKHKGFAD77CC,整棟(戶)出租,有,1140215~1150214,有,冷氣、熱水器、洗衣機、電視機、冰箱、瓦斯或天然氣,一般代管
中西區,租賃房屋,臺南市中西區金華路三段２１８號十六樓之１３,0.0,,,,1140124,土地0建物1車位0,十六層,18,住宅大樓(11層含以上有電梯),住家用,鋼筋混凝土造,0840704,46.86,1,0,1,有,有,有,11000,235,,0.0,0,參加公會版住宅包租代管四期計畫，租金為市價9折續租案件；,RPTNMLPJKHKGFAD87CC,獨立套房,有,1140201~1150131,有,冷氣、熱水器、洗衣機、電視機、冰箱,社會住宅代管
中西區,租賃房屋,臺南市中西區衛民街６２號七樓之７,0.0,,,,1140121,土地0建物1車位0,七層,9,華廈(10層含以下有電梯),集合住宅,ＲＣ造,0950713,39.63,1,0,1,有,有,有,12800,323,,0.0,0,台南市社會住宅包租代管公會版增辦第4期，租金市價9折租金總額含管理費；,RPWNMLPJKHKGFAD18CC,獨立套房,有,1140121~1150120,有,冷氣、熱水器、洗衣機、電視機、冰箱,社會住宅代管
中西區,租賃房屋,臺南市中西區永福路一段６８巷１２號五樓之３,0.0,,,,1140124,土地0建物1車位0,五層,6,華廈(10層含以下有電梯),住家用,鋼筋混凝土造,0840401,107.61,3,2,2,有,有,無,20000,186,,0.0,0,台南市社會住宅包租代管第四期計畫。管理費1000元由出租人負擔。,RPXNMLPJKHKGFAD28CC,整棟(戶)出租,無,1140201~1150131,有,冷氣、熱水器、洗衣機、冰箱、瓦斯或天然氣,社會住宅代管
北區,租賃房屋,臺南市北區長北街２１２號五樓之５,0.0,,,,1140124,土地0建物1車位0,五層,5,公寓(5樓含以下無電梯),住家用,鋼筋混凝土造,0690312,58.18,3,1,1,有,有,有,10000,172,,0.0,0,台南市社會住宅包租代管第四期計畫。,RPOOMLPJKHKGFAD47CC,整棟(戶)出租,無,1140126~1150125,無,冷氣、熱水器、洗衣機、冰箱、瓦斯或天然氣,社會住宅包租轉租
安平區,租賃房屋+車位,臺南市安平區國平北路１８６號二十九樓之３,0.0,,,,1140121,土地0建物1車位1,二十九層,29,住宅大樓(11層含以上有電梯),集合住宅,鋼筋混凝土造,1121017,152.98000000000002,3,2,2,有,有,有,30000,196,坡道平面,30.55,0,,RPROMLPJKHKGFAD77CC,整棟(戶)出租,有,1140210~1150209,有,冷氣、熱水器、洗衣機、電視機、冰箱、瓦斯或天然氣,
安南區,租賃房屋,臺南市安南區仁安八街３８號,0.0,,,,1140123,土地0建物1車位0,全,4,透天厝,住商用,鋼筋混凝土造,0831020,224.12,7,2,4,有,無,有,22000,98,,0.0,0,參加公會版住宅包租代管四期計畫，租金為市價9折續租案件；,RPQNMLPJKHKGFBD67CC,整棟(戶)出租,無,1140201~1150131,無,冷氣、熱水器、洗衣機、電視機,社會住宅代管
安南區,租賃房屋,臺南市安南區安生街１７１巷３號,0.0,,,,1140121,土地0建物1車位0,全,4,透天厝,停車空間、住宅,鋼筋混凝土造,1100903,227.83,6,2,6,有,無,有,32000,140,,0.0,0,,RPRNMLPJKHKGFBD77CC,整棟(戶)出租,無,1140201~1150131,無,冷氣、熱水器、冰箱、瓦斯或天然氣,一般代管
南區,租賃房屋,臺南市南區中華西路一段３１８號,0.0,,,,1140122,土地0建物0車位0,全,5,透天厝,店舖　　住宅　　停車空間辦公室,鋼筋混凝土造,0860306,42.98,13,1,14,有,無,有,11000,256,,0.0,0,1.契約書未約定土地租賃標的。2.由所有權人提供租屋資訊。3.垃圾清潔費每月200元。4.租賃建物部分範圍。租金總額含水費；網路費；其他第四台；,RPTNMLPJKHKGFCD08CC,分租套房,無,1140201~1150131,有,冷氣、熱水器、洗衣機、電視機、冰箱、有線電視、網路,
東區,租賃房屋,臺南市東區中華東路三段２４巷８號三樓,0.0,,,,1140124,土地0建物1車位0,三層,5,公寓(5樓含以下無電梯),住家用,鋼筋混凝土造,0701222,65.59,2,1,1,有,有,有,9000,137,,0.0,0,台南市不動產租賃公會民間住宅包租代管第三期計畫。,RPUNMLPJKHKGFCD18CC,整棟(戶)出租,有,1140211~1150210,無,冷氣、熱水器、電視機、冰箱、瓦斯或天然氣,社會住宅代管
東區,租賃房屋,臺南市東區崇元一街１０號十四樓之８,0.0,,,,1140121,土地0建物1車位0,十四層,14,住宅大樓(11層含以上有電梯),集合住宅,鋼筋混凝土構造、鋼骨造,1120329,84.2,2,1,1,有,有,有,19000,226,,0.0,0,台南市社會住宅包租代管公會版第4期，租金市價9折多人共同承租2；未租賃車位，建物登記含有車位面積；,RPWNMLPJKHKGFCD38CC,整棟(戶)出租,有,1140201~1150131,有,冷氣、熱水器、洗衣機、冰箱,社會住宅代管
南區,租賃房屋,臺南市南區萬年七街２８號三樓之２,0.0,,,,1140121,土地0建物1車位0,三層,15,住宅大樓(11層含以上有電梯),集合住宅,鋼筋混凝土造,1130205,80.17,2,1,1,有,有,有,21000,262,,0.0,0,台南市社會住宅包租代管公會版增辦第4期，租金市價9折租金總額含管理費；,RPXNMLPJKHKGFCD48CC,整棟(戶)出租,有,1140203~1150202,有,冷氣、熱水器、洗衣機、電視機、冰箱,社會住宅代管
東區,租賃房屋,臺南市東區崇明十九街２８號,0.0,,,,1140122,土地0建物0車位0,全,4,透天厝,住商用,鋼筋混凝土造,0790115,24.2,9,2,9,有,無,有,9500,393,,0.0,0,租金總額含水費；網路費；,RPQOMLPJKHKGFCD87CC,分租套房,無,1140122~1150124,無,冷氣、熱水器、洗衣機、電視機、冰箱、網路,一般代管
東區,租賃房屋,臺南市東區崇德三十街２９號,0.0,,,,1140123,土地0建物1車位0,全,2,透天厝,住家用,加強磚造,0680115,96.6,3,2,4,有,無,有,26000,269,,0.0,0,,RPROMLPJKHKGFCD97CC,整棟(戶)出租,無,1140125~1150124,無,冷氣、熱水器、瓦斯或天然氣,一般代管
新市區,租賃房屋+車位,臺南市新市區南港街９９-２號,0.0,,,,1140122,土地0建物1車位1,一層,8,華廈(10層含以下有電梯),住家用,鋼筋混凝土造,0840615,81.34,2,2,1,有,有,有,15600,192,升降機械,0.0,0,,RPUNMLPJKHKGFHD68CC,整棟(戶)出租,有,1140210~1150209,有,冷氣、熱水器、電視機、冰箱,
仁德區,租賃房屋,臺南市仁德區二仁路一段１０６號,0.0,,,,1140121,土地0建物0車位0,全,2,透天厝,住商用,加強磚造,0660819,13.27,11,0,11,有,無,有,3300,249,,0.0,0,租金總額含網路費；,RPPNMLPJKHKGFID28CC,分租套房,無,1140122~1150121,無,冷氣、熱水器、冰箱,一般轉租
永康區,租賃房屋,臺南市永康區大灣路７６４巷５６號５樓之１８,0.0,,,,1140127,土地0建物1車位0,五層,6,華廈(10層含以下有電梯),辦公室,鋼筋混凝土造,0940708,17.6,1,0,1,有,有,有,4300,244,,0.0,0,含增建或未登記建物；續租案件；,RPQNMLPJKHKGFKD58CC,獨立套房,有,1140315~1140914,有,冷氣、熱水器、電視機、冰箱、網路,一般代管
永康區,租賃房屋,臺南市永康區三合里南工街２６７巷４６號六樓之６,0.0,,,,1140124,土地0建物1車位0,六層,11,住宅大樓(11層含以上有電梯),住家用,鋼筋混凝土造,0860926,73.02000000000001,3,1,2,有,有,有,12160,167,,0.0,0,台南市社會住宅包租代管第四期計畫。管理費840元由出租人負擔。,RPTNMLPJKHKGFKD88CC,整棟(戶)出租,有,1140131~1150130,有,熱水器,社會住宅包租轉租
永康區,租賃房屋,臺南市永康區中華西街２１巷１７號六樓之１,0.0,,,,1140124,土地0建物1車位0,六層,6,華廈(10層含以下有電梯),住家用,鋼筋混凝土造,0820524,83.03,3,2,2,有,有,有,16000,193,,0.0,0,台南市社會住宅包租代管第四期計畫。,RPVNMLPJKHKGFKD09CC,整棟(戶)出租,有,1140125~1150124,有,冷氣、熱水器、洗衣機、冰箱、瓦斯或天然氣,社會住宅包租轉租
永康區,租賃房屋,臺南市永康區永榮路５５號八樓之３,0.0,,,,1140123,土地0建物1車位0,見其他登記事項,13,住宅大樓(11層含以上有電梯),集合住宅,鋼筋混凝土造,1130910,93.73,2,1,1,有,有,無,20000,213,,0.0,0,1.契約書未約定土地租賃標的。2.由所有權人提供出租資訊。,RPXNMLPJKHKGFKD66CC,整棟(戶)出租,有,1140205~1150704,有,冷氣、熱水器、瓦斯或天然氣,
永康區,租賃房屋,臺南市永康區永平街５６巷２號十八樓之８,0.0,,,,1140124,土地0建物1車位0,十八層,18,住宅大樓(11層含以上有電梯),住家用,鋼筋混凝土造,0890504,138.86,3,2,2,有,有,有,23000,166,,0.0,0,台南市不動產租賃公會民間住宅包租代管第4期計畫之物件。,RPPOMLPJKHKGFKD58CC,整棟(戶)出租,有,1140125~1150124,有,熱水器、洗衣機、瓦斯或天然氣,社會住宅代管
中西區,租賃房屋,臺南市中西區海安路二段２９６巷１９號,0.0,,,,1140125,土地0建物1車位0,見其他登記事項,2,店面(店鋪),住家用,加強磚造,0630817,165.11,4,2,6,有,無,無,25000,151,,0.0,0,含有多個門牌且未個別計算租金台南市中西區海安路二段296巷19號+台南市中西區海安路二段296巷21號；,RPQNMLQJKHKGFAD67CC,,無,1140301~1190228,無,,
北區,租賃房屋,臺南市北區北園街２６號１１樓之３,0.0,,,,1140121,土地0建物1車位0,十一層,14,住宅大樓(11層含以上有電梯),集合住宅,鋼筋混凝土造,0870420,106.16,3,2,2,有,有,有,14500,137,,0.0,0,參加臺南市社會住宅包租代管第4期計畫租金為市價9折,RPRNMLQJKHKGFAD77CC,整棟(戶)出租,有,1140131~1150130,有,冷氣、熱水器、洗衣機、冰箱、瓦斯或天然氣,社會住宅代管
中西區,租賃房屋,臺南市中西區海安路二段４０１號九樓之２,0.0,,,,1140121,土地0建物1車位0,九層,12,住宅大樓(11層含以上有電梯),住家用,鋼筋混凝土造,0850725,35.99,1,0,1,有,有,有,6800,189,,0.0,0,參加臺南市社會住宅包租代管第4期計畫租金為市價9折,RPSNMLQJKHKGFAD87CC,獨立套房,有,1140121~1150120,有,冷氣、熱水器、洗衣機、電視機、冰箱,社會住宅代管
安平區,租賃房屋,臺南市安平區永華路二段８１９號１２樓之９,0.0,,,,1140124,土地0建物1車位0,十二層,24,住宅大樓(11層含以上有電梯),住家用,鋼筋混凝土造,0840530,117.4,3,2,2,有,有,有,20000,170,,0.0,0,參加臺南市社會住宅包租代管第4期計畫租金為市價9折租金總額含管理費；續租案件；,RPUNMLQJKHKGFAD08CC,整棟(戶)出租,有,1140210~1150209,有,冷氣、熱水器、洗衣機、電視機、冰箱、瓦斯或天然氣,社會住宅代管
北區,租賃房屋,臺南市北區開元路７３巷４１弄２號,0.0,,,,1140123,土地0建物1車位0,全,2,透天厝,住家用,加強磚造,0590506,70.95,3,1,1,有,無,無,14000,197,,0.0,0,1.契約書未約定土地租賃標的。   2.由出租人/所有權人提供租屋資訊。3.租賃面積含增建部分-位於3F，面積18平方公尺。含增建或未登記建物；,RPWNMLQJKHKGFAD28CC,整棟(戶)出租,無,1140201~1170131,無,冷氣、熱水器、瓦斯或天然氣,
北區,租賃房屋,臺南市北區長榮路五段４１巷７０號,0.0,,,,1140124,土地0建物1車位0,一層,14,住宅大樓(11層含以上有電梯),集合住宅,鋼筋混凝土造,0920916,148.93,3,2,2,有,有,有,10000,67,,0.0,0,參加公會版社會住宅包租代管計畫增辦第四期，租金為市價9折租金總額含管理費；,RPXNMLQJKHKGFAD38CC,整棟(戶)出租,有,1140201~1150131,有,冷氣、熱水器、洗衣機、電視機、冰箱,社會住宅代管
安南區,租賃房屋,臺南市安南區安吉路一段１２１號,0.0,,,,1140125,土地0建物1車位0,全,4,透天厝,住商用,鋼筋混凝土造,0950105,55.41,4,3,3,有,無,有,13000,235,,0.0,0,,RPQNMLQJKHKGFBD77CC,分層出租,無,1140210~1160209,無,冷氣、熱水器、洗衣機,
安南區,租賃房屋,臺南市安南區育安二街１３５巷１２弄５號,0.0,,,,1140124,土地0建物1車位0,全,4,透天厝,住家用,鋼筋混凝土造,0840516,171.47,4,2,3,有,無,有,16000,93,,0.0,0,參加臺南市社會住宅包租代管第4期計畫租金為市價9折續租案件；,RPRNMLQJKHKGFBD87CC,整棟(戶)出租,無,1140201~1150131,無,熱水器,社會住宅代管
安南區,租賃房屋,臺南市安南區公學路六段７２１巷９５號四樓之２,0.0,,,,1140125,土地0建物1車位0,四層,5,華廈(10層含以下有電梯),集合住宅,鋼筋混凝土造,1110608,114.64,2,1,2,有,有,有,16000,140,,0.0,0,參加公會版社會住宅包租代管計畫增辦第四期，租金為市價9折未租賃車位，建物登記含有車位面積；,RPTNMLQJKHKGFBD08CC,整棟(戶)出租,有,1140201~1150131,有,冷氣、熱水器、洗衣機、冰箱,社會住宅代管
東區,租賃房屋,臺南市東區德東街４００號,0.0,,,,1140126,土地0建物1車位0,一層,15,住宅大樓(11層含以上有電梯),店舖,鋼筋混凝土造,1130108,87.5,0,1,1,有,有,無,25000,286,,0.0,0,設備含排油煙機1台 / 流理台*1 / 瓦斯爐*1 / 管理費2000元由出租方負擔租金總額含稅；,RPPNMLQJKHKGFCD77CC,,有,1140201~1170131,有,,
南區,租賃房屋,臺南市南區惠南街１０９巷２０號二樓之７,0.0,,,,1140125,土地0建物1車位0,二層,6,華廈(10層含以下有電梯),住家用,鋼筋混凝土造,0790412,23.26,1,0,1,有,有,有,6000,258,,0.0,0,參加公會版社會住宅包租代管計畫增辦第四期，租金為市價9折,RPUNMLQJKHKGFCD28CC,獨立套房,有,1140202~1150201,有,冷氣、熱水器、洗衣機、冰箱,社會住宅代管
麻豆區,租賃房屋,臺南市麻豆區麻佳路一段４５０號,0.0,,,,1140123,土地0建物1車位0,全,3,透天厝,防空避難室、廠房、辦公室、員工宿舍,鋼筋混凝土造,0770808,401.45,7,1,3,有,無,無,20000,50,,0.0,0,,RPQNMLQJKHKGFFD18CC,整棟(戶)出租,無,1140401~1190331,無,熱水器,
安定區,租賃房屋,臺南市安定區蘇厝８之２２號,0.0,,,,1140122,土地0建物1車位0,全,1,透天厝,店舖，門廊，電子遊戲場,鋼造,0950118,166.91,3,1,1,有,無,有,20000,120,,0.0,0,,RPQNMLQJKHKGFHD38CC,整棟(戶)出租,無,1140122~1140721,無,冷氣、熱水器、冰箱、瓦斯或天然氣,
新市區,租賃房屋,臺南市新市區富林路５９１號十一樓之１,0.0,,,,1140125,土地0建物1車位0,十一層,14,住宅大樓(11層含以上有電梯),集合住宅,鋼筋混凝土造,1120823,134.8,3,1,2,有,有,有,18000,134,,0.0,0,台南市社會住宅包租代管公會版增辦第4期，租金市價9折未租賃車位，建物登記含有車位面積；,RPRNMLQJKHKGFHD48CC,整棟(戶)出租,有,1140201~1150131,有,冷氣、熱水器、洗衣機、電視機、冰箱,社會住宅代管
新市區,租賃房屋,臺南市新市區豐榮１８９-７號,0.0,,,,1140126,土地0建物1車位0,見其他登記事項,1,工廠,工場（廠）,鋼骨構造有牆,1120518,160.43,0,0,0,無,無,無,35000,,,0.0,0,,RPTNMLQJKHKGFHD68CC,,無,1140301~1170229,無,,
仁德區,租賃房屋,臺南市仁德區中正西路４００號三樓之５,0.0,,,,1140124,土地0建物1車位0,三層,4,華廈(10層含以下有電梯),辦公室,鋼筋混凝土造,0960920,13.629999999999999,1,0,1,有,有,有,2500,183,,0.0,0,含增建或未登記建物；續租案件；,RPPNMLQJKHKGFID38CC,獨立套房,有,1140201~1140731,有,冷氣、熱水器、電視機、冰箱、網路,一般代管
永康區,租賃房屋,臺南市永康區鹽州里鹽忠街１１８號８樓之１０,0.0,,,,1140124,土地0建物1車位0,八層,8,華廈(10層含以下有電梯),辦公室,鋼筋混凝土造,0950918,17.259999999999998,1,0,1,有,有,有,4300,249,,0.0,0,含增建或未登記建物；續租案件；,RPRNMLQJKHKGFKD78CC,獨立套房,有,1140214~1140813,有,冷氣、熱水器、電視機、冰箱、網路,一般代管
永康區,租賃房屋,臺南市永康區忠義街６０巷３號十五樓之３,0.0,,,,1140127,土地0建物1車位0,十五層,15,住宅大樓(11層含以上有電梯),辦公室。,鋼筋混凝土造,0840331,43.58,1,0,1,有,有,有,8800,202,,0.0,0,管理費700元。社會住宅包租代管增辦第4期計畫公會版,RPSNMLQJKHKGFKD88CC,獨立套房,有,1140127~1150126,有,冷氣、熱水器、洗衣機、電視機,社會住宅代管
永康區,租賃房屋+車位,臺南市永康區中華路５７８巷１５之１９號,0.0,,,,1140123,土地0建物1車位1,五層,17,住宅大樓(11層含以上有電梯),住家用,鋼筋混凝土造,0810723,133.19,3,2,2,有,有,有,17000,128,坡道機械,0.0,0,1.契約書未約定土地租賃標的。2.由所有權人提供租屋資訊。多人共同承租2；,RPVNMLQJKHKGFKD56CC,整棟(戶)出租,有,1140205~1150204,有,冷氣、熱水器、洗衣機、電視機、冰箱、瓦斯或天然氣,
永康區,租賃房屋,臺南市永康區中正六街１７７號六樓之３,0.0,,,,1140124,土地0建物1車位0,六層,8,華廈(10層含以下有電梯),住家用,鋼筋混凝土造,0831224,31.1,1,0,1,有,有,有,6500,209,,0.0,0,台南市社會住宅包租代管公會版增辦第4期，租金市價9折,RPWNMLQJKHKGFKD66CC,獨立套房,有,1140201~1150131,有,冷氣、熱水器、洗衣機、電視機、冰箱,社會住宅代管
永康區,租賃房屋+車位,臺南市永康區永大一路１０８巷２３號六樓之４,0.0,,,,1140122,土地0建物1車位1,六層,10,華廈(10層含以下有電梯),住家用,鋼筋混凝土造,0840426,123.63,3,2,2,有,有,有,20000,162,升降機械,0.0,0,租金總額含管理費；,RPXNMLQJKHKGFKD76CC,整棟(戶)出租,有,1140201~1150131,有,冷氣、熱水器、洗衣機、電視機、冰箱,
中西區,租賃房屋+車位,臺南市中西區和緯路五段８３號十六樓,0.0,,,,1140123,土地0建物1車位2,十六層,24,住宅大樓(11層含以上有電梯),集合住宅,鋼骨鋼筋混凝土構造,1060628,452.96000000000004,3,2,3,有,有,有,68000,150,坡道平面,54.68,0,1.契約書未約定土地租賃標的。2.由所有權人提供租屋資訊。3.平面車位清潔費每月350元。,RPQNMLRJKHKGFAD77CC,整棟(戶)出租,有,1140301~1150228,有,冷氣、熱水器、瓦斯或天然氣,
安南區,租賃房屋,臺南市安南區惠安街１０５號,87.1,住,,,1140127,土地1建物1車位0,全,2,透天厝,住家用,加強磚造,0691129,90.4,4,2,3,有,無,無,20000,221,,0.0,0,,RPQNMLRJKHKGFBD87CC,整棟(戶)出租,無,1140210~1150209,無,熱水器,
永康區,租賃房屋,臺南市永康區安康里大橋一街５７之５號十四樓之２７,0.0,,,,1140124,土地0建物1車位0,十四層,14,住宅大樓(11層含以上有電梯),住家用,鋼筋混凝土造,0880824,30.32,1,0,1,有,有,有,7500,247,,0.0,0,台南市社會住宅包租代管第四期計畫。管理費500元由出租人負擔。,RPRNMLRJKHKGFKD88CC,獨立套房,有,1140201~1150131,有,冷氣、熱水器、洗衣機、電視機、冰箱,社會住宅包租轉租
永康區,租賃房屋,臺南市永康區仁愛街１０８巷７１弄１２號,0.0,,,,1140121,土地0建物0車位0,全,4,透天厝,住家用,鋼筋混凝土構造,1020925,23.14,10,0,10,有,無,有,7100,307,,0.0,0,租金總額含網路費；,RPPOMLRJKHKGFKD78CC,分租套房,無,1140309~1150308,無,冷氣、熱水器、洗衣機、電視機、冰箱、有線電視、網路,一般代管
永康區,租賃房屋,臺南市永康區仁愛街１０８巷７１弄１０號,0.0,,,,1140121,土地0建物0車位0,全,4,透天厝,住家用,鋼筋混凝土構造,1020925,23.1,10,0,10,有,無,有,6800,294,,0.0,0,租金總額含網路費；,RPQOMLRJKHKGFKD88CC,分租套房,無,1140220~1150219,無,冷氣、熱水器、洗衣機、電視機、冰箱、有線電視、網路,一般代管
北區,租賃房屋,臺南市北區文賢路３１３巷３４弄３１號,0.0,,,,1140125,土地0建物1車位0,全,3,透天厝,住商用,鋼筋混凝土造,0700805,234.88,5,3,3,有,無,無,26000,111,,0.0,0,1.契約書未約定土地租賃標的2.由出租人提供租屋資訊3.114.01.26-114.02.09為搬遷期免租金，期間內水、電費由承租人負擔,RPPNMLSJKHKGFAD77CC,整棟(戶)出租,無,1140210~1150209,無,冷氣、熱水器,
新營區,租賃房屋+車位,臺南市新營區民生路３８５巷１３弄１１之３號,0.0,,,,1140122,土地0建物1車位1,七層,7,華廈(10層含以下有電梯),住家用,鋼筋混凝土造,0830228,109.56,2,2,1,有,無,無,10000,91,坡道平面,0.0,0,,RPPNMLSJKHKGFDD08CC,整棟(戶)出租,無,1140301~1160228,有,冷氣、熱水器、電視機、冰箱、瓦斯或天然氣、有線電視,
仁德區,租賃房屋,臺南市仁德區中正西路４００號三樓之２５,0.0,,,,1140128,土地0建物1車位0,三層,4,華廈(10層含以下有電梯),辦公室,鋼筋混凝土造,0960920,13.629999999999999,1,0,1,有,有,有,3000,220,,0.0,0,含增建或未登記建物；續租案件；,RPTNMLSJKHKGFID98CC,獨立套房,有,1140128~1140727,有,冷氣、熱水器、電視機、冰箱、網路,一般代管
中西區,租賃房屋,臺南市中西區健康路一段３９０巷４２號五樓之９,0.0,,,,1140124,土地0建物1車位0,五層,7,華廈(10層含以下有電梯),住家用,鋼筋混凝土造,0721210,98.25,1,0,1,有,有,有,14000,142,,0.0,0,台南市社會住宅包租代管公會版增辦第4期，租金市價9折租金總額含管理費；,RPPNMLKKKHKGFAD07CC,獨立套房,有,1140201~1150131,有,冷氣、熱水器、洗衣機、冰箱,社會住宅代管
中西區,租賃房屋,臺南市中西區宮後街１４號,0.0,,,,1140131,土地0建物0車位0,全,5,透天厝,住家用,鋼筋混凝土構造,1010604,21.49,30,1,30,有,無,有,8000,372,,0.0,0,租金總額含水費；網路費；其他第四台；,RPSNMLKKKHKGFAD37CC,分租套房,無,1140201~1150131,有,冷氣、熱水器、洗衣機、電視機、冰箱、有線電視、網路,一般代管
東區,租賃房屋,臺南市東區裕豐街１７６之２號四樓,0.0,,,,1140124,土地0建物1車位0,四層,5,華廈(10層含以下有電梯),住家用,鋼筋混凝土造,0770811,103.35000000000001,3,2,2,有,有,有,14000,135,,0.0,0,台南市社會住宅包租代管公會版增辦第4期，租金市價9折租金總額含管理費；,RPPNMLKKKHKGFCD27CC,整棟(戶)出租,有,1140201~1150131,有,冷氣、熱水器、洗衣機、電視機、冰箱、瓦斯或天然氣,社會住宅代管
東區,租賃房屋,臺南市東區自由路一段１１１號６樓,0.0,,,,1140122,土地0建物1車位0,六層,7,華廈(10層含以下有電梯),住家用,鋼筋混凝土造,0840617,65.28999999999999,2,2,2,有,有,有,13200,202,,0.0,0,參加臺南市社會住宅包租代管第4期計畫租金為市價8折租金總額含管理費；,RPSNMLKKKHKGFCD57CC,整棟(戶)出租,有,1140201~1151130,有,冷氣、熱水器、洗衣機、電視機、冰箱,社會住宅包租轉租
善化區,租賃房屋,臺南市善化區中山路２４０巷１之４９號,0.0,,,,1140131,土地0建物0車位0,全,4,透天厝,住宅，樓梯間,鋼筋混凝土造,0960919,13.8,16,1,16,有,無,有,8500,616,,0.0,0,多人共同承租2；租金總額含水費；網路費；,RPSNMLKKKHKGFHD08CC,分租套房,無,1140201~1150131,無,冷氣、熱水器、洗衣機、電視機、冰箱、網路,一般代管
仁德區,租賃房屋+車位,臺南市仁德區仁義里中山路５３９巷５號三樓之３,0.0,,,,1140123,土地0建物1車位1,三層,9,華廈(10層含以下有電梯),住家用,鋼筋混凝土造,0840829,84.4,3,2,1,有,有,有,15000,178,坡道機械,0.0,2000,台南市社會住宅包租代管公會版增辦第4期，租金市價9折租金總額含管理費；,RPPNMLKKKHKGFID87CC,整棟(戶)出租,有,1140201~1150131,有,冷氣、熱水器、洗衣機、冰箱,社會住宅代管
仁德區,租賃房屋,臺南市仁德區保安里文賢路一段７１８號,0.0,,,,1140127,土地0建物1車位0,全,1,透天厝,住家用,加強磚造,0660704,45.96,1,2,1,有,無,有,15000,326,,0.0,0,台南市社會住宅包租代管公會版增辦第4期，租金市價9折,RPQNMLKKKHKGFID97CC,整棟(戶)出租,無,1140201~1150131,無,冷氣、熱水器、洗衣機,社會住宅代管
永康區,租賃房屋,臺南市永康區大橋里大橋一街２１０號七樓之１,0.0,,,,1140124,土地0建物1車位0,七層,9,華廈(10層含以下有電梯),住家用,鋼筋混凝土造,0850215,105.75,3,2,2,有,有,有,17500,165,,0.0,0,台南市社會住宅包租代管公會版增辦第4期，租金市價9折,RPPNMLKKKHKGFKD08CC,整棟(戶)出租,有,1140201~1150131,有,冷氣、熱水器、洗衣機、冰箱,社會住宅代管
永康區,租賃房屋+車位,臺南市永康區東橋七路１９１號１２樓之２,16.36,住,,,1140129,土地1建物1車位1,十二層,16,住宅大樓(11層含以上有電梯),住家用,鋼筋混凝土構造,1061114,107.81,2,2,1,有,有,有,21000,195,坡道平面,20.49,0,,RPSNMLKKKHKGFKD38CC,整棟(戶)出租,有,1140201~1150131,有,冷氣、熱水器、洗衣機、電視機、冰箱、瓦斯或天然氣,
善化區,租賃房屋,臺南市善化區中正路２３８號,79.79,住,,,1140121,土地2建物1車位0,全,3,透天厝,店舖、住宅,加強磚造,0650914,220.92,5,2,3,有,無,無,33000,149,,0.0,0,,RPSNMLLKKHKGFHD18CC,整棟(戶)出租,無,1140201~1170131,無,冷氣、熱水器,
安定區,租賃房屋,臺南市安定區蘇厝２９３-６５號,0.0,,,,1140121,土地0建物1車位0,全,3,透天厝,住家用,鋼筋混凝土造,0831223,164.67,7,2,3,有,無,有,26100,158,,0.0,0,參加國家住宅及都市更新中心辦理社會住宅包租代管增辦第四期計畫公會版多人共同承租2；,RPUNMLLKKHKGFHD38CC,整棟(戶)出租,無,1140210~1150209,無,冷氣、熱水器、洗衣機、電視機、冰箱,社會住宅代管
仁德區,租賃房屋,臺南市仁德區文賢路一段８０５巷９號,0.0,,,,1140127,土地0建物1車位0,全,1,透天厝,住家用,加強磚造,0650801,74.06,1,2,1,有,無,有,8000,108,,0.0,0,台南市社會住宅包租代管公會版增辦第4期，租金市價9折多人共同承租2；,RPPNMLLKKHKGFID97CC,整棟(戶)出租,無,1140201~1150131,無,冷氣、熱水器、冰箱,社會住宅代管
歸仁區,租賃房屋,臺南市歸仁區仁愛六街４０號,0.0,,,,1140124,土地0建物0車位0,全,2,透天厝,住商用,加強磚造,0680621,16.53,5,0,5,有,無,有,8000,484,,0.0,0,1.契約書未約定土地租賃標的。2.由所有權人提供租屋資訊。租金總額含網路費；,RPRNMLLKKHKGFID18CC,分租套房,無,1140201~1150131,無,冷氣、熱水器、電視機、冰箱、網路,一般代管
永康區,租賃房屋,臺南市永康區小東路４２３巷１０之１號１樓,0.0,,,,1140121,土地0建物1車位0,一層,14,住宅大樓(11層含以上有電梯),集合住宅,鋼筋混凝土構造,1010320,174.82,3,2,2,有,有,有,17000,97,,0.0,0,1.契約書未約定土地租賃標的。2.由所有權人提供租屋資訊。其他一個機車停車位；未租賃車位，建物登記含有車位面積；,RPRNMLLKKHKGFKD38CC,整棟(戶)出租,有,1140215~1160214,有,冷氣、熱水器、瓦斯或天然氣、網路,
永康區,租賃房屋,臺南市永康區勝學路２４６之３號２樓之１,3.85,住,,,1140122,土地1建物1車位0,二層,7,華廈(10層含以下有電梯),住家用,鋼筋混凝土造,0880426,23.509999999999998,1,0,1,有,有,有,6000,255,,0.0,0,社會住宅第增辦3期轉租案以市價租金8折承租,RPVNMLLKKHKGFKD78CC,獨立套房,無,1140201~1150624,有,冷氣、熱水器、洗衣機、冰箱,社會住宅包租轉租
安平區,租賃房屋,臺南市安平區育平五街７７號三樓之６,0.0,,,,1140124,土地0建物1車位0,三層,13,住宅大樓(11層含以上有電梯),住家用,鋼筋混凝土造,0850919,130.23,4,2,2,有,有,有,18000,138,,0.0,0,參加臺南市社會住宅包租代管第4期計畫租金為市價8折,RPTNMLMKKHKGFAD67CC,整棟(戶)出租,有,1140201~1170131,有,冷氣、熱水器、洗衣機、電視機、冰箱、瓦斯或天然氣,社會住宅包租轉租
安平區,租賃房屋+車位,臺南市安平區育平九街１９２巷７１號６樓之４,0.0,,,,1140123,土地0建物1車位1,六層,11,住宅大樓(11層含以上有電梯),住家用,鋼筋混凝土造,0830512,137.92,3,1,2,有,有,有,22000,160,坡道平面,0.0,0,參加國家住宅及都市更新中心辦理社會住宅包租代管第四期計畫公會版續租案件；,RPXNMLMKKHKGFAD08CC,整棟(戶)出租,有,1140201~1150131,有,冷氣、熱水器、洗衣機、電視機、冰箱、瓦斯或天然氣,社會住宅代管
北區,租賃房屋,臺南市北區成功路２號八樓之４２,0.0,,,,1140126,土地0建物1車位0,八層,14,住宅大樓(11層含以上有電梯),住家用,鋼筋混凝土造,0731228,48.0,1,0,1,有,有,有,8000,167,,0.0,0,參加公會版社會住宅包租代管計畫增辦第四期，租金為市價9折租金總額含管理費；,RPQOMLMKKHKGFAD47CC,獨立套房,有,1140201~1150131,有,冷氣、熱水器、洗衣機、電視機、冰箱,社會住宅代管
安南區,租賃房屋,臺南市安南區安昌街１７４巷１９１弄６９-７號,0.0,,,,1140122,土地0建物1車位0,全,3,透天厝,住家用,鋼筋混凝土造,0830706,141.66,3,2,3,有,無,有,15000,106,,0.0,0,參加國家住宅及都市更新中心辦理社會住宅包租代管增辦第四期計畫公會版,RPPNMLMKKHKGFBD37CC,整棟(戶)出租,無,1140220~1150219,無,冷氣、熱水器、洗衣機、電視機、瓦斯或天然氣,社會住宅代管
安南區,租賃房屋,臺南市安南區館前一路１１８號４樓之５,0.0,,,,1140129,土地0建物1車位0,四層,7,華廈(10層含以下有電梯),集合住宅,鋼筋混凝土造,1031105,118.12,2,1,2,有,有,有,22000,186,,0.0,0,多人共同承租2；租金總額含管理費；網路費；,RPRNMLMKKHKGFBD57CC,整棟(戶)出租,有,1140129~1150131,有,冷氣、熱水器、洗衣機、電視機、冰箱、瓦斯或天然氣、網路,一般轉租
東區,租賃房屋,臺南市東區長東街１０８巷１４號,0.0,,,,1140123,土地0建物1車位0,全,2,透天厝,住家用,加強磚造,0580824,81.5,4,2,2,有,無,有,20000,245,,0.0,0,參加國家住宅及都市更新中心辦理社會住宅包租代管增辦第三期計畫公會版,RPPNMLMKKHKGFCD47CC,整棟(戶)出租,無,1140201~1150131,無,冷氣、熱水器、瓦斯或天然氣,社會住宅代管
南區,租賃房屋,臺南市南區公英二街２０號,0.0,,,,1140123,土地0建物1車位0,全,2,透天厝,住家用,補強磚造,0591210,80.92,2,1,2,有,無,有,9000,111,,0.0,0,參加國家住宅及都市更新中心辦理社會住宅包租代管第四期計畫公會版,RPRNMLMKKHKGFCD67CC,整棟(戶)出租,無,1140201~1150131,無,熱水器、瓦斯或天然氣,社會住宅代管
南區,租賃房屋,臺南市南區中華南路一段１２號,0.0,,,,1140126,土地0建物1車位0,全,5,透天厝,住商用,鋼筋混凝土造,0730514,304.83,6,2,4,有,無,無,30000,98,,0.0,0,,RPSNMLMKKHKGFCD77CC,,無,1140210~1150209,無,熱水器、瓦斯或天然氣,
東區,租賃房屋,臺南市東區東寧路西段２５號八樓之６,0.0,,,,1140131,土地0建物1車位0,八層,15,住宅大樓(11層含以上有電梯),住家用,鋼筋混凝土造,0860902,33.69,1,0,1,有,有,有,8500,252,,0.0,0,參加公會版社會住宅包租代管計畫增辦第四期，租金為市價9折,RPVNMLMKKHKGFCD08CC,獨立套房,有,1140201~1150131,有,冷氣、熱水器、電視機、冰箱,社會住宅代管
仁德區,租賃房屋,臺南市仁德區德崙路２９１巷２５號,0.0,,,,1140131,土地0建物1車位0,全,4,透天厝,住家用,鋼筋混凝土造,1121218,169.59,4,2,4,有,有,無,30000,177,,0.0,0,1.契約書未約定土地租賃標的。2.由所有權人提供租屋資訊。,RPPNMLMKKHKGFID08CC,整棟(戶)出租,無,1140220~1170219,無,熱水器、瓦斯或天然氣,
永康區,租賃房屋,臺南市永康區南工街２１號,0.0,,,,1140124,土地0建物1車位0,全,1,透天厝,住家用,磚造,0641215,62.36,3,1,1,有,無,無,18000,289,,0.0,0,1.契約書未約定土地租賃標的。2.由所有權人提供租屋資訊。,RPQNMLMKKHKGFKD38CC,整棟(戶)出租,無,1140301~1160228,無,熱水器,
永康區,租賃房屋,臺南市永康區新民街４７巷１６號８樓之１６,0.0,,,,1140123,土地0建物1車位0,八層,9,華廈(10層含以下有電梯),住家用,鋼筋混凝土造,0821230,60.459999999999994,1,0,1,有,有,有,9900,164,,0.0,0,參加國家住宅及都市更新中心辦理社會住宅包租代管增辦第四期計畫公會版,RPTNMLMKKHKGFKD68CC,獨立套房,有,1140205~1150204,有,冷氣、熱水器、洗衣機、冰箱,社會住宅代管
鹽水區,租賃房屋,臺南市鹽水區土庫６８之７號,0.0,,,,1140124,土地0建物1車位0,全,3,透天厝,住家用,鋼筋混凝土造,1081210,158.23,4,2,3,有,無,有,18500,117,,0.0,0,台南市社會住宅包租代管第四期計畫。,RPPNMLNKKHKGFDD67CC,整棟(戶)出租,無,1140131~1150130,無,冷氣、熱水器、洗衣機、冰箱、瓦斯或天然氣,社會住宅包租轉租
仁德區,租賃房屋+車位,臺南市仁德區文心路８０號１６樓之３,10.12,商,,,1140122,土地1建物1車位1,十六層,24,住宅大樓(11層含以上有電梯),集合住宅,鋼筋混凝土構造,1100315,105.46000000000001,2,2,1,有,有,有,21000,199,坡道平面,17.45,0,多人共同承租2；,RPRNMLNKKHKGFID38CC,整棟(戶)出租,有,1140127~1150126,有,冷氣、熱水器、洗衣機、電視機、冰箱,
永康區,租賃房屋,臺南市永康區中華路２２號４樓之１,0.0,,,,1140123,土地0建物1車位0,四層,17,住宅大樓(11層含以上有電梯),住家用,鋼筋混凝土造,0800812,141.91,4,2,2,有,有,有,18000,127,,0.0,0,參加國家住宅及都市更新中心辦理社會住宅包租代管增辦第四期計畫公會版,RPWNMLNKKHKGFKD09CC,整棟(戶)出租,有,1140201~1150131,有,冷氣、熱水器、洗衣機、冰箱、瓦斯或天然氣,社會住宅代管
永康區,租賃房屋,臺南市永康區中華路４１３巷１號３樓之７,0.0,,,,1140124,土地0建物1車位0,三層,7,華廈(10層含以下有電梯),住家用,鋼筋混凝土造,0840522,35.55,1,0,1,有,有,有,8000,225,,0.0,0,參加國家住宅及都市更新中心辦理社會住宅包租代管增辦第四期計畫公會版租金總額含管理費；,RPXNMLNKKHKGFKD56CC,獨立套房,有,1140201~1150131,有,冷氣、熱水器、洗衣機、冰箱,社會住宅代管
永康區,租賃房屋+車位,臺南市永康區中華西街１２２巷４１號,0.0,,,,1140126,土地0建物1車位1,一層,7,華廈(10層含以下有電梯),住家用,鋼筋混凝土造,0820913,103.07000000000001,3,2,2,有,有,有,17000,165,坡道機械,0.0,0,參加國家住宅及都市更新中心辦理社會住宅包租代管增辦第四期計畫公會版,RPPOMLNKKHKGFKD48CC,整棟(戶)出租,有,1140201~1150131,有,冷氣、熱水器、洗衣機、電視機、冰箱、瓦斯或天然氣,社會住宅代管
善化區,租賃房屋+車位,臺南市善化區興安街１５０號３F３,0.0,,,,1140122,土地0建物1車位1,三層,15,住宅大樓(11層含以上有電梯),住家用,鋼筋混凝土造,1030520,163.42000000000002,3,2,2,有,有,有,25000,153,坡道平面,33.77,0,租金總額含管理費；,RPSNMLOKKHKGFHD48CC,整棟(戶)出租,有,1140214~1140514,有,熱水器、洗衣機、電視機、冰箱、瓦斯或天然氣,
仁德區,租賃房屋+車位,臺南市仁德區崇聖路一段１０號７樓之６,15.5,住,,,1140123,土地1建物1車位1,七層,14,住宅大樓(11層含以上有電梯),集合住宅,鋼筋混凝土造,1131015,116.5,2,2,1,有,有,有,19000,163,坡道平面,32.27,0,多人共同承租2；,RPQNMLOKKHKGFID38CC,整棟(戶)出租,有,1140301~1150228,有,冷氣、熱水器、洗衣機、電視機、冰箱、有線電視,
永康區,租賃房屋+車位,臺南市永康區中華路７巷８號９樓之２,0.0,,,,1140121,土地0建物1車位1,九層,19,住宅大樓(11層含以上有電梯),集合住宅,鋼筋混凝土構造,1010817,128.6,2,2,2,有,有,有,22000,171,坡道機械,10.33,0,租金總額含管理費；,RPTNMLOKKHKGFKD88CC,整棟(戶)出租,有,1140210~1150209,有,冷氣、熱水器、洗衣機、冰箱、瓦斯或天然氣、有線電視,
永康區,租賃房屋,臺南市永康區復華三街７６巷１號,0.0,,,,1140121,土地0建物1車位0,一層,17,店面(店鋪),住商用,鋼筋混凝土造,0831108,48.89,4,2,4,有,有,無,13700,280,,0.0,0,租金已扣除管理費300元。屋主每期補貼承租人水費300元。,RPUNMLOKKHKGFKD98CC,,有,1140201~1150131,有,,
安南區,租賃房屋+車位,臺南市安南區北安路２段４８９號１３樓之５,0.0,,,,1140123,土地0建物1車位1,十三層,15,住宅大樓(11層含以上有電梯),集合住宅,鋼筋混凝土造,1120911,120.68,2,2,1,有,有,有,17000,176,坡道平面,29.98,1000,參加國家住宅及都市更新中心辦理社會住宅包租代管第四期計畫公會版續租案件；,RPRNMLRKKHKGFBD08CC,整棟(戶)出租,有,1140301~1150228,有,冷氣、熱水器、瓦斯或天然氣,社會住宅代管
安南區,租賃房屋,臺南市安南區德安街５８號,0.0,,,,1140130,土地0建物1車位0,全,2,透天厝,住家用,鋼筋混凝土造,0690505,104.29,3,1,2,有,無,有,10000,96,,0.0,0,台南市社會住宅包租代管增辦第4期計畫公會版租金已打9折,RPTNMLRKKHKGFBD28CC,整棟(戶)出租,無,1140201~1150131,無,冷氣、熱水器、洗衣機、電視機、冰箱、瓦斯或天然氣、有線電視,社會住宅代管
南區,租賃房屋+車位,臺南市南區水交社路２０巷８號６樓之３,0.0,,,,1140123,土地0建物1車位1,六層,7,華廈(10層含以下有電梯),集合住宅,鋼筋混凝土造,1051201,112.50999999999999,2,2,1,有,有,有,22000,224,坡道平面,25.33,2500,參加國家住宅及都市更新中心辦理社會住宅包租代管增辦第三期計畫公會版續租案件；,RPQNMLRKKHKGFCD08CC,整棟(戶)出租,有,1140301~1150228,有,冷氣、熱水器、洗衣機、電視機、冰箱、瓦斯或天然氣,社會住宅代管
東區,土地,裕東段629-1地號,361.2,住,,,1140123,土地2建物0車位0,,,其他,,,,0.0,0,0,0,無,無,無,36000,100,,0.0,0,租金含稅計算 114/4/1至119/3/31租金每月36000元119/4/1至124/3/31租金每月37800元租金總額含稅；,RPSNMLRKKHKGFCD28CC,,,1140401~1240331,,,
東區,租賃房屋+車位,臺南市東區崇賢三路２８號１１樓之５,0.0,,,,1140131,土地0建物1車位1,十一層,15,住宅大樓(11層含以上有電梯),集合住宅,鋼筋混凝土造,1061031,209.99,3,2,2,有,有,有,29000,144,坡道平面,29.01,3000,建物有二個車位只承租一個參加國家住宅及都市更新中心辦理社會住宅包租代管增辦第四期計畫公會版,RPSOMLRKKHKGFCD38CC,整棟(戶)出租,有,1140201~1150131,有,冷氣、熱水器、洗衣機、電視機、冰箱、瓦斯或天然氣,社會住宅代管
仁德區,租賃房屋+車位,臺南市仁德區崇聖路一段１６號３樓之１,0.0,,,,1140124,土地0建物1車位1,三層,14,住宅大樓(11層含以上有電梯),集合住宅,鋼筋混凝土造,1131015,149.95,3,2,2,有,有,有,22000,178,坡道平面,32.27,1000,參加國家住宅及都市更新中心辦理社會住宅包租代管增辦第四期計畫公會版租金總額含管理費；,RPPNMLRKKHKGFID58CC,整棟(戶)出租,有,1140215~1150214,有,冷氣、熱水器、瓦斯或天然氣,社會住宅代管
永康區,租賃房屋,臺南市永康區永華路２２５號三樓,0.0,,,,1140121,土地0建物1車位0,三層,4,辦公商業大樓,辦公室 (廳）,鋼筋混凝土造,1120830,299.7,0,0,0,無,無,無,55000,184,,0.0,0,租金總額含稅；,RPRNMLRKKHKGFKD98CC,,無,1140301~1190228,有,,
永康區,租賃房屋,臺南市永康區復華里復國一路４７５巷２８號二樓之２５,0.0,,,,1140131,土地0建物1車位0,二層,5,華廈(10層含以下有電梯),住家用,鋼筋混凝土構造,1070402,13.61,1,0,1,有,有,有,4350,320,,0.0,0,含增建或未登記建物；,RPSNMLRKKHKGFKD09CC,獨立套房,有,1140201~1140731,有,冷氣、熱水器、電視機、冰箱、網路,一般代管
永康區,租賃房屋+車位,臺南市永康區復國路８７巷２１號２樓之３,17.48,住,,,1140124,土地2建物1車位1,二層,9,華廈(10層含以下有電梯),住家用,鋼筋混凝土構造,1070305,127.57,2,1,1,有,有,無,18000,141,坡道平面,40.45,0,多人共同承租2；租金總額含管理費；,RPVNMLRKKHKGFKD76CC,整棟(戶)出租,有,1140125~1150124,有,冷氣、熱水器、瓦斯或天然氣,
東區,租賃房屋,臺南市東區長榮路三段６０號,0.0,,,,1140122,土地0建物1車位0,見其他登記事項,2,店面(店鋪),國民住宅,磚造,0530101,87.8,4,0,1,有,無,無,60000,683,,0.0,0,,RPWNMLSKKHKGFCD78CC,,無,1140122~1161231,無,,
永康區,租賃房屋+車位,臺南市永康區永中街１００巷５１號四樓之２,0.0,,,,1140121,土地0建物1車位1,四層,5,公寓(5樓含以下無電梯),集合住宅,鋼筋混凝土構造,1101208,87.7,2,1,2,有,有,有,20575,235,一樓平面,9.0,0,管理費1925元整。社會住宅包租代管增辦第4期計畫公會版,RPSNMLSKKHKGFKD56CC,整棟(戶)出租,有,1140201~1150131,無,冷氣、熱水器、洗衣機,社會住宅代管
中西區,租賃房屋,臺南市中西區萬昌街１３３號８樓之１,0.0,,,,1140124,土地0建物1車位0,八層,11,住宅大樓(11層含以上有電梯),集合住宅,ＲＣ造,0950713,43.39,1,1,1,有,有,有,14279,329,,0.0,0,管理費每月721元由出租人負擔租金總額含網路費；,RPRNMLTKKHKGFAD18CC,獨立套房,有,1140124~1150123,有,冷氣、熱水器、洗衣機、電視機、冰箱、網路,
新營區,租賃房屋,臺南市新營區東大街５０號,0.0,,,,1140124,土地0建物1車位0,全,3,透天厝,住家用,鋼筋混凝土造,0801226,190.16,3,3,3,有,無,無,50000,263,,0.0,0,含增建或未登記建物；,RPPNMLTKKHKGFDD28CC,整棟(戶)出租,無,1140210~1150910,無,熱水器、冰箱,
安南區,租賃房屋+車位,臺南市安南區永續三街８８號７樓之一,0.0,,,,1140124,土地0建物1車位1,七層,14,住宅大樓(11層含以上有電梯),集合住宅,鋼筋混凝土造,1090114,109.09,2,2,1,有,有,無,21500,197,坡道機械,21.38,0,租金總額含管理費；,RPUNMLLLKHKGFBD87CC,整棟(戶)出租,有,1140201~1150131,有,冷氣、熱水器、洗衣機、電視機、冰箱、瓦斯或天然氣,
永康區,租賃房屋,臺南市永康區永二街４５９巷２５號,79.33,商,,,1140124,土地1建物1車位0,全,4,透天厝,住商用,鋼筋混凝土造,0800419,232.94,5,2,4,有,無,無,22000,94,,0.0,0,,RPQNMLLLKHKGFKD38CC,整棟(戶)出租,無,1140201~1150131,無,,
永康區,租賃房屋,臺南市永康區鹽行路６９巷８號,0.0,,,,1140128,土地0建物0車位0,全,4,透天厝,住宅，停車空間,鋼筋混凝土構造,1020821,23.14,11,0,11,有,無,有,5600,242,,0.0,0,多人共同承租2；租金總額含網路費；,RPWNMLLLKHKGFKD98CC,分租套房,無,1140128~1150127,無,冷氣、熱水器、洗衣機、電視機、冰箱、有線電視、網路,一般代管
永康區,租賃房屋+車位,臺南市永康區永安路７號１１樓之３,0.0,,,,1140131,土地0建物1車位1,十一層,14,住宅大樓(11層含以上有電梯),集合住宅,鋼筋混凝土構造,1111007,165.31,3,2,2,有,有,有,30350,184,坡道平面,36.35,0,租金總額含管理費；網路費；,RPWNMLOLKHKGFKD66CC,整棟(戶)出租,有,1140215~1150214,有,冷氣、熱水器、洗衣機、電視機、冰箱、瓦斯或天然氣、網路,
永康區,租賃房屋,臺南市永康區小東路５９１巷４１號,0.0,,,,1140127,土地0建物0車位0,全,4,透天厝,店舖、住宅、防空避難室。,鋼筋混凝土造,0770321,16.52,20,0,20,有,無,有,7500,454,,0.0,0,,RPSOMLOLKHKGFKD98CC,分租套房,無,1140201~1150131,有,冷氣、熱水器、洗衣機、電視機、冰箱、網路,一般代管
