﻿編號,土地位置,土地移轉面積平方公尺,使用分區或編定,權利人持分分母,權利人持分分子,移轉情形,地號
The serial number, land position,land shifting area square meter,the use zoning or compiles and checks,,,,land parcel
RPRNMLNKJHKGFGD97CB,佳化段,27.06,非都市：鄉村區 ; 非都市編定：乙種建築用地,100000,2570,持分移轉,00800000
RPRNMLNKJHKGFGD97CB,佳化段,.64,非都市：鄉村區 ; 非都市編定：乙種建築用地,100000,2570,持分移轉,00740006
RPRNMLNKJHKGFGD97CB,佳化段,.33,非都市：鄉村區 ; 非都市編定：交通用地,39,1,持分移轉,00730001
RPRNMLNKJHKGFGD97CB,佳化段,1.44,非都市：鄉村區 ; 非都市編定：交通用地,39,1,持分移轉,00810000
RPRNMLNKJHKGFGD97CB,佳化段,1.41,非都市：鄉村區 ; 非都市編定：乙種建築用地,39,1,持分移轉,00790000
RPRNMLNKJHKGFGD97CB,佳化段,.72,非都市：鄉村區 ; 非都市編定：乙種建築用地,39,1,持分移轉,00790001
RPTNMLRKJHKGFCD18CB,竹篙厝段,3.79,都市：住,100000,215,持分移轉,42700000
RPTNMLRKJHKGFCD18CB,竹篙厝段,2.07,都市：住,100000,215,持分移轉,42750000
RPTNMLRKJHKGFCD18CB,竹篙厝段,1.10,都市：住,100000,215,持分移轉,42750001
RPTNMLRKJHKGFCD18CB,竹篙厝段,.51,都市：住,100000,215,持分移轉,42770000
RPTNMLRKJHKGFCD18CB,竹篙厝段,3.57,都市：住,100000,215,持分移轉,42810000
RPTNMLRKJHKGFCD18CB,竹篙厝段,.25,都市：住,100000,215,持分移轉,42820000
RPPNMLOKJHKGFBD37CB,新淵段,33.39,都市：住,100000,1860,持分移轉,03110001
RPPNMLNKJHKGFBD27CB,淵北段,31.19,都市：住,10000,239,持分移轉,08930000
RPQNMLKLJHKGFBD17CB,佃西段,20.32,都市：住,10000,31,持分移轉,12670000
RPVNMLKLJHKGFBD67CB,佃西段,20.32,都市：住,10000,31,持分移轉,12670000
RPSOMLKLJHKGFBD47CB,和館段,3.23,都市：商,100000,68,持分移轉,01000000
RPSOMLKLJHKGFBD47CB,和館段,7.31,都市：商,100000,68,持分移轉,01000004
RPTNMLKLJHKGFBD47CB,佃西段,25.56,都市：住,10000,39,持分移轉,12670000
RPTOMLKLJHKGFBD57CB,和館段,3.09,都市：商,100000,65,持分移轉,01000000
RPTOMLKLJHKGFBD57CB,和館段,6.99,都市：商,100000,65,持分移轉,01000004
RPUOMLKLJHKGFBD67CB,總安段,26.76,都市：住,100000,846,持分移轉,10680000
RPTNMLKLJHKGFCD57CB,竹篙厝段,4.70,都市：住,100000,267,持分移轉,42700000
RPTNMLKLJHKGFCD57CB,竹篙厝段,2.57,都市：住,100000,267,持分移轉,42750000
RPTNMLKLJHKGFCD57CB,竹篙厝段,1.36,都市：住,100000,267,持分移轉,42750001
RPTNMLKLJHKGFCD57CB,竹篙厝段,.64,都市：住,100000,267,持分移轉,42770000
RPTNMLKLJHKGFCD57CB,竹篙厝段,4.43,都市：住,100000,267,持分移轉,42810000
RPTNMLKLJHKGFCD57CB,竹篙厝段,.31,都市：住,100000,267,持分移轉,42820000
RPQNMLKLJHKGFAD07CB,星鑽段,9.29,都市：其他:第二種觀光休閒特定專區,100000,388,持分移轉,24200000
RPUNMLKLJHKGFAD47CB,星鑽段,16.93,都市：其他:第二種觀光休閒特定專區,100000,707,持分移轉,24200000
RPTNMLKLJHKGFAD37CB,星鑽段,16.93,都市：其他:第二種觀光休閒特定專區,100000,707,持分移轉,24200000
RPVNMLKLJHKGFAD57CB,星鑽段,11.57,都市：其他:第二種觀光休閒特定專區,100000,483,持分移轉,24200000
RPRNMLKLJHKGFKD18CB,平道段,21.22,都市：商,10000,59,持分移轉,02990000
RPQNMLKLJHKGFKD08CB,鹽行段,36.25,都市：住,100000,3669,持分移轉,14820000
RPTNMLKLJHKGFHD08CB,善駕段,2.18,都市：住,100000,652,持分移轉,01130000
RPTNMLKLJHKGFHD08CB,善駕段,.03,都市：住,100000,652,持分移轉,01140000
RPTNMLKLJHKGFHD08CB,善駕段,.02,都市：住,100000,652,持分移轉,01150000
RPTNMLKLJHKGFHD08CB,善駕段,.00,都市：住,100000,652,持分移轉,01160000
RPTNMLKLJHKGFHD08CB,善駕段,.48,都市：住,100000,652,持分移轉,01170000
RPTNMLKLJHKGFHD08CB,善駕段,.18,都市：住,100000,652,持分移轉,01180000
RPTNMLKLJHKGFHD08CB,善駕段,27.21,都市：住,100000,652,持分移轉,01340000
RPQNMLKLJHKGFHD77CB,新北段,20.19,都市：住,100000,427,持分移轉,01620000
RPRNMLKLJHKGFHD87CB,新北段,23.26,都市：住,100000,492,持分移轉,01620000
RPPNMLKLJHKGFHD67CB,新北段,17.12,都市：住,100000,362,持分移轉,01620000
RPQNMLLLJHKGFHD87CB,富強段,16.66,都市：住,10000,90,持分移轉,03160002
RPPNMLLLJHKGFKD08CB,新明段,33.91,都市：住,10000,291,持分移轉,06260000
RPQNMLLLJHKGFKD18CB,新明段,25.29,都市：住,10000,217,持分移轉,06260000
RPUNMLMLJHKGFAD67CB,金華段,20.51,都市：住,100000,1309,持分移轉,00610048
RPPNMLMLJHKGFHD87CB,大社段,22.81,非都市：鄉村區 ; 非都市編定：乙種建築用地,10000,85,持分移轉,20940000
RPRNMLMLJHKGFKD38CB,平道段,17.64,都市：住,100000,211,持分移轉,00870000
RPSNMLMLJHKGFKD48CB,新明段,35.42,都市：住,10000,304,持分移轉,06260000
RPQNMLMKJHKGFHD87CB,大社段,25.55,非都市：鄉村區 ; 非都市編定：乙種建築用地,10000,144,持分移轉,17680000
RPRNMLPKJHKGFHD28CB,成功段,7.41,都市：住,100000,2031,持分移轉,06560000
RPRNMLPKJHKGFHD28CB,成功段,22.38,都市：住,100000,2031,持分移轉,06560002
RPTNMLMLJHKGFKD58CB,竹行段,6.28,都市：住,10000,184,持分移轉,11560000
RPTNMLMLJHKGFKD58CB,竹行段,20.61,都市：住,10000,184,持分移轉,11580000
RPPNMLNLJHKGFHD97CB,港口段,25.30,非都市：特定農業區 ; 非都市編定：甲種建築用地,100000,1063,持分移轉,14910002
RPPNMLNLJHKGFCD47CB,裕東段,54.09,都市：其他:虎住三,10000,301,持分移轉,06520000
RPSNMLNLJHKGFHD28CB,新音段,28.40,都市：商,100000,1867,持分移轉,08940000
RPSNMLNLJHKGFHD28CB,新音段,6.43,都市：住,100000,1867,持分移轉,09150000
RPPNMLNLJHKGFID08CB,北花段,24.98,都市：住,1000000,22564,持分移轉,02100000
RPQNMLNLJHKGFID18CB,北花段,24.98,都市：住,1000000,22564,持分移轉,02100000
RPRNMLNLJHKGFID28CB,北花段,24.98,都市：住,1000000,22564,持分移轉,02100000
RPPNMLOLJHKGFID18CB,大同段,32.20,都市：住,100000,1140,持分移轉,02520000
RPRNMLOLJHKGFID38CB,武東段,23.82,都市：住,1000000,2710,持分移轉,00900000
RPUNMLOLJHKGFID68CB,武東段,32.72,都市：住,1000000,3722,持分移轉,00900000
RPWNMLOLJHKGFID88CB,大同段,28.10,都市：住,100000,995,持分移轉,02520000
RPXNMLOLJHKGFID98CB,武東段,33.86,都市：住,1000000,3852,持分移轉,00900000
RPPNMLNJKHKGFBD27CB,和館段,81.08,都市：住,1,1,全筆移轉,00240682
RPPNMLNJKHKGFBD27CB,和館段,1.87,都市：住,100000,710,持分移轉,00240006
RPPNMLNJKHKGFBD27CB,和館段,37.89,都市：住,100000,710,持分移轉,00240003
RPPNMLNJKHKGFBD27CB,和館段,1.69,都市：住,100000,710,持分移轉,00240699
RPPNMLNJKHKGFBD27CB,和館段,4.20,都市：住,1000000,1765,持分移轉,00240004
RPSNMLNJKHKGFBD57CB,和館段,2.99,都市：商,100000,63,持分移轉,01000000
RPSNMLNJKHKGFBD57CB,和館段,6.78,都市：商,100000,63,持分移轉,01000004
RPQNMLNJKHKGFBD37CB,和館段,2.99,都市：商,100000,63,持分移轉,01000000
RPQNMLNJKHKGFBD37CB,和館段,6.78,都市：商,100000,63,持分移轉,01000004
RPRNMLNJKHKGFBD47CB,和館段,3.23,都市：商,100000,68,持分移轉,01000000
RPRNMLNJKHKGFBD47CB,和館段,7.31,都市：商,100000,68,持分移轉,01000004
RPPNMLNJKHKGFHD87CB,善駕段,21.19,都市：住,100000,1425,持分移轉,01950000
RPPNMLNJKHKGFKD18CB,竹行段,6.45,都市：住,10000,189,持分移轉,11560000
RPPNMLNJKHKGFKD18CB,竹行段,21.17,都市：住,10000,189,持分移轉,11580000
RPPNMLNJKHKGFGD77CB,忠孝南段,30.85,都市：住,100000,2481,持分移轉,06560000
RPQNMLNJKHKGFKD28CB,竹行段,4.33,都市：住,10000,127,持分移轉,11560000
RPQNMLNJKHKGFKD28CB,竹行段,14.22,都市：住,10000,127,持分移轉,11580000
RPPNMLOJKHKGFBD37CB,安西段,24.81,都市：住,10000,126,持分移轉,19010000
RPQNMLOJKHKGFBD47CB,安西段,20.09,都市：住,10000,102,持分移轉,19010000
RPQNMLNLJHKGFED77CB,頭前段,106.74,都市：住,1,1,全筆移轉,01530014
RPQNMLOKJHKGFED77CB,竹新段,92.40,非都市：鄉村區 ; 非都市編定：乙種建築用地,1,1,全筆移轉,08900004
RPQNMLOKJHKGFED77CB,竹新段,19.35,非都市：鄉村區 ; 非都市編定：乙種建築用地,17,1,持分移轉,08900000
RPPNMLOJKHKGFKD28CB,平道段,26.75,都市：住,100000,320,持分移轉,00870000
RPQNMLPJKHKGFCD67CB,竹篙厝段,4.72,都市：住,100000,268,持分移轉,42700000
RPQNMLPJKHKGFCD67CB,竹篙厝段,2.58,都市：住,100000,268,持分移轉,42750000
RPQNMLPJKHKGFCD67CB,竹篙厝段,1.37,都市：住,100000,268,持分移轉,42750001
RPQNMLPJKHKGFCD67CB,竹篙厝段,.64,都市：住,100000,268,持分移轉,42770000
RPQNMLPJKHKGFCD67CB,竹篙厝段,4.45,都市：住,100000,268,持分移轉,42810000
RPQNMLPJKHKGFCD67CB,竹篙厝段,.31,都市：住,100000,268,持分移轉,42820000
RPRNMLPJKHKGFCD77CB,竹篙厝段,3.70,都市：住,100000,210,持分移轉,42700000
RPRNMLPJKHKGFCD77CB,竹篙厝段,2.02,都市：住,100000,210,持分移轉,42750000
RPRNMLPJKHKGFCD77CB,竹篙厝段,1.07,都市：住,100000,210,持分移轉,42750001
RPRNMLPJKHKGFCD77CB,竹篙厝段,.50,都市：住,100000,210,持分移轉,42770000
RPRNMLPJKHKGFCD77CB,竹篙厝段,3.48,都市：住,100000,210,持分移轉,42810000
RPRNMLPJKHKGFCD77CB,竹篙厝段,.24,都市：住,100000,210,持分移轉,42820000
RPPNMLPJKHKGFCD57CB,平實段,13.01,都市：商,100000,128,持分移轉,00450000
RPPNMLPJKHKGFCD57CB,平實段,2.46,都市：商,100000,128,持分移轉,00450001
RPPNMLPJKHKGFGD97CB,鎮安段,75.47,非都市：鄉村區 ; 非都市編定：乙種建築用地,1,1,全筆移轉,01870003
RPPNMLPJKHKGFGD97CB,鎮安段,30.24,非都市：鄉村區 ; 非都市編定：乙種建築用地,15,1,持分移轉,01870000
RPPNMLPJKHKGFHD08CB,新北段,20.19,都市：住,100000,427,持分移轉,01620000
RPQNMLPJKHKGFHD18CB,新北段,25.30,都市：住,100000,535,持分移轉,01620000
RPSNMLPJKHKGFHD38CB,新北段,23.26,都市：住,100000,492,持分移轉,01620000
RPRNMLPJKHKGFHD28CB,新北段,15.65,都市：住,100000,331,持分移轉,01620000
RPRNMLPJKHKGFID38CB,牛稠段,12.42,都市：商,10000,30,持分移轉,10160000
RPTNMLPJKHKGFHD48CB,新北段,25.30,都市：住,100000,535,持分移轉,01620000
RPVNMLPJKHKGFID78CB,武東段,20.95,都市：住,10000,26,持分移轉,03380000
RPWNMLPJKHKGFID88CB,武東段,20.95,都市：住,10000,26,持分移轉,03380000
RPQNMLPJKHKGFKD48CB,平道段,26.26,都市：商,10000,73,持分移轉,02990000
RPRNMLPJKHKGFKD58CB,平道段,21.22,都市：商,10000,59,持分移轉,02990000
RPQNMLRJKHKGFID48CB,大同段,32.37,都市：住,100000,1146,持分移轉,02520000
RPRNMLRJKHKGFID58CB,大同段,32.37,都市：住,100000,1146,持分移轉,02520000
RPSNMLRJKHKGFID68CB,大同段,24.63,都市：住,100000,872,持分移轉,02520000
RPTNMLRJKHKGFID78CB,大同段,27.77,都市：住,100000,983,持分移轉,02520000
RPUNMLRJKHKGFID88CB,大同段,32.20,都市：住,100000,1140,持分移轉,02520000
RPOOMLRJKHKGFID38CB,大同段,32.37,都市：住,100000,1146,持分移轉,02520000
RPPOMLRJKHKGFID48CB,大同段,24.63,都市：住,100000,872,持分移轉,02520000
RPQOMLRJKHKGFID58CB,大同段,32.37,都市：住,100000,1146,持分移轉,02520000
RPROMLRJKHKGFID68CB,大同段,32.37,都市：住,100000,1146,持分移轉,02520000
RPUNMLSJKHKGFID98CB,大同段,32.20,都市：住,100000,1140,持分移轉,02520000
RPVNMLSJKHKGFID09CB,武東段,32.72,都市：住,1000000,3722,持分移轉,00900000
RPPNMLTJKHKGFDD08CB,長榮段,23.28,都市：住,10000,66,持分移轉,02010000
RPPNMLTJKHKGFDD08CB,新生段,.97,都市：住,10000,66,持分移轉,02180000
RPQNMLTJKHKGFDD18CB,長榮段,22.93,都市：住,10000,65,持分移轉,02010000
RPQNMLTJKHKGFDD18CB,新生段,.95,都市：住,10000,65,持分移轉,02180000
RPPNMLKKKHKGFDD27CB,長榮段,23.28,都市：住,10000,66,持分移轉,02010000
RPPNMLKKKHKGFDD27CB,新生段,.97,都市：住,10000,66,持分移轉,02180000
RPPNMLLLJHKGFFD67DB,興農段,24.88,都市：住,100000,415,持分移轉,04720042
RPPNMLLLJHKGFFD67DB,興農段,5.85,都市：農,100000,415,持分移轉,04730000
RPPNMLKLJHKGFFD57DB,興農段,32.19,都市：住,100000,537,持分移轉,04720042
RPPNMLKLJHKGFFD57DB,興農段,7.56,都市：農,100000,537,持分移轉,04730000
RPQNMLKKKHKGFDD37CB,長榮段,13.05,都市：住,10000,37,持分移轉,02010000
RPQNMLKKKHKGFDD37CB,新生段,.54,都市：住,10000,37,持分移轉,02180000
RPQNMLKLJHKGFFD67DB,興農段,32.49,都市：住,100000,542,持分移轉,04720042
RPQNMLKLJHKGFFD67DB,興農段,7.64,都市：農,100000,542,持分移轉,04730000
RPSNMLKKKHKGFDD57CB,長榮段,20.46,都市：住,10000,58,持分移轉,02010000
RPSNMLKKKHKGFDD57CB,新生段,.85,都市：住,10000,58,持分移轉,02180000
RPRNMLKKKHKGFDD47CB,長榮段,20.46,都市：住,10000,58,持分移轉,02010000
RPRNMLKKKHKGFDD47CB,新生段,.85,都市：住,10000,58,持分移轉,02180000
RPTNMLKKKHKGFDD67CB,長榮段,15.17,都市：住,10000,43,持分移轉,02010000
RPTNMLKKKHKGFDD67CB,新生段,.63,都市：住,10000,43,持分移轉,02180000
RPPNMLMKKHKGFBD27CB,佃西段,17.04,都市：住,10000,26,持分移轉,12670000
RPUNMLKKKHKGFDD77CB,長榮段,15.17,都市：住,10000,43,持分移轉,02010000
RPUNMLKKKHKGFDD77CB,新生段,.63,都市：住,10000,43,持分移轉,02180000
RPPNMLOKKHKGFDD67CB,民族段,17.52,都市：商,300000,3919,持分移轉,06270000
RPQNMLLLJHKGFGD87DB,西華段,95.88,都市：住,1,1,全筆移轉,06600002
RPSNMLKLJHKGFID08CB,武東段,22.67,都市：住,100000,705,持分移轉,04850000
