﻿編號,屋齡,建物移轉面積平方公尺,主要用途,主要建材,建築完成日期,總層數,建物分層,移轉情形
The serial number,room age,building shifting area square meter,the main use,main building materials,construction completes the date,total layer,building lamination,
RPPPMLOKJHKGFAD57CC,48,177.87,住家用,鋼筋混凝土造,66年7月2日,三層,,
RPRNMLNKJHKGFHD18CC,3,62.03,集合住宅,鋼筋混凝土造,110年10月4日,五層,,
RPRNMLNKJHKGFHD18CC,3,17.03,本共有部分之項目有門廊、停車空間、管理委員會使用空間、梯廳、樓梯、昇降機、電信室等７項,鋼筋混凝土造,110年10月4日,五層,,
RPVOMLNKJHKGFAD97CC,28,124.23,住家用,鋼筋混凝土造,85年9月7日,十七層,,
RPVOMLNKJHKGFAD97CC,28,68.94,共有部分,鋼筋混凝土造,85年9月7日,十七層,,
RPPPMLNKJHKGFAD47CC,1,48.19,集合住宅,鋼筋混凝土造,112年11月8日,二十二層,,
RPPPMLNKJHKGFAD47CC,1,44.50,本共有部分之項目有防空避難室兼停車空間、停車空間、管委會使用空間、梯間、門廳兼梯廳、樓梯間、機械室、水箱、門廊、車道、排煙室、管道間等１２項,鋼筋混凝土造,112年11月8日,二十二層,,
RPQOMLOKJHKGFCD77CC,31,84.36,住家用,鋼筋混凝土造,83年2月1日,十三層,,
RPQOMLOKJHKGFCD77CC,31,35.01,共有部分,鋼筋混凝土造,83年2月1日,十三層,,
RPQOMLOKJHKGFCD77CC,31,8.76,共有部分,鋼筋混凝土造,83年2月1日,十三層,,
RPOOMLOKJHKGFCD57CC,46,89.60,商業用,加強磚造,68年4月23日,二層,,
RPVNMLOKJHKGFHD68CC,16,26.45,住商用,鋼筋混凝土造,97年12月16日,四層,,
RPSNMLNKJHKGFHD28CC,17,161.27,住宅，門廊，梯間,鋼筋混凝土造,97年4月11日,三層,,
RPSNMLOKJHKGFHD38CC,12,17.30,住宅、門廊,鋼筋混凝土造,101年12月5日,四層,,
RPVOMLOKJHKGFCD28CC,3,24.77,集合住宅,鋼筋混凝土構造,111年6月1日,六層,,
RPVOMLOKJHKGFCD28CC,3,14.96,本共有部分之項目有：防空避難室兼停車空間、梯廳、安全梯、台電配電室、緊急發電機、電信室、消防機房、汙水機房、雨水機房、水箱、管理委員會空間、中央監控室、戶外安全梯、機房、管委會空間（走廊）、管委會空間等十六項。,鋼筋混凝土構造,111年6月1日,六層,,
RPRNMLPKJHKGFCD87CC,34,14.75,住家用,鋼筋混凝土造,80年2月4日,六層,,
RPRNMLPKJHKGFCD87CC,34,5.70,共有部分,鋼筋混凝土造,80年2月4日,六層,,
RPSNMLPKJHKGFCD97CC,31,67.60,住家用,鋼筋混凝土造,83年7月7日,七層,,
RPSNMLPKJHKGFCD97CC,31,27.97,共有部分,鋼筋混凝土造,83年7月7日,七層,,
RPUNMLPKJHKGFCD18CC,2,43.78,集合住宅,鋼筋混凝土構造、鋼骨造,112年3月29日,十四層,,
RPUNMLPKJHKGFCD18CC,2,40.22,本共有部份之項目有：防空避難室兼停車空間、停車空間、管委會空間、樓梯間、機械室、公共空間、門廊共７項。,鋼筋混凝土加強磚造,112年3月29日,十四層,,
RPVNMLPKJHKGFCD28CC,31,224.92,住商用,鋼筋混凝土造,82年12月16日,十二層,,
RPVNMLPKJHKGFCD28CC,31,66.40,共有部分,鋼筋混凝土造,82年12月16日,十二層,,
RPPNMLPKJHKGFHD18CC,10,18.00,住家用,鋼筋混凝土造,104年6月30日,四層,,
RPRNMLPKJHKGFHD38CC,5,18.00,店舖、住宅,鋼筋混凝土造,109年6月9日,四層,,
RPSNMLPKJHKGFHD48CC,11,19.94,住家用,鋼筋混凝土造,102年11月11日,四層,,
RPTNMLOKJHKGFID58CC,17,8.04,辦公室,鋼筋混凝土造,96年9月20日,四層,,
RPTNMLOKJHKGFID58CC,17,5.17,共有部分,鋼筋混凝土造,96年9月20日,四層,,
RPTNMLOKJHKGFID58CC,17,5.00,共有部分,鋼筋混凝土造,96年9月20日,四層,,
RPUNMLPKJHKGFHD68CC,8,62.68,集合住宅,鋼筋混凝土造,106年5月5日,七層,,
RPUNMLPKJHKGFHD68CC,8,16.47,集合住宅，停車空間，管委會空間,鋼筋混凝土造,106年5月5日,七層,,
RPUNMLPKJHKGFHD68CC,8,10.42,樓梯間，機房，水箱,鋼筋混凝土造,106年5月5日,七層,,
RPRNMLPKJHKGFID48CC,7,53.85,集合住宅,鋼筋混凝土構造,106年9月30日,五層,,
RPRNMLPKJHKGFID48CC,7,37.93,本共有部分之項目有集合住宅、管理維護空間、停車空間、電氣室、樓梯間、水箱、結構性過樑、資源回收專區等,鋼筋混凝土構造,106年9月30日,五層,,
RPWNMLPKJHKGFKD56CC,29,91.59,國民住宅,鋼筋混凝土造,84年10月9日,十五層,,
RPWNMLPKJHKGFKD56CC,29,29.15,共有部分,鋼筋混凝土造,84年10月9日,十五層,,
RPSNMLPKJHKGFKD78CC,3,85.24,集合住宅,鋼筋混凝土構造,110年12月29日,二十六層,,
RPSNMLPKJHKGFKD78CC,3,53.24,本共有之項目有：防空避難室兼停車空間，廁所，防災中心，管委，門廊，停車空間，車道，資源回收區，梯間共９項,鋼筋混凝土構造,110年12月29日,二十六層,,
RPSNMLPKJHKGFKD78CC,3,23.23,本共有部分之項目有：樓梯間，水箱，機房共３項,鋼筋混凝土構造,110年12月29日,二十六層,,
RPPNMLPKJHKGFKD48CC,30,35.60,辦公室。,鋼筋混凝土造,84年3月31日,十五層,,
RPPNMLPKJHKGFKD48CC,30,7.98,共有部分,鋼筋混凝土造,84年3月31日,十五層,,
RPPNMLPKJHKGFKD48CC,30,37.44,共有部分,鋼筋混凝土造,84年3月31日,十五層,,
RPSNMLPKJHKGFAD77CC,28,40.98,住家用,鋼筋混凝土造,86年1月27日,二十層,,
RPSNMLPKJHKGFAD77CC,28,9.02,共有部分,鋼筋混凝土造,86年1月27日,二十層,,
RPSNMLPKJHKGFAD77CC,28,6.79,共有部分,鋼筋混凝土造,86年1月27日,二十層,,
RPSNMLPKJHKGFAD77CC,28,3.92,共有部分,鋼筋混凝土造,86年1月27日,二十層,,
RPVNMLPKJHKGFAD08CC,42,18.40,商業用,鋼筋混凝土造,71年11月19日,七層,,
RPTNMLPKJHKGFAD87CC,29,34.95,住家用,鋼筋混凝土造,84年10月24日,十三層,,
RPTNMLPKJHKGFAD87CC,29,9.36,共有部分,鋼筋混凝土造,84年10月24日,十三層,,
RPRNMLPKJHKGFAD67CC,34,24.17,住家用,鋼筋混凝土造,79年8月20日,八層,,
RPRNMLPKJHKGFAD67CC,34,5.06,共有部分,鋼筋混凝土造,79年8月20日,八層,,
RPPNMLQKJHKGFDD87CC,1,53.31,集合住宅,鋼筋混凝土造,113年4月16日,五層,,
RPPNMLQKJHKGFDD87CC,1,34.37,本共有部分之項目有停車空間、安全梯、昇降機道、維護管理空間、資源回收專區、門廊、電信室、梯廳、樓梯間、機房、水箱等１１項。,鋼筋混凝土造,113年4月16日,五層,,
RPPNMLOKJHKGFKD38CC,12,206.34,住家用,鋼筋混凝土構造,102年1月22日,四層,,
RPTNMLQKJHKGFAD97CC,44,52.48,住家用,鋼筋混凝土造,70年2月17日,五層,,
RPTNMLQKJHKGFAD97CC,44,15.85,共有部分,鋼筋混凝土造,70年2月17日,五層,,
RPUNMLQKJHKGFAD08CC,3,48.27,集合住宅,鋼筋混凝土構造,110年12月13日,二十二層,,
RPUNMLQKJHKGFAD08CC,3,48.32,本共有部分之項目有管委會使用空間、公共服務空間、樓梯間、電梯間、機械室、水箱、停車空間、防空避難室兼停車空間、中繼機房、外廊、防災中心、車道。,鋼筋混凝土構造,110年12月13日,二十二層,,
RPROMLPKJHKGFAD77CC,31,26.45,住商用,鋼筋混凝土造,83年7月2日,五層,,
RPWNMLPKJHKGFAD18CC,35,11.86,住家用,鋼筋混凝土造,79年5月18日,五層,,
RPWNMLPKJHKGFAD18CC,35,6.19,共有部分,鋼筋混凝土造,79年5月18日,五層,,
RPSNMLQKJHKGFAD87CC,28,66.08,住家用,鋼筋混凝土造,85年12月2日,十九層,,
RPSNMLQKJHKGFAD87CC,28,22.94,共有部分,鋼筋混凝土造,85年12月2日,十九層,,
RPSNMLQKJHKGFAD87CC,28,9.83,共有部分,鋼筋混凝土造,85年12月2日,十九層,,
RPRNMLQKJHKGFKD78CC,7,9.38,住家用,鋼筋混凝土構造,107年4月2日,五層,,
RPRNMLQKJHKGFKD78CC,7,4.17,本共有部分之項目有：電梯間，樓梯間及水箱等３項,鋼筋混凝土構造,107年4月2日,五層,,
RPRNMLQKJHKGFID58CC,1,84.38,集合住宅,鋼筋混凝土造,113年6月24日,十四層,,
RPRNMLQKJHKGFID58CC,1,19.35,本共有部分之項目有梯廳、管委會使用空間、停車空間等３項,鋼筋混凝土造,113年6月24日,十四層,,
RPRNMLQKJHKGFID58CC,1,25.02,本共有部分之項目有停車空間等１項,鋼筋混凝土造,113年6月24日,十四層,,
RPRNMLQKJHKGFID58CC,1,20.93,本共有部分之項目有機電設備空間、進風機房、梯廳兼排煙室、樓電梯間、水錶機房、消防水箱、樓梯間、電梯機房、水箱等９項,鋼筋混凝土造,113年6月24日,十四層,,
RPOOMLRKJHKGFAD67CC,52,43.08,住家用,加強磚造,61年12月18日,三層,,
RPXNMLRKJHKGFAD48CC,30,26.38,住家用,鋼筋混凝土造,84年7月4日,十八層,,
RPXNMLRKJHKGFAD48CC,30,46.39,共有部分,鋼筋混凝土造,84年7月4日,十八層,,
RPUNMLRKJHKGFAD18CC,21,97.36,集合住宅,鋼筋混凝土造,92年9月16日,十四層,,
RPUNMLRKJHKGFAD18CC,21,33.38,管理室等,鋼筋混凝土造,92年9月16日,十四層,,
RPUNMLRKJHKGFAD18CC,21,18.16,公共設施,鋼筋混凝土造,92年9月16日,十四層,,
RPTNMLQKJHKGFKD98CC,1,70.46,集合住宅,鋼筋混凝土構造,112年8月18日,十五層,,
RPTNMLQKJHKGFKD98CC,1,14.03,本共有部分之項目有：停車空間，防空避難室兼停車空間，公共空間，專用汙水處理設施，消防蓄水池，管委會，梯廳，環保室，車道，無障礙廁所，門廊等１１項,鋼筋混凝土構造,112年8月18日,十五層,,
RPTNMLQKJHKGFKD98CC,1,16.23,本共有部分之項目有安全梯、戶外安全梯、機電空間、排煙室、梯廳、緊急升降機、電梯、管道間、電梯機械室、水箱等１０項,鋼筋混凝土構造,112年8月18日,十五層,,
RPRNMLQKJHKGFCD97CC,3,21.65,集合住宅,鋼筋混凝土構造,111年6月1日,六層,,
RPRNMLQKJHKGFCD97CC,3,13.11,本共有部分之項目有：防空避難室兼停車空間、梯廳、安全梯、台電配電室、緊急發電機、電信室、消防機房、汙水機房、雨水機房、水箱、管理委員會空間、中央監控室、戶外安全梯、機房、管委會空間（走廊）、管委會空間等十六項。,鋼筋混凝土構造,111年6月1日,六層,,
RPUNMLQKJHKGFCD28CC,32,54.83,住家用,鋼筋混凝土造,81年10月12日,六層,,
RPUNMLQKJHKGFCD28CC,32,21.74,共有部分,鋼筋混凝土造,81年10月12日,六層,,
RPQNMLRKJHKGFCD97CC,47,83.16,住家用,加強磚造,66年12月29日,二層,,
RPUNMLRKJHKGFCD38CC,47,63.00,住家用,鋼筋混凝土造,67年5月9日,四層,,
RPPOMLRKJHKGFCD97CC,42,88.97,住商用,鋼筋混凝土造,71年12月30日,五層,,
RPSNMLRKJHKGFCD18CC,1,82.47,集合住宅,鋼筋混凝土造,113年1月23日,十五層,,
RPPOMLRKJHKGFCD97CC,42,8.48,共有部分,鋼筋混凝土造,71年12月30日,五層,,
RPSNMLRKJHKGFCD18CC,1,65.87,共有部分包括有：車道、管委會空間、公共服務空間、門廊、梯間、梯廳、排煙室、機械室、水箱、防空避難室兼停車空間、停車空間等１１項。,鋼筋混凝土造,113年1月23日,十五層,,
RPSNMLQKJHKGFHD58CC,43,102.48,住商用,加強磚造,71年1月18日,二層,,
RPQNMLQKJHKGFHD38CC,,77.31,集合住宅,鋼筋混凝土造,113年8月23日,七層,,
RPQNMLQKJHKGFHD38CC,,40.73,本共有部分之項目有門廊、停車空間、管理維護空間等公共設施、樓梯間、電梯機械室、水箱等６項,鋼筋混凝土造,113年8月23日,七層,,
RPRNMLRKJHKGFCD08CC,53,67.14,住商用,加強磚造,61年2月2日,二層,,
RPOOMLRKJHKGFCD87CC,24,2576.65,幼稚園，托兒所，辦公室，教室,Ｒ.Ｃ造,90年6月11日,四層,,
RPTNMLRKJHKGFHD78CC,9,18.00,住家用,鋼筋混凝土造,104年11月10日,四層,,
RPROMLRKJHKGFCD18CC,47,62.19,住家用,鋼筋混凝土造,67年5月9日,四層,,
RPQNMLRKJHKGFHD48CC,1,69.07,集合住宅,鋼筋混凝土造,112年12月29日,六層,,
RPQNMLRKJHKGFHD48CC,1,24.31,本共有部分之項目有門廊、停車空間、電梯、管委會使用空間、電信室、梯廳、安全梯、消防機房、樓梯間、水箱及機械室等１１項。,鋼筋混凝土造,112年12月29日,六層,,
RPSNMLRKJHKGFHD68CC,9,15.50,住家用,鋼筋混凝土造,105年3月4日,四層,,
RPRNMLRKJHKGFHD58CC,9,24.35,住家用,鋼筋混凝土造,105年3月4日,四層,,
RPPNMLRKJHKGFGD28CC,28,150.42,店舖，集合住宅，停車空間,鋼筋混凝土造,85年9月16日,十三層,,
RPPNMLRKJHKGFGD28CC,28,17.19,共有部分,鋼筋混凝土造,85年9月16日,十三層,,
RPQOMLRKJHKGFCD08CC,52,25.00,住商用,加強磚造,62年2月20日,三層,,
RPPNMLRKJHKGFHD38CC,3,57.22,集合住宅,鋼筋混凝土造,110年9月1日,十五層,,
RPPNMLRKJHKGFHD38CC,3,26.98,停車空間、門廊、管理維護空間、垃圾儲存空間、資源回收專區、樓梯間、昇降機間、機械室、水塔,鋼筋混凝土造,110年9月1日,十五層,,
RPRNMLRKJHKGFKD88CC,7,9.68,住家用,鋼筋混凝土構造,107年4月2日,五層,,
RPRNMLRKJHKGFKD88CC,7,4.31,本共有部分之項目有：電梯間，樓梯間及水箱等３項,鋼筋混凝土構造,107年4月2日,五層,,
RPPNMLRKJHKGFKD68CC,7,13.10,住家用,鋼筋混凝土構造,107年4月2日,五層,,
RPPNMLRKJHKGFKD68CC,7,5.84,本共有部分之項目有：電梯間，樓梯間及水箱等３項,鋼筋混凝土構造,107年4月2日,五層,,
RPQNMLRKJHKGFKD78CC,7,9.42,住家用,鋼筋混凝土構造,107年4月2日,五層,,
RPQNMLRKJHKGFKD78CC,7,4.19,本共有部分之項目有：電梯間，樓梯間及水箱等３項,鋼筋混凝土構造,107年4月2日,五層,,
RPSNMLRKJHKGFKD98CC,7,9.42,住家用,鋼筋混凝土構造,107年4月2日,五層,,
RPSNMLRKJHKGFKD98CC,7,4.19,本共有部分之項目有：電梯間，樓梯間及水箱等３項,鋼筋混凝土構造,107年4月2日,五層,,
RPTNMLRKJHKGFKD09CC,7,9.41,住家用,鋼筋混凝土構造,107年4月2日,五層,,
RPTNMLRKJHKGFKD09CC,7,4.19,本共有部分之項目有：電梯間，樓梯間及水箱等３項,鋼筋混凝土構造,107年4月2日,五層,,
RPROMLRKJHKGFKD98CC,52,33.05,住商用,加強磚造,62年6月30日,三層,,
RPUOMLRKJHKGFKD66CC,42,135.60,住商用,加強磚造,72年1月18日,二層,,
RPPOMLRKJHKGFKD78CC,30,18.91,住家用,鋼筋混凝土造,83年11月23日,六層,,
RPPOMLRKJHKGFKD78CC,30,10.19,共有部分,鋼筋混凝土造,83年11月23日,六層,,
RPXNMLRKJHKGFKD86CC,51,68.26,住家用,磚造,62年12月1日,一層,,
RPRNMLSKJHKGFKD98CC,3,111.19,集合住宅,鋼筋混凝土構造,110年9月24日,十五層,,
RPRNMLSKJHKGFKD98CC,3,58.73,本共有部分之項目有：防空避難室兼停車空間、停車空間、管委會空間、梯間、梯廳、門廳、機械室、水箱、門廊、陽台共１０項,鋼筋混凝土構造,110年9月24日,十五層,,
RPRNMLSKJHKGFKD98CC,3,16.67,本共有部分之項目有：樓梯間共１項,鋼筋混凝土構造,110年9月24日,十五層,,
RPPOMLKLJHKGFAD17CC,45,397.34,避難室,鋼筋混凝土造,69年6月3日,七層,,
RPPOMLKLJHKGFAD17CC,45,60.05,共有部分,鋼筋混凝土造,69年6月3日,七層,,
RPOOMLKLJHKGFAD07CC,28,88.83,住家用,鋼筋混凝土造,85年12月2日,十九層,,
RPOOMLKLJHKGFAD07CC,28,13.06,共有部分,鋼筋混凝土造,85年12月2日,十九層,,
RPOOMLKLJHKGFAD07CC,28,8.38,共有部分,鋼筋混凝土造,85年12月2日,十九層,,
RPUNMLKLJHKGFAD57CC,24,64.85,集合住宅,鋼筋混凝土造,90年5月7日,五層,,
RPSNMLKLJHKGFAD37CC,40,131.02,住家用,鋼筋混凝土造,74年3月22日,二層,,
RPUNMLKLJHKGFAD57CC,24,24.04,共有部分,鋼筋混凝土造,90年5月7日,五層,,
RPRNMLKLJHKGFAD27CC,29,87.20,住家用,鋼筋混凝土造,85年2月13日,二十七層,,
RPRNMLKLJHKGFAD27CC,29,47.32,共有部分,鋼筋混凝土造,85年2月13日,二十七層,,
RPVNMLKLJHKGFAD67CC,2,88.81,集合住宅,鋼筋混凝土構造,112年4月11日,十五層,,
RPVNMLKLJHKGFAD67CC,2,22.81,本共有部分之項目有排煙室、昇降機、安全梯、機房、管道間、梯廳、水表室、電梯機房等８項。,鋼筋混凝土構造,112年4月11日,十五層,,
RPVNMLKLJHKGFAD67CC,2,22.94,本共有部分之項目有防空避難室兼停車空間、停車空間、電信室、公共服務空間、梯廳、防災中心、機房等７項。,鋼筋混凝土構造,112年4月11日,十五層,,
RPVNMLKLJHKGFAD67CC,2,19.79,本共有部分之項目有防空避難室兼停車空間、停車空間、電信室、公共服務空間、梯廳、防災中心、機房等７項。,鋼筋混凝土構造,112年4月11日,十五層,,
RPPNMLKLJHKGFAD07CC,32,13.23,住商用,鋼筋混凝土造,82年6月18日,五層,,
RPTNMLKLJHKGFCD67CC,43,85.27,集合住宅,鋼筋混凝土造,71年6月14日,五層,,
RPTNMLKLJHKGFCD67CC,43,6.52,共有部分,鋼筋混凝土造,71年6月14日,五層,,
RPUNMLKLJHKGFCD77CC,27,139.74,住家用,鋼筋混凝土造,86年9月19日,二十五層,,
RPUNMLKLJHKGFCD77CC,27,94.33,共有部分,鋼筋混凝土造,86年9月19日,二十五層,,
RPPNMLKLJHKGFCD27CC,6,50.21,集合住宅,鋼筋混凝土構造,108年2月26日,七層,,
RPPNMLKLJHKGFCD27CC,6,23.24,本共有部分之項目有：防空避難室兼停車空間、停車空間、管理維護空間、電信室、安全梯、樓梯間、梯廳、昇降機、機械室、水箱共１０項。,鋼筋混凝土構造,108年2月26日,七層,,
RPQNMLKLJHKGFCD37CC,37,140.99,住家用,鋼筋混凝土造,77年5月24日,二層,,
RPRNMLKLJHKGFCD47CC,53,37.40,住家用,鋼筋混凝土造,60年12月12日,四層,,
RPRNMLKLJHKGFCD47CC,53,1.75,共有部分,鋼筋混凝土造,60年12月12日,四層,,
RPQNMLKLJHKGFBD27CC,45,103.40,住家用,加強磚造,69年6月20日,二層,,
RPSNMLRKJHKGFBD08CC,45,152.57,住商用,鋼筋混凝土造,69年1月15日,三層,,
RPRNMLRKJHKGFBD97CC,3,52.13,集合住宅,鋼筋混凝土造,111年6月13日,五層,,
RPRNMLRKJHKGFBD97CC,3,18.61,本共有部分之項目有管理委員會空間、停車空間、樓電梯間、梯廳、管道間、水箱等６項。,鋼筋混凝土造,111年6月13日,五層,,
RPRNMLKLJHKGFBD37CC,26,65.75,住家用,鋼筋混凝土造,87年8月14日,十二層,,
RPRNMLKLJHKGFBD37CC,26,16.25,共有部分,鋼筋混凝土造,87年8月14日,十二層,,
RPRNMLKLJHKGFHD97CC,29,53.66,住家用,鋼筋混凝土造,84年11月24日,四層,,
RPPNMLKLJHKGFHD77CC,5,158.07,集合住宅,鋼筋混凝土造,109年3月28日,四層,,
RPQNMLKLJHKGFHD87CC,27,92.01,住家用,鋼筋混凝土造,86年8月25日,七層,,
RPSNMLKLJHKGFID18CC,47,13.27,住商用,加強磚造,66年8月19日,二層,,
RPRNMLKLJHKGFKD28CC,30,89.84,商業用,鋼筋混凝土造,84年3月31日,十五層,,
RPRNMLKLJHKGFKD28CC,30,14.18,共有部分,鋼筋混凝土造,84年3月31日,十五層,,
RPPNMLKLJHKGFKD08CC,29,48.61,住家用,鋼筋混凝土造,85年2月16日,十三層,,
RPPNMLKLJHKGFKD08CC,29,6.33,共有部分,,85年2月16日,十三層,,
RPPNMLKLJHKGFKD08CC,29,2.02,共有部分,鋼筋混凝土造,85年2月16日,十三層,,
RPQNMLKLJHKGFKD18CC,31,19.55,住家用,鋼筋混凝土造,83年4月13日,七層,,
RPQNMLKLJHKGFKD18CC,31,6.60,共有部分,鋼筋混凝土造,83年4月13日,七層,,
RPSNMLKLJHKGFKD38CC,35,194.93,住商用,鋼筋混凝土造,78年9月7日,三層,,
RPQNMLLLJHKGFAD27CC,30,99.12,住家用,鋼筋混凝土造,83年11月8日,十二層,,
RPQNMLLLJHKGFAD27CC,30,10.55,共有部分,鋼筋混凝土造,83年11月8日,十二層,,
RPQNMLLLJHKGFAD27CC,30,11.89,共有部分,鋼筋混凝土造,83年11月8日,十二層,,
RPUNMLKLJHKGFKD58CC,29,67.27,住家用,鋼筋混凝土造,84年9月8日,十九層,,
RPUNMLKLJHKGFKD58CC,29,24.07,共有部分,鋼筋混凝土造,84年9月8日,十九層,,
RPPNMLLLJHKGFAD17CC,31,13.32,住家用,鋼筋混凝土造,83年6月24日,四層,,
RPTNMLKLJHKGFKD48CC,31,141.35,住商用,鋼筋混凝土造,83年3月22日,十一層,,
RPTNMLKLJHKGFKD48CC,31,22.37,共有部分,鋼筋混凝土造,83年3月22日,十一層,,
RPPNMLLLJHKGFBD27CC,4,81.11,集合住宅,鋼筋混凝土造,110年5月26日,十九層,,
RPPNMLLLJHKGFBD27CC,4,70.04,本共有部份之項目有：防空避難室兼停車空間、停車空間、樓梯間、機械房、水箱、管委會使用空間、中繼馬達設備室、門廊、外廊、防災中心、車道、梯間、昇降機間等１３項。,鋼筋混凝土造,110年5月26日,十九層,,
RPRNMLLLJHKGFBD47CC,1,82.97,集合住宅,鋼筋混凝土造,112年9月13日,十四層,,
RPRNMLLLJHKGFBD47CC,1,43.76,本共有部分之項目有停車空間、梯間、台電配電場所、垃圾儲藏室、垃圾暫停車位、發電機房、樓電梯間、水箱、儲藏室、雨水機房、防空避難室兼停車空間、公共服務空間、無障礙廁所、宅配室、迴廊、門廳、管委會使用空間、車道、樓梯間、水錶室、機房、機械室、消防水箱等２３項。,鋼筋混凝土造,112年9月13日,十四層,,
RPSNMLLLJHKGFCD67CC,29,17.60,住家用,鋼筋混凝土造,85年2月2日,三層,,
RPSNMLLLJHKGFCD67CC,29,4.58,共有部分,鋼筋混凝土造,85年2月2日,三層,,
RPTNMLLLJHKGFCD77CC,33,65.12,住家用,鋼筋混凝土造,80年10月4日,六層,,
RPTNMLLLJHKGFCD77CC,33,11.47,共有部分,鋼筋混凝土造,80年10月4日,六層,,
RPTNMLLLJHKGFCD77CC,33,9.76,共有部分,鋼筋混凝土造,80年10月4日,六層,,
RPUNMLLLJHKGFCD87CC,45,112.68,住家用,加強磚造,69年4月23日,二層,,
RPVNMLLLJHKGFCD97CC,55,26.20,住商用,補強磚造,59年6月4日,三層,,
RPWNMLLLJHKGFCD08CC,45,76.29,集合住宅,鋼筋混凝土造,69年5月22日,七層,,
RPWNMLLLJHKGFCD08CC,45,9.84,共有部分,鋼筋混凝土造,69年5月22日,七層,,
RPXNMLLLJHKGFCD18CC,31,55.22,住家用,鋼筋混凝土造,83年1月8日,七層,,
RPXNMLLLJHKGFCD18CC,31,14.99,共有部分,鋼筋混凝土造,83年1月8日,七層,,
RPPNMLLLJHKGFGD77CC,30,44.59,住家用,鋼筋混凝土造,84年6月22日,十二層,,
RPPNMLLLJHKGFGD77CC,30,12.70,共有部分,鋼筋混凝土造,84年6月22日,十二層,,
RPPNMLLLJHKGFID97CC,1,58.49,集合住宅,鋼筋混凝土造,112年8月8日,十五層,,
RPPNMLLLJHKGFID97CC,1,43.30,本共有部分之項目有停車空間、管委會使用空間、梯間、車道、前廊、陽台、樓梯間、機械室、水箱等９項,鋼筋混凝土造,112年8月8日,十五層,,
RPTNMLLLJHKGFID38CC,47,14.34,住商用,加強磚造,66年8月19日,二層,,
RPPNMLLLJHKGFKD18CC,16,22.66,住家用,鋼筋混凝土造,97年10月30日,四層,,
RPRNMLLLJHKGFKD38CC,18,23.28,住家用,鋼筋混凝土造,95年11月28日,四層,,
RPQNMLLLJHKGFKD28CC,21,22.35,店舖，住宅，停車空間,鋼筋混凝土造,93年6月8日,四層,,
RPTNMLLLJHKGFKD58CC,18,8.64,辦公室,鋼筋混凝土造,95年9月18日,八層,,
RPTNMLLLJHKGFKD58CC,18,8.62,共有部分,鋼筋混凝土造,95年9月18日,八層,,
RPSNMLLLJHKGFKD48CC,11,35.83,住家用,鋼筋混凝土構造,102年9月25日,四層,,
RPTNMLLLJHKGFAD57CC,34,102.84,住家用,鋼筋混凝土造,80年6月19日,五層,,
RPTNMLLLJHKGFAD57CC,34,37.78,共有部分,鋼筋混凝土造,80年6月19日,五層,,
RPWNMLLLJHKGFAD87CC,37,128.21,住家用,鋼筋混凝土造,77年2月15日,四層,,
RPWNMLLLJHKGFAD87CC,37,14.45,共有部分,鋼筋混凝土造,77年2月15日,四層,,
RPUNMLLLJHKGFAD67CC,9,55.02,集合住宅,鋼筋混凝土構造,104年11月5日,二十四層,,
RPUNMLLLJHKGFAD67CC,9,23.51,本共有部分之項目：有樓梯間、門廊、門廳、管委會使用空間、防災中心、停車空間、防空避難室、車道、游泳池、機房自來水池等項,鋼筋混凝土構造,104年11月5日,二十四層,,
RPQOMLLLJHKGFKD38CC,25,24.50,住家用,鋼筋混凝土造,88年8月24日,十四層,,
RPQOMLLLJHKGFKD38CC,25,.60,共有部分,鋼筋混凝土造,88年8月24日,十四層,,
RPQOMLLLJHKGFKD38CC,25,1.04,共有部分,鋼筋混凝土造,88年8月24日,十四層,,
RPQOMLLLJHKGFKD38CC,25,6.49,共有部分,鋼筋混凝土造,88年8月24日,十四層,,
RPWNMLLLJHKGFKD88CC,2,65.15,集合住宅,鋼筋混凝土構造,112年5月18日,十三層,,
RPWNMLLLJHKGFKD88CC,2,35.47,本共有部分之項目有：防空避難室兼停車空間，停車空間，門廊，機電設備空間，樓梯間，梯廳兼走廊，昇降機，管委會使用空間，水箱，梯廳，機械房等１１項,筋混凝土構造,112年5月18日,十三層,,
RPVNMLLLJHKGFKD78CC,31,24.00,住家用,鋼筋混凝土造,82年12月30日,九層,,
RPVNMLLLJHKGFKD78CC,31,16.01,共有部分,鋼筋混凝土造,82年12月30日,九層,,
RPROMLLLJHKGFKD48CC,32,96.60,住家用,鋼筋混凝土造,82年6月9日,七層,,
RPROMLLLJHKGFKD48CC,32,12.46,共有部分,鋼筋混凝土造,82年6月9日,七層,,
RPROMLLLJHKGFKD48CC,32,3.33,共有部分,鋼筋混凝土造,82年6月9日,七層,,
RPROMLLLJHKGFKD48CC,32,17.48,共有部分,鋼筋混凝土造,82年6月9日,七層,,
RPROMLLLJHKGFKD48CC,32,10.23,共有部分,鋼筋混凝土造,82年6月9日,七層,,
RPPOMLLLJHKGFKD28CC,25,23.19,住家用,鋼筋混凝土造,88年8月24日,十四層,,
RPPOMLLLJHKGFKD28CC,25,.57,共有部分,鋼筋混凝土造,88年8月24日,十四層,,
RPPOMLLLJHKGFKD28CC,25,1.04,共有部分,鋼筋混凝土造,88年8月24日,十四層,,
RPPOMLLLJHKGFKD28CC,25,6.20,共有部分,鋼筋混凝土造,88年8月24日,十四層,,
RPPNMLMLJHKGFAD27CC,43,44.25,住家用,鋼筋混凝土造,70年12月24日,六層,,
RPPNMLMLJHKGFAD27CC,43,10.33,共有部分,鋼筋混凝土造,70年12月24日,六層,,
RPPNMLMLJHKGFAD27CC,43,4.72,共有部分,鋼筋混凝土造,70年12月24日,六層,,
RPRNMLMLJHKGFAD47CC,30,16.10,住家用,鋼筋混凝土造,83年12月16日,十三層,,
RPRNMLMLJHKGFAD47CC,30,5.58,共有部分,鋼筋混凝土造,83年12月16日,十三層,,
RPSNMLMLJHKGFAD57CC,33,24.58,住家用,鋼筋混凝土造,80年9月3日,六層,,
RPSNMLMLJHKGFAD57CC,33,5.93,共有部分,鋼筋混凝土造,80年9月3日,六層,,
RPOOMLLLJHKGFCD37CC,42,80.29,住家用,鋼筋混凝土造,71年9月10日,五層,,
RPPNMLLLJHKGFHD87CC,1,97.79,集合住宅,鋼骨鋼筋混凝土造,112年9月27日,二十六層,,
RPPNMLLLJHKGFHD87CC,1,89.33,本共有部分之項目有停車空間、樓梯間、機械室、水箱、儲藏室、陽台、公共空間、管委會使用空間等８項,鋼骨鋼筋混凝土造,112年9月27日,二十六層,,
RPROMLMLJHKGFAD57CC,45,50.23,住家用,鋼筋混凝土造,68年12月19日,五層,,
RPROMLMLJHKGFAD57CC,45,7.66,共有部分,鋼筋混凝土造,68年12月19日,五層,,
RPOOMLMLJHKGFAD27CC,53,20.13,住家用,加強磚造,61年4月22日,二層,,
RPSOMLMLJHKGFAD67CC,69,70.51,住家用,鋼筋造,45年1月1日,二層,,
RPPOMLMLJHKGFAD37CC,42,17.50,商業用,鋼筋混凝土造,71年11月19日,七層,,
RPXNMLMLJHKGFAD08CC,1,71.12,集合住宅,鋼筋混凝土造,112年11月8日,二十二層,,
RPXNMLMLJHKGFAD08CC,1,64.27,本共有部分之項目有防空避難室兼停車空間、停車空間、管委會使用空間、梯間、門廳兼梯廳、樓梯間、機械室、水箱、門廊、車道、排煙室、管道間等１２項,鋼筋混凝土造,112年11月8日,二十二層,,
RPQOMLMLJHKGFAD47CC,9,62.75,集合住宅,鋼筋混凝土構造,104年11月5日,二十四層,,
RPQOMLMLJHKGFAD47CC,9,26.53,本共有部分之項目：有樓梯間、門廊、門廳、管委會使用空間、防災中心、停車空間、防空避難室、車道、游泳池、機房自來水池等項,鋼筋混凝土構造,104年11月5日,二十四層,,
RPUOMLMLJHKGFAD87CC,,73.16,住家用,磚造,,一層,,
RPTPMLMLJHKGFAD87CC,43,44.72,住家用,鋼筋混凝土造,70年12月24日,六層,,
RPTPMLMLJHKGFAD87CC,43,10.33,共有部分,鋼筋混凝土造,70年12月24日,六層,,
RPTPMLMLJHKGFAD87CC,43,3.99,共有部分,鋼筋混凝土造,70年12月24日,六層,,
RPWOMLMLJHKGFAD08CC,41,87.55,住家用,鋼筋混凝土造,72年8月17日,五層,,
RPWOMLMLJHKGFAD08CC,41,9.16,共有部分,鋼筋混凝土造,72年8月17日,五層,,
RPWOMLMLJHKGFAD08CC,41,6.11,共有部分,鋼筋混凝土造,72年8月17日,五層,,
RPSPMLMLJHKGFAD77CC,,57.85,住家用,木造,,一層,,
RPXOMLMLJHKGFAD18CC,52,73.95,住家用,加強磚造,62年3月24日,二層,,
RPVOMLMLJHKGFAD97CC,18,234.44,住宅、停車空間,ＲＣ造,95年8月22日,四層,,
RPOPMLMLJHKGFAD37CC,60,61.20,住家用,加強磚造,53年10月31日,二層,,
RPPNMLMLJHKGFBD37CC,1,74.17,集合住宅,鋼筋混凝土造,113年1月16日,二十七層,,
RPPNMLMLJHKGFBD37CC,1,42.92,防空避難室兼停車空間、停車空間、管理委員會使用空間、安全梯、樓梯間、梯廳、管道間、一般昇降機、緊急昇降機、機械室、水箱、排煙室、陽台、雨遮、中繼機房、車道、門廊等１７項。,鋼筋混凝土造,113年1月16日,二十七層,,
RPQNMLMLJHKGFBD47CC,10,204.50,店舖，住宅，停車空間,鋼筋混凝土造,103年10月3日,四層,,
RPRNMLMLJHKGFBD57CC,12,218.99,住宅，停車空間,鋼筋混凝土造,101年9月5日,四層,,
RPSNMLMLJHKGFBD67CC,32,196.87,住家用,鋼筋混凝土造,82年4月23日,三層,,
RPQNMLMLJHKGFCD57CC,34,111.14,住家用,鋼筋混凝土造,79年12月18日,五層,,
RPQNMLMLJHKGFCD57CC,34,23.44,共有部分,鋼筋混凝土造,79年12月18日,五層,,
RPPNMLMLJHKGFCD47CC,35,20.94,住家用,鋼筋混凝土造,79年1月2日,七層,,
RPPNMLMLJHKGFCD47CC,35,11.82,共有部分,鋼筋混凝土造,79年1月2日,七層,,
RPOOMLMLJHKGFCD47CC,43,103.93,住家用,鋼筋混凝土造,71年5月3日,五層,,
RPOOMLMLJHKGFCD47CC,43,14.43,共有部分,鋼筋混凝土造,71年5月3日,五層,,
RPRNMLMLJHKGFCD67CC,25,88.13,住家用,鋼筋混凝土造,88年8月2日,十四層,,
RPRNMLMLJHKGFCD67CC,25,22.91,共有部分,鋼筋混凝土造,88年8月2日,十四層,,
RPRNMLMLJHKGFCD67CC,25,9.55,共有部分,鋼筋混凝土造,88年8月2日,十四層,,
RPXNMLMLJHKGFCD28CC,,45.28,集合住宅,鋼筋混凝土造,113年8月16日,十五層,,
RPXNMLMLJHKGFCD28CC,,50.46,本共有部份之項目有：防空避難室兼停車空間、停車空間、管委會使用空間、樓梯間、昇降機間、機械室、水箱、梯間、門廊、車道共１０項。,鋼筋混凝土造,113年8月16日,十五層,,
RPWOMLMLJHKGFCD28CC,42,82.33,集合住宅,鋼筋混凝土造,71年11月29日,五層,,
RPWOMLMLJHKGFCD28CC,42,7.20,共有部分,鋼筋混凝土造,71年11月29日,五層,,
RPXOMLMLJHKGFCD38CC,29,194.82,住家用,鋼筋混凝土造,84年11月6日,二十層,,
RPXOMLMLJHKGFCD38CC,29,13.54,共有部分,鋼筋混凝土造,84年11月6日,二十層,,
RPTOMLMLJHKGFCD97CC,42,98.95,住家用,鋼筋混凝土造,71年12月21日,五層,,
RPXOMLMLJHKGFCD38CC,29,33.75,共有部分,鋼筋混凝土造,84年11月6日,二十層,,
RPTOMLMLJHKGFCD97CC,42,13.12,共有部分,鋼筋混凝土造,71年12月21日,五層,,
RPPOMLMLJHKGFCD57CC,34,16.56,住家用,鋼筋混凝土造,80年1月21日,七層,,
RPPOMLMLJHKGFCD57CC,34,6.74,共有部分,鋼筋混凝土造,80年1月21日,七層,,
RPUOMLMLJHKGFCD08CC,17,64.76,住家用,鋼筋混凝土造,96年9月6日,十四層,,
RPUOMLMLJHKGFCD08CC,17,13.44,共有部分,鋼筋混凝土造,96年9月6日,十四層,,
RPUOMLMLJHKGFCD08CC,17,11.09,共有部分,鋼筋混凝土造,96年9月6日,十四層,,
RPSOMLMLJHKGFCD87CC,32,55.39,住家用,鋼筋混凝土造,82年6月9日,十六層,,
RPSOMLMLJHKGFCD87CC,32,15.22,共有部分,鋼筋混凝土造,82年6月9日,十六層,,
RPSOMLMLJHKGFCD87CC,32,7.32,共有部分,鋼筋混凝土造,82年6月9日,十六層,,
RPPNMLMLJHKGFID08CC,49,82.74,住家用,加強磚造,65年1月1日,二層,,
RPOPMLMLJHKGFCD57CC,34,69.49,住家用,鋼筋混凝土造,80年2月25日,六層,,
RPOPMLMLJHKGFCD57CC,34,24.10,共有部分,鋼筋混凝土造,80年2月25日,六層,,
RPPNMLMLJHKGFDD57CC,27,120.87,住家用,鋼筋混凝土造,86年7月21日,十九層,,
RPPNMLMLJHKGFDD57CC,27,35.83,共有部分,鋼筋混凝土造,86年7月21日,十九層,,
RPQNMLMLJHKGFKD38CC,25,22.85,住家用,鋼筋混凝土造,88年8月24日,十四層,,
RPQNMLMLJHKGFKD38CC,25,.53,共有部分,鋼筋混凝土造,88年8月24日,十四層,,
RPQNMLMLJHKGFKD38CC,25,1.04,共有部分,鋼筋混凝土造,88年8月24日,十四層,,
RPQNMLMLJHKGFKD38CC,25,5.92,共有部分,鋼筋混凝土造,88年8月24日,十四層,,
RPPNMLMLJHKGFKD28CC,25,23.19,住家用,鋼筋混凝土造,88年8月24日,十四層,,
RPPNMLMLJHKGFKD28CC,25,.57,共有部分,鋼筋混凝土造,88年8月24日,十四層,,
RPPNMLMLJHKGFKD28CC,25,1.04,共有部分,鋼筋混凝土造,88年8月24日,十四層,,
RPPNMLMLJHKGFKD28CC,25,6.20,共有部分,鋼筋混凝土造,88年8月24日,十四層,,
RPSOMLLLJHKGFKD58CC,2,60.64,集合住宅,鋼筋混凝土構造,112年3月9日,十五層,,
RPSOMLLLJHKGFKD58CC,2,30.42,本共有部分之項目有：防空避難室兼停車空間，停車空間，垃圾車暫停區，無障礙廁所，公共服務空間，垃圾儲藏室，車道，門廊，梯間，管委會空間，樓電梯間，樓梯間，水箱，昇降機機房等１４項,鋼筋混凝土構造,112年3月9日,十五層,,
RPUOMLLLJHKGFKD78CC,28,32.03,住家用,鋼筋混凝土造,85年11月22日,十三層,,
RPUOMLLLJHKGFKD78CC,28,9.25,共有部分,鋼筋混凝土造,85年11月22日,十三層,,
RPUPMLMLJHKGFAD97CC,33,18.39,住家用,鋼筋混凝土造,80年7月29日,七層,,
RPUPMLMLJHKGFAD97CC,33,2.86,共有部分,鋼筋混凝土造,80年7月29日,七層,,
RPUPMLMLJHKGFAD97CC,33,3.90,共有部分,鋼筋混凝土造,80年7月29日,七層,,
RPUPMLMLJHKGFAD97CC,33,1.66,共有部分,鋼筋混凝土造,80年7月29日,七層,,
RPRNMLNLJHKGFAD57CC,,113.80,住家用,加強磚造,,二層,,
RPSNMLMLJHKGFKD58CC,30,85.91,住家用,鋼筋混凝土造,83年12月13日,七層,,
RPSNMLMLJHKGFKD58CC,30,35.92,共有部分,鋼筋混凝土造,83年12月13日,七層,,
RPQNMLNLJHKGFAD47CC,41,36.36,避難室、住宅,鋼筋混凝土造,73年4月20日,三層,,
RPSNMLNLJHKGFAD67CC,27,98.29,住家用,鋼筋混凝土造,86年10月21日,二十二層,,
RPSNMLNLJHKGFAD67CC,27,29.97,共有部分,鋼筋混凝土造,86年10月21日,二十二層,,
RPTNMLNLJHKGFAD77CC,11,88.51,集合住宅,鋼筋混凝土構造,102年12月25日,十四層,,
RPTNMLNLJHKGFAD77CC,11,53.60,本共有部分之項目有門廳、守衛室、停車空間、防空避難室、管理維護空間。,鋼筋混凝土構造,102年11月25日,十四層,,
RPTNMLNLJHKGFAD77CC,11,19.49,本共有部分之項目有電樓梯間、電梯機房、水箱。,鋼筋混凝土構造,102年11月25日,十四層,,
RPUNMLNLJHKGFAD87CC,32,18.84,住家用,鋼筋混凝土造,82年3月27日,六層,,
RPVNMLNLJHKGFAD97CC,40,26.13,住家用,鋼筋混凝土造,74年5月15日,五層,,
RPUNMLNLJHKGFAD87CC,32,6.15,共有部分,鋼筋混凝土造,82年3月27日,六層,,
RPVNMLNLJHKGFAD97CC,40,7.55,共有部分,鋼筋混凝土造,74年5月15日,五層,,
RPRNMLNLJHKGFBD67CC,3,60.80,集合住宅,鋼筋混凝土造,111年6月1日,五層,,
RPRNMLNLJHKGFBD67CC,3,20.31,本共有部分之項目有：停車空間、梯廳、昇降機、門廊、管理委員會使用空間、電信室、安全梯、樓梯間共８項,鋼筋混凝土造,111年6月1日,五層,,
RPQNMLNLJHKGFBD57CC,20,202.52,停車空間，住宅,鋼筋混凝土造,94年2月24日,四層,,
RPQNMLMLJHKGFID18CC,5,57.84,集合住宅,鋼筋混凝土構造,108年8月22日,五層,,
RPQNMLMLJHKGFID18CC,5,20.19,本共有部分之項目有管理維護使用空間、停車空間、安全梯、梯間、昇降機道、昇降機間、電信室、梯廳、昇降機機房等９項,鋼筋混凝土構造,108年8月22日,五層,,
RPTNMLMLJHKGFID48CC,27,30.97,住家用,鋼筋混凝土造,86年7月21日,六層,,
RPTNMLMLJHKGFID48CC,27,12.67,共有部分,鋼筋混凝土造,86年7月21日,六層,,
RPSNMLMLJHKGFID38CC,15,112.14,住家用,鋼筋混凝土造,99年4月22日,十四層,,
RPSNMLMLJHKGFID38CC,15,62.01,本共有部分之項目有防空避難室兼停車空間、管委會使用空間、突出物１、２層、梯間、機械室、水箱。,鋼筋混凝土造,99年4月22日,十四層,,
RPRNMLMLJHKGFID28CC,1,82.67,集合住宅,鋼筋混凝土構造,112年8月15日,十四層,,
RPRNMLMLJHKGFID28CC,1,70.29,本共有部分之項目有停車空間、消防泵浦室、發電機室、台電配電室、門廊、走廊、門廳、梯間、管理委員會使用空間、樓梯間、水箱、機械室等１２項,鋼筋混凝土構造,112年8月15日,十四層,,
RPPNMLNLJHKGFFD87CC,3,409.97,廠房,鋼骨構造有牆,111年4月25日,一層,,
RPPNMLNLJHKGFHD08CC,1,48.93,集合住宅,鋼筋混凝土造,113年7月18日,十五層,,
RPPNMLNLJHKGFHD08CC,1,25.01,本共有部分之項目有停車空間、雨水貯留利用及汙水機房、消防機械室、發電機室、排煙室、樓梯間、一般昇降機、緊急昇降機、安全梯、無障礙樓梯、水箱、台電配電室、電信室、管委會使用空間、梯廳、門廊、管道間、水表室、電梯機房等１９項,鋼筋混凝土造,113年7月18日,十五層,,
RPRNMLNLJHKGFHD28CC,1,59.57,集合住宅,鋼筋混凝土造,112年7月24日,七層,,
RPRNMLNLJHKGFHD28CC,1,19.10,本共有部分之項目有機電空間、管委會使用空間、門廊、樓梯間、停車空間及水箱等６項。,鋼筋混凝土造,112年7月24日,七層,,
RPPNMLNLJHKGFID18CC,,55.31,集合住宅,鋼筋混凝土造,113年9月30日,十四層,,
RPPNMLNLJHKGFID18CC,,39.18,本共有部分之項目有停車空間、門廊、管委會空間、樓電梯間、梯廳、電信室、垃圾分類室、樓梯間、排煙室、電梯間、水箱、陽台等１２項,鋼筋混凝土造,113年9月30日,十四層,,
RPQNMLNLJHKGFID28CC,,55.27,集合住宅,鋼筋混凝土造,113年9月30日,十四層,,
RPQNMLNLJHKGFID28CC,,39.11,本共有部分之項目有停車空間、門廊、管委會空間、樓電梯間、梯廳、電信室、垃圾分類室、樓梯間、排煙室、電梯間、水箱、陽台等１２項,鋼筋混凝土造,113年9月30日,十四層,,
RPQNMLNLJHKGFCD67CC,40,49.69,住家用,鋼筋混凝土造,73年8月17日,七層,,
RPQNMLNLJHKGFCD67CC,40,17.25,共有部分,鋼筋混凝土造,73年8月17日,七層,,
RPVNMLNLJHKGFCD18CC,29,59.43,住家用,鋼筋混凝土造,84年11月6日,二十層,,
RPVNMLNLJHKGFCD18CC,29,12.40,共有部分,鋼筋混凝土造,84年11月6日,二十層,,
RPVNMLNLJHKGFCD18CC,29,33.51,共有部分,鋼筋混凝土造,84年11月6日,二十層,,
RPSNMLNLJHKGFCD87CC,43,114.79,集合住宅,鋼筋混凝土造,70年11月26日,五層,,
RPRNMLNLJHKGFCD77CC,52,57.20,住商用,加強磚造,62年5月10日,二層,,
RPSNMLNLJHKGFCD87CC,43,10.55,共有部分,鋼筋混凝土造,70年11月26日,五層,,
RPRNMLNLJHKGFKD58CC,18,8.64,辦公室,鋼筋混凝土造,95年9月18日,八層,,
RPRNMLNLJHKGFKD58CC,18,8.62,共有部分,鋼筋混凝土造,95年9月18日,八層,,
RPPNMLNLJHKGFKD38CC,20,8.64,辦公室,鋼筋混凝土造,94年7月8日,六層,,
RPPNMLNLJHKGFKD38CC,20,8.09,共有部分,鋼筋混凝土造,94年7月8日,六層,,
RPSNMLNLJHKGFKD68CC,18,8.54,辦公室,鋼筋混凝土造,95年9月18日,八層,,
RPSNMLNLJHKGFKD68CC,18,8.54,共有部分,鋼筋混凝土造,95年9月18日,八層,,
RPTNMLNLJHKGFKD78CC,11,20.68,住家用,鋼筋混凝土構造,102年9月25日,四層,,
RPUNMLNLJHKGFKD88CC,20,24.46,住商用,鋼筋混凝土造,93年8月10日,四層,,
RPVNMLNLJHKGFKD98CC,26,58.42,住家用,鋼筋混凝土造,88年4月26日,十二層,,
RPVNMLNLJHKGFKD98CC,26,6.77,共有部分,鋼筋混凝土造,88年4月26日,十二層,,
RPVNMLNLJHKGFKD98CC,26,15.99,共有部分,鋼筋混凝土造,88年4月26日,十二層,,
RPPNMLOLJHKGFAD47CC,30,16.10,住家用,鋼筋混凝土造,83年12月16日,十三層,,
RPPNMLOLJHKGFAD47CC,30,5.58,共有部分,鋼筋混凝土造,83年12月16日,十三層,,
RPQNMLOLJHKGFAD57CC,41,79.45,住家用,鋼筋混凝土造,73年5月23日,五層,,
RPQNMLOLJHKGFAD57CC,41,15.57,共有部分,鋼筋混凝土造,73年5月23日,五層,,
RPVNMLOLJHKGFAD08CC,1,46.59,集合住宅,鋼筋混凝土造,112年10月17日,二十九層,,
RPVNMLOLJHKGFAD08CC,1,39.93,本共有部分之項目有防空避難室兼停車空間、停車空間、公共服務空間、梯間、車道、門廊、門廳、防災中心、陽台、中繼水箱、樓梯間、昇降機間（排煙室）、機械室、水箱、雨遮等１５項。,鋼筋混凝土造,112年10月17日,二十九層,,
RPWNMLOLJHKGFAD18CC,29,60.41,住家用,鋼筋混凝土造,84年9月12日,十八層,,
RPWNMLOLJHKGFAD18CC,29,10.04,共有部分,鋼筋混凝土造,84年9月12日,十八層,,
RPWNMLOLJHKGFAD18CC,29,8.25,共有部分,鋼筋混凝土造,84年9月12日,十八層,,
RPXNMLOLJHKGFAD28CC,30,89.76,住家用,鋼筋混凝土造,84年5月16日,二十二層,,
RPXNMLOLJHKGFAD28CC,30,45.84,共有部分,鋼筋混凝土造,84年5月16日,二十二層,,
RPXNMLOLJHKGFAD28CC,30,13.64,共有部分,鋼筋混凝土造,84年5月16日,二十二層,,
RPOOMLOLJHKGFAD47CC,28,90.95,住家用,鋼筋混凝土造,85年8月22日,十層,,
RPOOMLOLJHKGFAD47CC,28,52.83,共有部分,鋼筋混凝土造,85年8月22日,十層,,
RPWNMLNLJHKGFKD09CC,27,67.20,住家用,鋼筋混凝土造,86年9月26日,十一層,,
RPWNMLNLJHKGFKD09CC,27,16.66,共有部分,鋼筋混凝土造,86年9月26日,十一層,,
RPWNMLNLJHKGFKD09CC,27,6.71,共有部分,鋼筋混凝土造,86年9月26日,十一層,,
RPXNMLNLJHKGFKD56CC,24,37.12,住家用,鋼筋混凝土造,90年1月10日,十一層,,
RPXNMLNLJHKGFKD56CC,24,8.54,共有部分,鋼筋混凝土造,90年1月10日,十一層,,
RPXNMLNLJHKGFKD56CC,24,5.46,共有部分,鋼筋混凝土造,90年1月10日,十一層,,
RPPNMLOLJHKGFBD57CC,45,78.82,住商用,加強磚造,69年6月24日,二層,,
RPRNMLNLJHKGFID38CC,31,82.38,住家用,鋼筋混凝土造,83年6月8日,十一層,,
RPRNMLNLJHKGFID38CC,31,8.33,共有部分,鋼筋混凝土造,83年6月8日,十一層,,
RPRNMLNLJHKGFID38CC,31,12.47,本共有部分之項目有公共梯間、屋頂突出物。,鋼筋混凝土造,83年6月8日,十一層,,
RPSNMLNLJHKGFID48CC,29,154.02,住商用,鋼筋混凝土造,85年6月12日,三層,,
RPSNMLNLJHKGFID48CC,29,153.26,住商用,鋼筋混凝土造,85年6月12日,三層,,
RPQNMLOLJHKGFCD77CC,2,80.43,集合住宅,鋼筋混凝土構造,111年11月7日,十五層,,
RPQNMLOLJHKGFCD77CC,2,70.15,本共有部分之項目有：防空避難室兼停車空間、停車空間、樓梯間、門廳、昇降機間、機械室、水箱、公共服務空間、門廊、走廊、梯間共１１項,鋼筋混凝土構造,111年11月7日,十五層,,
RPPNMLOLJHKGFCD67CC,25,89.46,集合住宅,鋼筋混凝土造,88年10月21日,十三層,,
RPPNMLOLJHKGFCD67CC,25,14.61,共有部分,鋼筋混凝土造,88年10月21日,十三層,,
RPPNMLOLJHKGFCD67CC,25,31.08,共有部分,鋼筋混凝土造,88年10月21日,十三層,,
RPRNMLOLJHKGFCD87CC,34,18.27,住家用,鋼筋混凝土造,80年5月30日,五層,,
RPRNMLOLJHKGFCD87CC,34,5.95,共有部分,鋼筋混凝土造,80年5月30日,五層,,
RPRNMLOLJHKGFCD87CC,34,.94,共有部分,鋼筋混凝土造,80年5月30日,五層,,
RPRNMLOLJHKGFCD87CC,34,1.16,共有部分,鋼筋混凝土造,80年5月30日,五層,,
RPPNMLMLJHKGFID18DC,35,201.92,工業用,鋼造,79年4月2日,一層,,
RPVNMLOLJHKGFCD28CC,39,112.97,住家用,鋼筋混凝土造,74年8月16日,二層,,
RPUNMLOLJHKGFCD18CC,35,19.52,住家用,鋼筋混凝土造,79年5月7日,五層,,
RPUNMLOLJHKGFCD18CC,35,8.17,共有部分,鋼筋混凝土造,79年5月7日,五層,,
RPTNMLOLJHKGFCD08CC,28,75.53,住家用,鋼筋混凝土造,86年4月19日,七層,,
RPTNMLOLJHKGFCD08CC,28,10.14,共有部分,鋼筋混凝土造,86年4月19日,七層,,
RPTNMLOLJHKGFCD08CC,28,20.56,共有部分,鋼筋混凝土造,86年4月19日,七層,,
RPQNMLOLJHKGFBD67CC,37,124.28,住家用,加強磚造,76年10月16日,二層,,
RPRNMLOLJHKGFBD77CC,5,56.45,集合住宅,鋼筋混凝土造,109年1月14日,十四層,,
RPRNMLOLJHKGFBD77CC,5,29.54,本共有部份之項目有：防空避難室兼停車空間、停車空間、管理維護空間、樓梯間、機械室、水塔、門廊、停車空間（車道）、排煙室、垃圾冷凍儲存空間、門廳共１１項。,鋼筋混凝土造,109年1月14日,十四層,,
RPOOMLOLJHKGFCD67CC,23,98.58,集合住宅,鋼筋混凝土造,91年1月2日,八層,,
RPOOMLOLJHKGFCD67CC,23,39.98,共有部分,鋼筋混凝土造,91年1月2日,八層,,
RPOOMLOLJHKGFCD67CC,23,17.98,共有部分,鋼筋混凝土造,91年1月2日,八層,,
RPXNMLOLJHKGFCD48CC,46,76.66,住家用,鋼筋混凝土造,68年5月17日,五層,,
RPXNMLOLJHKGFCD48CC,46,4.84,共有部分,鋼筋混凝土造,68年5月17日,五層,,
RPSOMLOLJHKGFCD08CC,25,89.46,集合住宅,鋼筋混凝土造,88年10月21日,十三層,,
RPSOMLOLJHKGFCD08CC,25,15.75,共有部分,鋼筋混凝土造,88年10月21日,十三層,,
RPSOMLOLJHKGFCD08CC,25,31.08,共有部分,鋼筋混凝土造,88年10月21日,十三層,,
RPQOMLOLJHKGFCD87CC,41,86.99,住家用,鋼筋混凝土造,73年1月18日,十二層,,
RPQOMLOLJHKGFCD87CC,41,15.68,共有部分,鋼筋混凝土造,73年1月18日,十二層,,
RPROMLOLJHKGFCD97CC,44,81.51,住家用,鋼筋混凝土造,70年2月2日,五層,,
RPROMLOLJHKGFCD97CC,44,12.81,共有部分,鋼筋混凝土造,70年2月2日,五層,,
RPVOMLOLJHKGFCD38CC,29,17.45,住家用,鋼筋混凝土造,85年2月2日,三層,,
RPVOMLOLJHKGFCD38CC,29,4.49,共有部分,鋼筋混凝土造,85年2月2日,三層,,
RPUOMLOLJHKGFCD28CC,47,76.48,住家用,鋼筋混凝土造,67年5月9日,四層,,
RPWOMLOLJHKGFCD48CC,29,17.09,住家用,鋼筋混凝土造,85年2月2日,三層,,
RPWOMLOLJHKGFCD48CC,29,4.58,共有部分,鋼筋混凝土造,85年2月2日,三層,,
RPOPMLOLJHKGFCD77CC,34,21.40,住家用,鋼筋混凝土造,79年12月26日,七層,,
RPOPMLOLJHKGFCD77CC,34,8.43,共有部分,鋼筋混凝土造,79年12月26日,七層,,
RPTOMLOLJHKGFCD18CC,25,91.48,集合住宅,鋼筋混凝土造,88年11月16日,十二層,,
RPTOMLOLJHKGFCD18CC,25,.23,共有部分,鋼筋混凝土造,88年11月16日,十二層,,
RPTOMLOLJHKGFCD18CC,25,22.03,共有部分,鋼筋混凝土造,88年11月16日,十二層,,
RPTOMLOLJHKGFCD18CC,25,18.55,共有部分,鋼筋混凝土造,88年11月16日,十二層,,
RPPNMLOLJHKGFDD77CC,33,27.05,住家用,鋼筋混凝土造,81年5月23日,五層,,
RPPNMLOLJHKGFDD77CC,33,6.22,共有部分,鋼筋混凝土造,81年5月23日,五層,,
RPPNMLOLJHKGFFD97CC,30,137.58,住家用,鋼筋混凝土造,84年6月8日,三層,,
RPRNMLOLJHKGFID48CC,4,57.99,集合住宅,鋼筋混凝土構造,110年3月15日,二十四層,,
RPRNMLOLJHKGFID48CC,4,47.29,本共有部分之項目有管委會使用空間、停車空間、機電設備空間、防空避難室兼停車空間、台電配電場所、自來水箱、車道、門廳、儲藏室、機房、樓梯間、消防水箱等１２項,鋼筋混凝土構造,110年3月15日,二十四層,,
RPPNMLOLJHKGFHD18CC,6,15.98,店舖，住宅,鋼筋混凝土造,108年6月20日,四層,,
RPUNMLOLJHKGFHD68CC,4,50.66,集合住宅,鋼筋混凝土造,109年10月21日,十四層,,
RPUNMLOLJHKGFHD68CC,4,43.46,本共有部分之項目有停車空間、公共空間、樓電梯間、梯廳、梯間、水錶間、水箱等７項,鋼筋混凝土造,109年10月21日,十四層,,
RPUNMLOLJHKGFHD68CC,4,11.60,本共有部分之項目有樓梯間等１項,鋼筋混凝土造,109年10月21日,十四層,,
RPSNMLOLJHKGFID58CC,1,58.49,集合住宅,鋼筋混凝土造,112年8月8日,十五層,,
RPSNMLOLJHKGFID58CC,1,43.30,本共有部分之項目有停車空間、管委會使用空間、梯間、車道、前廊、陽台、樓梯間、機械室、水箱等９項,鋼筋混凝土造,112年8月8日,十五層,,
RPTNMLOLJHKGFID68CC,32,86.72,住家用,鋼筋混凝土造,82年2月19日,七層,,
RPTNMLOLJHKGFID68CC,32,13.29,共有部分,鋼筋混凝土造,82年2月19日,七層,,
RPTNMLOLJHKGFID68CC,32,2.13,共有部分,鋼筋混凝土造,82年2月19日,七層,,
RPTNMLOLJHKGFID68CC,32,2.90,共有部分,鋼筋混凝土造,82年2月19日,七層,,
RPTNMLOLJHKGFID68CC,32,2.25,共有部分,鋼筋混凝土造,82年2月19日,七層,,
RPTNMLOLJHKGFID68CC,32,2.26,共有部分,鋼筋混凝土造,82年2月19日,七層,,
RPTNMLOLJHKGFID68CC,32,2.03,共有部分,鋼筋混凝土造,82年2月19日,七層,,
RPTNMLOLJHKGFID68CC,32,1.81,共有部分,鋼筋混凝土造,82年2月19日,七層,,
RPRNMLOLJHKGFKD68CC,7,9.42,住家用,鋼筋混凝土構造,107年4月2日,五層,,
RPRNMLOLJHKGFKD68CC,7,4.19,本共有部分之項目有：電梯間，樓梯間及水箱等３項,鋼筋混凝土構造,107年4月2日,五層,,
RPUNMLOLJHKGFKD98CC,7,9.42,住家用,鋼筋混凝土構造,107年4月2日,五層,,
RPQNMLOLJHKGFKD58CC,18,8.64,辦公室,鋼筋混凝土造,95年9月18日,八層,,
RPUNMLOLJHKGFKD98CC,7,4.19,本共有部分之項目有：電梯間，樓梯間及水箱等３項,鋼筋混凝土構造,107年4月2日,五層,,
RPQNMLOLJHKGFKD58CC,18,10.68,共有部分,鋼筋混凝土造,95年9月18日,八層,,
RPQNMLOLJHKGFKD58CC,18,2.91,共有部分,鋼筋混凝土造,95年9月18日,八層,,
RPTNMLOLJHKGFKD88CC,7,9.41,住家用,鋼筋混凝土構造,107年4月2日,五層,,
RPTNMLOLJHKGFKD88CC,7,4.19,本共有部分之項目有：電梯間，樓梯間及水箱等３項,鋼筋混凝土構造,107年4月2日,五層,,
RPSNMLOLJHKGFKD78CC,7,9.42,住家用,鋼筋混凝土構造,107年4月2日,五層,,
RPSNMLOLJHKGFKD78CC,7,4.19,本共有部分之項目有：電梯間，樓梯間及水箱等３項,鋼筋混凝土構造,107年4月2日,五層,,
RPVNMLOLJHKGFKD09CC,7,9.38,住家用,鋼筋混凝土構造,107年4月2日,五層,,
RPVNMLOLJHKGFKD09CC,7,4.17,本共有部分之項目有：電梯間，樓梯間及水箱等３項,鋼筋混凝土構造,107年4月2日,五層,,
RPXNMLOLJHKGFKD66CC,30,84.84,住家用,鋼筋混凝土造,84年5月20日,十一層,,
RPPOMLOLJHKGFKD58CC,32,28.20,住家用,鋼筋混凝土造,82年7月16日,七層,,
RPXNMLOLJHKGFKD66CC,30,31.91,共有部分,鋼筋混凝土造,84年5月20日,十一層,,
RPPOMLOLJHKGFKD58CC,32,2.31,共有部分,鋼筋混凝土造,82年7月16日,七層,,
RPWNMLOLJHKGFKD56CC,7,9.42,住家用,鋼筋混凝土構造,107年4月2日,五層,,
RPPOMLOLJHKGFKD58CC,32,6.24,共有部分,鋼筋混凝土造,82年7月16日,七層,,
RPWNMLOLJHKGFKD56CC,7,4.19,本共有部分之項目有：電梯間，樓梯間及水箱等３項,鋼筋混凝土構造,107年4月2日,五層,,
RPQOMLOLJHKGFKD68CC,29,30.57,辦公室。,鋼筋混凝土造,85年1月29日,十七層,,
RPQOMLOLJHKGFKD68CC,29,3.18,共有部分,鋼筋混凝土造,85年1月29日,十七層,,
RPQOMLOLJHKGFKD68CC,29,2.33,共有部分,鋼筋混凝土造,85年1月29日,十七層,,
RPTOMLOLJHKGFKD98CC,42,125.40,住商用,加強磚造,72年6月27日,二層,,
RPSOMLOLJHKGFKD88CC,32,26.65,住家用,鋼筋混凝土造,82年7月16日,七層,,
RPSOMLOLJHKGFKD88CC,32,2.07,共有部分,鋼筋混凝土造,82年7月16日,七層,,
RPSOMLOLJHKGFKD88CC,32,5.72,共有部分,鋼筋混凝土造,82年7月16日,七層,,
RPROMLOLJHKGFAD77CC,34,17.52,住家用,鋼筋混凝土造,80年5月17日,八層,,
RPROMLOLJHKGFAD77CC,34,6.70,共有部分,鋼筋混凝土造,80年5月17日,八層,,
RPPOMLOLJHKGFAD57CC,30,51.14,住家用,鋼筋混凝土造,84年5月6日,七層,,
RPPOMLOLJHKGFAD57CC,30,23.25,共有部分,鋼筋混凝土造,84年5月6日,七層,,
RPQNMLNJKHKGFAD37CC,34,17.35,住家用,鋼筋混凝土造,79年9月20日,七層,,
RPRNMLNJKHKGFAD47CC,30,74.12,住家用,鋼筋混凝土造,84年1月4日,二十五層,,
RPRNMLNJKHKGFAD47CC,30,12.71,共有部分,鋼筋混凝土造,84年1月4日,二十四層,,
RPQNMLNJKHKGFAD37CC,34,2.96,共有部分,鋼筋混凝土造,79年9月20日,七層,,
RPQOMLOLJHKGFAD67CC,28,82.86,住家用,鋼筋混凝土造,85年9月19日,十三層,,
RPRNMLNJKHKGFAD47CC,30,9.60,共有部分,鋼筋混凝土造,84年1月4日,二十四層,,
RPQOMLOLJHKGFAD67CC,28,8.86,共有部分,鋼筋混凝土造,85年9月19日,十三層,,
RPQOMLOLJHKGFAD67CC,28,13.04,共有部分,鋼筋混凝土造,85年9月19日,十三層,,
RPTNMLNJKHKGFAD67CC,43,25.08,住家用,鋼筋混凝土造,71年2月23日,七層,,
RPTNMLNJKHKGFAD67CC,43,.00,共有部分,鋼筋混凝土造,71年2月23日,七層,,
RPTNMLNJKHKGFAD67CC,43,.00,共有部分,鋼筋混凝土造,71年2月23日,七層,,
RPUNMLNJKHKGFAD77CC,43,71.54,住家用,鋼筋混凝土造,70年12月22日,五層,,
RPUNMLNJKHKGFAD77CC,43,11.04,共有部分,鋼筋混凝土造,70年12月12日,五層,,
RPQNMLRKJHKGFAD87DC,36,716.68,住商用,鋼造,77年10月11日,一層,,
RPVOMLNJKHKGFCD18CC,35,123.86,住商用,鋼筋混凝土造,78年11月14日,五層,,
RPVOMLNJKHKGFCD18CC,35,44.54,共有部分,鋼筋混凝土造,78年11月14日,五層,,
RPPOMLNJKHKGFCD57CC,25,98.32,集合住宅,鋼筋混凝土造,88年10月21日,十三層,,
RPPOMLNJKHKGFCD57CC,25,19.34,共有部分,鋼筋混凝土造,88年10月21日,十三層,,
RPPOMLNJKHKGFCD57CC,25,34.36,共有部分,鋼筋混凝土造,88年10月21日,十三層,,
RPROMLNJKHKGFCD77CC,30,66.82,住家用,鋼筋混凝土造,83年11月2日,七層,,
RPROMLNJKHKGFCD77CC,30,24.28,共有部分,鋼筋混凝土造,83年11月2日,七層,,
RPWOMLNJKHKGFCD28CC,39,99.49,住家用,鋼筋混凝土造,75年1月13日,五層,,
RPWOMLNJKHKGFCD28CC,39,16.35,共有部分,鋼筋混凝土造,75年1月13日,五層,,
RPXOMLNJKHKGFCD38CC,46,69.36,住家用,鋼筋混凝土造,68年5月17日,五層,,
RPXOMLNJKHKGFCD38CC,46,4.41,共有部分,鋼筋混凝土造,68年5月17日,五層,,
RPPPMLNJKHKGFCD67CC,43,85.82,集合住宅,鋼筋混凝土造,71年5月28日,五層,,
RPPPMLNJKHKGFCD67CC,43,6.52,共有部分,鋼筋混凝土造,71年5月28日,五層,,
RPPNMLNJKHKGFGD87CC,31,146.55,住商用,鋼筋混凝土造,83年5月20日,三層,,
RPQNMLNJKHKGFDD67CC,31,178.97,住商用,鋼筋混凝土造,83年6月9日,四層,,
RPRNMLNJKHKGFID28CC,9,81.43,集合住宅。,鋼筋混凝土造,104年11月30日,十二層,,
RPRNMLNJKHKGFID28CC,9,22.33,本共有部分之項目有防空避難室兼停車空間、電信室、管理維護使用空間、停車空間、管理員室、門廊、樓梯及電梯間、水塔。,鋼筋混凝土造,104年11月30日,十二層,,
RPRNMLNJKHKGFID28CC,9,15.25,本共有部分之項目有公共梯間。,鋼筋混凝土造,104年11月30日,十二層,,
RPSNMLNJKHKGFHD28CC,12,17.48,店舖、停車空間、住宅,鋼筋混凝土造,102年1月15日,四層,,
RPPNMLNJKHKGFHD97CC,2,80.66,集合住宅,鋼筋混凝土造,112年1月12日,六層,,
RPPNMLNJKHKGFHD97CC,2,41.21,本共有部份之項目有：停車空間、管委會空間、樓梯間、水箱、門廊、公共空間共６項。,鋼筋混凝土造,112年1月12日,六層,,
RPRNMLNJKHKGFKD48CC,44,69.55,住商用,加強磚造,69年10月6日,二層,,
RPQNMLNJKHKGFKD38CC,29,70.23,住家用,鋼筋混凝土造,84年9月8日,十九層,,
RPQNMLNJKHKGFKD38CC,29,24.07,共有部分,鋼筋混凝土造,84年9月8日,十九層,,
RPPNMLNJKHKGFKD28CC,29,58.86,住家用,鋼筋混凝土造,84年11月2日,八層,,
RPPNMLNJKHKGFKD28CC,29,24.66,共有部分,鋼筋混凝土造,84年11月2日,八層,,
RPROMLOJKHKGFAD67CC,11,62.59,集合住宅,鋼筋混凝土構造,102年11月25日,十四層,,
RPROMLOJKHKGFAD67CC,11,47.36,本共有部分之項目有門廳、守衛室、停車空間、防空避難室、管理維護空間。,鋼筋混凝土構造,102年11月25日,十四層,,
RPROMLOJKHKGFAD67CC,11,13.75,本共有部分之項目有電樓梯間、電梯機房、水箱。,鋼筋混凝土構造,102年11月25日,十四層,,
RPPNMLNJKHKGFCD47CC,29,14.68,住家用,鋼筋混凝土造,85年2月2日,三層,,
RPPNMLNJKHKGFCD47CC,29,3.61,共有部分,鋼筋混凝土造,85年2月2日,三層,,
RPQNMLNJKHKGFCD57CC,35,19.08,住家用,鋼筋混凝土造,78年11月24日,五層,,
RPQNMLNJKHKGFCD57CC,35,10.03,共有部分,鋼筋混凝土造,78年11月24日,五層,,
RPTNMLNJKHKGFCD87CC,41,36.80,住家用,鋼筋混凝土造,72年9月8日,七層,,
RPTNMLNJKHKGFCD87CC,41,11.90,共有部分,鋼筋混凝土造,72年9月8日,七層,,
RPSNMLNJKHKGFCD77CC,41,29.03,住家用,鋼筋混凝土造,72年9月8日,七層,,
RPSNMLRLJHKGFCD28CC,20,16.00,住宅、停車空間,ＲＣ造,93年11月16日,五層,,
RPSNMLNJKHKGFCD77CC,41,11.75,共有部分,鋼筋混凝土造,72年9月8日,七層,,
RPUNMLOJKHKGFCD08CC,,45.19,集合住宅,鋼筋混凝土造,113年8月16日,十五層,,
RPUNMLOJKHKGFCD08CC,,24.21,本共有部份之項目有：防空避難室兼停車空間、停車空間、管委會使用空間、樓梯間、昇降機間、機械室、水箱、梯間、門廊、車道共１０項。,鋼筋混凝土造,113年8月16日,十五層,,
RPPNMLOJKHKGFGD97CC,33,53.48,住家用,鋼筋混凝土造,80年11月29日,五層,,
RPPNMLOJKHKGFGD97CC,33,13.83,共有部分,鋼筋混凝土造,80年11月29日,五層,,
RPPNMLOJKHKGFGD97CC,33,9.66,共有部分,鋼筋混凝土造,80年11月29日,五層,,
RPRNMLOJKHKGFID38CC,32,111.06,住商用,鋼筋混凝土造,82年5月6日,八層,,
RPRNMLOJKHKGFID38CC,32,24.25,防空避難室、停車空間、機械室、樓梯間、電梯、水塔、受電室,鋼筋混凝土造,82年5月6日,八層,,
RPSNMLOJKHKGFHD38CC,5,160.43,工業用,鋼骨構造有牆,108年8月11日,一層,,
RPQNMLPJKHKGFCD77CC,39,29.58,住商用,鋼筋混凝土造,74年11月22日,四層,,
RPOOMLPJKHKGFCD67CC,29,102.96,住商用,鋼筋混凝土造,84年9月7日,二層,,
RPVNMLPJKHKGFAD08CC,3,57.24,集合住宅,鋼筋混凝土構造,111年6月23日,十四層,,
RPVNMLPJKHKGFAD08CC,3,69.36,本共有部分之項目有防空避難室兼停車空間、停車空間、管委會空間、安全梯、樓梯間、梯廳、管道間、昇降機、機械室、水箱、門廳、車道、排煙室等１３項。,鋼筋混凝土構造,111年6月23日,十四層,,
RPSOMLPJKHKGFCD08CC,34,16.54,住家用,鋼筋混凝土造,80年1月24日,六層,,
RPSOMLPJKHKGFCD08CC,34,5.50,共有部分,鋼筋混凝土造,80年1月24日,六層,,
RPPNMLPJKHKGFHD18CC,,76.94,集合住宅,鋼筋混凝土造,113年7月18日,十五層,,
RPPNMLPJKHKGFHD18CC,,67.03,本共有部分之項目有停車空間、雨水貯留利用及汙水機房、消防機械室、發電機室、排煙室、樓梯間、一般昇降機、緊急昇降機、安全梯、無障礙樓梯、水箱、台電配電室、電信室、管委會使用空間、梯廳、門廊、管道間、水表室、電梯機房等１９項,鋼筋混凝土造,113年7月18日,十五層,,
RPQNMLPJKHKGFHD28CC,14,259.85,住家用,鋼筋混凝土造,99年10月25日,四層,,
RPVNMLPJKHKGFHD78CC,31,263.84,住家用,鋼筋混凝土造,83年6月25日,四層,,
RPWNMLPJKHKGFHD88CC,29,174.18,停車住宅,鋼筋混凝土造,85年3月14日,四層,,
RPQNMLPJKHKGFID38CC,29,95.29,住家用,鋼筋混凝土造,85年6月21日,十二層,,
RPQNMLPJKHKGFID38CC,29,.13,共有部分,鋼筋混凝土造,85年6月21日,十二層,,
RPQNMLPJKHKGFID38CC,29,32.65,共有部分,鋼筋混凝土造,85年6月21日,十二層,,
RPTNMLPJKHKGFID68CC,45,115.06,住商用,加強磚造,69年7月11日,二層,,
RPRNMLPJKHKGFID48CC,32,170.31,住家用,鋼筋混凝土造,81年9月14日,四層,,
RPRNMLOJKHKGFBD67CC,45,86.10,住家用,加強磚造,68年8月21日,二層,,
RPPNMLNLJHKGFJD28CC,38,98.90,住家用,加強磚造,75年10月9日,二層,,
RPPOMLNJKHKGFKD38CC,12,26.45,店舖，住宅,鋼筋混凝土構造,101年10月12日,四層,,
RPOOMLNJKHKGFKD28CC,30,17.43,住家用,鋼筋混凝土造,83年7月22日,七層,,
RPROMLPJKHKGFKD78CC,37,129.69,住家用,鋼筋混凝土造,76年8月20日,二層,,
RPOOMLNJKHKGFKD28CC,30,7.55,共有部分,鋼筋混凝土造,83年7月22日,七層,,
RPSOMLPJKHKGFKD88CC,32,51.57,住家用,鋼筋混凝土造,81年8月24日,七層,,
RPSOMLPJKHKGFKD88CC,32,14.85,共有部分,鋼筋混凝土造,81年8月24日,七層,,
RPTOMLPJKHKGFKD98CC,44,68.75,住家用,鋼筋混凝土造,70年3月11日,五層,,
RPTOMLPJKHKGFKD98CC,44,8.50,共有部分,鋼筋混凝土造,70年3月11日,五層,,
RPTOMLPJKHKGFKD98CC,44,6.89,共有部分,,70年3月11日,五層,,
RPTOMLPJKHKGFKD98CC,44,1.55,共有部分,,70年3月11日,五層,,
RPQOMLNJKHKGFKD48CC,11,18.18,住宅，停車空間,鋼筋混凝土構造,102年8月21日,四層,,
RPPOMLOJKHKGFKD48CC,29,49.60,住家用,鋼筋混凝土造,84年10月9日,十五層,,
RPPOMLOJKHKGFKD48CC,29,25.49,共有部分,鋼筋混凝土造,84年10月9日,十五層,,
RPPNMLQJKHKGFFD08CC,4,178.18,住家用,鋼筋混凝土構造,109年12月1日,三層,,
RPQNMLQJKHKGFCD87CC,43,146.21,店舖　集合住宅　　騎樓,鋼筋混凝土造,70年11月26日,五層,,
RPPNMLQJKHKGFHD28CC,30,247.98,住商用,鋼筋混凝土造,84年2月25日,四層,,
RPRNMLQJKHKGFCD97CC,28,19.83,店舖　　住宅　　停車空間辦公室,鋼筋混凝土造,86年3月6日,五層,,
RPSNMLQJKHKGFHD58CC,2,162.27,工場（廠）,鋼骨構造有牆,112年5月9日,一層,,
RPUNMLRJKHKGFCD38CC,29,17.95,住家用,鋼筋混凝土造,85年2月2日,三層,,
RPUNMLRJKHKGFCD38CC,29,4.58,共有部分,鋼筋混凝土造,85年2月2日,三層,,
RPTNMLRJKHKGFBD18CC,1,51.77,集合住宅,鋼筋混凝土造,113年2月29日,七層,,
RPTNMLRJKHKGFBD18CC,1,49.44,本共有部分之項目有：防空避難室兼停車空間、停車空間、樓梯間、梯廳、升降機道、機械室、水箱、管委會使用空間、機電設備空間、車道、機械設備空間、門廊共１２項。,鋼筋混凝土造,113年2月29日,七層,,
RPTNMLRJKHKGFKD09CC,31,20.04,住家用,鋼筋混凝土造,82年12月30日,九層,,
RPTNMLRJKHKGFKD09CC,31,15.50,共有部分,鋼筋混凝土造,82年12月30日,九層,,
RPQNMLRJKHKGFID58CC,34,20.21,住家用,鋼筋混凝土造,79年11月2日,五層,,
RPQNMLRJKHKGFID58CC,34,2.23,共有部分,鋼筋混凝土造,79年11月2日,五層,,
RPQNMLQJKHKGFKD68CC,24,34.55,住家用,鋼筋混凝土造,90年1月10日,十一層,,
RPQNMLQJKHKGFKD68CC,24,7.82,共有部分,鋼筋混凝土造,90年1月10日,十一層,,
RPQNMLQJKHKGFKD68CC,24,5.09,共有部分,鋼筋混凝土造,90年1月10日,十一層,,
RPUNMLQJKHKGFKD09CC,32,68.59,住家用,鋼筋混凝土造,82年3月10日,十層,,
RPUNMLQJKHKGFKD09CC,32,19.29,共有部分,鋼筋混凝土造,82年3月10日,十一層,,
RPWNMLRJKHKGFKD76CC,33,16.52,住家用,鋼筋混凝土造,80年12月26日,五層,,
RPUNMLQJKHKGFKD09CC,32,14.74,共有部分,鋼筋混凝土造,82年3月10日,十一層,,
RPSNMLRJKHKGFAD97CC,32,19.72,住家用,鋼筋混凝土造,81年12月9日,八層,,
RPSNMLRJKHKGFAD97CC,32,2.80,共有部分,鋼筋混凝土造,81年12月9日,八層,,
RPSNMLRJKHKGFAD97CC,32,2.85,共有部分,鋼筋混凝土造,81年12月9日,八層,,
RPSNMLRJKHKGFAD97CC,32,1.71,共有部分,鋼筋混凝土造,81年12月9日,八層,,
RPROMLRJKHKGFKD98CC,12,13.22,住家用,鋼筋混凝土構造,102年4月17日,四層,,
RPPNMLSJKHKGFCD97CC,47,262.24,住商用,鋼筋混凝土造,66年12月30日,三層,,
RPVNMLRJKHKGFKD66CC,36,16.50,住商用,鋼筋混凝土造,77年8月6日,三層,,
RPPNMLTJKHKGFCD08CC,43,88.61,住家用,鋼筋混凝土造,71年2月23日,五層,,
RPPNMLTJKHKGFCD08CC,43,12.03,共有部分,鋼筋混凝土造,71年2月23日,五層,,
RPQNMLKKKHKGFAD17CC,19,30.19,集合住宅,ＲＣ造,95年7月13日,十一層,,
RPQNMLKKKHKGFAD17CC,19,4.87,共有部分,ＲＣ造,95年7月13日,十一層,,
RPQNMLKKKHKGFAD17CC,19,8.05,共有部分,ＲＣ造,95年7月13日,十一層,,
RPQNMLKKKHKGFAD17CC,19,.01,共有部分,ＲＣ造,95年7月13日,十一層,,
RPTNMLLKKHKGFID38CC,4,57.98,集合住宅,鋼筋混凝土構造,110年3月15日,二十四層,,
RPTNMLLKKHKGFID38CC,4,29.83,本共有部分之項目有管委會使用空間、停車空間、機電設備空間、防空避難室兼停車空間、台電配電場所、自來水箱、車道、門廳、儲藏室、機房、樓梯間、消防水箱等１２項,鋼筋混凝土構造,110年3月15日,二十四層,,
RPRNMLLKKHKGFAD37CC,2,25.93,住宅、停車空間,鋼筋混凝土構造,111年8月31日,五層,,
RPRNMLKKKHKGFAD27CC,13,21.49,住家用,鋼筋混凝土構造,101年6月4日,五層,,
RPPNMLLKKHKGFAD17CC,44,60.48,住家用,鋼筋混凝土造,69年12月3日,十層,,
RPPNMLLKKHKGFAD17CC,44,17.18,共有部分,鋼筋混凝土造,69年12月3日,十層,,
RPQNMLLKKHKGFID08CC,4,58.35,集合住宅,鋼筋混凝土構造,110年3月15日,二十四層,,
RPQNMLLKKHKGFID08CC,4,46.72,本共有部分之項目有管委會使用空間、停車空間、機電設備空間、防空避難室兼停車空間、台電配電場所、自來水箱、車道、門廳、儲藏室、機房、樓梯間、消防水箱等１２項,鋼筋混凝土構造,110年3月15日,二十四層,,
RPSNMLMKKHKGFAD57CC,1,46.54,集合住宅,鋼筋混凝土造,112年10月17日,二十九層,,
RPSNMLMKKHKGFAD57CC,1,39.93,本共有部分之項目有防空避難室兼停車空間、停車空間、公共服務空間、梯間、車道、門廊、門廳、防災中心、陽台、中繼水箱、樓梯間、昇降機間（排煙室）、機械室、水箱、雨遮等１５項。,鋼筋混凝土造,112年10月17日,二十九層,,
RPUNMLLKKHKGFID48CC,17,18.18,住宅、管理維護空間、門廊、樓梯間、機械室。,鋼筋混凝土造,96年9月14日,五層,,
RPPNMLMKKHKGFGD87CC,39,21.49,住商用,鋼筋混凝土造,74年9月7日,三層,,
RPQNMLOKKHKGFHD28CC,34,2645.00,見其他登記事項,加強磚造,79年8月8日,二層,,
RPPNMLOKKHKGFID28CC,4,58.16,集合住宅,鋼筋混凝土構造,110年3月15日,二十四層,,
RPPNMLOKKHKGFID28CC,4,47.29,本共有部分之項目有管委會使用空間、停車空間、機電設備空間、防空避難室兼停車空間、台電配電場所、自來水箱、車道、門廳、儲藏室、機房、樓梯間、消防水箱等１２項,鋼筋混凝土構造,110年3月15日,二十四層,,
RPUNMLOKKHKGFCD18CC,21,43.97,住家用,ＲＣ造,93年7月12日,十四層,,
RPUNMLOKKHKGFCD18CC,21,8.07,共有部分,ＲＣ造,93年7月12日,十四層,,
RPUNMLOKKHKGFCD18CC,21,5.32,共有部分,ＲＣ造,93年7月12日,十四層,,
RPSNMLOKKHKGFID58CC,43,87.59,住家用,加強磚造,70年10月14日,二層,,
RPVNMLSKKHKGFCD68CC,3,21.65,集合住宅,鋼筋混凝土構造,111年6月1日,六層,,
RPVNMLSKKHKGFCD68CC,3,13.11,本共有部分之項目有：防空避難室兼停車空間、梯廳、安全梯、台電配電室、緊急發電機、電信室、消防機房、汙水機房、雨水機房、水箱、管理委員會空間、中央監控室、戶外安全梯、機房、管委會空間（走廊）、管委會空間等十六項。,鋼筋混凝土構造,111年6月1日,六層,,
RPTOMLRKKHKGFCD48CC,40,99.89,住家用,鋼筋混凝土造,73年11月26日,四層,,
RPQOMLPJKHKGFAD67CC,30,29.54,住家用,鋼筋混凝土造,84年3月7日,十二層,,
RPQOMLPJKHKGFAD67CC,30,3.75,共有部分,鋼筋混凝土造,84年3月7日,十二層,,
RPQOMLPJKHKGFAD67CC,30,6.09,共有部分,鋼筋混凝土造,84年3月7日,十二層,,
RPTNMLQJKHKGFAD97CC,30,26.18,住家用,鋼筋混凝土造,84年7月4日,十八層,,
RPTNMLQJKHKGFAD97CC,30,49.82,共有部分,鋼筋混凝土造,84年7月4日,十八層,,
RPSNMLOJKHKGFBD77CC,3,49.31,集合住宅,鋼筋混凝土造,110年12月30日,十五層,,
RPSNMLOJKHKGFBD77CC,3,13.26,本共有部份之項目有：防空避難室兼停車空間、清水池、停車空間、管委會空間、機車停車空間、安全梯、梯廳、管道間、昇降機、汽車車道、公共服務空間、發電機室、消防機房、台電配電場所、電信室、電錶室、廁所、排煙室、機車車道、資源回收室共２０項,鋼筋混凝土造,110年12月30日,十五層,,
RPSNMLOJKHKGFBD77CC,3,11.96,本共有部份之項目有：樓梯間、水錶室、機房、水箱共４項,鋼筋混凝土造,110年12月30日,十五層,,
