﻿編號,土地位置,土地移轉面積平方公尺,使用分區或編定,權利人持分分母,權利人持分分子,移轉情形,地號
The serial number, land position,land shifting area square meter,the use zoning or compiles and checks,,,,land parcel
RPPNMLMKKHKGFAD17DA,大銃段,49.02,都市：其他:商業區,1,1,全筆移轉,08880000
RPSNMLTKKHKGFED58DA,頭前段,20.59,都市：其他:商業區,6,2,持分移轉,03280000
RPQOMLQJKHKGFCD87DA,南山段,2.30,都市：其他:細部計畫道路用地,1,1,全筆移轉,01370002
RPPOMLQJKHKGFCD77DA,南山段,12.30,都市：其他:細部計畫道路用地,1,1,全筆移轉,01370001
RPVNMLTKKHKGFID66DA,松腳段,2.00,都市：其他:住宅區,1,1,全筆移轉,10480001
RPPNMLSKKHKGFJD68DA,楠中段,45.58,都市：其他:住宅區,1,1,全筆移轉,02930000
RPRNMLNKKHKGFFD97DA,林鳳營段,796.00,非都市：特定農業區 ; 非都市編定：農牧用地,1,1,全筆移轉,08660000
RPRNMLNKKHKGFFD97DA,林鳳營段,1447.00,非都市：特定農業區 ; 非都市編定：農牧用地,1,1,全筆移轉,08670000
RPQNMLRKKHKGFKD78DA,六甲頂段,6.63,都市：其他:住宅區,10000,173,持分移轉,05260000
RPSNMLKLKHKGFDD67DA,新東段,82.78,都市：其他:住宅區,1,1,全筆移轉,02230002
RPQNMLTKKHKGFAD08EA,大豐段,55.02,都市：其他:住宅區,1,1,全筆移轉,11830000
RPWNMLLKKHKGFBD87DA,和業段,19.49,都市：其他:細部計畫道路用地,6,2,持分移轉,01350001
RPWPMLSKKHKGFID86DA,二空段,54.87,都市：其他:住宅區,100000,1118,持分移轉,08000000
RPWNMLQJKHKGFCD38DA,南山段,2.50,都市：其他:道路用地,1,1,全筆移轉,01370006
RPWNMLQJKHKGFCD38DA,南山段,2.20,都市：其他:道路用地,1,1,全筆移轉,01370007
RPPNMLKLKHKGFGD77EA,槺榔段,191.00,非都市：鄉村區 ; 非都市編定：乙種建築用地,1,1,全筆移轉,01730007
RPQNMLTKKHKGFGD68EA,大文段,108.00,非都市：鄉村區 ; 非都市編定：乙種建築用地,1,1,全筆移轉,05850004
RPPNMLKLKHKGFDD47EA,新營段,155.74,都市：其他:住宅區,1,1,全筆移轉,13040001
RPRNMLSKKHKGFDD28DA,東昇段,92.44,都市：其他:道路用地,8,7,持分移轉,08980000
RPRNMLSKKHKGFDD28DA,東昇段,85.90,都市：其他:住宅區,1,1,全筆移轉,09000000
RPPNMLKLKHKGFED47DA,新興段,2005.00,都市：其他:農業區,1,1,全筆移轉,01650000
RPPNMLLLKHKGFED57DA,崎子頭段,1396.00,非都市：山坡地保育區 ; 非都市編定：丙種建築用地,1,1,全筆移轉,00260000
RPPNMLLLKHKGFED57DA,崎子頭段,107.00,非都市：山坡地保育區 ; 非都市編定：交通用地,1,1,全筆移轉,00260001
RPXNMLTKKHKGFFD56DA,社子段,4191.00,都市：其他:保護區,1,1,全筆移轉,08340000
RPPNMLRKKHKGFHD38DA,三德段,.29,都市：其他:道路用地,192,1,持分移轉,08220000
RPOPMLSKKHKGFHD58DA,蘇興段,97.33,非都市：鄉村區 ; 非都市編定：乙種建築用地,1,1,全筆移轉,10750000
RPPNMLLLKHKGFJD08DA,玉田段,136.13,都市：其他:商業區,1,1,全筆移轉,04060000
RPUOMLOKKHKGFKD98DA,鹽中段,30.80,都市：其他:道路用地,1600,221,持分移轉,14100000
RPTOMLOKKHKGFKD88DA,永華段,.61,都市：其他:道路用地,1,1,全筆移轉,00970001
RPTOMLOKKHKGFKD88DA,永華段,1.73,都市：其他:道路用地,1,1,全筆移轉,00970002
RPTOMLOKKHKGFKD88DA,永華段,5.24,都市：其他:道路用地,1,1,全筆移轉,00970003
RPTOMLOKKHKGFKD88DA,永華段,7.39,都市：其他:道路用地,1,1,全筆移轉,00970004
RPTOMLOKKHKGFKD88DA,永華段,3.49,都市：其他:道路用地,1,1,全筆移轉,00970005
RPRNMLKKKHKGFCD37DA,南山段,2.70,都市：其他:道路用地,1,1,全筆移轉,01370005
RPQNMLLLKHKGFDD67EA,岸南段,2445.00,非都市：特定農業區 ; 非都市編定：農牧用地,1,1,全筆移轉,02680000
RPVNMLKKKHKGFCD77DA,南山段,.70,都市：其他:細部計畫道路用地,1,1,全筆移轉,01370003
RPQNMLTKKHKGFED48EA,前大埔段,1008.00,非都市：山坡地保育區 ; 非都市編定：農牧用地,118,21,持分移轉,02230001
RPRNMLKLKHKGFGD97EA,玉成段,10.03,都市：其他:道路用地,18,1,持分移轉,15810000
RPRNMLKLKHKGFGD97EA,玉成段,17.62,都市：其他:道路用地,18,1,持分移轉,15820000
RPRNMLKLKHKGFGD97EA,玉成段,171.22,都市：其他:第一種住宅區,1,1,全筆移轉,15870000
RPRNMLKLKHKGFGD97EA,玉成段,12.99,都市：其他:第一種住宅區,18,1,持分移轉,15950000
RPRNMLKLKHKGFGD97EA,玉成段,.05,都市：其他:道路用地,18,1,持分移轉,15950001
RPSNMLKLKHKGFGD08EA,三吉段,43.86,非都市：鄉村區 ; 非都市編定：交通用地,1,1,全筆移轉,14500001
RPPNMLLLKHKGFGD87EA,港東段,12.08,都市：其他:農業區,1,1,全筆移轉,14110003
RPROMLTKKHKGFID98DA,保甲段,1.18,都市：其他:住宅區,100000,264,持分移轉,03900000
RPROMLTKKHKGFID98DA,保甲段,3.49,都市：其他:住宅區,100000,264,持分移轉,03910000
RPPNMLLKKHKGFCD27DA,南山段,2.10,都市：其他:道路用地,1,1,全筆移轉,01370004
RPPNMLMKKHKGFBD27DA,安中段,.87,都市：其他:住宅區,100000,56,持分移轉,00450000
RPPNMLMKKHKGFBD27DA,安中段,1.69,都市：其他:住宅區,100000,56,持分移轉,01270000
RPPNMLMKKHKGFBD27DA,安中段,6.22,都市：其他:住宅區,100000,56,持分移轉,01310000
RPPNMLMKKHKGFBD27DA,安中段,2.69,都市：其他:住宅區,100000,56,持分移轉,01370000
RPPNMLMKKHKGFBD27DA,安中段,.04,都市：其他:住宅區,7200000,112,持分移轉,01410000
RPPNMLMKKHKGFBD27DA,安中段,2.04,都市：其他:住宅區,100000,56,持分移轉,01460000
RPPNMLMKKHKGFBD27DA,安中段,.07,都市：其他:住宅區,100000,56,持分移轉,03110000
RPPNMLMKKHKGFBD27DA,怡中段,.46,都市：其他:住宅區,100000,56,持分移轉,10930000
RPPNMLMKKHKGFBD27DA,怡中段,.04,都市：其他:住宅區,100000,56,持分移轉,10930002
RPPNMLMKKHKGFBD27DA,怡中段,.40,都市：其他:住宅區,100000,56,持分移轉,10930003
RPPNMLMKKHKGFBD27DA,怡中段,4.77,都市：其他:住宅區,100000,56,持分移轉,10950000
RPPNMLMKKHKGFBD27DA,怡中段,7.39,都市：其他:住宅區,100000,56,持分移轉,10970000
RPPNMLMKKHKGFBD27DA,怡中段,2.24,都市：其他:住宅區,100000,56,持分移轉,11020000
RPPNMLMKKHKGFBD27DA,怡中段,40.16,都市：其他:住宅區,96,1,持分移轉,11100000
RPSNMLKKKHKGFCD47DA,南山段,1.80,都市：其他:細部計畫道路用地,1,1,全筆移轉,01370009
RPTNMLOKKHKGFGD38DA,溪底寮段三寮灣小段,112.00,非都市：鄉村區 ; 非都市編定：乙種建築用地,1,1,全筆移轉,01870012
RPSNMLOKKHKGFGD28DA,溪底寮段三寮灣小段,40.48,非都市：鄉村區 ; 非都市編定：交通用地,100,8,持分移轉,01870005
RPXNMLNKKHKGFCD28DA,南山段,2.00,都市：其他:細部計畫道路用地,1,1,全筆移轉,01370008
RPRNMLLKKHKGFCD47DA,南山段,1.70,都市：其他:細部計畫道路用地,1,1,全筆移轉,01370010
RPPNMLKLKHKGFDD37DA,三和段,1157.03,非都市：特定農業區 ; 非都市編定：農牧用地,1,1,全筆移轉,00110000
RPPNMLKLKHKGFDD37DA,飯店段,1165.00,非都市：特定農業區 ; 非都市編定：農牧用地,1,1,全筆移轉,10530000
RPPNMLMLKHKGFED67DA,嶺頂段,54.70,都市：其他:第一種住宅區,10000,98,持分移轉,09800000
RPPNMLMLKHKGFED67DA,嶺頂段,2.17,都市：其他:第一種住宅區,10000,98,持分移轉,09810000
RPPNMLMLKHKGFED67DA,嶺頂段,3.44,都市：其他:第一種住宅區,10000,98,持分移轉,09830000
RPPNMLOLKHKGFED87DA,頂中段,81.49,非都市：鄉村區 ; 非都市編定：乙種建築用地,1,1,全筆移轉,08940000
RPPNMLKLKHKGFBD27EA,原佃段,51.49,都市：其他:農業區,5,1,持分移轉,00090000
RPPNMLKLKHKGFBD27EA,原佃段,79.39,都市：其他:主要計畫道路用地,5,1,持分移轉,00090001
RPPNMLKLKHKGFBD27EA,原佃段,64.27,都市：其他:農業區,5,1,持分移轉,00090002
RPPNMLKLKHKGFBD27EA,原佃段,49.74,都市：其他:主要計畫道路用地,5,1,持分移轉,00100001
RPRNMLOLKHKGFED08DA,嘉苳段,511.74,非都市：鄉村區 ; 非都市編定：乙種建築用地,1,1,全筆移轉,07050000
RPQNMLOLKHKGFED97DA,嘉苳段,518.21,非都市：鄉村區 ; 非都市編定：乙種建築用地,1,1,全筆移轉,07040000
RPQNMLKLKHKGFFD67DA,港子頭段,560.00,非都市：特定農業區 ; 非都市編定：農牧用地,3,1,持分移轉,04590000
RPRNMLOKKHKGFAD57DA,星鑽段,34.89,都市：其他:住宅區,2,1,持分移轉,05720000
RPRNMLLLKHKGFFD87DA,營南段,309.01,都市：其他:道路用地,8,3,持分移轉,05710000
RPRNMLLLKHKGFFD87DA,營南段,56.85,都市：其他:道路用地,8,3,持分移轉,05710001
RPRNMLLLKHKGFFD87DA,大屯寮段,1302.00,非都市：特定農業區 ; 非都市編定：農牧用地,1,1,全筆移轉,18640000
RPRNMLLLKHKGFFD87DA,大屯寮段,1057.00,非都市：特定農業區 ; 非都市編定：農牧用地,1,1,全筆移轉,18650000
RPRNMLLLKHKGFFD87DA,大屯寮段,3821.00,非都市：特定農業區 ; 非都市編定：農牧用地,1,1,全筆移轉,22450000
RPSNMLLLKHKGFFD97DA,麻豆寮段,1386.00,非都市：特定農業區 ; 非都市編定：農牧用地,1,1,全筆移轉,09940000
RPPNMLNKKHKGFGD87DA,普濟段,54.93,都市：其他:住宅區,8,1,持分移轉,03450000
RPPNMLNKKHKGFGD87DA,普濟段,50.54,都市：其他:住宅區,8,1,持分移轉,03480000
RPPNMLNKKHKGFGD87DA,普濟段,83.69,都市：其他:住宅區,8,1,持分移轉,03500000
RPUNMLNKKHKGFGD38DA,溪底寮段二重港小段,96.62,非都市：鄉村區 ; 非都市編定：乙種建築用地,8,1,持分移轉,02980000
RPSNMLLKKHKGFBD47DA,南興段,8.60,都市：其他:農業區,12,1,持分移轉,05530000
RPSNMLLKKHKGFBD47DA,南興段,72.94,都市：其他:農業區,1,1,全筆移轉,05530002
RPPOMLOKKHKGFKD48DA,市政段,86.22,都市：其他:住宅區,1,1,全筆移轉,01890002
RPSNMLNKKHKGFBD67DA,新順段,518.73,都市：其他:細部計畫道路用地,5000,4079,持分移轉,01710000
RPWNMLLLKHKGFKD88DA,五王段,80.61,都市：其他:住宅區,1,1,全筆移轉,05640000
RPWNMLKLKHKGFKD78DA,蜈蜞潭段,72.00,都市：其他:住宅區,1,1,全筆移轉,12590011
RPRNMLRKKHKGFCD08DA,新東段,.42,都市：其他:住宅區,100000,2235,持分移轉,04740000
RPRNMLRKKHKGFCD08DA,新東段,6.88,都市：其他:住宅區,100000,4470,持分移轉,04750000
RPRNMLRKKHKGFCD08DA,新東段,5.05,都市：其他:住宅區,100000,4470,持分移轉,05190019
RPOOMLLLKHKGFID97DA,松腳段,46.00,都市：其他:住宅區,1,1,全筆移轉,03340000
RPUNMLLLKHKGFAD67DA,永華段,62.17,都市：其他:商業區,1,1,全筆移轉,02510016
RPSNMLNLKHKGFAD67DA,新南段,257.00,都市：其他:第五種住宅區,1,1,全筆移轉,00620009
RPSNMLNLKHKGFAD67DA,新南段,520.00,都市：其他:第五種住宅區,1,1,全筆移轉,00620010
RPXNMLLLKHKGFGD58DA,東埔段,4.83,非都市：一般農業區 ; 非都市編定：水利用地,18,1,持分移轉,07600000
RPXNMLLLKHKGFGD58DA,東埔段,224.62,非都市：一般農業區 ; 非都市編定：農牧用地,18,1,持分移轉,07700000
RPTNMLOKKHKGFCD97DA,東寧段,82.00,都市：其他:住宅區,1,1,全筆移轉,10480000
RPXNMLKLKHKGFDD18DA,飯店段,2046.00,非都市：特定農業區 ; 非都市編定：農牧用地,1,1,全筆移轉,15930000
RPXNMLKLKHKGFDD18DA,飯店段,2046.00,非都市：特定農業區 ; 非都市編定：農牧用地,1,1,全筆移轉,15940000
RPXNMLKLKHKGFDD18DA,飯店段,2046.00,非都市：特定農業區 ; 非都市編定：農牧用地,1,1,全筆移轉,15950000
RPXNMLKLKHKGFDD18DA,飯店段,3071.00,非都市：特定農業區 ; 非都市編定：農牧用地,1,1,全筆移轉,16000000
RPRNMLMKKHKGFCD57DA,鹽埕段,.04,都市：其他:住宅區,100000,10,持分移轉,31090027
RPRNMLMKKHKGFCD57DA,鹽埕段,37.70,都市：其他:住宅區,10,1,持分移轉,31090094
RPUNMLOLKHKGFAD97DA,南廠段,4.74,都市：其他:商業區,10000,225,持分移轉,16260000
RPPOMLOKKHKGFAD47DA,頂美段,463.79,都市：其他:住宅區,1,1,全筆移轉,15240000
RPVNMLKLKHKGFFD18DA,興國段,26.89,都市：其他:住宅區,100000,2954,持分移轉,04400003
RPVNMLKLKHKGFFD18DA,興國段,52.52,都市：其他:住宅區,1,1,全筆移轉,04400017
RPOOMLOLKHKGFFD97DA,成功段,120.78,都市：其他:兒童遊樂場用地,6,1,持分移轉,09360000
RPPNMLLLKHKGFID08EA,清王段,8.37,都市：其他:道路用地,1,1,全筆移轉,02970000
RPWNMLLLKHKGFGD48DA,佳化段,83.00,非都市：鄉村區 ; 非都市編定：乙種建築用地,1,1,全筆移轉,12310011
RPSNMLKLKHKGFHD08DA,𦰡拔林段,3042.00,非都市：一般農業區 ; 非都市編定：農牧用地,1,1,全筆移轉,10500002
RPVNMLLLKHKGFHD48DA,港子墘段,39.81,非都市：鄉村區 ; 非都市編定：乙種建築用地,48,1,持分移轉,05550000
RPTNMLLLKHKGFHD28DA,港子墘段,79.62,非都市：鄉村區 ; 非都市編定：乙種建築用地,24,1,持分移轉,05550000
RPRNMLLLKHKGFAD37DA,郡王祠段,2.92,都市：其他:住宅區,10000,22,持分移轉,25210000
RPWNMLLLKHKGFHD58DA,港子墘段,39.81,非都市：鄉村區 ; 非都市編定：乙種建築用地,48,1,持分移轉,05550000
RPPNMLRKKHKGFJD58DA,中興段,394.70,都市：其他:住宅區,1,1,全筆移轉,09080000
SPPNMLRKKHKGFJD68DA,中興段,334.84,都市：其他:道路用地,1,1,全筆移轉,08250000
RPPNMLRKKHKGFJD58DA,中興段,211.78,都市：其他:住宅區,1,1,全筆移轉,09080001
RPPNMLRKKHKGFJD58DA,中興段,211.78,都市：其他:住宅區,1,1,全筆移轉,09080002
RPPNMLLLKHKGFKD18DA,南新段,.14,都市：其他:住宅區,10000,51,持分移轉,09430000
RPPNMLLLKHKGFKD18DA,南新段,3.98,都市：其他:住宅區,10000,51,持分移轉,09510000
RPQOMLLLKHKGFKD38DA,南工段,4.69,都市：其他:道路用地,1,1,全筆移轉,05750000
RPQOMLLLKHKGFKD38DA,南工段,322.09,都市：其他:住宅區,1,1,全筆移轉,05760000
RPQOMLLLKHKGFKD38DA,南工段,61.53,都市：其他:住宅區,1,1,全筆移轉,05770000
RPSNMLPLKHKGFED28DA,安溪寮段頂寮小段,1100.00,非都市：特定農業區 ; 非都市編定：農牧用地,1,1,全筆移轉,19180000
RPQNMLSKKHKGFAD87DA,福安段,.56,都市：其他:商業區,12,1,持分移轉,02560000
RPQNMLSKKHKGFAD87DA,福安段,63.75,都市：其他:商業區,1,1,全筆移轉,02610000
RPQNMLSKKHKGFAD87DA,福安段,44.96,都市：其他:商業區,1,1,全筆移轉,02620000
RPRNMLPLKHKGFAD77DA,立人段,6.52,都市：其他:住宅區,10000,11,持分移轉,00520000
RPWNMLPLKHKGFAD28DA,孔廟段,1.28,都市：其他:商業區,10000,319,持分移轉,01820000
RPWNMLPLKHKGFAD28DA,孔廟段,5.73,都市：其他:商業區,10000,319,持分移轉,01830000
RPPNMLPLKHKGFAD67EA,北安段,11.66,都市：其他:住宅區,8,1,持分移轉,00500221
RPPNMLPLKHKGFAD67EA,北安段,71.06,都市：其他:住宅區,8,1,持分移轉,17730000
RPXNMLKLKHKGFAD87DA,青年段,2.20,都市：其他:商業區,10000,27,持分移轉,02540000
RPXNMLKLKHKGFAD87DA,青年段,5.15,都市：其他:商業區,10000,27,持分移轉,02550000
RPXNMLKLKHKGFAD87DA,青年段,.21,都市：其他:商業區,10000,27,持分移轉,02560000
RPSOMLOLKHKGFAD87DA,中正段,3.17,都市：其他:商業區,10000,234,持分移轉,00720000
RPSOMLOLKHKGFAD87DA,中正段,3.16,都市：其他:商業區,10000,234,持分移轉,00770000
RPOOMLPLKHKGFAD57DA,星鑽段,3.53,都市：其他:商業區,10000,77,持分移轉,14990000
RPOOMLPJKHKGFGD97DA,廣安段,2254.04,都市：其他:農業區,1,1,全筆移轉,08580000
RPTNMLLKKHKGFDD77DA,新營段,70.72,都市：其他:住宅區,2,1,持分移轉,12360000
RPUNMLKLKHKGFDD87DA,建國段,101.12,非都市：鄉村區 ; 非都市編定：乙種建築用地,1,1,全筆移轉,01970016
RPOOMLLLKHKGFDD47DA,番子厝段,766.00,非都市：特定農業區 ; 非都市編定：農牧用地,1,1,全筆移轉,16840000
RPPNMLPLKHKGFED97DA,永安段,157.00,都市：其他:住宅區,1,1,全筆移轉,10810008
RPUNMLPLKHKGFED48DA,中興段,103.00,都市：其他:住宅區,1,1,全筆移轉,02310000
RPUNMLKLKHKGFFD08DA,南廍段,2500.00,非都市：特定農業區 ; 非都市編定：農牧用地,1,1,全筆移轉,10110000
RPQNMLOLKHKGFFD08DA,茅港尾段,1329.00,非都市：一般農業區 ; 非都市編定：農牧用地,1,1,全筆移轉,53720000
RPUNMLOLKHKGFFD48DA,官田段,205.43,都市：其他:農業區,7,2,持分移轉,00590000
RPUNMLOLKHKGFFD48DA,官田段,417.00,都市：其他:農業區,1,1,全筆移轉,00590006
RPUNMLOLKHKGFFD48DA,官田段,429.00,都市：其他:農業區,1,1,全筆移轉,00590007
RPVNMLOLKHKGFFD58DA,官田段,102.71,都市：其他:農業區,7,1,持分移轉,00590000
RPVNMLOLKHKGFFD58DA,官田段,441.00,都市：其他:農業區,1,1,全筆移轉,00590008
RPUNMLPLKHKGFGD68DA,育英段,64.00,都市：其他:住宅區,1,1,全筆移轉,01590000
RPUNMLPLKHKGFGD68DA,育英段,687.49,都市：其他:住宅區,1,1,全筆移轉,03060001
RPSOMLTKKHKGFID09DA,二空段,52.82,都市：其他:住宅區,100000,350,持分移轉,08200000
RPTNMLLLKHKGFID38DA,崎頂段,2500.00,非都市：山坡地保育區 ; 非都市編定：林業用地,1,1,全筆移轉,02440017
RPWOMLPLKHKGFID56DA,保甲段,1.25,都市：其他:住宅區,100000,280,持分移轉,03900000
RPWOMLPLKHKGFID56DA,保甲段,3.70,都市：其他:住宅區,100000,280,持分移轉,03910000
RPQNMLOLKHKGFGD28EA,中社段,82.74,都市：其他:住宅區,1,1,全筆移轉,06180001
RPPNMLQLKHKGFFD28EA,營安段,63.85,都市：其他:道路用地,24,17,持分移轉,05290000
RPPNMLQLKHKGFFD28EA,營安段,204.18,都市：其他:住宅區,1,1,全筆移轉,05310000
RPPNMLRLKHKGFJD68DA,菁埔寮段,40.00,非都市：山坡地保育區 ; 非都市編定：農牧用地,1,1,全筆移轉,00680007
RPUNMLOKKHKGFKD88DA,大灣段,50.00,都市：其他:住宅區,2,1,持分移轉,67080003
RPSNMLOLKHKGFKD78DA,蜈蜞潭段,29.65,都市：其他:住宅區,10000,127,持分移轉,12440000
RPQNMLPLKHKGFBD87EA,佃北段,102.45,都市：其他:住宅區,1,1,全筆移轉,06310000
RPTOMLRJKHKGFCD28DA,中和段,116.00,都市：其他:住宅區,1,1,全筆移轉,12270016
RPQNMLQLKHKGFED28EA,竹新段,26.25,非都市：鄉村區 ; 非都市編定：乙種建築用地,18,2,持分移轉,01900000
RPQNMLQLKHKGFED28EA,竹新段,150.99,非都市：鄉村區 ; 非都市編定：乙種建築用地,3,2,持分移轉,01910000
RPRNMLQLKHKGFED38EA,菁寮段,2407.00,非都市：特定農業區 ; 非都市編定：農牧用地,1,1,全筆移轉,30360000
RPQNMLOLKHKGFCD77DA,桶盤淺段,64.00,都市：其他:住宅區,1,1,全筆移轉,04390007
RPPNMLPLKHKGFFD18EA,民族段,4.94,都市：其他:住宅區,1,1,全筆移轉,02280000
RPPNMLPLKHKGFFD18EA,民族段,65.31,都市：其他:住宅區,1,1,全筆移轉,02290000
RPPNMLPLKHKGFFD18EA,民族段,3.79,都市：其他:道路用地,1,1,全筆移轉,02300000
RPRNMLKKKHKGFKD18DA,亞太段,48.76,都市：其他:工業區,10000,117,持分移轉,01650000
RPRNMLKKKHKGFKD18DA,亞太段,264.16,都市：其他:工業區,1,1,全筆移轉,01930000
RPQNMLMKJHKGFBD27DA,國安段,98.29,都市：其他:住宅區,1,1,全筆移轉,07910094
RPTNMLMKKHKGFAD57DA,金華段,14.29,都市：其他:第三種商業區(附),10000,55,持分移轉,01470006
RPQNMLRKKHKGFDD08DA,新民段,89.02,都市：其他:住宅區,1,1,全筆移轉,10660000
RPSNMLSKKHKGFDD38DA,新榮段,362.70,都市：其他:乙種工業區,1,1,全筆移轉,06040000
RPSNMLSKKHKGFDD38DA,新榮段,6.00,都市：其他:道路用地,1,1,全筆移轉,06040001
RPSNMLRKKHKGFCD18DA,竹篙厝段,7.28,都市：其他:住宅區,10000,19,持分移轉,19710000
RPTNMLKLKHKGFDD77DA,仁愛段,35.57,都市：其他:住宅區,10000,570,持分移轉,06620000
RPSNMLKLJHKGFED67DA,中興段,3.44,都市：其他:住宅區,16,1,持分移轉,02710000
RPXNMLRJKHKGFCD58DA,鹽埕段,34.23,都市：其他:住宅區,100000,246,持分移轉,30990174
RPUNMLKLJHKGFED87DA,長安段,2408.00,都市：其他:農業區,1,1,全筆移轉,05850002
RPRNMLNKKHKGFED87DA,大排竹段,2700.00,非都市：特定農業區 ; 非都市編定：農牧用地,1,1,全筆移轉,13650000
RPRNMLNKKHKGFED87DA,大排竹段,1600.00,非都市：特定農業區 ; 非都市編定：農牧用地,1,1,全筆移轉,13660000
RPRNMLNKKHKGFED87DA,大排竹段,2100.00,非都市：特定農業區 ; 非都市編定：農牧用地,1,1,全筆移轉,13760000
RPQNMLSKKHKGFFD38DA,新官田段,94.77,都市：其他:商業區,1,1,全筆移轉,15200000
RPSNMLTKKHKGFFD68DA,謝西段,590.04,非都市：特定農業區 ; 非都市編定：農牧用地,1,1,全筆移轉,12830000
RPXNMLKKKHKGFKD78DA,永和段,19.79,都市：其他:住宅區,10000,39,持分移轉,10270000
RPTOMLKKJHKGFAD37DA,金城段,61.48,都市：其他:第五種住宅區,100000,1231,持分移轉,00550000
RPXNMLNKKHKGFID88DA,東勢段,330.00,都市：其他:廣場用地兼供道路使用,1,1,全筆移轉,09760000
RPTNMLMKKHKGFHD28DA,知母義段,352.00,非都市：特定農業區 ; 非都市編定：農牧用地,1,1,全筆移轉,13430001
RPPNMLTKKHKGFID68DA,興安段,10.06,都市：其他:道路用地,1,1,全筆移轉,03780000
RPVQMLSKKHKGFID86DA,八甲段,75.00,非都市：特定農業區 ; 非都市編定：甲種建築用地,1,1,全筆移轉,38100008
RPVQMLSKKHKGFID86DA,八甲段,26.44,非都市：特定農業區 ; 非都市編定：甲種建築用地,54,1,持分移轉,38100012
RPPNMLTKKHKGFAD97EA,正興段,92.00,都市：其他:住宅區,1,1,全筆移轉,04110000
RPPOMLOJKHKGFKD38DA,北灣段,12.91,都市：其他:住宅區,1,1,全筆移轉,00920000
RPQNMLLLJHKGFAD17DA,新南段,73.00,都市：其他:第五種住宅區,1,1,全筆移轉,00620046
RPPNMLPKKHKGFAD47DA,新南段,1383.00,都市：其他:第五種住宅區,1,1,全筆移轉,00670001
RPWNMLSKKHKGFAD48DA,金華段,22.69,都市：其他:第六種住宅區,10000,245,持分移轉,00590005
RPXNMLLLJHKGFAD87DA,金城段,168.00,都市：其他:第四種住宅區,1,1,全筆移轉,00300036
RPPNMLRKKHKGFBD77DA,怡北段,78.06,都市：其他:住宅區,1,1,全筆移轉,12730021
RPPNMLRKKHKGFBD77DA,怡北段,17.02,都市：其他:住宅區,60,3,持分移轉,12750000
RPQNMLTKKHKGFDD28DA,忠政段,28.67,都市：其他:住宅區,96,1,持分移轉,04370000
RPRNMLRLKHKGFKD98DA,南新段,5.82,都市：其他:住宅區,100000,568,持分移轉,08320000
RPRNMLRLKHKGFKD98DA,南新段,.40,都市：其他:住宅區,100000,568,持分移轉,08860000
RPTNMLSKKHKGFFD68DA,二鎮段二鎮小段,189.00,都市：其他:住宅區,1,1,全筆移轉,01640006
RPPNMLTKJHKGFGD38DA,漚汪段中甲小段,3482.00,非都市：特定農業區 ; 非都市編定：農牧用地,1,1,全筆移轉,09350000
RPQNMLTKJHKGFGD48DA,漚汪段中甲小段,2983.00,非都市：特定農業區 ; 非都市編定：農牧用地,1,1,全筆移轉,10670000
RPRNMLTKKHKGFGD68DA,文化段,21.08,非都市：鄉村區 ; 非都市編定：乙種建築用地,100000,72,持分移轉,04760000
RPSNMLKLKHKGFGD97DA,子龍段,283.00,非都市：鄉村區 ; 非都市編定：乙種建築用地,1,1,全筆移轉,02230005
RPQNMLPLKHKGFGD28DA,巷口段一小段,570.00,非都市：特定農業區 ; 非都市編定：農牧用地,1,1,全筆移轉,03420000
RPQNMLPLKHKGFGD28DA,巷口段一小段,594.00,非都市：特定農業區 ; 非都市編定：農牧用地,1,1,全筆移轉,03430000
RPQNMLPLKHKGFGD28DA,巷口段一小段,2461.00,非都市：特定農業區 ; 非都市編定：農牧用地,1,1,全筆移轉,03440000
RPQNMLPLKHKGFGD28DA,巷口段一小段,733.00,非都市：特定農業區 ; 非都市編定：農牧用地,1,1,全筆移轉,03450000
RPQNMLPLKHKGFGD28DA,巷口段一小段,2910.00,非都市：特定農業區 ; 非都市編定：農牧用地,1,1,全筆移轉,03490000
RPQNMLPLKHKGFGD28DA,巷口段一小段,2755.00,非都市：特定農業區 ; 非都市編定：農牧用地,1,1,全筆移轉,03500000
RPQNMLPLKHKGFGD28DA,巷口段一小段,727.00,非都市：特定農業區 ; 非都市編定：農牧用地,1,1,全筆移轉,03510000
RPOOMLTKKHKGFID68DA,山西段,239.00,都市：其他:住宅區,1,1,全筆移轉,02800000
RPWNMLKLKHKGFHD48DA,新北段,17.32,都市：其他:住宅區,100000,549,持分移轉,00050000
RPPNMLKKKHKGFHD67DA,南三舍段,114.81,非都市：鄉村區 ; 非都市編定：乙種建築用地,1,1,全筆移轉,09680000
RPPNMLKKKHKGFHD67DA,南三舍段,58.14,非都市：鄉村區 ; 非都市編定：乙種建築用地,4,1,持分移轉,10110000
RPTNMLKLKHKGFID28DA,甘厝段,30.58,非都市：鄉村區 ; 非都市編定：乙種建築用地,2,1,持分移轉,06210000
RPQNMLMLJHKGFFD77DA,社子段,165.00,非都市：一般農業區 ; 非都市編定：甲種建築用地,1,1,全筆移轉,04270002
RPSOMLKLKHKGFID28DA,香洋段,83.00,都市：其他:商業區,1,1,全筆移轉,08560000
RPXNMLKLKHKGFKD88DA,二王段,87.83,都市：其他:住宅區,1,1,全筆移轉,11200003
RPPNMLLLKHKGFBD37EA,城東段,23.23,都市：其他:住宅區,1,1,全筆移轉,02620002
RPRNMLLLKHKGFDD77EA,新岸段,95.25,都市：其他:住宅區,1,1,全筆移轉,08480062
RPTNMLTKKHKGFAD28DA,赤崁段,40.54,都市：其他:商業區,1,1,全筆移轉,02810000
RPTNMLTKKHKGFAD28DA,赤崁段,12.96,都市：其他:商業區,6,1,持分移轉,02870000
RPWNMLTKKHKGFCD78DA,大山段,22.28,都市：其他:住宅區,13,1,持分移轉,01470009
RPWNMLTKKHKGFCD78DA,大山段,8.74,都市：其他:住宅區,1,1,全筆移轉,01470017
RPWNMLTKKHKGFCD78DA,大山段,64.62,都市：其他:住宅區,1,1,全筆移轉,01470018
RPVOMLTKKHKGFCD78DA,富強段,1.83,都市：其他:住宅區,1,1,全筆移轉,02050000
RPVOMLTKKHKGFCD78DA,富強段,62.35,都市：其他:市場用地,1,1,全筆移轉,02050001
RPWOMLTKKHKGFCD88DA,仁和段,29.22,都市：其他:住宅區,10000,30,持分移轉,10730000
RPPNMLKLKHKGFCD27DA,富裕段,15.11,都市：其他:住宅區,20000,560,持分移轉,02070000
RPPNMLKLKHKGFCD27DA,富裕段,8.41,都市：其他:住宅區,20000,560,持分移轉,02070001
RPQNMLLLKHKGFED67DA,長安段,4621.00,非都市：特定農業區 ; 非都市編定：農牧用地,1,1,全筆移轉,00690000
RPTNMLKLKHKGFCD67DA,裕東段,54.37,都市：其他:住宅區,1,1,全筆移轉,07450002
RPTNMLKLKHKGFCD67DA,裕東段,20.44,都市：其他:住宅區,10,1,持分移轉,07450005
RPOOMLKLKHKGFCD27DA,新都心段,13.50,都市：其他:住宅區,10000,13,持分移轉,00440000
RPVNMLKKJHKGFCD67DA,自由段,53.32,都市：其他:住宅區,100000,1847,持分移轉,00320000
RPRNMLKKKHKGFDD47DA,秦漢段,89.07,都市：其他:住宅區,1,1,全筆移轉,02960000
RPSNMLTKKHKGFDD48DA,華城段,24.53,都市：其他:住宅區,10000,56,持分移轉,08370000
RPPNMLSKKHKGFKD78DA,六甲頂段,98.00,都市：其他:住宅區,1,1,全筆移轉,04650001
RPUOMLTKKHKGFAD48DA,星鑽段,24.69,都市：其他:住宅區,100000,226,持分移轉,04200000
RPRNMLKKJHKGFED47DA,草店段,34.00,非都市：特定農業區 ; 非都市編定：農牧用地,1,1,全筆移轉,00310001
RPQPMLOJKHKGFBD67DA,國安段,11.15,都市：其他:住宅區,10000,19,持分移轉,15600002
RPPNMLPJKHKGFED77DA,頂平段,86.34,非都市：鄉村區 ; 非都市編定：乙種建築用地,1,1,全筆移轉,07910000
RPSNMLSKKHKGFFD58DA,光明段,73.43,都市：其他:住宅區,1,1,全筆移轉,01620006
RPWOMLSKKHKGFHD66DA,安定段,584.00,都市：其他:農業區(供申請變更開發為產業支援區),1,1,全筆移轉,16070003
RPOOMLTKKHKGFHD58DA,牛稠埔段,177.00,非都市：一般農業區 ; 非都市編定：農牧用地,4,1,持分移轉,02260000
RPOOMLTKKHKGFHD58DA,牛稠埔段,122.50,非都市：一般農業區 ; 非都市編定：農牧用地,4,1,持分移轉,02270000
RPOOMLTKKHKGFHD58DA,牛稠埔段,93.00,非都市：一般農業區 ; 非都市編定：農牧用地,4,1,持分移轉,02290000
RPOOMLTKKHKGFHD58DA,牛稠埔段,11.25,非都市：一般農業區 ; 非都市編定：交通用地,4,1,持分移轉,02290003
RPOOMLTKKHKGFHD58DA,牛稠埔段,90.25,非都市：一般農業區 ; 非都市編定：農牧用地,4,1,持分移轉,02300000
RPOOMLTKKHKGFHD58DA,牛稠埔段,30.00,非都市：一般農業區 ; 非都市編定：農牧用地,4,1,持分移轉,02300002
RPOOMLTKKHKGFHD58DA,牛稠埔段,179.00,非都市：一般農業區 ; 非都市編定：農牧用地,4,1,持分移轉,02310000
RPOOMLTKKHKGFHD58DA,牛稠埔段,338.25,非都市：一般農業區 ; 非都市編定：農牧用地,4,1,持分移轉,02310004
RPOOMLTKKHKGFHD58DA,牛稠埔段,119.00,非都市：一般農業區 ; 非都市編定：農牧用地,4,1,持分移轉,02440006
RPOOMLTKKHKGFHD58DA,牛稠埔段,50.00,非都市：一般農業區 ; 非都市編定：交通用地,4,1,持分移轉,02440012
RPOOMLTKKHKGFHD58DA,牛稠埔段,162.25,非都市：一般農業區 ; 非都市編定：農牧用地,4,1,持分移轉,02440013
RPUNMLKLKHKGFHD28DA,菜寮段,1180.00,非都市：一般農業區 ; 非都市編定：農牧用地,1,1,全筆移轉,01180010
RPRNMLKKKHKGFID97DA,新埔段,179.00,非都市：鄉村區 ; 非都市編定：乙種建築用地,1,1,全筆移轉,05990090
RPRNMLPLKHKGFBD87DA,城南段,15.83,都市：其他:住宅區,30,1,持分移轉,01470000
RPRNMLPLKHKGFBD87DA,城南段,4.56,都市：其他:細部計畫道路用地,30,1,持分移轉,01470001
RPRNMLPLKHKGFBD87DA,城南段,.34,都市：其他:住宅區,30,1,持分移轉,01470002
RPRNMLKLKHKGFBD37DA,國安段,18.43,都市：其他:住宅區,14,1,持分移轉,15040012
RPRNMLKLKHKGFBD37DA,國安段,73.03,都市：其他:住宅區,1,1,全筆移轉,15040013
RPRNMLKLKHKGFBD37DA,國安段,2.91,都市：其他:住宅區,19,1,持分移轉,15040020
RPPNMLMLJHKGFDD47DA,姑爺段,224.80,非都市：鄉村區 ; 非都市編定：乙種建築用地,5,2,持分移轉,01370000
RPPNMLMLJHKGFDD47DA,姑爺段,3.00,非都市：鄉村區 ; 非都市編定：交通用地,5,1,持分移轉,01370001
RPVOMLRKKHKGFKD76DA,保生段,8.64,都市：其他:住宅區,1,1,全筆移轉,08530000
RPVOMLRKKHKGFKD76DA,保生段,92.00,都市：其他:住宅區,1,1,全筆移轉,08670000
RPRNMLLLKHKGFKD38DA,二王段,10.39,都市：其他:道路用地,30000,1014,持分移轉,10040000
RPPNNLRKKHKGFID58DA,八甲段,3.03,非都市：特定農業區 ; 非都市編定：甲種建築用地,126,1,持分移轉,37740000
RPPNNLRKKHKGFID58DA,八甲段,60.00,非都市：特定農業區 ; 非都市編定：甲種建築用地,1,1,全筆移轉,37740010
RPUNMLKLKHKGFAD57DA,漁港段,8.82,都市：其他:特定住宅專用區,6,1,持分移轉,01520000
RPVNMLKLKHKGFAD67DA,郡王祠段,8.15,都市：其他:商業區,80000,1523,持分移轉,00290000
RPVNMLKLKHKGFAD67DA,郡王祠段,1.77,都市：其他:商業區,80000,1523,持分移轉,00300000
RPVNMLKLKHKGFAD67DA,郡王祠段,.90,都市：其他:商業區,80000,1523,持分移轉,00310000
RPRNMLOLKHKGFAD67DA,漁光段,7.75,都市：其他:商業區(附),100000,218,持分移轉,08910002
RPTNMLOJKHKGFAD67DA,東豐段,3.27,都市：其他:住宅區,10000,324,持分移轉,02930002
RPTNMLOJKHKGFAD67DA,東豐段,17.82,都市：其他:住宅區,10000,324,持分移轉,02940000
RPTNMLOJKHKGFAD67DA,東豐段,2.28,都市：其他:住宅區,30000,324,持分移轉,03000000
RPTNMLTKKHKGFBD38DA,溪墘段,67.80,都市：其他:住宅區,1,1,全筆移轉,14180000
RPTNMLTKKHKGFBD38DA,溪墘段,55.16,都市：其他:住宅區,1,1,全筆移轉,14190000
RPTNMLTKKHKGFBD38DA,溪墘段,17.24,都市：其他:細部計畫道路用地,1,1,全筆移轉,14190001
RPPNMLTKKHKGFBD97DA,新淵段,118.97,都市：其他:住宅區,1,1,全筆移轉,04550000
RPTNMLSKKHKGFBD28DA,安慶段,.30,都市：其他:住宅區,1,1,全筆移轉,03150001
RPTNMLSKKHKGFBD28DA,安慶段,25.97,都市：其他:細部計畫道路用地,1,1,全筆移轉,03150002
RPSNMLMKKHKGFCD67DA,竹篙厝段,16.91,都市：其他:鄰里商業區,10000,437,持分移轉,35070001
RPSNMLSKKHKGFCD28DA,新都段,130.90,都市：其他:細部計畫道路用地,1,1,全筆移轉,04560002
RPSNMLSKKHKGFCD28DA,虎尾段,8.01,都市：其他:細部計畫道路用地,1,1,全筆移轉,14430000
RPWNMLKLKHKGFCD97DA,光華段,6.94,都市：其他:住宅區,10000,143,持分移轉,09090000
RPRNMLTKKHKGFHD78DA,善駕段,23.74,都市：其他:住宅區,10000,89,持分移轉,09230000
RPXNMLTKKHKGFKD07DA,蜈蜞潭段,19.85,都市：其他:住宅區,10000,85,持分移轉,12440000
RPQNMLLLKHKGFCD47DA,華南段,330.64,都市：其他:農業區,1,1,全筆移轉,12470000
RPPOMLKLKHKGFCD37DA,新都心段,20.77,都市：其他:住宅區,10000,20,持分移轉,00440000
RPPNMLMKKHKGFED57DA,永秀段,99.30,都市：其他:住宅區,1,1,全筆移轉,02460000
RPPNMLMKKHKGFED57DA,永秀段,83.47,都市：其他:住宅區,1,1,全筆移轉,02470000
RPVNMLLLKHKGFDD08DA,下角帶圍段,83.00,非都市：鄉村區 ; 非都市編定：乙種建築用地,1,1,全筆移轉,00430030
RPQNMLOLKHKGFGD18DA,九龍段,85.82,都市：其他:住宅區,1,1,全筆移轉,07400005
RPQNMLRKKHKGFHD48DA,明南段,402.90,非都市：一般農業區 ; 非都市編定：甲種建築用地,480,394,持分移轉,08010000
RPTOMLKLKHKGFID38DA,新厝段,88.95,都市：其他:住宅區,1,1,全筆移轉,11360000
RPTOMLKLKHKGFID38DA,新厝段,111.75,都市：其他:住宅區,1,1,全筆移轉,11370000
RPPNMLQJKHKGFJD38DA,芒子芒段,105.00,非都市：一般農業區 ; 非都市編定：甲種建築用地,1,1,全筆移轉,08100026
RPQNMLRKKHKGFJD68DA,口宵里段,6076.00,非都市：山坡地保育區 ; 非都市編定：農牧用地,1,1,全筆移轉,00030243
RPROMLKKKHKGFKD28DA,禹帝段,12.10,都市：其他:住宅區,1,1,全筆移轉,00120001
RPTOMLKKKHKGFKD48DA,禹帝段,9.48,都市：其他:住宅區,1,1,全筆移轉,00120007
RPSOMLKKKHKGFKD38DA,禹帝段,18.82,都市：其他:住宅區,1,1,全筆移轉,00120004
RPVOMLKKKHKGFKD68DA,禹帝段,8.94,都市：其他:住宅區,1,1,全筆移轉,00120005
RPXOMLKKKHKGFKD88DA,禹帝段,9.14,都市：其他:住宅區,1,1,全筆移轉,00120008
RPWOMLKKKHKGFKD78DA,禹帝段,9.21,都市：其他:住宅區,1,1,全筆移轉,00120006
RPOPMLKKKHKGFKD08DA,禹帝段,9.45,都市：其他:住宅區,1,1,全筆移轉,00120009
RPOPMLKKKHKGFKD08DA,禹帝段,7.81,都市：其他:住宅區,1,1,全筆移轉,00120010
RPPPMLKKKHKGFKD18DA,禹帝段,10.06,都市：其他:住宅區,1,1,全筆移轉,00120003
RPQPMLKKKHKGFKD28DA,禹帝段,1.16,都市：其他:道路用地,1,1,全筆移轉,00120011
RPSNMLLLKHKGFKD48DA,二王段,5.19,都市：其他:道路用地,30000,507,持分移轉,10040000
RPTNMLLLKHKGFKD58DA,二王段,5.19,都市：其他:道路用地,30000,507,持分移轉,10040000
RPUNMLLLKHKGFKD68DA,二王段,3.46,都市：其他:道路用地,30000,338,持分移轉,10040000
RPVNMLTKKHKGFKD86DA,兵北段,9.46,都市：其他:住宅區,10000,34,持分移轉,00410000
RPPNMLLKJHKGFHD67DA,善中段,24.32,都市：其他:住宅區,10000,44,持分移轉,14630000
RPPNMLPLKHKGFBD77EA,福國段,97.95,都市：其他:主要計畫道路用地,2,1,持分移轉,05210000
RPXNMLTKKHKGFAD68DA,仁愛段,18.18,都市：其他:住宅區,10000,303,持分移轉,10730017
RPXNMLTKKHKGFAD68DA,仁愛段,19.88,都市：其他:住宅區,10000,303,持分移轉,10730018
RPROMLQJJHKGFBD77DA,溪墘段,92.49,都市：其他:住宅區,1,1,全筆移轉,00290030
RPTNMLKLKHKGFAD47DA,富台段,.03,都市：其他:住宅區,20000000,106,持分移轉,06480000
RPTNMLKLKHKGFAD47DA,富台段,32.29,都市：其他:住宅區,10000000,9448,持分移轉,07790000
RPQNMLLLKHKGFAD27DA,頂美段,17.10,都市：其他:住宅區,10000,55,持分移轉,08390000
RPQNMLOLKHKGFAD57DA,郡王祠段,73.22,都市：其他:商業區,1,1,全筆移轉,05630000
RPUNMLPLKHKGFAD08DA,銀同段,112.09,都市：其他:商業區,1,1,全筆移轉,01710000
RPUNMLPLKHKGFAD08DA,銀同段,3.35,都市：其他:商業區,1,1,全筆移轉,01720000
RPUNMLPLKHKGFAD08DA,銀同段,21.24,都市：其他:商業區,1,1,全筆移轉,01730000
RPPNMLQKJHKGFBD57DA,安慶段,21.38,都市：其他:住宅區,10000,74,持分移轉,01430000
RPOOMLMLJHKGFKD18DA,鹽埕段,16.49,都市：其他:住宅區,10000,61,持分移轉,04700000
RPUNMLNKKHKGFKD78DA,六甲頂段,68.00,都市：其他:住宅區,1,1,全筆移轉,14240004
RPSNMLOKKHKGFBD77DA,理想段,38.39,都市：其他:住宅區,10000,1413,持分移轉,17220000
RPRNMLPLKHKGFDD08DA,番子厝段,2372.00,非都市：一般農業區 ; 非都市編定：農牧用地,1,1,全筆移轉,32740000
RPSNMLPLKHKGFFD38DA,六甲段,319.00,都市：其他:農業區,1,1,全筆移轉,08880010
RPTQMLSKKHKGFID66DA,辜厝段,39.55,都市：其他:道路用地,1,1,全筆移轉,04210001
RPPNMLOLKHKGFGD08DA,慈濟段,13.23,都市：其他:商業區,10000,109,持分移轉,04500000
RPVNMLLLJHKGFGD28DA,育善段,34.71,都市：其他:住宅區,10,1,持分移轉,01630001
SPSNMLPLKHKGFFD48DA,六甲段,69.71,都市：其他:農業區,14,1,持分移轉,08880000
RPVNMLLLJHKGFGD28DA,育善段,67.80,都市：其他:住宅區,1,1,全筆移轉,01640007
RPWNMLLLKHKGFID68DA,成功段,26.78,都市：其他:住宅區,10000,284,持分移轉,02490000
RPPOMLPLKHKGFID48DA,林子邊段,75.00,非都市：一般農業區 ; 非都市編定：水利用地,1,1,全筆移轉,02260005
RPPNMLPLKHKGFID38DA,德崙段,13.30,都市：其他:住宅區,10000,89,持分移轉,05190000
RPQNMLNKKHKGFKD38DA,鹽行段,27.51,都市：其他:住宅區,100000,1033,持分移轉,13500000
RPVNMLLLKHKGFKD78DA,二王段,3.13,都市：其他:道路用地,30000,306,持分移轉,10040000
RPOOMLLLKHKGFKD18DA,仁愛段,75.61,都市：其他:住宅區,1,1,全筆移轉,07310000
RPQNMLNLKHKGFKD48DA,南新段,5.43,都市：其他:住宅區,100000,530,持分移轉,08320000
RPQNMLNLKHKGFKD48DA,南新段,.38,都市：其他:住宅區,100000,530,持分移轉,08860000
RPPNMLLKJHKGFAD96DA,金城段,12.89,都市：其他:第三種商業區(附),100000,403,持分移轉,00170024
RPPNMLOLKHKGFKD48DA,大灣段,103.00,都市：其他:住宅區,1,1,全筆移轉,67740002
RPPNMLPLKHKGFDD97EA,太子宮段太子宮小段,2201.00,非都市：特定農業區 ; 非都市編定：農牧用地,1,1,全筆移轉,08270000
RPPNMLQLKHKGFDD08EA,武廟段,120.70,都市：其他:住宅區,2,1,持分移轉,04280000
RPPNMLQLKHKGFDD08EA,武廟段,9.62,都市：其他:道路用地,2,1,持分移轉,04290000
RPXNMLSKKHKGFAD58DA,仁愛段,107.00,都市：其他:住宅區,1,1,全筆移轉,04820012
RPRNMLNJJHKGFBD37DA,海佃段,95.39,都市：其他:住宅區,1,1,全筆移轉,13410000
RPXNMLQJKHKGFCD48DA,新興段,98.00,都市：其他:住宅區,1,1,全筆移轉,02300066
RPWNMLSKKHKGFCD68DA,新興段,235.00,都市：其他:住宅區,1,1,全筆移轉,02330019
RPQPMLTKKHKGFCD38DA,竹篙厝段,88.00,都市：其他:住宅區,1,1,全筆移轉,27290000
RPQPMLTKKHKGFCD38DA,竹篙厝段,49.00,都市：其他:住宅區,1,1,全筆移轉,27300000
RPUNMLRJKHKGFDD38DA,新東段,27.34,都市：其他:住宅區,10000,65,持分移轉,05840000
RPTNMLQKJHKGFGD48DA,忠昌段,113.72,都市：其他:住宅區,1,1,全筆移轉,08370000
RPPOMLQJJHKGFKD48DA,大灣段,88.00,都市：其他:住宅區,1,1,全筆移轉,77220000
RPUOMLSKKHKGFHD09DA,大社段,67.00,非都市：鄉村區 ; 非都市編定：乙種建築用地,1,1,全筆移轉,22020028
RPUOMLSKKHKGFHD09DA,大社段,16.71,非都市：鄉村區 ; 非都市編定：乙種建築用地,31,1,持分移轉,22020045
RPVNMLRKKHKGFHD98DA,北子店段一小段,8.16,非都市：一般農業區 ; 非都市編定：農牧用地,120,1,持分移轉,06960000
RPVNMLRKKHKGFHD98DA,北子店段一小段,49.82,非都市：一般農業區 ; 非都市編定：農牧用地,120,1,持分移轉,06970000
RPVNMLRKKHKGFHD98DA,北子店段一小段,.97,非都市：一般農業區 ; 非都市編定：水利用地,120,1,持分移轉,06980000
RPVNMLRKKHKGFHD98DA,北子店段一小段,.83,非都市：一般農業區 ; 非都市編定：甲種建築用地,120,1,持分移轉,07060050
RPVNMLRKKHKGFHD98DA,北子店段一小段,96.00,非都市：一般農業區 ; 非都市編定：甲種建築用地,1,1,全筆移轉,07060096
RPVNMLRKKHKGFHD98DA,北子店段一小段,1.16,非都市：一般農業區 ; 非都市編定：甲種建築用地,120,1,持分移轉,07060098
RPVNMLRKKHKGFHD98DA,北子店段一小段,.08,非都市：一般農業區 ; 非都市編定：甲種建築用地,120,1,持分移轉,07060124
RPVNMLRKKHKGFHD98DA,北子店段一小段,.04,非都市：一般農業區 ; 非都市編定：甲種建築用地,120,1,持分移轉,07060126
RPVNMLRKKHKGFHD98DA,北子店段一小段,.77,非都市：一般農業區 ; 非都市編定：甲種建築用地,120,1,持分移轉,07060127
RPVNMLRKKHKGFHD98DA,北子店段一小段,1.38,非都市：一般農業區 ; 非都市編定：甲種建築用地,120,1,持分移轉,07060128
RPVNMLRKKHKGFHD98DA,北子店段一小段,22.47,非都市：一般農業區 ; 非都市編定：農牧用地,15,1,持分移轉,07100000
RPXOMLMKKHKGFID88DA,三甲子段,22.00,非都市：工業區 ; 非都市編定：丁種建築用地,1,1,全筆移轉,04130011
RPPOMLTKKHKGFHD68DA,玉二段,45.36,都市：其他:商業區,1,1,全筆移轉,04840000
RPPOMLTKKHKGFHD68DA,玉二段,2.87,都市：其他:商業區,1,1,全筆移轉,04860000
RPSNMLOKKHKGFID48DA,德崙段,64.08,都市：其他:住宅區,1,1,全筆移轉,03660000
RPOOMLOJKHKGFKD28DA,北灣段,230.88,都市：其他:住宅區,1,1,全筆移轉,00930000
RPOOMLOJKHKGFKD28DA,北灣段,20.82,都市：其他:住宅區,1,1,全筆移轉,00940000
RPXNMLOKKHKGFKD56DA,竹行段,136.06,都市：其他:住宅區,1,1,全筆移轉,11770000
RPRNMLSKKHKGFKD98DA,三民段,201.00,都市：其他:農業區,2000000,163714,持分移轉,05730000
RPQOMLKKKHKGFKD18DA,禹帝段,4.66,都市：其他:住宅區,1,1,全筆移轉,00120000
RPPNMLLLKHKGFFD77EA,下營段,2903.00,都市：其他:農業區,1,1,全筆移轉,22040000
RPXNMLPJKHKGFFD68DA,茅港尾段,2513.00,非都市：特定農業區 ; 非都市編定：農牧用地,1,1,全筆移轉,38420000
RPOOMLKLJHKGFKD97DA,永康段,12.13,都市：其他:住宅區,10000,67,持分移轉,15080000
RPRNMLKLKHKGFAD27DA,郡王祠段,2.95,都市：其他:商業區,10000,80,持分移轉,00680000
RPQNMLOKKHKGFBD57DA,鎮安段,129.26,都市：其他:農業區,80,15,持分移轉,05880002
RPQNMLOKKHKGFBD57DA,鎮安段,435.42,都市：其他:農業區,1,1,全筆移轉,05890003
RPQNMLOKKHKGFBD57DA,鎮安段,102.24,都市：其他:農業區,10000,3119,持分移轉,05890005
RPQNMLNLJHKGFHD08DA,月潭段,23.15,非都市：鄉村區 ; 非都市編定：乙種建築用地,100000,497,持分移轉,08970000
RPTNMLNLJHKGFBD77DA,安慶段,533.36,都市：其他:住宅區,20,8,持分移轉,10740000
RPTNMLNLJHKGFBD77DA,安慶段,8.05,都市：其他:住宅區,20,8,持分移轉,10740002
RPTNMLNLJHKGFBD77DA,安慶段,.59,都市：其他:細部計畫道路用地,20,8,持分移轉,10740003
RPTNMLNLJHKGFBD77DA,安慶段,156.28,都市：其他:道路用地(兼供排水使用),20,8,持分移轉,10740004
RPTNMLNLJHKGFBD77DA,安慶段,.66,都市：其他:細部計畫道路用地,20,8,持分移轉,10740006
RPTNMLNLJHKGFBD77DA,安慶段,2.74,都市：其他:道路用地(兼供排水使用),20,8,持分移轉,10740007
RPTNMLNLJHKGFBD77DA,安慶段,216.85,都市：其他:細部計畫道路用地,20,8,持分移轉,10740009
RPTNMLNLJHKGFBD77DA,安慶段,.60,都市：其他:細部計畫道路用地,20,8,持分移轉,10740010
RPUNMLMKKHKGFAD67DA,新南段,8.01,都市：其他:第三種商業區(附),10000,139,持分移轉,00380023
RPPNMLRLKHKGFJD78EA,楠西段,1326.33,都市：其他:農業區,3,1,持分移轉,00180000
RPUNMLSKKHKGFCD48DA,東寧段,37.51,都市：其他:住宅區,1400646,13358,持分移轉,07390000
RPRPMLTKKHKGFCD48DA,德高段,82.00,都市：其他:住宅區,1,1,全筆移轉,04650033
RPTNMLRKKHKGFDD38DA,茄苳段,13.06,都市：其他:住宅區,18,1,持分移轉,07560010
RPTNMLRKKHKGFDD38DA,茄苳段,74.00,都市：其他:住宅區,1,1,全筆移轉,07560015
RPQNMLNKKIJGFAD37DA,新南段,293.80,都市：其他:第三種商業區(附),1,1,全筆移轉,01250000
RPQNMLKLKHKGFED57DA,東興段,24.60,都市：其他:住宅區,100000,1979,持分移轉,05260000
RPPNMLNLJHKGFHD97DA,月潭段,23.84,非都市：鄉村區 ; 非都市編定：乙種建築用地,100000,512,持分移轉,08970000
RPVOMLSKKHKGFHD56DA,大社段,82.00,非都市：鄉村區 ; 非都市編定：乙種建築用地,1,1,全筆移轉,22020029
RPUOMLPJKHKGFAD97DA,金華段,9.67,都市：其他:第三種商業區,100000,117,持分移轉,01370000
RPVOMLSKKHKGFHD56DA,大社段,16.71,非都市：鄉村區 ; 非都市編定：乙種建築用地,31,1,持分移轉,22020045
RPOPMLRKKHKGFHD48DA,善文段,1.91,都市：其他:商業區,617650,21543,持分移轉,00230000
RPOPMLRKKHKGFHD48DA,慶安段,6.51,都市：其他:商業區,856,107,持分移轉,08300000
RPTNMLKLKHKGFKD48DA,安康段,10.23,都市：其他:住宅區,2,1,持分移轉,11520000
RPTNMLKLKHKGFKD48DA,安康段,225.20,都市：其他:住宅區,1,1,全筆移轉,11530000
RPSPMLMLJHKGFCD87DA,鹽埕段,144.00,都市：其他:住宅區,1,1,全筆移轉,23060007
RPOPMLMLJHKGFCD47DA,南華段,106.88,都市：其他:住宅區,1,1,全筆移轉,08110000
RPOPMLMLJHKGFCD47DA,南華段,63.74,都市：其他:住宅區,1,1,全筆移轉,08120000
RPROMLTKKHKGFAD18DA,新南段,7.40,都市：其他:第三種商業區(附),100000,466,持分移轉,00780006
RPSOMLQJJHKGFBD87DA,佃西段,28.41,都市：其他:住宅區,10000,490,持分移轉,12710000
RPOPMLNLJHKGFHD08DA,月潭段,23.15,非都市：鄉村區 ; 非都市編定：乙種建築用地,100000,497,持分移轉,08970000
RPSNMLTKKHKGFBD28DA,安西段,17.59,都市：其他:住宅區,100000,2224,持分移轉,21330000
RPSNMLTKKHKGFBD28DA,安西段,72.16,都市：其他:住宅區,1,1,全筆移轉,21330042
RPRNMLSJKHKGFBD97DA,安中段,.87,都市：其他:住宅區,100000,56,持分移轉,00450000
RPRNMLSJKHKGFBD97DA,安中段,1.69,都市：其他:住宅區,100000,56,持分移轉,01270000
RPRNMLSJKHKGFBD97DA,安中段,6.22,都市：其他:住宅區,100000,56,持分移轉,01310000
RPRNMLSJKHKGFBD97DA,安中段,2.69,都市：其他:住宅區,100000,56,持分移轉,01370000
RPRNMLSJKHKGFBD97DA,安中段,.04,都市：其他:住宅區,7200000,112,持分移轉,01410000
RPRNMLSJKHKGFBD97DA,安中段,43.83,都市：其他:住宅區,36,1,持分移轉,01450000
RPRNMLSJKHKGFBD97DA,安中段,2.04,都市：其他:住宅區,100000,56,持分移轉,01460000
RPRNMLSJKHKGFBD97DA,安中段,.07,都市：其他:住宅區,100000,56,持分移轉,03110000
RPRNMLSJKHKGFBD97DA,怡中段,.46,都市：其他:住宅區,100000,56,持分移轉,10930000
RPRNMLSJKHKGFBD97DA,怡中段,.04,都市：其他:住宅區,100000,56,持分移轉,10930002
RPRNMLSJKHKGFBD97DA,怡中段,.40,都市：其他:住宅區,100000,56,持分移轉,10930003
RPRNMLSJKHKGFBD97DA,怡中段,4.77,都市：其他:住宅區,100000,56,持分移轉,10950000
RPRNMLSJKHKGFBD97DA,怡中段,7.39,都市：其他:住宅區,100000,56,持分移轉,10970000
RPRNMLSJKHKGFBD97DA,怡中段,2.24,都市：其他:住宅區,100000,56,持分移轉,11020000
RPUNMLRJKHKGFCD28DA,鹽埕段,94.00,都市：其他:住宅區,1,1,全筆移轉,02570108
RPSOMLRKKHKGFHD78DA,善昌段,51.14,都市：其他:住宅區,100000,7206,持分移轉,04780000
RPUNMLKLKHKGFCD77DA,鹽埕段,14.46,都市：其他:住宅區,20000,252,持分移轉,23910000
RPXNMLKLKHKGFCD08DA,新都心段,20.77,都市：其他:住宅區,10000,20,持分移轉,00440000
RPPNMLRKKHKGFCD97EA,興農段,188.38,都市：其他:主要計畫道路用地,148684,75354,持分移轉,03210001
RPPNMLOLKHKGFFD97DA,油車段,126.19,都市：其他:住宅區,1,1,全筆移轉,10900000
RPRNMLKLKHKGFFD77DA,大山段,16.40,都市：其他:道路用地,1000,100,持分移轉,02590000
RPRNMLKLKHKGFFD77DA,大山段,38.95,都市：其他:道路用地,4000,400,持分移轉,02600000
RPRNMLKLKHKGFFD77DA,大山段,128.07,都市：其他:住宅區,4000,400,持分移轉,02610000
RPRNMLKLKHKGFFD77DA,大山段,1.57,都市：其他:住宅區,1000,100,持分移轉,02620000
RPTOMLLKKHKGFCD77DA,新都心段,47.67,都市：其他:住宅區,100000,250,持分移轉,00420000
RPTNMLRKKHKGFHD78DA,大營段,726.00,都市：其他:農業區(供申請變更開發為生活服務區),1,1,全筆移轉,19660002
RPTNMLRKKHKGFHD78DA,大營段,24.00,都市：其他:道路用地,1,1,全筆移轉,19660003
RPRNMLSKKHKGFGD58DA,佛天段,105.38,都市：其他:農業區,4,1,持分移轉,06530000
RPRNMLSKKHKGFGD58DA,佛天段,1599.32,都市：其他:農業區,4,1,持分移轉,06550000
RPPNMLKLJHKGFCD17DA,鹽埕段,40.50,都市：其他:住宅區,4,1,持分移轉,02900864
RPQNMLKLKHKGFHD87DA,港尾段,41.12,非都市：鄉村區 ; 非都市編定：乙種建築用地,100000,4164,持分移轉,06490000
RPQNMLKLKHKGFHD87DA,港尾段,2.56,非都市：鄉村區 ; 非都市編定：交通用地,168,5,持分移轉,06500000
RPQNMLLLKHKGFHD97DA,媽祖段,46.38,都市：其他:住宅區,10,1,持分移轉,05110000
RPSOMLNKKHKGFID48DA,中軍段,176.93,都市：其他:農業區,1,1,全筆移轉,10820000
RPSOMLRJJHKGFID68DA,上崙段,32.16,都市：其他:住宅區,100000,2089,持分移轉,05240000
RPSNMLKLKHKGFID18DA,長興段,40.63,都市：其他:第三種住宅區。,200000,13128,持分移轉,00170004
RPRNMLOLKHKGFID48DA,松腳段,24.10,都市：其他:住宅區,10,1,持分移轉,00250000
RPRNMLOLKHKGFID48DA,松腳段,103.00,都市：其他:住宅區,1,1,全筆移轉,00250001
RPRNMLOLKHKGFID48DA,松腳段,10.00,都市：其他:住宅區,1,1,全筆移轉,00250013
RPWNMLKKKHKGFKD68DA,兵南段,14.48,都市：其他:住宅區,10000,40,持分移轉,05450000
RPSOMLOKKHKGFKD78DA,兵南段,13.03,都市：其他:住宅區,10000,36,持分移轉,05450000
RPVNMLQJKHKGFKD09DA,大灣段,73.00,都市：其他:住宅區,1,1,全筆移轉,73850004
RPQNMLNLJHKGFKD38DA,龍王段,20.58,都市：其他:住宅區,10000,482,持分移轉,18000000
RPPNMLLLKHKGFDD57EA,隋唐段,27.07,都市：其他:住宅區,100000,8786,持分移轉,00730000
RPSNMLLLKHKGFAD47DA,成光段,85.67,都市：其他:住宅區,1,1,全筆移轉,13060010
RPSNMLOLKHKGFAD77DA,金華段,6.31,都市：其他:第三種商業區(附),10000,37,持分移轉,00640025
RPVNMLMJJHKGFBD67DA,安中段,.84,都市：其他:住宅區,100000,54,持分移轉,00450000
RPVNMLMJJHKGFBD67DA,安中段,1.63,都市：其他:住宅區,100000,54,持分移轉,01270000
RPVNMLMJJHKGFBD67DA,安中段,6.00,都市：其他:住宅區,100000,54,持分移轉,01310000
RPVNMLMJJHKGFBD67DA,安中段,2.59,都市：其他:住宅區,100000,54,持分移轉,01370000
RPVNMLMJJHKGFBD67DA,安中段,.04,都市：其他:住宅區,7200000,108,持分移轉,01410000
RPVNMLMJJHKGFBD67DA,安中段,1.96,都市：其他:住宅區,100000,54,持分移轉,01460000
RPVNMLMJJHKGFBD67DA,安中段,.07,都市：其他:住宅區,100000,54,持分移轉,03110000
RPVNMLMJJHKGFBD67DA,怡中段,.45,都市：其他:住宅區,100000,54,持分移轉,10930000
RPVNMLMJJHKGFBD67DA,怡中段,.04,都市：其他:住宅區,100000,54,持分移轉,10930002
RPVNMLMJJHKGFBD67DA,怡中段,.39,都市：其他:住宅區,100000,54,持分移轉,10930003
RPVNMLMJJHKGFBD67DA,怡中段,4.60,都市：其他:住宅區,100000,54,持分移轉,10950000
RPVNMLMJJHKGFBD67DA,怡中段,7.13,都市：其他:住宅區,100000,54,持分移轉,10970000
RPVNMLMJJHKGFBD67DA,怡中段,2.16,都市：其他:住宅區,100000,54,持分移轉,11020000
RPVNMLMJJHKGFBD67DA,怡中段,37.92,都市：其他:住宅區,56,1,持分移轉,11050000
RPOOMLKLJHKGFBD07DA,溪東段,97.53,都市：其他:住宅區,1,1,全筆移轉,07130000
RPVNMLSKKHKGFBD48DA,溪心段,2.59,都市：其他:住宅區,10000,1063,持分移轉,04790000
RPVNMLSKKHKGFBD48DA,溪心段,89.33,都市：其他:住宅區,1,1,全筆移轉,04810000
RPXOMLTKKHKGFCD98DA,南山段,92.00,都市：其他:住宅區,1,1,全筆移轉,03070038
RPWNMLNLJHKGFCD18DA,新興段,2.06,都市：其他:中密度住宅區,10000,95,持分移轉,02770000
RPWNMLNLJHKGFCD18DA,新興段,15.96,都市：其他:中密度住宅區,10000,95,持分移轉,02770002
RPRNMLLMKIJGFAD47DA,東豐段,1.69,都市：其他:住宅區,100000,1624,持分移轉,04670000
RPRNMLLMKIJGFAD47DA,東豐段,16.06,都市：其他:商業區,100000,1624,持分移轉,04680000
RPQNMLNLKHKGFFD97DA,中興段,830.00,都市：其他:住宅區,1,1,全筆移轉,03220000
RPTOMLSKKHKGFHD98DA,大同段,80.45,非都市：鄉村區 ; 非都市編定：乙種建築用地,1,1,全筆移轉,11070000
RPOOMLRJKHKGFID38DA,岳王段,23.49,都市：其他:第三種住宅區。,10000,135,持分移轉,08190000
RPQOMLTKKHKGFHD78DA,營新段,.43,都市：其他:生活服務區(第四種住宅區),100000,457,持分移轉,00110000
RPQOMLTKKHKGFHD78DA,善新段,21.56,都市：其他:生活服務區(第四種住宅區),100000,457,持分移轉,01030000
RPQPMLLMKIJGFKD58DA,橋北段,11.46,都市：其他:商業區,100000,176,持分移轉,00590000
RPVNMLKKKHKGFKD58DA,中灣段,67.29,都市：其他:住宅區,1,1,全筆移轉,03440000
RPUNMLRKKHKGFKD56DA,保生段,15.22,都市：其他:住宅區,10000,209,持分移轉,11720000
RPTNMLTKKHKGFKD66DA,三村段,90.22,都市：其他:住宅區,1,1,全筆移轉,04000000
RPPNMLOLKHKGFBD67EA,怡安段,158.19,都市：其他:住宅區,1,1,全筆移轉,07660005
RPRNMLRKKHKGFAD87DA,白金段,27.86,都市：其他:主要計畫道路用地,100000,46786,持分移轉,04200000
RPPNMLMKKHKGFCD37DA,裕東段,75.32,都市：其他:住宅區,1,1,全筆移轉,03690005
RPPNMLMKKHKGFCD37DA,裕東段,2.52,都市：其他:住宅區,12,1,持分移轉,03690013
RPRNMLLLKHKGFBD47DA,溪頂段,69.25,都市：其他:住宅區,100,76,持分移轉,11320163
RPQNMLPLKHKGFFD18DA,六甲段,337.00,都市：其他:農業區,1,1,全筆移轉,08880003
SPQNMLPLKHKGFFD28DA,六甲段,69.71,都市：其他:農業區,14,1,持分移轉,08880000
RPWNMLOLKHKGFCD38DA,鹽埕段,72.00,都市：其他:住宅區,1,1,全筆移轉,21040004
RPXNMLTKKHKGFHD76DA,那拔段,142.10,非都市：鄉村區 ; 非都市編定：乙種建築用地,1,1,全筆移轉,12070000
RPXNMLTKKHKGFHD76DA,那拔段,26.22,非都市：鄉村區 ; 非都市編定：乙種建築用地,1,1,全筆移轉,12080000
RPXNMLTKKHKGFHD76DA,那拔段,8.14,非都市：鄉村區 ; 非都市編定：乙種建築用地,2,1,持分移轉,12090000
RPXNMLTKKHKGFHD76DA,那拔段,10.33,非都市：鄉村區 ; 非都市編定：交通用地,2,1,持分移轉,12100000
RPVOMLKLKHKGFID58DA,車路墘段,723.00,都市：其他:農業區,1,1,全筆移轉,07070000
RPUOMLKLKHKGFID48DA,車路墘段,1663.00,都市：其他:農業區,1,1,全筆移轉,06800001
RPUOMLKLKHKGFID48DA,車路墘段,2352.50,都市：其他:農業區,1,1,全筆移轉,06910000
RPWNMLPLKIJGFAD28DA,小北段,4.20,都市：其他:細部計畫道路用地,1,1,全筆移轉,07130000
RPWNMLPLKIJGFAD28DA,小北段,83.16,都市：其他:住宅區,1,1,全筆移轉,07140000
RPQNMLRLKIJGFAD87DA,北元段,70.48,都市：其他:住宅區,1,1,全筆移轉,07350001
RPQNMLRLKIJGFAD87DA,北元段,18.86,都市：其他:住宅區,10000,569,持分移轉,07350010
RPTOMLOLKHKGFID78DA,中軍段,181.21,都市：其他:道路用地,1,1,全筆移轉,04140001
RPUNMLQLKHKGFHD88DA,東勢寮段二小段,26.42,非都市：鄉村區 ; 非都市編定：乙種建築用地,100000,1515,持分移轉,08690000
RPTOMLQJKHKGFKD98DA,鹽中段,65.61,都市：其他:住宅區,1,1,全筆移轉,02900000
RPRNMLOLKHKGFKD68DA,新明段,78.82,都市：其他:住宅區,1,1,全筆移轉,23290000
RPPNMLQLKHKGFED18EA,秀祐段,68.53,都市：其他:道路用地,6,1,持分移轉,06250000
RPPNMLQLKHKGFED18EA,秀祐段,374.33,都市：其他:住宅區,1,1,全筆移轉,08900000
RPPNMLQLKHKGFED18EA,秀祐段,21.68,都市：其他:道路用地,6,1,持分移轉,08960000
RPPNMLQLKHKGFED18EA,秀祐段,29.06,都市：其他:公園兼兒童遊樂場用地,6,1,持分移轉,09000000
RPRNMLSKKHKGFAD97DA,光賢段,39.00,都市：其他:住宅區,2,1,持分移轉,00570308
RPPOMLLKKHKGFHD87DA,三德段,22.83,都市：其他:住宅區,10000,65,持分移轉,04760000
RPPOMLNJKHKGFGD87DA,佳化段,15.20,非都市：鄉村區 ; 非都市編定：乙種建築用地,10,1,持分移轉,07920010
RPPOMLNJKHKGFGD87DA,佳化段,44.00,非都市：鄉村區 ; 非都市編定：乙種建築用地,1,1,全筆移轉,07920024
RPSNMLNJKHKGFGD08DA,長榮段,144.86,都市：其他:住宅區,1,1,全筆移轉,05780000
RPQOMLNJKHKGFGD97DA,佳化段,15.20,非都市：鄉村區 ; 非都市編定：乙種建築用地,10,1,持分移轉,07920010
RPQOMLNJKHKGFGD97DA,佳化段,42.00,非都市：鄉村區 ; 非都市編定：乙種建築用地,1,1,全筆移轉,07920025
RPSOMLNJKHKGFGD18DA,佳化段,15.20,非都市：鄉村區 ; 非都市編定：乙種建築用地,10,1,持分移轉,07920010
RPSOMLNJKHKGFGD18DA,佳化段,57.00,非都市：鄉村區 ; 非都市編定：乙種建築用地,1,1,全筆移轉,07920022
RPVNMLRKKHKGFGD88DA,後庄段,1383.00,非都市：特定農業區 ; 非都市編定：農牧用地,1,1,全筆移轉,04740000
RPOOMLTKKHKGFGD48DA,西港堡段,91.76,都市：其他:住宅區,1,1,全筆移轉,06290000
RPPPMLKKKHKGFBD27DA,淵西段,85.87,都市：其他:住宅區,1,1,全筆移轉,04540000
RPSNMLMKKHKGFAD47DA,仁愛段,8.00,都市：其他:細部計畫道路用地,1,1,全筆移轉,01620001
RPSNMLMKKHKGFAD47DA,仁愛段,12.00,都市：其他:細部計畫道路用地,1,1,全筆移轉,01630001
RPUNMLOKKHKGFHD58DA,新化段王公廟小段,1.00,非都市：鄉村區 ; 非都市編定：乙種建築用地,1,1,全筆移轉,19660000
RPUNMLOKKHKGFHD58DA,新化段王公廟小段,69.00,非都市：鄉村區 ; 非都市編定：乙種建築用地,1,1,全筆移轉,19670000
RPUNMLOKKHKGFHD58DA,新化段王公廟小段,54.00,非都市：鄉村區 ; 非都市編定：乙種建築用地,1,1,全筆移轉,19800000
RPWOMLNLJHKGFHD78DA,月潭段,27.66,非都市：鄉村區 ; 非都市編定：乙種建築用地,100000,594,持分移轉,08970000
RPSNMLLLKHKGFID28DA,保東段,109.04,非都市：一般農業區 ; 非都市編定：甲種建築用地,1,1,全筆移轉,07860006
RPSNMLPKJHKGFAD67DA,大北門段,26.54,都市：其他:商業區,10000,335,持分移轉,05350000
RPTNMLSKKIJGFDD48DA,東站段,276.18,都市：其他:乙種工業區,1,1,全筆移轉,04990000
RPSNMLPKJHKGFCD87DA,竹篙厝段,103.00,都市：其他:住宅區,1,1,全筆移轉,32910000
RPVNMLOLKHKGFDD38DA,山子脚段,3022.00,非都市：特定農業區 ; 非都市編定：農牧用地,1,1,全筆移轉,05160000
RPTNMLQJKHKGFBD97DA,溪東段,97.86,都市：其他:住宅區,1,1,全筆移轉,07620000
RPTNMLQJKHKGFBD97DA,溪東段,96.87,都市：其他:住宅區,1,1,全筆移轉,07630000
RPTOMLNLJHKGFKD78DA,頂中段,90.33,都市：其他:住宅區,1,1,全筆移轉,04890001
RPXNMLTKKHKGFID86DA,中正段,28.57,都市：其他:第三種住宅區。,1,1,全筆移轉,00250000
RPPNMLNKKHKGFHD97DA,永安段,96.70,都市：其他:商業區,2,1,持分移轉,01700000
RPRNMLOKKHKGFHD28DA,大社段,26.65,非都市：鄉村區 ; 非都市編定：乙種建築用地,20,1,持分移轉,20590000
RPPNMLRKKHKGFED08DA,竹圍後段,1695.00,非都市：特定農業區 ; 非都市編定：農牧用地,1,1,全筆移轉,07010000
RPPNMLRKKHKGFED08DA,竹圍後段,1980.00,非都市：特定農業區 ; 非都市編定：農牧用地,1,1,全筆移轉,07020000
RPQNMLRKKHKGFED18DA,竹圍後段,1844.00,非都市：特定農業區 ; 非都市編定：農牧用地,1,1,全筆移轉,07030000
RPQNMLRKKHKGFED18DA,竹圍後段,1470.00,非都市：特定農業區 ; 非都市編定：農牧用地,1,1,全筆移轉,07040000
RPQNMLOKKHKGFHD18DA,新義段,.23,都市：其他:住宅區,1,1,全筆移轉,02690001
RPQNMLOKKHKGFHD18DA,新義段,61.48,都市：其他:住宅區,1,1,全筆移轉,02690002
RPQNMLOKKHKGFHD18DA,新義段,336.16,都市：其他:住宅區,1,1,全筆移轉,02690003
RPQNMLOKKHKGFHD18DA,新義段,49.30,都市：其他:道路用地,1,1,全筆移轉,04090000
RPSNMLOKKHKGFHD38DA,新義段,117.98,都市：其他:住宅區,1,1,全筆移轉,02690000
RPSNMLOKKHKGFHD38DA,新義段,97.09,都市：其他:住宅區,1,1,全筆移轉,02690004
RPSNMLOKKHKGFHD38DA,新義段,107.34,都市：其他:住宅區,1,1,全筆移轉,02690005
RPSNMLOKKHKGFHD38DA,新義段,108.72,都市：其他:住宅區,1,1,全筆移轉,02690006
RPSNMLOKKHKGFHD38DA,新義段,105.74,都市：其他:住宅區,1,1,全筆移轉,02690007
RPSNMLOKKHKGFHD38DA,新義段,102.75,都市：其他:住宅區,1,1,全筆移轉,02690008
RPSNMLOKKHKGFHD38DA,新義段,99.77,都市：其他:住宅區,1,1,全筆移轉,02690009
RPSNMLOKKHKGFHD38DA,新義段,96.79,都市：其他:住宅區,1,1,全筆移轉,02690010
RPSNMLOKKHKGFHD38DA,新義段,93.78,都市：其他:住宅區,1,1,全筆移轉,02690011
RPSNMLOKKHKGFHD38DA,新義段,90.76,都市：其他:住宅區,1,1,全筆移轉,02690012
RPSNMLOKKHKGFHD38DA,新義段,105.45,都市：其他:住宅區,1,1,全筆移轉,02690013
RPSNMLOKKHKGFHD38DA,新義段,118.74,都市：其他:住宅區,1,1,全筆移轉,02690014
RPXOMLPJKHKGFGD88DA,三和段,5533.07,非都市：一般農業區 ; 非都市編定：特定目的事業用地,1,1,全筆移轉,01230000
RPXOMLPJKHKGFGD88DA,三和段,5359.32,非都市：一般農業區 ; 非都市編定：特定目的事業用地,1,1,全筆移轉,01250000
RPXOMLPJKHKGFGD88DA,三和段,2766.08,非都市：一般農業區 ; 非都市編定：特定目的事業用地,1,1,全筆移轉,05620000
RPWOMLPJKHKGFGD78DA,篤加段,322.00,非都市：一般農業區 ; 非都市編定：農牧用地,1,1,全筆移轉,01511389
RPWOMLPJKHKGFGD78DA,篤加段,321.00,非都市：一般農業區 ; 非都市編定：農牧用地,1,1,全筆移轉,01511390
RPWOMLPJKHKGFGD78DA,篤加段,321.00,非都市：一般農業區 ; 非都市編定：農牧用地,1,1,全筆移轉,01511391
RPWOMLPJKHKGFGD78DA,篤加段,321.00,非都市：一般農業區 ; 非都市編定：農牧用地,1,1,全筆移轉,01511392
RPWOMLPJKHKGFGD78DA,篤加段,321.00,非都市：一般農業區 ; 非都市編定：農牧用地,1,1,全筆移轉,01511393
RPWOMLPJKHKGFGD78DA,篤加段,322.00,非都市：一般農業區 ; 非都市編定：農牧用地,1,1,全筆移轉,01511394
RPTNMLTKKHKGFID09DA,武東段,87.29,都市：其他:住宅區,1,1,全筆移轉,05290004
RPTNMLTKKHKGFID09DA,武東段,17.29,都市：其他:住宅區,100000,3436,持分移轉,05290034
RPTOMLNLJHKGFHD48DA,月潭段,25.85,非都市：鄉村區 ; 非都市編定：乙種建築用地,100000,555,持分移轉,08970000
RPXNMLLLJHKGFID68DA,深坑子段,25.74,非都市：鄉村區 ; 非都市編定：乙種建築用地,78,1,持分移轉,03230000
RPUOMLNLJHKGFHD58DA,月潭段,23.84,非都市：鄉村區 ; 非都市編定：乙種建築用地,100000,512,持分移轉,08970000
RPXNMLLLJHKGFID68DA,深坑子段,78.00,非都市：鄉村區 ; 非都市編定：乙種建築用地,1,1,全筆移轉,03230057
RPSNMLRKKHKGFFD48DA,水林段,47.94,都市：其他:住宅區,1,1,全筆移轉,15050000
RPROMLOLKHKGFID58DA,二王段,37.10,都市：其他:住宅區,100000,2031,持分移轉,07270000
RPXPMLSKKHKGFID96DA,崙子頂段,3152.00,非都市：一般農業區 ; 非都市編定：農牧用地,1,1,全筆移轉,00080001
RPRNMLSKKHKGFBD08DA,砂崙段,43.30,都市：其他:細部計畫道路用地,60,13,持分移轉,07860001
RPSNMLKLKHKGFFD87DA,朝天段,10.86,非都市：鄉村區 ; 非都市編定：乙種建築用地,168,2,持分移轉,01600000
RPRNMLSKKHKGFBD08DA,砂崙段,154.53,都市：其他:細部計畫道路用地,60,13,持分移轉,07880000
RPQNMLKLKHKGFGD77DA,仁得段,20.72,都市：其他:住宅區,2140380,72360,持分移轉,07800000
RPPNMLLLKHKGFID97DA,保東段,207.71,非都市：一般農業區 ; 非都市編定：甲種建築用地,1,1,全筆移轉,07860000
RPQNMLLLKHKGFID08DA,保東段,162.83,非都市：一般農業區 ; 非都市編定：甲種建築用地,1,1,全筆移轉,07860005
RPQNMLOLKHKGFBD67DA,安北段,50.86,都市：其他:住宅區,2,1,持分移轉,06530000
RPPNMLOLKHKGFDD87EA,茄苳段,89.00,都市：其他:住宅區,1,1,全筆移轉,02140002
RPPNMLOLKHKGFDD87EA,茄苳段,88.00,都市：其他:住宅區,1,1,全筆移轉,02140003
RPPNMLOLKHKGFDD87EA,茄苳段,88.00,都市：其他:住宅區,1,1,全筆移轉,02140004
RPPNMLOLKHKGFDD87EA,茄苳段,17.22,都市：其他:道路用地,54,6,持分移轉,02150000
RPSNMLNKKHKGFFD08DA,巷口段,47.71,都市：其他:住宅區,1,1,全筆移轉,00110002
RPSNMLKLKHKGFCD57DA,仁和段,29.22,都市：其他:住宅區,10000,30,持分移轉,10730000
RPQNMLSJJHKGFBD77DA,學中段,91.22,都市：其他:住宅區,1,1,全筆移轉,03680012
RPROMLOLKHKGFHD48DA,安定段,1000.00,都市：其他:農業區,1,1,全筆移轉,25120000
RPWNMLKKKHKGFCD87DA,東安段,102.00,都市：其他:住宅區,1,1,全筆移轉,05550000
RPPRMLOJKHKGFID48DA,五甲段,1702.59,非都市：一般農業區 ; 非都市編定：農牧用地,1000,618,持分移轉,14930002
RPPRMLOJKHKGFID48DA,五甲段,746.67,非都市：一般農業區 ; 非都市編定：農牧用地,171,112,持分移轉,39360000
RPTOMLOKKHKGFAD87DA,府前段,30.98,都市：其他:商業區,1,1,全筆移轉,01780000
RPVNMLLKKHKGFBD77DA,和業段,425.68,都市：其他:工業區,1,1,全筆移轉,01350000
RPXNMLKKKHKGFCD97DA,公英段,33.01,都市：其他:住宅區,10000000,4662,持分移轉,00080000
RPTNMLOLKHKGFCD08DA,竹篙厝段,151.00,都市：其他:住宅區,1,1,全筆移轉,12060003
RPPNMLPJKIJGFAD37DA,仁愛段,25.44,都市：其他:住宅區,100000,482,持分移轉,00760001
RPRNMLPLKHKGFED18DA,內角段,1342.00,非都市：一般農業區 ; 非都市編定：農牧用地,1,1,全筆移轉,10910000
RPUNMLPKJHKGFKD88DA,兵北段,6.39,都市：其他:住宅區,30000,296,持分移轉,08170000
RPUNMLPKJHKGFKD88DA,兵北段,.01,都市：其他:住宅區,540000,2,持分移轉,08380000
RPRNMLLLKHKGFGD97DA,建南段,90.72,都市：其他:住宅區,1,1,全筆移轉,05850002
RPPNMLLLKHKGFBD27DA,鹿北段,953.38,都市：其他:農業區,1,1,全筆移轉,07950003
RPQNMLLLKHKGFBD37DA,鹿北段,1720.00,都市：其他:農業區,1,1,全筆移轉,07950004
RPQNMLKLKHKGFCD37DA,新都段,88.21,都市：其他:住宅區,1,1,全筆移轉,04460004
RPRNMLOLKHKGFGD28DA,鎮山段,101.98,都市：其他:住宅區,1,1,全筆移轉,01670000
RPQNMLQKJHKGFKD58DA,成功段,70.97,都市：其他:住宅區,1,1,全筆移轉,03830000
RPQNMLQKJHKGFKD58DA,成功段,2.70,都市：其他:住宅區,22,1,持分移轉,03910000
RPPNMLTKKHKGFKD88DA,鹽西段,351.04,都市：其他:工業區,1,1,全筆移轉,05690000
RPPNMLTKKHKGFKD88DA,鹽西段,49.51,都市：其他:工業區,1,1,全筆移轉,05700000
RPTOMLRKKHKGFBD28DA,安和段,179.82,都市：其他:工業區,1,1,全筆移轉,11970000
RPWNMLSKKHKGFBD58DA,安和段,189.38,都市：其他:工業區,1,1,全筆移轉,11980000
RPPNMLKLKHKGFBD17DA,國安段,43.02,都市：其他:住宅區,10000,161,持分移轉,15870000
RPRNMLSKKHKGFFD48DA,五王段,340.82,都市：其他:農業區,1,1,全筆移轉,08600000
RPRNMLSKKHKGFFD48DA,五王段,1429.74,都市：其他:農業區,1,1,全筆移轉,08610000
RPQOMLKLKHKGFID08DA,八甲段,98.00,非都市：鄉村區 ; 非都市編定：乙種建築用地,1,1,全筆移轉,01080000
RPUOMLRKKHKGFID09DA,忠孝段,24.87,都市：其他:住宅區,100000,734,持分移轉,00290000
RPXQMLLKKIJGFID98DA,深坑子段,25.74,非都市：鄉村區 ; 非都市編定：乙種建築用地,78,1,持分移轉,03230000
RPXQMLLKKIJGFID98DA,深坑子段,88.00,非都市：鄉村區 ; 非都市編定：乙種建築用地,1,1,全筆移轉,03230040
RPWOMLRKKHKGFID66DA,忠孝段,24.97,都市：其他:住宅區,100000,737,持分移轉,00290000
RPQNMLKLKHKGFBD27DA,國安段,36.87,都市：其他:住宅區,10000,138,持分移轉,15870000
RPPOMLTJJHKGFKD78DA,大灣段,72.00,都市：其他:住宅區,1,1,全筆移轉,41480017
RPQNMLRJKHKGFGD28DA,塭子內段,10.88,非都市：鄉村區 ; 非都市編定：水利用地,64,12,持分移轉,02500002
RPQNMLRJKHKGFGD28DA,塭子內段,19.12,非都市：鄉村區 ; 非都市編定：交通用地,64,12,持分移轉,02500003
RPQNMLRJKHKGFGD28DA,塭子內段,20.81,非都市：鄉村區 ; 非都市編定：交通用地,64,12,持分移轉,02500004
RPQNMLRJKHKGFGD28DA,塭子內段,27.19,非都市：鄉村區 ; 非都市編定：交通用地,64,12,持分移轉,02500005
RPQNMLRJKHKGFGD28DA,塭子內段,517.00,非都市：鄉村區 ; 非都市編定：乙種建築用地,1,1,全筆移轉,02500006
RPQNMLRJKHKGFGD28DA,塭子內段,17.01,非都市：鄉村區 ; 非都市編定：乙種建築用地,10000,1911,持分移轉,02500011
RPROMLKKKHKGFGD87DA,子龍段,26.02,非都市：鄉村區 ; 非都市編定：乙種建築用地,20000,1254,持分移轉,04570003
RPUNMLRKKHKGFBD28DA,淵西段,16.23,都市：其他:住宅區,11,1,持分移轉,08460011
RPUNMLRKKHKGFBD28DA,淵西段,53.33,都市：其他:住宅區,1,1,全筆移轉,08460015
RPTNMLLLKHKGFGD18DA,双營段,23.51,非都市：鄉村區 ; 非都市編定：乙種建築用地,1000000,12184,持分移轉,18300000
RPTNMLOJKHKGFID48DA,忠孝段,24.83,都市：其他:住宅區,100000,733,持分移轉,00290000
RPRNMLOKJHKGFID28DA,中軍段,3.83,都市：其他:住宅區,40,1,持分移轉,07340000
RPRPMLLLJIJGFBD57DA,學東段,86.43,都市：其他:住宅區,1,1,全筆移轉,09960001
RPUNMLOJKHKGFID58DA,忠孝段,24.83,都市：其他:住宅區,100000,733,持分移轉,00290000
RPSPMLRJKHKGFHD78DA,北子店段一小段,8.16,非都市：一般農業區 ; 非都市編定：農牧用地,120,1,持分移轉,06960000
RPOOMLRKKHKGFBD77DA,州南段,92.83,都市：其他:住宅區,1,1,全筆移轉,16950090
RPOOMLRKKHKGFBD77DA,州南段,21.86,都市：其他:住宅區,25,1,持分移轉,16950091
RPSPMLRJKHKGFHD78DA,北子店段一小段,49.82,非都市：一般農業區 ; 非都市編定：農牧用地,120,1,持分移轉,06970000
RPSPMLRJKHKGFHD78DA,北子店段一小段,.97,非都市：一般農業區 ; 非都市編定：水利用地,120,1,持分移轉,06980000
RPSPMLRJKHKGFHD78DA,北子店段一小段,.83,非都市：一般農業區 ; 非都市編定：甲種建築用地,120,1,持分移轉,07060050
RPSPMLRJKHKGFHD78DA,北子店段一小段,92.00,非都市：一般農業區 ; 非都市編定：甲種建築用地,1,1,全筆移轉,07060095
RPSPMLRJKHKGFHD78DA,北子店段一小段,1.16,非都市：一般農業區 ; 非都市編定：甲種建築用地,120,1,持分移轉,07060098
RPSPMLRJKHKGFHD78DA,北子店段一小段,.08,非都市：一般農業區 ; 非都市編定：甲種建築用地,120,1,持分移轉,07060124
RPSPMLRJKHKGFHD78DA,北子店段一小段,.04,非都市：一般農業區 ; 非都市編定：甲種建築用地,120,1,持分移轉,07060126
RPSPMLRJKHKGFHD78DA,北子店段一小段,.77,非都市：一般農業區 ; 非都市編定：甲種建築用地,120,1,持分移轉,07060127
RPSPMLRJKHKGFHD78DA,北子店段一小段,1.38,非都市：一般農業區 ; 非都市編定：甲種建築用地,120,1,持分移轉,07060128
RPSPMLRJKHKGFHD78DA,北子店段一小段,22.47,非都市：一般農業區 ; 非都市編定：農牧用地,15,1,持分移轉,07100000
RPVNMLSJJIJGFCD38DA,竹篙厝段,25.82,都市：其他:住宅區,10000,162,持分移轉,35120000
RPWNMLMKKHKGFKD88DA,永和段,15.99,都市：其他:商業區,100000,408,持分移轉,06760000
RPXNMLLLKHKGFID78DA,忠孝段,24.97,都市：其他:住宅區,100000,737,持分移轉,00290000
RPQNMLOLKHKGFID38DA,忠孝段,24.87,都市：其他:住宅區,100000,734,持分移轉,00290000
RPQOMLOJKHKGFID28DA,忠孝段,24.87,都市：其他:住宅區,100000,734,持分移轉,00290000
RPXNMLTKKHKGFGD66DA,西華段,138.42,都市：其他:住宅區,1,1,全筆移轉,06600009
RPQPMLLKKIJGFID18DA,深坑子段,25.74,非都市：鄉村區 ; 非都市編定：乙種建築用地,78,1,持分移轉,03230000
RPQPMLLKKIJGFID18DA,深坑子段,86.00,非都市：鄉村區 ; 非都市編定：乙種建築用地,1,1,全筆移轉,03230041
RPSNMLRKKHKGFBD08DA,淵西段,16.23,都市：其他:住宅區,11,1,持分移轉,08460011
RPSNMLRKKHKGFBD08DA,淵西段,51.79,都市：其他:住宅區,1,1,全筆移轉,08460013
RPQQMLOJKHKGFID48DA,忠孝段,24.87,都市：其他:住宅區,100000,734,持分移轉,00290000
RPVNMLNJJHKGFHD38DA,善新段,61.63,都市：其他:生活服務區(第四種住宅區),1,1,全筆移轉,01370005
RPVNMLNJJHKGFHD38DA,善新段,19.79,都市：其他:生活服務區(第四種住宅區),10000,714,持分移轉,01370017
RPWQMLOJKHKGFID09DA,忠孝段,24.87,都市：其他:住宅區,100000,734,持分移轉,00290000
RPXNMLLLKHKGFHD68DA,北小新段,74.13,都市：其他:住宅區,1,1,全筆移轉,02070004
RPXNMLOJKHKGFID88DA,忠孝段,26.97,都市：其他:住宅區,100000,796,持分移轉,00290000
RPQNMLRLKIJGFID68DA,二行段,77.13,都市：其他:道路用地,1,1,全筆移轉,04940000
RPQNMLRLKIJGFID68DA,二行段,567.86,都市：其他:道路用地,1,1,全筆移轉,05700000
RPQNMLRLKIJGFID68DA,二行段,311.30,都市：其他:道路用地,1,1,全筆移轉,05700001
RPQNMLRLKIJGFID68DA,二行段,34.36,都市：其他:道路用地,1,1,全筆移轉,05700002
RPQNMLRLKIJGFID68DA,二行段,122.89,都市：其他:道路用地,1,1,全筆移轉,05700004
RPPNMLRLKIJGFID58DA,二行段,359.43,都市：其他:商業區,1,1,全筆移轉,05710000
RPPNMLRLKIJGFID58DA,二行段,200.00,都市：其他:商業區,1,1,全筆移轉,05710001
RPPNMLRLKIJGFID58DA,二行段,595.08,都市：其他:商業區,1,1,全筆移轉,05710002
RPPNMLRLKIJGFID58DA,二行段,132.67,都市：其他:商業區,1,1,全筆移轉,06070000
RPPNMLRLKIJGFID58DA,二行段,78.17,都市：其他:住宅區,1,1,全筆移轉,06080000
RPPNMLRLKIJGFID58DA,二行段,18.33,都市：其他:住宅區,1,1,全筆移轉,06090000
RPSNMLLLKHKGFGD08DA,潭墘段,125.92,都市：其他:住宅區,1,1,全筆移轉,02860000
RPSNMLLLKHKGFGD08DA,潭墘段,6.23,都市：其他:道路用地,1,1,全筆移轉,02870000
RPSNMLLLKHKGFGD08DA,潭墘段,75.67,都市：其他:住宅區,1,1,全筆移轉,02880000
RPSNMLLLKHKGFGD08DA,潭墘段,86.39,都市：其他:住宅區,1,1,全筆移轉,02890000
RPXNMLRJKHKGFID56DA,忠孝段,26.77,都市：其他:住宅區,100000,790,持分移轉,00290000
RPPOMLLLKHKGFHD97DA,北小新段,76.70,都市：其他:住宅區,1,1,全筆移轉,02190001
RPSNMLOJKIJGFKD58DA,東南段,42.58,都市：其他:住宅區,100000,6634,持分移轉,00240004
RPTNMLKLKHKGFGD18EA,西華段,117.38,都市：其他:住宅區,1,1,全筆移轉,06600056
RPRNMLRKKHKGFBD97DA,淵西段,55.36,都市：其他:住宅區,1,1,全筆移轉,08460001
RPRNMLTKJHKGFFD48DA,新建段,13.05,都市：其他:住宅區,6,1,持分移轉,07100012
RPRNMLTKJHKGFFD48DA,新建段,86.55,都市：其他:住宅區,1,1,全筆移轉,07100017
RPRNMLTKJHKGFFD48DA,新建段,12.78,都市：其他:住宅區,4,1,持分移轉,07100018
RPVNMLOJKHKGFID68DA,忠孝段,26.97,都市：其他:住宅區,100000,796,持分移轉,00290000
RPTOMLPLKIJGFHD78DA,南三舍段,31.68,非都市：特定農業區 ; 非都市編定：甲種建築用地,100000,2944,持分移轉,05240000
RPQOMLLLKHKGFHD08DA,北小新段,81.77,都市：其他:住宅區,1,1,全筆移轉,02190000
RPTNMLOKJHKGFKD68DA,信義段,6.12,都市：其他:住宅區,1,1,全筆移轉,04620001
RPUNMLOKJHKGFKD78DA,信義段,65.66,都市：其他:道路用地,1,1,全筆移轉,04620000
RPWNMLTKKHKGFID76DA,深坑子段,754.08,非都市：一般農業區 ; 非都市編定：甲種建築用地,10000,4948,持分移轉,08530000
RPWNMLTKKHKGFID76DA,深坑子段,134.00,非都市：一般農業區 ; 非都市編定：交通用地,1,1,全筆移轉,08530001
RPWNMLOKKHKGFHD78DA,圳西段,11.74,都市：其他:道路用地,36,1,持分移轉,05200000
RPSNMLTKKHKGFID98DA,八甲段,65.00,非都市：鄉村區 ; 非都市編定：乙種建築用地,1,1,全筆移轉,01080027
RPSNMLTKKHKGFID98DA,八甲段,19.80,非都市：鄉村區 ; 非都市編定：乙種建築用地,30,1,持分移轉,01080046
RPRNMLOLKHKGFFD18DA,公所段,347.56,都市：其他:住宅區,1,1,全筆移轉,07850000
SPRNMLOLKHKGFFD28DA,公所段,3102.80,都市：其他:農業區,1,1,全筆移轉,07860000
RPXPMLOJKHKGFID09DA,忠孝段,26.97,都市：其他:住宅區,100000,796,持分移轉,00290000
RPTUMLRKKHKGFID96DA,忠孝段,26.77,都市：其他:住宅區,100000,790,持分移轉,00290000
RPQNMLRKJHKGFFD18DA,新建段,75.57,都市：其他:住宅區,1,1,全筆移轉,07100001
RPSOMLLLKHKGFHD28DA,北小新段,78.42,都市：其他:住宅區,1,1,全筆移轉,02070005
RPTOMLOJKHKGFID58DA,忠孝段,26.97,都市：其他:住宅區,100000,796,持分移轉,00290000
RPTNMLRJKHKGFID78DA,忠孝段,24.83,都市：其他:住宅區,100000,733,持分移轉,00290000
RPUNMLKLKHKGFID38DA,媽祖廟段一小段,80.00,非都市：鄉村區 ; 非都市編定：乙種建築用地,1,1,全筆移轉,11810001
RPVNMLKLKHKGFID48DA,媽祖廟段一小段,90.00,非都市：鄉村區 ; 非都市編定：乙種建築用地,1,1,全筆移轉,11810000
RPWNMLKLKHKGFID58DA,媽祖廟段一小段,79.00,非都市：鄉村區 ; 非都市編定：乙種建築用地,1,1,全筆移轉,11810002
RPROMLKLKHKGFID18DA,媽祖廟段一小段,75.00,非都市：鄉村區 ; 非都市編定：乙種建築用地,1,1,全筆移轉,11810005
RPWNMLRKKHKGFBD48DA,淵西段,58.01,都市：其他:住宅區,1,1,全筆移轉,08460003
RPPOMLPJKIJGFKD48DA,東南段,39.29,都市：其他:住宅區,100000,6122,持分移轉,00240004
RPPNMLTKJHKGFFD28DA,新建段,100.62,都市：其他:住宅區,1,1,全筆移轉,07100016
RPPNMLTKJHKGFFD28DA,新建段,8.21,都市：其他:住宅區,1,1,全筆移轉,07660001
RPTNMLRKKHKGFBD18DA,淵西段,16.23,都市：其他:住宅區,11,1,持分移轉,08460011
RPTNMLRKKHKGFBD18DA,淵西段,67.29,都市：其他:住宅區,1,1,全筆移轉,08460019
RPQNMLTKJHKGFFD38DA,新建段,81.22,都市：其他:住宅區,1,1,全筆移轉,07100009
RPQNMLTKJHKGFFD38DA,新建段,13.05,都市：其他:住宅區,6,1,持分移轉,07100012
RPQNMLTKJHKGFFD38DA,新建段,12.78,都市：其他:住宅區,4,1,持分移轉,07100018
RPRQMLOJKHKGFID58DA,忠孝段,18.87,都市：其他:住宅區,100000,557,持分移轉,00290000
RPUNMLPJKHKGFFD38DA,埤頭段,1893.00,都市：其他:甲種工業區,1,1,全筆移轉,04910000
RPUQMLOJKHKGFID88DA,忠孝段,18.87,都市：其他:住宅區,100000,557,持分移轉,00290000
RPPNMLRKJHKGFFD08DA,新建段,107.04,都市：其他:住宅區,1,1,全筆移轉,07100000
RPSNMLTKJHKGFFD58DA,新建段,13.05,都市：其他:住宅區,6,1,持分移轉,07100012
RPSNMLTKJHKGFFD58DA,新建段,90.85,都市：其他:住宅區,1,1,全筆移轉,07100014
RPSNMLTKJHKGFFD58DA,新建段,12.78,都市：其他:住宅區,4,1,持分移轉,07100018
RPVNMLOJKIJGFGD48DA,中洲南段,79.96,非都市：鄉村區 ; 非都市編定：乙種建築用地,1,1,全筆移轉,19980002
RPUNMLOJKIJGFGD38DA,中洲南段,167.92,非都市：特定農業區 ; 非都市編定：農牧用地,12,3,持分移轉,20100000
RPSNMLSKJHKGFFD48DA,新建段,84.06,都市：其他:住宅區,1,1,全筆移轉,07100007
RPROMLLLKHKGFHD18DA,北小新段,72.85,都市：其他:住宅區,1,1,全筆移轉,02070002
RPUNMLLLKHKGFHD38DA,北小新段,85.28,都市：其他:住宅區,1,1,全筆移轉,02190005
RPPNMLSKKHKGFGD38DA,草坔段,33.38,非都市：鄉村區 ; 非都市編定：乙種建築用地,8,1,持分移轉,02690000
RPQNMLSKKHKGFGD48DA,草坔段,33.38,非都市：鄉村區 ; 非都市編定：乙種建築用地,8,1,持分移轉,02690000
RPPNMLSKKHKGFGD38DA,草坔段,68.00,非都市：鄉村區 ; 非都市編定：乙種建築用地,1,1,全筆移轉,02690005
RPQNMLSKKHKGFGD48DA,草坔段,68.00,非都市：鄉村區 ; 非都市編定：乙種建築用地,1,1,全筆移轉,02690004
RPXOMLNJKHKGFID98EA,媽祖廟段二小段,2979.00,非都市：特定農業區 ; 非都市編定：農牧用地,1,1,全筆移轉,03890000
RPOPMLOJKHKGFID18DA,忠孝段,24.83,都市：其他:住宅區,100000,733,持分移轉,00290000
RPSPMLOJKHKGFID58DA,忠孝段,24.87,都市：其他:住宅區,100000,734,持分移轉,00290000
RPRNMLMLJHKGFAD37DA,新南段,47.58,都市：其他:第三種商業區(附),10000,164,持分移轉,00710000
RPTNMLSKKHKGFHD88DA,新北段,21.39,都市：其他:住宅區,100000,901,持分移轉,00060000
RPUNMLSKKHKGFHD98DA,新北段,25.26,都市：其他:住宅區,100000,1064,持分移轉,00060000
RPROMLOJKIJGFHD28DA,小新營段,1623.00,都市：其他:農業區(供申請變更開發為生活服務區),1,1,全筆移轉,12000000
RPROMLOJKIJGFHD28DA,小新營段,13.00,都市：其他:道路用地,1,1,全筆移轉,12000002
RPTOMLSJKHKGFHD88DA,新北段,26.66,都市：其他:住宅區,100000,1123,持分移轉,00060000
RPQOMLTKKHKGFAD08DA,新南段,47.00,都市：其他:第三種商業區(附),10000,162,持分移轉,00710000
RPXNMLLKKIJGFID68DA,深坑子段,25.74,非都市：鄉村區 ; 非都市編定：乙種建築用地,78,1,持分移轉,03230000
RPXNMLLKKIJGFID68DA,深坑子段,94.00,非都市：鄉村區 ; 非都市編定：乙種建築用地,1,1,全筆移轉,03230048
RPQOMLMJJHKGFAD17DA,華興段,64.00,都市：其他:住宅區,1,1,全筆移轉,17930000
RPTOMLKLJHKGFID28DA,忠孝段,26.97,都市：其他:住宅區,100000,796,持分移轉,00290000
RPVNMLSKKHKGFHD09DA,新北段,17.24,都市：其他:住宅區,100000,726,持分移轉,00060000
RPQOMLSKKHKGFHD68DA,新北段,21.56,都市：其他:住宅區,100000,908,持分移轉,00060000
RPXNMLSKKHKGFHD66DA,新北段,21.39,都市：其他:住宅區,100000,901,持分移轉,00060000
RPWNMLSKKHKGFHD56DA,新北段,17.24,都市：其他:住宅區,100000,726,持分移轉,00060000
RPOOMLQLKIJGFHD38DA,南三舍段,29.39,非都市：特定農業區 ; 非都市編定：甲種建築用地,100000,2731,持分移轉,05240000
