﻿鄉鎮市區,交易標的,土地位置建物門牌,土地移轉總面積平方公尺,都市土地使用分區,非都市土地使用分區,非都市土地使用編定,交易年月日,交易筆棟數,移轉層次,總樓層數,建物型態,主要用途,主要建材,建築完成年月,建物移轉總面積平方公尺,建物現況格局-房,建物現況格局-廳,建物現況格局-衛,建物現況格局-隔間,有無管理組織,總價元,單價元平方公尺,車位類別,車位移轉總面積平方公尺,車位總價元,備註,編號,建案名稱,棟及號,解約情形
The villages and towns urban district,transaction sign,land sector position building sector house number plate,land shifting total area square meter,the use zoning or compiles and checks,the non-metropolis land use district,non-metropolis land use,transaction year month and day,transaction pen number,shifting level,total floor number,building state,main use,main building materials,construction to complete the years,building shifting total area,Building present situation pattern - room,building present situation pattern - hall,building present situation pattern - health,building present situation pattern - compartmented,Whether there is manages the organization,total price NTD,the unit price (NTD / square meter),the berth category,berth shifting total area square meter,the berth total price NTD,the note,serial number,build case,buildings,termination type
三民區,房地(土地+建物),高雄市三民區澄清路,9.6,住,,,1140111,土地1建物1車位0,十層,15,住宅大樓(11層含以上有電梯),住家用,鋼筋混凝土造,,72.11,2,1,1,有,無,10500000,145611,,0.0,0,,RPTNMLNKJHKGFDE97CB,綠廳院,F2棟0號,
苓雅區,房地(土地+建物)+車位,高雄市苓雅區建國一路,18.73,商,,,1140111,土地1建物1車位1,五層,27,住宅大樓(11層含以上有電梯),住家用,鋼筋混凝土造,,190.98,2,2,2,有,無,24220000,132094,坡道平面,22.01,1900000,,RPPNMLOKJHKGFBE47CB,知道明,A5棟5號,
苓雅區,房地(土地+建物)+車位,高雄市苓雅區建國一路,20.91,商,,,1140111,土地1建物1車位1,四層,27,住宅大樓(11層含以上有電梯),住家用,鋼筋混凝土造,,220.79,3,2,2,有,無,27980000,129440,坡道平面,22.01,2250000,,RPQNMLOKJHKGFBE57CB,知道明,A2棟4號,
苓雅區,房地(土地+建物)+車位,高雄市苓雅區建國一路,21.78,商,,,1140111,土地1建物1車位1,七層,27,住宅大樓(11層含以上有電梯),住家用,鋼筋混凝土造,,229.99,3,2,2,有,無,29530000,131647,坡道平面,22.01,2150000,,RPRNMLOKJHKGFBE67CB,知道明,A2棟7號,
仁武區,房地(土地+建物)+車位,高雄市仁武區京富路,14.55,住,,,1140111,土地2建物1車位1,五層,15,住宅大樓(11層含以上有電梯),住家用,鋼筋混凝土造,,105.56,1,1,2,有,無,10800000,104637,坡道平面,21.46,2000000,,RPPNMLOKJHKGFIE18CB,龍騰鑫世紀,D1棟5號,
三民區,房地(土地+建物)+車位,高雄市三民區九如三路,17.78,住,,,1140112,土地1建物1車位1,六層,15,住宅大樓(11層含以上有電梯),住家用,鋼筋混凝土造,,159.0,3,2,2,有,無,24040000,161908,坡道平面,24.85,2320000,,RPRNMLQKJHKGFDE08CB,遠雄沐蘊,A01棟F06號,
三民區,房地(土地+建物)+車位,高雄市三民區九如三路,17.81,住,,,1140112,土地1建物1車位1,十一層,15,住宅大樓(11層含以上有電梯),住家用,鋼筋混凝土造,,159.05,3,2,2,有,無,24110000,163115,坡道平面,24.85,2220000,,RPSNMLQKJHKGFDE18CB,遠雄沐蘊,A07棟F11號,
楠梓區,房地(土地+建物),高雄市楠梓區後勁段一小段298-3地號,9.35,住,,,1140113,土地1建物1車位0,十四層,26,住宅大樓(11層含以上有電梯),住家用,鋼筋混凝土造,,82.09,0,0,0,無,無,11050000,134608,,0.0,0,,RPWSMLQKJHKGFEE56CB,白隅,A棟8號,
楠梓區,房地(土地+建物),高雄市楠梓區後勁段一小段298-3地號,9.35,住,,,1140113,土地1建物1車位0,十五層,26,住宅大樓(11層含以上有電梯),住家用,鋼筋混凝土造,,82.09,0,0,0,無,無,11240000,136923,,0.0,0,,RPXSMLQKJHKGFEE66CB,白隅,A棟8號,
林園區,房地(土地+建物)+車位,高雄市林園區田厝路 75 巷10弄與東林西路249巷  交叉口,19.66,商,,,1140112,土地1建物1車位1,三層,15,住宅大樓(11層含以上有電梯),見其他登記事項,鋼筋混凝土造,,182.58,4,2,2,有,無,12480000,69528,坡道平面,22.5,1350000,親友、員工、共有人或其他特殊關係間之交易；,RPPNMLQKJHKGFLE68CB,艾美藏,A棟1號,
林園區,房地(土地+建物)+車位,高雄市林園區田厝路 75 巷10弄與東林西路249巷  交叉口,16.22,商,,,1140112,土地1建物1車位1,三層,15,住宅大樓(11層含以上有電梯),見其他登記事項,鋼筋混凝土造,,154.35,3,2,2,有,無,10520000,69549,坡道平面,22.5,1350000,親友、員工、共有人或其他特殊關係間之交易；,RPQNMLQKJHKGFLE78CB,艾美藏,A棟3號,
林園區,房地(土地+建物),高雄市林園區溪州三路373巷15弄,89.58,住,,,1140112,土地2建物1車位0,全,3,透天厝,住家用,鋼筋混凝土造,,158.64,4,2,3,有,無,11300000,71230,,0.0,0,,RPRNMLQKJHKGFLE88CB,皇家HOYA七期,B棟20號,
鼓山區,房地(土地+建物)+車位,高雄市鼓山區鼓山一路53巷,12.9,住,,,1140113,土地1建物1車位1,十四層,15,住宅大樓(11層含以上有電梯),住家用,鋼筋混凝土造,,128.62,1,1,2,有,無,15800000,128157,坡道平面,21.72,2100000,親友、員工、共有人或其他特殊關係間之交易；,RPPNMLRKJHKGFAE67CB,?埕,A棟1號,
鼓山區,房地(土地+建物)+車位,高雄市鼓山區鼓山一路53巷,12.9,住,,,1140113,土地1建物1車位1,六層,15,住宅大樓(11層含以上有電梯),住家用,鋼筋混凝土造,,128.62,1,1,2,有,無,14950000,120674,坡道平面,21.72,2050000,,RPRNMLRKJHKGFAE87CB,?埕,A棟1號,
鼓山區,房地(土地+建物)+車位,高雄市鼓山區鼓山一路53巷,18.3,住,,,1140113,土地1建物1車位1,十三層,15,住宅大樓(11層含以上有電梯),住家用,鋼筋混凝土造,,173.51,3,2,2,有,無,21110000,124251,坡道平面,21.72,2250000,親友、員工、共有人或其他特殊關係間之交易；,RPSNMLRKJHKGFAE97CB,?埕,A棟7號,
鼓山區,房地(土地+建物)+車位,高雄市鼓山區鼓山一路53巷,12.6,住,,,1140115,土地1建物1車位1,十四層,15,住宅大樓(11層含以上有電梯),住家用,鋼筋混凝土造,,126.25,1,2,2,有,無,15590000,129054,坡道平面,21.72,2100000,親友、員工、共有人或其他特殊關係間之交易；,RPTNMLRKJHKGFAE08CB,?埕,B棟1號,
鼓山區,房地(土地+建物)+車位,高雄市鼓山區鼓山一路53巷,10.73,住,,,1140115,土地1建物1車位1,十二層,15,住宅大樓(11層含以上有電梯),住家用,鋼筋混凝土造,,110.72,1,1,2,有,無,13430000,128989,坡道平面,21.72,1950000,,RPVNMLRKJHKGFAE28CB,?埕,B棟2號,
鼓山區,房地(土地+建物)+車位,高雄市鼓山區鼓山一路53巷,10.73,住,,,1140116,土地1建物1車位1,七層,15,住宅大樓(11層含以上有電梯),住家用,鋼筋混凝土造,,110.72,1,1,2,有,無,12820000,123258,坡道平面,21.72,1850000,,RPWNMLRKJHKGFAE38CB,?埕,B棟2號,
楠梓區,房地(土地+建物)+車位,高雄市楠梓區大學二十六街,11.18,商,,,1140111,土地1建物1車位1,五層,15,住宅大樓(11層含以上有電梯),住家用,鋼筋混凝土造,,136.11,2,2,2,有,無,15030000,119457,坡道平面,24.94,1750000,,RPRNMLRKJHKGFEE28CB,鳳凰萃,B棟B6-05號,
大社區,房地(土地+建物),高雄市大社區中華路77巷,19.2,住,,,1140111,土地1建物1車位0,五層,10,華廈(10層含以下有電梯),住家用,鋼筋混凝土造,,97.71,2,2,2,有,無,8400000,85969,,0.0,0,,RPQNMLRKJHKGFIE58CB,一方撰,A6-5F號,
大社區,房地(土地+建物),高雄市大社區中華路77巷,13.14,住,,,1140115,土地1建物1車位0,四層,10,華廈(10層含以下有電梯),住家用,鋼筋混凝土造,,66.86,0,0,0,無,無,6060000,90637,,0.0,0,,RPRNMLRKJHKGFIE68CB,一方撰,A5-4F號,
鼓山區,房地(土地+建物)+車位,高雄市鼓山區鼓山一路53巷,18.3,住,,,1140118,土地1建物1車位1,十層,15,住宅大樓(11層含以上有電梯),住家用,鋼筋混凝土造,,173.51,3,2,2,有,無,20550000,121220,坡道平面,21.72,2150000,,RPQNMLSKJHKGFAE87CB,?埕,A棟7號,
鼓山區,房地(土地+建物)+車位,高雄市鼓山區美術東四路,8.25,住,,,1140117,土地1建物1車位1,七層,24,住宅大樓(11層含以上有電梯),住家用,鋼筋混凝土造,,87.64,2,1,1,有,無,14240000,173673,坡道機械,13.42,1350000,,RPPNMLKLJHKGFAE07CB,美術1808,B3棟X號,
鼓山區,房地(土地+建物)+車位,高雄市鼓山區美術東四路,13.27,住,,,1140117,土地1建物1車位1,十五層,24,住宅大樓(11層含以上有電梯),住家用,鋼筋混凝土造,,142.01,3,2,2,有,無,21850000,161684,坡道平面,23.26,2650000,,RPRNMLKLJHKGFAE27CB,美術1808,A5棟X號,
前鎮區,房地(土地+建物)+車位,高雄市前鎮區凱旋四路與瑞田街,7.68,住,,,1140113,土地1建物1車位1,六層,24,住宅大樓(11層含以上有電梯),住家用,鋼筋混凝土造,,104.38,1,1,2,有,無,14040000,126238,坡道平面,14.55,2700000,,RPUNMLKLJHKGFCE77CB,AI慕光城,B棟03號,
小港區,房地(土地+建物)+車位,高雄市小港區高松路和松直街交叉路口,12.43,商,,,1140117,土地2建物1車位1,八層,11,住宅大樓(11層含以上有電梯),住家用,鋼筋混凝土造,,124.82,2,2,2,有,無,10800000,90801,坡道平面,23.5,1600000,,RPVNMLKLJHKGFCE87CB,Power City,A棟A2-8號,
前鎮區,房地(土地+建物)+車位,高雄市前鎮區凱旋四路與瑞田街,7.68,住,,,1140113,土地1建物1車位1,六層,24,住宅大樓(11層含以上有電梯),住家用,鋼筋混凝土造,,104.38,1,1,2,有,無,14140000,126238,坡道平面,14.55,2800000,,RPWNMLKLJHKGFCE97CB,AI慕光城,B棟05號,
楠梓區,房地(土地+建物)+車位,高雄市楠梓區大學南路，大學三街上,31.55,住,,,1140113,土地1建物1車位1,七層,15,住宅大樓(11層含以上有電梯),住家用,鋼筋混凝土造,,183.73,3,1,2,有,無,21070000,116302,坡道平面,21.48,2200000,,RPSNMLKLJHKGFEE77CB,遠見禾悅,D2棟0號,
楠梓區,房地(土地+建物)+車位,高雄市楠梓區大學南路，大學三街上,26.46,住,,,1140113,土地1建物1車位1,六層,15,住宅大樓(11層含以上有電梯),住家用,鋼筋混凝土造,,157.39,3,1,2,有,無,18130000,117210,坡道平面,21.48,2200000,,RPUNMLKLJHKGFEE97CB,遠見禾悅,D3棟0號,
楠梓區,房地(土地+建物)+車位,高雄市楠梓區大學二十六街,11.18,商,,,1140116,土地1建物1車位1,八層,15,住宅大樓(11層含以上有電梯),住家用,鋼筋混凝土造,,137.68,2,2,2,有,無,15300000,120986,坡道平面,26.51,1850000,,RPWNMLKLJHKGFEE18CB,鳳凰萃,B棟B6-08號,
楠梓區,房地(土地+建物)+車位,高雄市楠梓區大學二十六街,11.18,商,,,1140118,土地1建物1車位1,七層,15,住宅大樓(11層含以上有電梯),住家用,鋼筋混凝土造,,143.26,2,2,2,有,無,15100000,120536,坡道平面,32.09,1700000,,RPXNMLKLJHKGFEE28CB,鳳凰萃,B棟B6-07號,
楠梓區,房地(土地+建物),高雄市楠梓區大學二十六街,8.28,商,,,1140118,土地1建物1車位0,四層,15,住宅大樓(11層含以上有電梯),住家用,鋼筋混凝土造,,82.43,2,2,2,有,無,9680000,117433,,0.0,0,,RPOOMLKLJHKGFEE47CB,鳳凰萃,B棟B8-04號,
楠梓區,房地(土地+建物)+車位,高雄市楠梓區大學二十六街,14.09,商,,,1140118,土地1建物1車位1,三層,15,住宅大樓(11層含以上有電梯),住家用,鋼筋混凝土造,,166.58,3,2,2,有,無,18080000,115871,坡道平面,26.51,1850000,,RPPOMLKLJHKGFEE57CB,鳳凰萃,A棟A5-03號,
楠梓區,房地(土地+建物)+車位,高雄市楠梓區大學二十六街,10.99,商,,,1140112,土地1建物1車位1,六層,15,住宅大樓(11層含以上有電梯),住家用,鋼筋混凝土造,,134.28,2,2,2,有,無,14850000,119810,坡道平面,24.94,1750000,,RPQOMLKLJHKGFEE67CB,鳳凰萃,A棟A2-06號,
橋頭區,房地(土地+建物)+車位,高雄市橋頭區橋新三路,16.06,商,,,1140117,土地1建物1車位1,二十四層,24,住宅大樓(11層含以上有電梯),住家用,鋼筋混凝土造,,136.69,3,2,2,有,無,16280000,128063,坡道平面,23.23,1750000,,RPPTMLKLJHKGFFE18CB,達麗世界學,A棟A8-24F號,
橋頭區,房地(土地+建物)+車位,高雄市橋頭區橋新三路,16.06,商,,,1140116,土地1建物1車位1,十三層,24,住宅大樓(11層含以上有電梯),住家用,鋼筋混凝土造,,136.69,3,2,2,有,無,15020000,119161,坡道平面,23.23,1500000,,RPTTMLKLJHKGFFE58CB,達麗世界學,B棟B8-13F號,
橋頭區,房地(土地+建物)+車位,高雄市橋頭區橋新三路,17.91,商,,,1140112,土地1建物1車位1,五層,24,住宅大樓(11層含以上有電梯),住家用,鋼筋混凝土造,,150.5,3,2,2,有,無,16930000,119274,坡道平面,23.23,1750000,,RPUTMLKLJHKGFFE68CB,達麗世界學,B棟B6-05F號,
橋頭區,房地(土地+建物)+車位,高雄市橋頭區橋新三路,16.06,商,,,1140117,土地1建物1車位1,三層,24,住宅大樓(11層含以上有電梯),住家用,鋼筋混凝土造,,138.74,3,2,2,有,無,15700000,122951,坡道平面,25.28,1750000,此戶為露臺戶，坪數約12.25坪。,RPSUMLKLJHKGFFE58CB,達麗世界學,B棟B8-03F號,
橋頭區,房地(土地+建物)+車位,高雄市橋頭區橋新三路,16.06,商,,,1140112,土地1建物1車位1,十一層,24,住宅大樓(11層含以上有電梯),住家用,鋼筋混凝土造,,136.69,3,2,2,有,無,14910000,118191,坡道平面,23.23,1500000,,RPTUMLKLJHKGFFE68CB,達麗世界學,B棟B8-11F號,
湖內區,房地(土地+建物),高雄市湖內區自強街,75.0,住,,,1140117,土地1建物1車位0,全,3,透天厝,住家用,鋼筋混凝土造,,170.7,4,2,4,有,無,14600000,85530,,0.0,0,,RPPNMLKLJHKGFJE08DB,湖內上品,A棟A7號,
鼓山區,房地(土地+建物)+車位,高雄市鼓山區明倫路vs昌盛路,4.61,商,,,1140118,土地1建物1車位1,八層,20,住宅大樓(11層含以上有電梯),住家用,鋼筋混凝土造,,79.3,2,1,1,有,無,14830000,199650,坡道機械,10.78,1150000,,RPPNMLLLJHKGFAE17CB,郡都巨蛋,A6棟8號,
鼓山區,房地(土地+建物),高雄市鼓山區明倫路vs昌盛路,4.05,商,,,1140118,土地1建物1車位0,八層,20,住宅大樓(11層含以上有電梯),住家用,鋼筋混凝土造,,60.19,2,1,1,有,無,11560000,192058,,0.0,0,,RPQNMLLLJHKGFAE27CB,郡都巨蛋,A8棟8號,
三民區,房地(土地+建物)+車位,高雄市三民區澄清路,20.4,住,,,1140118,土地1建物1車位1,四層,15,住宅大樓(11層含以上有電梯),住家用,鋼筋混凝土造,,172.82,4,2,2,有,無,22550000,133478,坡道平面,20.36,2200000,,RPPNMLLLJHKGFDE47CB,綠廳院,D1棟0號,
三民區,房地(土地+建物)+車位,高雄市三民區澄清路,19.21,住,,,1140118,土地1建物1車位1,一層,15,店面(店鋪),住商用,鋼筋混凝土造,,143.97,0,0,0,無,無,28900000,214788,坡道平面,20.36,2350000,,RPQNMLLLJHKGFDE57CB,綠廳院,S1棟0號,
苓雅區,房地(土地+建物)+車位,高雄市苓雅區三多二路廣東二街,11.94,商,,,1140115,土地2建物1車位1,九層,15,住宅大樓(11層含以上有電梯),住家用,鋼筋混凝土造,,193.07,2,1,2,有,無,23600000,125491,坡道平面,22.54,2200000,,RPPNMLMLJHKGFBE37CB,新文化城安,A棟0號,
新興區,房地(土地+建物)+車位,高雄市新興區中山橫路,15.36,商,,,1140113,土地1建物1車位1,八層,15,住宅大樓(11層含以上有電梯),住家用,鋼筋混凝土造,,154.54,3,2,2,有,無,20660000,143950,坡道平面,27.69,2400000,其他：雨遮面積不計價,RPQNMLMLJHKGFBE47CB,美麗馥品,A7棟8號,
小港區,房地(土地+建物)+車位,高雄市小港區宏平路439號旁,9.57,商,,,1140117,土地1建物1車位1,六層,18,住宅大樓(11層含以上有電梯),住家用,鋼筋混凝土造,,140.56,3,2,2,有,無,12000000,87781,坡道機械,13.54,850000,,RPPNMLMLJHKGFCE47CB,和築親親,A棟3號,
三民區,房地(土地+建物)+車位,高雄市三民區建國三路與同盟三路交叉口,5.78,商,,,1140112,土地2建物1車位1,十六層,27,住宅大樓(11層含以上有電梯),住家用,鋼筋混凝土造,,94.48,2,1,1,有,無,13050000,166197,坡道平面,27.09,1850000,,RPPNMLMLJHKGFDE57CB,立信 立.天下,D8棟16號,
三民區,房地(土地+建物)+車位,高雄市三民區建國三路與同盟三路交叉口,10.27,商,,,1140112,土地2建物1車位1,二十二層,27,住宅大樓(11層含以上有電梯),住家用,鋼筋混凝土造,,143.84,3,2,2,有,無,21100000,159315,坡道平面,27.09,2500000,,RPQNMLMLJHKGFDE67CB,立信 立.天下,D9棟22號,
鼓山區,房地(土地+建物),高雄市鼓山區明倫路vs昌盛路,4.61,商,,,1140118,土地1建物1車位0,十三層,20,住宅大樓(11層含以上有電梯),住家用,鋼筋混凝土造,,68.52,2,1,2,有,無,13650000,199212,,0.0,0,,RPPNMLNLJHKGFAE37CB,郡都巨蛋,A6棟13號,
前鎮區,房地(土地+建物)+車位,高雄市前鎮區凱旋四路與瑞田街,5.99,住,,,1140111,土地1建物1車位1,五層,24,住宅大樓(11層含以上有電梯),住家用,鋼筋混凝土造,,84.78,1,1,2,有,無,11390000,134415,坡道平面,14.55,1950000,,RPQNMLNLJHKGFCE67CB,AI慕光城,B棟09號,
前鎮區,房地(土地+建物)+車位,高雄市前鎮區凱旋四路與瑞田街,5.99,住,,,1140111,土地1建物1車位1,五層,24,住宅大樓(11層含以上有電梯),住家用,鋼筋混凝土造,,84.85,1,1,2,有,無,11600000,134424,坡道平面,14.55,2150000,,RPRNMLNLJHKGFCE77CB,AI慕光城,B棟18號,
前鎮區,房地(土地+建物)+車位,高雄市前鎮區凱旋四路與瑞田街,5.74,住,,,1140112,土地1建物1車位1,三層,24,住宅大樓(11層含以上有電梯),住家用,鋼筋混凝土造,,85.26,1,1,1,有,無,10890000,128360,坡道平面,17.56,2200000,,RPSNMLNLJHKGFCE87CB,AI慕光城,B棟02號,
前鎮區,房地(土地+建物)+車位,高雄市前鎮區凱旋四路與瑞田街,5.99,住,,,1140112,土地1建物1車位1,九層,24,住宅大樓(11層含以上有電梯),住家用,鋼筋混凝土造,,83.78,1,1,2,有,無,11990000,137975,坡道平面,13.55,2300000,,RPTNMLNLJHKGFCE97CB,AI慕光城,B棟09號,
前鎮區,房地(土地+建物)+車位,高雄市前鎮區凱旋四路與瑞田街,6.75,住,,,1140112,土地1建物1車位1,六層,24,住宅大樓(11層含以上有電梯),住家用,鋼筋混凝土造,,92.36,0,0,1,有,無,12390000,129298,坡道平面,13.55,2200000,,RPUNMLNLJHKGFCE08CB,AI慕光城,B棟15號,
三民區,房地(土地+建物)+車位,高雄市三民區大和街、本和街,27.96,住,,,1140119,土地1建物1車位1,三層,15,住宅大樓(11層含以上有電梯),住家用,鋼筋混凝土造,,205.39,3,2,2,有,無,22950000,117179,坡道平面,29.59,2350000,,RPPNMLNLJHKGFDE67CB,宏森．綻,A棟8號,
三民區,房地(土地+建物)+車位,高雄市三民區建國三路與同盟三路交叉口,18.61,商,,,1140114,土地2建物1車位2,十八層,28,住宅大樓(11層含以上有電梯),住家用,鋼筋混凝土造,,257.23,4,2,3,有,無,37500000,160059,坡道平面,54.18,5000000,親友、員工、共有人或其他特殊關係間之交易；,RPQNMLNLJHKGFDE77CB,立信 立.天下,A9棟18號,
三民區,房地(土地+建物)+車位,高雄市三民區九如一路B03棟F18樓,9.51,商,,,1140118,土地2建物1車位1,十八層,27,住宅大樓(11層含以上有電梯),住家用,鋼筋混凝土造,,132.17,3,2,2,有,無,18580000,146127,坡道平面,20.76,2300000,,RPRNMLNLJHKGFDE87CB,遠雄峰蘊,B棟03號,
三民區,房地(土地+建物)+車位,高雄市三民區九如一路A01棟F16樓,11.94,商,,,1140120,土地2建物1車位1,十六層,27,住宅大樓(11層含以上有電梯),住家用,鋼筋混凝土造,,160.06,3,2,2,有,無,21830000,140560,坡道平面,20.76,2250000,,RPSNMLNLJHKGFDE97CB,遠雄峰蘊,A棟01號,
楠梓區,房地(土地+建物)+車位,高雄市楠梓區後勁北路111巷,14.92,住,,,1140118,土地1建物1車位1,十五層,15,住宅大樓(11層含以上有電梯),見其它登記事項,鋼筋混凝土造,,107.07,2,2,2,有,無,12380000,116970,一樓平面,14.91,1600000,,RPPNMLNLJHKGFEE77CB,皇家美墅17期-捷.境,A3棟15樓號,
岡山區,房地(土地+建物)+車位,高雄市岡山區大德段121、122、129、130地號,0.0,,,,1140111,土地0建物1車位1,三層,9,華廈(10層含以下有電梯),住家用,鋼筋混凝土造,,85.72,1,1,2,有,無,8360000,97527,一樓平面,0.0,950000,總價含地上權持分價款217萬元地上權房屋；,RPSNMLNLJHKGFFE18CB,一功青,A2棟3號,
岡山區,房地(土地+建物)+車位,高雄市岡山區大德段121、122、129、130地號,0.0,,,,1140112,土地0建物1車位1,三層,9,華廈(10層含以下有電梯),住家用,鋼筋混凝土造,,73.46,1,1,2,有,無,7320000,99646,一樓平面,0.0,950000,總價含地上權持分價款190萬元地上權房屋；,RPTNMLNLJHKGFFE28CB,一功青,A7棟3號,
岡山區,房地(土地+建物)+車位,高雄市岡山區大德段121、122、129、130地號,0.0,,,,1140115,土地0建物1車位1,七層,9,華廈(10層含以下有電梯),住家用,鋼筋混凝土造,,136.46,2,1,2,有,無,10200000,87224,一樓平面,35.57,1400000,總價含地上權持分價款265萬元地上權房屋；,RPUNMLNLJHKGFFE38CB,一功青,A6棟7號,
鳳山區,房地(土地+建物)+車位,高雄市鳳山區鳳育路與鳳甲二街,18.01,住,,,1140111,土地1建物1車位1,十一層,15,住宅大樓(11層含以上有電梯),見其他登記事項,鋼筋混凝土造,,139.08,3,2,2,有,無,16230000,112949,坡道平面,15.75,2300000,,RPQNMLNLJHKGFGE08CB,?揚新樂章,A7棟11號,
鼓山區,房地(土地+建物)+車位,高雄市鼓山區龍中段134地號龍勝路、至聖路,10.62,商,,,1140120,土地1建物1車位1,六層,32,辦公商業大樓,商業用,鋼筋混凝土造,,228.61,0,0,0,無,無,35880000,155480,坡道平面,13.92,2500000,,RPPNMLOLJHKGFAE47CB,京城IFC,A8棟6號,
前金區,房地(土地+建物)+車位,高雄市前金區七賢二路394號,6.82,商,,,1140111,土地24建物1車位1,二十四層,32,住宅大樓(11層含以上有電梯),住家用,鋼筋混凝土造,,132.51,2,2,2,有,無,21620000,166067,坡道平面,15.87,2250000,,RPQNMLOLJHKGFAE57CB,豐邑TOP+,B9棟24號,
前金區,房地(土地+建物)+車位,高雄市前金區七賢二路394號,5.79,商,,,1140113,土地24建物1車位1,十一層,32,住宅大樓(11層含以上有電梯),住家用,鋼筋混凝土造,,108.34,2,2,2,有,無,14880000,136103,坡道機械,8.93,1350000,,RPRNMLOLJHKGFAE67CB,豐邑TOP+,B2棟11號,
新興區,房地(土地+建物)+車位,高雄市新興區八德一路與錦田路交叉口,11.22,商,,,1140111,土地1建物1車位1,十二層,15,住宅大樓(11層含以上有電梯),住家用,鋼筋混凝土造,,102.3,3,2,2,有,無,13880000,129789,坡道平面,14.08,2430000,,RPPNMLOLJHKGFBE57CB,崑庭敦品,G6棟12號,
燕巢區,房地(土地+建物)+車位,高雄市燕巢區海成北街,33.92,其他,,,1140118,土地2建物1車位1,二層,5,華廈(10層含以下有電梯),見其他登記事項,鋼筋混凝土造,,106.78,3,2,2,有,無,11200000,105342,一樓平面,13.75,1400000,,RPPNMLOLJHKGFFE97CB,時尚領秀8期,D棟2號,
鳳山區,房地(土地+建物)+車位,高雄市鳳山區鳳育路與鳳甲二街,9.85,住,,,1140118,土地1建物1車位1,十三層,15,住宅大樓(11層含以上有電梯),見其他登記事項,鋼筋混凝土造,,83.16,2,1,1,有,無,10880000,128764,坡道平面,15.75,2200000,,RPPNMLOLJHKGFGE08CB,?揚新樂章,A2棟13號,
鳳山區,房地(土地+建物),高雄市鳳山區鳳育路與鳳甲二街,9.85,住,,,1140119,土地1建物1車位0,十層,15,住宅大樓(11層含以上有電梯),見其他登記事項,鋼筋混凝土造,,67.53,2,1,1,有,無,8070000,119502,,0.0,0,,RPQNMLOLJHKGFGE18CB,?揚新樂章,B7棟10號,
三民區,房地(土地+建物)+車位,高雄市三民區覺民路,0.0,,,,1140120,土地0建物1車位1,四層,15,住宅大樓(11層含以上有電梯),住家用,鋼筋混凝土造,,142.46,3,2,2,有,無,10650000,79662,坡道平面,27.6,1500000,總價含地上權標的價款366萬元地上權房屋；,RPQNMLQLJHKGFDE08CB,KS1,A1棟0號,
彌陀區,房地(土地+建物),高雄市彌陀區公園路,99.76,,一般農業區,甲種建築用地,1140117,土地3建物1車位0,全,3,透天厝,住家用,鋼筋混凝土造,,165.83,3,2,4,有,無,15100000,91057,,0.0,0,,RPPNMLQLJHKGFFE18CB,家和萬世‧6,A棟11號,
鳳山區,房地(土地+建物)+車位,高雄市鳳山區保泰路,14.18,商,,,1140119,土地1建物1車位1,十八層,24,住宅大樓(11層含以上有電梯),住家用,鋼筋混凝土造,,161.28,3,2,2,有,無,17880000,120734,坡道平面,32.65,2350000,,RPPNMLMJKHKGFGE77CB,保泰一品,B1棟0號,
三民區,房地(土地+建物)+車位,高雄市三民區中華二路157巷,12.13,商,,,1140113,土地2建物1車位1,十層,15,住宅大樓(11層含以上有電梯),住家用,鋼筋混凝土造,,107.49,2,2,2,有,無,14580000,150311,坡道平面,25.46,2250000,,RPPNMLOJKHKGFDE67CB,善寬UNI,A8棟10號,
楠梓區,房地(土地+建物),高雄市楠梓區興楠路,18.63,住,,,1140114,土地1建物1車位0,八層,15,住宅大樓(11層含以上有電梯),住家用,鋼筋混凝土造,,119.23,3,2,2,有,無,13600000,114065,,0.0,0,,RPPNMLOJKHKGFEE77CB,興.楠梓,B棟2號,
楠梓區,房地(土地+建物)+車位,高雄市楠梓區德中路上,12.07,住,,,1140112,土地1建物1車位1,八層,15,住宅大樓(11層含以上有電梯),住家用,鋼筋混凝土造,,93.03,2,2,1,有,無,9980000,117047,坡道機械,14.6,800000,,RPRNMLOJKHKGFEE97CB,月理河,B棟7號,
楠梓區,房地(土地+建物)+車位,高雄市楠梓區德中路上,19.64,住,,,1140112,土地1建物1車位1,十一層,15,住宅大樓(11層含以上有電梯),住家用,鋼筋混凝土造,,152.32,2,2,2,有,無,18400000,128245,坡道平面,24.83,2050000,,RPSNMLOJKHKGFEE08CB,月理河,A棟5號,
楠梓區,房地(土地+建物)+車位,高雄市楠梓區德中路上,13.11,住,,,1140112,土地1建物1車位1,十四層,15,住宅大樓(11層含以上有電梯),住家用,鋼筋混凝土造,,99.68,2,2,1,有,無,11930000,126117,坡道機械,14.6,1200000,,RPTNMLOJKHKGFEE18CB,月理河,B棟3號,
楠梓區,房地(土地+建物)+車位,高雄市楠梓區德中路上,13.26,住,,,1140112,土地1建物1車位1,十三層,15,住宅大樓(11層含以上有電梯),住家用,鋼筋混凝土造,,110.87,2,2,1,有,無,13170000,129823,坡道平面,24.83,2000000,,RPUNMLOJKHKGFEE28CB,月理河,A棟3號,
梓官區,房地(土地+建物),高雄市梓官區通安路及通安路181巷及通安路209巷,27.67,,鄉村區,乙種建築用地,1140115,土地4建物1車位0,三層,7,華廈(10層含以下有電梯),見其他登記事項,鋼筋混凝土造,,93.36,2,2,2,有,無,7580000,81191,,0.0,0,,RPPNMLOJKHKGFFE87CB,城海戀,B2棟0號,
仁武區,房地(土地+建物)+車位,高雄市仁武區仁春街vs仁春巷,26.38,住,,,1140114,土地1建物1車位1,十二層,13,住宅大樓(11層含以上有電梯),住家用,鋼筋混凝土造,,153.98,3,2,2,有,無,15420000,98807,坡道平面,18.16,2000000,,RPPNMLOJKHKGFIE18CB,高京米蘭花園,B棟5號,
苓雅區,房地(土地+建物)+車位,高雄市苓雅區三多四路66號旁,9.12,商,,,1140115,土地1建物1車位1,二十三層,28,住宅大樓(11層含以上有電梯),住家用,鋼筋混凝土造,,165.74,3,2,2,有,無,21680000,153169,坡道平面,33.99,1500000,,RPPNMLPJKHKGFBE57CB,星玥灣,A棟1號,
苓雅區,房地(土地+建物)+車位,高雄市苓雅區華新街,14.22,商,,,1140112,土地1建物1車位1,十一層,15,住宅大樓(11層含以上有電梯),住家用,鋼筋混凝土造,,189.73,2,1,2,有,無,27630000,162127,坡道平面,36.27,2750000,,RPQNMLPJKHKGFBE67CB,水精湛 No 2,B1棟11號,
前鎮區,房地(土地+建物)+車位,高雄市前鎮區凱旋四路與瑞田街,10.12,住,,,1140111,土地1建物1車位1,五層,24,住宅大樓(11層含以上有電梯),住家用,鋼筋混凝土造,,130.42,2,1,2,有,無,16180000,121331,坡道平面,13.55,2000000,,RPPNMLPJKHKGFCE67CB,AI慕光城,B棟07號,
前鎮區,房地(土地+建物)+車位,高雄市前鎮區凱旋四路與瑞田街,7.68,住,,,1140111,土地1建物1車位1,八層,24,住宅大樓(11層含以上有電梯),住家用,鋼筋混凝土造,,103.38,1,1,2,有,無,14050000,134142,坡道平面,13.55,2000000,,RPQNMLPJKHKGFCE77CB,AI慕光城,D棟05號,
前鎮區,房地(土地+建物)+車位,高雄市前鎮區凱旋四路與瑞田街,7.68,住,,,1140112,土地1建物1車位1,三層,24,住宅大樓(11層含以上有電梯),住家用,鋼筋混凝土造,,104.38,1,1,2,有,無,13250000,121340,坡道平面,14.55,2350000,,RPRNMLPJKHKGFCE87CB,AI慕光城,B棟05號,
前鎮區,房地(土地+建物)+車位,高雄市前鎮區凱旋四路與瑞田街,7.68,住,,,1140115,土地1建物1車位1,六層,24,住宅大樓(11層含以上有電梯),住家用,鋼筋混凝土造,,103.38,1,1,2,有,無,13980000,132250,坡道平面,13.55,2100000,,RPSNMLPJKHKGFCE97CB,AI慕光城,D棟03號,
前鎮區,房地(土地+建物)+車位,高雄市前鎮區凱旋四路與瑞田街,5.74,住,,,1140115,土地1建物1車位1,九層,24,住宅大樓(11層含以上有電梯),住家用,鋼筋混凝土造,,81.26,1,1,1,有,無,12060000,147098,坡道平面,13.55,2100000,,RPTNMLPJKHKGFCE08CB,AI慕光城,D棟06號,
左營區,房地(土地+建物)+車位,高雄市左營區民族一路1101巷18號5樓,25.91,住,,,1140112,土地1建物1車位1,五層,8,華廈(10層含以下有電梯),住家用,鋼筋混凝土造,,135.72,2,2,2,有,無,16850000,120821,坡道平面,14.88,2250000,,RPPNMLPJKHKGFEE87CB,小森學,A2棟5號,
左營區,房地(土地+建物),高雄市左營區民族一路1101巷16號5樓,25.07,住,,,1140112,土地1建物1車位0,五層,8,華廈(10層含以下有電梯),住家用,鋼筋混凝土造,,116.95,2,2,2,有,無,14050000,120137,,0.0,0,,RPQNMLPJKHKGFEE97CB,小森學,A1棟5號,
左營區,房地(土地+建物),高雄市左營區民族一路1101巷22號5樓,18.87,住,,,1140118,土地1建物1車位0,五層,8,華廈(10層含以下有電梯),住家用,鋼筋混凝土造,,88.01,1,2,1,有,無,11500000,130667,,0.0,0,,RPRNMLPJKHKGFEE08CB,小森學,A5棟5號,
橋頭區,房地(土地+建物)+車位,高雄市橋頭區橋新三路,15.16,商,,,1140119,土地1建物1車位1,三層,24,住宅大樓(11層含以上有電梯),住家用,鋼筋混凝土造,,130.78,3,2,2,有,無,14950000,122734,坡道平面,23.23,1750000,此戶為露臺戶，坪數約1.96坪。,RPQNMLPJKHKGFFE08CB,達麗世界學,B棟B1-03F號,
橋頭區,房地(土地+建物)+車位,高雄市橋頭區橋新三路,15.58,商,,,1140118,土地1建物1車位1,三層,24,住宅大樓(11層含以上有電梯),住家用,鋼筋混凝土造,,134.03,3,2,2,有,無,15500000,125903,坡道平面,23.23,1550000,此戶為露臺戶，坪數約8.66坪。,RPTNMLPJKHKGFFE38CB,達麗世界學,A棟A6-03F號,
橋頭區,房地(土地+建物)+車位,高雄市橋頭區橋新三路,17.01,商,,,1140119,土地1建物1車位1,十一層,24,住宅大樓(11層含以上有電梯),住家用,鋼筋混凝土造,,144.05,3,2,2,有,無,16130000,123572,坡道平面,23.23,1200000,,RPUNMLPJKHKGFFE48CB,達麗世界學,B棟B1-11F號,
鳥松區,房地(土地+建物)+車位,高雄市鳥松區昌華街,14.3,住,,,1140119,土地8建物1車位1,八層,14,住宅大樓(11層含以上有電梯),住家用,鋼筋混凝土造,,96.98,0,2,2,有,無,10900000,116218,坡道平面,21.26,2100000,,RPQNMLPJKHKGFIE48DB,圓山匯星,A5棟08號,
鳥松區,房地(土地+建物),高雄市鳥松區昌華街,14.3,住,,,1140119,土地8建物1車位0,二層,14,住宅大樓(11層含以上有電梯),住家用,鋼筋混凝土造,,75.72,0,2,2,有,無,8020000,105917,,0.0,0,,RPRNMLPJKHKGFIE58DB,圓山匯星,A5棟02號,
鳥松區,房地(土地+建物)+車位,高雄市鳥松區昌華街,21.14,住,,,1140112,土地8建物1車位1,九層,14,住宅大樓(11層含以上有電梯),住家用,鋼筋混凝土造,,133.4,2,2,2,有,無,14950000,114589,坡道平面,21.26,2100000,,RPSNMLPJKHKGFIE68DB,圓山匯星,A1棟09號,
前鎮區,房地(土地+建物)+車位,高雄市前鎮區凱旋四路與瑞田街,7.68,住,,,1140118,土地1建物1車位1,八層,24,住宅大樓(11層含以上有電梯),住家用,鋼筋混凝土造,,104.38,1,1,2,有,無,14170000,131025,坡道平面,14.55,2400000,,RPPNMLSJKHKGFCE97CB,AI慕光城,A棟05號,
前鎮區,房地(土地+建物)+車位,高雄市前鎮區凱旋四路與瑞田街,5.74,住,,,1140118,土地1建物1車位1,六層,24,住宅大樓(11層含以上有電梯),住家用,鋼筋混凝土造,,85.26,1,1,1,有,無,12570000,138405,坡道平面,17.56,3200000,,RPQNMLSJKHKGFCE08CB,AI慕光城,B棟02號,
前鎮區,房地(土地+建物)+車位,高雄市前鎮區凱旋四路與瑞田街,10.46,住,,,1140119,土地1建物1車位1,九層,24,住宅大樓(11層含以上有電梯),住家用,鋼筋混凝土造,,134.46,2,1,2,有,無,17420000,124427,坡道平面,14.55,2500000,,RPRNMLSJKHKGFCE18CB,AI慕光城,B棟01號,
前鎮區,房地(土地+建物)+車位,高雄市前鎮區凱旋四路與瑞田街,7.68,住,,,1140119,土地1建物1車位1,四層,24,住宅大樓(11層含以上有電梯),住家用,鋼筋混凝土造,,104.38,1,1,2,有,無,13200000,121340,坡道平面,14.55,2300000,,RPSNMLSJKHKGFCE28CB,AI慕光城,B棟03號,
前鎮區,房地(土地+建物)+車位,高雄市前鎮區凱旋四路與瑞田街,6.66,住,,,1140119,土地1建物1車位1,五層,24,住宅大樓(11層含以上有電梯),住家用,鋼筋混凝土造,,92.49,0,0,1,有,無,12310000,128432,坡道平面,14.55,2300000,,RPTNMLSJKHKGFCE38CB,AI慕光城,B棟13號,
前鎮區,房地(土地+建物)+車位,高雄市前鎮區凱旋四路與瑞田街,10.54,住,,,1140119,土地1建物1車位1,四層,24,住宅大樓(11層含以上有電梯),住家用,鋼筋混凝土造,,134.96,2,1,2,有,無,17030000,121324,坡道平面,13.55,2300000,,RPUNMLSJKHKGFCE48CB,AI慕光城,B棟16號,
前鎮區,房地(土地+建物)+車位,高雄市前鎮區凱旋四路與瑞田街,10.54,住,,,1140119,土地1建物1車位1,六層,24,住宅大樓(11層含以上有電梯),住家用,鋼筋混凝土造,,135.96,2,1,2,有,無,17280000,121324,坡道平面,14.55,2550000,,RPVNMLSJKHKGFCE58CB,AI慕光城,B棟16號,
前鎮區,房地(土地+建物)+車位,高雄市前鎮區凱旋四路與瑞田街,5.99,住,,,1140119,土地1建物1車位1,六層,24,住宅大樓(11層含以上有電梯),住家用,鋼筋混凝土造,,84.85,1,1,2,有,無,11460000,135277,坡道平面,14.55,1950000,,RPWNMLSJKHKGFCE68CB,AI慕光城,B棟18號,
前鎮區,房地(土地+建物)+車位,高雄市前鎮區凱旋四路與瑞田街,7.68,住,,,1140120,土地1建物1車位1,九層,24,住宅大樓(11層含以上有電梯),住家用,鋼筋混凝土造,,104.38,1,1,2,有,無,14380000,128910,坡道平面,14.55,2800000,,RPPOMLSJKHKGFCE08CB,AI慕光城,B棟05號,
前鎮區,房地(土地+建物)+車位,高雄市前鎮區凱旋四路與瑞田街,10.54,住,,,1140120,土地1建物1車位1,九層,24,住宅大樓(11層含以上有電梯),住家用,鋼筋混凝土造,,135.96,2,1,2,有,無,17420000,122889,坡道平面,14.55,2500000,,RPQOMLSJKHKGFCE18CB,AI慕光城,B棟16號,
左營區,房地(土地+建物)+車位,高雄市左營區左營大路、?後街42巷,11.25,商,,,1140111,土地1建物1車位1,十五層,15,住宅大樓(11層含以上有電梯),住家用,鋼筋混凝土造,,146.08,2,2,2,有,無,17770000,120187,坡道平面,19.86,2600000,買方可參考銷售圖面規劃臥室隔間親友、員工、共有人或其他特殊關係間之交易；,RPQNMLSJKHKGFEE28CB,大道淳,A棟2號,
左營區,房地(土地+建物)+車位,高雄市左營區左營大路、?後街42巷,10.15,商,,,1140112,土地1建物1車位1,四層,15,住宅大樓(11層含以上有電梯),住家用,鋼筋混凝土造,,133.71,1,2,2,有,無,14960000,112956,坡道平面,19.86,2100000,買方可參考銷售圖面規劃臥室隔間親友、員工、共有人或其他特殊關係間之交易；,RPSNMLSJKHKGFEE48CB,大道淳,A棟5號,
前金區,房地(土地+建物),高雄市前金區五福三路,5.16,商,,,1140118,土地3建物1車位0,六層,29,住宅大樓(11層含以上有電梯),住家用,鋼筋混凝土造,,80.78,1,2,1,有,無,11980000,148304,,0.0,0,雨遮面積得依法登記，不予計價,RPPNMLTJKHKGFAE87CB,星峰匯,A3棟06號,
新興區,房地(土地+建物)+車位,高雄市新興區五福一街,10.82,商,,,1140118,土地1建物1車位1,二層,15,住宅大樓(11層含以上有電梯),住家用,鋼筋混凝土造,,130.52,2,2,2,有,無,16330000,128256,坡道平面,20.35,2200000,,RPPNMLKKKHKGFBE17CB,寶象文化豆,A棟10號,
前鎮區,房地(土地+建物)+車位,高雄市前鎮區凱旋四路與瑞田街,7.68,住,,,1140120,土地1建物1車位1,九層,24,住宅大樓(11層含以上有電梯),住家用,鋼筋混凝土造,,104.38,1,1,2,有,無,14380000,128910,坡道平面,14.55,2800000,,RPUNMLKKKHKGFCE77CB,AI慕光城,B棟03號,
左營區,房地(土地+建物)+車位,高雄市左營區華夏路1773巷,12.57,住,,,1140118,土地1建物1車位1,九層,10,華廈(10層含以下有電梯),住家用,鋼筋混凝土造,,92.5,3,2,2,有,無,11550000,125126,升降機械,13.38,1650000,,RPUNMLKKKHKGFEE97CB,微笑高鐵,A棟6號,
左營區,房地(土地+建物)+車位,高雄市左營區華夏路1773巷,11.76,住,,,1140118,土地1建物1車位1,八層,10,華廈(10層含以下有電梯),住家用,鋼筋混凝土造,,86.89,2,1,1,有,無,10920000,128826,升降機械,13.38,1450000,,RPWNMLKKKHKGFEE18CB,微笑高鐵,A棟7號,
左營區,房地(土地+建物),高雄市左營區華夏路1773巷,11.76,住,,,1140120,土地1建物1車位0,三層,10,華廈(10層含以下有電梯),住家用,鋼筋混凝土造,,73.51,2,1,1,有,無,9430000,128282,,0.0,0,,RPXNMLKKKHKGFEE28CB,微笑高鐵,A棟7號,
左營區,房地(土地+建物),高雄市左營區華夏路1773巷,11.28,住,,,1140118,土地1建物1車位0,二層,10,華廈(10層含以下有電梯),住家用,鋼筋混凝土造,,70.78,2,1,1,有,無,8870000,125318,,0.0,0,,RPOOMLKKKHKGFEE47CB,微笑高鐵,A棟8號,
左營區,房地(土地+建物)+車位,高雄市左營區華夏路1773巷,11.76,住,,,1140118,土地1建物1車位1,七層,10,華廈(10層含以下有電梯),住家用,鋼筋混凝土造,,86.89,2,1,1,有,無,10860000,128010,升降機械,13.38,1450000,,RPQOMLKKKHKGFEE67CB,微笑高鐵,A棟7號,
左營區,房地(土地+建物)+車位,高雄市左營區華夏路1773巷,14.76,住,,,1140119,土地1建物1車位1,八層,10,華廈(10層含以下有電梯),住家用,鋼筋混凝土造,,105.74,3,2,2,有,無,13060000,123538,升降機械,13.38,1650000,,RPROMLKKKHKGFEE77CB,微笑高鐵,A棟6號,
左營區,房地(土地+建物)+車位,高雄市左營區華夏路1773巷,14.76,住,,,1140119,土地1建物1車位1,七層,10,華廈(10層含以下有電梯),住家用,鋼筋混凝土造,,105.74,3,2,2,有,無,12970000,122564,升降機械,13.38,1650000,,RPTOMLKKKHKGFEE97CB,微笑高鐵,A棟6號,
左營區,房地(土地+建物)+車位,高雄市左營區華夏路1773巷,15.33,住,,,1140119,土地1建物1車位1,三層,10,華廈(10層含以下有電梯),住家用,鋼筋混凝土造,,111.64,3,2,2,有,無,13010000,120104,坡道機械,15.39,1450000,,RPUOMLKKKHKGFEE08CB,微笑高鐵,A棟3號,
左營區,房地(土地+建物)+車位,高雄市左營區華夏路1773巷,14.76,住,,,1140119,土地1建物1車位1,二層,10,華廈(10層含以下有電梯),住家用,鋼筋混凝土造,,105.74,3,2,2,有,無,12270000,117150,升降機械,13.38,1450000,,RPVOMLKKKHKGFEE18CB,微笑高鐵,A棟6號,
左營區,房地(土地+建物)+車位,高雄市左營區華夏路1773巷,12.98,住,,,1140118,土地1建物1車位1,九層,10,華廈(10層含以下有電梯),住家用,鋼筋混凝土造,,95.04,3,2,2,有,無,11880000,125276,升降機械,13.38,1650000,,RPWOMLKKKHKGFEE28CB,微笑高鐵,A棟5號,
左營區,房地(土地+建物),高雄市左營區華夏路1773巷,11.28,住,,,1140119,土地1建物1車位0,三層,10,華廈(10層含以下有電梯),住家用,鋼筋混凝土造,,70.78,2,1,1,有,無,9060000,128002,,0.0,0,,RPPPMLKKKHKGFEE67CB,微笑高鐵,A棟8號,
左營區,房地(土地+建物)+車位,高雄市左營區華夏路1773巷,11.76,住,,,1140119,土地1建物1車位1,六層,10,華廈(10層含以下有電梯),住家用,鋼筋混凝土造,,86.89,2,1,1,有,無,11010000,130050,升降機械,13.38,1450000,,RPQPMLKKKHKGFEE77CB,微笑高鐵,A棟7號,
橋頭區,房地(土地+建物)+車位,高雄市橋頭區南溝路中溝巷、南溝路義成巷,87.11,住,,,1140118,土地1建物1車位1,全,5,透天厝,住家用,鋼筋混凝土造,,304.99,5,2,6,有,無,34700000,113774,一樓平面,0.0,0,,RPRNMLKKKHKGFFE77CB,?揚橋科堡,A棟8號,
仁武區,房地(土地+建物)+車位,高雄市仁武區九湖二街、後港巷,17.36,住,,,1140120,土地1建物1車位1,三層,14,住宅大樓(11層含以上有電梯),見其他登記事項,鋼筋混凝土造,,103.82,2,2,2,有,無,10400000,114819,坡道平面,25.0,1350000,親友、員工、共有人或其他特殊關係間之交易；,RPSNMLKKKHKGFIE18CB,艾美柏,A棟11號,
前鎮區,房地(土地+建物)+車位,高雄市前鎮區凱旋四路與瑞田街,10.12,住,,,1140120,土地1建物1車位1,九層,24,住宅大樓(11層含以上有電梯),住家用,鋼筋混凝土造,,131.42,2,1,2,有,無,17040000,124412,坡道平面,14.55,2500000,,RPPNMLLKKHKGFCE37CB,AI慕光城,B棟07號,
前鎮區,房地(土地+建物)+車位,高雄市前鎮區凱旋四路與瑞田街,5.99,住,,,1140120,土地1建物1車位1,八層,24,住宅大樓(11層含以上有電梯),住家用,鋼筋混凝土造,,84.78,1,1,2,有,無,12230000,137121,坡道平面,14.55,2600000,,RPQNMLLKKHKGFCE47CB,AI慕光城,B棟08號,
前鎮區,房地(土地+建物)+車位,高雄市前鎮區凱旋四路與瑞田街,11.05,住,,,1140120,土地1建物1車位1,九層,24,住宅大樓(11層含以上有電梯),住家用,鋼筋混凝土造,,140.21,2,1,2,有,無,17740000,121280,坡道平面,14.55,2500000,,RPRNMLLKKHKGFCE57CB,AI慕光城,B棟10號,
左營區,房地(土地+建物)+車位,高雄市左營區左營大路、?後街42巷,7.31,商,,,1140114,土地1建物1車位1,十一層,15,住宅大樓(11層含以上有電梯),住家用,鋼筋混凝土造,,90.59,0,1,2,有,無,10300000,116407,升降平面,8.55,750000,買方可參考銷售圖面規劃臥室隔間親友、員工、共有人或其他特殊關係間之交易；,RPQNMLMKKHKGFEE77CB,大道淳,A棟6號,
左營區,房地(土地+建物)+車位,高雄市左營區左營大路、?後街42巷,9.93,商,,,1140117,土地1建物1車位1,十三層,15,住宅大樓(11層含以上有電梯),住家用,鋼筋混凝土造,,131.19,1,2,2,有,無,15120000,116950,坡道平面,19.86,2100000,買方可參考銷售圖面規劃臥室隔間親友、員工、共有人或其他特殊關係間之交易；,RPSNMLMKKHKGFEE97CB,大道淳,A棟3號,
楠梓區,房地(土地+建物)+車位,高雄市楠梓區大學二十六街,8.79,商,,,1140119,土地1建物1車位1,五層,15,住宅大樓(11層含以上有電梯),住家用,鋼筋混凝土造,,99.33,2,2,2,有,無,11200000,120220,坡道機械,11.99,700000,,RPPNMLNKKHKGFEE77CB,鳳凰萃,B棟B5-05號,
楠梓區,房地(土地+建物)+車位,高雄市楠梓區大學二十六街,8.79,商,,,1140119,土地1建物1車位1,六層,15,住宅大樓(11層含以上有電梯),住家用,鋼筋混凝土造,,99.33,2,2,2,有,無,11280000,121136,坡道機械,11.99,700000,,RPXNMLNKKHKGFEE58CB,鳳凰萃,B棟B5-06號,
前鎮區,房地(土地+建物)+車位,高雄市前鎮區凱旋四路與瑞田街,10.46,住,,,1140120,土地1建物1車位1,六層,24,住宅大樓(11層含以上有電梯),住家用,鋼筋混凝土造,,134.46,2,1,2,有,無,17090000,121675,坡道平面,14.55,2500000,,RPPNMLRKKHKGFCE97CB,AI慕光城,B棟01號,
