﻿編號,土地位置,土地移轉面積平方公尺,使用分區或編定,權利人持分分母,權利人持分分子,移轉情形,地號
The serial number, land position,land shifting area square meter,the use zoning or compiles and checks,,,,land parcel
RPQNMLNKJHKGFGE08CC,文山段,19.98,都市：住,,,,08970000
RPRNMLNKJHKGFGE18CC,新甲段,6.00,都市：住,,,,13230125
RPRNMLNKJHKGFGE18CC,新甲段,16.55,都市：住,,,,13230127
RPUOMLNKJHKGFDE28CC,獅頭段,6.13,都市：住,,,,26000000
RPPNMLOKJHKGFIE28CC,澄合段,13.42,都市：住,,,,03060000
RPRNMLPKJHKGFFE28CC,梓信段,85.23,都市：住,,,,03540000
RPRNMLPKJHKGFFE28CC,梓信段,18.19,都市：住,,,,03550000
RPQNMLQKJHKGFCE97CC,獅甲段,4.21,都市：商,,,,03310000
RPTNMLQKJHKGFIE88CC,美德段,73.50,都市：住,,,,08470008
RPWNMLQKJHKGFIE56CC,大昌段,8.27,都市：住,,,,00320000
RPPNMLQKJHKGFFE18CC,後壁田段,14.13,都市：住,,,,00960000
RPSNMLQKJHKGFLE09CC,赤崁段潮州寮三小段,3030.00,都市：工,,,,66990049
RPPNMLQKJHKGFLE78CC,山子頂段,18.99,都市：其他:市場用地,,,,32070002
RPQNMLRKJHKGFLE98CC,中庄北段,97.91,都市：住,,,,02410000
RPXNMLRKJHKGFEE98CC,援中段一小段,16.40,都市：住,,,,03430000
RPQNMLKLJHKGFEE67CC,楠梓段三小段,11.45,都市：商,,,,05440000
RPTNMLKLJHKGFFE08CC,安西段,219.94,都市：工,,,,07470000
RPRNMLKLJHKGFGE97CC,鳳翔段,19.51,都市：住,,,,01540000
RPQNMLLLJHKGFAE37CC,青海段,.00,都市：住,,,,06640000
RPOOMLKLJHKGFEE57CC,福山段,10.03,都市：住,,,,05160000
RPTNMLKLJHKGFIE38CC,大安段,130.00,都市：住,,,,04630000
RPRPMLLLJHKGFEE08CC,福山段,94.11,都市：住,,,,00380007
RPPPMLMLJHKGFBE67CC,林德官段一小段,497.00,都市：住,,,,22920000
RPWNMLMLJHKGFGE68CC,鳳甲段,22.99,都市：住,,,,00680000
RPRPMLMLJHKGFEE18CC,高昌段,18.26,都市：住,,,,06300005
RPRPMLMLJHKGFEE18CC,高昌段,42.71,都市：住,,,,06300019
RPUNMLNLJHKGFEE38CC,福山段,10.71,都市：商,,,,02960000
RPROMLNLJHKGFEE18CC,惠民段,11.62,都市：住,,,,00230000
RPTNMLNLJHKGFFE38CC,為隨段,256.00,非都市：特定農業區 ; 非都市編定：丁種建築用地,,,,01360014
RPTNMLPLJHKGFCE28CC,港和段二小段,19.55,都市：住,,,,08560000
RPPNMLLJKHKGFIE97CC,澄清段,34.13,都市：住,,,,01030017
RPVNMLOLJHKGFJE09CC,北嶺段,41.94,非都市：一般農業區 ; 非都市編定：水利用地,,,,02980001
RPVNMLOLJHKGFJE09CC,北嶺段,61.72,非都市：一般農業區 ; 非都市編定：水利用地,,,,03020001
RPVNMLOLJHKGFJE09CC,北嶺段,71.26,非都市：一般農業區 ; 非都市編定：水利用地,,,,03090001
RPVNMLOLJHKGFJE09CC,北嶺段,80.23,非都市：一般農業區 ; 非都市編定：水利用地,,,,03150000
RPVNMLOLJHKGFJE09CC,北嶺段,14.32,非都市：一般農業區 ; 非都市編定：水利用地,,,,11940000
RPVNMLOLJHKGFJE09CC,北嶺段,524.50,非都市：一般農業區 ; 非都市編定：丁種建築用地,,,,03140000
RPSNMLOJKHKGFAE77CC,龍華段四小段,9.55,都市：住,,,,06180000
RPXNMLOJKHKGFCE48CC,山明段,69.00,都市：住,,,,03920000
RPPNMLOJKHKGFFE97CC,文化段,72.00,都市：住,,,,11570000
RPPNMLOJKHKGFFE97CC,文化段,73.00,都市：住,,,,11560000
RPTNMLQJKHKGFCE28CC,愛群段,.97,都市：商,,,,06480000
RPTNMLQJKHKGFCE28CC,愛群段,.52,都市：商,,,,06480001
RPVOMLQJKHKGFEE78CC,清豐段,19.80,都市：住,,,,02360000
RPRNMLRJKHKGFDE28CC,灣愛段,807.96,都市：住,,,,02550000
RPQNMLRJKHKGFGE48CC,新甲段,19.25,都市：住,,,,10420000
RPPNMLTJKHKGFCE18CC,獅甲段三小段,432.47,都市：住,,,,06410000
RPPNMLTJKHKGFCE18CC,獅甲段三小段,213.91,都市：住,,,,06440000
RPQNMLTJKHKGFDE38CC,獅頭段,15.17,都市：商,,,,26400000
RPRNMLTJKHKGFDE48CC,獅頭段,15.17,都市：商,,,,26400000
RPPNMLLKKHKGFDE57CC,三塊厝段,156.00,都市：商,,,,10940002
RPPNMLLKKHKGFDE57CC,三塊厝段,96.00,都市：商,,,,10940003
RPUNMLLKKHKGFAE77CC,前金段,4.17,都市：商,,,,00930004
RPWNMLRKKHKGFGE56CC,赤山段,47.00,都市：住,,,,06460081
RPWNMLRKKHKGFGE56CC,赤山段,4.00,都市：住,,,,06460082
RPVNMLRKKHKGFGE09CC,赤山段,47.00,都市：住,,,,06460081
RPVNMLRKKHKGFGE09CC,赤山段,4.00,都市：住,,,,06460082
