﻿鄉鎮市區,交易標的,土地位置建物門牌,土地移轉總面積平方公尺,都市土地使用分區,非都市土地使用分區,非都市土地使用編定,交易年月日,交易筆棟數,移轉層次,總樓層數,建物型態,主要用途,主要建材,建築完成年月,建物移轉總面積平方公尺,建物現況格局-房,建物現況格局-廳,建物現況格局-衛,建物現況格局-隔間,有無管理組織,總價元,單價元平方公尺,車位類別,車位移轉總面積平方公尺,車位總價元,備註,編號,建案名稱,棟及號,解約情形
The villages and towns urban district,transaction sign,land sector position building sector house number plate,land shifting total area square meter,the use zoning or compiles and checks,the non-metropolis land use district,non-metropolis land use,transaction year month and day,transaction pen number,shifting level,total floor number,building state,main use,main building materials,construction to complete the years,building shifting total area,Building present situation pattern - room,building present situation pattern - hall,building present situation pattern - health,building present situation pattern - compartmented,Whether there is manages the organization,total price NTD,the unit price (NTD / square meter),the berth category,berth shifting total area square meter,the berth total price NTD,the note,serial number,build case,buildings,termination type
左營區,房地(土地+建物)+車位,高雄市左營區大中二路,8.47,住,,,1140121,土地1建物1車位1,六層,15,住宅大樓(11層含以上有電梯),住家用,鋼筋混凝土造,,89.02,2,1,1,有,無,9600000,109811,坡道機械,12.98,1250000,,RPSNMLLLJHKGFEE87CB,高鐵SONG,A6棟0號,
左營區,房地(土地+建物)+車位,高雄市左營區大中二路,12.02,住,,,1140122,土地1建物1車位1,九層,15,住宅大樓(11層含以上有電梯),住家用,鋼筋混凝土造,,146.28,3,2,2,有,無,14500000,113952,坡道平面,38.34,2200000,,RPTNMLNLJHKGFEE18CB,高鐵SONG,A5棟0號,
仁武區,房地(土地+建物)+車位,高雄市仁武區京富路,12.27,住,,,1140122,土地2建物1車位1,四層,15,住宅大樓(11層含以上有電梯),住家用,鋼筋混凝土造,,93.18,1,1,2,有,無,7600000,83659,坡道平面,21.46,1600000,,RPPNMLNLJHKGFIE18CB,龍騰鑫世紀,A9棟4號,
三民區,房地(土地+建物)+車位,高雄市三民區澄清路,11.32,住,,,1140122,土地1建物1車位1,十二層,15,住宅大樓(11層含以上有電梯),住家用,鋼筋混凝土造,,99.54,2,1,1,有,無,13100000,139119,坡道機械,15.08,1350000,,RPPNMLOLJHKGFDE77CB,綠廳院,E2棟0號,
鳳山區,房地(土地+建物)+車位,高雄市鳳山區鳳育路與鳳甲二街,9.85,住,,,1140122,土地1建物1車位1,三層,15,住宅大樓(11層含以上有電梯),見其他登記事項,鋼筋混凝土造,,83.16,2,1,1,有,無,10450000,122385,坡道平面,15.75,2200000,,RPRNMLOLJHKGFGE28CB,?揚新樂章,A5棟3號,
鳥松區,房地(土地+建物),高雄市鳥松區大昌路與本館路30之6號附近,139.0,住,,,1140122,土地1建物1車位0,全,5,透天厝,住家用,鋼筋混凝土造,,398.84,5,2,7,有,無,60500000,151690,,0.0,0,,RPRNMLOLJHKGFIE48CB,優秀賞56期,A棟5號,
鹽埕區,房地(土地+建物),高雄市鹽埕區五福四路及大成街交叉路口,2.81,商,,,1140125,土地34建物1車位0,十六層,37,住宅大樓(11層含以上有電梯),住家用,見其它登記事項,,66.59,2,1,1,有,無,8950000,134405,,0.0,0,,RPQNMLPLJHKGFAE67CB,港灣1號院,B棟16號,
三民區,房地(土地+建物)+車位,高雄市三民區覺民路,0.0,,,,1140124,土地0建物1車位1,十層,15,住宅大樓(11層含以上有電梯),住家用,鋼筋混凝土造,,151.14,3,2,2,有,無,12250000,86207,坡道平面,27.6,1600000,總價含地上權標的價款426萬元地上權房屋；,RPPNMLQLJHKGFDE97CB,KS1,E6棟0號,
左營區,房地(土地+建物)+車位,高雄市左營區埤仔頭路,16.99,住,,,1140124,土地5建物1車位1,九層,15,住宅大樓(11層含以上有電梯),見其它登記事項,鋼筋混凝土造,,138.45,3,2,2,有,無,16780000,126432,坡道平面,22.34,2100000,,RPPNMLQLJHKGFEE08CB,寶格莉,A棟9號,
岡山區,房地(土地+建物)+車位,高雄市岡山區富貴南街39巷和富貴西街口,26.62,住,,,1140124,土地1建物1車位1,三層,11,住宅大樓(11層含以上有電梯),見其它登記事項,鋼筋混凝土造,,88.18,2,2,2,有,無,9960000,112951,一樓平面,0.0,1050000,車位屬無登記面積,RPPNMLRLJHKGFFE28CB,皇家晶典25期-富貴集,A棟3號,
苓雅區,房地(土地+建物)+車位,高雄市苓雅區建國一路,20.26,商,,,1140124,土地1建物1車位1,九層,27,住宅大樓(11層含以上有電梯),住家用,鋼筋混凝土造,,210.38,3,2,2,有,無,27830000,136858,坡道平面,22.01,2050000,,RPPNMLNJKHKGFBE37CB,知道明,A3棟9號,
苓雅區,房地(土地+建物)+車位,高雄市苓雅區建國一路,20.91,商,,,1140122,土地1建物1車位1,三層,27,住宅大樓(11層含以上有電梯),住家用,鋼筋混凝土造,,220.79,3,2,2,有,無,27880000,129440,坡道平面,22.01,2150000,,RPQNMLNJKHKGFBE47CB,知道明,A2棟3號,
左營區,房地(土地+建物)+車位,高雄市左營區大中二路,14.58,住,,,1140124,土地1建物1車位1,七層,15,住宅大樓(11層含以上有電梯),住家用,鋼筋混凝土造,,167.44,3,2,2,有,無,17800000,119202,坡道平面,36.57,2200000,,RPPNMLNJKHKGFEE67CB,高鐵SONG,A1棟0號,
岡山區,房地(土地+建物)+車位,高雄市岡山區介壽路,22.14,住,,,1140127,土地1建物1車位1,七層,23,住宅大樓(11層含以上有電梯),住家用,鋼筋混凝土造,,168.83,2,2,2,有,無,20500000,124975,坡道平面,21.6,2100000,,RPPNMLNJKHKGFFE77CB,鑫龍騰鑫首席,A5棟7號,
鼓山區,房地(土地+建物),高雄市鼓山區明倫路vs昌盛路,4.61,商,,,1140122,土地1建物1車位0,十五層,20,住宅大樓(11層含以上有電梯),住家用,鋼筋混凝土造,,68.52,2,1,2,有,無,13310000,194250,,0.0,0,,RPPNMLOJKHKGFAE37CB,郡都巨蛋,A6棟15號,
鼓山區,房地(土地+建物),高雄市鼓山區明倫路vs昌盛路,9.19,商,,,1140125,土地1建物1車位0,壹層+二層,20,店面(店鋪),商業用,鋼筋混凝土造,,136.6,0,0,2,有,無,42000000,307467,,0.0,0,一、二樓開放空間自行隔間,RPQNMLOJKHKGFAE47CB,郡都巨蛋,S棟5號,
鼓山區,房地(土地+建物),高雄市鼓山區明倫路vs昌盛路,4.05,商,,,1140126,土地1建物1車位0,三層,20,住宅大樓(11層含以上有電梯),住家用,鋼筋混凝土造,,60.19,2,1,1,有,無,11850000,196877,,0.0,0,,RPRNMLOJKHKGFAE57CB,郡都巨蛋,A8棟3號,
鼓山區,房地(土地+建物),高雄市鼓山區明倫路vs昌盛路,5.01,商,,,1140126,土地1建物1車位0,二十層,20,住宅大樓(11層含以上有電梯),住家用,鋼筋混凝土造,,74.44,2,1,2,有,無,14950000,200833,,0.0,0,,RPSNMLOJKHKGFAE67CB,郡都巨蛋,A6棟20號,
小港區,房地(土地+建物)+車位,高雄市小港區坪鳳段686地號,19.18,住,,,1140124,土地1建物1車位1,四層,5,華廈(10層含以下有電梯),住家用,鋼筋混凝土造,,79.22,2,2,1,有,無,6380000,81325,一樓平面,14.91,1150000,,RPPNMLOJKHKGFCE57CB,興璽智慧宅2,A3棟0號,
小港區,房地(土地+建物),高雄市小港區坪鳳段686地號,19.18,住,,,1140124,土地1建物1車位0,五層,5,華廈(10層含以下有電梯),住家用,鋼筋混凝土造,,64.31,2,2,1,有,無,5350000,83191,,0.0,0,,RPQNMLOJKHKGFCE67CB,興璽智慧宅2,A3棟0號,
三民區,房地(土地+建物)+車位,高雄市三民區建國三路與同盟三路交叉口,5.78,商,,,1140131,土地2建物1車位1,十四層,27,住宅大樓(11層含以上有電梯),住家用,鋼筋混凝土造,,94.48,2,1,1,有,無,13140000,164564,坡道平面,27.09,2050000,,RPQNMLOJKHKGFDE77CB,立信 立.天下,D7棟14號,
梓官區,房地(土地+建物)+車位,高雄市梓官區通安路及通安路181巷及通安路209巷,25.42,,鄉村區,乙種建築用地,1140122,土地4建物1車位1,二層,7,華廈(10層含以下有電梯),見其他登記事項,鋼筋混凝土造,,92.42,2,2,2,有,無,7830000,81129,其他,7.0,900000,,RPQNMLOJKHKGFFE97CB,城海戀,B9棟0號,
鳳山區,房地(土地+建物),高雄市鳳山區紅毛港路與鳳和二街,24.93,住,,,1140124,土地2建物1車位0,四層,7,華廈(10層含以下有電梯),住家用,鋼筋混凝土造,,91.83,2,1,1,有,無,9370000,102036,,0.0,0,,RPPNMLOJKHKGFGE97CB,唯森,A5棟0號,
小港區,房地(土地+建物)+車位,高雄市小港區宏平路439號旁,9.57,商,,,1140121,土地1建物1車位1,十四層,18,住宅大樓(11層含以上有電梯),住家用,鋼筋混凝土造,,151.91,3,2,2,有,無,13800000,94061,坡道平面,23.27,1700000,,RPUNMLPJKHKGFCE18CB,和築親親,B棟2號,
小港區,房地(土地+建物)+車位,高雄市小港區高松路和松直街交叉路口,18.65,商,,,1140121,土地2建物1車位1,九層,12,住宅大樓(11層含以上有電梯),住家用,鋼筋混凝土造,,181.02,3,2,2,有,無,14850000,85386,坡道平面,23.5,1400000,,RPVNMLPJKHKGFCE28CB,Power City,F棟F1-9號,
三民區,房地(土地+建物)+車位,高雄市三民區九如三路,17.81,住,,,1140124,土地1建物1車位1,三層,15,住宅大樓(11層含以上有電梯),住家用,鋼筋混凝土造,,159.05,3,2,2,有,無,23160000,156781,坡道平面,24.85,2120000,,RPPNMLPJKHKGFDE77CB,遠雄沐蘊,A07棟F03號,
三民區,房地(土地+建物)+車位,高雄市三民區九如一路B07棟F12樓,12.15,商,,,1140131,土地2建物1車位1,十二層,27,住宅大樓(11層含以上有電梯),住家用,鋼筋混凝土造,,163.2,3,2,2,有,無,21700000,136549,坡道平面,20.76,2250000,,RPQNMLPJKHKGFDE87CB,遠雄峰蘊,B棟07號,
橋頭區,房地(土地+建物)+車位,高雄市橋頭區橋新三路,15.58,商,,,1140123,土地1建物1車位1,三層,24,住宅大樓(11層含以上有電梯),住家用,鋼筋混凝土造,,134.03,3,2,2,有,無,15660000,126444,坡道平面,23.23,1650000,此戶為露臺戶，坪數約8.19坪。,RPRNMLPJKHKGFFE18CB,達麗世界學,B棟B6-03F號,
橋頭區,房地(土地+建物)+車位,高雄市橋頭區橋新三路,16.06,商,,,1140123,土地1建物1車位1,四層,24,住宅大樓(11層含以上有電梯),住家用,鋼筋混凝土造,,134.87,3,2,2,有,無,14550000,115900,坡道平面,21.41,1400000,,RPSNMLPJKHKGFFE28CB,達麗世界學,B棟B8-04F號,
橋頭區,房地(土地+建物)+車位,高雄市橋頭區橋新三路,20.71,商,,,1140127,土地1建物1車位1,十九層,24,住宅大樓(11層含以上有電梯),住家用,鋼筋混凝土造,,170.77,3,2,2,有,無,19980000,124237,坡道平面,23.23,1650000,,RPWNMLPJKHKGFFE68CB,達麗世界學,B棟B3-19F號,
橋頭區,房地(土地+建物)+車位,高雄市橋頭區橋新三路,17.91,商,,,1140127,土地1建物1車位1,十一層,24,住宅大樓(11層含以上有電梯),住家用,鋼筋混凝土造,,150.5,3,2,2,有,無,17370000,122731,坡道平面,23.23,1750000,,RPXNMLPJKHKGFFE78CB,達麗世界學,B棟B6-11F號,
橋頭區,房地(土地+建物)+車位,高雄市橋頭區橋新三路,17.01,商,,,1140126,土地1建物1車位1,四層,24,住宅大樓(11層含以上有電梯),住家用,鋼筋混凝土造,,144.05,3,2,2,有,無,16050000,120013,坡道平面,23.23,1550000,,RPOOMLPJKHKGFFE97CB,達麗世界學,B棟B1-04F號,
鳥松區,房地(土地+建物)+車位,高雄市鳥松區昌華街,14.51,住,,,1140124,土地8建物1車位1,五層,14,住宅大樓(11層含以上有電梯),住家用,鋼筋混凝土造,,96.6,0,2,2,有,無,10450000,111068,坡道平面,19.62,1900000,,RPPNMLPJKHKGFIE38DB,圓山匯星,A7棟05號,
仁武區,房地(土地+建物)+車位,高雄市仁武區京吉二路、京吉三路、京吉五路,19.22,商,,,1140121,土地1建物1車位1,七層,15,住宅大樓(11層含以上有電梯),住家用,鋼筋混凝土造,,150.42,3,2,2,有,無,14920000,97370,坡道平面,17.73,2000000,,RPPNMLQJKHKGFIE38CB,三發首席大院,H1棟7號,
燕巢區,房地(土地+建物)+車位,高雄市燕巢區安北段815地號,39.22,住,,,1140124,土地1建物1車位1,三層,5,華廈(10層含以下有電梯),住家用,鋼筋混凝土造,,124.01,2,1,2,有,無,11200000,94768,一樓平面,20.6,1400000,,RPQNMLRJKHKGFFE28CB,橋科臻鑽,A5棟3號,
苓雅區,房地(土地+建物)+車位,高雄市苓雅區三多二路廣東二街,10.42,商,,,1140124,土地2建物1車位1,十四層,15,住宅大樓(11層含以上有電梯),住家用,鋼筋混凝土造,,171.43,3,1,2,有,無,21700000,131650,坡道平面,22.55,2100000,,RPPNMLSJKHKGFBE87CB,新文化城安,E棟0號,
前鎮區,房地(土地+建物),高雄市前鎮區凱旋四路與瑞田街,6.66,住,,,1140123,土地1建物1車位0,三層,24,住宅大樓(11層含以上有電梯),住家用,鋼筋混凝土造,,77.94,0,0,1,有,無,9460000,121375,,0.0,0,,RPROMLSJKHKGFCE28CB,AI慕光城,B棟12號,
前鎮區,房地(土地+建物),高雄市前鎮區凱旋四路與瑞田街,6.66,住,,,1140123,土地1建物1車位0,四層,24,住宅大樓(11層含以上有電梯),住家用,鋼筋混凝土造,,77.94,0,0,1,有,無,9460000,121375,,0.0,0,,RPSOMLSJKHKGFCE38CB,AI慕光城,B棟12號,
前鎮區,房地(土地+建物),高雄市前鎮區凱旋四路與瑞田街,6.66,住,,,1140123,土地1建物1車位0,三層,24,住宅大樓(11層含以上有電梯),住家用,鋼筋混凝土造,,77.94,0,0,1,有,無,9460000,121375,,0.0,0,,RPTOMLSJKHKGFCE48CB,AI慕光城,B棟13號,
前鎮區,房地(土地+建物),高雄市前鎮區凱旋四路與瑞田街,6.66,住,,,1140123,土地1建物1車位0,四層,24,住宅大樓(11層含以上有電梯),住家用,鋼筋混凝土造,,77.94,0,0,1,有,無,9460000,121375,,0.0,0,,RPUOMLSJKHKGFCE58CB,AI慕光城,B棟13號,
前鎮區,房地(土地+建物)+車位,高雄市前鎮區凱旋四路與瑞田街,5.99,住,,,1140123,土地1建物1車位1,三層,24,住宅大樓(11層含以上有電梯),住家用,鋼筋混凝土造,,84.78,1,1,2,有,無,11520000,131283,坡道平面,14.55,2300000,,RPVOMLSJKHKGFCE68CB,AI慕光城,D棟08號,
楠梓區,房地(土地+建物)+車位,高雄市楠梓區後勁段一小段298-3地號,15.74,住,,,1140123,土地1建物1車位1,十四層,26,住宅大樓(11層含以上有電梯),住家用,鋼筋混凝土造,,160.29,1,2,2,有,無,19660000,124085,坡道平面,19.58,2200000,,RPUNMLSJKHKGFEE68CB,白隅,A棟1號,
楠梓區,房地(土地+建物)+車位,高雄市楠梓區後勁段一小段298-3地號,15.28,住,,,1140129,土地1建物1車位1,七層,26,住宅大樓(11層含以上有電梯),住家用,鋼筋混凝土造,,154.69,1,2,2,有,無,18830000,124565,坡道平面,19.58,2000000,,RPVNMLSJKHKGFEE78CB,白隅,A棟2號,
楠梓區,房地(土地+建物)+車位,高雄市楠梓區後勁段一小段298-3地號,15.28,住,,,1140124,土地1建物1車位1,八層,26,住宅大樓(11層含以上有電梯),住家用,鋼筋混凝土造,,154.69,1,2,2,有,無,19130000,124195,坡道平面,19.58,2350000,,RPWNMLSJKHKGFEE88CB,白隅,A棟2號,
楠梓區,房地(土地+建物)+車位,高雄市楠梓區後勁段一小段298-3地號,15.28,住,,,1140129,土地1建物1車位1,九層,26,住宅大樓(11層含以上有電梯),住家用,鋼筋混凝土造,,154.69,1,2,2,有,無,19180000,125675,坡道平面,19.58,2200000,,RPXNMLSJKHKGFEE98CB,白隅,A棟2號,
楠梓區,房地(土地+建物)+車位,高雄市楠梓區後勁段一小段298-3地號,11.63,住,,,1140124,土地1建物1車位1,三層,26,住宅大樓(11層含以上有電梯),住家用,鋼筋混凝土造,,123.27,2,2,2,有,無,14770000,123638,坡道平面,19.58,1950000,,RPPOMLSJKHKGFEE28CB,白隅,A棟3號,
楠梓區,房地(土地+建物)+車位,高雄市楠梓區後勁段一小段298-3地號,11.63,住,,,1140127,土地1建物1車位1,四層,26,住宅大樓(11層含以上有電梯),住家用,鋼筋混凝土造,,123.27,2,2,2,有,無,14820000,125084,坡道平面,19.58,1850000,,RPQOMLSJKHKGFEE38CB,白隅,A棟3號,
楠梓區,房地(土地+建物)+車位,高雄市楠梓區後勁段一小段298-3地號,11.63,住,,,1140131,土地1建物1車位1,十層,26,住宅大樓(11層含以上有電梯),住家用,鋼筋混凝土造,,123.27,2,2,2,有,無,15710000,132221,坡道平面,19.58,2000000,,RPROMLSJKHKGFEE48CB,白隅,A棟3號,
楠梓區,房地(土地+建物)+車位,高雄市楠梓區後勁段一小段298-3地號,11.63,住,,,1140130,土地1建物1車位1,三層,26,住宅大樓(11層含以上有電梯),住家用,鋼筋混凝土造,,123.74,2,2,2,有,無,15200000,126728,坡道平面,19.58,2000000,,RPSOMLSJKHKGFEE58CB,白隅,A棟5號,
楠梓區,房地(土地+建物)+車位,高雄市楠梓區後勁段一小段298-3地號,11.63,住,,,1140131,土地1建物1車位1,四層,26,住宅大樓(11層含以上有電梯),住家用,鋼筋混凝土造,,123.74,2,2,2,有,無,15550000,129128,坡道平面,19.58,2100000,,RPTOMLSJKHKGFEE68CB,白隅,A棟5號,
楠梓區,房地(土地+建物)+車位,高雄市楠梓區後勁段一小段298-3地號,13.69,住,,,1140126,土地1建物1車位1,十一層,26,住宅大樓(11層含以上有電梯),住家用,鋼筋混凝土造,,141.61,2,2,2,有,無,17840000,129804,坡道平面,19.58,2000000,,RPUOMLSJKHKGFEE78CB,白隅,A棟6號,
湖內區,房地(土地+建物),高雄市湖內區正義一路5號前方,32.72,,一般農業區,甲種建築用地,1140122,土地1建物1車位0,二層,10,華廈(10層含以下有電梯),住家用,鋼筋混凝土造,,121.24,3,2,2,有,無,8120000,66975,,0.0,0,,RPPNMLSJKHKGFJE68CB,城安大未來,B12棟0號,
前金區,房地(土地+建物)+車位,高雄市前金區五福三路,8.49,商,,,1140122,土地3建物1車位1,八層,29,住宅大樓(11層含以上有電梯),住家用,鋼筋混凝土造,,169.94,2,2,2,有,無,21880000,148296,坡道平面,37.57,2250000,雨遮面積得依法登記，不予計價,RPQNMLTJKHKGFAE97CB,星峰匯,A2棟8號,
鼓山區,房地(土地+建物)+車位,高雄市鼓山區美術東四路,9.62,住,,,1140124,土地1建物1車位1,四層,24,住宅大樓(11層含以上有電梯),住家用,鋼筋混凝土造,,109.49,2,1,2,有,無,17110000,171170,坡道平面,23.26,2350000,,RPPNMLKKKHKGFAE07CB,美術1808,A2棟X號,
前鎮區,房地(土地+建物)+車位,高雄市前鎮區凱旋四路與瑞田街,5.99,住,,,1140123,土地1建物1車位1,三層,24,住宅大樓(11層含以上有電梯),住家用,鋼筋混凝土造,,84.78,1,1,2,有,無,11520000,131283,坡道平面,14.55,2300000,,RPPNMLKKKHKGFCE27CB,AI慕光城,D棟09號,
前鎮區,房地(土地+建物)+車位,高雄市前鎮區凱旋四路與瑞田街,7.68,住,,,1140124,土地1建物1車位1,六層,24,住宅大樓(11層含以上有電梯),住家用,鋼筋混凝土造,,107.39,1,1,2,有,無,13810000,129244,坡道平面,17.56,2200000,,RPQNMLKKKHKGFCE37CB,AI慕光城,A棟03號,
前鎮區,房地(土地+建物)+車位,高雄市前鎮區凱旋四路與瑞田街,5.99,住,,,1140124,土地1建物1車位1,三層,24,住宅大樓(11層含以上有電梯),住家用,鋼筋混凝土造,,84.78,1,1,2,有,無,11310000,128293,坡道平面,14.55,2300000,,RPRNMLKKKHKGFCE47CB,AI慕光城,A棟08號,
前鎮區,房地(土地+建物)+車位,高雄市前鎮區凱旋四路與瑞田街,5.99,住,,,1140124,土地1建物1車位1,三層,24,住宅大樓(11層含以上有電梯),住家用,鋼筋混凝土造,,84.78,1,1,2,有,無,11310000,128293,坡道平面,14.55,2300000,,RPSNMLKKKHKGFCE57CB,AI慕光城,A棟09號,
前鎮區,房地(土地+建物)+車位,高雄市前鎮區凱旋四路與瑞田街,5.99,住,,,1140124,土地1建物1車位1,二層,24,住宅大樓(11層含以上有電梯),住家用,鋼筋混凝土造,,84.78,1,1,2,有,無,11520000,131283,坡道平面,14.55,2300000,,RPTNMLKKKHKGFCE67CB,AI慕光城,D棟09號,
楠梓區,房地(土地+建物)+車位,高雄市楠梓區學專路,14.52,住,,,1140124,土地1建物1車位1,六層,15,住宅大樓(11層含以上有電梯),住家用,鋼筋混凝土造,,119.15,2,2,2,有,無,13000000,120822,坡道機械,19.83,1000000,,RPPNMLKKKHKGFEE47CB,尊邑新界,A棟2號,
左營區,房地(土地+建物)+車位,高雄市左營區華夏路至真路,10.14,住,,,1140122,土地1建物1車位1,六層,27,住宅大樓(11層含以上有電梯),住家用,鋼筋混凝土造,,159.14,2,2,2,有,無,20350000,135792,坡道平面,25.48,2200000,,RPRNMLKKKHKGFEE67CB,浤圃巨星,A2棟0號,
左營區,房地(土地+建物)+車位,高雄市左營區華夏路1773巷,14.76,住,,,1140123,土地1建物1車位1,三層,10,華廈(10層含以下有電梯),住家用,鋼筋混凝土造,,107.75,3,2,2,有,無,12520000,119857,坡道機械,15.39,1450000,,RPTNMLKKKHKGFEE87CB,微笑高鐵,A棟6號,
左營區,房地(土地+建物)+車位,高雄市左營區華夏路1773巷,11.76,住,,,1140123,土地1建物1車位1,九層,10,華廈(10層含以下有電梯),住家用,鋼筋混凝土造,,86.89,2,1,1,有,無,11320000,134267,升降機械,13.38,1450000,,RPVNMLKKKHKGFEE08CB,微笑高鐵,A棟7號,
左營區,房地(土地+建物)+車位,高雄市左營區華夏路1773巷,14.76,住,,,1140124,土地1建物1車位1,五層,10,華廈(10層含以下有電梯),住家用,鋼筋混凝土造,,107.75,3,2,2,有,無,12600000,120723,坡道機械,15.39,1450000,,RPPOMLKKKHKGFEE57CB,微笑高鐵,A棟6號,
左營區,房地(土地+建物)+車位,高雄市左營區華夏路1773巷,11.28,住,,,1140125,土地1建物1車位1,七層,10,華廈(10層含以下有電梯),住家用,鋼筋混凝土造,,84.16,2,1,1,有,無,10810000,132241,升降機械,13.38,1450000,,RPSOMLKKKHKGFEE87CB,微笑高鐵,A棟8號,
左營區,房地(土地+建物)+車位,高雄市左營區華夏路1773巷,15.25,住,,,1140124,土地1建物1車位1,六層,10,華廈(10層含以下有電梯),住家用,鋼筋混凝土造,,108.84,3,2,2,有,無,13280000,121831,升降機械,13.38,1650000,,RPXOMLKKKHKGFEE38CB,微笑高鐵,A棟5號,
左營區,房地(土地+建物)+車位,高雄市左營區華夏路1773巷,14.76,住,,,1140124,土地1建物1車位1,六層,10,華廈(10層含以下有電梯),住家用,鋼筋混凝土造,,105.74,3,2,2,有,無,12890000,121698,升降機械,13.38,1650000,,RPOPMLKKKHKGFEE57CB,微笑高鐵,A棟6號,
仁武區,房地(土地+建物)+車位,高雄市仁武區九湖二街、後港巷,31.7,住,,,1140122,土地1建物1車位2,一層,14,住宅大樓(11層含以上有電梯),見其他登記事項,鋼筋混凝土造,,176.44,0,0,0,無,無,23400000,155014,坡道平面,50.0,3800000,,RPPNMLKKKHKGFIE87CB,艾美柏,S棟1號,
仁武區,房地(土地+建物)+車位,高雄市仁武區九湖二街、後港巷,22.82,住,,,1140126,土地1建物1車位1,五層,14,住宅大樓(11層含以上有電梯),見其它登記事項,鋼筋混凝土造,,128.64,3,2,2,有,無,13230000,109803,坡道平面,25.0,1850000,,RPTNMLKKKHKGFIE28CB,艾美柏,A棟6號,
仁武區,房地(土地+建物)+車位,高雄市仁武區九湖二街、後港巷,29.32,住,,,1140122,土地1建物1車位1,九層,14,住宅大樓(11層含以上有電梯),見其他登記事項,鋼筋混凝土造,,158.29,2,2,2,有,無,17350000,116288,坡道平面,25.0,1850000,,RPUNMLKKKHKGFIE38CB,艾美柏,A棟1號,
仁武區,房地(土地+建物)+車位,高雄市仁武區九湖二街、後港巷,29.02,住,,,1140125,土地1建物1車位1,三層,14,住宅大樓(11層含以上有電梯),見其它登記事項,鋼筋混凝土造,,156.89,2,2,2,有,無,15570000,104405,坡道平面,25.0,1800000,,RPVNMLKKKHKGFIE48CB,艾美柏,A棟3號,
鳥松區,房地(土地+建物)+車位,高雄市鳥松區球場路山腳路口,20.02,住,,,1140122,土地2建物1車位1,十六層,20,住宅大樓(11層含以上有電梯),住家用,鋼筋混凝土造,,111.5,0,1,1,有,無,12500000,117755,坡道平面,24.2,2220000,,RPWNMLKKKHKGFIE58CB,寶象住圓山,A7棟16號,
小港區,房地(土地+建物)+車位,高雄市小港區漢威街及港後路口,16.18,住,,,1140123,土地1建物1車位1,七層,15,住宅大樓(11層含以上有電梯),住家用,鋼筋混凝土造,,117.84,2,2,2,有,無,10380000,95836,坡道平面,27.79,1750000,,RPSNMLLKKHKGFCE67CB,曜．安庭,A棟5號,
前鎮區,房地(土地+建物)+車位,高雄市前鎮區康和路,17.8,住,,,1140121,土地1建物1車位1,八層,14,住宅大樓(11層含以上有電梯),住家用,鋼筋混凝土造,,155.19,3,2,2,有,無,17820000,115578,坡道平面,19.61,2150000,,RPUNMLLKKHKGFCE87CB,英倫亞灣Ⅱ,A棟3號,
前鎮區,房地(土地+建物),高雄市前鎮區凱旋四路與瑞田街,5.99,住,,,1140123,土地1建物1車位0,二層,24,住宅大樓(11層含以上有電梯),住家用,鋼筋混凝土造,,70.3,1,1,2,有,無,9270000,131863,,0.0,0,,RPVNMLLKKHKGFCE97CB,AI慕光城,B棟18號,
前鎮區,房地(土地+建物),高雄市前鎮區凱旋四路與瑞田街,5.99,住,,,1140124,土地1建物1車位0,四層,24,住宅大樓(11層含以上有電梯),住家用,鋼筋混凝土造,,70.23,1,1,2,有,無,9010000,128293,,0.0,0,,RPWNMLLKKHKGFCE08CB,AI慕光城,A棟08號,
前鎮區,房地(土地+建物)+車位,高雄市前鎮區凱旋四路與瑞田街,7.0,住,,,1140124,土地1建物1車位1,三層,24,住宅大樓(11層含以上有電梯),住家用,鋼筋混凝土造,,96.22,1,1,2,有,無,12460000,124403,坡道平面,14.55,2300000,,RPXNMLLKKHKGFCE18CB,AI慕光城,A棟18號,
三民區,房地(土地+建物)+車位,高雄市三民區大豐二路,5.09,商,,,1140125,土地1建物1車位1,二十二層,29,住宅大樓(11層含以上有電梯),住家用,鋼筋混凝土造,,89.07,2,1,1,有,無,9620000,120657,坡道機械,19.7,1250000,,RPPNMLLKKHKGFDE47CB,登豐29,B3棟22號,
左營區,房地(土地+建物)+車位,高雄市左營區大中二路,14.58,住,,,1140125,土地1建物1車位1,十層,15,住宅大樓(11層含以上有電梯),住家用,鋼筋混凝土造,,169.21,3,2,2,有,無,18360000,122717,坡道平面,38.34,2300000,,RPQNMLLKKHKGFEE67CB,高鐵SONG,A1棟0號,
楠梓區,建物,高雄市楠梓區加宏路156巷,0.0,,,,1140123,土地0建物1車位0,全,4,透天厝,住家用,鋼筋混凝土造,,275.9,4,3,6,有,無,32800000,118884,,0.0,0,地上權房屋；,RPRNMLLKKHKGFEE77CB,?揚森之星,A棟12號,
苓雅區,房地(土地+建物),高雄市苓雅區三多四路66號旁,6.9,商,,,1140122,土地1建物1車位0,十四層,28,住宅大樓(11層含以上有電梯),住家用,鋼筋混凝土造,,100.98,2,2,2,有,無,12850000,127253,,0.0,0,,RPPNMLMKKHKGFBE37CB,星玥灣,B棟7號,
前鎮區,房地(土地+建物)+車位,高雄市前鎮區凱旋四路與瑞田街,7.68,住,,,1140124,土地1建物1車位1,二層,24,住宅大樓(11層含以上有電梯),住家用,鋼筋混凝土造,,104.38,1,1,2,有,無,13200000,121340,坡道平面,14.55,2300000,,RPPNMLMKKHKGFCE47CB,AI慕光城,B棟05號,
前鎮區,房地(土地+建物)+車位,高雄市前鎮區凱旋四路與瑞田街,5.99,住,,,1140124,土地1建物1車位1,二層,24,住宅大樓(11層含以上有電梯),住家用,鋼筋混凝土造,,84.78,1,1,2,有,無,11520000,131283,坡道平面,14.55,2300000,,RPQNMLMKKHKGFCE57CB,AI慕光城,D棟08號,
前鎮區,房地(土地+建物)+車位,高雄市前鎮區凱旋四路與瑞田街,5.99,住,,,1140124,土地1建物1車位1,三層,24,住宅大樓(11層含以上有電梯),住家用,鋼筋混凝土造,,84.84,1,1,2,有,無,11530000,131313,坡道平面,14.55,2300000,,RPRNMLMKKHKGFCE67CB,AI慕光城,D棟17號,
前鎮區,房地(土地+建物)+車位,高雄市前鎮區凱旋四路與瑞田街,5.99,住,,,1140124,土地1建物1車位1,三層,24,住宅大樓(11層含以上有電梯),住家用,鋼筋混凝土造,,84.85,1,1,2,有,無,11540000,131437,坡道平面,14.55,2300000,,RPSNMLMKKHKGFCE77CB,AI慕光城,D棟18號,
前鎮區,房地(土地+建物)+車位,高雄市前鎮區凱旋四路與瑞田街,7.68,住,,,1140125,土地1建物1車位1,三層,24,住宅大樓(11層含以上有電梯),住家用,鋼筋混凝土造,,104.38,1,1,2,有,無,13200000,121340,坡道平面,14.55,2300000,,RPTNMLMKKHKGFCE87CB,AI慕光城,B棟03號,
前鎮區,房地(土地+建物)+車位,高雄市前鎮區凱旋四路與瑞田街,11.05,住,,,1140126,土地1建物1車位1,八層,24,住宅大樓(11層含以上有電梯),住家用,鋼筋混凝土造,,140.21,2,1,2,有,無,17740000,121280,坡道平面,14.55,2500000,,RPUNMLMKKHKGFCE97CB,AI慕光城,B棟10號,
前鎮區,房地(土地+建物)+車位,高雄市前鎮區凱旋四路與瑞田街,5.74,住,,,1140127,土地1建物1車位1,三層,24,住宅大樓(11層含以上有電梯),住家用,鋼筋混凝土造,,81.26,1,1,1,有,無,10990000,128341,坡道平面,13.55,2300000,,RPVNMLMKKHKGFCE08CB,AI慕光城,B棟06號,
前鎮區,房地(土地+建物)+車位,高雄市前鎮區凱旋四路與瑞田街,6.75,住,,,1140127,土地1建物1車位1,四層,24,住宅大樓(11層含以上有電梯),住家用,鋼筋混凝土造,,93.36,0,0,1,有,無,11860000,121304,坡道平面,14.55,2300000,,RPWNMLMKKHKGFCE18CB,AI慕光城,B棟11號,
前鎮區,房地(土地+建物)+車位,高雄市前鎮區凱旋四路與瑞田街,10.54,住,,,1140127,土地1建物1車位1,三層,24,住宅大樓(11層含以上有電梯),住家用,鋼筋混凝土造,,135.96,2,1,2,有,無,17230000,121324,坡道平面,14.55,2500000,,RPXNMLMKKHKGFCE28CB,AI慕光城,B棟16號,
左營區,房地(土地+建物)+車位,高雄市左營區左營大路、?後街42巷,12.6,商,,,1140122,土地1建物1車位1,十二層,15,住宅大樓(11層含以上有電梯),住家用,鋼筋混凝土造,,161.21,1,2,2,有,無,19000000,117439,坡道平面,19.86,2400000,買方可參考銷售圖面規劃臥室隔間親友、員工、共有人或其他特殊關係間之交易；,RPRNMLMKKHKGFEE87CB,大道淳,A棟1號,
楠梓區,房地(土地+建物),高雄市楠梓區大學二十六街,8.18,商,,,1140126,土地1建物1車位0,四層,15,住宅大樓(11層含以上有電梯),住家用,鋼筋混凝土造,,81.3,2,2,2,有,無,9760000,120049,,0.0,0,,RPQNMLNKKHKGFEE87CB,鳳凰萃,B棟B2-04號,
楠梓區,房地(土地+建物),高雄市楠梓區大學二十六街,8.79,商,,,1140123,土地1建物1車位0,十五層,15,住宅大樓(11層含以上有電梯),住家用,鋼筋混凝土造,,87.34,2,2,2,有,無,11000000,125945,,0.0,0,,RPRNMLNKKHKGFEE97CB,鳳凰萃,B棟B5-15號,
楠梓區,房地(土地+建物)+車位,高雄市楠梓區大學二十六街,13.3,商,,,1140127,土地1建物1車位1,六層,15,住宅大樓(11層含以上有電梯),住家用,鋼筋混凝土造,,158.83,3,2,2,有,無,17100000,115251,坡道平面,26.51,1850000,,RPSNMLNKKHKGFEE08CB,鳳凰萃,A棟A6-06號,
楠梓區,房地(土地+建物)+車位,高雄市楠梓區大學二十六街,11.18,商,,,1140123,土地1建物1車位1,一層,15,住宅大樓(11層含以上有電梯),住家用,鋼筋混凝土造,,143.26,2,2,2,有,無,15300000,122335,坡道平面,32.09,1700000,此戶有約定專用部分,RPTNMLNKKHKGFEE18CB,鳳凰萃,B棟B6-01號,
楠梓區,房地(土地+建物)+車位,高雄市楠梓區大學二十六街,8.79,商,,,1140122,土地1建物1車位1,六層,15,住宅大樓(11層含以上有電梯),住家用,鋼筋混凝土造,,99.33,2,2,2,有,無,11280000,121136,坡道機械,11.99,700000,,RPUNMLNKKHKGFEE28CB,鳳凰萃,B棟B3-06號,
楠梓區,房地(土地+建物),高雄市楠梓區大學二十六街,8.18,商,,,1140128,土地1建物1車位0,三層,15,住宅大樓(11層含以上有電梯),住家用,鋼筋混凝土造,,81.3,2,2,2,有,無,9680000,119065,,0.0,0,,RPVNMLNKKHKGFEE38CB,鳳凰萃,B棟B2-03號,
楠梓區,房地(土地+建物)+車位,高雄市楠梓區大學二十六街,14.09,商,,,1140127,土地1建物1車位1,六層,15,住宅大樓(11層含以上有電梯),住家用,鋼筋混凝土造,,166.58,3,2,2,有,無,17920000,114728,坡道平面,26.51,1850000,,RPWNMLNKKHKGFEE48CB,鳳凰萃,A棟A1-06號,
前鎮區,房地(土地+建物)+車位,高雄市前鎮區凱旋四路與瑞田街,6.75,住,,,1140127,土地1建物1車位1,三層,24,住宅大樓(11層含以上有電梯),住家用,鋼筋混凝土造,,93.36,0,0,1,有,無,11960000,121304,坡道平面,14.55,2400000,,RPPNMLOKKHKGFCE67CB,AI慕光城,B棟11號,
鳥松區,房地(土地+建物)+車位,高雄市鳥松區球場路與圓山路口,36.04,住,,,1140126,土地1建物1車位1,四層,5,華廈(10層含以下有電梯),住家用,鋼筋混凝土造,,115.6,3,2,2,有,無,13580000,113367,坡道平面,16.1,2300000,,RPPNMLQKKHKGFIE48CB,圓山．向晴,B3-04號,
鳥松區,房地(土地+建物)+車位,高雄市鳥松區球場路與圓山路口,35.69,住,,,1140122,土地1建物1車位1,五層,5,華廈(10層含以下有電梯),住家用,鋼筋混凝土造,,114.32,3,2,2,有,無,13550000,114867,坡道平面,15.51,2200000,,RPQNMLQKKHKGFIE58CB,圓山．向晴,B3-05號,
鳥松區,房地(土地+建物)+車位,高雄市鳥松區球場路與圓山路口,29.77,住,,,1140125,土地1建物1車位1,四層,5,華廈(10層含以下有電梯),住家用,鋼筋混凝土造,,98.01,2,2,2,有,無,11710000,115273,坡道平面,15.51,2200000,,RPRNMLQKKHKGFIE68CB,圓山．向晴,B7-04號,
前鎮區,房地(土地+建物)+車位,高雄市前鎮區凱旋四路與瑞田街,12.06,住,,,1140124,土地1建物1車位1,二十三層,24,住宅大樓(11層含以上有電梯),住家用,鋼筋混凝土造,,151.73,2,1,2,有,無,23060000,146231,坡道平面,14.55,3000000,,RPQNMLRKKHKGFCE08CB,AI慕光城,A棟01號,
前鎮區,房地(土地+建物)+車位,高雄市前鎮區凱旋四路與瑞田街,5.74,住,,,1140124,土地1建物1車位1,二十三層,24,住宅大樓(11層含以上有電梯),住家用,鋼筋混凝土造,,81.26,1,1,1,有,無,13620000,162753,坡道平面,13.55,2600000,,RPRNMLRKKHKGFCE18CB,AI慕光城,A棟02號,
前鎮區,房地(土地+建物)+車位,高雄市前鎮區凱旋四路與瑞田街,11.05,住,,,1140124,土地1建物1車位1,二十三層,24,住宅大樓(11層含以上有電梯),住家用,鋼筋混凝土造,,140.21,2,1,2,有,無,20370000,138628,坡道平面,14.55,2950000,,RPSNMLRKKHKGFCE28CB,AI慕光城,A棟10號,
前鎮區,房地(土地+建物)+車位,高雄市前鎮區凱旋四路與瑞田街,6.75,住,,,1140124,土地1建物1車位1,二十三層,24,住宅大樓(11層含以上有電梯),住家用,鋼筋混凝土造,,92.36,0,0,1,有,無,14820000,153788,坡道平面,13.55,2700000,,RPTNMLRKKHKGFCE38CB,AI慕光城,A棟11號,
前鎮區,房地(土地+建物)+車位,高雄市前鎮區凱旋四路與瑞田街,6.66,住,,,1140124,土地1建物1車位1,二十三層,24,住宅大樓(11層含以上有電梯),住家用,鋼筋混凝土造,,91.49,0,0,1,有,無,14690000,153836,坡道平面,13.55,2700000,,RPUNMLRKKHKGFCE48CB,AI慕光城,A棟12號,
前鎮區,房地(土地+建物)+車位,高雄市前鎮區凱旋四路與瑞田街,6.66,住,,,1140124,土地1建物1車位1,二十三層,24,住宅大樓(11層含以上有電梯),住家用,鋼筋混凝土造,,91.49,0,0,1,有,無,14590000,153836,坡道平面,13.55,2600000,,RPVNMLRKKHKGFCE58CB,AI慕光城,A棟13號,
前鎮區,房地(土地+建物)+車位,高雄市前鎮區凱旋四路與瑞田街,6.75,住,,,1140124,土地1建物1車位1,二十三層,24,住宅大樓(11層含以上有電梯),住家用,鋼筋混凝土造,,93.46,0,0,1,有,無,15030000,153719,坡道平面,14.55,2900000,,RPWNMLRKKHKGFCE68CB,AI慕光城,A棟15號,
前鎮區,房地(土地+建物)+車位,高雄市前鎮區凱旋四路與瑞田街,11.39,住,,,1140124,土地1建物1車位1,二十三層,24,住宅大樓(11層含以上有電梯),住家用,鋼筋混凝土造,,144.16,2,1,2,有,無,21700000,144665,坡道平面,14.55,2950000,,RPXNMLRKKHKGFCE78CB,AI慕光城,A棟16號,
前鎮區,房地(土地+建物)+車位,高雄市前鎮區凱旋四路與瑞田街,7.0,住,,,1140124,土地1建物1車位1,二十三層,24,住宅大樓(11層含以上有電梯),住家用,鋼筋混凝土造,,96.22,1,1,2,有,無,15460000,153790,坡道平面,14.55,2900000,,RPOOMLRKKHKGFCE97CB,AI慕光城,A棟17號,
前鎮區,房地(土地+建物)+車位,高雄市前鎮區凱旋四路與瑞田街,7.0,住,,,1140124,土地1建物1車位1,二十三層,24,住宅大樓(11層含以上有電梯),住家用,鋼筋混凝土造,,96.22,1,1,2,有,無,15460000,153790,坡道平面,14.55,2900000,,RPPOMLRKKHKGFCE08CB,AI慕光城,A棟18號,
鳳山區,房地(土地+建物)+車位,高雄市鳳山區林森路,21.39,住,,,1140121,土地1建物1車位1,七層,10,華廈(10層含以下有電梯),住家用,鋼筋混凝土造,,94.38,0,0,0,無,無,11120000,113306,升降機械,10.36,1600000,,RPSNMLRKKHKGFGE68CB,尚雍文心2,A3棟07號,
路竹區,房地(土地+建物)+車位,高雄市路竹區民有路32-3號後面,25.79,,鄉村區,乙種建築用地,1140124,土地1建物1車位1,七層,11,其他,住家用,鋼筋混凝土造,,100.64,3,2,2,有,無,8700000,82854,一樓平面,13.74,1500000,,RPPNMLLLKHKGFJE18CB,高路捷,A2棟7號,
路竹區,房地(土地+建物)+車位,高雄市路竹區民有路32-3號後面,25.79,,鄉村區,乙種建築用地,1140124,土地1建物1車位1,八層,11,其他,住家用,鋼筋混凝土造,,99.55,3,2,2,有,無,8580000,83774,一樓平面,12.65,1300000,,RPQNMLLLKHKGFJE28CB,高路捷,A2棟8號,
路竹區,房地(土地+建物)+車位,高雄市路竹區民有路32-3號後面,26.81,,鄉村區,乙種建築用地,1140123,土地1建物1車位1,十層,11,其他,住家用,鋼筋混凝土造,,102.98,3,2,2,有,無,8780000,82807,一樓平面,12.65,1300000,,RPRNMLLLKHKGFJE38CB,高路捷,A1棟10號,
