﻿鄉鎮市區,交易標的,土地位置建物門牌,土地移轉總面積平方公尺,都市土地使用分區,非都市土地使用分區,非都市土地使用編定,交易年月日,交易筆棟數,移轉層次,總樓層數,建物型態,主要用途,主要建材,建築完成年月,建物移轉總面積平方公尺,建物現況格局-房,建物現況格局-廳,建物現況格局-衛,建物現況格局-隔間,有無管理組織,總價元,單價元平方公尺,車位類別,車位移轉總面積平方公尺,車位總價元,備註,編號,建案名稱,棟及號,解約情形
The villages and towns urban district,transaction sign,land sector position building sector house number plate,land shifting total area square meter,the use zoning or compiles and checks,the non-metropolis land use district,non-metropolis land use,transaction year month and day,transaction pen number,shifting level,total floor number,building state,main use,main building materials,construction to complete the years,building shifting total area,Building present situation pattern - room,building present situation pattern - hall,building present situation pattern - health,building present situation pattern - compartmented,Whether there is manages the organization,total price NTD,the unit price (NTD / square meter),the berth category,berth shifting total area square meter,the berth total price NTD,the note,serial number,build case,buildings,termination type
三重區,房地(土地+建物)+車位,新北市三重區元信一街與元富二街,14.91,住,,,1140121,土地1建物1車位1,二層,11,住宅大樓(11層含以上有電梯),住家用,鋼筋混凝土造,,126.59,3,2,2,有,無,23800000,238148,坡道平面,36.94,2450000,此戶為露臺戶,RPQNMLLLJHKGFGF97CB,宏道仁?,A5棟2號,
三重區,房地(土地+建物)+車位,新北市三重區仁義街與元信一街,20.44,住,,,1140121,土地1建物1車位2,七層,20,住宅大樓(11層含以上有電梯),住家用,鋼筋混凝土造,,196.41,3,2,2,有,無,32990000,233643,坡道平面,77.04,5100000,,RPPOMLMLJHKGFGF08CB,華固織幸,A棟A6-7F號,
三重區,房地(土地+建物)+車位,新北市三重區仁義街與元信一街,20.44,住,,,1140121,土地1建物1車位1,八層,20,住宅大樓(11層含以上有電梯),住家用,鋼筋混凝土造,,157.89,3,2,2,有,無,31000000,234565,坡道平面,38.52,3000000,,RPTOMLMLJHKGFGF48CB,華固織幸,A棟A6-8F號,
三重區,房地(土地+建物)+車位,新北市三重區神農街,25.27,住,,,1140122,土地1建物1車位1,十六層,20,住宅大樓(11層含以上有電梯),住家用,鋼筋混凝土造,,167.47,3,2,2,有,無,24000000,175623,坡道平面,43.91,2300000,,RPQPMLMLJHKGFGF28CB,連美旺家,A棟16號,
永和區,房地(土地+建物)+車位,新北市永和區中正路388號旁,8.25,商,,,1140121,土地36建物1車位1,二十五層,28,住宅大樓(11層含以上有電梯),住家用,鋼骨鋼筋混凝土造,,123.38,2,2,2,有,無,28480000,290460,坡道平面,34.28,2600000,,RPVNMLMLJHKGFHF68CB,新碩永傳,A棟A2-25F號,
三重區,房地(土地+建物),新北市三重區仁安街,13.73,住,,,1140123,土地1建物1車位0,五層,12,住宅大樓(11層含以上有電梯),住家用,鋼筋混凝土造,,78.65,2,1,2,有,無,19400000,246662,,0.0,0,,RPTNMLNLJHKGFGF48CB,吉晟賦,A6戶棟5F號,
三重區,房地(土地+建物)+車位,新北市三重區三陽路100巷3弄及光陽街口,17.76,住,,,1140121,土地2建物1車位1,八層,14,住宅大樓(11層含以上有電梯),住家用,鋼筋混凝土造,,128.84,3,2,2,有,無,28930000,266319,坡道平面,31.1,2900000,,RPQNMLOLJHKGFGF28CB,環泥水澐,A3棟08號,
林口區,房地(土地+建物)+車位,新北市林口區民享路,31.03,住,,,1140125,土地1建物1車位1,四層,13,住宅大樓(11層含以上有電梯),住家用,鋼筋混凝土造,,139.4,3,2,2,有,無,24650000,187839,坡道平面,21.48,2500000,,RPPNMLPLJHKGFBF77CB,群和FUTURE LINK,B棟4號,
林口區,房地(土地+建物),新北市林口區民享路,16.38,住,,,1140121,土地1建物1車位0,三層,13,住宅大樓(11層含以上有電梯),住家用,鋼筋混凝土造,,62.23,1,1,1,有,無,11480000,184477,,0.0,0,,RPQNMLPLJHKGFBF87CB,群和FUTURE LINK,E棟3號,
淡水區,房地(土地+建物)+車位,新北市淡水區坪頂路88號,19.61,住,,,1140122,土地5建物1車位1,八層,10,華廈(10層含以下有電梯),住家用,鋼筋混凝土造,,130.54,3,2,2,有,無,15080000,126003,坡道平面,27.13,2050000,,RPPNMLMJKHKGFEF67CB,嘉潤∞家泰 氧森,A棟8號,
土城區,房地(土地+建物)+車位,新北市土城區明德路一段,12.58,住,,,1140123,土地5建物1車位1,四層,15,住宅大樓(11層含以上有電梯),住家用,鋼筋混凝土造,,110.85,3,2,1,有,無,19500000,203345,坡道平面,27.74,2600000,交易總價含下列非屬預售屋價格之費用:家電費,RPQNMLNJKHKGFAF47CB,紅布朗花園,B棟B9-04F號,
土城區,房地(土地+建物)+車位,新北市土城區明德路一段,14.75,住,,,1140125,土地5建物1車位1,十二層,15,住宅大樓(11層含以上有電梯),住家用,鋼筋混凝土造,,121.7,3,2,2,有,無,22380000,203468,坡道平面,24.24,2550000,交易總價含下列非屬預售屋價格之費用:家電費,RPRNMLNJKHKGFAF57CB,紅布朗花園,C棟C3-12F號,
林口區,房地(土地+建物)+車位,新北市林口區南勢六街與南勢四街交叉口,23.37,住,,,1140124,土地5建物1車位1,十一層,12,住宅大樓(11層含以上有電梯),住家用,鋼筋混凝土造,,114.53,2,1,1,有,無,18000000,179954,坡道平面,26.73,2200000,此戶另附半套衛浴,RPSNMLNJKHKGFBF77CB,竹城.日和,C3棟11號,
新店區,房地(土地+建物),新北市新店區寶橋路77號,16.38,住,,,1140126,土地45建物1車位0,十六層,42,住宅大樓(11層含以上有電梯),住家用,鋼骨混凝土造,,143.23,3,2,2,有,無,30080000,210012,,0.0,0,,RPPNMLNJKHKGFCF57CB,合環LANDMARK,A棟A9-16F號,
三重區,房地(土地+建物)+車位,新北市三重區重新路五段和光復路口,7.14,其他,,,1140126,土地3建物1車位1,十層,29,住宅大樓(11層含以上有電梯),住家用,鋼筋混凝土造,,110.95,3,2,2,有,無,22930000,219754,坡道平面,18.21,2550000,交易總價含下列非屬預售屋價格之費用:傢俱設備費；,RPQNMLNJKHKGFGF08CB,都廳大院2,D棟D01-10F號,
三重區,房地(土地+建物)+車位,新北市三重區重新路五段和光復路口,7.14,其他,,,1140128,土地3建物1車位1,二層,29,住宅大樓(11層含以上有電梯),住家用,鋼筋混凝土造,,110.95,3,2,2,有,無,23340000,224175,坡道平面,18.21,2550000,交易總價含下列非屬預售屋價格之費用:傢俱設備費；,RPRNMLNJKHKGFGF18CB,都廳大院2,C棟C01-02F號,
三重區,房地(土地+建物)+車位,新北市三重區重新路五段和光復路口,6.27,其他,,,1140127,土地3建物1車位1,三層,29,住宅大樓(11層含以上有電梯),住家用,鋼筋混凝土造,,99.27,3,2,1,有,無,20580000,222428,坡道平面,18.21,2550000,交易總價含下列非屬預售屋價格之費用:傢俱設備費；,RPSNMLNJKHKGFGF28CB,都廳大院2,B棟B10-03F號,
新莊區,房地(土地+建物)+車位,新北市新莊區榮華路一段,18.69,住,,,1140123,土地3建物1車位1,十四層,24,住宅大樓(11層含以上有電梯),住家用,鋼筋混凝土造,,163.66,3,2,2,有,無,30530000,225960,坡道平面,39.39,2450000,,RPPNMLNJKHKGFBF57DB,碧瑤敦灃,H棟14F號,
土城區,房地(土地+建物)+車位,新北市土城區中央路四段125巷與福田路交叉口,12.15,住,,,1140123,土地4建物1車位1,五層,17,住宅大樓(11層含以上有電梯),住家用,鋼筋混凝土造,,99.95,2,1,1,有,無,17140000,221665,坡道平面,32.1,2100000,,RPPNMLOJKHKGFAF47CB,新濠岳,C棟2號,
土城區,房地(土地+建物),新北市土城區中央路四段125巷與福田路交叉口,7.12,住,,,1140123,土地4建物1車位0,十二層,18,住宅大樓(11層含以上有電梯),住家用,鋼筋混凝土造,,39.73,0,0,0,無,無,9800000,246665,,0.0,0,,RPQNMLOJKHKGFAF57CB,新濠岳,A棟2號,
土城區,房地(土地+建物),新北市土城區中央路四段125巷與福田路交叉口,6.91,住,,,1140124,土地4建物1車位0,十一層,18,住宅大樓(11層含以上有電梯),住家用,鋼筋混凝土造,,38.59,1,1,1,有,無,9480000,245659,,0.0,0,,RPRNMLOJKHKGFAF67CB,新濠岳,A棟15號,
土城區,房地(土地+建物),新北市土城區中央路四段125巷與福田路交叉口,9.4,住,,,1140123,土地4建物1車位0,十八層,18,住宅大樓(11層含以上有電梯),住家用,鋼筋混凝土造,,52.51,0,0,0,無,無,12640000,240716,,0.0,0,,RPTNMLOJKHKGFAF87CB,新濠岳,A棟7號,
林口區,房地(土地+建物)+車位,新北市林口區文化三路一段617巷,17.32,住,,,1140125,土地5建物1車位1,七層,20,住宅大樓(11層含以上有電梯),住家用,鋼筋混凝土造,,140.85,3,2,2,有,無,27270000,211215,坡道平面,24.76,2750000,,RPUNMLOJKHKGFBF08CB,九揚華樂,B棟07F號,
林口區,房地(土地+建物)+車位,新北市林口區文化三路一段617巷,12.55,住,,,1140124,土地5建物1車位1,六層,20,住宅大樓(11層含以上有電梯),住家用,鋼筋混凝土造,,108.9,2,2,2,有,無,20800000,216306,坡道平面,24.76,2600000,,RPVNMLOJKHKGFBF18CB,九揚華樂,E棟06F號,
林口區,房地(土地+建物),新北市林口區文化三路一段617巷,11.14,住,,,1140124,土地5建物1車位0,三層,20,住宅大樓(11層含以上有電梯),住家用,鋼筋混凝土造,,74.73,2,2,1,有,無,16120000,215710,,0.0,0,,RPWNMLOJKHKGFBF28CB,九揚華樂,H棟03F號,
林口區,房地(土地+建物),新北市林口區文化三路一段617巷,11.15,住,,,1140124,土地5建物1車位0,三層,20,住宅大樓(11層含以上有電梯),住家用,鋼筋混凝土造,,74.87,2,2,1,有,無,16420000,219313,,0.0,0,,RPXNMLOJKHKGFBF38CB,九揚華樂,A棟03F號,
三重區,房地(土地+建物),新北市三重區捷運路36號,9.65,其他,,,1140121,土地1建物1車位0,二十四層,32,住宅大樓(11層含以上有電梯),住家用,見其他登記事項,,94.33,2,2,1,有,無,30520000,323545,,0.0,0,,RPRNMLOJKHKGFGF28CB,潤泰CITY PARK,B棟B6-24F號,
三重區,房地(土地+建物),新北市三重區捷運路36號,9.65,其他,,,1140122,土地1建物1車位0,十一層,32,住宅大樓(11層含以上有電梯),住家用,見其他登記事項,,94.33,2,2,1,有,無,28590000,303085,,0.0,0,,RPSNMLOJKHKGFGF38CB,潤泰CITY PARK,B棟B2-11F號,
泰山區,房地(土地+建物),新北市泰山區信華六街,16.84,住,,,1140125,土地1建物1車位0,五層,20,住宅大樓(11層含以上有電梯),住家用,鋼筋混凝土造,,91.83,2,2,2,有,無,18960000,206468,,0.0,0,,RPPNMLPJKHKGFBF67CB,義泰華,A棟A5-05F號,
新店區,房地(土地+建物)+車位,新北市新店區寶橋路235巷167號旁,13.14,其他,,,1140125,土地24建物1車位1,十二層,31,住宅大樓(11層含以上有電梯),住家用,見其他登記事項,,158.14,3,2,2,有,無,33580000,254772,坡道平面,35.56,2350000,雨遮計坪不計價,RPPNMLPJKHKGFCF77CB,國揚光河,B棟B7-12F號,
淡水區,房地(土地+建物)+車位,新北市淡水區沙崙路二段與新市二路二段交叉口,14.62,商,,,1140125,土地4建物1車位1,十三層,30,住宅大樓(11層含以上有電梯),住家用,鋼筋混凝土造,,139.49,3,2,2,有,無,14730000,113672,坡道平面,23.19,1510000,,RPQNMLPJKHKGFEF08CB,新海城,C19棟C19-13F號,
淡水區,房地(土地+建物)+車位,新北市淡水區沙崙路二段與新市二路二段交叉口,9.27,商,,,1140124,土地4建物1車位1,十二層,30,住宅大樓(11層含以上有電梯),住家用,鋼筋混凝土造,,97.03,2,2,1,有,無,10100000,116468,坡道平面,23.19,1500000,,RPRNMLPJKHKGFEF18CB,新海城,C02棟C02-12F號,
淡水區,房地(土地+建物)+車位,新北市淡水區沙崙路二段與新市二路二段交叉口,9.27,商,,,1140124,土地4建物1車位1,十一層,30,住宅大樓(11層含以上有電梯),住家用,鋼筋混凝土造,,97.03,2,2,1,有,無,10100000,116197,坡道平面,23.19,1520000,,RPSNMLPJKHKGFEF28CB,新海城,C02棟C02-11F號,
三重區,房地(土地+建物),新北市三重區重安街等,5.73,住,,,1140121,土地9建物1車位0,四層,13,住宅大樓(11層含以上有電梯),住家用,鋼筋混凝土造,,41.31,1,1,1,有,無,9630000,233115,,0.0,0,,RPPNMLPJKHKGFGF18CB,集緻美,A2棟04號,
三重區,房地(土地+建物)+車位,新北市三重區成功路120號,23.89,住,,,1140125,土地1建物1車位1,二十層,21,住宅大樓(11層含以上有電梯),住家用,鋼筋混凝土造,,200.29,3,2,2,有,無,45180000,266950,坡道平面,40.41,2500000,,RPQNMLPJKHKGFGF28CB,寶石睿岳,A棟A3-20F號,
中和區,房地(土地+建物)+車位,新北市中和區連城路與錦和路交叉路口,6.78,其他,,,1140121,土地13建物1車位1,八層,32,住宅大樓(11層含以上有電梯),住家用,見其他登記事項,,94.28,1,2,1,有,無,16860000,235699,坡道平面,31.87,2150000,,RPRNMLPJKHKGFHF48CB,大同新紀元,A棟A13-08F號,
中和區,房地(土地+建物)+車位,新北市中和區連城路與錦和路交叉路口,6.6,其他,,,1140123,土地13建物1車位1,十七層,32,住宅大樓(11層含以上有電梯),住家用,見其他登記事項,,91.95,1,2,1,有,無,16980000,246005,坡道平面,31.87,2200000,,RPUNMLPJKHKGFHF78CB,大同新紀元,B棟B11-17F號,
中和區,房地(土地+建物)+車位,新北市中和區連城路與錦和路交叉路口,6.78,其他,,,1140122,土地13建物1車位1,十六層,32,住宅大樓(11層含以上有電梯),住家用,見其他登記事項,,94.28,1,2,1,有,無,17060000,238103,坡道平面,31.87,2200000,,RPVNMLPJKHKGFHF88CB,大同新紀元,A棟A13-16F號,
中和區,房地(土地+建物)+車位,新北市中和區連城路與錦和路交叉路口,6.6,其他,,,1140123,土地13建物1車位1,二十二層,32,住宅大樓(11層含以上有電梯),住家用,見其他登記事項,,91.62,1,2,1,有,無,16830000,244854,坡道平面,31.87,2200000,,RPWNMLPJKHKGFHF98CB,大同新紀元,B棟B06-22F號,
中和區,房地(土地+建物)+車位,新北市中和區連城路與錦和路交叉路口,6.78,其他,,,1140123,土地13建物1車位1,十九層,32,住宅大樓(11層含以上有電梯),住家用,見其他登記事項,,94.28,1,2,1,有,無,17220000,239064,坡道平面,31.87,2300000,,RPXNMLPJKHKGFHF09CB,大同新紀元,A棟A13-19F號,
中和區,房地(土地+建物)+車位,新北市中和區連城路與錦和路交叉路口,11.47,其他,,,1140125,土地13建物1車位1,二十一層,32,住宅大樓(11層含以上有電梯),住家用,見其他登記事項,,134.95,3,2,2,有,無,26450000,232344,坡道平面,31.87,2500000,,RPQOMLPJKHKGFHF48CB,大同新紀元,B棟B08-21F號,
中和區,房地(土地+建物)+車位,新北市中和區連城路與錦和路交叉路口,6.6,其他,,,1140131,土地13建物1車位1,二十九層,32,住宅大樓(11層含以上有電梯),住家用,見其他登記事項,,91.62,1,2,1,有,無,17050000,248536,坡道平面,31.87,2200000,,RPROMLPJKHKGFHF58CB,大同新紀元,B棟B06-29F號,
中和區,房地(土地+建物)+車位,新北市中和區連城路與錦和路交叉路口,11.47,其他,,,1140125,土地13建物1車位1,七層,32,住宅大樓(11層含以上有電梯),住家用,見其他登記事項,,134.95,3,2,2,有,無,25920000,224777,坡道平面,31.87,2750000,,RPSOMLPJKHKGFHF68CB,大同新紀元,B棟B08-07F號,
中和區,房地(土地+建物)+車位,新北市中和區連城路與錦和路交叉路口,6.6,其他,,,1140125,土地13建物1車位1,二十層,32,住宅大樓(11層含以上有電梯),住家用,見其他登記事項,,91.62,1,2,1,有,無,16820000,243849,坡道平面,31.87,2250000,,RPTOMLPJKHKGFHF78CB,大同新紀元,B棟B06-20F號,
中和區,房地(土地+建物)+車位,新北市中和區連城路與錦和路交叉路口,6.6,其他,,,1140124,土地13建物1車位1,十七層,32,住宅大樓(11層含以上有電梯),住家用,見其他登記事項,,91.62,1,2,1,有,無,16810000,242845,坡道平面,31.87,2300000,,RPUOMLPJKHKGFHF88CB,大同新紀元,B棟B06-17F號,
中和區,房地(土地+建物)+車位,新北市中和區連城路與錦和路交叉路口,16.33,其他,,,1140124,土地13建物1車位1,十九層,30,住宅大樓(11層含以上有電梯),住家用,見其他登記事項,,178.51,3,2,2,有,無,36050000,227769,坡道平面,31.87,2650000,,RPVOMLPJKHKGFHF98CB,大同新紀元,D棟D01-19F號,
中和區,房地(土地+建物),新北市中和區連城路與錦和路交叉路口,11.47,其他,,,1140124,土地13建物1車位0,十三層,32,住宅大樓(11層含以上有電梯),住家用,見其他登記事項,,103.08,3,2,2,有,無,23670000,229627,,0.0,0,,RPWOMLPJKHKGFHF09CB,大同新紀元,B棟B08-13F號,
中和區,房地(土地+建物)+車位,新北市中和區連城路與錦和路交叉路口,11.81,其他,,,1140125,土地13建物1車位1,二十六層,32,住宅大樓(11層含以上有電梯),住家用,見其他登記事項,,140.4,2,2,2,有,無,27420000,231457,坡道平面,31.87,2300000,,RPXOMLPJKHKGFHF56CB,大同新紀元,A棟A10-26F號,
中和區,房地(土地+建物),新北市中和區連城路346-1號旁,7.18,住,,,1140124,土地40建物1車位0,三層,22,住宅大樓(11層含以上有電梯),見其他登記事項,鋼筋混凝土造,,65.4,2,2,1,有,無,15200000,232416,,0.0,0,,RPQPMLPJKHKGFHF58CB,和御,B棟B8-03F號,
中和區,房地(土地+建物),新北市中和區連城路346-1號旁,5.85,住,,,1140124,土地40建物1車位0,八層,22,住宅大樓(11層含以上有電梯),見其他登記事項,鋼筋混凝土造,,53.3,2,2,1,有,無,13010000,244090,,0.0,0,,RPRPMLPJKHKGFHF68CB,和御,A棟A6-08F號,
中和區,房地(土地+建物)+車位,新北市中和區連城路346-1號旁,14.16,住,,,1140125,土地40建物1車位2,十二層,22,住宅大樓(11層含以上有電梯),見其他登記事項,鋼筋混凝土造,,182.34,4,2,2,有,無,34920000,232858,坡道平面,53.42,4900000,,RPSPMLPJKHKGFHF78CB,和御,B棟B2-12F號,
中和區,房地(土地+建物)+車位,新北市中和區連城路346-1號旁,5.85,住,,,1140125,土地40建物1車位1,七層,22,住宅大樓(11層含以上有電梯),見其他登記事項,鋼筋混凝土造,,82.57,2,2,1,有,無,15090000,242777,坡道平面,29.27,2150000,,RPQQMLPJKHKGFHF68CB,和御,A棟A6-07F號,
中和區,房地(土地+建物)+車位,新北市中和區連城路346-1號旁,9.47,住,,,1140124,土地40建物1車位1,五層,22,住宅大樓(11層含以上有電梯),見其他登記事項,鋼筋混凝土造,,110.77,2,2,2,有,無,21870000,230510,坡道平面,24.57,2000000,,RPPRMLPJKHKGFHF68CB,和御,A棟A1-05F號,
中和區,房地(土地+建物),新北市中和區連城路346-1號旁,5.85,住,,,1140126,土地40建物1車位0,十層,22,住宅大樓(11層含以上有電梯),見其他登記事項,鋼筋混凝土造,,53.3,2,2,1,有,無,13260000,248780,,0.0,0,,RPQRMLPJKHKGFHF78CB,和御,A棟A6-10F號,
林口區,房地(土地+建物)+車位,新北市林口區文化三路一段617巷,17.44,住,,,1140126,土地5建物1車位1,1層+2層,20,店面(店鋪),商業用,鋼筋混凝土造,,125.19,0,0,0,無,無,30500000,281788,坡道平面,24.76,2200000,此戶為店面,RPQNMLQJKHKGFBF87CB,九揚華樂,S棟09號,
永和區,房地(土地+建物)+車位,新北市永和區環河東路一段152號旁,15.83,住,,,1140122,土地25建物1車位1,二十層,25,住宅大樓(11層含以上有電梯),住家用,鋼骨鋼筋混凝土造,,188.19,3,2,2,有,無,45100000,282644,坡道平面,39.77,3150000,交易總價含下列非屬預售屋價格之費用:傢俱設備費；,RPWNMLQJKHKGFHF09CB,M PLUS,F棟20號,
永和區,房地(土地+建物),新北市永和區環河東路一段152號旁,12.57,住,,,1140123,土地25建物1車位0,六層,25,住宅大樓(11層含以上有電梯),住家用,鋼骨鋼筋混凝土造,,117.73,3,2,2,有,無,29900000,253971,,0.0,0,交易總價含下列非屬預售屋價格之費用:傢俱設備費；,RPXNMLQJKHKGFHF56CB,M PLUS,D棟06號,
永和區,房地(土地+建物)+車位,新北市永和區環河東路一段152號旁,7.0,住,,,1140125,土地25建物1車位1,四層,25,住宅大樓(11層含以上有電梯),住家用,鋼骨鋼筋混凝土造,,85.55,2,2,1,有,無,19050000,253348,其他,19.83,2400000,交易總價含下列非屬預售屋價格之費用:傢俱設備費；,RPOOMLQJKHKGFHF38CB,M PLUS,C棟04號,
永和區,房地(土地+建物)+車位,新北市永和區環河東路一段152號旁,9.93,住,,,1140125,土地25建物1車位1,十四層,25,住宅大樓(11層含以上有電梯),住家用,鋼骨鋼筋混凝土造,,133.0,2,2,2,有,無,29800000,286925,坡道平面,39.77,3050000,交易總價含下列非屬預售屋價格之費用:傢俱設備費；,RPPOMLQJKHKGFHF48CB,M PLUS,D棟14號,
永和區,房地(土地+建物)+車位,新北市永和區環河東路一段152號旁,16.12,住,,,1140126,土地25建物1車位1,二十層,25,住宅大樓(11層含以上有電梯),住家用,鋼骨鋼筋混凝土造,,190.85,3,2,2,有,無,50150000,311093,坡道平面,39.77,3150000,交易總價含下列非屬預售屋價格之費用:傢俱設備費；,RPQOMLQJKHKGFHF58CB,M PLUS,A棟20號,
永和區,房地(土地+建物)+車位,新北市永和區環河東路一段152號旁,15.89,住,,,1140126,土地25建物1車位1,五層,25,住宅大樓(11層含以上有電梯),住家用,鋼骨鋼筋混凝土造,,168.95,3,2,2,有,無,39950000,248793,其他,19.83,2850000,交易總價含下列非屬預售屋價格之費用:傢俱設備費；,RPROMLQJKHKGFHF68CB,M PLUS,F棟5號,
永和區,房地(土地+建物)+車位,新北市永和區環河東路一段152號旁,15.89,住,,,1140126,土地25建物1車位1,八層,25,住宅大樓(11層含以上有電梯),住家用,鋼骨鋼筋混凝土造,,188.89,3,2,2,有,無,42000000,261199,坡道平面,39.77,3050000,交易總價含下列非屬預售屋價格之費用:傢俱設備費；,RPSOMLQJKHKGFHF78CB,M PLUS,F棟8號,
新莊區,房地(土地+建物)+車位,新北市新莊區中原路與中華路交叉口,8.22,住,,,1140126,土地1建物1車位1,六層,15,住宅大樓(11層含以上有電梯),見其他登記事項,鋼筋混凝土造,,86.11,2,2,1,有,無,17300000,215054,坡道平面,19.15,2900000,交易總價含下列非屬預售屋價格之費用:家電費,RPSNMLRJKHKGFBF18CB,文華苑,A棟A1-06F號,
泰山區,房地(土地+建物)+車位,新北市泰山區坡雅路,37.43,住,,,1140121,土地3建物0車位1,四層,15,住宅大樓(11層含以上有電梯),住商用,鋼筋混凝土造,,217.89,0,0,0,無,無,37470000,182527,坡道平面,25.48,2350000,,RPWNMLRJKHKGFBF58CB,勝輝凰邸,A2棟4號,
八里區,房地(土地+建物)+車位,新北市八里區訊塘二路,20.23,住,,,1140125,土地1建物1車位1,八層,15,住宅大樓(11層含以上有電梯),住家用,鋼筋混凝土造,,107.4,2,1,1,有,無,11960000,132616,坡道平面,33.05,2100000,,RPSNMLRJKHKGFEF48CB,春城新港灣,A3棟8F號,
八里區,房地(土地+建物)+車位,新北市八里區訊塘二路,29.24,住,,,1140124,土地1建物1車位1,七層,15,住宅大樓(11層含以上有電梯),住家用,鋼筋混凝土造,,139.97,3,2,2,有,無,16000000,129536,坡道平面,33.05,2150000,,RPTNMLRJKHKGFEF58CB,春城新港灣,C2棟7F號,
土城區,房地(土地+建物)+車位,新北市土城區青和街,17.61,住,,,1140124,土地1建物1車位1,三層,15,住宅大樓(11層含以上有電梯),住家用,鋼筋混凝土造,,124.65,2,2,2,有,無,18600000,172396,坡道平面,29.52,2200000,,RPPNMLSJKHKGFAF87CB,寶佳淳青,A棟3號,
中和區,房地(土地+建物)+車位,新北市中和區景新街57巷20號對面,12.67,商,,,1140121,土地14建物1車位1,四層,19,住宅大樓(11層含以上有電梯),見其他登記事項,見其他登記事項,,161.84,3,2,2,有,無,30450000,213387,坡道平面,31.56,2650000,,RPRNMLSJKHKGFHF78CB,君奕華品,A6-4F號,
中和區,房地(土地+建物)+車位,新北市中和區景新街57巷20號對面,9.83,商,,,1140121,土地14建物1車位1,十九層,19,住宅大樓(11層含以上有電梯),見其他登記事項,見其他登記事項,,132.78,3,2,2,有,無,26230000,232958,坡道平面,31.56,2650000,,RPSNMLSJKHKGFHF88CB,君奕華品,A7-19F號,
中和區,房地(土地+建物),新北市中和區景新街57巷20號對面,6.51,商,,,1140121,土地14建物1車位0,十四層,19,住宅大樓(11層含以上有電梯),見其他登記事項,見其他登記事項,,66.97,2,2,1,有,無,16920000,252650,,0.0,0,,RPXNMLSJKHKGFHF76CB,君奕華品,A11-14F號,
中和區,房地(土地+建物)+車位,新北市中和區景新街57巷20號對面,10.15,商,,,1140127,土地14建物1車位1,十二層,19,住宅大樓(11層含以上有電梯),見其他登記事項,見其他登記事項,,135.95,3,2,2,有,無,25980000,223489,坡道平面,31.56,2650000,,RPOOMLSJKHKGFHF58CB,君奕華品,A10-12F號,
中和區,房地(土地+建物)+車位,新北市中和區景新街57巷20號對面,8.42,商,,,1140121,土地14建物1車位1,十三層,19,住宅大樓(11層含以上有電梯),見其他登記事項,見其他登記事項,,118.21,2,2,2,有,無,23630000,242123,坡道平面,31.56,2650000,,RPPOMLSJKHKGFHF68CB,君奕華品,A5-13F號,
鶯歌區,房地(土地+建物)+車位,新北市鶯歌區中正一路,8.75,商,,,1140122,土地1建物1車位1,十一層,22,住宅大樓(11層含以上有電梯),住家用,鋼筋混凝土造,,99.54,2,2,1,有,無,7552500,79431,坡道平面,24.79,1615000,親友、員工、共有人或其他特殊關係間之交易；,RPQNMLSJKHKGFIF88DB,站前美學.,A9-11F號,
鶯歌區,房地(土地+建物)+車位,新北市鶯歌區中正一路,10.62,商,,,1140122,土地1建物1車位1,十三層,22,住宅大樓(11層含以上有電梯),住家用,鋼筋混凝土造,,115.37,3,2,1,有,無,8683000,81701,坡道平面,24.79,1282500,親友、員工、共有人或其他特殊關係間之交易；,RPRNMLSJKHKGFIF98DB,站前美學.,A7-13F號,
永和區,房地(土地+建物),新北市永和區永利路216巷與秀朗路二段91巷6弄口,9.87,住,,,1140122,土地12建物1車位0,七層,15,住宅大樓(11層含以上有電梯),住家用,鋼筋混凝土造,,75.24,2,2,1,有,無,18300000,243222,,0.0,0,,RPPNMLTJKHKGFHF68CB,敦南宴,A棟3號,
永和區,房地(土地+建物)+車位,新北市永和區永利路216巷與秀朗路二段91巷6弄口,15.87,住,,,1140125,土地12建物1車位1,十五層,15,住宅大樓(11層含以上有電梯),住家用,鋼筋混凝土造,,141.62,3,2,2,有,無,32760000,247644,坡道平面,20.64,2800000,,RPQNMLTJKHKGFHF78CB,敦南宴,B棟1號,
板橋區,房地(土地+建物),新北市板橋區華江二路，華江三路口,7.25,商,,,1140121,土地6建物1車位0,七層,24,辦公商業大樓,商業用,鋼筋混凝土造,,66.61,0,0,0,無,無,13950000,209428,,0.0,0,雨遮計坪不計價,RPRNMLKKKHKGFAF37CB,上上寀2,J棟7號,
中和區,房地(土地+建物)+車位,新北市中和區景新街57巷20號對面,6.86,商,,,1140121,土地14建物1車位1,十二層,19,住宅大樓(11層含以上有電梯),見其他登記事項,見其他登記事項,,96.44,2,2,1,有,無,19030000,245211,坡道機械,25.97,1750000,,RPRNMLKKKHKGFHF08CB,君奕華品,A11-12F號,
土城區,房地(土地+建物)+車位,新北市土城區福田路與金埔街路口,16.19,住,,,1140125,土地3建物1車位1,五層,14,住宅大樓(11層含以上有電梯),住家用,鋼筋混凝土造,,122.37,3,2,2,有,無,22430000,204055,坡道平面,21.76,1900000,,RPPNMLLKKHKGFAF27CB,朗沐,B棟6號,
土城區,房地(土地+建物)+車位,新北市土城區福田路與金埔街路口,19.4,住,,,1140124,土地3建物1車位1,四層,14,住宅大樓(11層含以上有電梯),住家用,鋼筋混凝土造,,142.36,3,2,2,有,無,23700000,179934,坡道平面,21.76,2000000,,RPQNMLLKKHKGFAF37CB,朗沐,A棟1號,
新莊區,房地(土地+建物)+車位,新北市新莊區中原路與中華路交叉口,10.11,住,,,1140125,土地1建物1車位1,十五層,15,住宅大樓(11層含以上有電梯),見其他登記事項,鋼筋混凝土造,,101.47,2,2,1,有,無,22250000,235058,坡道平面,19.15,2900000,交易總價含下列非屬預售屋價格之費用:家電費,RPPNMLLKKHKGFBF37CB,文華苑,B棟B1-15F號,
新莊區,房地(土地+建物)+車位,新北市新莊區瓊林路５５號旁,9.63,住,,,1140131,土地7建物1車位1,九層,14,住宅大樓(11層含以上有電梯),見其他登記事項,鋼筋混凝土造,,109.26,3,2,1,有,無,18250000,198560,坡道平面,28.68,2250000,交易總價含下列非屬預售屋價格之費用:家電費,RPRNMLMKKHKGFBF67CB,新月大河,A棟A2-9F號,
新店區,房地(土地+建物)+車位,新北市新店區啟文路與文記街口,39.72,住,,,1140121,土地1建物1車位2,八層,24,住宅大樓(11層含以上有電梯),住家用,見其他登記事項,,285.75,4,2,3,有,無,63800000,279510,坡道平面,75.74,5100000,,RPOOMLMKKHKGFCF57CB,江陵天?,A2-8F號,
淡水區,房地(土地+建物),新北市淡水區新市一路一段,26.7,住,,,1140123,土地1建物1車位0,九層,14,住宅大樓(11層含以上有電梯),住家用,鋼筋混凝土造,,122.01,3,2,2,有,無,13320000,109171,,0.0,0,交易總價含下列非屬預售屋價格之費用:裝潢費；傢俱設備費；,RPPNMLMKKHKGFEF77CB,台北灣銀河,B棟10號,
淡水區,房地(土地+建物),新北市淡水區新市一路一段,17.53,住,,,1140123,土地1建物1車位0,一層,14,住宅大樓(11層含以上有電梯),住家用,鋼筋混凝土造,,73.23,1,1,1,有,無,9000000,122900,,0.0,0,一樓庭院戶交易總價含下列非屬預售屋價格之費用:裝潢費；,RPQNMLMKKHKGFEF87CB,台北灣銀河,C棟7號,
淡水區,房地(土地+建物)+車位,新北市淡水區新市一路一段,26.7,住,,,1140124,土地1建物1車位1,七層,14,住宅大樓(11層含以上有電梯),住家用,鋼筋混凝土造,,147.89,3,2,2,有,無,14310000,106631,坡道平面,25.88,1300000,交易總價含下列非屬預售屋價格之費用:裝潢費；傢俱設備費；,RPRNMLMKKHKGFEF97CB,台北灣銀河,B棟２號,
淡水區,房地(土地+建物),新北市淡水區新市一路一段,26.7,住,,,1140124,土地1建物1車位0,十二層,14,住宅大樓(11層含以上有電梯),住家用,鋼筋混凝土造,,122.01,3,2,2,有,無,13450000,110237,,0.0,0,交易總價含下列非屬預售屋價格之費用:裝潢費；傢俱設備費；,RPSNMLMKKHKGFEF08CB,台北灣銀河,B棟10號,
三重區,房地(土地+建物)+車位,新北市三重區水漾路二段跟大有街,13.09,住,,,1140128,土地17建物1車位1,六層,15,住宅大樓(11層含以上有電梯),見其他登記事項,鋼筋混凝土造,,103.77,3,1,2,有,無,20020000,206768,坡道平面,20.73,2850000,交易總價含下列非屬預售屋價格之費用:傢俱設備費；,RPPNMLMKKHKGFGF97CB,公園66,A棟02號,
土城區,房地(土地+建物)+車位,新北市土城區明德路一段,19.96,住,,,1140128,土地5建物1車位1,一層,15,住宅大樓(11層含以上有電梯),住家用,鋼筋混凝土造,,158.44,2,1,2,有,無,30200000,210406,坡道平面,27.74,2700000,交易總價含下列非屬預售屋價格之費用:家電費,RPPNMLNKKHKGFAF47CB,紅布朗花園,A棟A2-01F號,
板橋區,房地(土地+建物),新北市板橋區新府路,7.88,其他,,,1140124,土地1建物1車位0,十四層,24,住宅大樓(11層含以上有電梯),住家用,鋼骨鋼筋混凝土造,,81.8,2,2,1,有,無,30100000,367971,,0.0,0,雨遮計坪不計價,RPQNMLNKKHKGFAF57CB,三輝白昀,B2棟14F號,
新店區,房地(土地+建物)+車位,新北市新店區寶橋路235巷167號旁,204.35,其他,,,1140122,土地24建物2車位13,十五層,24,廠辦,見其他登記事項,鋼筋混凝土造,,2248.24,2,0,0,有,無,324630000,162466,坡道平面,426.14,28600000,,RPPNMLNKKHKGFCF67CB,全球新創科技中心,C01C02-15F號,
三重區,房地(土地+建物)+車位,新北市三重區信義西街3號,10.35,住,,,1140121,土地16建物1車位1,三層,13,住宅大樓(11層含以上有電梯),住家用,鋼筋混凝土造,,107.6,2,2,1,有,無,19550000,215230,坡道平面,28.15,2450000,,RPXPMLNKKHKGFGF09CB,邑城仰睦,C棟C-03F號,
三重區,房地(土地+建物)+車位,新北市三重區信義西街3號,9.29,住,,,1140121,土地16建物1車位1,二層,13,住宅大樓(11層含以上有電梯),住家用,鋼筋混凝土造,,97.53,2,2,1,有,無,17310000,204663,坡道平面,25.9,2650000,,RPOQMLNKKHKGFGF28CB,邑城仰睦,A棟A-02F號,
三重區,房地(土地+建物),新北市三重區信義西街3號,8.14,住,,,1140121,土地16建物1車位0,五層,13,住宅大樓(11層含以上有電梯),住家用,鋼筋混凝土造,,62.22,2,2,1,有,無,14030000,225490,,0.0,0,,RPPQMLNKKHKGFGF38CB,邑城仰睦,B棟B-05F號,
三重區,房地(土地+建物)+車位,新北市三重區信義西街3號,8.62,住,,,1140121,土地16建物1車位1,十三層,13,住宅大樓(11層含以上有電梯),住家用,鋼筋混凝土造,,94.36,2,2,1,有,無,18630000,244374,坡道平面,28.15,2450000,,RPVQMLNKKHKGFGF98CB,邑城仰睦,C棟C-13F號,
三重區,房地(土地+建物),新北市三重區信義西街3號,6.8,住,,,1140121,土地16建物1車位0,十二層,13,住宅大樓(11層含以上有電梯),住家用,鋼筋混凝土造,,52.2,1,2,1,有,無,12770000,244636,,0.0,0,,RPWQMLNKKHKGFGF09CB,邑城仰睦,G棟G-12F號,
三重區,房地(土地+建物),新北市三重區信義西街3號,9.49,住,,,1140121,土地16建物1車位0,五層,13,住宅大樓(11層含以上有電梯),住家用,鋼筋混凝土造,,72.74,2,2,1,有,無,15830000,217624,,0.0,0,,RPXQMLNKKHKGFGF56CB,邑城仰睦,H棟H-05F號,
三重區,房地(土地+建物)+車位,新北市三重區信義西街3號,9.49,住,,,1140121,土地16建物1車位1,二層,13,住宅大樓(11層含以上有電梯),住家用,鋼筋混凝土造,,100.69,2,2,1,有,無,17140000,204577,坡道平面,28.15,2300000,,RPORMLNKKHKGFGF38CB,邑城仰睦,H棟H-02F號,
三重區,房地(土地+建物)+車位,新北市三重區頂崁街206巷,15.72,住,,,1140124,土地2建物1車位1,七層,17,住宅大樓(11層含以上有電梯),住家用,鋼筋混凝土造,,134.88,3,2,2,有,無,25150000,231262,坡道平面,38.02,2750000,,RPPRMLNKKHKGFGF48CB,捷洋蔚來,A3/7F號,
中和區,房地(土地+建物)+車位,新北市中和區員山路611巷11弄3號旁,63.69,工,,,1140124,土地15建物1車位2,八層,11,廠辦,見其他登記事項,見其他登記事項,,346.13,0,0,0,無,無,47360000,161195,坡道平面,79.62,4400000,,RPPNMLNKKHKGFHF18CB,將捷Ai PARK,E-8F號,
五股區,房地(土地+建物)+車位,新北市五股區成泰路一段189巷,24.59,住,,,1140126,土地1建物1車位2,一層,9,華廈(10層含以下有電梯),住家用,鋼筋混凝土造,,147.76,3,2,2,有,無,20900000,174228,坡道平面,49.9,3850000,,RPQNMLOKKHKGFBF77CB,成泰美,D棟D4-01F號,
林口區,房地(土地+建物),新北市林口區文化三路二段與吉祥路交叉口,8.05,商,,,1140121,土地1建物1車位0,十三層,29,辦公商業大樓,商業用,鋼骨混凝土造,,98.1,0,0,0,無,無,17220000,175535,,0.0,0,,RPPNMLPKKHKGFBF77CB,長虹雲創科技商務大樓,C棟13F號,
林口區,車位,新北市林口區文化三路二段與吉祥路交叉口,0.0,,,,1140121,土地0建物0車位1,地下三層,29,辦公商業大樓,停車空間,鋼骨混凝土造,,0.0,0,0,0,無,無,2500000,,坡道平面,24.82,2500000,,RPRNMLPKKHKGFBF97CB,長虹雲創科技商務大樓,0號,
新莊區,房地(土地+建物),新北市新莊區瓊林路５５號旁,9.07,住,,,1140125,土地7建物1車位0,三層,15,住宅大樓(11層含以上有電梯),見其他登記事項,鋼筋混凝土造,,76.82,3,2,1,有,無,13900000,180942,,0.0,0,交易總價含下列非屬預售屋價格之費用:家電費,RPRNMLRKKHKGFBF18CB,新月大河,B棟B2-3F號,
五股區,房地(土地+建物)+車位,新北市五股區新城八路,22.22,住,,,1140129,土地1建物1車位1,七層,15,住宅大樓(11層含以上有電梯),住家用,鋼筋混凝土造,,126.32,2,2,1,有,無,17000000,163687,坡道平面,36.82,2350000,,RPSNMLRKKHKGFBF28CB,香寓,B1棟7F號,
新莊區,房地(土地+建物)+車位,新北市新莊區瓊林路５５號旁,9.63,住,,,1140126,土地7建物1車位1,五層,15,住宅大樓(11層含以上有電梯),見其他登記事項,鋼筋混凝土造,,109.46,3,2,2,有,無,18000000,195593,坡道平面,28.68,2200000,交易總價含下列非屬預售屋價格之費用:家電費,RPUNMLRKKHKGFBF48CB,新月大河,B棟B8-5F號,
新莊區,房地(土地+建物)+車位,新北市新莊區瓊林路５５號旁,11.67,住,,,1140126,土地7建物1車位1,十二層,15,住宅大樓(11層含以上有電梯),見其他登記事項,鋼筋混凝土造,,127.32,3,2,2,有,無,21850000,196675,坡道平面,28.68,2450000,交易總價含下列非屬預售屋價格之費用:家電費,RPVNMLRKKHKGFBF58CB,新月大河,B棟B3-12F號,
新店區,房地(土地+建物)+車位,新北市新店區安康路二段323號旁,25.94,其他,,,1140123,土地3建物1車位1,五層,11,住宅大樓(11層含以上有電梯),住家用,鋼筋混凝土造,,130.35,3,2,2,有,無,17450000,157435,坡道平面,35.39,2500000,,RPPNMLRKKHKGFCF08CB,昇峰安曼,A6棟05號,
新店區,房地(土地+建物)+車位,新北市新店區安康路二段323號旁,25.94,其他,,,1140123,土地3建物1車位1,七層,11,住宅大樓(11層含以上有電梯),住家用,鋼筋混凝土造,,129.12,3,2,2,有,無,17580000,159330,坡道平面,34.16,2450000,,RPQNMLRKKHKGFCF18CB,昇峰安曼,A6棟07號,
新店區,房地(土地+建物)+車位,新北市新店區安康路二段323號旁,32.89,其他,,,1140122,土地3建物1車位1,十層,11,住宅大樓(11層含以上有電梯),住家用,鋼筋混凝土造,,154.59,2,2,2,有,無,24050000,167732,一樓平面,34.16,3850000,,RPRNMLRKKHKGFCF28CB,昇峰安曼,A9棟10號,
三重區,房地(土地+建物)+車位,新北市三重區仁義街與五華街57巷交叉口,10.32,住,,,1140126,土地1建物1車位1,十一層,27,住宅大樓(11層含以上有電梯),住家用,鋼筋混凝土造,,121.49,3,2,2,有,無,24900000,219414,坡道平面,19.4,2500000,交易總價含下列非屬預售屋價格之費用:傢俱設備費；,RPWNMLRKKHKGFGF56CB,晴空大地,B棟B08-11F號,
三重區,房地(土地+建物)+車位,新北市三重區神農街,17.3,住,,,1140125,土地6建物1車位1,七層,14,住宅大樓(11層含以上有電梯),住家用,鋼筋混凝土造,,129.81,3,2,2,有,無,24850000,208528,坡道平面,22.87,2550000,,RPROMLRKKHKGFGF78CB,市政官邸2號,A棟09號,
三重區,房地(土地+建物)+車位,新北市三重區神農街,16.97,住,,,1140125,土地6建物1車位1,十二層,14,住宅大樓(11層含以上有電梯),住家用,鋼筋混凝土造,,127.76,3,2,2,有,無,24820000,212318,坡道平面,22.87,2550000,,RPUOMLRKKHKGFGF09CB,市政官邸2號,B棟08號,
五股區,房地(土地+建物)+車位,新北市五股區新城一路,25.92,住,,,1140121,土地1建物1車位1,十一層,11,住宅大樓(11層含以上有電梯),住家用,鋼筋混凝土造,,111.15,2,2,2,有,無,17600000,176237,坡道平面,25.47,2500000,,RPSNMLSKKHKGFBF38CB,九揚雙子星,A03棟11號,
五股區,房地(土地+建物)+車位,新北市五股區新城一路,16.83,住,,,1140121,土地1建物1車位1,十一層,11,住宅大樓(11層含以上有電梯),住家用,鋼筋混凝土造,,81.09,1,1,1,有,無,12550000,180690,坡道平面,25.47,2500000,,RPROMLSKKHKGFBF38CB,九揚雙子星,B05棟11號,
五股區,房地(土地+建物)+車位,新北市五股區新城一路,25.92,住,,,1140121,土地1建物1車位1,十層,11,住宅大樓(11層含以上有電梯),住家用,鋼筋混凝土造,,111.15,2,2,2,有,無,17610000,176354,坡道平面,25.47,2500000,,RPSPMLSKKHKGFBF58CB,九揚雙子星,A03棟10號,
五股區,房地(土地+建物)+車位,新北市五股區新城一路,13.31,住,,,1140121,土地1建物1車位1,一層,11,住宅大樓(11層含以上有電梯),商業用,鋼筋混凝土造,,63.28,0,0,0,無,無,9930000,196509,坡道平面,25.47,2500000,,RPTPMLSKKHKGFBF68CB,九揚雙子星,A06棟01號,
五股區,房地(土地+建物)+車位,新北市五股區新城一路,26.93,住,,,1140121,土地1建物1車位1,一層,11,住宅大樓(11層含以上有電梯),住家用,鋼筋混凝土造,,101.96,3,2,2,有,無,15700000,172572,坡道平面,25.47,2500000,,RPUPMLSKKHKGFBF78CB,九揚雙子星,B01棟01號,
五股區,房地(土地+建物)+車位,新北市五股區新城一路,16.11,住,,,1140121,土地1建物1車位1,二層,11,住宅大樓(11層含以上有電梯),住家用,鋼筋混凝土造,,78.7,1,1,1,有,無,11760000,173962,坡道平面,25.47,2500000,,RPVPMLSKKHKGFBF88CB,九揚雙子星,B03棟02號,
五股區,房地(土地+建物),新北市五股區新城一路,16.11,住,,,1140121,土地1建物1車位0,四層,11,住宅大樓(11層含以上有電梯),住家用,鋼筋混凝土造,,53.23,1,1,1,有,無,9350000,175653,,0.0,0,,RPWPMLSKKHKGFBF98CB,九揚雙子星,B03棟04號,
五股區,房地(土地+建物)+車位,新北市五股區新城一路,16.02,住,,,1140121,土地1建物1車位1,二層,11,住宅大樓(11層含以上有電梯),住家用,鋼筋混凝土造,,78.4,1,1,1,有,無,11680000,173437,坡道平面,25.47,2500000,,RPXPMLSKKHKGFBF09CB,九揚雙子星,B05棟02號,
五股區,房地(土地+建物),新北市五股區新城一路,16.03,住,,,1140121,土地1建物1車位0,四層,11,住宅大樓(11層含以上有電梯),住家用,鋼筋混凝土造,,52.99,1,1,1,有,無,9260000,174750,,0.0,0,,RPOQMLSKKHKGFBF28CB,九揚雙子星,B05棟04號,
五股區,房地(土地+建物)+車位,新北市五股區新城一路,16.03,住,,,1140121,土地1建物1車位1,九層,11,住宅大樓(11層含以上有電梯),住家用,鋼筋混凝土造,,78.46,1,1,1,有,無,12100000,181166,坡道平面,25.47,2500000,,RPPQMLSKKHKGFBF38CB,九揚雙子星,B05棟09號,
五股區,房地(土地+建物)+車位,新北市五股區新城一路,16.02,住,,,1140121,土地1建物1車位1,十層,11,住宅大樓(11層含以上有電梯),住家用,鋼筋混凝土造,,78.4,1,1,1,有,無,12100000,181372,坡道平面,25.47,2500000,,RPQQMLSKKHKGFBF48CB,九揚雙子星,B05棟10號,
五股區,房地(土地+建物)+車位,新北市五股區新城一路,28.34,住,,,1140121,土地1建物1車位1,五層,11,住宅大樓(11層含以上有電梯),住家用,鋼筋混凝土造,,119.15,2,2,2,有,無,18510000,170901,坡道平面,25.47,2500000,,RPRQMLSKKHKGFBF58CB,九揚雙子星,B07棟05號,
五股區,房地(土地+建物)+車位,新北市五股區新城一路,31.18,住,,,1140124,土地1建物1車位1,四層,11,住宅大樓(11層含以上有電梯),住家用,鋼筋混凝土造,,128.56,3,2,2,有,無,19680000,165680,坡道平面,25.47,2600000,,RPSQMLSKKHKGFBF68CB,九揚雙子星,A01棟04號,
五股區,房地(土地+建物),新北市五股區新城一路,25.92,住,,,1140124,土地1建物1車位0,五層,11,住宅大樓(11層含以上有電梯),住家用,鋼筋混凝土造,,85.68,2,2,2,有,無,14800000,172736,,0.0,0,,RPTQMLSKKHKGFBF78CB,九揚雙子星,A03棟05號,
五股區,房地(土地+建物)+車位,新北市五股區新城一路,25.92,住,,,1140125,土地1建物1車位1,七層,11,住宅大樓(11層含以上有電梯),住家用,鋼筋混凝土造,,109.11,2,2,2,有,無,17200000,173319,坡道平面,23.43,2350000,,RPVQMLSKKHKGFBF98CB,九揚雙子星,A03棟07號,
五股區,房地(土地+建物)+車位,新北市五股區新城一路,31.53,住,,,1140125,土地1建物1車位1,二層,11,住宅大樓(11層含以上有電梯),住家用,鋼筋混凝土造,,129.7,3,2,2,有,無,19800000,165979,坡道平面,25.47,2500000,,RPWQMLSKKHKGFBF09CB,九揚雙子星,B02棟02號,
五股區,房地(土地+建物),新北市五股區新城一路,16.03,住,,,1140124,土地1建物1車位0,七層,11,住宅大樓(11層含以上有電梯),住家用,鋼筋混凝土造,,52.99,1,1,1,有,無,9420000,177769,,0.0,0,,RPORMLSKKHKGFBF38CB,九揚雙子星,B05棟07號,
林口區,房地(土地+建物)+車位,新北市林口區文化三路二段211巷,21.61,住,,,1140129,土地1建物1車位1,十層,15,住宅大樓(11層含以上有電梯),住家用,鋼筋混凝土造,,187.36,4,2,2,有,無,30000000,171192,坡道平面,26.43,2450000,,RPPNMLTKKHKGFBF18CB,頤昌松玥,B棟2-10號,
三重區,房地(土地+建物),新北市三重區信義西街3號,7.76,住,,,1140122,土地16建物1車位0,二層,13,住宅大樓(11層含以上有電梯),住家用,鋼筋混凝土造,,59.36,2,2,1,有,無,12720000,214286,,0.0,0,,RPPNMLTKKHKGFGF68CB,邑城仰睦,D棟D-02F號,
三重區,房地(土地+建物),新北市三重區信義西街3號,6.61,住,,,1140122,土地16建物1車位0,四層,13,住宅大樓(11層含以上有電梯),住家用,鋼筋混凝土造,,50.58,1,2,1,有,無,11390000,225188,,0.0,0,,RPQNMLTKKHKGFGF78CB,邑城仰睦,I棟I-04F號,
三重區,房地(土地+建物),新北市三重區信義西街3號,7.76,住,,,1140122,土地16建物1車位0,七層,13,住宅大樓(11層含以上有電梯),住家用,鋼筋混凝土造,,59.36,2,2,1,有,無,13850000,233322,,0.0,0,,RPRNMLTKKHKGFGF88CB,邑城仰睦,D棟D-07F號,
三重區,房地(土地+建物)+車位,新北市三重區信義西街3號,9.1,住,,,1140122,土地16建物1車位2,十二層,13,住宅大樓(11層含以上有電梯),住家用,鋼筋混凝土造,,126.44,2,2,1,有,無,22490000,246507,坡道平面,56.3,5200000,本戶為露台戶露台面積約為0.19坪,RPSNMLTKKHKGFGF98CB,邑城仰睦,F棟F-12F號,
三重區,房地(土地+建物),新北市三重區信義西街3號,6.61,住,,,1140122,土地16建物1車位0,二層,13,住宅大樓(11層含以上有電梯),住家用,鋼筋混凝土造,,50.58,1,2,1,有,無,10910000,215698,,0.0,0,,RPTNMLTKKHKGFGF09CB,邑城仰睦,I棟I-02F號,
三重區,房地(土地+建物)+車位,新北市三重區信義西街3號,8.62,住,,,1140122,土地16建物1車位1,十二層,13,住宅大樓(11層含以上有電梯),住家用,鋼筋混凝土造,,94.36,2,2,1,有,無,18890000,246791,坡道平面,28.15,2550000,,RPUNMLTKKHKGFGF56CB,邑城仰睦,C棟C-12F號,
三重區,房地(土地+建物)+車位,新北市三重區信義西街3號,11.02,住,,,1140122,土地16建物1車位1,六層,13,住宅大樓(11層含以上有電梯),住家用,鋼筋混凝土造,,112.09,2,2,1,有,無,21430000,224923,坡道平面,28.15,2550000,,RPVNMLTKKHKGFGF66CB,邑城仰睦,F棟F-06F號,
三重區,房地(土地+建物),新北市三重區信義西街3號,7.76,住,,,1140122,土地16建物1車位0,五層,13,住宅大樓(11層含以上有電梯),住家用,鋼筋混凝土造,,59.36,2,2,1,有,無,13480000,227089,,0.0,0,,RPWNMLTKKHKGFGF76CB,邑城仰睦,D棟D-05F號,
三重區,房地(土地+建物)+車位,新北市三重區信義西街3號,8.05,住,,,1140122,土地16建物1車位1,六層,13,住宅大樓(11層含以上有電梯),住家用,鋼筋混凝土造,,87.95,2,2,1,有,無,16400000,223207,坡道平面,25.9,2550000,,RPXNMLTKKHKGFGF86CB,邑城仰睦,G棟G-06F號,
三重區,房地(土地+建物)+車位,新北市三重區信義西街3號,8.24,住,,,1140124,土地16建物1車位1,三層,13,住宅大樓(11層含以上有電梯),住家用,鋼筋混凝土造,,91.15,2,2,1,有,無,16330000,220317,坡道平面,28.15,2450000,,RPQOMLTKKHKGFGF88CB,邑城仰睦,E棟E-03F號,
三重區,房地(土地+建物)+車位,新北市三重區信義西街3號,7.76,住,,,1140126,土地16建物1車位1,四層,13,住宅大樓(11層含以上有電梯),住家用,鋼筋混凝土造,,87.51,2,2,1,有,無,15710000,223383,坡道平面,28.15,2450000,,RPSOMLTKKHKGFGF09CB,邑城仰睦,D棟D-04F號,
三重區,房地(土地+建物)+車位,新北市三重區信義西街3號,9.49,住,,,1140125,土地16建物1車位1,十一層,13,住宅大樓(11層含以上有電梯),住家用,鋼筋混凝土造,,100.89,2,2,1,有,無,19980000,239621,坡道平面,28.15,2550000,,RPTOMLTKKHKGFGF56CB,邑城仰睦,H棟H-11F號,
三重區,房地(土地+建物)+車位,新北市三重區信義西街3號,9.49,住,,,1140126,土地16建物1車位1,三層,13,住宅大樓(11層含以上有電梯),住家用,鋼筋混凝土造,,100.89,2,2,1,有,無,17840000,210888,坡道平面,28.15,2500000,,RPUOMLTKKHKGFGF66CB,邑城仰睦,H棟H-03F號,
三重區,房地(土地+建物),新北市三重區信義西街3號,9.49,住,,,1140125,土地16建物1車位0,四層,13,住宅大樓(11層含以上有電梯),住家用,鋼筋混凝土造,,72.74,2,2,1,有,無,15560000,213913,,0.0,0,,RPVOMLTKKHKGFGF76CB,邑城仰睦,H棟H-04F號,
三重區,房地(土地+建物)+車位,新北市三重區集賢路,18.92,住,,,1140124,土地1建物1車位1,九層,15,住宅大樓(11層含以上有電梯),住家用,鋼筋混凝土造,,121.94,2,2,1,有,無,26480000,265304,坡道平面,31.93,2600000,地號為721、722、723,RPWOMLTKKHKGFGF86CB,鼎藏豐碩,A棟3號,
鶯歌區,房地(土地+建物)+車位,新北市鶯歌區育英街17巷與育才街54巷交叉路口,24.66,住,,,1140125,土地1建物1車位1,八層,15,住宅大樓(11層含以上有電梯),住家用,鋼筋混凝土造,,147.99,3,2,2,有,無,20650000,150442,坡道平面,23.69,1950000,,RPUNMLTKKHKGFIF76CB,國家新美院,A棟A6-08F號,
新店區,房地(土地+建物)+車位,新北市新店區安康路二段323號旁,30.61,其他,,,1140125,土地3建物1車位1,十層,11,住宅大樓(11層含以上有電梯),住家用,鋼筋混凝土造,,146.29,2,2,2,有,無,21400000,167663,一樓平面,34.16,2600000,,RPPNMLKLKHKGFCF47CB,昇峰安曼,A1棟10號,
新店區,房地(土地+建物)+車位,新北市新店區安康路二段323號旁,22.68,其他,,,1140125,土地3建物1車位1,十層,11,住宅大樓(11層含以上有電梯),住家用,鋼筋混凝土造,,117.2,2,2,2,有,無,16620000,168834,一樓平面,34.16,2600000,,RPQNMLKLKHKGFCF57CB,昇峰安曼,A7棟10號,
新店區,房地(土地+建物)+車位,新北市新店區安康路二段323號旁,27.35,其他,,,1140125,土地3建物1車位1,十層,11,住宅大樓(11層含以上有電梯),住家用,鋼筋混凝土造,,133.19,2,2,2,有,無,19130000,167016,坡道平面,33.02,2400000,,RPRNMLKLKHKGFCF67CB,昇峰安曼,A6棟10號,
新店區,房地(土地+建物)+車位,新北市新店區安康路二段323號旁,29.76,其他,,,1140125,土地3建物1車位1,九層,11,住宅大樓(11層含以上有電梯),住家用,鋼筋混凝土造,,143.08,3,2,2,有,無,19800000,158832,坡道平面,34.16,2500000,,RPSNMLKLKHKGFCF77CB,昇峰安曼,A9棟09號,
新店區,房地(土地+建物)+車位,新北市新店區安康路二段323號旁,22.98,其他,,,1140126,土地3建物1車位1,六層,11,住宅大樓(11層含以上有電梯),住家用,鋼筋混凝土造,,118.3,2,2,2,有,無,15800000,158664,坡道平面,34.16,2450000,,RPTNMLKLKHKGFCF87CB,昇峰安曼,B1棟06號,
中和區,房地(土地+建物)+車位,新北市中和區立人街14巷77號,17.7,其他,,,1140122,土地13建物1車位1,四層,16,住宅大樓(11層含以上有電梯),見其他登記事項,見其他登記事項,,160.29,3,2,2,有,無,31540000,225699,坡道平面,34.06,3050000,,RPPNMLKLKHKGFHF97CB,和典永峰,A棟4F-1號,
中和區,房地(土地+建物)+車位,新北市中和區立人街14巷77號,17.7,其他,,,1140125,土地13建物1車位1,十一層,16,住宅大樓(11層含以上有電梯),見其他登記事項,見其他登記事項,,160.29,3,2,2,有,無,34020000,242573,坡道平面,34.06,3400000,,RPQNMLKLKHKGFHF08CB,和典永峰,A棟11F-1號,
中和區,房地(土地+建物)+車位,新北市中和區立人街14巷,12.44,其他,,,1140123,土地13建物1車位1,四層,16,住宅大樓(11層含以上有電梯),見其他登記事項,見其他登記事項,,118.34,2,1,1,有,無,23140000,230532,坡道平面,30.76,2950000,,RPUNMLKLKHKGFHF48CB,和典永峰,B棟4F-3號,
中和區,房地(土地+建物)+車位,新北市中和區立人街14巷,18.18,其他,,,1140125,土地13建物1車位1,九層,16,住宅大樓(11層含以上有電梯),見其他登記事項,見其他登記事項,,163.48,3,2,2,有,無,33660000,236903,坡道平面,34.06,3000000,,RPVNMLKLKHKGFHF58CB,和典永峰,B棟9F-5號,
中和區,房地(土地+建物),新北市中和區景新街57巷20號對面,6.38,商,,,1140125,土地14建物1車位0,十三層,19,住宅大樓(11層含以上有電梯),見其他登記事項,見其他登記事項,,65.56,2,2,1,有,無,15660000,238865,,0.0,0,,RPWNMLLLKHKGFHF78CB,君奕華品,A7-13F號,
林口區,房地(土地+建物)+車位,新北市林口區文化三路二段211巷,17.01,住,,,1140128,土地1建物1車位1,十三層,15,住宅大樓(11層含以上有電梯),住家用,鋼筋混凝土造,,154.39,3,2,2,有,無,26420000,185761,坡道平面,26.43,2650000,,RPPNMLPLKHKGFBF87CB,頤昌松玥,A棟3-13號,
五股區,房地(土地+建物)+車位,新北市五股區新城八路,16.41,住,,,1140127,土地1建物1車位1,五層,15,住宅大樓(11層含以上有電梯),住家用,鋼筋混凝土造,,117.52,3,2,2,有,無,17600000,164793,坡道平面,26.8,2650000,交易總價含下列非屬預售屋價格之費用:家電費,RPXNMLPLKHKGFBF68CB,芳洲漾,A10棟05F號,
