﻿編號,土地位置,土地移轉面積平方公尺,使用分區或編定,權利人持分分母,權利人持分分子,移轉情形,地號
The serial number, land position,land shifting area square meter,the use zoning or compiles and checks,,,,land parcel
RPQNMLLKJHKGFEF77CC,淡海段,14.28,都市：住,,,,00530000
RPPOMLPKJHKGFIF58CC,鳳鳴段,16.88,都市：住,,,,00770000
RPTNMLQKJHKGFEF58CC,龍米段,20.27,都市：住,,,,11410000
RPXNMLQKJHKGFGF56CC,中興段,174.53,都市：工,,,,11640000
RPXNMLQKJHKGFGF56CC,中興段,458.98,都市：工,,,,11650000
RPXNMLQKJHKGFGF56CC,中興段,624.37,都市：工,,,,11660000
RPXNMLQKJHKGFGF56CC,中興段,109.13,都市：工,,,,11670000
RPXNMLQKJHKGFGF56CC,中興段,456.93,都市：工,,,,11680000
RPXNMLQKJHKGFGF56CC,中興段,72.00,都市：工,,,,11690000
RPXNMLQKJHKGFGF56CC,中興段,180.87,都市：其他:道路用地,,,,11650001
RPXNMLQKJHKGFGF56CC,中興段,105.37,都市：其他:道路用地,,,,11680001
RPUNMLRKJHKGFEF78CC,公司田段,14.31,都市：住,,,,00550000
RPSOMLKLJHKGFBF77CC,思源段,.24,都市：其他:住宅區,,,,14470000
RPSPMLKLJHKGFEF18CC,水仙段,4.42,都市：其他:商業區(一),,,,00670000
RPSPMLKLJHKGFEF18CC,水仙段,.82,都市：其他:住宅區(三),,,,00670003
RPWOMLKLJHKGFEF48CC,海天段,.02,都市：其他:住宅區(三),,,,06420000
RPWOMLKLJHKGFEF48CC,海天段,.00,都市：其他:道路用地,,,,06420003
RPWOMLKLJHKGFEF48CC,海天段,2.62,都市：其他:商業區(一),,,,06530000
RPWOMLKLJHKGFEF48CC,海天段,.19,都市：其他:道路用地,,,,06530004
RPWOMLKLJHKGFEF48CC,海天段,.01,都市：其他:商業區(一）,,,,06530005
RPQNMLMLJHKGFBF67CC,建林段,23.79,都市：住,,,,03630000
RPVOMLNJKHKGFBF28CC,力行段,23.58,都市：住,,,,09240000
RPQNMLNJKHKGFIF38CC,十三添一段,1073.53,非都市：一般農業區 ; 非都市編定：丁種建築用地,,,,04220000
RPQNMLNJKHKGFIF38CC,十三添一段,1947.95,非都市：一般農業區 ; 非都市編定：丁種建築用地,,,,04230000
RPSNMLRJKHKGFBF28CC,力行段,14.36,都市：商,,,,02110000
RPOOMLKKKHKGFAF27CC,力行段,16.53,都市：住,,,,00440000
RPOOMLKKKHKGFBF37CC,力行段,25.94,都市：商,,,,07980000
RPVOMLKKKHKGFBF08CC,同榮段,301.41,都市：住,,,,04360000
RPPNMLTJKHKGFIF88CC,大學段一小段,18.74,都市：住,,,,01860000
RPUNMLLKKHKGFBF97CC,同榮段,25.06,都市：商,,,,08140000
RPTNMLLKKHKGFBF87CC,陸光段,42.44,都市：住,,,,10480000
RPVNMLMKKHKGFBF18CC,明志段,.42,都市：住,,,,04750000
RPVNMLMKKHKGFBF18CC,明志段,14.02,都市：商,,,,04520000
RPWNMLMKKHKGFBF28CC,新工段二小段,75.00,非都市：工業區 ; 非都市編定：丁種建築用地,,,,01380000
RPPNMLMKKHKGFIF28CC,味王段,93.09,都市：工,,,,03870000
RPPNMLMKKHKGFIF28CC,味王段,19.96,都市：工,,,,03870003
