﻿編號,土地位置,土地移轉面積平方公尺,使用分區或編定,權利人持分分母,權利人持分分子,移轉情形,地號
The serial number, land position,land shifting area square meter,the use zoning or compiles and checks,,,,land parcel
RPRNMLSKKHKGFBG38DA,白雲段,1.47,非都市：一般農業區 ; 非都市編定：甲種建築用地,100000,59,持分移轉,04810000
RPSNMLQJKHKGFAG08DA,珍珠二段,11.16,非都市：特定農業區 ; 非都市編定：甲種建築用地,1,1,全筆移轉,03820001
RPSNMLQJKHKGFAG08DA,珍珠二段,8.12,非都市：特定農業區 ; 非都市編定：甲種建築用地,1,1,全筆移轉,03830001
RPSNMLQJKHKGFAG08DA,珍珠二段,21.29,非都市：特定農業區 ; 非都市編定：甲種建築用地,1,1,全筆移轉,03870001
RPWPMLSKKHKGFBG09DA,白雲段,2.26,非都市：一般農業區 ; 非都市編定：甲種建築用地,100000,91,持分移轉,04810000
SPWPMLSKKHKGFBG56DA,白雲段,3.31,非都市：一般農業區 ; 非都市編定：甲種建築用地,100000,133,持分移轉,04810000
RPVOMLOKKHKGFBG48DA,宜商段,58.76,都市：其他:住宅區,1,1,全筆移轉,06500000
RPPOMLOKKHKGFBG87DA,公園段,.36,都市：其他:保存區,10000,62,持分移轉,01380000
RPPOMLOKKHKGFBG87DA,玉石段,8.80,都市：其他:健康休閒專用區五,10000,62,持分移轉,02110000
RPTNMLRKKHKGFBG48DA,忠義段,38.20,都市：其他:住宅區,22480,382,持分移轉,07310000
RPOOMLQJJHKGFBG77DA,新張段,134.00,非都市：特定農業區 ; 非都市編定：甲種建築用地,1,1,全筆移轉,09410034
RPTOMLQJKHKGFBG38DA,溫泉段,19.66,都市：其他:住宅區,1,1,全筆移轉,03230000
RPPNMLTJKHKGFAG08DA,慶安段,29.75,都市：其他:兒童遊樂場,1,1,全筆移轉,14810000
RPPNMLTJKHKGFAG08DA,慶安段,100.26,都市：其他:兒童遊樂場,1,1,全筆移轉,14810001
RPPNMLTJKHKGFAG08DA,慶安段,270.28,都市：其他:第一種住宅區,1,1,全筆移轉,14820000
RPPNMLTJKHKGFAG08DA,慶安段,30.76,都市：其他:兒童遊樂場,1,1,全筆移轉,14820001
RPPNMLTJKHKGFAG08DA,慶安段,17.08,都市：其他:人行步道,1,1,全筆移轉,14820002
RPPNMLTJKHKGFAG08DA,慶安段,958.70,都市：其他:第一種住宅區,1,1,全筆移轉,14820003
RPPNMLTJKHKGFAG08DA,慶安段,98.23,都市：其他:兒童遊樂場,1,1,全筆移轉,14820004
RPPNMLTJKHKGFAG08DA,慶安段,56.92,都市：其他:人行步道,1,1,全筆移轉,14820005
RPPNMLTJKHKGFAG08DA,慶安段,49.81,都市：其他:第一種住宅區,1,1,全筆移轉,14830000
RPPNMLTJKHKGFAG08DA,慶安段,53.46,都市：其他:道路用地,1,1,全筆移轉,14830001
RPPNMLTJKHKGFAG08DA,慶安段,158.81,都市：其他:第一種住宅區,1,1,全筆移轉,14830002
RPPNMLTJKHKGFAG08DA,慶安段,43.07,都市：其他:第一種住宅區,1,1,全筆移轉,14840000
RPPNMLTJKHKGFAG08DA,慶安段,31.19,都市：其他:道路用地,1,1,全筆移轉,14840001
RPPNMLTJKHKGFAG08DA,慶安段,75.72,都市：其他:第一種住宅區,1,1,全筆移轉,14840002
RPPNMLTJKHKGFAG08DA,慶安段,302.93,都市：其他:第一種住宅區,1,1,全筆移轉,14850000
RPPNMLTJKHKGFAG08DA,慶安段,35.57,都市：其他:兒童遊樂場,1,1,全筆移轉,14850001
RPPNMLTJKHKGFAG08DA,慶安段,19.08,都市：其他:道路用地,1,1,全筆移轉,14850002
RPPNMLTJKHKGFAG08DA,慶安段,392.91,都市：其他:第一種住宅區,1,1,全筆移轉,14850003
RPPNMLTJKHKGFAG08DA,慶安段,41.44,都市：其他:兒童遊樂場,1,1,全筆移轉,14850004
RPPNMLTJKHKGFAG08DA,慶安段,22.91,都市：其他:道路用地,1,1,全筆移轉,14850005
RPPNMLTJKHKGFAG08DA,慶安段,31.94,都市：其他:兒童遊樂場,1,1,全筆移轉,14860000
RPPNMLTJKHKGFAG08DA,慶安段,38.05,都市：其他:兒童遊樂場,1,1,全筆移轉,14860001
RPROMLLKKHKGFBG77DA,吉祥一段,105.00,都市：其他:住宅區,1,1,全筆移轉,13620000
RPRNMLLKKHKGFBG67DA,壯濱三段,113.06,非都市：鄉村區 ; 非都市編定：乙種建築用地,1,1,全筆移轉,00770000
RPRNMLLKKHKGFBG67DA,壯濱三段,10.38,非都市：鄉村區 ; 非都市編定：乙種建築用地,1,1,全筆移轉,01290001
RPSNMLSJKHKGFAG28DA,協孝段,44.02,非都市：特定農業區 ; 非都市編定：甲種建築用地,100000,1011,持分移轉,09500000
RPVNMLQJKHKGFBG48DA,忠義段,15.03,都市：其他:住宅區,10000,293,持分移轉,07800001
RPUNMLQJKHKGFBG38DA,農權段,46.33,都市：其他:住宅區,10,1,持分移轉,00700000
RPUOMLLKKHKGFBG08DA,新金面段,169.14,非都市：特定農業區 ; 非都市編定：農牧用地,4133,166,持分移轉,08980000
RPUOMLLKKHKGFBG08DA,新金面段,27.60,非都市：鄉村區 ; 非都市編定：乙種建築用地,1,1,全筆移轉,12840000
RPQPMLLKKHKGFBG77DA,擺厘段,12.47,都市：其他:住宅區,10000,117,持分移轉,11820000
RPSPMLLKKHKGFBG97DA,五峰段,10.30,都市：其他:住宅區,10000,21,持分移轉,10060000
RPPNMLKKKHKGFBG37DA,五峰段,9.22,都市：其他:住宅區,59289,922,持分移轉,08760000
RPSNMLKKKHKGFBG67DA,玉田段,3278.00,非都市：特定農業區 ; 非都市編定：農牧用地,1,1,全筆移轉,01590000
RPSNMLPKJHKGFBG08DA,金六結三段,55.27,都市：其他:住宅區,4,1,持分移轉,01380000
RPVOMLLKKHKGFAG08DA,大隱段,150.00,非都市：特定農業區 ; 非都市編定：甲種建築用地,1,1,全筆移轉,05470002
RPQOMLLKKHKGFAG57DA,蘇市段,60.34,都市：其他:商業區,4,3,持分移轉,07240000
RPQOMLLKKHKGFAG57DA,蘇市段,4.98,都市：其他:商業區,4,3,持分移轉,07250000
RPQNMLNKKHKGFAG67DA,季寶段,31.96,非都市：一般農業區 ; 非都市編定：甲種建築用地,100000,947,持分移轉,03950000
RPPOMLQKJHKGFAG87DA,人和一段,2796.23,非都市：特定農業區 ; 非都市編定：農牧用地,1,1,全筆移轉,04940000
RPRNMLRJJHKGFBG08DA,新興一段,.33,都市：其他:住宅區,10000,331,持分移轉,04070000
RPRNMLRJJHKGFBG08DA,新興一段,.21,都市：其他:道路用地,10000,331,持分移轉,04070001
RPRNMLRJJHKGFBG08DA,過港段,33.57,都市：其他:住宅區,10000,331,持分移轉,15080000
RPRNMLRJJHKGFBG08DA,過港段,1.40,都市：其他:道路用地,10000,331,持分移轉,15080001
RPTNMLMKKHKGFBG97DA,壯濱三段,516.01,非都市：鄉村區 ; 非都市編定：乙種建築用地,1,1,全筆移轉,06310000
RPPOMLLLJHKGFBG57DA,女中段,41.16,都市：其他:住宅區,10000,222,持分移轉,07960000
RPPOMLLLJHKGFBG57DA,女中段,3.96,都市：其他:住宅區,10000,222,持分移轉,08030000
RPSNMLSJKHKGFBG38DA,協天段,4.97,都市：其他:住宅區,10000,76,持分移轉,04000000
RPPNMLPJKHKGFAG67DA,寶員段,4.09,非都市：特定農業區 ; 非都市編定：甲種建築用地,30,1,持分移轉,08440000
RPPNMLPJKHKGFAG67DA,寶員段,13.72,非都市：特定農業區 ; 非都市編定：甲種建築用地,3,1,持分移轉,08440007
RPPNMLPJKHKGFAG67DA,寶員段,65.86,非都市：特定農業區 ; 非都市編定：甲種建築用地,1,1,全筆移轉,08440008
RPPPMLKKKHKGFAG57EA,利工段,19.35,非都市：工業區 ; 非都市編定：丁種建築用地,100000,2428,持分移轉,07180000
RPTOMLLKKHKGFBG97DA,公園段,25.45,都市：其他:健康休閒專用區四,100000,920,持分移轉,01270000
RPQOMLOKJHKGFAG77DA,利福段,15.24,非都市：一般農業區 ; 非都市編定：甲種建築用地,10000,55,持分移轉,06910000
RPUNMLOKKHKGFBG28DA,深福段,1589.35,非都市：特定農業區 ; 非都市編定：農牧用地,1,1,全筆移轉,08080000
RPTNMLNKKHKGFAG97DA,拱照段,2783.00,非都市：特定農業區 ; 非都市編定：農牧用地,1,1,全筆移轉,01530000
RPXNMLNKKHKGFAG38DA,協孝一段,87.81,非都市：特定農業區 ; 非都市編定：甲種建築用地,1,1,全筆移轉,01780000
RPQPMLMKKHKGFBG87DA,隘界一段,2866.02,非都市：山坡地保育區 ; 非都市編定：農牧用地,1,1,全筆移轉,06170000
RPQOMLMKKHKGFBG77DA,農權段,.17,都市：其他:住宅區,10000,17,持分移轉,03600000
RPQOMLMKKHKGFBG77DA,農權段,6.54,都市：其他:住宅區,10000,17,持分移轉,03610000
RPVNMLOKKHKGFBG38DA,振興二段,1095.73,都市：其他:農業區,1,1,全筆移轉,01980000
RPPNMLQKKHKGFBG97DA,功勞段,3133.00,非都市：特定農業區 ; 非都市編定：農牧用地,1,1,全筆移轉,12600000
RPROMLQKJHKGFAG08DA,武塔段,12380.00,非都市：山坡地保育區 ; 非都市編定：農牧用地,1,1,全筆移轉,07740000
RPPQMLLKKHKGFAG67DA,永愛段,41.98,都市：其他:住宅區,10000,1691,持分移轉,04290000
RPQNMLNKKHKGFBG87EA,中崙段,299.82,非都市：特定農業區 ; 非都市編定：農牧用地,1,1,全筆移轉,08310000
RPQNMLNKKHKGFBG87EA,中崙段,292.92,非都市：特定農業區 ; 非都市編定：農牧用地,1,1,全筆移轉,08320000
RPQNMLNKKHKGFBG87EA,中崙段,59.69,非都市：特定農業區 ; 非都市編定：交通用地,1,1,全筆移轉,08330000
RPPNMLRKKHKGFBG18EA,新興二段,25.54,都市：其他:住宅區,10000,689,持分移轉,03710000
RPPNMLMKKHKGFBG67EA,嵐峰段,20.87,都市：其他:住宅區,10000,522,持分移轉,12440000
RPQNMLMKKHKGFBG77EA,五峰段,10.13,都市：其他:住宅區,100000,524,持分移轉,11380000
RPPNMLMKKHKGFBG67EA,嵐峰段,74.67,都市：其他:住宅區,1,1,全筆移轉,12470000
RPPNMLNKKHKGFBG77EA,泰山段,111.01,都市：其他:住宅區,1,1,全筆移轉,09410000
RPSNMLOKKHKGFBG08DA,深福段,120.40,非都市：特定農業區 ; 非都市編定：甲種建築用地,158755,32725,持分移轉,05380000
RPSNMLOKKHKGFBG08DA,深福段,20.92,非都市：特定農業區 ; 非都市編定：甲種建築用地,158755,32725,持分移轉,05380003
RPSNMLOKKHKGFBG08DA,深福段,19.30,非都市：特定農業區 ; 非都市編定：甲種建築用地,158755,32725,持分移轉,05380004
RPSNMLOKKHKGFBG08DA,深福段,18.35,非都市：特定農業區 ; 非都市編定：甲種建築用地,158755,32725,持分移轉,05380005
RPSNMLOKKHKGFBG08DA,深福段,17.37,非都市：特定農業區 ; 非都市編定：甲種建築用地,158755,32725,持分移轉,05380006
RPSNMLOKKHKGFBG08DA,深福段,16.39,非都市：特定農業區 ; 非都市編定：甲種建築用地,158755,32725,持分移轉,05380007
RPSNMLOKKHKGFBG08DA,深福段,15.41,非都市：特定農業區 ; 非都市編定：甲種建築用地,158755,32725,持分移轉,05380008
RPSNMLOKKHKGFBG08DA,深福段,26.30,非都市：特定農業區 ; 非都市編定：甲種建築用地,158755,32725,持分移轉,05380009
RPSNMLOKKHKGFBG08DA,深福段,5.72,非都市：特定農業區 ; 非都市編定：甲種建築用地,158755,32725,持分移轉,05380010
RPSNMLOKKHKGFBG08DA,深福段,5.72,非都市：特定農業區 ; 非都市編定：甲種建築用地,158755,32725,持分移轉,05380011
RPSNMLOKKHKGFBG08DA,深福段,5.72,非都市：特定農業區 ; 非都市編定：甲種建築用地,158755,32725,持分移轉,05380012
RPSNMLOKKHKGFBG08DA,深福段,5.72,非都市：特定農業區 ; 非都市編定：甲種建築用地,158755,32725,持分移轉,05380013
RPSNMLOKKHKGFBG08DA,深福段,5.70,非都市：特定農業區 ; 非都市編定：甲種建築用地,158755,32725,持分移轉,05380014
RPSNMLOKKHKGFBG08DA,深福段,5.89,非都市：特定農業區 ; 非都市編定：甲種建築用地,158755,32725,持分移轉,05380015
RPSNMLOKKHKGFBG08DA,深福段,30.87,非都市：特定農業區 ; 非都市編定：甲種建築用地,158755,32725,持分移轉,05380016
RPSNMLOKKHKGFBG08DA,深福段,2.58,非都市：特定農業區 ; 非都市編定：甲種建築用地,158755,32725,持分移轉,05380017
RPSNMLOKKHKGFBG08DA,深福段,.56,非都市：特定農業區 ; 非都市編定：甲種建築用地,158755,32725,持分移轉,05380018
RPSNMLOKKHKGFBG08DA,深福段,.64,非都市：特定農業區 ; 非都市編定：甲種建築用地,158755,32725,持分移轉,05380019
RPSNMLOKKHKGFBG08DA,深福段,3.70,非都市：特定農業區 ; 非都市編定：甲種建築用地,158755,32725,持分移轉,05380020
RPPPMLRKKHKGFAG28EA,永春段,539.40,非都市：山坡地保育區 ; 非都市編定：丙種建築用地,1,1,全筆移轉,02680000
RPWOMLOKKHKGFBG58DA,白玉段,17.46,非都市：特定農業區 ; 非都市編定：農牧用地,10000,225,持分移轉,00150001
RPPPMLRKKHKGFAG28EA,永春段,1058.16,非都市：山坡地保育區 ; 非都市編定：農牧用地,1,1,全筆移轉,02810000
RPWOMLOKKHKGFBG58DA,白玉段,16.32,非都市：特定農業區 ; 非都市編定：農牧用地,10000,212,持分移轉,00170000
RPWOMLOKKHKGFBG58DA,白玉段,5.90,非都市：特定農業區 ; 非都市編定：甲種建築用地,10000,225,持分移轉,00220000
RPWOMLOKKHKGFBG58DA,白玉段,42.52,非都市：特定農業區 ; 非都市編定：農牧用地,10000,225,持分移轉,00230000
RPWOMLOKKHKGFBG58DA,白玉段,3.71,非都市：特定農業區 ; 非都市編定：甲種建築用地,10000,225,持分移轉,00240000
RPWOMLOKKHKGFBG58DA,白玉段,19.51,非都市：特定農業區 ; 非都市編定：甲種建築用地,10000,225,持分移轉,00240015
RPWOMLOKKHKGFBG58DA,白玉段,72.00,非都市：特定農業區 ; 非都市編定：甲種建築用地,1,1,全筆移轉,00240018
RPUNMLMKKHKGFAG97DA,補城二段,2577.19,非都市：特定農業區 ; 非都市編定：農牧用地,1,1,全筆移轉,03100000
RPSOMLLLJHKGFAG77DA,鎮安段,50.82,都市：其他:商業區,211,50,持分移轉,08030000
RPSOMLLLJHKGFAG77DA,鎮安段,14.48,都市：其他:商業區,19100,1549,持分移轉,08060000
RPTNMLSJKHKGFBG48DA,龍泉段,43.88,都市：其他:住宅區,10000,231,持分移轉,06600000
RPTNMLSJKHKGFBG48DA,龍泉段,1.80,都市：其他:道路用地,10000,250,持分移轉,08090000
RPPOMLSKKHKGFAG18DA,利成段,23.95,非都市：鄉村區 ; 非都市編定：乙種建築用地,10000,180,持分移轉,05660000
RPPOMLSKKHKGFAG18DA,利成段,.76,非都市：鄉村區 ; 非都市編定：乙種建築用地,66,1,持分移轉,05660036
RPPOMLSKKHKGFAG18DA,利成段,1.97,非都市：鄉村區 ; 非都市編定：乙種建築用地,10000,180,持分移轉,05660050
RPPOMLSKKHKGFAG18DA,利成段,.17,非都市：一般農業區 ; 非都市編定：農牧用地,8328672,1115,持分移轉,05700000
RPPOMLSKKHKGFAG18DA,利成段,7.31,非都市：一般農業區 ; 非都市編定：農牧用地,66,1,持分移轉,05740000
RPPOMLSKKHKGFAG18DA,利成段,14.11,非都市：一般農業區 ; 非都市編定：農牧用地,41,1,持分移轉,05740001
RPPOMLSKKHKGFAG18DA,利成段,1.12,非都市：一般農業區 ; 非都市編定：農牧用地,10000,190,持分移轉,05760001
RPSNMLRKKHKGFBG38DA,東德段,2503.21,非都市：特定農業區 ; 非都市編定：農牧用地,1,1,全筆移轉,05350000
RPROMLRKKHKGFBG38DA,中興段,65.00,非都市：特定農業區 ; 非都市編定：甲種建築用地,1,1,全筆移轉,01200000
RPUSMLLKKHKGFAG38DA,大洲二段,1626.06,非都市：特定農業區 ; 非都市編定：農牧用地,1,1,全筆移轉,11520000
RPUPMLPJKHKGFBG48DA,枕山一段,37.63,非都市：一般農業區 ; 非都市編定：甲種建築用地,16,1,持分移轉,11840000
RPUPMLPJKHKGFBG48DA,枕山一段,8.06,非都市：一般農業區 ; 非都市編定：甲種建築用地,1,1,全筆移轉,11870000
RPUPMLPJKHKGFBG48DA,枕山一段,132.59,非都市：一般農業區 ; 非都市編定：甲種建築用地,1,1,全筆移轉,11880000
RPQNMLSKKHKGFAG18DA,珍珠二段,2.98,非都市：特定農業區 ; 非都市編定：交通用地,483,226,持分移轉,02930001
RPPNMLSKKHKGFAG08DA,珍珠二段,3.38,非都市：特定農業區 ; 非都市編定：交通用地,483,257,持分移轉,02930001
RPUNMLRKKHKGFAG48DA,大吉三段,93.53,非都市：鄉村區 ; 非都市編定：乙種建築用地,1000,23,持分移轉,14440000
RPSNMLSKKHKGFAG38DA,珍珠二段,.34,非都市：特定農業區 ; 非都市編定：交通用地,2,1,持分移轉,00790001
RPRNMLSKKHKGFAG28DA,珍珠二段,.34,非都市：特定農業區 ; 非都市編定：交通用地,2,1,持分移轉,00790001
RPPNMLSJKHKGFAG97DA,興平段,28.91,都市：其他:住宅區,100000,3281,持分移轉,00600000
RPPNMLSJKHKGFAG97DA,興平段,3.59,都市：其他:道路用地,24,1,持分移轉,00660000
RPTNMLKKJHKGFBG67DA,宜商段,21.92,都市：其他:住宅區,15750,219,持分移轉,10190000
RPUOMLKKKHKGFBG97DA,黎明段,33.20,都市：其他:住宅區,10000,138,持分移轉,00740000
RPSSMLQJKHKGFAG58DA,新日興段,2867.39,非都市：特定農業區 ; 非都市編定：農牧用地,1,1,全筆移轉,02460000
RPPNMLKKKHKGFBG47EA,金盈一段,302.99,非都市：山坡地保育區 ; 非都市編定：丙種建築用地,1,1,全筆移轉,07210000
RPPNMLKKKHKGFBG47EA,金盈一段,67.15,非都市：山坡地保育區 ; 非都市編定：丙種建築用地,4,1,持分移轉,07220000
RPTNMLQJKHKGFAG18DA,香和段,72.56,都市：其他:住宅區,1,1,全筆移轉,12000044
RPTNMLQJKHKGFAG18DA,香和段,198.20,都市：其他:住宅區,1,1,全筆移轉,12330000
RPPNMLSKKHKGFBG28EA,公園段,19.85,都市：其他:健康休閒專用區四,10000,81,持分移轉,00510000
RPRNMLTKKHKGFAG38DA,鹿安一段,31.39,非都市：特定農業區 ; 非都市編定：甲種建築用地,5,2,持分移轉,09170000
RPXNMLNJKHKGFBG38DA,龍泉段,43.88,都市：其他:住宅區,10000,231,持分移轉,06600000
RPXNMLNJKHKGFBG38DA,龍泉段,1.80,都市：其他:道路用地,10000,250,持分移轉,08090000
RPTNMLNLJHKGFAG97DA,大吉一段,2544.33,非都市：特定農業區 ; 非都市編定：農牧用地,1,1,全筆移轉,01230000
RPWNMLLKKHKGFBG18DA,新塭段,28.27,非都市：一般農業區 ; 非都市編定：甲種建築用地,1000000,56548,持分移轉,01440000
RPWNMLLKKHKGFBG18DA,新塭段,.55,非都市：一般農業區 ; 非都市編定：甲種建築用地,20,1,持分移轉,01440005
RPWNMLLKKHKGFBG18DA,新塭段,.55,非都市：一般農業區 ; 非都市編定：甲種建築用地,20,1,持分移轉,01440006
RPVNMLNJKHKGFBG18DA,新福段,1983.00,非都市：特定農業區 ; 非都市編定：農牧用地,1,1,全筆移轉,06840001
RPWOMLKKKHKGFBG18DA,金七結段,76.45,都市：其他:住宅區,1,1,全筆移轉,04140000
RPWOMLKKKHKGFBG18DA,金七結段,19.35,都市：其他:住宅區,1,1,全筆移轉,04150000
RPVNMLLKKHKGFBG08DA,農權段,21.70,都市：其他:住宅區,100000,273,持分移轉,11910000
RPPPMLLKKHKGFBG67DA,黎明段,27.91,都市：其他:住宅區,10000,116,持分移轉,00740000
RPPNMLMKKHKGFBG57DA,振興一段,350.41,,1,1,全筆移轉,11280001
RPQNMLMKKHKGFBG67DA,振興一段,585.39,,1,1,全筆移轉,11280000
RPQNMLMKKHKGFBG67DA,振興一段,78.51,,1,1,全筆移轉,11280002
RPPPMLLKKHKGFAG67EA,中華段,41.00,都市：其他:商業區,2,1,持分移轉,09590000
RPTNMLKKKHKGFBG77DA,梅洲段,1329.00,非都市：特定農業區 ; 非都市編定：農牧用地,1,1,全筆移轉,03220000
RPTOMLLLJHKGFBG97DA,五權段,123.00,非都市：特定農業區 ; 非都市編定：甲種建築用地,1,1,全筆移轉,14820001
RPSNMLMKKHKGFBG87DA,坤門一段,27.01,都市：其他:住宅區,10,1,持分移轉,02780000
RPSNMLQJKHKGFBG18DA,梅洲段,19.50,非都市：特定農業區 ; 非都市編定：甲種建築用地,24,3,持分移轉,04770004
RPSNMLQJKHKGFBG18DA,梅洲段,86.58,非都市：特定農業區 ; 非都市編定：甲種建築用地,9000,750,持分移轉,04770008
RPOOMLTJJHKGFAG97DA,中福段,562.00,都市：其他:農業區,1,1,全筆移轉,11520003
RPXNMLTJJHKGFAG78DA,東榮一段,14.40,都市：其他:第一種商業區,14,1,持分移轉,01750000
RPVPMLMKKHKGFAG28DA,義成一段,1237.26,非都市：特定農業區 ; 非都市編定：農牧用地,1,1,全筆移轉,03810000
RPPQMLMKKHKGFAG77DA,和平段,160.10,都市：其他:住宅區,1,1,全筆移轉,01840001
RPPQMLMKKHKGFAG77DA,和平段,4.62,都市：其他:道路用地,3,1,持分移轉,01850000
RPXNMLRJKHKGFAG68DA,新石圍段,1465.27,非都市：特定農業區 ; 非都市編定：農牧用地,1,1,全筆移轉,08560000
RPROMLNKKHKGFAG87DA,國華段,31.97,都市：其他:商業區,10000,444,持分移轉,02950001
RPRNMLQKJHKGFAG97DA,三興段,71.25,非都市：特定農業區 ; 非都市編定：甲種建築用地,1,1,全筆移轉,09400004
RPRNMLQKJHKGFAG97DA,三興段,21.00,非都市：特定農業區 ; 非都市編定：甲種建築用地,1,1,全筆移轉,09400005
RPRNMLQKJHKGFAG97DA,三興段,8.77,非都市：特定農業區 ; 非都市編定：甲種建築用地,11,1,持分移轉,09400012
RPOPMLSJJHKGFBG08DA,梅洲段,39.82,非都市：特定農業區 ; 非都市編定：甲種建築用地,100000,3299,持分移轉,02630000
RPTNMLOKKHKGFAG08DA,大吉三段,1759.33,非都市：特定農業區 ; 非都市編定：丁種建築用地,1,1,全筆移轉,07810000
RPRNMLNKKHKGFAG77DA,大隱三段,2803.61,非都市：特定農業區 ; 非都市編定：農牧用地,1,1,全筆移轉,13740000
RPOOMLLLJHKGFAG37DA,公正段,105.00,都市：其他:住宅區,1,1,全筆移轉,02180003
RPWNMLRKKHKGFAG68DA,東安段,7.40,都市：其他:住宅區,20970,74,持分移轉,06940000
RPWNMLRKKHKGFAG68DA,東安段,.30,都市：其他:住宅區,930,3,持分移轉,06960001
RPVOMLNKKHKGFBG38DA,慈安段,18.25,都市：其他:住宅區,11050,180,持分移轉,01970000
RPPNMLOKKHKGFAG67DA,大隱段,150.00,非都市：特定農業區 ; 非都市編定：甲種建築用地,1,1,全筆移轉,01290006
RPOOMLOKKHKGFBG77DA,協民段,3100.00,非都市：特定農業區 ; 非都市編定：農牧用地,1,1,全筆移轉,04730000
RPUPMLKKKHKGFAG97DA,香和段,137.96,都市：其他:住宅區,1,1,全筆移轉,04470000
RPTOMLNLKIJGFBG28DA,烏石港段,32.55,都市：其他:住宅區,100000,896,持分移轉,06080000
RPQOMLSKKHKGFBG38DA,玉田段,44.61,非都市：特定農業區 ; 非都市編定：甲種建築用地,50000,1253,持分移轉,08660001
RPSOMLSKKHKGFBG58DA,新福段,1192.00,非都市：特定農業區 ; 非都市編定：農牧用地,1,1,全筆移轉,05280001
RPRNMLTKKHKGFBG58EA,內湖一段,95.67,非都市：鄉村區 ; 非都市編定：乙種建築用地,1,1,全筆移轉,06250000
RPWOMLSKKHKGFBG98DA,艮門三段,8.67,都市：其他:商業區,100000,1155,持分移轉,05220000
RPWOMLSKKHKGFBG98DA,艮門三段,34.78,都市：其他:住宅區,100000,1155,持分移轉,05230000
RPPNMLKLJHKGFAG27DA,東光段,112.00,都市：其他:商業區,1,1,全筆移轉,01060000
SPUPMLKKKHKGFAG08DA,香和段,42.11,都市：其他:住宅區,2,1,持分移轉,04460000
RPVNMLOKKHKGFAG28DA,北成一段,30.52,非都市：特定農業區 ; 非都市編定：農牧用地,6319,299,持分移轉,01490000
RPVNMLOKKHKGFAG28DA,北成一段,129.88,非都市：特定農業區 ; 非都市編定：農牧用地,1,1,全筆移轉,01570000
RPVNMLOKKHKGFAG28DA,天山段,2516.07,非都市：森林區 ; 非都市編定：農牧用地,1,1,全筆移轉,08550000
RPOOMLOJKHKGFAG57DA,大湖段,2021.23,非都市：特定農業區 ; 非都市編定：農牧用地,1,1,全筆移轉,02850000
RPOOMLOJKHKGFAG57DA,大湖段,2643.52,非都市：特定農業區 ; 非都市編定：農牧用地,1,1,全筆移轉,02890000
RPQOMLOKKHKGFBG97DA,拔雅林一段,28.32,都市：其他:住宅區,4,1,持分移轉,02150000
RPUOMLKMKIJGFBG18DA,坤門一段,86.44,都市：其他:商業區,1,1,全筆移轉,05190000
RPUNMLRKKHKGFBG58DA,玉石段,26.35,都市：其他:住宅區,10000,112,持分移轉,05740000
RPPRMLLKKHKGFAG77DA,新萬貴段,1066.87,非都市：特定農業區 ; 非都市編定：農牧用地,1,1,全筆移轉,01570000
RPWNMLOKKHKGFBG48DA,乾門一段,59.66,都市：其他:住宅區,1,1,全筆移轉,09180000
RPPNMLSKKHKGFBG18DA,永結段,842.71,非都市：一般農業區 ; 非都市編定：甲種建築用地,1,1,全筆移轉,05320000
RPPNMLSKKHKGFBG18DA,永結段,1264.07,非都市：一般農業區 ; 非都市編定：甲種建築用地,1,1,全筆移轉,05320001
RPVTMLLKKHKGFAG58DA,北成一段,5.69,非都市：特定農業區 ; 非都市編定：甲種建築用地,30000,300,持分移轉,03130000
RPVTMLLKKHKGFAG58DA,北成一段,15.35,非都市：特定農業區 ; 非都市編定：甲種建築用地,30000,300,持分移轉,03140000
RPOPMLSKKHKGFBG28DA,美城段,1022.00,非都市：特定農業區 ; 非都市編定：農牧用地,1,1,全筆移轉,05220000
RPQNMLSKKHKGFBG28DA,中興段,2196.00,非都市：特定農業區 ; 非都市編定：農牧用地,1,1,全筆移轉,01730000
RPTNMLSKKHKGFBG58DA,中興段,2412.00,非都市：特定農業區 ; 非都市編定：農牧用地,1,1,全筆移轉,01740000
RPTNMLSKKHKGFBG58DA,中興段,2414.00,非都市：特定農業區 ; 非都市編定：農牧用地,1,1,全筆移轉,01750000
RPRNMLKKJHKGFAG37DA,北成段,86.00,都市：其他:住宅區,1,1,全筆移轉,00340000
RPPNMLTKKHKGFBG38EA,新二圍段,156.72,非都市：鄉村區 ; 非都市編定：乙種建築用地,1,1,全筆移轉,08330000
RPPNMLTKKHKGFBG38EA,新二圍段,157.92,非都市：鄉村區 ; 非都市編定：乙種建築用地,1,1,全筆移轉,08340000
RPPNMLTKKHKGFBG38EA,新二圍段,158.27,非都市：鄉村區 ; 非都市編定：乙種建築用地,1,1,全筆移轉,08350000
RPPNMLTKKHKGFBG38EA,新二圍段,85.01,非都市：鄉村區 ; 非都市編定：乙種建築用地,1,1,全筆移轉,08360000
RPPOMLRKJHKGFBG08DA,金七結段,31.39,都市：其他:住宅區,10000,131,持分移轉,08750000
RPUNMLRKJHKGFBG48DA,壯東段,2783.00,非都市：一般農業區 ; 非都市編定：農牧用地,1,1,全筆移轉,06960001
RPUNMLNKKHKGFAG08DA,公正段,53.43,都市：其他:住宅區,10000,1112,持分移轉,13700012
RPUNMLNKKHKGFAG08DA,公正段,75.00,都市：其他:住宅區,1,1,全筆移轉,13700032
RPQOMLRKKHKGFBG28DA,艮門一段,48.79,都市：其他:住宅區,1291050,99505,持分移轉,05010000
RPQOMLRKKHKGFBG28DA,艮門一段,1.63,都市：其他:住宅區,1291050,99505,持分移轉,05030000
RPQOMLRKKHKGFBG28DA,艮門一段,.06,都市：其他:住宅區,1291050,99505,持分移轉,05040000
RPUOMLQKJHKGFAG38DA,永愛段,90.19,都市：其他:住宅區,10000,461,持分移轉,10090000
RPPOMLMKKHKGFBG67DA,金六結二段,19.00,都市：其他:住宅區,1,1,全筆移轉,09760000
RPPOMLMKKHKGFBG67DA,金六結二段,80.50,都市：其他:住宅區,1,1,全筆移轉,09770000
RPPOMLSJKHKGFAG08DA,國華段,100.00,都市：其他:住宅區,1,1,全筆移轉,03550003
RPUNMLMKKHKGFBG08DA,武營段,144.52,都市：其他:住宅區,1,1,全筆移轉,12480000
RPTOMLKKKHKGFBG87DA,協天段,9.28,都市：其他:住宅區,10000,265,持分移轉,07700000
RPUNMLOKKHKGFAG18DA,大坑段,729.64,非都市：特定農業區 ; 非都市編定：農牧用地,1,1,全筆移轉,03070000
SPUNMLOKKHKGFAG28DA,大坑段,765.03,非都市：特定農業區 ; 非都市編定：甲種建築用地,1,1,全筆移轉,03080000
RPPNMLRKKHKGFAG97DA,廣安段,907.55,非都市：特定農業區 ; 非都市編定：農牧用地,1,1,全筆移轉,02630000
RPPNMLRKKHKGFAG97DA,廣安段,1611.76,非都市：特定農業區 ; 非都市編定：農牧用地,1,1,全筆移轉,02640000
RPPOMLKKKIJGFBG47DA,美城段,37.17,非都市：特定農業區 ; 非都市編定：甲種建築用地,6,1,持分移轉,10490003
RPPOMLKKKIJGFBG47DA,美城段,149.50,非都市：特定農業區 ; 非都市編定：甲種建築用地,1,1,全筆移轉,10490004
RPWOMLMKKHKGFBG38DA,新三泰段,33.58,非都市：特定農業區 ; 非都市編定：甲種建築用地,100000,4875,持分移轉,17130000
RPWOMLMKKHKGFBG38DA,新三泰段,49.58,非都市：特定農業區 ; 非都市編定：農牧用地,1000000,54736,持分移轉,17140000
RPOOMLNLKIJGFAG67DA,維揚段,121.00,都市：其他:住宅區,1,1,全筆移轉,07340003
RPQOMLKKKHKGFBG57DA,新三泰段,33.58,非都市：特定農業區 ; 非都市編定：甲種建築用地,100000,4875,持分移轉,17130000
RPQOMLKKKHKGFBG57DA,新三泰段,49.58,非都市：特定農業區 ; 非都市編定：農牧用地,1000000,54736,持分移轉,17140000
RPXNMLKKKHKGFBG18DA,新三泰段,33.58,非都市：特定農業區 ; 非都市編定：甲種建築用地,100000,4875,持分移轉,17130000
RPXNMLKKKHKGFBG18DA,新三泰段,49.58,非都市：特定農業區 ; 非都市編定：農牧用地,1000000,54736,持分移轉,17140000
RPQNMLNKKHKGFBG77DA,坤門二段,104.17,都市：其他:住宅區,1,1,全筆移轉,09130000
RPQNMLNKKHKGFBG77DA,坤門二段,84.94,都市：其他:住宅區,1,1,全筆移轉,09140000
RPQNMLNKKHKGFBG77DA,坤門二段,3.94,都市：其他:住宅區,1,1,全筆移轉,09140001
RPOOMLKKKHKGFBG37DA,新三泰段,40.53,非都市：特定農業區 ; 非都市編定：甲種建築用地,100000,5884,持分移轉,17130000
RPOOMLKKKHKGFBG37DA,新三泰段,49.58,非都市：特定農業區 ; 非都市編定：農牧用地,1000000,54736,持分移轉,17140000
RPQOMLNKKHKGFBG87DA,深賢段,591.33,非都市：特定農業區 ; 非都市編定：甲種建築用地,1,1,全筆移轉,09720000
RPVNMLQLKIJGFBG68DA,坤門三段,124.75,都市：其他:住宅區,1,1,全筆移轉,03860000
RPQPMLLKKHKGFAG67DA,新群二段,32.92,非都市：特定農業區 ; 非都市編定：甲種建築用地,10000,306,持分移轉,05680000
RPVOMLMKKHKGFBG28DA,新三泰段,40.53,非都市：特定農業區 ; 非都市編定：甲種建築用地,100000,5884,持分移轉,17130000
RPVOMLMKKHKGFBG28DA,新三泰段,49.58,非都市：特定農業區 ; 非都市編定：農牧用地,1000000,54736,持分移轉,17140000
RPXNMLLKKHKGFAG18DA,新群二段,31.63,非都市：特定農業區 ; 非都市編定：甲種建築用地,10000,294,持分移轉,05680000
RPUNMLKMKIJGFAG97DA,武淵二段,48.45,非都市：特定農業區 ; 非都市編定：甲種建築用地,10000,696,持分移轉,02690000
RPRPMLLKKHKGFAG77DA,新群二段,32.92,非都市：特定農業區 ; 非都市編定：甲種建築用地,10000,306,持分移轉,05680000
RPROMLLKKHKGFAG67DA,新群二段,35.29,非都市：特定農業區 ; 非都市編定：甲種建築用地,10000,328,持分移轉,05680000
RPOPMLLKKHKGFAG47DA,新群二段,33.13,非都市：特定農業區 ; 非都市編定：甲種建築用地,10000,308,持分移轉,05680000
RPOOMLLKKHKGFAG37DA,新群二段,31.63,非都市：特定農業區 ; 非都市編定：甲種建築用地,10000,294,持分移轉,05680000
RPTPMLLKKHKGFAG97DA,新群二段,31.52,非都市：特定農業區 ; 非都市編定：甲種建築用地,10000,293,持分移轉,05680000
RPPOMLKKKHKGFBG47DA,新三泰段,49.26,非都市：特定農業區 ; 非都市編定：甲種建築用地,100000,7150,持分移轉,17130000
RPPOMLKKKHKGFBG47DA,新三泰段,49.58,非都市：特定農業區 ; 非都市編定：農牧用地,1000000,54736,持分移轉,17140000
RPUPMLLKKHKGFAG08DA,新群二段,31.52,非都市：特定農業區 ; 非都市編定：甲種建築用地,10000,293,持分移轉,05680000
RPTNMLLKKHKGFBG87DA,玉田段,2400.00,非都市：特定農業區 ; 非都市編定：農牧用地,1,1,全筆移轉,12400000
RPWNMLMKKHKGFBG28DA,新三泰段,41.55,非都市：特定農業區 ; 非都市編定：甲種建築用地,100000,6031,持分移轉,17130000
RPWNMLMKKHKGFBG28DA,新三泰段,49.58,非都市：特定農業區 ; 非都市編定：農牧用地,1000000,54736,持分移轉,17140000
RPTNMLNKKHKGFBG08DA,湖北段,750.34,非都市：特定農業區 ; 非都市編定：農牧用地,1,1,全筆移轉,04750000
RPURMLLKKHKGFAG28DA,中華段,34.36,都市：其他:住宅區,100000,2170,持分移轉,02090000
RPURMLLKKHKGFAG28DA,中華段,.06,都市：其他:綠地,100000,2170,持分移轉,02090001
RPQSMLLKKHKGFAG97DA,中華段,25.46,都市：其他:住宅區,100000,1608,持分移轉,02090000
RPQSMLLKKHKGFAG97DA,中華段,.05,都市：其他:綠地,100000,1608,持分移轉,02090001
RPWNMLNJKHKGFAG18DA,大隱段,1850.00,非都市：特定農業區 ; 非都市編定：農牧用地,1,1,全筆移轉,02130000
RPWNMLKKKHKGFBG08DA,新三泰段,41.55,非都市：特定農業區 ; 非都市編定：甲種建築用地,100000,6031,持分移轉,17130000
RPWNMLKKKHKGFBG08DA,新三泰段,49.58,非都市：特定農業區 ; 非都市編定：農牧用地,1000000,54736,持分移轉,17140000
RPTOMLMKKHKGFBG08DA,新三泰段,41.55,非都市：特定農業區 ; 非都市編定：甲種建築用地,100000,6031,持分移轉,17130000
RPTOMLMKKHKGFBG08DA,新三泰段,49.58,非都市：特定農業區 ; 非都市編定：農牧用地,1000000,54736,持分移轉,17140000
RPSOMLKKKHKGFBG77DA,新三泰段,37.14,非都市：特定農業區 ; 非都市編定：甲種建築用地,100000,5392,持分移轉,17130000
RPSOMLKKKHKGFBG77DA,新三泰段,81.19,非都市：特定農業區 ; 非都市編定：農牧用地,1000000,89637,持分移轉,17140000
RPXNMLMKKHKGFBG38DA,新三泰段,37.38,非都市：特定農業區 ; 非都市編定：甲種建築用地,100000,5426,持分移轉,17130000
RPXNMLMKKHKGFBG38DA,新三泰段,49.58,非都市：特定農業區 ; 非都市編定：農牧用地,1000000,54736,持分移轉,17140000
RPPSMLLKKHKGFAG87DA,中華段,23.62,都市：其他:住宅區,100000,1492,持分移轉,02090000
RPPSMLLKKHKGFAG87DA,中華段,.04,都市：其他:綠地,100000,1492,持分移轉,02090001
RPRRMLLKKHKGFAG97DA,中華段,23.62,都市：其他:住宅區,100000,1492,持分移轉,02090000
RPRRMLLKKHKGFAG97DA,中華段,.04,都市：其他:綠地,100000,1492,持分移轉,02090001
RPSRMLLKKHKGFAG08DA,中華段,19.16,都市：其他:住宅區,100000,1210,持分移轉,02090000
RPSRMLLKKHKGFAG08DA,中華段,.04,都市：其他:綠地,100000,1210,持分移轉,02090001
RPQOMLSKKHKGFAG28DA,信義段,21.11,都市：其他:商業區,10000,669,持分移轉,08030001
RPSOMLRJKHKGFBG38DA,美城段,1660.00,非都市：特定農業區 ; 非都市編定：農牧用地,1,1,全筆移轉,03370000
RPQOMLLKKHKGFBG67DA,協民段,1359.00,非都市：特定農業區 ; 非都市編定：農牧用地,1,1,全筆移轉,00390000
RPVPMLPJKHKGFBG58DA,東村段,31.13,都市：其他:住宅區,10000,127,持分移轉,06470000
RPVPMLPJKHKGFBG58DA,東村段,.50,都市：其他:農業區,72,1,持分移轉,06490001
RPVPMLPJKHKGFBG58DA,東村段,3.39,都市：其他:農業區,72,1,持分移轉,06490002
RPVPMLPJKHKGFBG58DA,東村段,2.98,都市：其他:農業區,72,1,持分移轉,06510010
RPTRMLLKKHKGFAG18DA,中華段,34.42,都市：其他:住宅區,100000,2174,持分移轉,02090000
RPTRMLLKKHKGFAG18DA,中華段,.06,都市：其他:綠地,100000,2174,持分移轉,02090001
RPQNMLSJKHKGFAG08DA,尾塹一段,486.85,非都市：特定農業區 ; 非都市編定：農牧用地,1,1,全筆移轉,01340000
RPQNMLSJKHKGFAG08DA,尾塹一段,.71,非都市：河川區 ; 非都市編定：農牧用地,1,1,全筆移轉,01340001
RPSOMLSKKHKGFAG48DA,大隱二段,1292.25,非都市：特定農業區 ; 非都市編定：農牧用地,1,1,全筆移轉,04790000
RPTNMLLKKHKGFAG77DA,新群二段,30.12,非都市：特定農業區 ; 非都市編定：甲種建築用地,10000,280,持分移轉,05680000
RPSNMLLKKHKGFAG67DA,新群二段,43.03,非都市：特定農業區 ; 非都市編定：甲種建築用地,10000,400,持分移轉,05680000
RPSOMLLKKHKGFAG77DA,新群二段,35.29,非都市：特定農業區 ; 非都市編定：甲種建築用地,10000,328,持分移轉,05680000
RPUNMLLKKHKGFAG87DA,新群二段,32.17,非都市：特定農業區 ; 非都市編定：甲種建築用地,10000,299,持分移轉,05680000
RPUOMLLKKHKGFAG97DA,新群二段,34.96,非都市：特定農業區 ; 非都市編定：甲種建築用地,10000,325,持分移轉,05680000
RPRPMLQJKHKGFBG28DA,吉祥二段,44.80,都市：其他:住宅區,100000,4397,持分移轉,06040000
RPSNMLOLJHKGFBG08DA,新店段,26.26,都市：其他:住宅區,10000,280,持分移轉,06440000
RPSPMLQJKHKGFBG38DA,吉祥二段,37.50,都市：其他:住宅區,100000,3680,持分移轉,06040000
RPQNMLLKKHKGFAG47DA,新群二段,38.94,非都市：特定農業區 ; 非都市編定：甲種建築用地,10000,362,持分移轉,05680000
RPVNMLLKKHKGFAG97DA,新群二段,32.17,非都市：特定農業區 ; 非都市編定：甲種建築用地,10000,299,持分移轉,05680000
RPRNMLLKKHKGFAG57DA,新群二段,43.03,非都市：特定農業區 ; 非都市編定：甲種建築用地,10000,400,持分移轉,05680000
RPPOMLLKKHKGFAG47DA,新群二段,35.29,非都市：特定農業區 ; 非都市編定：甲種建築用地,10000,328,持分移轉,05680000
RPWNMLLKKHKGFAG08DA,新群二段,29.69,非都市：特定農業區 ; 非都市編定：甲種建築用地,10000,276,持分移轉,05680000
RPTOMLLKKHKGFAG87DA,新群二段,32.06,非都市：特定農業區 ; 非都市編定：甲種建築用地,10000,298,持分移轉,05680000
RPXOMLLKKHKGFAG28DA,新群二段,33.13,非都市：特定農業區 ; 非都市編定：甲種建築用地,10000,308,持分移轉,05680000
RPWOMLLKKHKGFAG18DA,新群二段,29.91,非都市：特定農業區 ; 非都市編定：甲種建築用地,10000,278,持分移轉,05680000
RPWTMLLKKHKGFAG68DA,中華段,25.41,都市：其他:住宅區,100000,1605,持分移轉,02090000
RPWTMLLKKHKGFAG68DA,中華段,.05,都市：其他:綠地,100000,1605,持分移轉,02090001
RPPPMLLKKHKGFAG57DA,新群二段,33.13,非都市：特定農業區 ; 非都市編定：甲種建築用地,10000,308,持分移轉,05680000
RPSPMLLKKHKGFAG87DA,新群二段,32.92,非都市：特定農業區 ; 非都市編定：甲種建築用地,10000,306,持分移轉,05680000
RPPOMLPJKHKGFBG87DA,過港段,.19,都市：其他:住宅區,1000,63,持分移轉,02950000
RPPOMLPJKHKGFBG87DA,過港段,15.31,都市：其他:住宅區,10000,373,持分移轉,02960000
RPTSMLLKKHKGFAG28DA,中華段,34.42,都市：其他:住宅區,100000,2174,持分移轉,02090000
RPTSMLLKKHKGFAG28DA,中華段,.06,都市：其他:綠地,100000,2174,持分移轉,02090001
RPRSMLLKKHKGFAG08DA,中華段,34.42,都市：其他:住宅區,100000,2174,持分移轉,02090000
RPRSMLLKKHKGFAG08DA,中華段,.06,都市：其他:綠地,100000,2174,持分移轉,02090001
RPPPMLQJKHKGFBG08DA,吉祥二段,37.50,都市：其他:住宅區,100000,3680,持分移轉,06040000
RPPOMLLKIIJGFAG27DA,孝威一段,1627.14,非都市：風景區 ; 非都市編定：農牧用地,1,1,全筆移轉,01720000
RPQOMLKKKHKGFAG47DA,利工段,6426.31,非都市：工業區 ; 非都市編定：丁種建築用地,1,1,全筆移轉,00260000
RPVNMLRJKHKGFBG58DA,吉祥二段,37.50,都市：其他:住宅區,100000,3680,持分移轉,06040000
RPWOMLLKKHKGFBG28DA,五權段,1976.00,非都市：特定農業區 ; 非都市編定：農牧用地,1,1,全筆移轉,09410000
RPUNMLRJKHKGFBG48DA,吉祥二段,37.50,都市：其他:住宅區,100000,3680,持分移轉,06040000
RPQPMLQJKHKGFBG18DA,吉祥二段,30.08,都市：其他:住宅區,100000,2952,持分移轉,06040000
RPTNMLRJKHKGFBG38DA,吉祥二段,40.59,都市：其他:住宅區,100000,3984,持分移轉,06040000
RPXNMLRJKHKGFBG78DA,吉祥二段,40.59,都市：其他:住宅區,100000,3984,持分移轉,06040000
RPWNMLRJKHKGFBG68DA,吉祥二段,30.08,都市：其他:住宅區,100000,2952,持分移轉,06040000
RPUPMLQJKHKGFBG58DA,吉祥二段,30.08,都市：其他:住宅區,100000,2952,持分移轉,06040000
RPPNMLRJKHKGFBG97DA,吉祥二段,40.59,都市：其他:住宅區,100000,3984,持分移轉,06040000
RPQNMLRJKHKGFBG08DA,吉祥二段,37.50,都市：其他:住宅區,100000,3680,持分移轉,06040000
RPRNMLRJKHKGFBG18DA,吉祥二段,37.50,都市：其他:住宅區,100000,3680,持分移轉,06040000
RPSNMLRJKHKGFBG28DA,吉祥二段,30.08,都市：其他:住宅區,100000,2952,持分移轉,06040000
RPTPMLQJKHKGFBG48DA,吉祥二段,37.50,都市：其他:住宅區,100000,3680,持分移轉,06040000
RPOPMLQJKHKGFBG97DA,吉祥二段,37.50,都市：其他:住宅區,100000,3680,持分移轉,06040000
RPXPMLPJKHKGFBG78DA,東村段,31.37,都市：其他:住宅區,10000,128,持分移轉,06470000
RPXPMLPJKHKGFBG78DA,東村段,.50,都市：其他:農業區,72,1,持分移轉,06490001
RPXPMLPJKHKGFBG78DA,東村段,3.39,都市：其他:農業區,72,1,持分移轉,06490002
RPXPMLPJKHKGFBG78DA,東村段,2.98,都市：其他:農業區,72,1,持分移轉,06510010
RPXNMLOKKHKGFBG58DA,復興段,1982.00,非都市：特定農業區 ; 非都市編定：農牧用地,1,1,全筆移轉,03680000
RPSOMLRKKHKGFBG48DA,中興段,1499.00,非都市：特定農業區 ; 非都市編定：農牧用地,1,1,全筆移轉,05330000
RPUPMLMKKHKGFAG18DA,鹿得一段,1867.43,非都市：特定農業區 ; 非都市編定：農牧用地,1,1,全筆移轉,07110000
RPOOMLMKKHKGFAG47DA,補城二段,278.83,非都市：特定農業區 ; 非都市編定：農牧用地,1,1,全筆移轉,03750000
RPQNMLKKKIJGFBG47DA,新福段,1444.00,非都市：特定農業區 ; 非都市編定：農牧用地,1,1,全筆移轉,05990000
RPQNMLKKKIJGFBG47DA,新福段,2046.00,非都市：特定農業區 ; 非都市編定：農牧用地,1,1,全筆移轉,06010000
RPTQMLPJKHKGFBG48DA,東村段,31.37,都市：其他:住宅區,10000,128,持分移轉,06470000
RPTQMLPJKHKGFBG48DA,東村段,.50,都市：其他:農業區,72,1,持分移轉,06490001
RPTQMLPJKHKGFBG48DA,東村段,3.39,都市：其他:農業區,72,1,持分移轉,06490002
RPTQMLPJKHKGFBG48DA,東村段,2.98,都市：其他:農業區,72,1,持分移轉,06510010
RPRQMLPJKHKGFBG28DA,東村段,31.37,都市：其他:住宅區,10000,128,持分移轉,06470000
RPRQMLPJKHKGFBG28DA,東村段,.50,都市：其他:農業區,72,1,持分移轉,06490001
RPRQMLPJKHKGFBG28DA,東村段,3.39,都市：其他:農業區,72,1,持分移轉,06490002
RPRQMLPJKHKGFBG28DA,東村段,2.98,都市：其他:農業區,72,1,持分移轉,06510010
RPPQMLPJKHKGFBG08DA,東村段,31.13,都市：其他:住宅區,10000,127,持分移轉,06470000
RPPQMLPJKHKGFBG08DA,東村段,.50,都市：其他:農業區,72,1,持分移轉,06490001
RPPQMLPJKHKGFBG08DA,東村段,3.39,都市：其他:農業區,72,1,持分移轉,06490002
RPPQMLPJKHKGFBG08DA,東村段,2.98,都市：其他:農業區,72,1,持分移轉,06510010
RPVQMLPJKHKGFBG68DA,東村段,31.37,都市：其他:住宅區,10000,128,持分移轉,06470000
RPVQMLPJKHKGFBG68DA,東村段,.50,都市：其他:農業區,72,1,持分移轉,06490001
RPVQMLPJKHKGFBG68DA,東村段,3.39,都市：其他:農業區,72,1,持分移轉,06490002
RPVQMLPJKHKGFBG68DA,東村段,2.98,都市：其他:農業區,72,1,持分移轉,06510010
