﻿鄉鎮市區,交易標的,土地位置建物門牌,土地移轉總面積平方公尺,都市土地使用分區,非都市土地使用分區,非都市土地使用編定,交易年月日,交易筆棟數,移轉層次,總樓層數,建物型態,主要用途,主要建材,建築完成年月,建物移轉總面積平方公尺,建物現況格局-房,建物現況格局-廳,建物現況格局-衛,建物現況格局-隔間,有無管理組織,總價元,單價元平方公尺,車位類別,車位移轉總面積平方公尺,車位總價元,備註,編號,主建物面積,附屬建物面積,陽台面積,電梯,移轉編號
The villages and towns urban district,transaction sign,land sector position building sector house number plate,land shifting total area square meter,the use zoning or compiles and checks,the non-metropolis land use district,non-metropolis land use,transaction year month and day,transaction pen number,shifting level,total floor number,building state,main use,main building materials,construction to complete the years,building shifting total area,Building present situation pattern - room,building present situation pattern - hall,building present situation pattern - health,building present situation pattern - compartmented,Whether there is manages the organization,total price NTD,the unit price (NTD / square meter),the berth category,berth shifting total area square meter,the berth total price NTD,the note,serial number,main building area,auxiliary building area,balcony area,elevator,transaction number
三星鄉,房地(土地+建物),宜蘭縣三星鄉大隱十二路１４２巷６號,125.91,,特定農業區,甲種建築用地,1140203,土地1建物1車位0,全,三層,透天厝,住家用,鋼筋混凝土造,1020131,163.01,3,1,3,有,無,9000000,55211,,0.0,0,親友、員工、共有人或其他特殊關係間之交易；,RPQPMLTKKHKGFAG58EA,155.27,0.0,7.74,無,
宜蘭市,房地(土地+建物),宜蘭縣宜蘭市民權路二段２４０號五樓,14.12,住,,,1140208,土地1建物1車位0,五層,六層,華廈(10層含以下有電梯),住家用,鋼筋混凝土造,0871105,64.06,3,2,2,有,有,2690000,41985,,0.0,0,親友、員工、共有人或其他特殊關係間之交易；,RPPNMLKLKHKGFBG57EA,40.36,0.0,4.99,有,
員山鄉,土地,湖北段368地號,47.86,,特定農業區,農牧用地,1140215,土地1建物0車位0,,,其他,,,,0.0,0,0,0,無,無,159230,3327,,0.0,0,親友、員工、共有人或其他特殊關係間之交易；,RPQNMLKLKHKGFBG67EA,0.0,0.0,0.0,無,
宜蘭市,土地,北津段210-7地號,414.98,,特定農業區,農牧用地,1140214,土地1建物0車位0,,,其他,,,,0.0,0,0,0,無,無,2259000,5444,,0.0,0,,RPPOMLSKKHKGFBG28DA,0.0,0.0,0.0,無,
宜蘭市,土地,宜興段135地號,188.45,都市：其他:道路用地,,,1140203,土地2建物0車位0,,,其他,,,,0.0,0,0,0,無,無,2777558,14739,,0.0,0,包含公共設施保留地用地；,RPTNMLKLKHKGFBG87DA,0.0,0.0,0.0,無,001
宜蘭市,土地,東村段413-4地號,67.39,都市：其他:道路用地,,,1140203,土地1建物0車位0,,,其他,,,,0.0,0,0,0,無,無,1066110,15820,,0.0,0,包含公共設施保留地用地；,RPUNMLKLKHKGFBG97DA,0.0,0.0,0.0,無,
宜蘭市,土地,東村段413-3地號,77.49,都市：其他:道路用地,,,1140203,土地1建物0車位0,,,其他,,,,0.0,0,0,0,無,無,1225953,15821,,0.0,0,包含公共設施保留地用地；,RPVNMLKLKHKGFBG08DA,0.0,0.0,0.0,無,
冬山鄉,房地(土地+建物),宜蘭縣冬山鄉鹿安路３４９巷１弄８號,75.15,住,,,1140208,土地1建物1車位0,全,二層,透天厝,住家用,鋼筋混凝土加強磚造,0650220,90.7,3,1,1,有,無,2500000,27563,,0.0,0,由現承租人承購親友、員工、共有人或其他特殊關係間之交易；,RPXOMLMKKHKGFAG38DA,90.7,0.0,0.0,無,
宜蘭市,房地(土地+建物)+車位,宜蘭縣宜蘭市農權路三段１６３巷１號六樓之三,39.75,住,,,1140208,土地1建物1車位1,六層,十八層,住宅大樓(11層含以上有電梯),住家用,鋼筋混凝土造,1100330,184.48000000000002,3,2,2,有,有,16600000,100206,坡道平面,33.69,1490000,,RPRNMLLLKHKGFBG77DA,92.49,0.0,10.84,有,
宜蘭市,房地(土地+建物),宜蘭縣宜蘭市慈安路７０巷２弄５９號,63.66,住,,,1140201,土地1建物1車位0,全,二層,透天厝,住家用,鋼筋混凝土加強磚造,0670424,81.0,3,2,2,有,無,6180000,76296,,0.0,0,一樓空地增建其他增建；,RPUNMLOLKHKGFBG38DA,81.0,0.0,0.0,無,
蘇澳鎮,土地,慶安段302-5地號,566.02,住,,,1140214,土地33建物0車位0,,,其他,,,,0.0,0,0,0,無,無,6506000,11494,,0.0,0,,RPVNMLRKKHKGFAG58DA,0.0,0.0,0.0,無,
大同鄉,土地,四重段499地號,6225.0,,山坡地保育區,林業用地,1140217,土地2建物0車位0,,,其他,,,,0.0,0,0,0,無,無,300000,48,,0.0,0,堂兄弟親友、員工、共有人或其他特殊關係間之交易；,RPPNMLLLKHKGFAG47DA,0.0,0.0,0.0,無,
員山鄉,房地(土地+建物),宜蘭縣員山鄉員山路一段３１２巷１９號,97.91,住,,,1140203,土地1建物1車位0,全,二層,透天厝,住家用,鋼筋混凝土加強磚造,0660211,101.08,3,2,2,有,無,8450000,83597,,0.0,0,,RPRNMLOJKHKGFBG87DA,101.08,0.0,0.0,無,002
宜蘭市,房地(土地+建物),宜蘭縣宜蘭市西門路２１巷３７號,62.01,住,,,1140208,土地1建物1車位0,全,二層,透天厝,住家用,鋼筋混凝土加強磚造,0660224,89.92,3,2,3,有,無,7800000,86744,,0.0,0,一樓後方增建廚房及增建至三樓、三樓增建鐵皮其他增建；,RPUNMLLLKHKGFBG08DA,89.92,0.0,0.0,無,
頭城鎮,房地(土地+建物),宜蘭縣頭城鎮大坑路６２號,994.84,農,,,1140203,土地1建物1車位0,全,一層,透天厝,農業用,鋼筋混凝土造,0970805,34.75,1,2,1,有,無,12000000,345324,,0.0,0,本筆買賣增值稅由買方負擔繳納其他增建；未登記建物；未登記建物；農作物；,RPTNMLPLKHKGFBG38DA,34.75,0.0,0.0,無,
南澳鄉,土地,鹿皮段101地號,1620.0,,山坡地保育區,農牧用地,1140217,土地1建物0車位0,,,其他,,,,0.0,0,0,0,無,無,280000,173,,0.0,0,,RPQPMLOLKHKGFAG18EA,0.0,0.0,0.0,無,
宜蘭市,房地(土地+建物),宜蘭縣宜蘭市吉祥路９１之１號,94.82,住,,,1140211,土地2建物1車位0,全,四層,透天厝,住商用,鋼筋混凝土造,1130918,298.16,5,2,5,有,無,25000000,83848,,0.0,0,,RPPNMLOLKHKGFBG97EA,291.41,0.0,6.75,無,
冬山鄉,房地(土地+建物),宜蘭縣冬山鄉香中路１６２巷２８號,118.55,工,,,1140204,土地3建物1車位0,全,三層,透天厝,商業用,鋼筋混凝土造,0971215,187.23,5,2,3,有,無,9880000,52769,,0.0,0,,RPVNMLPJKHKGFAG28DA,159.95,6.39,20.89,無,
羅東鎮,房地(土地+建物)+車位,宜蘭縣羅東鎮羅莊街２３５號四樓,31.2,,特定農業區,甲種建築用地,1140203,土地4建物1車位1,四層,四層,華廈(10層含以下有電梯),住家用,鋼筋混凝土（ＲＣ）,1130916,83.39,2,2,1,有,無,8100000,97134,一樓平面,0.0,0,,RPVOMLPLKHKGFAG58DA,46.14,0.0,7.69,有,003
宜蘭市,房地(土地+建物),宜蘭縣宜蘭市民族路４３３號五樓,7.11,住,,,1140213,土地2建物1車位0,五層,七層,華廈(10層含以下有電梯),住家用,鋼筋混凝土造,0851220,58.230000000000004,1,1,1,有,有,4250000,72986,,0.0,0,陽台加裝鋁窗陽台外推；其他增建；,RPRNMLOLKHKGFBG08DA,34.51,0.0,11.74,有,
羅東鎮,房地(土地+建物),宜蘭縣羅東鎮公正路１７１巷９號,161.0,住,,,1140117,土地2建物1車位0,全,二層,透天厝,住家用,加強磚造,0530527,131.34,0,0,0,無,無,18000000,137049,,0.0,0,,RPXNMLKKKHKGFAG08DA,131.34,0.0,0.0,無,
壯圍鄉,房地(土地+建物),宜蘭縣壯圍鄉大福路二段１５０巷１７弄１０之１０號二樓,95.86,,特定農業區,農牧用地,1140118,土地3建物1車位0,二層,四層,公寓(5樓含以下無電梯),住家用,鋼筋混凝土造,1090901,73.57000000000001,1,1,2,有,有,7980000,108468,,0.0,0,,RPPNMLRKKHKGFBG08DA,57.57,0.0,9.41,無,004
礁溪鄉,房地(土地+建物),宜蘭縣礁溪鄉奇峰街２４號,18.31,住,,,1140105,土地1建物1車位0,一層,五層,公寓(5樓含以下無電梯),住家用,鋼筋混凝土造,0690612,55.27,2,1,1,有,無,3800000,68753,,0.0,0,陽台外推；,RPRNMLRKKHKGFBG28DA,55.27,0.0,0.0,無,
礁溪鄉,土地,玉田段515地號,66.6,,特定農業區,甲種建築用地,1140113,土地2建物0車位0,,,其他,,,,0.0,0,0,0,無,無,700000,10511,,0.0,0,賣方實拿價金70萬元。,RPQOMLKLKHKGFBG67DA,0.0,0.0,0.0,無,005
冬山鄉,房地(土地+建物),宜蘭縣冬山鄉順安路１４３巷５弄１６號,79.19,,鄉村區,乙種建築用地,1140105,土地1建物1車位0,全,四層,透天厝,住家用,鋼筋混凝土造,0830228,173.94,4,2,3,有,無,5800000,33345,,0.0,0,,RPPNMLPJJHKGFAG57DA,164.86,1.32,7.76,無,
蘇澳鎮,房地(土地+建物),宜蘭縣蘇澳鎮蘇東中路１４號十樓之７,7.79,商,,,1140114,土地2建物1車位0,十層,十一層,住宅大樓(11層含以上有電梯),住家用,鋼筋混凝土造,0720719,78.32,1,1,1,有,有,2150000,27451,,0.0,0,,RPTOMLKLJHKGFAG77DA,63.18,0.0,0.0,有,006
三星鄉,房地(土地+建物),宜蘭縣三星鄉雙義路１８８巷４１號,114.64,住,,,1140115,土地2建物1車位0,全,三層,透天厝,住家用,鋼筋混凝土造,1130809,149.29,4,2,4,有,無,9800000,65644,,0.0,0,,RPVNMLNKKHKGFAG18DA,135.37,0.0,13.92,無,
三星鄉,土地,新日興段728地號,4281.86,,特定農業區,農牧用地,1140102,土地2建物0車位0,,,其他,,,,0.0,0,0,0,無,無,14800000,3456,,0.0,0,,RPVQMLTKKHKGFAG09DA,0.0,0.0,0.0,無,
三星鄉,土地,新頂義段193地號,1684.52,,特定農業區,農牧用地,1140122,土地1建物0車位0,,,其他,,,,0.0,0,0,0,無,無,11617968,6897,,0.0,0,,RPPNMLKLKHKGFAG37DA,0.0,0.0,0.0,無,
員山鄉,房地(土地+建物),宜蘭縣員山鄉大湖二十二路１１０巷５號,508.1,,特定農業區,甲種建築用地,1140102,土地3建物1車位0,全,二層,透天厝,住家用,鋼筋混凝土加強磚造,0800410,229.57,4,3,2,有,無,10500000,45738,,0.0,0,其他增建；,RPWNMLRKJHKGFBG68DA,221.95,7.62,0.0,無,
礁溪鄉,房地(土地+建物),宜蘭縣礁溪鄉淇武蘭一路９０號,740.0,,特定農業區,農牧用地,1140101,土地1建物1車位0,全,一層,透天厝,其他,鋼筋混凝土造,1130124,44.1,0,0,0,無,無,10560000,239456,,0.0,0,,RPPNMLKLKHKGFBG47DA,44.1,0.0,0.0,無,
壯圍鄉,房地(土地+建物),宜蘭縣壯圍鄉美功路二段１６１號,1280.0,,特定農業區,農牧用地,1140102,土地1建物1車位0,全,三層,透天厝,農業用,鋼筋混凝土造,1131017,367.12,5,2,6,有,無,26500000,72183,,0.0,0,,RPQNMLKLKHKGFBG57DA,367.12,0.0,0.0,有,007
五結鄉,房地(土地+建物),宜蘭縣五結鄉成鳳路２號,106.15,,一般農業區,甲種建築用地,1140101,土地1建物1車位0,全,二層,透天厝,住家用,鋼筋混凝土加強磚造,0700303,123.44,0,0,0,無,無,2380000,19281,,0.0,0,,RPOOMLSKKHKGFAG08DA,123.44,0.0,0.0,無,
冬山鄉,土地,柯林二段792地號,1090.96,,特定農業區,農牧用地,1140108,土地1建物0車位0,,,其他,,,,0.0,0,0,0,無,無,4950000,4537,,0.0,0,,RPSNMLKLKHKGFAG67DA,0.0,0.0,0.0,無,008
羅東鎮,房地(土地+建物),宜蘭縣羅東鎮林森路１６３號,78.0,住,,,1140102,土地1建物1車位0,全,二層,透天厝,住家用,鋼筋混凝土加強磚造,0570328,84.4,6,3,2,有,無,11500000,136256,,0.0,0,頂樓加蓋；其他增建；,RPROMLOLKHKGFAG08DA,84.4,0.0,0.0,無,
宜蘭市,房地(土地+建物),宜蘭縣宜蘭市民權新路４７巷６弄１７之４號,42.19,住,,,1140112,土地5建物1車位0,五層,五層,公寓(5樓含以下無電梯),住家用,鋼筋混凝土造,0720511,108.98,4,2,2,有,無,5000000,45880,,0.0,0,陽台外推；,RPWNMLKLKHKGFBG18DA,93.56,0.0,10.71,無,
宜蘭市,房地(土地+建物)+車位,宜蘭縣宜蘭市農權路三段１６３巷１號十五樓之五,39.67,住,,,1140115,土地1建物1車位1,十五層,十八層,住宅大樓(11層含以上有電梯),住家用,鋼筋混凝土造,1100330,184.06,3,2,2,有,有,21000000,130412,坡道平面,33.69,1390000,,RPQNMLLLKHKGFBG67DA,92.25,0.0,10.74,有,
壯圍鄉,土地,壯志段800-2地號,76.0,,特定農業區,甲種建築用地,1140124,土地1建物0車位0,,,其他,,,,0.0,0,0,0,無,無,2528900,33275,,0.0,0,,RPSNMLLLKHKGFBG87DA,0.0,0.0,0.0,無,
羅東鎮,房地(土地+建物),宜蘭縣羅東鎮公正路２４３號,132.0,住,,,1140117,土地1建物1車位0,全,三層,透天厝,住家用,鋼筋混凝土加強磚造,0661012,259.95,7,3,3,有,無,28000000,107713,,0.0,0,其他增建；,RPPNMLQJKHKGFAG77DA,259.95,0.0,0.0,無,009
羅東鎮,房地(土地+建物),宜蘭縣羅東鎮中山路一段１５５號七樓之１,12.76,,特定農業區,甲種建築用地,1140116,土地1建物1車位0,七層,九層,華廈(10層含以下有電梯),住家用,鋼筋混凝土造,0850216,50.97,1,1,1,有,有,2250000,44144,,0.0,0,,RPXNMLSJKHKGFAG78DA,23.2,0.0,3.29,有,010
蘇澳鎮,房地(土地+建物),宜蘭縣蘇澳鎮新馬路６巷３５號,66.32,住,,,1140104,土地1建物1車位0,全,二層,透天厝,住家用,鋼筋混凝土加強磚造,0660208,88.48,4,2,2,有,無,3800000,42948,,0.0,0,增建部分:頂樓鐵皮屋其他增建；,RPQNMLLLKHKGFAG57DA,88.48,0.0,0.0,無,
羅東鎮,房地(土地+建物),宜蘭縣羅東鎮天祥路９０巷１號二樓,22.59,住,,,1140119,土地1建物1車位0,二層,五層,華廈(10層含以下有電梯),住家用,鋼筋混凝土造,0821220,92.17,2,2,2,有,無,5580000,60540,,0.0,0,,RPSNMLLLKHKGFAG77DA,81.16,0.0,5.18,有,
冬山鄉,房地(土地+建物),宜蘭縣冬山鄉永安路２６６巷３號,92.02,住,,,1140108,土地1建物1車位0,全,三層,透天厝,住家用,鋼筋混凝土造,0930625,161.37,5,2,3,有,無,14600000,90475,,0.0,0,祖孫之間交易親友、員工、共有人或其他特殊關係間之交易；,RPQOMLLLKHKGFAG67DA,138.96,0.0,22.41,無,
羅東鎮,房地(土地+建物),宜蘭縣羅東鎮中山路三段３３６號五樓之１３,13.38,商,,,1140114,土地3建物1車位0,五層,六層,華廈(10層含以下有電梯),住家用,鋼筋混凝土造,0851219,46.629999999999995,1,1,1,有,有,3280000,70341,,0.0,0,親友、員工、共有人或其他特殊關係間之交易；,RPPPMLOLKHKGFAG97DA,29.45,0.0,3.66,有,011
壯圍鄉,土地,復興段309地號,2599.0,,特定農業區,農牧用地,1140118,土地1建物0車位0,,,其他,,,,0.0,0,0,0,無,無,6130000,2359,,0.0,0,,RPPOMLLLKHKGFBG67DA,0.0,0.0,0.0,無,
宜蘭市,房地(土地+建物),宜蘭縣宜蘭市校舍一路１０３巷１０號七樓,20.91,住,,,1140113,土地1建物1車位0,七層,七層,華廈(10層含以下有電梯),住家用,鋼筋混凝土造,0830524,122.23,2,2,2,有,有,5600000,45815,,0.0,0,,RPPNMLNLKHKGFBG77DA,91.04,0.0,12.68,有,012
員山鄉,房地(土地+建物),宜蘭縣員山鄉員山路一段４６２之１號,123.47,,特定農業區,甲種建築用地,1140103,土地3建物1車位0,全,三層,透天厝,住家用,鋼筋混凝土造,1111111,232.87,5,2,6,有,無,19000000,81591,,0.0,0,其他增建:1樓~2樓後方其他增建；,RPQNMLOLKHKGFBG97DA,212.68,0.0,20.19,無,013
員山鄉,房地(土地+建物)+車位,宜蘭縣員山鄉永金三路１５６號二樓之一,83.22,,特定農業區,甲種建築用地,1140111,土地3建物1車位1,二層,四層,華廈(10層含以下有電梯),住家用,鋼筋混凝土造,1121219,139.99,3,2,2,有,有,9000000,64290,坡道平面,0.0,0,,RPSNMLOLKHKGFBG18DA,85.8,0.0,10.77,有,014
礁溪鄉,房地(土地+建物),宜蘭縣礁溪鄉開蘭路１６８號,1257.12,農,,,1140115,土地3建物1車位0,全,四層,透天厝,農業用,鋼筋混凝土造,1131105,261.18,3,2,4,有,無,32500000,124435,,0.0,0,包含公共設施保留地用地；,RPTNMLOLKHKGFBG28DA,258.89,0.0,2.29,無,015
頭城鎮,土地,新打馬煙段530地號,778.78,,一般農業區,農牧用地,1140104,土地1建物0車位0,,,其他,,,,0.0,0,0,0,無,無,3100000,3981,,0.0,0,,RPSNMLPLKHKGFBG28DA,0.0,0.0,0.0,無,016
羅東鎮,房地(土地+建物)+車位,宜蘭縣羅東鎮忠孝路１２５之１號,21.7,住,,,1140116,土地3建物1車位1,一層,十四層,住宅大樓(11層含以上有電梯),商業用,鋼筋混凝土（ＲＣ）,1130910,119.3,0,0,0,無,有,14200000,140549,坡道平面,31.43,1850000,,RPTNMLSKKHKGFAG48DA,59.08,0.0,0.0,有,
冬山鄉,房地(土地+建物),宜蘭縣冬山鄉鹿埔路４２１巷８０弄５號,111.08,,特定農業區,甲種建築用地,1140107,土地1建物1車位0,全,三層,透天厝,住家用,鋼筋混凝土造（ＲＣ）,1060928,216.51,5,2,5,有,無,12500000,57734,,0.0,0,其他增建；,RPOOMLOLKHKGFAG77DA,202.46,0.0,14.05,無,
羅東鎮,土地,東安段27地號,82.88,,特定農業區,甲種建築用地,1140116,土地1建物0車位0,,,其他,,,,0.0,0,0,0,無,無,2506900,30247,,0.0,0,,RPWOMLOLKHKGFAG58DA,0.0,0.0,0.0,無,
礁溪鄉,土地,刺仔崙段255地號,99.51,,一般農業區,農牧用地,1140120,土地1建物0車位0,,,其他,,,,0.0,0,0,0,無,無,300000,3015,,0.0,0,農作物；,RPROMLLLKHKGFBG87DA,0.0,0.0,0.0,無,017
羅東鎮,房地(土地+建物),宜蘭縣羅東鎮月眉路６０６號,105.31,,特定農業區,甲種建築用地,1131223,土地2建物1車位0,全,三層,透天厝,住家用,鋼筋混凝土造,1080218,192.48,5,2,5,有,無,18500000,96114,,0.0,0,,RPUNMLKKKHKGFAG77DA,181.96,0.0,10.52,無,018
大同鄉,土地,大元段1198-7地號,6553.01,,山坡地保育區,農牧用地,1131227,土地1建物0車位0,,,其他,,,,0.0,0,0,0,無,無,950000,145,,0.0,0,,RPUNMLTKKHKGFAG68DA,0.0,0.0,0.0,無,019
礁溪鄉,房地(土地+建物),宜蘭縣礁溪鄉和平路１１４號九樓之四,14.92,住,,,1131229,土地1建物1車位0,九層,十二層,住宅大樓(11層含以上有電梯),住家用,鋼筋混凝土造,0840316,91.75,2,1,1,有,有,5800000,63215,,0.0,0,陽台外推；,RPOOMLRKKHKGFBG08DA,64.54,0.93,8.82,有,020
宜蘭市,房地(土地+建物)+車位,宜蘭縣宜蘭市凱旋路１２９巷２號七樓之三,61.58,住,,,1131206,土地1建物1車位1,七層,九層,華廈(10層含以下有電梯),住家用,鋼筋混凝土造,1000415,192.11,3,2,4,有,有,11180000,58196,坡道平面,0.0,0,,RPOOMLSKKHKGFBG18DA,102.45,0.0,12.94,有,
宜蘭市,房地(土地+建物),宜蘭縣宜蘭市民權新路１７１之６號,21.18,住,,,1131226,土地1建物1車位0,七層,七層,華廈(10層含以下有電梯),住家用,鋼筋混凝土造,0811215,127.57000000000001,3,2,2,有,無,6900000,54088,,0.0,0,,RPROMLSKKHKGFBG48DA,84.35,0.0,10.41,有,
頭城鎮,土地,外澳段196地號,245.17,住,,,1131231,土地5建物0車位0,,,其他,,,,0.0,0,0,0,無,無,10840000,44214,,0.0,0,1本買賣標的另包含二戶未保存登記老舊建物一併移轉。未登記建物；包含公共設施保留地用地；,RPXPMLSKKHKGFBG56DA,0.0,0.0,0.0,無,
員山鄉,房地(土地+建物),宜蘭縣員山鄉大湖二路５０３巷２２號,100.15,,特定農業區,甲種建築用地,1131218,土地2建物1車位0,全,三層,透天厝,住家用,鋼筋混凝土造,1130806,165.85,5,2,5,有,無,11300000,68134,,0.0,0,,RPOQMLSKKHKGFBG38DA,161.99,0.0,3.86,無,
頭城鎮,土地,外澳段195地號,94.85,住,,,1131231,土地1建物0車位0,,,其他,,,,0.0,0,0,0,無,無,1400000,14760,,0.0,0,,RPPNMLTKKHKGFBG28DA,0.0,0.0,0.0,無,
礁溪鄉,房地(土地+建物)+車位,宜蘭縣礁溪鄉玉龍路二段４１１號,37.75,,特定農業區,甲種建築用地,1131214,土地1建物1車位1,一層,四層,華廈(10層含以下有電梯),住家用,鋼筋混凝土造,1131128,106.39000000000001,2,2,2,有,無,11000000,103393,一樓平面,13.75,0,預售屋、或土地及建物分件登記案件；,RPVNMLTKKHKGFBG88DA,71.26,0.0,0.0,有,
三星鄉,土地,長埤湖段129地號,9600.06,,山坡地保育區,農牧用地,1131201,土地1建物0車位0,,,其他,,,,0.0,0,0,0,無,無,2000000,208,,0.0,0,,RPPPMLTKKHKGFAG48EA,0.0,0.0,0.0,無,
員山鄉,房地(土地+建物),宜蘭縣員山鄉蘭城路２９之２號二樓之一,53.36,,鄉村區,乙種建築用地,1131231,土地2建物1車位0,二層,四層,華廈(10層含以下有電梯),住家用,鋼筋混凝土造,1130802,132.3,2,1,2,有,無,7150000,54044,,0.0,0,,RPSNMLTKKHKGFBG68EA,75.2,0.0,5.66,有,
蘇澳鎮,土地,慶安段1175地號,1140.18,住,,,1131218,土地17建物0車位0,,,其他,,,,0.0,0,0,0,無,無,12071850,10588,,0.0,0,,RPQNMLLMKIJGFAG67DA,0.0,0.0,0.0,無,021
冬山鄉,房地(土地+建物)+車位,宜蘭縣冬山鄉鹿埔路５２０號四樓之８,53.84,,特定農業區,甲種建築用地,1131227,土地2建物1車位1,四層,四層,華廈(10層含以下有電梯),住家用,鋼筋混凝土造（ＲＣ）,1131106,135.54,3,2,2,有,有,6900000,50907,一樓平面,0.0,0,預售屋、或土地及建物分件登記案件；,RPTQMLNJKHKGFAG18DA,83.42,0.0,5.82,有,
頭城鎮,土地,外澳段194地號,148.92,住,,,1131231,土地1建物0車位0,,,其他,,,,0.0,0,0,0,無,無,2250000,15109,,0.0,0,,RPQNMLTKKHKGFBG38DA,0.0,0.0,0.0,無,
礁溪鄉,土地,玉田段743地號,1433.0,,特定農業區,農牧用地,1131210,土地1建物0車位0,,,其他,,,,0.0,0,0,0,無,無,4400000,3070,,0.0,0,,RPPOMLKLKHKGFBG57DA,0.0,0.0,0.0,無,
宜蘭市,土地,振興三段1029地號,1779.55,農,,,1131221,土地1建物0車位0,,,其他,,,,0.0,0,0,0,無,無,45750000,25709,,0.0,0,,RPVOMLKLKHKGFBG18DA,0.0,0.0,0.0,無,
頭城鎮,房地(土地+建物),宜蘭縣頭城鎮頭濱路二段１００號,1098.67,,一般農業區,農牧用地,1131223,土地2建物2車位0,全,一層,透天厝,住家用,鋼筋混凝土加強磚造,0650113,346.59,2,0,1,有,無,15500000,44721,,0.0,0,增建，約65坪。一樓空地.,RPOOMLLLKHKGFBG57DA,346.59,0.0,0.0,無,
五結鄉,房地(土地+建物)+車位,宜蘭縣五結鄉國民中路７之１號二樓之１,52.06,,特定農業區,甲種建築用地,1131227,土地2建物1車位1,二層,四層,華廈(10層含以下有電梯),住家用,鋼筋混凝土（ＲＣ）,1131217,127.75,3,2,2,有,有,9160000,71703,一樓平面,0.0,0,預售屋、或土地及建物分件登記案件；,RPPNMLKKKHKGFAG27DA,75.05,0.0,7.23,有,
冬山鄉,房地(土地+建物),宜蘭縣冬山鄉冬山路三段１８１巷２４０號,108.02,,特定農業區,甲種建築用地,1131218,土地1建物1車位0,全,三層,透天厝,住家用,鋼筋混凝土造,0990310,182.28,5,2,4,有,無,13000000,71319,,0.0,0,其他增建：1~2樓空地增建其他增建；,RPUOMLSKKHKGFAG68DA,153.53,6.52,22.23,無,
五結鄉,土地,加新段1206-2地號,849.84,,鄉村區,乙種建築用地,1131202,土地1建物0車位0,,,其他,,,,0.0,0,0,0,無,無,16452480,19360,,0.0,0,,RPVNMLLLKHKGFAG08DA,0.0,0.0,0.0,無,
羅東鎮,房地(土地+建物),宜蘭縣羅東鎮光榮路２６９之５號十一樓,11.0,住,,,1131223,土地2建物1車位0,十一層,十二層,住宅大樓(11層含以上有電梯),住家用,鋼筋混凝土造,0851003,98.08999999999999,3,1,1,有,有,4100000,41798,,0.0,0,親友、員工、共有人或其他特殊關係間之交易；,RPOOMLLLKHKGFAG47DA,66.62,0.0,5.7,有,022
宜蘭市,房地(土地+建物)+車位,宜蘭縣宜蘭市凱旋路１２９巷９號三樓之一,60.68,住,,,1131228,土地1建物1車位1,三層,七層,華廈(10層含以下有電梯),住家用,鋼筋混凝土造,1000414,190.49,3,2,2,有,有,11580000,60791,坡道平面,0.0,0,,RPTNMLLLJHKGFBG87DA,102.02,0.0,12.97,有,023
三星鄉,土地,新萬貴段171地號,3672.47,,特定農業區,農牧用地,1131202,土地2建物0車位0,,,其他,,,,0.0,0,0,0,無,無,12800000,3485,,0.0,0,親友、員工、共有人或其他特殊關係間之交易；,RPRNMLPJKIJGFAG87DA,0.0,0.0,0.0,無,
礁溪鄉,房地(土地+建物),宜蘭縣礁溪鄉玉民路二段３０１巷４２號,76.96,農,,,1131209,土地1建物1車位0,全,三層,透天厝,住家用,鋼筋混凝土造,1101108,181.73,5,2,4,有,有,15800000,86942,,0.0,0,,RPXOMLKKKHKGFBG28DA,159.59,0.0,22.14,有,024
羅東鎮,房地(土地+建物),宜蘭縣羅東鎮倉前路７７號六樓之６,11.29,商,,,1131212,土地1建物1車位0,六層,十二層,住宅大樓(11層含以上有電梯),住家用,鋼筋混凝土造,0831213,114.8,3,2,2,有,有,5600000,48780,,0.0,0,親友、員工、共有人或其他特殊關係間之交易；,RPPPMLOLKHKGFAG08EA,98.9,1.05,10.3,有,
三星鄉,土地,天山段781地號,6918.5,,山坡地保育區,農牧用地,1131204,土地4建物0車位0,,,其他,,,,0.0,0,0,0,無,無,7000000,1012,,0.0,0,本買賣總價包括應分配1/3給謝00，因謝00持有同段780地號內245.52平方公尺國有財產署基地租賃權及下湖路24號未保存登記房屋，本案一併將租賃權轉讓及過戶下湖路24號房屋稅籍予買方。,RPSNMLOKKHKGFAG97DA,0.0,0.0,0.0,無,
羅東鎮,房地(土地+建物)+車位,宜蘭縣羅東鎮忠孝路１２５號十三樓之６,20.36,住,,,1131202,土地3建物1車位1,十三層,十四層,住宅大樓(11層含以上有電梯),住家用,鋼筋混凝土（ＲＣ）,1130910,113.96000000000001,2,2,1,有,有,13030000,134860,坡道平面,31.43,1900000,,RPVNMLSKKHKGFAG68DA,51.52,0.0,3.99,有,
宜蘭市,房地(土地+建物)+車位,宜蘭縣宜蘭市建蘭北路２７巷１號六樓之二,57.82,住,,,1131213,土地1建物1車位1,六層,七層,華廈(10層含以下有電梯),住家用,鋼筋混凝土造,1000413,181.51,3,2,2,有,有,11400000,62806,坡道平面,0.0,0,,RPRNMLLMKIJGFBG87DA,95.19,0.0,13.06,有,025
礁溪鄉,房地(土地+建物),宜蘭縣礁溪鄉健康一街５８號二樓之七,14.12,都市：其他:健康休閒專用區四,,,1131226,土地1建物1車位0,二層,九層,華廈(10層含以下有電梯),辦公用,鋼筋混凝土造,0990429,74.52,2,2,2,有,有,11000000,147611,,0.0,0,車位先到先停夾層；,RPRNMLSJKHKGFBG28DA,39.66,0.0,4.62,有,026
五結鄉,房地(土地+建物),宜蘭縣五結鄉三吉中路２４６巷３號,103.17,,特定農業區,甲種建築用地,1131130,土地3建物1車位0,全,三層,透天厝,住家用,鋼筋混凝土造,1131030,163.05,4,2,4,有,無,11660000,71512,,0.0,0,,RPTNMLTKKHKGFAG58DA,151.66,0.0,11.39,無,
羅東鎮,房地(土地+建物)+車位,宜蘭縣羅東鎮重陽街９７之１號二樓,25.87,住,,,1131107,土地1建物1車位1,二層,六層,華廈(10層含以下有電梯),住家用,鋼筋混凝土造,0850502,108.89,3,2,2,有,有,7000000,64285,坡道平面,0.0,0,,RPOPMLTKKHKGFAG28DA,68.51,0.0,8.46,有,
羅東鎮,房地(土地+建物),宜蘭縣羅東鎮民族路８７號四樓,22.25,商,,,1131120,土地1建物1車位0,四層,九層,華廈(10層含以下有電梯),住家用,鋼筋混凝土造,0840526,125.58000000000001,5,0,5,有,有,7420000,59086,,0.0,0,陽台外推；,RPTNMLNKJHKGFAG87DA,103.28,0.0,5.9,有,027
羅東鎮,房地(土地+建物),宜蘭縣羅東鎮中華路５７之２號五樓之１,63.67,都市：其他:住宅區,,,1131120,土地3建物2車位0,五層,六層,華廈(10層含以下有電梯),住家用,鋼筋混凝土造,0841020,447.14,0,0,2,有,無,20000000,44729,,0.0,0,親友、員工、共有人或其他特殊關係間之交易；,RPSOMLOLKHKGFAG18DA,269.45,0.0,33.47,有,
三星鄉,土地,新健富段586地號,708.32,,特定農業區,甲種建築用地,1131110,土地1建物0車位0,,,其他,,,,0.0,0,0,0,無,無,25580000,36114,,0.0,0,,RPSOMLLLKHKGFAG87DA,0.0,0.0,0.0,無,
三星鄉,土地,新健富段583地號,1794.15,,特定農業區,農牧用地,1131110,土地2建物0車位0,,,其他,,,,0.0,0,0,0,無,無,5420000,3021,,0.0,0,,RPTOMLLLKHKGFAG97DA,0.0,0.0,0.0,無,
礁溪鄉,房地(土地+建物)+車位,宜蘭縣礁溪鄉玉龍路二段５７號三樓,36.95,,特定農業區,甲種建築用地,1131102,土地1建物1車位1,三層,四層,華廈(10層含以下有電梯),住家用,鋼筋混凝土造,1130202,92.21000000000001,2,1,2,有,無,7550000,81967,一樓平面,14.13,1150000,,RPWNMLOJJIJGFBG28DA,52.74,0.0,3.16,有,
礁溪鄉,房地(土地+建物)+車位,宜蘭縣礁溪鄉玉龍路二段５７號三樓之二,38.09,,特定農業區,甲種建築用地,1131116,土地1建物1車位1,三層,四層,華廈(10層含以下有電梯),住家用,鋼筋混凝土造,1130202,95.97,2,1,2,有,無,8930000,93842,一樓平面,14.13,1250000,,RPOOMLSKJIJGFBG08DA,54.48,0.0,4.19,有,
羅東鎮,房地(土地+建物)+車位,宜蘭縣羅東鎮愛國路７６號八樓之７,25.5,住,,,1131023,土地2建物1車位1,八層,十一層,住宅大樓(11層含以上有電梯),住家用,鋼筋混凝土（ＲＣ）,1131129,123.08,2,2,2,有,無,12000000,114185,坡道平面,32.0,1600000,預售屋、或土地及建物分件登記案件；,RPSPMLSKKHKGFAG58DA,57.46,0.0,3.58,有,
五結鄉,房地(土地+建物)+車位,宜蘭縣五結鄉國民中路７之１號二樓之８,61.2,,特定農業區,甲種建築用地,1131021,土地2建物1車位1,二層,四層,華廈(10層含以下有電梯),住家用,鋼筋混凝土（ＲＣ）,1131217,145.76999999999998,3,1,2,有,有,10460000,71757,一樓平面,0.0,0,預售屋、或土地及建物分件登記案件；,RPTNMLKKKHKGFAG67DA,85.0,0.0,11.77,有,
羅東鎮,房地(土地+建物),宜蘭縣羅東鎮站前路５６巷６之３號,29.21,住,,,1131013,土地1建物1車位0,四層,五層,公寓(5樓含以下無電梯),住家用,鋼筋混凝土造,0761103,109.13000000000001,3,2,2,有,無,5600000,51315,,0.0,0,,RPORMLLKKHKGFAG67DA,90.11,0.0,9.65,無,028
羅東鎮,車位,宜蘭縣羅東鎮東榮路二段１７號五樓,28.57,工,,,1131015,土地1建物1車位1,五層,六層,其他,集合住宅,鋼筋混凝土（ＲＣ）,1130816,100.30000000000001,0,0,0,無,有,1000000,,坡道機械,13.71,1000000,僅車位交易；,SPTNMLRKKHKGFAG48DA,0.0,0.0,0.0,有,029
三星鄉,房地(土地+建物),宜蘭縣三星鄉大隱中路２０９巷９號,2640.06,,特定農業區,農牧用地,1131030,土地1建物1車位0,全,二層,透天厝,農業用,鋼筋混凝土造,1041020,429.08,5,2,6,有,無,38000000,88562,,0.0,0,,RPTOMLOLKHKGFAG28DA,400.17,0.0,28.91,無,030
五結鄉,房地(土地+建物)+車位,宜蘭縣五結鄉國民中路７之１號三樓之５,37.36,,特定農業區,甲種建築用地,1130913,土地2建物1車位1,三層,四層,華廈(10層含以下有電梯),住家用,鋼筋混凝土（ＲＣ）,1131217,98.88,1,1,1,有,有,7120000,72006,一樓平面,0.0,0,預售屋、或土地及建物分件登記案件；,RPSOMLKKKHKGFAG67DA,55.05,0.0,4.02,有,
五結鄉,房地(土地+建物)+車位,宜蘭縣五結鄉國民中路７之２號二樓之７,58.32,,特定農業區,甲種建築用地,1130916,土地2建物1車位1,二層,四層,華廈(10層含以下有電梯),住家用,鋼筋混凝土（ＲＣ）,1131217,139.94,3,1,2,有,有,10060000,71888,一樓平面,0.0,0,預售屋、或土地及建物分件登記案件；,RPXPMLKKKHKGFAG28DA,85.01,0.0,7.21,有,
五結鄉,房地(土地+建物)+車位,宜蘭縣五結鄉國民中路７之２號二樓之８,61.2,,特定農業區,甲種建築用地,1130919,土地2建物1車位1,二層,四層,華廈(10層含以下有電梯),住家用,鋼筋混凝土（ＲＣ）,1131217,145.62,3,1,2,有,有,10220000,70183,一樓平面,0.0,0,預售屋、或土地及建物分件登記案件；,RPOQMLKKKHKGFAG47DA,85.0,0.0,11.77,有,
宜蘭市,房地(土地+建物),宜蘭縣宜蘭市民族路５２５巷２弄３號,80.29,住,,,1130911,土地3建物1車位0,全,三層,透天厝,住家用,鋼筋混凝土造,1120914,192.66,4,2,3,有,無,16900000,87719,,0.0,0,,RPTNMLLLKHKGFBG97DA,180.01,0.0,12.65,無,
五結鄉,房地(土地+建物)+車位,宜蘭縣五結鄉國民中路７之２號四樓之８,61.2,,特定農業區,甲種建築用地,1130926,土地2建物1車位1,四層,四層,華廈(10層含以下有電梯),住家用,鋼筋混凝土（ＲＣ）,1131217,145.62,3,1,2,有,有,10220000,70183,一樓平面,0.0,0,預售屋、或土地及建物分件登記案件；,RPUQMLLKKHKGFAG18DA,85.0,0.0,11.77,有,
冬山鄉,土地,小南澳段28-2地號,3549.0,,一般農業區,農牧用地,1130930,土地1建物0車位0,,,其他,,,,0.0,0,0,0,無,無,4780000,1347,,0.0,0,,RPUOMLPLKHKGFAG48DA,0.0,0.0,0.0,無,
宜蘭市,土地,凱旋一段79地號,350.16,,特定農業區,甲種建築用地,1130814,土地1建物0車位0,,,其他,,,,0.0,0,0,0,無,無,12710000,36298,,0.0,0,,RPSNMLTKKHKGFBG58DA,0.0,0.0,0.0,無,
宜蘭市,土地,凱旋一段80地號,350.58,,特定農業區,甲種建築用地,1130814,土地1建物0車位0,,,其他,,,,0.0,0,0,0,無,無,12730000,36311,,0.0,0,,SPSNMLTKKHKGFBG68DA,0.0,0.0,0.0,無,
宜蘭市,土地,凱旋一段81地號,2724.44,,特定農業區,農牧用地,1130814,土地1建物0車位0,,,其他,,,,0.0,0,0,0,無,無,31320000,11496,,0.0,0,,RPTNMLTKKHKGFBG68DA,0.0,0.0,0.0,無,
五結鄉,房地(土地+建物)+車位,宜蘭縣五結鄉國民中路７之１號二樓之３,39.49,,特定農業區,甲種建築用地,1130816,土地2建物1車位1,二層,四層,華廈(10層含以下有電梯),住家用,鋼筋混凝土（ＲＣ）,1131217,103.11,2,1,1,有,有,7380000,71574,一樓平面,0.0,0,預售屋、或土地及建物分件登記案件；,RPQNMLKKKHKGFAG37DA,56.91,0.0,5.55,有,
五結鄉,房地(土地+建物)+車位,宜蘭縣五結鄉國民中路７之１號三樓之１,52.06,,特定農業區,甲種建築用地,1130816,土地2建物1車位1,三層,四層,華廈(10層含以下有電梯),住家用,鋼筋混凝土（ＲＣ）,1131217,127.75,3,1,2,有,有,9200000,72016,一樓平面,0.0,0,預售屋、或土地及建物分件登記案件；,RPOOMLKKKHKGFAG27DA,75.05,0.0,7.23,有,
五結鄉,房地(土地+建物)+車位,宜蘭縣五結鄉國民中路７之２號三樓之１,52.05,,特定農業區,甲種建築用地,1130819,土地2建物1車位1,三層,四層,華廈(10層含以下有電梯),住家用,鋼筋混凝土（ＲＣ）,1131217,127.6,3,1,2,有,有,9180000,71944,一樓平面,0.0,0,預售屋、或土地及建物分件登記案件；,RPPQMLKKKHKGFAG57DA,75.05,0.0,7.23,有,
羅東鎮,房地(土地+建物)+車位,宜蘭縣羅東鎮忠孝路１２５號三樓之５,20.36,住,,,1130815,土地3建物1車位1,三層,十四層,住宅大樓(11層含以上有電梯),住家用,鋼筋混凝土（ＲＣ）,1130910,113.96000000000001,2,2,1,有,有,12400000,129650,坡道平面,31.43,1700000,含裝潢費900000元；預售屋、或土地及建物分件登記案件；,RPWNMLSKKHKGFAG78DA,51.52,0.0,3.99,有,
五結鄉,房地(土地+建物)+車位,宜蘭縣五結鄉國民中路７之１號三樓之８,61.2,,特定農業區,甲種建築用地,1130731,土地2建物1車位1,三層,四層,華廈(10層含以下有電梯),住家用,鋼筋混凝土（ＲＣ）,1131217,145.76999999999998,3,1,2,有,有,10280000,70522,一樓平面,0.0,0,預售屋、或土地及建物分件登記案件；,RPVOMLKKKHKGFAG97DA,85.0,0.0,11.77,有,
五結鄉,房地(土地+建物)+車位,宜蘭縣五結鄉國民中路７之１號四樓之８,61.2,,特定農業區,甲種建築用地,1130731,土地2建物1車位1,四層,四層,華廈(10層含以下有電梯),住家用,鋼筋混凝土（ＲＣ）,1131217,145.76999999999998,3,1,2,有,有,10220000,70110,一樓平面,0.0,0,預售屋、或土地及建物分件登記案件；,RPSPMLKKKHKGFAG77DA,85.0,0.0,11.77,有,
冬山鄉,土地,丸山段1041地號,3830.35,,特定農業區,甲種建築用地,1130718,土地1建物0車位0,,,其他,,,,0.0,0,0,0,無,無,96967140,25315,,0.0,0,,RPQPMLKLKHKGFAG77EA,0.0,0.0,0.0,無,
五結鄉,房地(土地+建物)+車位,宜蘭縣五結鄉國民中路７之１號四樓之２,49.73,,特定農業區,甲種建築用地,1130628,土地2建物1車位1,四層,四層,華廈(10層含以下有電梯),住家用,鋼筋混凝土（ＲＣ）,1131217,123.19999999999999,3,1,2,有,有,8860000,71916,一樓平面,0.0,0,預售屋、或土地及建物分件登記案件；,RPXOMLKKKHKGFAG18DA,70.86,0.0,7.77,有,
五結鄉,房地(土地+建物)+車位,宜蘭縣五結鄉國民中路７之２號二樓之２,75.73,,特定農業區,甲種建築用地,1130611,土地2建物1車位1,二層,四層,華廈(10層含以下有電梯),住家用,鋼筋混凝土（ＲＣ）,1131217,174.11,4,1,2,有,有,8500000,48820,一樓平面,0.0,0,預售屋、或土地及建物分件登記案件；,RPTPMLKKKHKGFAG87DA,111.38,0.0,8.35,有,
羅東鎮,房地(土地+建物),宜蘭縣羅東鎮純精路一段７７巷１１號,80.0,住,,,1130510,土地1建物1車位0,全,二層,透天厝,住家用,鋼筋混凝土加強磚造,0690602,96.08,5,2,3,有,無,9000000,93672,,0.0,0,,RPRQMLNJKHKGFAG97DA,96.08,0.0,0.0,無,031
五結鄉,房地(土地+建物)+車位,宜蘭縣五結鄉國民中路７之１號四樓之１,52.06,,特定農業區,甲種建築用地,1130531,土地2建物1車位1,四層,四層,華廈(10層含以下有電梯),住家用,鋼筋混凝土（ＲＣ）,1131217,127.75,3,1,2,有,有,8960000,70137,一樓平面,0.0,0,預售屋、或土地及建物分件登記案件；,RPWOMLKKKHKGFAG08DA,75.05,0.0,7.23,有,
五結鄉,房地(土地+建物)+車位,宜蘭縣五結鄉國民中路７之１號四樓之７,58.98,,特定農業區,甲種建築用地,1130527,土地2建物1車位1,四層,四層,華廈(10層含以下有電梯),住家用,鋼筋混凝土（ＲＣ）,1131217,141.44,3,1,2,有,有,9920000,70136,一樓平面,0.0,0,預售屋、或土地及建物分件登記案件；,RPRPMLKKKHKGFAG67DA,85.01,0.0,8.26,有,
五結鄉,房地(土地+建物)+車位,宜蘭縣五結鄉國民中路７之２號二樓之６,41.85,,特定農業區,甲種建築用地,1130509,土地2建物1車位1,二層,四層,華廈(10層含以下有電梯),住家用,鋼筋混凝土（ＲＣ）,1131217,107.61,2,1,1,有,有,7520000,69882,一樓平面,0.0,0,預售屋、或土地及建物分件登記案件；,RPWPMLKKKHKGFAG18DA,58.62,0.0,7.57,有,
五結鄉,房地(土地+建物)+車位,宜蘭縣五結鄉國民中路７之２號三樓之２,63.97,,特定農業區,甲種建築用地,1130503,土地2建物1車位1,三層,四層,華廈(10層含以下有電梯),住家用,鋼筋混凝土（ＲＣ）,1131217,151.06,3,1,2,有,有,10650000,70502,一樓平面,0.0,0,預售屋、或土地及建物分件登記案件；,RPQQMLKKKHKGFAG67DA,94.07,0.0,7.09,有,
五結鄉,房地(土地+建物)+車位,宜蘭縣五結鄉國民中路７之２號三樓之６,41.85,,特定農業區,甲種建築用地,1130524,土地2建物1車位1,三層,四層,華廈(10層含以下有電梯),住家用,鋼筋混凝土（ＲＣ）,1131217,107.61,2,1,1,有,有,7560000,70254,一樓平面,0.0,0,預售屋、或土地及建物分件登記案件；,RPSQMLKKKHKGFAG87DA,58.62,0.0,7.57,有,
五結鄉,房地(土地+建物)+車位,宜蘭縣五結鄉國民中路７之２號四樓之１,52.05,,特定農業區,甲種建築用地,1130513,土地2建物1車位1,四層,四層,華廈(10層含以下有電梯),住家用,鋼筋混凝土（ＲＣ）,1131217,127.6,3,1,2,有,有,8950000,70141,一樓平面,0.0,0,預售屋、或土地及建物分件登記案件；,RPXPMLLKKHKGFAG38DA,75.05,0.0,7.23,有,
五結鄉,房地(土地+建物)+車位,宜蘭縣五結鄉國民中路７之１號二樓之７,58.98,,特定農業區,甲種建築用地,1130523,土地2建物1車位1,二層,四層,華廈(10層含以下有電梯),住家用,鋼筋混凝土（ＲＣ）,1131217,141.43,3,1,2,有,有,10160000,71838,一樓平面,0.0,0,預售屋、或土地及建物分件登記案件；,RPWQMLLKKHKGFAG38DA,85.01,0.0,8.26,有,
五結鄉,房地(土地+建物)+車位,宜蘭縣五結鄉國民中路７之２號四樓之２,63.97,,特定農業區,甲種建築用地,1130516,土地2建物1車位1,四層,四層,華廈(10層含以下有電梯),住家用,鋼筋混凝土（ＲＣ）,1131217,151.06,3,1,2,有,有,10600000,70171,一樓平面,0.0,0,預售屋、或土地及建物分件登記案件；,RPOQMLLKKHKGFAG57DA,94.07,0.0,7.09,有,
五結鄉,房地(土地+建物)+車位,宜蘭縣五結鄉國民中路７之２號四樓之３,36.47,,特定農業區,甲種建築用地,1130530,土地2建物1車位1,四層,四層,華廈(10層含以下有電梯),住家用,鋼筋混凝土（ＲＣ）,1131217,97.06,2,1,1,有,有,6800000,70060,一樓平面,0.0,0,預售屋、或土地及建物分件登記案件；,RPQQMLLKKHKGFAG77DA,52.38,0.0,5.3,有,
五結鄉,房地(土地+建物)+車位,宜蘭縣五結鄉國民中路７之２號四樓之５,66.21,,特定農業區,甲種建築用地,1130506,土地2建物1車位1,四層,四層,華廈(10層含以下有電梯),住家用,鋼筋混凝土（ＲＣ）,1131217,155.46,3,1,2,有,有,10900000,70114,一樓平面,0.0,0,預售屋、或土地及建物分件登記案件；,RPRQMLLKKHKGFAG87DA,93.35,0.0,11.35,有,
五結鄉,房地(土地+建物)+車位,宜蘭縣五結鄉國民中路７之２號四樓之６,41.85,,特定農業區,甲種建築用地,1130530,土地2建物1車位1,四層,四層,華廈(10層含以下有電梯),住家用,鋼筋混凝土（ＲＣ）,1131217,107.61,2,1,1,有,有,7520000,69882,一樓平面,0.0,0,預售屋、或土地及建物分件登記案件；,RPSQMLLKKHKGFAG97DA,58.62,0.0,7.57,有,
五結鄉,房地(土地+建物)+車位,宜蘭縣五結鄉國民中路７之２號四樓之７,58.32,,特定農業區,甲種建築用地,1130515,土地2建物1車位1,四層,四層,華廈(10層含以下有電梯),住家用,鋼筋混凝土（ＲＣ）,1131217,139.94,3,1,2,有,有,9820000,70173,一樓平面,0.0,0,預售屋、或土地及建物分件登記案件；,RPTQMLLKKHKGFAG08DA,85.01,0.0,7.21,有,
羅東鎮,房地(土地+建物)+車位,宜蘭縣羅東鎮東榮路二段２３號六樓,42.62,工,,,1130426,土地1建物1車位1,六層,六層,華廈(10層含以下有電梯),住家用,鋼筋混凝土（ＲＣ）,1130816,142.92000000000002,3,1,2,有,有,14700000,106029,坡道機械,13.71,1000000,預售屋、或土地及建物分件登記案件；,RPQTMLLKKHKGFAG08DA,75.77,0.0,9.38,有,
羅東鎮,房地(土地+建物)+車位,宜蘭縣羅東鎮東榮路二段２３號二樓,43.7,工,,,1130426,土地1建物1車位1,二層,六層,華廈(10層含以下有電梯),住家用,鋼筋混凝土（ＲＣ）,1130816,146.2,3,1,2,有,有,14600000,102649,坡道機械,13.71,1000000,預售屋、或土地及建物分件登記案件；,RPVOMLPKJHKGFAG38DA,75.77,0.0,11.54,有,
五結鄉,房地(土地+建物)+車位,宜蘭縣五結鄉國民中路７之１號三樓之２,49.73,,特定農業區,甲種建築用地,1130424,土地2建物1車位1,三層,四層,華廈(10層含以下有電梯),住家用,鋼筋混凝土（ＲＣ）,1131217,123.19999999999999,3,1,2,有,有,8680000,70455,一樓平面,0.0,0,預售屋、或土地及建物分件登記案件；,RPPOMLKKKHKGFAG37DA,70.86,0.0,7.77,有,
五結鄉,房地(土地+建物)+車位,宜蘭縣五結鄉國民中路７之１號三樓之３,39.49,,特定農業區,甲種建築用地,1130425,土地2建物1車位1,三層,四層,華廈(10層含以下有電梯),住家用,鋼筋混凝土（ＲＣ）,1131217,103.11,2,1,1,有,有,7260000,70410,一樓平面,0.0,0,預售屋、或土地及建物分件登記案件；,RPROMLKKKHKGFAG57DA,56.91,0.0,5.55,有,
五結鄉,房地(土地+建物)+車位,宜蘭縣五結鄉國民中路７之１號三樓之６,36.33,,特定農業區,甲種建築用地,1130415,土地2建物1車位1,三層,四層,華廈(10層含以下有電梯),住家用,鋼筋混凝土（ＲＣ）,1131217,96.89,2,1,1,有,有,6820000,70389,一樓平面,0.0,0,預售屋、或土地及建物分件登記案件；,RPTOMLKKKHKGFAG77DA,50.18,0.0,7.28,有,
五結鄉,房地(土地+建物)+車位,宜蘭縣五結鄉國民中路７之１號三樓之７,58.98,,特定農業區,甲種建築用地,1130402,土地2建物1車位1,三層,四層,華廈(10層含以下有電梯),住家用,鋼筋混凝土（ＲＣ）,1131217,141.43,3,1,2,有,有,9960000,70424,一樓平面,0.0,0,預售屋、或土地及建物分件登記案件；,RPUOMLKKKHKGFAG87DA,85.01,0.0,8.26,有,
五結鄉,房地(土地+建物)+車位,宜蘭縣五結鄉國民中路７之１號四樓之３,39.49,,特定農業區,甲種建築用地,1130424,土地2建物1車位1,四層,四層,華廈(10層含以下有電梯),住家用,鋼筋混凝土（ＲＣ）,1131217,103.11,2,1,1,有,有,7250000,70313,一樓平面,0.0,0,預售屋、或土地及建物分件登記案件；,RPOPMLKKKHKGFAG37DA,56.91,0.0,5.55,有,
五結鄉,房地(土地+建物)+車位,宜蘭縣五結鄉國民中路７之１號四樓之５,37.36,,特定農業區,甲種建築用地,1130424,土地2建物1車位1,四層,四層,華廈(10層含以下有電梯),住家用,鋼筋混凝土（ＲＣ）,1131217,98.88,1,1,1,有,有,6950000,70287,一樓平面,0.0,0,預售屋、或土地及建物分件登記案件；,RPPPMLKKKHKGFAG47DA,55.05,0.0,4.02,有,
五結鄉,房地(土地+建物)+車位,宜蘭縣五結鄉國民中路７之１號四樓之６,36.33,,特定農業區,甲種建築用地,1130415,土地2建物1車位1,四層,四層,華廈(10層含以下有電梯),住家用,鋼筋混凝土（ＲＣ）,1131217,96.89,2,1,1,有,有,6800000,70183,一樓平面,0.0,0,預售屋、或土地及建物分件登記案件；,RPQPMLKKKHKGFAG57DA,50.18,0.0,7.28,有,
五結鄉,房地(土地+建物)+車位,宜蘭縣五結鄉國民中路７之２號三樓之５,66.21,,特定農業區,甲種建築用地,1130401,土地2建物1車位1,三層,四層,華廈(10層含以下有電梯),住家用,鋼筋混凝土（ＲＣ）,1131217,155.46,3,1,2,有,有,10950000,70436,一樓平面,0.0,0,預售屋、或土地及建物分件登記案件；,RPRQMLKKKHKGFAG77DA,93.35,0.0,11.35,有,
五結鄉,房地(土地+建物)+車位,宜蘭縣五結鄉國民中路７之２號三樓之８,61.2,,特定農業區,甲種建築用地,1130423,土地2建物1車位1,三層,四層,華廈(10層含以下有電梯),住家用,鋼筋混凝土（ＲＣ）,1131217,145.62,3,1,2,有,有,10260000,70457,一樓平面,0.0,0,預售屋、或土地及建物分件登記案件；,RPWPMLLKKHKGFAG28DA,85.0,0.0,11.77,有,
五結鄉,房地(土地+建物)+車位,宜蘭縣五結鄉國民中路７之１號二樓之６,36.33,,特定農業區,甲種建築用地,1130409,土地2建物1車位1,二層,四層,華廈(10層含以下有電梯),住家用,鋼筋混凝土（ＲＣ）,1131217,96.89,2,1,1,有,有,6800000,70183,一樓平面,0.0,0,預售屋、或土地及建物分件登記案件；,RPVQMLLKKHKGFAG28DA,50.18,0.0,7.28,有,
五結鄉,房地(土地+建物)+車位,宜蘭縣五結鄉國民中路７之２號二樓之５,66.21,,特定農業區,甲種建築用地,1130410,土地2建物1車位1,二層,四層,華廈(10層含以下有電梯),住家用,鋼筋混凝土（ＲＣ）,1131217,155.46,3,1,2,有,有,10900000,70114,一樓平面,0.0,0,預售屋、或土地及建物分件登記案件；,RPXQMLLKKHKGFAG48DA,93.35,0.0,11.35,有,
羅東鎮,房地(土地+建物),宜蘭縣羅東鎮東榮路二段２５號,53.35,工,,,1130426,土地1建物1車位0,一層，二層,六層,華廈(10層含以下有電梯),商業用,鋼筋混凝土（ＲＣ）,1130816,161.73,0,2,1,有,有,18250000,112842,,0.0,0,預售屋、或土地及建物分件登記案件；,RPOTMLLKKHKGFAG87DA,102.53,0.0,4.02,有,
羅東鎮,房地(土地+建物)+車位,宜蘭縣羅東鎮東榮路二段２５號四樓,28.57,工,,,1130426,土地1建物1車位1,四層,六層,華廈(10層含以下有電梯),住家用,鋼筋混凝土（ＲＣ）,1130816,100.30000000000001,1,1,1,有,有,9800000,101628,坡道機械,13.71,1000000,預售屋、或土地及建物分件登記案件；,RPPTMLLKKHKGFAG97DA,51.11,0.0,5.95,有,
宜蘭市,房地(土地+建物),宜蘭縣宜蘭市慈航二路１３１號三樓之二,65.96,,特定農業區,甲種建築用地,1130302,土地5建物1車位0,三層,四層,華廈(10層含以下有電梯),住家用,鋼筋混凝土造,1131126,109.64,3,2,2,有,有,9380000,85553,,0.0,0,預售屋、或土地及建物分件登記案件；,RPPPMLMKKHKGFBG77DA,69.19,0.0,11.31,有,
冬山鄉,房地(土地+建物)+車位,宜蘭縣冬山鄉鹿埔路５２０號二樓之６,53.16,,特定農業區,甲種建築用地,1130301,土地2建物1車位1,二層,四層,華廈(10層含以下有電梯),住家用,鋼筋混凝土造（ＲＣ）,1131106,134.26,3,2,2,有,有,7380000,54968,一樓平面,0.0,0,預售屋、或土地及建物分件登記案件；,RPSPMLNJKHKGFAG97DA,82.68,0.0,5.87,有,
礁溪鄉,房地(土地+建物)+車位,宜蘭縣礁溪鄉白雲五路７８號二樓,50.36,,鄉村區,乙種建築用地,1130203,土地2建物1車位1,二層,四層,華廈(10層含以下有電梯),住家用,鋼筋混凝土造,1131212,117.66,2,2,2,有,有,7060000,60003,一樓平面,13.75,0,預售屋、或土地及建物分件登記案件；,RPVNMLLLKHKGFBG18DA,63.94,0.0,8.71,有,
礁溪鄉,房地(土地+建物)+車位,宜蘭縣礁溪鄉白雲五路７８號二樓之二,42.78,,鄉村區,乙種建築用地,1130203,土地2建物1車位1,二層,四層,華廈(10層含以下有電梯),住家用,鋼筋混凝土造,1131212,102.23,2,2,2,有,有,6300000,61626,一樓平面,13.75,0,預售屋、或土地及建物分件登記案件；,RPWNMLLLKHKGFBG28DA,57.61,0.0,4.24,有,
冬山鄉,房地(土地+建物)+車位,宜蘭縣冬山鄉鹿埔路５２０號二樓之２,53.84,,特定農業區,甲種建築用地,1130125,土地2建物1車位1,二層,四層,華廈(10層含以下有電梯),住家用,鋼筋混凝土造（ＲＣ）,1131106,135.69,3,2,2,有,有,7150000,52694,一樓平面,0.0,0,預售屋、或土地及建物分件登記案件；,RPTOMLNJKHKGFAG97DA,83.58,0.0,5.82,有,
冬山鄉,房地(土地+建物)+車位,宜蘭縣冬山鄉鹿埔路５２０號二樓之８,53.87,,特定農業區,甲種建築用地,1130125,土地2建物1車位1,二層,四層,華廈(10層含以下有電梯),住家用,鋼筋混凝土造（ＲＣ）,1131106,135.55,3,2,2,有,有,6800000,50166,一樓平面,0.0,0,預售屋、或土地及建物分件登記案件；,RPPQMLNJKHKGFAG77DA,83.42,0.0,5.82,有,
冬山鄉,房地(土地+建物)+車位,宜蘭縣冬山鄉鹿埔路５２０號三樓之８,53.87,,特定農業區,甲種建築用地,1130125,土地2建物1車位1,三層,四層,華廈(10層含以下有電梯),住家用,鋼筋混凝土造（ＲＣ）,1131106,135.56,3,2,2,有,有,6800000,50162,一樓平面,0.0,0,預售屋、或土地及建物分件登記案件；,RPQQMLNJKHKGFAG87DA,83.42,0.0,5.82,有,
礁溪鄉,房地(土地+建物)+車位,宜蘭縣礁溪鄉白雲五路７８號三樓,48.72,,鄉村區,乙種建築用地,1130114,土地2建物1車位1,三層,四層,華廈(10層含以下有電梯),住家用,鋼筋混凝土造,1131212,117.28,2,2,2,有,有,7400000,63097,一樓平面,13.75,0,預售屋、或土地及建物分件登記案件；,RPXNMLLLKHKGFBG38DA,62.17,0.0,10.48,有,
冬山鄉,房地(土地+建物)+車位,宜蘭縣冬山鄉鹿埔路５２０號四樓之２,53.84,,特定農業區,甲種建築用地,1121208,土地2建物1車位1,四層,四層,華廈(10層含以下有電梯),住家用,鋼筋混凝土造（ＲＣ）,1131106,135.69,3,2,2,有,有,7150000,52694,一樓平面,0.0,0,預售屋、或土地及建物分件登記案件；,RPVOMLNJKHKGFAG18DA,83.58,0.0,5.82,有,
冬山鄉,房地(土地+建物)+車位,宜蘭縣冬山鄉鹿埔路５２０號三樓之９,53.16,,特定農業區,甲種建築用地,1121201,土地2建物1車位1,三層,四層,華廈(10層含以下有電梯),住家用,鋼筋混凝土造（ＲＣ）,1131106,134.0,3,2,2,有,有,7200000,53731,一樓平面,0.0,0,預售屋、或土地及建物分件登記案件；,RPVQMLNJKHKGFAG38DA,82.42,0.0,5.87,有,
冬山鄉,房地(土地+建物)+車位,宜蘭縣冬山鄉鹿埔路５２０號四樓之３,53.84,,特定農業區,甲種建築用地,1121206,土地2建物1車位1,四層,四層,華廈(10層含以下有電梯),住家用,鋼筋混凝土造（ＲＣ）,1131106,135.69,3,2,2,有,有,7150000,52694,一樓平面,0.0,0,預售屋、或土地及建物分件登記案件；,RPOPMLNJKHKGFAG57DA,83.58,0.0,5.82,有,
羅東鎮,房地(土地+建物)+車位,宜蘭縣羅東鎮東榮路二段２９號三樓,42.62,工,,,1121211,土地1建物1車位1,三層,六層,華廈(10層含以下有電梯),住家用,鋼筋混凝土（ＲＣ）,1130816,142.92000000000002,3,1,2,有,有,13460000,96432,坡道機械,13.71,1000000,預售屋、或土地及建物分件登記案件；,RPSTMLLKKHKGFAG28DA,75.77,0.0,9.38,有,
冬山鄉,房地(土地+建物)+車位,宜蘭縣冬山鄉鹿埔路５２０號三樓之２,53.84,,特定農業區,甲種建築用地,1121119,土地2建物1車位1,三層,四層,華廈(10層含以下有電梯),住家用,鋼筋混凝土造（ＲＣ）,1131106,135.69,3,2,2,有,有,7150000,52694,一樓平面,0.0,0,預售屋、或土地及建物分件登記案件；,RPUOMLNJKHKGFAG08DA,83.58,0.0,5.82,有,
冬山鄉,房地(土地+建物)+車位,宜蘭縣冬山鄉鹿埔路５２０號二樓之３,53.84,,特定農業區,甲種建築用地,1121119,土地2建物1車位1,二層,四層,華廈(10層含以下有電梯),住家用,鋼筋混凝土造（ＲＣ）,1131106,135.69,3,2,2,有,有,7150000,52694,一樓平面,0.0,0,預售屋、或土地及建物分件登記案件；,RPWOMLNJKHKGFAG28DA,83.58,0.0,5.82,有,
冬山鄉,房地(土地+建物)+車位,宜蘭縣冬山鄉鹿埔路５２０號三樓之３,53.84,,特定農業區,甲種建築用地,1121119,土地2建物1車位1,三層,四層,華廈(10層含以下有電梯),住家用,鋼筋混凝土造（ＲＣ）,1131106,135.69,3,2,2,有,有,7150000,52694,一樓平面,0.0,0,預售屋、或土地及建物分件登記案件；,RPXOMLNJKHKGFAG38DA,83.58,0.0,5.82,有,
冬山鄉,房地(土地+建物)+車位,宜蘭縣冬山鄉鹿埔路５２０號二樓之７,53.84,,特定農業區,甲種建築用地,1121110,土地2建物1車位1,二層,四層,華廈(10層含以下有電梯),住家用,鋼筋混凝土造（ＲＣ）,1131106,135.58,3,2,2,有,有,7150000,52736,一樓平面,0.0,0,預售屋、或土地及建物分件登記案件；,RPWPMLNJKHKGFAG38DA,83.47,0.0,5.82,有,
冬山鄉,房地(土地+建物)+車位,宜蘭縣冬山鄉鹿埔路５２０號四樓之７,53.84,,特定農業區,甲種建築用地,1121125,土地2建物1車位1,四層,四層,華廈(10層含以下有電梯),住家用,鋼筋混凝土造（ＲＣ）,1131106,135.58,3,2,2,有,有,7150000,52736,一樓平面,0.0,0,預售屋、或土地及建物分件登記案件；,RPOQMLNJKHKGFAG67DA,83.47,0.0,5.82,有,
羅東鎮,房地(土地+建物),宜蘭縣羅東鎮東榮路二段１５號,45.24,工,,,1121115,土地1建物1車位0,一層，二層,六層,華廈(10層含以下有電梯),商業用,鋼筋混凝土（ＲＣ）,1130816,137.15,0,2,1,有,有,15470000,112796,,0.0,0,預售屋、或土地及建物分件登記案件；,RPTTMLLKKHKGFAG38DA,90.36,0.0,0.0,有,
冬山鄉,房地(土地+建物)+車位,宜蘭縣冬山鄉鹿埔路５２０號三樓之１,53.16,,特定農業區,甲種建築用地,1121028,土地2建物1車位1,三層,四層,華廈(10層含以下有電梯),住家用,鋼筋混凝土造（ＲＣ）,1131106,134.26,3,2,2,有,有,7200000,53627,一樓平面,0.0,0,預售屋、或土地及建物分件登記案件；,RPROMLNJKHKGFAG77DA,82.68,0.0,5.87,有,
冬山鄉,房地(土地+建物)+車位,宜蘭縣冬山鄉鹿埔路５２０號三樓之６,53.16,,特定農業區,甲種建築用地,1121014,土地2建物1車位1,三層,四層,華廈(10層含以下有電梯),住家用,鋼筋混凝土造（ＲＣ）,1131106,134.26,3,2,2,有,有,7200000,53627,一樓平面,0.0,0,預售屋、或土地及建物分件登記案件；,RPTPMLNJKHKGFAG08DA,82.68,0.0,5.87,有,
冬山鄉,房地(土地+建物)+車位,宜蘭縣冬山鄉鹿埔路５２０號三樓之５,53.16,,特定農業區,甲種建築用地,1121027,土地2建物1車位1,三層,四層,華廈(10層含以下有電梯),住家用,鋼筋混凝土造（ＲＣ）,1131106,134.26,3,2,2,有,有,7200000,53627,一樓平面,0.0,0,預售屋、或土地及建物分件登記案件；,RPPPMLNJKHKGFAG67DA,82.68,0.0,5.87,有,
羅東鎮,房地(土地+建物),宜蘭縣羅東鎮東榮路二段２３號四樓,42.62,工,,,1121025,土地1建物1車位0,四層,六層,華廈(10層含以下有電梯),住家用,鋼筋混凝土（ＲＣ）,1130816,129.22,3,1,2,有,有,12550000,97121,,0.0,0,預售屋、或土地及建物分件登記案件；,RPUTMLLKKHKGFAG48DA,75.77,0.0,9.38,有,
羅東鎮,房地(土地+建物),宜蘭縣羅東鎮東榮路二段１７號五樓,28.57,工,,,1121026,土地1建物1車位0,五層,六層,華廈(10層含以下有電梯),住家用,鋼筋混凝土（ＲＣ）,1130816,100.30000000000001,1,1,1,有,有,9200000,91725,,0.0,0,預售屋、或土地及建物分件登記案件；,RPTNMLRKKHKGFAG38DA,51.11,0.0,5.95,有,029
三星鄉,房地(土地+建物),宜蘭縣三星鄉雙義路１８８巷６號三樓之３,34.71,住,,,1120904,土地1建物1車位0,三層,五層,華廈(10層含以下有電梯),住家用,鋼筋混凝土（ＲＣ）,1131121,79.06,2,1,1,有,有,4600000,58184,,0.0,0,預售屋、或土地及建物分件登記案件；,RPQOMLNKKHKGFAG77DA,51.86,0.0,6.03,有,
三星鄉,房地(土地+建物),宜蘭縣三星鄉雙義路１８８巷６號四樓之２,35.57,住,,,1120906,土地1建物1車位0,四層,五層,華廈(10層含以下有電梯),住家用,鋼筋混凝土（ＲＣ）,1131121,79.91,2,1,1,有,有,4500000,56313,,0.0,0,預售屋、或土地及建物分件登記案件；,RPQNMLOKKHKGFAG77DA,53.01,0.0,5.5,有,
羅東鎮,房地(土地+建物),宜蘭縣羅東鎮東榮路二段２５號三樓,28.57,工,,,1120905,土地1建物1車位0,三層,六層,華廈(10層含以下有電梯),住家用,鋼筋混凝土（ＲＣ）,1130816,86.6,1,1,1,有,有,8400000,96998,,0.0,0,預售屋、或土地及建物分件登記案件；,RPOUMLLKKHKGFAG97DA,51.11,0.0,5.95,有,
羅東鎮,房地(土地+建物),宜蘭縣羅東鎮東榮路二段２７號二樓,29.69,工,,,1120901,土地1建物1車位0,二層,六層,華廈(10層含以下有電梯),住家用,鋼筋混凝土（ＲＣ）,1130816,90.03,1,1,1,有,有,8720000,96857,,0.0,0,預售屋、或土地及建物分件登記案件；,RPQUMLLKKHKGFAG18DA,51.11,0.0,8.21,有,
冬山鄉,房地(土地+建物)+車位,宜蘭縣冬山鄉鹿埔路５２０號四樓之１,53.16,,特定農業區,甲種建築用地,1120813,土地2建物1車位1,四層,四層,華廈(10層含以下有電梯),住家用,鋼筋混凝土造（ＲＣ）,1131106,134.26,3,2,2,有,有,7450000,55489,一樓平面,0.0,0,預售屋、或土地及建物分件登記案件；,RPSOMLNJKHKGFAG87DA,82.68,0.0,5.87,有,
冬山鄉,房地(土地+建物)+車位,宜蘭縣冬山鄉鹿埔路５２０號三樓之７,53.84,,特定農業區,甲種建築用地,1120810,土地2建物1車位1,三層,四層,華廈(10層含以下有電梯),住家用,鋼筋混凝土造（ＲＣ）,1131106,135.58,3,2,2,有,有,7150000,52736,一樓平面,0.0,0,預售屋、或土地及建物分件登記案件；,RPXPMLNJKHKGFAG48DA,83.47,0.0,5.82,有,
羅東鎮,房地(土地+建物),宜蘭縣羅東鎮東榮路二段２９號五樓,42.62,工,,,1120830,土地1建物1車位0,五層,六層,華廈(10層含以下有電梯),住家用,鋼筋混凝土（ＲＣ）,1130816,129.22,3,1,2,有,有,12680000,98127,,0.0,0,預售屋、或土地及建物分件登記案件；,RPPUMLLKKHKGFAG08DA,75.77,0.0,9.38,有,
員山鄉,房地(土地+建物),宜蘭縣員山鄉惠好路１６巷３６號二樓之二,98.83,,特定農業區,農牧用地,1120720,土地2建物1車位0,二層,四層,華廈(10層含以下有電梯),住家用,鋼筋混凝土造,1131127,130.14,3,2,2,有,無,8700000,66851,,0.0,0,親友、員工、共有人或其他特殊關係間之交易；預售屋、或土地及建物分件登記案件；,RPUOMLMKKHKGFBG18DA,88.12,0.0,7.88,有,
冬山鄉,房地(土地+建物)+車位,宜蘭縣冬山鄉鹿埔路５２０號二樓之９,53.16,,特定農業區,甲種建築用地,1120722,土地2建物1車位1,二層,四層,華廈(10層含以下有電梯),住家用,鋼筋混凝土造（ＲＣ）,1131106,134.0,3,2,2,有,有,7400000,55224,一樓平面,0.0,0,預售屋、或土地及建物分件登記案件；,RPUQMLNJKHKGFAG28DA,82.42,0.0,5.87,有,
冬山鄉,房地(土地+建物)+車位,宜蘭縣冬山鄉鹿埔路５２０號四樓之６,53.16,,特定農業區,甲種建築用地,1120728,土地2建物1車位1,四層,四層,華廈(10層含以下有電梯),住家用,鋼筋混凝土造（ＲＣ）,1131106,134.26,3,2,2,有,有,7400000,55117,一樓平面,0.0,0,預售屋、或土地及建物分件登記案件；,RPXPMLQJKHKGFAG78DA,82.68,0.0,5.87,有,
冬山鄉,房地(土地+建物)+車位,宜蘭縣冬山鄉鹿埔路５２０號二樓之１,53.16,,特定農業區,甲種建築用地,1120729,土地2建物1車位1,二層,四層,華廈(10層含以下有電梯),住家用,鋼筋混凝土造（ＲＣ）,1131106,134.26,3,2,2,有,有,7400000,55117,一樓平面,0.0,0,預售屋、或土地及建物分件登記案件；,RPRNMLRJKHKGFAG08DA,82.68,0.0,5.87,有,
礁溪鄉,房地(土地+建物),宜蘭縣礁溪鄉玉龍路二段４１１號四樓之二,63.98,,特定農業區,甲種建築用地,1120723,土地2建物1車位0,四層,四層,華廈(10層含以下有電梯),住家用,鋼筋混凝土造,1131128,84.88000000000001,2,2,2,有,無,7580000,89303,,0.0,0,預售屋、或土地及建物分件登記案件；,RPWNMLTKKHKGFBG98DA,59.78,0.0,5.48,有,
礁溪鄉,房地(土地+建物),宜蘭縣礁溪鄉玉龍路二段４１１號三樓之二,64.88,,特定農業區,甲種建築用地,1120731,土地2建物1車位0,三層,四層,華廈(10層含以下有電梯),住家用,鋼筋混凝土造,1131128,84.88000000000001,2,2,2,有,無,7400000,87182,,0.0,0,預售屋、或土地及建物分件登記案件；,RPXNMLTKKHKGFBG09DA,59.78,0.0,5.48,有,
礁溪鄉,房地(土地+建物)+車位,宜蘭縣礁溪鄉玉龍路二段４１１號四樓,57.87,,特定農業區,甲種建築用地,1120714,土地2建物1車位1,四層,四層,華廈(10層含以下有電梯),住家用,鋼筋混凝土造,1131128,117.59,2,2,2,有,無,8360000,71094,一樓平面,13.75,0,預售屋、或土地及建物分件登記案件；,RPOOMLTKKHKGFBG28DA,71.26,0.0,8.56,有,
礁溪鄉,房地(土地+建物),宜蘭縣礁溪鄉玉龍路二段４１１號三樓之一,70.87,,特定農業區,農牧用地,1120723,土地2建物1車位0,三層,四層,華廈(10層含以下有電梯),住家用,鋼筋混凝土造,1131128,85.38,2,2,2,有,無,7180000,84095,,0.0,0,預售屋、或土地及建物分件登記案件；,RPPOMLTKKHKGFBG38DA,60.2,0.0,5.43,有,
礁溪鄉,房地(土地+建物)+車位,宜蘭縣礁溪鄉玉龍路二段４１１號三樓,42.34,,特定農業區,甲種建築用地,1120720,土地1建物1車位1,三層,四層,華廈(10層含以下有電梯),住家用,鋼筋混凝土造,1131128,117.59,2,2,2,有,無,8080000,68713,一樓平面,13.75,0,預售屋、或土地及建物分件登記案件；,RPQOMLTKKHKGFBG48DA,71.26,0.0,8.56,有,
礁溪鄉,房地(土地+建物),宜蘭縣礁溪鄉玉龍路二段４１１號二樓之二,70.99,,特定農業區,農牧用地,1120719,土地2建物1車位0,二層,四層,華廈(10層含以下有電梯),住家用,鋼筋混凝土造,1131128,84.88000000000001,2,2,2,有,無,7300000,86004,,0.0,0,預售屋、或土地及建物分件登記案件；,RPROMLTKKHKGFBG58DA,59.78,0.0,5.48,有,
礁溪鄉,房地(土地+建物),宜蘭縣礁溪鄉玉龍路二段４１１號二樓之一,65.0,,特定農業區,甲種建築用地,1120719,土地2建物1車位0,二層,四層,華廈(10層含以下有電梯),住家用,鋼筋混凝土造,1131128,85.38,2,2,2,有,無,6990000,81869,,0.0,0,預售屋、或土地及建物分件登記案件；,RPSOMLTKKHKGFBG68DA,60.2,0.0,5.43,有,
礁溪鄉,房地(土地+建物)+車位,宜蘭縣礁溪鄉玉龍路二段４１１號二樓,42.34,,特定農業區,甲種建築用地,1120707,土地1建物1車位1,二層,四層,華廈(10層含以下有電梯),住家用,鋼筋混凝土造,1131128,117.59,2,2,2,有,無,7980000,67863,一樓平面,13.75,0,預售屋、或土地及建物分件登記案件；,RPTOMLTKKHKGFBG78DA,71.26,0.0,8.56,有,
冬山鄉,房地(土地+建物)+車位,宜蘭縣冬山鄉鹿埔路５１８號二樓之２,38.15,,特定農業區,甲種建築用地,1120721,土地2建物1車位1,二層,四層,華廈(10層含以下有電梯),住家用,鋼筋混凝土造（ＲＣ）,1131106,96.59,2,2,1,有,有,5180000,53629,一樓平面,0.0,0,預售屋、或土地及建物分件登記案件；,RPRNMLOJKHKGFAG77DA,54.56,0.0,8.52,有,
冬山鄉,房地(土地+建物)+車位,宜蘭縣冬山鄉鹿埔路５１８號三樓之２,38.15,,特定農業區,甲種建築用地,1120705,土地2建物1車位1,三層,四層,華廈(10層含以下有電梯),住家用,鋼筋混凝土造（ＲＣ）,1131106,96.59,2,2,1,有,有,5180000,53629,一樓平面,0.0,0,預售屋、或土地及建物分件登記案件；,RPSNMLOJKHKGFAG87DA,54.56,0.0,8.52,有,
冬山鄉,房地(土地+建物)+車位,宜蘭縣冬山鄉鹿埔路５１８號四樓之２,38.15,,特定農業區,甲種建築用地,1120728,土地2建物1車位1,四層,四層,華廈(10層含以下有電梯),住家用,鋼筋混凝土造（ＲＣ）,1131106,96.59,2,2,1,有,有,5200000,53836,一樓平面,0.0,0,預售屋、或土地及建物分件登記案件；,RPTNMLOJKHKGFAG97DA,54.56,0.0,8.52,有,
員山鄉,房地(土地+建物),宜蘭縣員山鄉惠好路１６巷３６號三樓之二,98.83,,特定農業區,農牧用地,1120611,土地2建物1車位0,三層,四層,華廈(10層含以下有電梯),住家用,鋼筋混凝土造,1131127,130.14,3,2,2,有,無,8900000,68388,,0.0,0,親友、員工、共有人或其他特殊關係間之交易；預售屋、或土地及建物分件登記案件；,RPSOMLMKKHKGFBG97DA,88.12,0.0,7.88,有,
羅東鎮,房地(土地+建物)+車位,宜蘭縣羅東鎮愛國路７６號四樓之２,34.42,住,,,1120506,土地2建物1車位1,四層,十一層,住宅大樓(11層含以上有電梯),住家用,鋼筋混凝土（ＲＣ）,1131129,154.92000000000002,3,2,2,有,無,12820000,92092,坡道平面,32.0,1500000,其他 廚具整套:53000元；預售屋、或土地及建物分件登記案件；,RPUPMLSKKHKGFAG78DA,74.67,0.0,7.7,有,
冬山鄉,房地(土地+建物)+車位,宜蘭縣冬山鄉鹿埔路５２０號四樓之９,53.16,,特定農業區,甲種建築用地,1120530,土地2建物1車位1,四層,四層,華廈(10層含以下有電梯),住家用,鋼筋混凝土造（ＲＣ）,1131106,134.0,3,2,2,有,有,7400000,55224,一樓平面,0.0,0,預售屋、或土地及建物分件登記案件；,RPWQMLNJKHKGFAG48DA,82.42,0.0,5.87,有,
冬山鄉,房地(土地+建物)+車位,宜蘭縣冬山鄉鹿埔路５１８號二樓之１,56.65,,特定農業區,甲種建築用地,1120529,土地2建物1車位1,二層,四層,華廈(10層含以下有電梯),住家用,鋼筋混凝土造（ＲＣ）,1131106,144.13,3,2,2,有,有,7400000,51343,一樓平面,0.0,0,預售屋、或土地及建物分件登記案件；,RPXQMLNJKHKGFAG58DA,84.23,0.0,10.15,有,
冬山鄉,房地(土地+建物)+車位,宜蘭縣冬山鄉鹿埔路５１８號三樓之１,56.65,,特定農業區,甲種建築用地,1120529,土地2建物1車位1,三層,四層,華廈(10層含以下有電梯),住家用,鋼筋混凝土造（ＲＣ）,1131106,144.13,3,2,2,有,有,7400000,51343,一樓平面,0.0,0,預售屋、或土地及建物分件登記案件；,RPPNMLOJKHKGFAG57DA,84.23,0.0,10.15,有,
冬山鄉,房地(土地+建物)+車位,宜蘭縣冬山鄉鹿埔路５２０號二樓之５,53.16,,特定農業區,甲種建築用地,1120530,土地2建物1車位1,二層,四層,華廈(10層含以下有電梯),住家用,鋼筋混凝土造（ＲＣ）,1131106,134.26,3,2,2,有,有,7400000,55117,一樓平面,0.0,0,預售屋、或土地及建物分件登記案件；,RPPOMLNJKHKGFAG57DA,82.68,0.0,5.87,有,
冬山鄉,房地(土地+建物)+車位,宜蘭縣冬山鄉鹿埔路５２０號四樓之５,53.16,,特定農業區,甲種建築用地,1120531,土地2建物1車位1,四層,四層,華廈(10層含以下有電梯),住家用,鋼筋混凝土造（ＲＣ）,1131106,134.26,3,2,2,有,有,7400000,55117,一樓平面,0.0,0,預售屋、或土地及建物分件登記案件；,RPRPMLNJKHKGFAG87DA,82.68,0.0,5.87,有,
羅東鎮,房地(土地+建物),宜蘭縣羅東鎮東榮路二段２９號,51.62,工,,,1120515,土地1建物1車位0,一層，二層,六層,華廈(10層含以下有電梯),商業用,鋼筋混凝土（ＲＣ）,1130816,156.52,0,2,1,有,有,17600000,112446,,0.0,0,預售屋、或土地及建物分件登記案件；,RPRNMLMKKHKGFAG67DA,103.12,0.0,0.0,有,
冬山鄉,房地(土地+建物)+車位,宜蘭縣冬山鄉鹿埔路５１８號四樓之１,56.65,,特定農業區,甲種建築用地,1120530,土地2建物1車位1,四層,四層,華廈(10層含以下有電梯),住家用,鋼筋混凝土造（ＲＣ）,1131106,144.13,3,2,2,有,有,7400000,51343,一樓平面,0.0,0,預售屋、或土地及建物分件登記案件；,RPQNMLOJKHKGFAG67DA,84.23,0.0,10.15,有,
冬山鄉,房地(土地+建物)+車位,宜蘭縣冬山鄉鹿埔路５１８號二樓之３,38.15,,特定農業區,甲種建築用地,1120530,土地2建物1車位1,二層,四層,華廈(10層含以下有電梯),住家用,鋼筋混凝土造（ＲＣ）,1131106,96.85,2,2,1,有,有,5200000,53691,一樓平面,0.0,0,預售屋、或土地及建物分件登記案件；,RPUNMLOJKHKGFAG08DA,54.82,0.0,8.52,有,
冬山鄉,房地(土地+建物)+車位,宜蘭縣冬山鄉鹿埔路５１８號三樓之３,38.15,,特定農業區,甲種建築用地,1120531,土地2建物1車位1,三層,四層,華廈(10層含以下有電梯),住家用,鋼筋混凝土造（ＲＣ）,1131106,96.85,2,2,1,有,有,5200000,53691,一樓平面,0.0,0,預售屋、或土地及建物分件登記案件；,RPVNMLOJKHKGFAG18DA,54.82,0.0,8.52,有,
冬山鄉,房地(土地+建物)+車位,宜蘭縣冬山鄉鹿埔路５１８號四樓之３,38.15,,特定農業區,甲種建築用地,1120530,土地2建物1車位1,四層,四層,華廈(10層含以下有電梯),住家用,鋼筋混凝土造（ＲＣ）,1131106,96.85,2,2,1,有,有,5200000,53691,一樓平面,0.0,0,預售屋、或土地及建物分件登記案件；,RPWNMLOJKHKGFAG28DA,54.82,0.0,8.52,有,
羅東鎮,房地(土地+建物)+車位,宜蘭縣羅東鎮東榮路二段２５號二樓,29.69,工,,,1120526,土地1建物1車位1,二層,六層,華廈(10層含以下有電梯),住家用,鋼筋混凝土（ＲＣ）,1130816,103.72999999999999,1,1,1,有,有,9800000,95534,坡道機械,13.71,1200000,預售屋、或土地及建物分件登記案件；,RPTUMLLKKHKGFAG48DA,51.11,0.0,8.21,有,
壯圍鄉,房地(土地+建物)+車位,宜蘭縣壯圍鄉中央路二段２２５號六樓之五,44.8,住,,,1120416,土地1建物1車位1,六層,六層,華廈(10層含以下有電梯),住家用,鋼筋混凝土造,1131213,125.37,3,2,2,有,無,9660000,77052,一樓平面,0.0,0,預售屋、或土地及建物分件登記案件；,RPVOMLSKKHKGFBG88DA,72.06,0.0,6.99,有,
壯圍鄉,房地(土地+建物)+車位,宜蘭縣壯圍鄉中央路二段２２５號四樓之五,44.8,住,,,1120416,土地1建物1車位1,四層,六層,華廈(10層含以下有電梯),住家用,鋼筋混凝土造,1131213,125.37,3,2,2,有,無,9260000,73861,一樓平面,0.0,0,預售屋、或土地及建物分件登記案件；,RPQPMLSKKHKGFBG48DA,72.06,0.0,6.99,有,
羅東鎮,房地(土地+建物)+車位,宜蘭縣羅東鎮愛國路７６號八樓之１,34.48,住,,,1120310,土地2建物1車位1,八層,十一層,住宅大樓(11層含以上有電梯),住家用,鋼筋混凝土（ＲＣ）,1131129,155.13,3,2,2,有,無,13700000,98270,坡道平面,32.0,1600000,其他 輕隔間、臥室門框扇退還等12項:89837元；預售屋、或土地及建物分件登記案件；,RPQNMLTKKHKGFAG28DA,74.67,0.0,7.84,有,
壯圍鄉,房地(土地+建物),宜蘭縣壯圍鄉中興一路９５號,1739.0,,特定農業區,農牧用地,1120309,土地1建物1車位0,全,三層,透天厝,農業用,鋼筋混凝土造,1131206,252.13,4,2,5,有,無,6943800,27541,,0.0,0,地上建物由買方出資興建,RPXNMLPLKHKGFBG78DA,231.59,0.0,20.54,無,
壯圍鄉,房地(土地+建物)+車位,宜蘭縣壯圍鄉中央路二段２２５號五樓之五,44.8,住,,,1120325,土地1建物1車位1,五層,六層,華廈(10層含以下有電梯),住家用,鋼筋混凝土造,1131213,125.37,4,2,2,有,無,9580000,76414,一樓平面,0.0,0,預售屋、或土地及建物分件登記案件；,RPPPMLSKKHKGFBG38DA,72.06,0.0,6.99,有,
壯圍鄉,房地(土地+建物)+車位,宜蘭縣壯圍鄉中央路二段２２５號二樓之三,40.6,住,,,1111225,土地1建物1車位1,二層,六層,華廈(10層含以下有電梯),住家用,鋼筋混凝土造,1131213,113.44999999999999,3,2,2,有,無,8130000,71662,一樓平面,0.0,0,預售屋、或土地及建物分件登記案件；,RPSPMLSKKHKGFBG68DA,65.62,0.0,5.65,有,
羅東鎮,房地(土地+建物)+車位,宜蘭縣羅東鎮愛國路７６號十一樓之１,34.48,住,,,1111103,土地2建物1車位1,十一層,十一層,住宅大樓(11層含以上有電梯),住家用,鋼筋混凝土（ＲＣ）,1131129,155.13,3,2,2,有,無,13780000,99732,坡道平面,32.0,1500000,預售屋、或土地及建物分件登記案件；,RPXOMLSKKHKGFAG98DA,74.67,0.0,7.84,有,
羅東鎮,房地(土地+建物),宜蘭縣羅東鎮愛國路７６號八樓之６,19.19,住,,,1111116,土地2建物1車位0,八層,十一層,住宅大樓(11層含以上有電梯),住家用,鋼筋混凝土（ＲＣ）,1131129,68.52,2,1,1,有,無,6980000,101868,,0.0,0,預售屋、或土地及建物分件登記案件；,RPQPMLSKKHKGFAG38DA,42.36,0.0,3.57,有,
壯圍鄉,房地(土地+建物)+車位,宜蘭縣壯圍鄉中央路二段２２５號二樓之二,44.81,住,,,1111110,土地1建物1車位1,二層,六層,華廈(10層含以下有電梯),住家用,鋼筋混凝土造,1131213,125.37,3,2,2,有,無,9300000,74180,一樓平面,0.0,0,預售屋、或土地及建物分件登記案件；,RPTPMLSKKHKGFBG78DA,72.06,0.0,6.99,有,
三星鄉,房地(土地+建物),宜蘭縣三星鄉雙義路１８８巷６號四樓之１,35.12,住,,,1111014,土地1建物1車位0,四層,五層,華廈(10層含以下有電梯),住家用,鋼筋混凝土（ＲＣ）,1131121,79.4,2,1,1,有,有,4500000,56675,,0.0,0,預售屋、或土地及建物分件登記案件；,RPPOMLNKKHKGFAG67DA,52.54,0.0,5.6,有,
壯圍鄉,房地(土地+建物)+車位,宜蘭縣壯圍鄉中央路二段２２５號三樓之六,40.59,住,,,1110903,土地1建物1車位1,三層,六層,華廈(10層含以下有電梯),住家用,鋼筋混凝土造,1131213,113.44999999999999,2,2,2,有,無,8250000,72719,一樓平面,0.0,0,預售屋、或土地及建物分件登記案件；,RPRPMLSKKHKGFBG58DA,65.62,0.0,5.65,有,
壯圍鄉,房地(土地+建物)+車位,宜蘭縣壯圍鄉中央路二段２２５號二樓之一,30.09,住,,,1110829,土地1建物1車位1,二層,六層,華廈(10層含以下有電梯),住家用,鋼筋混凝土造,1131213,85.06,2,2,1,有,無,6860000,80649,一樓平面,0.0,0,預售屋、或土地及建物分件登記案件；,RPUPMLSKKHKGFBG88DA,49.05,0.0,4.48,有,
礁溪鄉,土地,十六結新段341地號,1802.88,,特定農業區,農牧用地,1110422,土地1建物0車位0,,,其他,,,,0.0,0,0,0,無,無,17997200,9982,,0.0,0,房屋為買方出資興建，未含於交易總價內。未登記建物；,RPSNMLKLKHKGFBG77DA,0.0,0.0,0.0,無,
宜蘭市,房地(土地+建物)+車位,宜蘭縣宜蘭市慈航二路１３３號四樓之一,36.98,,特定農業區,甲種建築用地,1100717,土地5建物1車位1,四層,四層,華廈(10層含以下有電梯),住家用,鋼筋混凝土造,1131126,112.83,2,2,2,有,有,7000000,71632,一樓平面,24.88,700000,預售屋、或土地及建物分件登記案件；,RPROMLMKKHKGFBG87DA,57.52,0.0,6.06,有,
宜蘭市,房地(土地+建物)+車位,宜蘭縣宜蘭市慈航二路１３１號四樓之三,45.37,,特定農業區,甲種建築用地,1100615,土地5建物1車位1,四層,四層,華廈(10層含以下有電梯),住家用,鋼筋混凝土造,1131126,119.21000000000001,3,2,2,有,有,8570000,76520,升降機械,12.44,400000,停車位編號:9預售屋、或土地及建物分件登記案件；,RPXOMLMKKHKGFBG48DA,66.61,0.0,11.78,有,
宜蘭市,房地(土地+建物),宜蘭縣宜蘭市慈航二路１３１號二樓之五,55.54,,特定農業區,甲種建築用地,1100612,土地5建物1車位0,二層,四層,華廈(10層含以下有電梯),住家用,鋼筋混凝土造,1131126,84.61,2,2,2,有,有,5760000,68077,,0.0,0,預售屋、或土地及建物分件登記案件；,RPOPMLMKKHKGFBG67DA,56.96,0.0,5.16,有,
