﻿編號,土地位置,土地移轉面積平方公尺,使用分區或編定,權利人持分分母,權利人持分分子,移轉情形,地號
The serial number, land position,land shifting area square meter,the use zoning or compiles and checks,,,,land parcel
RPOOMLPKJHKGFBG77CB,新公園段,37.94,都市：住,10000,203,持分移轉,00500000
RPSNMLPKJHKGFAG97CB,補城一段,84.64,非都市：特定農業區 ; 非都市編定：甲種建築用地,1,1,全筆移轉,04140026
RPUNMLOKJHKGFAG08CB,公正段,37.00,都市：住,6,1,持分移轉,05360000
RPPNMLRKJHKGFBG97CB,建業段,47.41,都市：其他:第四種住宅區,10000,88,持分移轉,00720000
RPTNMLRKJHKGFBG38CB,玉田段,36.93,非都市：特定農業區 ; 非都市編定：甲種建築用地,100000,3345,持分移轉,14770000
RPTNMLRKJHKGFBG38CB,玉田段,6.47,非都市：特定農業區 ; 非都市編定：農牧用地,100000,1880,持分移轉,14780000
RPTNMLRKJHKGFBG38CB,玉田段,27.75,非都市：特定農業區 ; 非都市編定：農牧用地,100000,3700,持分移轉,14790000
RPTNMLRKJHKGFBG38CB,玉田段,7.97,非都市：特定農業區 ; 非都市編定：交通用地,30,1,持分移轉,14800001
RPQNMLLLJHKGFBG57CB,美城段,9.73,非都市：特定農業區 ; 非都市編定：甲種建築用地,1,1,全筆移轉,05080024
RPQNMLLLJHKGFBG57CB,美城段,109.31,非都市：特定農業區 ; 非都市編定：甲種建築用地,1,1,全筆移轉,05080031
RPQNMLLLJHKGFBG57CB,美城段,35.02,非都市：特定農業區 ; 非都市編定：農牧用地,52300,3502,持分移轉,05110000
RPRNMLLLJHKGFBG67CB,深福段,2.42,非都市：特定農業區 ; 非都市編定：甲種建築用地,10000,349,持分移轉,02990000
RPRNMLLLJHKGFBG67CB,深福段,47.81,非都市：特定農業區 ; 非都市編定：甲種建築用地,10000,349,持分移轉,02990024
RPTNMLMLJHKGFAG87CB,柯林二段,23.85,非都市：特定農業區 ; 非都市編定：甲種建築用地,1000000,18615,持分移轉,01560000
RPUNMLMLJHKGFAG97CB,學新段,47.82,都市：住,10000,403,持分移轉,06290000
RPPNMLMLJHKGFBG57CB,深福段,14.25,非都市：特定農業區 ; 非都市編定：甲種建築用地,1,1,全筆移轉,03590021
RPPNMLMLJHKGFBG57CB,深福段,68.85,非都市：特定農業區 ; 非都市編定：甲種建築用地,1,1,全筆移轉,03590022
RPPNMLMLJHKGFBG57CB,深福段,.28,非都市：特定農業區 ; 非都市編定：甲種建築用地,14,1,持分移轉,03590044
RPTNMLOLJHKGFBG18CB,朝陽段,26.26,非都市：一般農業區 ; 非都市編定：甲種建築用地,500000,5185,持分移轉,00300000
RPTNMLOLJHKGFBG18CB,朝陽段,1.74,非都市：一般農業區 ; 非都市編定：甲種建築用地,500000,5185,持分移轉,00300026
RPUNMLOLJHKGFBG28CB,朝陽段,15.85,非都市：一般農業區 ; 非都市編定：甲種建築用地,500000,3129,持分移轉,00300000
RPUNMLOLJHKGFBG28CB,朝陽段,1.05,非都市：一般農業區 ; 非都市編定：甲種建築用地,500000,3129,持分移轉,00300026
RPVNMLKLJHKGFAG87CB,公正段,37.00,都市：住,6,1,持分移轉,05360000
RPVNMLQKJHKGFAG38CB,仁愛二段,86.56,非都市：特定農業區 ; 非都市編定：甲種建築用地,1,1,全筆移轉,04210093
RPVNMLQKJHKGFAG38CB,仁愛二段,25.30,非都市：特定農業區 ; 非都市編定：甲種建築用地,2,1,持分移轉,04210097
RPQNMLMLJHKGFAG57CB,思村段,49.66,都市：住,1,1,全筆移轉,08640009
RPQNMLMLJHKGFAG57CB,思村段,33.30,都市：住,1,1,全筆移轉,08640026
RPPNMLLLJHKGFAG37CB,鹿得一段,89.76,非都市：特定農業區 ; 非都市編定：甲種建築用地,1,1,全筆移轉,02750006
RPWNMLKLJHKGFAG97CB,公正段,37.00,都市：住,6,1,持分移轉,05360000
RPPNMLRKJHKGFAG87CB,義成八段,28.82,非都市：特定農業區 ; 非都市編定：甲種建築用地,100000,1991,持分移轉,08520000
RPPNMLRKJHKGFAG87CB,義成八段,6.60,都市：農,41,1,持分移轉,07620002
RPPNMLRKJHKGFAG87CB,義成八段,2.37,都市：農,41,1,持分移轉,08380000
RPPNMLMLJHKGFAG47CB,大吉二段,32.61,非都市：一般農業區 ; 非都市編定：甲種建築用地,100000,4991,持分移轉,09080000
RPPNMLMLJHKGFAG47CB,大吉二段,2.35,非都市：鄉村區 ; 非都市編定：乙種建築用地,100000,4991,持分移轉,09090000
RPUNMLKLJHKGFAG77CB,公正段,37.00,都市：住,6,1,持分移轉,05360000
RPPNMLNJKHKGFAG47CB,梅山段,124.17,非都市：特定農業區 ; 非都市編定：甲種建築用地,10000,1435,持分移轉,05310000
RPSNMLNJKHKGFAG77CB,永愛段,16.73,都市：住,10000,102,持分移轉,03790000
RPSNMLNJKHKGFAG77CB,永愛段,16.06,都市：住,10000,102,持分移轉,03800000
RPSNMLNJKHKGFAG77CB,永愛段,5.36,都市：住,10000,102,持分移轉,03810000
RPUNMLNJKHKGFAG97CB,永愛段,13.62,都市：住,10000,83,持分移轉,03790000
RPUNMLNJKHKGFAG97CB,永愛段,13.07,都市：住,10000,83,持分移轉,03800000
RPUNMLNJKHKGFAG97CB,永愛段,4.36,都市：住,10000,83,持分移轉,03810000
RPWNMLNJKHKGFAG18CB,永愛段,14.11,都市：住,10000,86,持分移轉,03790000
RPWNMLNJKHKGFAG18CB,永愛段,13.54,都市：住,10000,86,持分移轉,03800000
RPWNMLNJKHKGFAG18CB,永愛段,4.52,都市：住,10000,86,持分移轉,03810000
RPQNMLNJKHKGFBG67CB,雙福段,49.20,都市：農,156340,4920,持分移轉,01650000
RPRNMLOJKHKGFAG77CB,新西安段,10.20,非都市：特定農業區 ; 非都市編定：甲種建築用地,10000,252,持分移轉,07230000
RPRNMLOJKHKGFAG77CB,新西安段,29.16,非都市：特定農業區 ; 非都市編定：甲種建築用地,10000,252,持分移轉,07240000
RPRNMLOJKHKGFAG77CB,新西安段,.68,非都市：特定農業區 ; 非都市編定：甲種建築用地,10000,252,持分移轉,07240001
RPSNMLOJKHKGFAG87CB,新西安段,10.20,非都市：特定農業區 ; 非都市編定：甲種建築用地,10000,252,持分移轉,07230000
RPSNMLOJKHKGFAG87CB,新西安段,29.16,非都市：特定農業區 ; 非都市編定：甲種建築用地,10000,252,持分移轉,07240000
RPSNMLOJKHKGFAG87CB,新西安段,.68,非都市：特定農業區 ; 非都市編定：甲種建築用地,10000,252,持分移轉,07240001
RPUNMLOJKHKGFAG08CB,仁愛二段,92.95,非都市：特定農業區 ; 非都市編定：甲種建築用地,1,1,全筆移轉,04210130
RPUNMLOJKHKGFAG08CB,仁愛二段,15.00,非都市：特定農業區 ; 非都市編定：甲種建築用地,1,1,全筆移轉,04210116
RPTNMLOJKHKGFAG97CB,仁愛二段,68.03,非都市：鄉村區 ; 非都市編定：乙種建築用地,1,1,全筆移轉,04170003
RPTNMLOJKHKGFAG97CB,仁愛二段,15.90,非都市：鄉村區 ; 非都市編定：乙種建築用地,1,1,全筆移轉,04170006
RPXNMLOJKHKGFAG38CB,寶員段,9.69,非都市：特定農業區 ; 非都市編定：甲種建築用地,1,1,全筆移轉,00510017
RPXNMLOJKHKGFAG38CB,寶員段,68.16,非都市：特定農業區 ; 非都市編定：甲種建築用地,1,1,全筆移轉,00510018
RPXNMLOJKHKGFAG38CB,寶員段,14.40,非都市：特定農業區 ; 非都市編定：甲種建築用地,1,1,全筆移轉,00510019
RPVNMLOJKHKGFAG18CB,仁愛二段,81.23,非都市：特定農業區 ; 非都市編定：甲種建築用地,1,1,全筆移轉,04210138
RPVNMLOJKHKGFAG18CB,仁愛二段,4.00,非都市：特定農業區 ; 非都市編定：甲種建築用地,1,1,全筆移轉,04210137
RPVNMLOJKHKGFAG18CB,仁愛二段,61.18,非都市：特定農業區 ; 非都市編定：甲種建築用地,1,1,全筆移轉,04210110
RPPNMLOJKHKGFBG67CB,坤門二段,35.03,都市：住,100000,1521,持分移轉,01000000
RPTNMLOJKHKGFBG08CB,中興段,25.81,非都市：特定農業區 ; 非都市編定：甲種建築用地,10000,131,持分移轉,08600000
RPTNMLOJKHKGFBG08CB,中興段,31.15,非都市：特定農業區 ; 非都市編定：農牧用地,10000,145,持分移轉,08620000
RPQNMLPJKHKGFAG77CB,國民二段,31.01,非都市：特定農業區 ; 非都市編定：甲種建築用地,1000000,11833,持分移轉,08930000
RPQNMLPJKHKGFAG77CB,國民二段,5.77,非都市：特定農業區 ; 非都市編定：甲種建築用地,1000000,11833,持分移轉,08930001
RPQNMLPJKHKGFAG77CB,國民二段,14.64,非都市：特定農業區 ; 非都市編定：農牧用地,1000000,6092,持分移轉,08960000
RPQNMLPJKHKGFAG77CB,國民二段,4.38,非都市：特定農業區 ; 非都市編定：農牧用地,1000000,2471,持分移轉,09000000
RPQNMLPJKHKGFAG77CB,國民二段,33.38,非都市：特定農業區 ; 非都市編定：農牧用地,56,1,持分移轉,08900000
RPPNMLPJKHKGFAG67CB,義德段,76.32,都市：住,1,1,全筆移轉,03460001
RPPNMLPJKHKGFAG67CB,義德段,38.32,都市：住,1,1,全筆移轉,03460002
RPRNMLPJKHKGFAG87CB,學新段,41.06,都市：住,10000,346,持分移轉,06290000
RPSNMLPJKHKGFAG97CB,學新段,37.61,都市：住,10000,317,持分移轉,06290000
RPTNMLPJKHKGFAG08CB,學新段,90.01,都市：住,1,1,全筆移轉,06130003
RPRNMLRJKHKGFAG08CB,新西安段,11.13,非都市：特定農業區 ; 非都市編定：甲種建築用地,10000,275,持分移轉,07230000
RPRNMLRJKHKGFAG08CB,新西安段,31.82,非都市：特定農業區 ; 非都市編定：甲種建築用地,10000,275,持分移轉,07240000
RPRNMLRJKHKGFAG08CB,新西安段,.74,非都市：特定農業區 ; 非都市編定：甲種建築用地,10000,275,持分移轉,07240001
RPQNMLRJKHKGFAG97CB,太山段,36.55,非都市：特定農業區 ; 非都市編定：甲種建築用地,100000,1953,持分移轉,03740000
RPQNMLRJKHKGFAG97CB,太山段,1.70,非都市：特定農業區 ; 非都市編定：農牧用地,100000,168,持分移轉,03730000
RPSNMLRJKHKGFAG18CB,新西安段,7.24,非都市：特定農業區 ; 非都市編定：甲種建築用地,10000,179,持分移轉,07230000
RPSNMLRJKHKGFAG18CB,新西安段,20.71,非都市：特定農業區 ; 非都市編定：甲種建築用地,10000,179,持分移轉,07240000
RPSNMLRJKHKGFAG18CB,新西安段,.48,非都市：特定農業區 ; 非都市編定：甲種建築用地,10000,179,持分移轉,07240001
RPUNMLKKKHKGFBG87CB,慶安段,46.30,非都市：特定農業區 ; 非都市編定：甲種建築用地,10000,364,持分移轉,06070000
RPUNMLKKKHKGFBG87CB,慶安段,4.77,非都市：特定農業區 ; 非都市編定：甲種建築用地,10000,364,持分移轉,06070001
RPVNMLKKKHKGFBG97CB,慶安段,36.25,非都市：特定農業區 ; 非都市編定：甲種建築用地,10000,285,持分移轉,06070000
RPVNMLKKKHKGFBG97CB,慶安段,3.73,非都市：特定農業區 ; 非都市編定：甲種建築用地,10000,285,持分移轉,06070001
RPPNMLSJKHKGFBG08CB,農權段,32.70,都市：住,100000,2471,持分移轉,03770000
RPWNMLKKKHKGFBG08CB,慶安段,46.30,非都市：特定農業區 ; 非都市編定：甲種建築用地,10000,364,持分移轉,06070000
RPWNMLKKKHKGFBG08CB,慶安段,4.77,非都市：特定農業區 ; 非都市編定：甲種建築用地,10000,364,持分移轉,06070001
RPPNMLLKKHKGFAG37CB,尚武段,111.70,非都市：特定農業區 ; 非都市編定：甲種建築用地,189183,11170,持分移轉,05630000
RPRNMLLKKHKGFAG57CB,尚武段,111.70,非都市：特定農業區 ; 非都市編定：甲種建築用地,189183,11170,持分移轉,05630000
RPSNMLLKKHKGFAG67CB,尚武段,111.70,非都市：特定農業區 ; 非都市編定：甲種建築用地,189183,11170,持分移轉,05630000
RPPNMLLLJHKGFAG47DB,香和段,40.13,都市：住,10000,398,持分移轉,10500000
RPVNMLLKKHKGFAG97CB,尚武段,117.48,非都市：特定農業區 ; 非都市編定：甲種建築用地,63061,3916,持分移轉,05630000
RPTNMLLKKHKGFAG77CB,尚武段,111.70,非都市：特定農業區 ; 非都市編定：甲種建築用地,189183,11170,持分移轉,05630000
RPPNMLLKKHKGFBG47CB,吉祥一段,59.53,都市：農,1,1,全筆移轉,01420025
RPPNMLLKKHKGFBG47CB,吉祥一段,13.95,都市：農,1,1,全筆移轉,01420016
RPPNMLLKKHKGFBG47CB,吉祥一段,30.67,都市：農,26042,3067,持分移轉,01400002
RPQNMLLKKHKGFBG57CB,五權段,4.90,非都市：特定農業區 ; 非都市編定：甲種建築用地,100000,4498,持分移轉,07830003
RPQNMLLKKHKGFBG57CB,五權段,31.76,非都市：特定農業區 ; 非都市編定：甲種建築用地,100000,4498,持分移轉,07830006
RPQNMLLKKHKGFBG57CB,五權段,31.65,非都市：特定農業區 ; 非都市編定：農牧用地,52,1,持分移轉,07780000
RPSNMLMKKHKGFAG77CB,國民二段,11.20,非都市：特定農業區 ; 非都市編定：甲種建築用地,1,1,全筆移轉,08930012
RPSNMLMKKHKGFAG77CB,國民二段,88.21,非都市：特定農業區 ; 非都市編定：甲種建築用地,1,1,全筆移轉,08930027
RPSNMLMKKHKGFAG77CB,國民二段,63.45,非都市：特定農業區 ; 非都市編定：農牧用地,1000000,26407,持分移轉,08960000
RPSNMLMKKHKGFAG77CB,國民二段,71.53,非都市：特定農業區 ; 非都市編定：農牧用地,1000000,40323,持分移轉,09000000
RPPNMLQKKHKGFBG97CB,新公園段,37.94,都市：住,10000,203,持分移轉,00500000
RPSOMLQLJHKGFBG38CB,過港段,7.91,都市：住,100000,630,持分移轉,12680000
RPROMLQLJHKGFBG28CB,過港段,7.91,都市：住,100000,630,持分移轉,12680000
RPSOMLQLJHKGFBG38CB,過港段,1.58,都市：住,100000,630,持分移轉,12680001
RPPNMLRLJHKGFBG08CB,過港段,7.91,都市：住,100000,630,持分移轉,12680000
RPROMLQLJHKGFBG28CB,過港段,1.58,都市：住,100000,630,持分移轉,12680001
RPPNMLRLJHKGFBG08CB,過港段,1.58,都市：住,100000,630,持分移轉,12680001
RPSOMLQLJHKGFBG38CB,過港段,1.58,都市：住,100000,630,持分移轉,12680002
RPUOMLQLJHKGFBG58CB,過港段,7.91,都市：住,100000,630,持分移轉,12680000
RPROMLQLJHKGFBG28CB,過港段,1.58,都市：住,100000,630,持分移轉,12680002
RPPNMLRLJHKGFBG08CB,過港段,1.58,都市：住,100000,630,持分移轉,12680002
RPSOMLQLJHKGFBG38CB,過港段,2.37,都市：住,100000,630,持分移轉,12680003
RPUOMLQLJHKGFBG58CB,過港段,1.58,都市：住,100000,630,持分移轉,12680001
RPROMLQLJHKGFBG28CB,過港段,2.37,都市：住,100000,630,持分移轉,12680003
RPSOMLQLJHKGFBG38CB,過港段,2.37,都市：住,100000,630,持分移轉,12680004
RPPNMLRLJHKGFBG08CB,過港段,2.37,都市：住,100000,630,持分移轉,12680003
RPUOMLQLJHKGFBG58CB,過港段,1.58,都市：住,100000,630,持分移轉,12680002
RPUOMLQLJHKGFBG58CB,過港段,2.37,都市：住,100000,630,持分移轉,12680003
RPROMLQLJHKGFBG28CB,過港段,2.37,都市：住,100000,630,持分移轉,12680004
RPPNMLRLJHKGFBG08CB,過港段,2.37,都市：住,100000,630,持分移轉,12680004
RPUOMLQLJHKGFBG58CB,過港段,2.37,都市：住,100000,630,持分移轉,12680004
RPVOMLQLJHKGFBG68CB,過港段,6.66,都市：住,100000,531,持分移轉,12680000
RPVOMLQLJHKGFBG68CB,過港段,1.33,都市：住,100000,531,持分移轉,12680001
RPVOMLQLJHKGFBG68CB,過港段,1.33,都市：住,100000,531,持分移轉,12680002
RPVOMLQLJHKGFBG68CB,過港段,2.00,都市：住,100000,531,持分移轉,12680003
RPVOMLQLJHKGFBG68CB,過港段,2.00,都市：住,100000,531,持分移轉,12680004
RPTOMLQLJHKGFBG48CB,過港段,6.85,都市：住,100000,546,持分移轉,12680000
RPTOMLQLJHKGFBG48CB,過港段,1.37,都市：住,100000,546,持分移轉,12680001
RPTOMLQLJHKGFBG48CB,過港段,1.37,都市：住,100000,546,持分移轉,12680002
RPTOMLQLJHKGFBG48CB,過港段,2.06,都市：住,100000,546,持分移轉,12680003
RPTOMLQLJHKGFBG48CB,過港段,2.06,都市：住,100000,546,持分移轉,12680004
