﻿鄉鎮市區,交易標的,土地位置建物門牌,土地面積平方公尺,都市土地使用分區,非都市土地使用分區,非都市土地使用編定,租賃年月日,租賃筆棟數,租賃層次,總樓層數,建物型態,主要用途,主要建材,建築完成年月,建物總面積平方公尺,建物現況格局-房,建物現況格局-廳,建物現況格局-衛,建物現況格局-隔間,有無管理組織,有無附傢俱,總額元,單價元平方公尺,車位類別,車位面積平方公尺,車位總額元,備註,編號,出租型態,有無管理員,租賃期間,有無電梯,附屬設備,租賃住宅服務
The villages and towns urban district,transaction sign,land sector position building sector house number plate,land shifting total area square meter,the use zoning or compiles and checks,the non-metropolis land use district,non-metropolis land use,transaction year month and day,transaction pen number,shifting level,total floor number,building state,main use,main building materials,construction to complete the years,building shifting total area,Building present situation pattern - room,building present situation pattern - hall,building present situation pattern - health,building present situation pattern - compartmented,Whether there is manages the organization,Whether there is attaches the furniture,total price NTD,the unit price (NTD / square meter),the berth category,berth shifting total area square meter,the berth total price NTD,the note,serial number,Rental type,Residential Manager,Rental period,elevator,equipment,Rental residential services
羅東鎮,租賃房屋+車位,宜蘭縣羅東鎮天祥路３５０號四樓之３,24.62,住,,,1140111,土地1建物1車位1,四層,6,華廈(10層含以下有電梯),住家用,鋼筋混凝土造,0860127,111.69,3,2,2,有,無,無,19000,170,坡道平面,0.0,0,,RPPNMLNKJHKGFAG57CC,分層出租,無,1140201~1160131,有,冷氣、熱水器,一般轉租
冬山鄉,租賃房屋,宜蘭縣冬山鄉永安路３７７號,0.0,,,,1140111,土地0建物1車位0,全,3,透天厝,住家用,鋼筋混凝土造,0930707,202.27,4,2,3,有,無,無,28000,138,,0.0,0,,RPPNMLOKJHKGFAG67CC,整棟(戶)出租,無,1140301~1170301,無,,
壯圍鄉,租賃房屋,宜蘭縣壯圍鄉古結路９０號,0.0,,,,1140112,土地0建物1車位0,全,2,透天厝,住家用,鋼筋混凝土造,0840511,158.74,3,2,1,有,無,無,10000,63,,0.0,0,,RPPNMLOKJHKGFBG77CC,整棟(戶)出租,無,1140116~1160115,無,,
頭城鎮,租賃房屋,宜蘭縣頭城鎮青雲路三段１０２巷３號二樓,0.0,,,,1140114,土地0建物1車位0,二層,6,華廈(10層含以下有電梯),住家用,鋼筋混凝土造,0850905,122.94,3,1,2,有,無,有,13000,106,,0.0,0,租金總額含管理費；,RPRNMLOKJHKGFBG97CC,整棟(戶)出租,無,1140115~1150114,有,冷氣、熱水器、洗衣機、冰箱,一般代管
宜蘭市,租賃房屋+車位,宜蘭縣宜蘭市農權路三段３７巷１０號４樓之３,0.0,,,,1140114,土地0建物1車位1,四層,14,住宅大樓(11層含以上有電梯),集合住宅,鋼筋混凝土造,1110310,125.62,2,2,2,有,有,有,25000,199,坡道平面,0.0,0,,RPPNMLQKJHKGFBG97CC,整棟(戶)出租,有,1140115~1150114,有,冷氣、熱水器、洗衣機、電視機、冰箱,
宜蘭市,租賃房屋,宜蘭縣宜蘭市凱旋路１２９巷１２號七樓之１,0.0,,,,1140116,土地0建物1車位0,七層,8,華廈(10層含以下有電梯),集合住宅,鋼筋混凝土造,1000415,179.85000000000002,3,2,2,有,有,無,20000,111,,0.0,0,,RPRNMLRKJHKGFBG28CC,整棟(戶)出租,有,1140116~1150131,有,冷氣、冰箱,
冬山鄉,租賃房屋,宜蘭縣冬山鄉龍祥三路４巷１８號５樓之５,0.0,,,,1140119,土地0建物1車位0,五層,5,華廈(10層含以下有電梯),集合住宅,鋼筋混凝土造,1120111,63.910000000000004,2,1,1,有,有,有,12000,188,,0.0,0,,RPPNMLKLJHKGFAG37CC,整棟(戶)出租,無,1140205~1150204,有,冷氣、熱水器、洗衣機、電視機、冰箱,
羅東鎮,租賃房屋,宜蘭縣羅東鎮站前南路１６號３樓之５,440.0,住,,,1140119,土地1建物1車位0,三層,4,公寓(5樓含以下無電梯),住家用,鋼筋混凝土造,0970307,26.06,1,0,1,有,有,有,9000,345,,0.0,0,,RPQNMLKLJHKGFAG47CC,獨立套房,有,1140201~1150131,無,冷氣、熱水器、洗衣機、冰箱,一般包租
羅東鎮,租賃房屋,宜蘭縣羅東鎮東宜四路４７號,0.0,,,,1140120,土地0建物1車位0,全,3,透天厝,住家用,鋼筋混凝土造,0771117,44.52,4,2,3,有,無,無,18000,404,,0.0,0,,RPRNMLKLJHKGFAG57CC,整棟(戶)出租,無,1140120~1160219,無,,
礁溪鄉,租賃房屋,宜蘭縣礁溪鄉奇立丹路１８１巷６號,0.0,,,,1140116,土地0建物1車位0,全,2,透天厝,住家用,鋼筋混凝土加強磚造,0651116,87.38,3,2,4,有,無,有,22000,252,,0.0,0,多人共同承租4；含增建或未登記建物；,RPPNMLLLJHKGFBG57CC,整棟(戶)出租,無,1140201~1150131,無,冷氣、熱水器、洗衣機、電視機、冰箱、有線電視、網路,一般代管
頭城鎮,租賃房屋,宜蘭縣頭城鎮復興路１８巷１-９號,0.0,,,,1140116,土地0建物1車位0,全,4,透天厝,住家用,鋼筋混凝土造,0831228,187.74,6,2,4,有,無,有,21000,112,,0.0,0,多人共同承租6；,RPQNMLLLJHKGFBG67CC,整棟(戶)出租,無,1140201~1150131,無,冷氣、熱水器、冰箱,一般代管
頭城鎮,租賃房屋,宜蘭縣頭城鎮復興路４７巷３０號３樓,0.0,,,,1140120,土地0建物0車位0,三層,5,華廈(10層含以下有電梯),住家用,鋼筋混凝土造,0950921,31.150000000000002,4,0,4,有,無,有,5500,177,,0.0,0,租金總額含管理費；水費；,RPRNMLLLJHKGFBG77CC,分租套房,無,1140120~1150119,有,冷氣、熱水器、洗衣機、電視機、冰箱,
五結鄉,租賃房屋+車位,宜蘭縣五結鄉季水路清水一巷１弄９號,0.0,,,,1140113,土地0建物1車位1,見其他登記事項,4,公寓(5樓含以下無電梯),鄉村住宅.國民住宅,鋼筋混凝土造,0870602,150.09,3,2,2,有,無,有,12700,85,坡道平面,0.0,0,,RPUNMLMLJHKGFAG08CC,整棟(戶)出租,無,1140115~1150114,無,冷氣、熱水器、冰箱、瓦斯或天然氣,社會住宅代管
羅東鎮,租賃房屋,宜蘭縣羅東鎮忠孝路９０巷２０號４樓,0.0,,,,1140113,土地0建物1車位0,四層,5,公寓(5樓含以下無電梯),住家用,鋼筋混凝土造,0841018,79.04,1,1,1,有,無,有,8500,108,,0.0,0,,RPOOMLMLJHKGFAG57CC,獨立套房,無,1140115~1150114,無,冷氣、熱水器、洗衣機、瓦斯或天然氣,社會住宅代管
宜蘭市,租賃房屋,宜蘭縣宜蘭市女中路三段３２７號四樓之４３,0.0,,,,1140114,土地0建物1車位0,四層,6,華廈(10層含以下有電梯),住家用,鋼筋混凝土造,0940914,30.44,1,0,1,有,有,有,7000,230,,0.0,0,管理費500元由出租人負擔。,RPRNMLMLJHKGFBG87CC,獨立套房,有,1140201~1150131,有,冷氣、熱水器、洗衣機、電視機、冰箱,社會住宅代管
宜蘭市,租賃房屋,宜蘭縣宜蘭市大坡路一段６１巷５號三樓之一,0.0,,,,1140114,土地0建物1車位0,三層,5,華廈(10層含以下有電梯),集合住宅,鋼筋混凝土造,1110512,56.86,2,1,2,有,有,有,10000,176,,0.0,0,管理費500元由出租人負擔。,RPSNMLMLJHKGFBG97CC,整棟(戶)出租,無,1140219~1150218,有,冷氣、熱水器、洗衣機、冰箱,社會住宅包租轉租
宜蘭市,租賃房屋,宜蘭縣宜蘭市文昌路１９６巷５弄６號,0.0,,,,1140113,土地0建物1車位0,全,2,透天厝,住家用,鋼筋混凝土加強磚造,,74.98,3,1,3,有,無,有,15000,200,,0.0,0,,RPUNMLMLJHKGFBG18CC,整棟(戶)出租,無,1140115~1150114,無,冷氣、熱水器、洗衣機、冰箱、瓦斯或天然氣,社會住宅代管
宜蘭市,租賃房屋,宜蘭縣宜蘭市弘志路２６號,0.0,,,,1140119,土地0建物1車位0,一層,6,華廈(10層含以下有電梯),住商用,鋼筋混凝土造,0860324,47.33,0,1,1,有,有,無,12000,254,,0.0,0,,RPVNMLMLJHKGFBG28CC,,有,1140220~1150219,有,冷氣,
宜蘭市,租賃房屋+車位,宜蘭縣宜蘭市中興路３３０巷１３號四樓,0.0,,,,1140113,土地0建物1車位1,四層,7,華廈(10層含以下有電梯),住家用,鋼筋混凝土造,0830621,125.41,3,1,2,有,有,有,14000,112,坡道平面,0.0,0,管理費1000元由出租人負擔。,RPQOMLMLJHKGFBG87CC,整棟(戶)出租,有,1140117~1150116,有,冷氣、熱水器、洗衣機、電視機、冰箱,社會住宅包租轉租
羅東鎮,租賃房屋,宜蘭縣羅東鎮培英路１３２號６樓之２,0.0,,,,1140120,土地0建物1車位0,六層,7,華廈(10層含以下有電梯),住家用,鋼筋混凝土造,0841122,57.91,2,2,1,有,有,無,11800,204,,0.0,0,,RPWNMLOLJHKGFAG48CC,整棟(戶)出租,無,1140215~1150214,有,冷氣、熱水器、瓦斯或天然氣,社會住宅包租轉租
礁溪鄉,租賃房屋,宜蘭縣礁溪鄉礁溪路六段１３３巷１０號四樓,0.0,,,,1140120,土地0建物1車位0,四層,5,華廈(10層含以下有電梯),住家用,鋼筋混凝土造,0820821,111.66,3,1,2,有,有,有,11000,99,,0.0,0,,RPPNMLOLJHKGFBG87CC,整棟(戶)出租,無,1140125~1141121,有,冷氣、熱水器、洗衣機,社會住宅包租轉租
宜蘭市,租賃房屋,宜蘭縣宜蘭市延平路５６巷５號五樓,0.0,,,,1140120,土地0建物1車位0,五層,7,華廈(10層含以下有電梯),住家用,鋼筋混凝土造,0830802,111.66999999999999,3,2,2,有,有,有,12800,115,,0.0,0,管理費700元由出租人負擔。,RPRNMLOLJHKGFBG08CC,整棟(戶)出租,無,1140215~1150214,有,冷氣、熱水器、洗衣機、冰箱,社會住宅代管
礁溪鄉,租賃房屋,宜蘭縣礁溪鄉大忠路１４４之１號二樓之一,0.0,,,,1140116,土地0建物1車位0,二層,6,華廈(10層含以下有電梯),住家用,鋼筋混凝土造,0861124,56.72,1,0,1,有,有,有,7900,139,,0.0,0,管理費300元由出租人負擔。,RPSNMLOLJHKGFBG18CC,獨立套房,無,1140118~1150117,有,冷氣、熱水器、洗衣機、電視機、冰箱,社會住宅代管
礁溪鄉,租賃房屋,宜蘭縣礁溪鄉和平路３６號五樓之三,0.0,,,,1140117,土地0建物1車位0,五層,7,華廈(10層含以下有電梯),住家用,鋼筋混凝土造,0860121,55.980000000000004,1,1,1,有,有,有,8500,152,,0.0,0,管理費500元由出租人負擔。,RPTNMLOLJHKGFBG28CC,獨立套房,無,1140225~1150224,有,冷氣、熱水器、洗衣機、冰箱,社會住宅包租轉租
冬山鄉,租賃房屋,宜蘭縣冬山鄉照安路２８巷５５弄６號２樓,0.0,,,,1140117,土地0建物1車位0,二層,5,華廈(10層含以下有電梯),集合住宅,鋼筋混凝土造,1120614,87.0,2,1,2,有,有,無,14000,161,,0.0,0,管理費1000元由出租人負擔。,RPQNMLNJKHKGFAG67CC,整棟(戶)出租,無,1140215~1150214,有,冷氣、熱水器、洗衣機、瓦斯或天然氣,社會住宅代管
五結鄉,租賃房屋,宜蘭縣五結鄉利成路一段２９２巷２５弄１６號四樓,0.0,,,,1140111,土地0建物0車位0,全,4,透天厝,停車空間、住宅,鋼筋混凝土造,1120511,12.72,2,0,2,有,無,有,6500,511,,0.0,0,,RPPNMLOJKHKGFAG67CC,分租套房,無,1140111~1150110,無,冷氣、熱水器、洗衣機、冰箱,
宜蘭市,租賃房屋+車位,宜蘭縣宜蘭市泰山路８５巷５號７樓之１,0.0,,,,1140117,土地0建物1車位1,七層,14,住宅大樓(11層含以上有電梯),住家用,鋼筋混凝土造,0930927,175.1,3,2,2,有,有,無,13500,77,坡道平面,0.0,0,,RPPNMLOJKHKGFBG77CC,整棟(戶)出租,有,1140216~1150215,有,冷氣、熱水器、瓦斯或天然氣,社會住宅代管
羅東鎮,租賃房屋,宜蘭縣羅東鎮民義街１０５-６號,39.43,住,,,1140115,土地1建物1車位0,四層,4,公寓(5樓含以下無電梯),住家用,鋼筋混凝土造,0690204,90.24,3,2,2,有,無,有,16000,177,,0.0,0,,RPPNMLPJKHKGFAG77CC,整棟(戶)出租,無,1140201~1150131,無,冷氣、熱水器,一般包租
羅東鎮,租賃房屋,宜蘭縣羅東鎮光華街１８號五樓之３,0.0,,,,1140113,土地0建物1車位0,五層,6,華廈(10層含以下有電梯),住家用,鋼筋混凝土造,0821105,77.64,2,1,1,有,有,有,13500,174,,0.0,0,租金總額含管理費；續租案件；,RPPNMLSJKHKGFAG08CC,整棟(戶)出租,無,1140120~1150119,有,冷氣、熱水器、洗衣機、電視機、冰箱、瓦斯或天然氣,社會住宅代管
蘇澳鎮,租賃房屋,宜蘭縣蘇澳鎮思村路６０之１號,0.0,,,,1140114,土地0建物1車位0,二層,4,公寓(5樓含以下無電梯),住家用,ＲＣ造,0721012,88.61,3,2,1,有,無,有,8000,90,,0.0,0,續租案件；,RPRNMLSJKHKGFAG28CC,整棟(戶)出租,無,1140210~1150209,無,冷氣、熱水器、洗衣機、冰箱、瓦斯或天然氣,社會住宅代管
羅東鎮,租賃房屋,宜蘭縣羅東鎮光榮路４９１號九樓之２,0.0,,,,1140114,土地0建物1車位0,九層,12,住宅大樓(11層含以上有電梯),住家用,鋼筋混凝土造,0880929,56.79,1,0,1,有,有,有,9100,160,,0.0,0,租金總額含管理費；,RPSNMLSJKHKGFAG38CC,獨立套房,有,1140114~1150113,有,冷氣、熱水器、洗衣機、電視機、冰箱,社會住宅代管
宜蘭市,租賃房屋,宜蘭縣宜蘭市民權新路４７巷８弄１６號,0.0,,,,1140113,土地0建物1車位0,一層,5,公寓(5樓含以下無電梯),住家用,鋼筋混凝土造,0720511,93.96000000000001,3,1,2,有,無,有,9000,96,,0.0,0,,RPPNMLSJKHKGFBG18CC,整棟(戶)出租,無,1140120~1150119,無,冷氣、熱水器、洗衣機、冰箱、瓦斯或天然氣,社會住宅代管
礁溪鄉,租賃房屋,宜蘭縣礁溪鄉大忠路３０巷６號五樓之七,0.0,,,,1140113,土地0建物1車位0,五層,6,華廈(10層含以下有電梯),住家用,鋼筋混凝土造,0821221,36.489999999999995,1,0,1,有,有,有,6500,178,,0.0,0,租金總額含管理費；,RPQNMLSJKHKGFBG28CC,獨立套房,無,1140201~1150131,有,冷氣、熱水器、洗衣機、電視機、冰箱,社會住宅代管
宜蘭市,租賃房屋,宜蘭縣宜蘭市宜興路三段１１５號二樓,0.0,,,,1140115,土地0建物1車位0,二層,4,華廈(10層含以下有電梯),集合住宅,鋼筋混凝土造,1081119,114.61,3,2,2,有,無,有,15000,131,,0.0,0,,RPQNMLKKKHKGFBG57CC,整棟(戶)出租,無,1140201~1160131,有,冷氣、洗衣機、電視機、冰箱,
宜蘭市,租賃房屋,宜蘭縣宜蘭市女中路一段３２號,0.0,,,,1140115,土地0建物1車位0,全,4,透天厝,住家用,鋼筋混凝土造,0821231,53.6,0,0,0,無,無,無,26000,485,,0.0,0,,RPVNMLMKKHKGFBG28CC,,無,1140205~1150204,無,熱水器,
宜蘭市,租賃房屋,宜蘭縣宜蘭市女中路三段５６之２號,0.0,,,,1140116,土地0建物1車位0,全,3,透天厝,住商用,鋼筋混凝土造,0881123,79.7,0,0,0,無,無,無,25000,314,,0.0,0,,RPSNMLOKKHKGFBG18CC,,無,1140117~1150116,無,,
