﻿編號,屋齡,建物移轉面積平方公尺,主要用途,主要建材,建築完成日期,總層數,建物分層,移轉情形
The serial number,room age,building shifting area square meter,the main use,main building materials,construction completes the date,total layer,building lamination,
RPRNMLOKJHKGFBG97CC,28,90.21,住家用,鋼筋混凝土造,85年9月5日,六層,,
RPRNMLOKJHKGFBG97CC,28,32.73,共有部份,鋼筋混凝土造,85年9月5日,六層,,
RPPNMLQKJHKGFBG97CC,3,68.41,集合住宅,鋼筋混凝土造,111年3月10日,十四層,,
RPPNMLQKJHKGFBG97CC,3,57.21,本共有部分之項目有：停車空間、車道、安全梯、昇降設備、梯廳、消防機房、雨水機房、水箱、防空避難室兼停車空間、台電配電場所、受電箱區、發電機室、電信室、管委會使用空間、戶外安全梯、垃圾處理空間、機械式、屋頂平台等１８項。,鋼筋混凝土造,111年3月10日,十四層,,
RPPNMLLLJHKGFBG57CC,48,87.38,住家用,鋼筋混凝土加強磚造,65年11月16日,二層,,
RPRNMLRKJHKGFBG28CC,14,108.04,集合住宅,鋼筋混凝土造,100年4月15日,八層,,
RPRNMLRKJHKGFBG28CC,14,71.81,本共有部分之項目有防空避難室兼停車空間、管委會使用空間、電梯機房、水箱等４項。,鋼筋混凝土造,100年4月15日,九層,,
RPPNMLOKJHKGFBG77CC,30,158.74,住家用,鋼筋混凝土造,84年5月11日,二層,,
RPQNMLLLJHKGFBG67CC,30,187.74,住家用,鋼筋混凝土造,83年12月28日,四層,,
RPRNMLLLJHKGFBG77CC,18,27.42,住家用,鋼筋混凝土造,95年9月21日,五層,,
RPRNMLLLJHKGFBG77CC,18,3.73,共有部份,鋼筋混凝土造,95年9月21日,五層,,
RPRNMLMLJHKGFBG87CC,19,17.39,住家用,鋼筋混凝土造,94年9月14日,六層,,
RPRNMLMLJHKGFBG87CC,19,13.05,共有部份,鋼筋混凝土造,94年9月14日,六層,,
RPUNMLMLJHKGFBG18CC,,74.98,住家用,鋼筋混凝土加強磚造,,二層,,
RPSNMLMLJHKGFBG97CC,3,44.23,集合住宅,鋼筋混凝土造,111年5月12日,五層,,
RPSNMLMLJHKGFBG97CC,3,12.63,本共有部分項目：停車空間、樓梯間等２項。,鋼筋混凝土造,111年5月12日,五層,,
RPVNMLMLJHKGFBG28CC,28,47.33,住商用,鋼筋混凝土造,86年3月24日,六層,,
RPQOMLMLJHKGFBG87CC,31,80.27,住家用,鋼筋混凝土造,83年6月21日,七層,,
RPQOMLMLJHKGFBG87CC,31,14.20,共有部份,鋼筋混凝土造,83年6月21日,,,
RPQOMLMLJHKGFBG87CC,31,30.94,共有部份,鋼筋混凝土造,83年6月21日,七層,,
RPWNMLOLJHKGFAG48CC,29,48.18,住家用,鋼筋混凝土造,84年11月22日,七層,,
RPWNMLOLJHKGFAG48CC,29,9.73,防空避難室、梯間、通道、共同使用部份,鋼筋混凝土造,84年11月22日,七層,,
RPSNMLOLJHKGFBG18CC,27,36.03,住家用,鋼筋混凝土造,86年11月24日,六層,,
RPSNMLOLJHKGFBG18CC,27,20.69,共有部份,鋼筋混凝土造,86年11月24日,六層,,
RPRNMLOLJHKGFBG08CC,30,94.74,住家用,鋼筋混凝土造,83年8月2日,七層,,
RPRNMLOLJHKGFBG08CC,30,16.93,共有部份,鋼筋混凝土造,83年8月2日,七層,,
RPPNMLOLJHKGFBG87CC,31,88.95,住家用,鋼筋混凝土造,82年8月21日,五層,,
RPPNMLOLJHKGFBG87CC,31,22.71,共有部份,鋼筋混凝土造,82年8月21日,五層,,
RPQNMLNJKHKGFAG67CC,2,60.86,集合住宅,鋼筋混凝土造,112年6月14日,五層,,
RPQNMLNJKHKGFAG67CC,,26.14,本共有部分之項目有停車空間、樓梯間等２項。,鋼筋混凝土造,,五層,,
RPPNMLOJKHKGFAG67CC,2,12.72,停車空間、住宅,鋼筋混凝土造,112年5月11日,四層,,
RPTNMLOLJHKGFBG28CC,28,38.67,住家用,鋼筋混凝土造,86年1月21日,七層,,
RPTNMLOLJHKGFBG28CC,28,17.31,共有部份,鋼筋混凝土造,86年1月21日,七層,,
RPPNMLPJKHKGFAG77CC,45,90.24,住家用,鋼筋混凝土造,69年2月4日,四層,,
RPPNMLSJKHKGFAG08CC,31,66.94,住家用,鋼筋混凝土造,82年11月5日,六層,,
RPPNMLSJKHKGFAG08CC,31,10.70,梯間、通道、受電室、水箱,鋼筋混凝土造,82年11月5日,六層,,
RPSNMLSJKHKGFAG38CC,25,42.50,住家用,鋼筋混凝土造,88年9月29日,十二層,,
RPSNMLSJKHKGFAG38CC,25,9.90,停車場．防空避難室．共同使用部份,鋼筋混凝土造,88年9月29日,十二層,,
RPSNMLSJKHKGFAG38CC,25,4.39,梯間．共同使用部份,鋼筋混凝土造,88年9月29日,十二層,,
RPRNMLSJKHKGFAG28CC,41,88.61,住家用,ＲＣ造,72年10月12日,四層,,
RPPNMLOJKHKGFBG77CC,20,114.16,住家用,鋼筋混凝土造,93年9月27日,十四層,,
RPPNMLOJKHKGFBG77CC,20,20.67,共有部份,鋼筋混凝土造,93年9月27日,十四層,,
RPPNMLOJKHKGFBG77CC,20,40.27,共有部份,鋼筋混凝土造,93年9月27日,十四層,,
RPPNMLKLJHKGFAG37CC,2,45.38,集合住宅,鋼筋混凝土造,112年1月11日,五層,,
RPPNMLKLJHKGFAG37CC,2,11.29,本共有部分之項目有樓梯間、機械室、儲水槽等３項。,鋼筋混凝土造,112年1月11日,五層,,
RPPNMLKLJHKGFAG37CC,2,7.24,本共有部分之項目有機電空間、停車空間等２項。,鋼筋混凝土造,112年1月11日,五層,,
RPPNMLOKJHKGFAG67CC,21,202.27,住家用,鋼筋混凝土造,93年7月7日,三層,,
RPRNMLKLJHKGFAG57CC,36,44.52,住家用,鋼筋混凝土造,77年11月17日,二層,,
RPQNMLKLJHKGFAG47CC,17,26.06,住家用,鋼筋混凝土造,97年3月7日,四層,,
RPPNMLNKJHKGFAG57CC,28,111.69,住家用,鋼筋混凝土造,86年1月27日,六層,,
RPQNMLSJKHKGFBG28CC,31,24.65,住家用,鋼筋混凝土造,82年12月21日,六層,,
RPQNMLSJKHKGFBG28CC,30,6.75,共有部份,鋼筋混凝土造,83年12月21日,六層,,
RPQNMLSJKHKGFBG28CC,,5.09,共有部份,鋼筋混凝土造,,六層,,
RPPNMLSJKHKGFBG18CC,42,88.20,住家用,鋼筋混凝土造,72年5月11日,五層,,
RPPNMLSJKHKGFBG18CC,42,5.76,共有部份,鋼筋混凝土造,72年5月11日,五層,,
RPVNMLMKKHKGFBG28CC,31,53.60,住家用,鋼筋混凝土造,82年12月31日,四層,,
RPQNMLKKKHKGFBG57CC,5,84.44,集合住宅,鋼筋混凝土造,108年11月19日,四層,,
RPQNMLKKKHKGFBG57CC,5,30.17,本共有部分之項目有：梯廳、電梯、安全梯、樓梯間等四項,鋼筋混凝土造,108年11月19日,四層,,
RPSNMLOKKHKGFBG18CC,25,79.70,住商用,鋼筋混凝土造,88年11月23日,三層,,
RPOOMLMLJHKGFAG57CC,29,65.42,住家用,鋼筋混凝土造,84年10月18日,五層,,
RPOOMLMLJHKGFAG57CC,29,13.62,梯間、共同使用部份,鋼筋混凝土造,84年10月18日,五層,,
RPUNMLMLJHKGFAG08CC,27,106.84,鄉村住宅.國民住宅,鋼筋混凝土造,87年6月2日,四層,,
RPUNMLMLJHKGFAG08CC,27,43.25,停車場.梯間.防空避難室.共同使用部份,鋼筋混凝土造,87年6月2日,四層,,
