﻿鄉鎮市區,交易標的,土地位置建物門牌,土地移轉總面積平方公尺,都市土地使用分區,非都市土地使用分區,非都市土地使用編定,交易年月日,交易筆棟數,移轉層次,總樓層數,建物型態,主要用途,主要建材,建築完成年月,建物移轉總面積平方公尺,建物現況格局-房,建物現況格局-廳,建物現況格局-衛,建物現況格局-隔間,有無管理組織,總價元,單價元平方公尺,車位類別,車位移轉總面積平方公尺,車位總價元,備註,編號,建案名稱,棟及號,解約情形
The villages and towns urban district,transaction sign,land sector position building sector house number plate,land shifting total area square meter,the use zoning or compiles and checks,the non-metropolis land use district,non-metropolis land use,transaction year month and day,transaction pen number,shifting level,total floor number,building state,main use,main building materials,construction to complete the years,building shifting total area,Building present situation pattern - room,building present situation pattern - hall,building present situation pattern - health,building present situation pattern - compartmented,Whether there is manages the organization,total price NTD,the unit price (NTD / square meter),the berth category,berth shifting total area square meter,the berth total price NTD,the note,serial number,build case,buildings,termination type
冬山鄉,房地(土地+建物)+車位,宜蘭縣冬山鄉香和路,40.13,住,,,1140121,土地1建物1車位1,四層,7,華廈(10層含以下有電梯),住家用,鋼筋混凝土造,,122.36,3,2,2,有,無,9250000,75597,一樓平面,0.0,0,汽車停車位編號為18號。,RPQNMLLLJHKGFAG57DB,京禾文學苑五期,4A號,
冬山鄉,房地(土地+建物)+車位,宜蘭縣冬山鄉香和路,31.96,住,,,1140121,土地1建物1車位1,四層,7,華廈(10層含以下有電梯),住家用,鋼筋混凝土造,,96.78,2,2,1,有,無,8160000,84315,一樓平面,0.0,0,汽車停車位編號為15號。,RPPNMLNLJHKGFAG67DB,京禾文學苑五期,4C號,
冬山鄉,房地(土地+建物)+車位,宜蘭縣冬山鄉香和路,36.2,住,,,1140121,土地1建物1車位1,四層,7,華廈(10層含以下有電梯),住家用,鋼筋混凝土造,,109.89,3,2,2,有,無,8310000,75621,一樓平面,0.0,0,汽車停車位編號為19號。,RPQNMLNLJHKGFAG77DB,京禾文學苑五期,4G號,
蘇澳鎮,房地(土地+建物)+車位,宜蘭縣蘇澳鎮和平路,32.17,住,,,1140125,土地3建物1車位1,五層,10,華廈(10層含以下有電梯),住家用,鋼筋混凝土造,,134.51,2,2,2,有,無,7300000,61171,坡道平面,31.52,1000000,,RPTNMLNJKHKGFAG87CB,好室多,A棟A6-5F號,
頭城鎮,房地(土地+建物)+車位,宜蘭縣頭城鎮沙成路2巷69號旁,19.18,住,,,1140121,土地5建物1車位1,十層,15,住宅大樓(11層含以上有電梯),住家用,鋼筋混凝土造,,110.81,1,1,1,有,無,10370000,117244,一樓平面,33.45,1300000,,RPXNMLNJKHKGFBG38CB,山海序,F-10F號,
冬山鄉,房地(土地+建物)+車位,宜蘭縣冬山鄉香和路,28.13,住,,,1140124,土地1建物1車位1,四層,7,華廈(10層含以下有電梯),住家用,鋼筋混凝土造,,87.52,1,2,1,有,無,5600000,63985,一樓平面,0.0,0,汽車停車位編號另外抽籤。,RPPNMLNJKHKGFAG57DB,京禾文學苑五期,4F號,
羅東鎮,房地(土地+建物),宜蘭縣羅東鎮復興路三段388巷,116.87,,特定農業區,甲種建築用地,1140123,土地2建物1車位0,全,3,透天厝,住家用,鋼筋混凝土造,,165.94,3,2,4,有,無,17500000,105460,,0.0,0,,RPWNMLOJKHKGFAG28CB,頤和竹林,D棟13號,
頭城鎮,房地(土地+建物)+車位,宜蘭縣頭城鎮蘭博二路,50.07,住,,,1140125,土地2建物1車位1,四層,5,華廈(10層含以下有電梯),住家用,鋼筋混凝土造,,122.99,3,2,2,有,無,10720000,87162,一樓平面,13.75,0,,RPRNMLPJKHKGFBG97CB,覓蒔光,C-4F號,
三星鄉,房地(土地+建物),宜蘭縣三星鄉清洲三路16巷,99.94,,一般農業區,甲種建築用地,1140126,土地2建物1車位0,全,3,透天厝,住家用,鋼筋混凝土造,,175.93,4,2,5,有,無,14680000,83442,,0.0,0,,RPSNMLPJKHKGFAG08DB,原翠5,C棟1號,
三星鄉,房地(土地+建物),宜蘭縣三星鄉清州三路16巷,105.36,,一般農業區,甲種建築用地,1140122,土地4建物1車位0,全,3,透天厝,住家用,鋼筋混凝土造,,179.59,4,2,5,有,無,14580000,81185,,0.0,0,,RPTNMLPJKHKGFAG18DB,原翠5,C棟5號,
礁溪鄉,房地(土地+建物),宜蘭縣礁溪鄉柴圍路,43.89,,特定農業區,甲種建築用地,1140128,土地2建物1車位0,二層,4,華廈(10層含以下有電梯),住家用,鋼筋混凝土造,,120.66,3,2,2,有,無,8100000,67131,,0.0,0,,RPPNMLQJKHKGFBG97DB,紫明園,A棟2號,
五結鄉,房地(土地+建物)+車位,宜蘭縣五結鄉鎮安路,38.51,住,,,1140121,土地1建物1車位1,三層,5,華廈(10層含以下有電梯),住家用,鋼筋混凝土造,,100.43,2,2,2,有,無,8080000,91547,一樓平面,22.0,900000,,RPPNMLSJKHKGFAG97CB,佳荷3,C3號,
員山鄉,房地(土地+建物),宜蘭縣員山鄉三鬮路199巷,99.23,,鄉村區,乙種建築用地,1140126,土地5建物1車位0,全,3,透天厝,住家用,鋼筋混凝土造,,158.21,4,2,3,有,無,11580000,73194,,0.0,0,,RPRNMLKKKHKGFBG57CB,築荷5,C棟2號,
員山鄉,房地(土地+建物),宜蘭縣員山鄉三鬮路199巷,101.77,,鄉村區,乙種建築用地,1140125,土地5建物1車位0,全,3,透天厝,住家用,鋼筋混凝土造,,157.36,4,2,3,有,無,10980000,69776,,0.0,0,,RPSNMLKKKHKGFBG67CB,築荷5,C棟3號,
三星鄉,房地(土地+建物),宜蘭縣三星鄉中興六路,120.76,,特定農業區,甲種建築用地,1140124,土地1建物1車位0,全,3,透天厝,住家用,鋼筋混凝土造,,158.27,4,2,4,有,無,14530000,91805,,0.0,0,交易總價含下列非屬預售屋價格之費用:本價格含三樓增加所有工程費,RPUNMLLKKHKGFAG87CB,雙峰匯,K棟0號,
冬山鄉,房地(土地+建物),宜蘭縣冬山鄉協松路,140.27,,特定農業區,甲種建築用地,1140124,土地3建物1車位0,全,3,透天厝,住家用,鋼筋混凝土造,,215.91,4,3,5,有,無,13480000,62433,,0.0,0,,RPPNMLMKKHKGFAG47CB,驊邦家禾,E棟2號,
羅東鎮,房地(土地+建物)+車位,宜蘭縣羅東鎮西安街33巷,55.29,,特定農業區,甲種建築用地,1140122,土地3建物1車位1,二層,4,華廈(10層含以下有電梯),住家用,鋼筋混凝土造,,138.4,3,2,2,有,無,12210000,90715,一樓平面,16.48,1150000,,RPPNMLOKKHKGFAG67CB,文心蘭,1棟B7-2號,
五結鄉,房地(土地+建物),宜蘭縣五結鄉季水路北巷,36.64,,鄉村區,乙種建築用地,1140128,土地1建物1車位0,四層,4,華廈(10層含以下有電梯),住家用,鋼筋混凝土造,,85.79,3,2,2,有,無,5200000,60613,,0.0,0,,RPQNMLRKKHKGFAG08CB,京采五結,1棟4A號,
