﻿鄉鎮市區,交易標的,土地位置建物門牌,土地移轉總面積平方公尺,都市土地使用分區,非都市土地使用分區,非都市土地使用編定,交易年月日,交易筆棟數,移轉層次,總樓層數,建物型態,主要用途,主要建材,建築完成年月,建物移轉總面積平方公尺,建物現況格局-房,建物現況格局-廳,建物現況格局-衛,建物現況格局-隔間,有無管理組織,總價元,單價元平方公尺,車位類別,車位移轉總面積平方公尺,車位總價元,備註,編號,建案名稱,棟及號,解約情形
The villages and towns urban district,transaction sign,land sector position building sector house number plate,land shifting total area square meter,the use zoning or compiles and checks,the non-metropolis land use district,non-metropolis land use,transaction year month and day,transaction pen number,shifting level,total floor number,building state,main use,main building materials,construction to complete the years,building shifting total area,Building present situation pattern - room,building present situation pattern - hall,building present situation pattern - health,building present situation pattern - compartmented,Whether there is manages the organization,total price NTD,the unit price (NTD / square meter),the berth category,berth shifting total area square meter,the berth total price NTD,the note,serial number,build case,buildings,termination type
羅東鎮,房地(土地+建物)+車位,宜蘭縣羅東鎮公正路300巷,37.0,住,,,1140111,土地1建物1車位1,二層,4,華廈(10層含以下有電梯),住家用,鋼筋混凝土造,,53.63,2,1,2,有,無,7170000,133694,一樓平面,0.0,550000,,RPUNMLOKJHKGFAG08CB,宛美天下2,1棟2B-2F號,
冬山鄉,房地(土地+建物),宜蘭縣冬山鄉協松路,84.64,,特定農業區,甲種建築用地,1140112,土地1建物1車位0,全,3,透天厝,住家用,鋼筋混凝土造,,183.84,4,3,5,有,無,12980000,70605,,0.0,0,,RPSNMLPKJHKGFAG97CB,驊邦家禾,C棟1號,
宜蘭市,房地(土地+建物)+車位,宜蘭縣宜蘭市公園東路103巷,37.94,住,,,1140112,土地1建物1車位1,三層,3,華廈(10層含以下有電梯),住家用,鋼筋混凝土造,,108.55,2,2,2,有,無,11300000,113677,坡道平面,24.98,1800000,,RPOOMLPKJHKGFBG77CB,浦田森陽,3F棟A16號,
羅東鎮,房地(土地+建物),宜蘭縣羅東鎮復興路三段388巷,111.87,,特定農業區,甲種建築用地,1140112,土地2建物1車位0,全,3,透天厝,住家用,鋼筋混凝土造,,201.87,3,3,4,有,無,20100000,99569,,0.0,0,,RPVNMLQKJHKGFAG38CB,頤和竹林,B棟2號,
冬山鄉,房地(土地+建物),宜蘭縣冬山鄉清溝路,37.79,,特定農業區,甲種建築用地,1140115,土地3建物1車位0,二層,4,華廈(10層含以下有電梯),住家用,鋼筋混凝土造,,76.36,2,1,1,有,無,6500000,85123,,0.0,0,交易總價含義成八段762-2地號 持分1/41壹拾萬元整及義成八段838地號 持分1/41柒萬元整,RPPNMLRKJHKGFAG87CB,旭川2,A2棟2F號,
宜蘭市,房地(土地+建物)+車位,宜蘭縣宜蘭市建蘭北路,47.41,其他,,,1140111,土地1建物1車位1,五層,7,華廈(10層含以下有電梯),住家用,鋼筋混凝土造,,152.46,3,2,2,有,無,18780000,127773,坡道平面,17.22,1500000,,RPPNMLRKJHKGFBG97CB,築院文化生活村,N7棟5號,
礁溪鄉,房地(土地+建物),宜蘭縣礁溪鄉踏踏三路,79.11,,特定農業區,甲種建築用地,1140113,土地4建物1車位0,四層,4,華廈(10層含以下有電梯),住家用,鋼筋混凝土造,,89.45,2,2,2,有,無,7000000,78256,,0.0,0,交易總價包含玉田段1478.1479.等兩筆農地及同段別1480-1地號交通用地持分交易價款30萬元整,RPTNMLRKJHKGFBG38CB,星丞心,B棟F5號,
羅東鎮,房地(土地+建物)+車位,宜蘭縣羅東鎮公正路300巷,37.0,住,,,1140118,土地1建物1車位1,三層,4,華廈(10層含以下有電梯),住家用,鋼筋混凝土造,,70.88,2,1,2,有,無,9000000,126975,一樓平面,0.0,2380000,,RPUNMLKLJHKGFAG77CB,宛美天下2,1棟3A-3F號,
羅東鎮,房地(土地+建物)+車位,宜蘭縣羅東鎮公正路300巷,37.0,住,,,1140118,土地1建物1車位1,四層,4,華廈(10層含以下有電梯),住家用,鋼筋混凝土造,,70.88,2,1,2,有,無,9000000,126975,一樓平面,0.0,2380000,,RPVNMLKLJHKGFAG87CB,宛美天下2,1棟5A-4F號,
羅東鎮,房地(土地+建物)+車位,宜蘭縣羅東鎮公正路300巷,37.0,住,,,1140118,土地1建物1車位1,四層,4,華廈(10層含以下有電梯),住家用,鋼筋混凝土造,,70.88,2,1,2,有,無,9000000,126975,一樓平面,0.0,2380000,,RPWNMLKLJHKGFAG97CB,宛美天下2,1棟3B-3F號,
冬山鄉,房地(土地+建物)+車位,宜蘭縣冬山鄉梅花路,89.76,,特定農業區,甲種建築用地,1140118,土地1建物1車位1,全,3,透天厝,住家用,鋼筋混凝土造,,200.8,4,2,5,有,無,13700000,68227,一樓平面,0.0,0,,RPPNMLLLJHKGFAG37CB,小城故事蒔築,F棟8號,
壯圍鄉,房地(土地+建物),宜蘭縣壯圍鄉大福路二段256巷,154.06,,特定農業區,甲種建築用地,1140120,土地3建物1車位0,全,3,透天厝,住家用,鋼筋混凝土造,,220.15,4,2,3,有,無,13800000,62685,,0.0,0,,RPQNMLLLJHKGFBG57CB,富登新10,B棟8號,
員山鄉,房地(土地+建物)+車位,宜蘭縣員山鄉深洲一路,50.23,,特定農業區,甲種建築用地,1140111,土地2建物1車位1,三層,4,華廈(10層含以下有電梯),住家用,鋼筋混凝土造,,125.37,3,2,2,有,無,8380000,66842,一樓平面,13.73,0,,RPRNMLLLJHKGFBG67CB,好適悅III 金邑宸,B棟3F-5號,
冬山鄉,房地(土地+建物)+車位,宜蘭縣冬山鄉香和路,40.13,住,,,1140111,土地1建物1車位1,六層,7,華廈(10層含以下有電梯),住家用,鋼筋混凝土造,,122.36,3,2,2,有,無,8920000,72900,一樓平面,0.0,0,汽車停車位編號為14號。,RPPNMLLLJHKGFAG47DB,京禾文學苑五期,6A號,
五結鄉,房地(土地+建物)+車位,宜蘭縣五結鄉大吉二路,34.96,,一般農業區,甲種建築用地,1140119,土地2建物1車位1,三層,4,華廈(10層含以下有電梯),住家用,鋼筋混凝土造,,96.05,3,2,2,有,無,7680000,83597,一樓平面,13.75,800000,,RPPNMLMLJHKGFAG47CB,樂沐,3樓E號,
蘇澳鎮,房地(土地+建物),宜蘭縣蘇澳鎮思村路,82.96,住,,,1140117,土地2建物1車位0,全,4,透天厝,住家用,鋼筋混凝土造,,159.42,4,2,4,有,無,9830000,61661,,0.0,0,,RPQNMLMLJHKGFAG57CB,百亨優閣透天別墅NO.10,1棟A11號,
冬山鄉,房地(土地+建物),宜蘭縣冬山鄉柯林新路,23.85,,特定農業區,甲種建築用地,1140115,土地1建物1車位0,三層,4,華廈(10層含以下有電梯),住家用,鋼筋混凝土造,,66.42,1,1,1,有,無,5590000,84161,,0.0,0,,RPTNMLMLJHKGFAG87CB,宏江畔溪,3F-G號,
五結鄉,房地(土地+建物)+車位,宜蘭縣五結鄉二結村中正路三段47巷10弄,47.82,住,,,1140112,土地1建物1車位1,五層,7,華廈(10層含以下有電梯),住家用,鋼筋混凝土造,,136.43,3,2,2,有,無,12460000,101393,坡道平面,25.87,1250000,,RPUNMLMLJHKGFAG97CB,富森?華廈,A棟5F-A2號,
員山鄉,房地(土地+建物),宜蘭縣員山鄉深溝村12鄰深洲路77巷30弄20之11號,83.38,,特定農業區,甲種建築用地,1140111,土地3建物1車位0,全,3,透天厝,住家用,鋼筋混凝土造,,150.86,4,2,5,有,無,10300000,68275,,0.0,0,,RPPNMLMLJHKGFBG57CB,羽松,B5棟0號,
礁溪鄉,房地(土地+建物)+車位,宜蘭縣礁溪鄉塭底路,28.0,,一般農業區,甲種建築用地,1140111,土地2建物1車位1,四層,4,華廈(10層含以下有電梯),住家用,鋼筋混凝土造,,108.43,2,1,1,有,無,9600000,105994,坡道平面,29.18,1200000,,RPTNMLOLJHKGFBG18CB,水野路路,D棟5號,
礁溪鄉,房地(土地+建物),宜蘭縣礁溪鄉塭底路,16.9,,一般農業區,甲種建築用地,1140118,土地2建物1車位0,二層,4,華廈(10層含以下有電梯),住家用,鋼筋混凝土造,,47.82,1,1,1,有,無,5000000,104559,,0.0,0,,RPUNMLOLJHKGFBG28CB,水野路路,D棟2號,
頭城鎮,房地(土地+建物),宜蘭縣頭城鎮沙成路2巷69號旁,15.81,住,,,1140116,土地5建物1車位0,十四層,15,住宅大樓(11層含以上有電梯),住家用,鋼筋混凝土造,,63.78,1,1,1,有,無,7120000,111634,,0.0,0,,RPROMLQLJHKGFBG28CB,山海序,K-11F號,
頭城鎮,房地(土地+建物)+車位,宜蘭縣頭城鎮沙成路2巷69號旁,15.81,住,,,1140117,土地5建物1車位1,九層,15,住宅大樓(11層含以上有電梯),住家用,鋼筋混凝土造,,94.57,1,1,1,有,無,7450000,100345,坡道平面,30.79,1050000,,RPSOMLQLJHKGFBG38CB,山海序,K-9F號,
頭城鎮,房地(土地+建物)+車位,宜蘭縣頭城鎮沙成路2巷69號旁,13.71,住,,,1140117,土地5建物1車位1,二層,15,住宅大樓(11層含以上有電梯),住家用,鋼筋混凝土造,,88.81,1,1,1,有,無,6550000,96640,坡道平面,33.45,1200000,,RPTOMLQLJHKGFBG48CB,山海序,I-2F號,
頭城鎮,房地(土地+建物)+車位,宜蘭縣頭城鎮沙成路2巷69號旁,15.81,住,,,1140118,土地5建物1車位1,十一層,15,住宅大樓(11層含以上有電梯),住家用,鋼筋混凝土造,,97.23,1,1,1,有,無,8350000,112104,坡道平面,33.45,1200000,,RPUOMLQLJHKGFBG58CB,山海序,K-11F號,
頭城鎮,房地(土地+建物),宜蘭縣頭城鎮沙成路2巷69號旁,13.33,住,,,1140118,土地5建物1車位0,四層,15,住宅大樓(11層含以上有電梯),住家用,鋼筋混凝土造,,53.72,1,1,1,有,無,4610000,85815,,0.0,0,,RPVOMLQLJHKGFBG68CB,山海序,J-4F號,
頭城鎮,房地(土地+建物),宜蘭縣頭城鎮沙成路2巷69號旁,15.81,住,,,1140120,土地5建物1車位0,十層,15,住宅大樓(11層含以上有電梯),住家用,鋼筋混凝土造,,63.78,1,1,1,有,無,6550000,102697,,0.0,0,,RPPNMLRLJHKGFBG08CB,山海序,G-10F號,
冬山鄉,房地(土地+建物)+車位,宜蘭縣冬山鄉下湖路,124.17,,特定農業區,甲種建築用地,1140114,土地1建物1車位0,全,4,透天厝,住家用,鋼筋混凝土造,,240.18,5,2,6,有,無,16800000,69948,,0.0,0,,RPPNMLNJKHKGFAG47CB,心天地２期,E棟0號,
蘇澳鎮,房地(土地+建物)+車位,宜蘭縣蘇澳鎮和平路,38.15,住,,,1140119,土地3建物1車位1,五層,10,華廈(10層含以下有電梯),住家用,鋼筋混凝土造,,154.88,3,2,2,有,無,8530000,60777,坡道平面,32.63,1100000,,RPSNMLNJKHKGFAG77CB,好室多,A棟A2-5F號,
蘇澳鎮,房地(土地+建物)+車位,宜蘭縣蘇澳鎮和平路,31.04,住,,,1140115,土地3建物1車位1,四層,10,華廈(10層含以下有電梯),住家用,鋼筋混凝土造,,131.41,2,2,2,有,無,7000000,59729,坡道平面,32.63,1100000,,RPUNMLNJKHKGFAG97CB,好室多,A棟A5-4F號,
蘇澳鎮,房地(土地+建物)+車位,宜蘭縣蘇澳鎮和平路,32.17,住,,,1140112,土地3建物1車位1,十層,10,華廈(10層含以下有電梯),住家用,鋼筋混凝土造,,134.61,2,2,2,有,無,7700000,65699,坡道平面,32.63,1000000,,RPWNMLNJKHKGFAG18CB,好室多,B棟B6-10F號,
宜蘭市,房地(土地+建物)+車位,宜蘭縣宜蘭市中山路五段,49.2,農,,,1140118,土地1建物1車位1,四層,4,華廈(10層含以下有電梯),住家用,鋼筋混凝土造,,151.4,3,2,2,有,無,10380000,85904,一樓平面,45.7,1300000,,RPQNMLNJKHKGFBG67CB,富登新16,I棟4號,
羅東鎮,房地(土地+建物)+車位,宜蘭縣羅東鎮西安街33巷,40.03,,特定農業區,甲種建築用地,1140111,土地3建物1車位1,二層,4,華廈(10層含以下有電梯),住家用,鋼筋混凝土造,,107.33,2,2,2,有,無,9670000,93781,一樓平面,16.48,1150000,,RPRNMLOJKHKGFAG77CB,文心蘭,1棟A6-2號,
羅東鎮,房地(土地+建物)+車位,宜蘭縣羅東鎮西安街33巷,40.03,,特定農業區,甲種建築用地,1140111,土地3建物1車位1,三層,4,華廈(10層含以下有電梯),住家用,鋼筋混凝土造,,107.33,2,2,2,有,無,9890000,96203,一樓平面,16.48,1150000,,RPSNMLOJKHKGFAG87CB,文心蘭,1棟A6-3號,
羅東鎮,房地(土地+建物)+車位,宜蘭縣羅東鎮復興路三段388巷,83.93,,鄉村區,乙種建築用地,1140117,土地2建物1車位1,全,4,透天厝,住家用,鋼筋混凝土造,,180.29,3,2,3,有,無,15000000,83199,一樓平面,0.0,0,,RPTNMLOJKHKGFAG97CB,頤和竹林,F棟3號,
羅東鎮,房地(土地+建物),宜蘭縣羅東鎮復興路三段388巷,107.95,,特定農業區,甲種建築用地,1140118,土地2建物1車位0,全,3,透天厝,住家用,鋼筋混凝土造,,165.44,3,2,4,有,無,16980000,102635,,0.0,0,,RPUNMLOJKHKGFAG08CB,頤和竹林,D棟15號,
羅東鎮,房地(土地+建物)+車位,宜蘭縣羅東鎮復興路三段388巷,146.41,,特定農業區,甲種建築用地,1140120,土地3建物1車位1,全,4,透天厝,住家用,鋼筋混凝土造,,216.73,3,2,3,有,無,18000000,83053,一樓平面,0.0,0,,RPVNMLOJKHKGFAG18CB,頤和竹林,E棟0號,
冬山鄉,房地(土地+建物),宜蘭縣冬山鄉義成路二段,92.25,,特定農業區,甲種建築用地,1140118,土地3建物1車位0,全,3,透天厝,住家用,鋼筋混凝土造,,182.34,4,1,5,有,無,16380000,89832,,0.0,0,,RPXNMLOJKHKGFAG38CB,藝埕想享,F棟,
宜蘭市,房地(土地+建物)+車位,宜蘭縣宜蘭市神農路二段,35.03,住,,,1140111,土地1建物1車位1,十二層,14,住宅大樓(11層含以上有電梯),住家用,鋼筋混凝土造,,169.69,3,2,2,有,無,21120000,139121,坡道平面,29.74,1650000,,RPPNMLOJKHKGFBG67CB,鳳凰101,E號,
壯圍鄉,房地(土地+建物),宜蘭縣壯圍鄉新福一路,56.95,,特定農業區,農牧用地,1140118,土地2建物1車位0,四層,4,華廈(10層含以下有電梯),住家用,鋼筋混凝土造,,63.34,2,2,2,有,無,5400000,85254,,0.0,0,交易總價包含中興段862地號農地持分交易價款450000元正。,RPTNMLOJKHKGFBG08CB,新元墅9,B1棟4樓號,
三星鄉,房地(土地+建物),宜蘭縣三星鄉義德段,114.64,住,,,1140115,土地2建物1車位0,全,3,透天厝,住家用,鋼筋混凝土造,,145.88,4,2,4,有,無,9800000,67179,,0.0,0,,RPPNMLPJKHKGFAG67CB,勁賀,G棟9號,
五結鄉,房地(土地+建物),宜蘭縣五結鄉國民中路,89.17,,特定農業區,農牧用地,1140111,土地5建物1車位0,一層,4,華廈(10層含以下有電梯),住家用,鋼筋混凝土造,,81.96,2,2,2,有,無,9780000,119327,,0.0,0,,RPQNMLPJKHKGFAG77CB,藏鉅,1A棟05號,
五結鄉,房地(土地+建物)+車位,宜蘭縣五結鄉二結村中正路三段47巷10弄,41.06,住,,,1140119,土地1建物1車位1,二層,7,華廈(10層含以下有電梯),住家用,鋼筋混凝土造,,120.89,2,2,2,有,無,10140000,93559,坡道平面,25.87,1250000,,RPRNMLPJKHKGFAG87CB,富森?華廈,A棟2F-A5號,
五結鄉,房地(土地+建物)+車位,宜蘭縣五結鄉二結村中正路三段47巷10弄,37.61,住,,,1140119,土地1建物1車位1,三層,7,華廈(10層含以下有電梯),住家用,鋼筋混凝土造,,112.2,2,2,2,有,無,10020000,98899,坡道平面,25.04,1400000,,RPSNMLPJKHKGFAG97CB,富森?華廈,A棟3F-A1號,
五結鄉,房地(土地+建物),宜蘭縣五結鄉二結村中正路三段47巷10弄,90.01,住,,,1140116,土地1建物1車位0,全,3,透天厝,住家用,鋼筋混凝土造,,191.85,4,3,4,有,無,18800000,97993,,0.0,0,,RPTNMLPJKHKGFAG08CB,富森?透天,A棟5號,
冬山鄉,房地(土地+建物),宜蘭縣冬山鄉永和路36巷,38.25,,特定農業區,甲種建築用地,1140114,土地2建物1車位0,二層,4,華廈(10層含以下有電梯),住家用,鋼筋混凝土造,,86.68,2,2,1,有,無,5800000,66913,,0.0,0,不動產交易總價含2萬農業用地價格。,RPQNMLRJKHKGFAG97CB,淬光景2,1棟B3號,
羅東鎮,房地(土地+建物)+車位,宜蘭縣羅東鎮西安街33巷,43.69,,特定農業區,甲種建築用地,1140115,土地3建物1車位1,二層,4,華廈(10層含以下有電梯),住家用,鋼筋混凝土造,,115.48,2,2,2,有,無,10280000,92222,一樓平面,16.48,1150000,,RPRNMLRJKHKGFAG08CB,文心蘭,1棟A7-2號,
羅東鎮,房地(土地+建物)+車位,宜蘭縣羅東鎮西安街33巷,28.44,,特定農業區,甲種建築用地,1140115,土地3建物1車位1,三層,4,華廈(10層含以下有電梯),住家用,鋼筋混凝土造,,81.07,1,1,1,有,無,7460000,97693,一樓平面,16.48,1150000,,RPSNMLRJKHKGFAG18CB,文心蘭,1棟A3-3號,
宜蘭市,房地(土地+建物)+車位,宜蘭縣宜蘭市農權路三段,32.7,住,,,1140113,土地1建物1車位2,四層,10,華廈(10層含以下有電梯),住家用,鋼筋混凝土造,,166.75,3,2,2,有,無,16750000,116595,坡道平面,52.68,3450000,,RPPNMLSJKHKGFBG08CB,謙君,A5棟4號,
員山鄉,房地(土地+建物)+車位,宜蘭縣員山鄉山前路50巷,51.07,,特定農業區,甲種建築用地,1140118,土地2建物1車位1,四層,4,華廈(10層含以下有電梯),住家用,鋼筋混凝土造,,106.42,3,2,2,有,無,7750000,72825,一樓平面,19.43,0,,RPUNMLKKKHKGFBG87CB,鳳凰愛買16期,C2棟4F號,
員山鄉,房地(土地+建物)+車位,宜蘭縣員山鄉山前路50巷,39.99,,特定農業區,甲種建築用地,1140118,土地2建物1車位1,二層,4,華廈(10層含以下有電梯),住家用,鋼筋混凝土造,,87.35,2,2,2,有,無,6430000,73612,一樓平面,19.43,0,,RPVNMLKKKHKGFBG97CB,鳳凰愛買16期,B3棟2F號,
員山鄉,房地(土地+建物)+車位,宜蘭縣員山鄉山前路50巷,51.07,,特定農業區,甲種建築用地,1140118,土地2建物1車位1,二層,4,華廈(10層含以下有電梯),住家用,鋼筋混凝土造,,106.42,3,2,2,有,無,7700000,72355,一樓平面,19.43,0,,RPWNMLKKKHKGFBG08CB,鳳凰愛買16期,C1棟2F號,
三星鄉,房地(土地+建物),宜蘭縣三星鄉中興六路,111.7,,特定農業區,甲種建築用地,1140115,土地1建物1車位0,全,3,透天厝,住家用,鋼筋混凝土造,,158.27,4,2,4,有,無,14230000,89910,,0.0,0,交易總價含下列非屬預售屋價格之費用:本價格含三樓增加所有工程費,RPPNMLLKKHKGFAG37CB,雙峰匯,C棟0號,
三星鄉,房地(土地+建物),宜蘭縣三星鄉中興六路,111.7,,特定農業區,甲種建築用地,1140117,土地1建物1車位0,全,3,透天厝,住家用,鋼筋混凝土造,,158.27,4,2,4,有,無,14230000,89910,,0.0,0,交易總價含下列非屬預售屋價格之費用:本價格含三樓增加所有工程費,RPRNMLLKKHKGFAG57CB,雙峰匯,E棟0號,
三星鄉,房地(土地+建物),宜蘭縣三星鄉中興六路,111.7,,特定農業區,甲種建築用地,1140113,土地1建物1車位0,全,3,透天厝,住家用,鋼筋混凝土造,,154.68,4,2,4,有,無,13960000,90251,,0.0,0,交易總價含下列非屬預售屋價格之費用:本價格含三樓增加所有工程費,RPSNMLLKKHKGFAG67CB,雙峰匯,D棟0號,
三星鄉,房地(土地+建物),宜蘭縣三星鄉中興六路,111.7,,特定農業區,甲種建築用地,1140117,土地1建物1車位0,全,3,透天厝,住家用,鋼筋混凝土造,,154.68,4,2,4,有,無,13960000,90251,,0.0,0,交易總價含下列非屬預售屋價格之費用:本價格含三樓增加所有工程費,RPTNMLLKKHKGFAG77CB,雙峰匯,F棟0號,
三星鄉,房地(土地+建物),宜蘭縣三星鄉中興六路,117.48,,特定農業區,甲種建築用地,1140113,土地1建物1車位0,全,3,透天厝,住家用,鋼筋混凝土造,,154.68,4,2,4,有,無,14160000,91544,,0.0,0,交易總價含下列非屬預售屋價格之費用:本價格含三樓增加所有工程費,RPVNMLLKKHKGFAG97CB,雙峰匯,L棟0號,
壯圍鄉,房地(土地+建物),宜蘭縣壯圍鄉壯五路6巷旁,104.15,農,,,1140117,土地3建物1車位0,全,3,透天厝,住家用,鋼筋混凝土造,,167.01,4,2,5,有,無,13500000,80833,,0.0,0,交易總價包含吉祥一段140-2地號農地持分交易價款28萬元整,RPPNMLLKKHKGFBG47CB,德勤富祥,C棟1號,
壯圍鄉,房地(土地+建物),宜蘭縣壯圍鄉順和路28號旁,68.31,,特定農業區,甲種建築用地,1140114,土地3建物1車位0,三層,4,華廈(10層含以下有電梯),住家用,鋼筋混凝土造,,94.39,2,2,1,有,無,7000000,74160,,0.0,0,交易總價包含五權段778地號農地持分，交易價款10萬元整。,RPQNMLLKKHKGFBG57CB,光匯田境,A棟3A2號,
五結鄉,房地(土地+建物),宜蘭縣五結鄉國民中路,234.39,,特定農業區,甲種建築用地,1140119,土地4建物1車位0,全,4,透天厝,住家用,鋼筋混凝土造,,275.32,4,2,5,有,無,25980000,94363,,0.0,0,,RPSNMLMKKHKGFAG77CB,藏鉅,D棟12號,
宜蘭市,房地(土地+建物)+車位,宜蘭縣宜蘭市公園東路103巷,37.94,住,,,1140118,土地1建物1車位1,二層,3,華廈(10層含以下有電梯),住家用,鋼筋混凝土造,,108.55,2,2,2,有,無,11090000,111164,坡道平面,24.98,1800000,,RPPNMLQKKHKGFBG97CB,浦田森陽,2F棟A16號,
