﻿編號,車位類別,車位價格,車位面積平方公尺,車位所在樓層
Serial number,berth category,berth price,berth area square meter,
RPXNMLNJKHKGFBG38CB,一樓平面,1300000,33.45,一樓
RPRNMLPJKHKGFBG97CB,一樓平面,0,13.75,一樓
RPPNMLNLJHKGFAG67DB,一樓平面,0,,一樓
RPQNMLLLJHKGFAG57DB,一樓平面,0,,一樓
RPQNMLNLJHKGFAG77DB,一樓平面,0,,一樓
RPTNMLNJKHKGFAG87CB,坡道平面,1000000,31.52,地下一樓
RPPNMLSJKHKGFAG97CB,一樓平面,900000,22.00,一樓
RPPNMLNJKHKGFAG57DB,一樓平面,0,,一樓
RPPNMLOKKHKGFAG67CB,一樓平面,1150000,16.48,一樓
