﻿編號,屋齡,建物移轉面積平方公尺,主要用途,主要建材,建築完成日期,總層數,建物分層,移轉情形
The serial number,room age,building shifting area square meter,the main use,main building materials,construction completes the date,total layer,building lamination,
RPRNMLSKKHKGFBG38DA,5,2.55,集合住宅,鋼筋混凝土造,109年4月6日,四層,二層 陽台 雨遮,持分移轉
RPRNMLSKKHKGFBG38DA,5,1.57,本共有部分之項目有：停車空間、樓梯間、機械室等３項,鋼筋混凝土造,109年4月6日,四層,,持分移轉
RPWPMLSKKHKGFBG09DA,5,9.68,集合住宅,鋼筋混凝土造,109年4月6日,四層,一層 陽台,持分移轉
RPWPMLSKKHKGFBG09DA,5,5.98,本共有部分之項目有：停車空間、樓梯間、機械室等３項,鋼筋混凝土造,109年4月6日,四層,,持分移轉
SPWPMLSKKHKGFBG56DA,5,9.68,集合住宅,鋼筋混凝土造,109年4月6日,四層,一層 陽台,持分移轉
SPWPMLSKKHKGFBG56DA,5,5.98,本共有部分之項目有：停車空間、樓梯間、機械室等３項,鋼筋混凝土造,109年4月6日,四層,,持分移轉
RPVOMLOKKHKGFBG48DA,,90.56,住家用,鋼筋混凝土加強磚造,,二層,一層 二層,全筆移轉
RPPOMLOKKHKGFBG87DA,42,30.74,商業用,鋼筋混凝土造,72年2月26日,七層,三層 陽台,全筆移轉
RPPOMLOKKHKGFBG87DA,42,15.83,共有部份,鋼筋混凝土造,72年2月26日,七層,,持分移轉
RPTNMLRKKHKGFBG48DA,17,65.30,集合住宅,鋼筋混凝土造,97年7月29日,十層,四層 陽台,全筆移轉
RPTNMLRKKHKGFBG48DA,17,36.35,共有部份,鋼筋混凝土造,97年7月29日,十層,,持分移轉
RPTNMLRKKHKGFBG48DA,17,8.10,共有部份,鋼筋混凝土造,97年7月29日,十層,,持分移轉
RPOOMLQJJHKGFBG77DA,30,221.70,住家用,鋼筋混凝土造,84年1月17日,三層,一層 二層 三層 陽台 平台 雨遮 見其他登記事項,全筆移轉
RPROMLLKKHKGFBG77DA,46,105.10,住家用,鋼筋混凝土加強磚造,68年1月12日,二層,一層 二層,全筆移轉
RPRNMLLKKHKGFBG67DA,44,138.46,住家用,鋼筋混凝土加強磚造,70年5月29日,二層,一層 二層 騎樓,全筆移轉
RPSNMLSJKHKGFAG28DA,30,107.09,住家用,鋼筋混凝土造,84年5月24日,四層,三層 四層,全筆移轉
RPSNMLSJKHKGFAG28DA,30,30.31,共同使用部份（防空避難室．停車場．門廳．梯間．通道．守衛室）,鋼筋混凝土造,84年5月24日,十二層,,持分移轉
RPSNMLSJKHKGFAG28DA,30,1.16,屋頂突出物．梯間．通道．水箱．共同使用部份,鋼筋混凝土造,84年5月24日,十二層,,持分移轉
RPSNMLSJKHKGFAG28DA,30,1.16,屋頂突出物．梯間．通道．水箱．共同使用部份,鋼筋混凝土造,84年5月24日,十二層,,持分移轉
RPVNMLQJKHKGFBG48DA,26,52.82,住家用,鋼筋混凝土造,88年7月9日,八層,四層 陽台,全筆移轉
RPVNMLQJKHKGFBG48DA,26,24.50,共有部份,鋼筋混凝土造,88年7月9日,八層,,持分移轉
RPVNMLQJKHKGFBG48DA,26,17.58,共有部份,鋼筋混凝土造,88年7月9日,八層,,持分移轉
RPUNMLQJKHKGFBG38DA,37,141.44,住家用,鋼筋混凝土造,77年5月24日,五層,四層 陽台,全筆移轉
RPUNMLQJKHKGFBG38DA,37,19.39,共有部份,鋼筋混凝土造,77年5月24日,五層,,持分移轉
RPUOMLLKKHKGFBG08DA,46,89.75,住家用,加強磚造,68年7月1日,三層,一層 二層 三層 見其他登記事項,全筆移轉
RPQPMLLKKHKGFBG77DA,28,56.15,商業用,鋼筋混凝土造,86年3月12日,八層,一層 陽台 騎樓,全筆移轉
RPQPMLLKKHKGFBG77DA,28,11.81,共有部份,鋼筋混凝土造,86年3月12日,八層,,持分移轉
RPSPMLLKKHKGFBG97DA,27,.07,管理室,鋼筋混凝土造,86年12月26日,十三層,一層,持分移轉
RPSPMLLKKHKGFBG97DA,27,38.90,住家用,鋼筋混凝土造,86年12月26日,十三層,六層,全筆移轉
RPSPMLLKKHKGFBG97DA,27,.01,共有部份,鋼筋混凝土造,86年12月26日,十三層,,持分移轉
RPSPMLLKKHKGFBG97DA,27,7.85,共有部份,鋼筋混凝土造,86年12月26日,十三層,,持分移轉
RPSPMLLKKHKGFBG97DA,27,1.02,共有部份,鋼筋混凝土造,86年12月26日,十三層,,持分移轉
RPSPMLLKKHKGFBG97DA,27,.01,共有部份,鋼筋混凝土造,86年12月26日,十三層,,持分移轉
RPSPMLLKKHKGFBG97DA,27,7.83,共有部份,鋼筋混凝土造,86年12月26日,十三層,,持分移轉
RPSPMLLKKHKGFBG97DA,27,10.05,共有部份,鋼筋混凝土造,86年12月26日,十三層,,持分移轉
RPPNMLKKKHKGFBG37DA,27,34.34,住家用,鋼筋混凝土造,86年9月2日,八層,五層 陽台 見其他登記事項,全筆移轉
RPPNMLKKKHKGFBG37DA,27,21.83,共有部份,鋼筋混凝土造,86年9月2日,八層,,持分移轉
RPSNMLPKJHKGFBG08DA,44,93.33,住家用,鋼筋混凝土造,70年3月19日,四層,三層,全筆移轉
RPSNMLPKJHKGFBG08DA,44,7.27,共有部份,鋼筋混凝土造,70年3月19日,四層,,持分移轉
RPVOMLLKKHKGFAG08DA,30,164.74,住家用,鋼筋混凝土加強磚造,84年5月3日,二層,一層 二層,全筆移轉
RPROMLRJKHKGFAG18DA,,89.95,住家用,磚石造,,四層,一層 二層,全筆移轉
RPQNMLNKKHKGFAG67DA,26,47.87,住家用,鋼筋混凝土造,88年1月28日,十四層,一層 平台 夾層,全筆移轉
RPQNMLNKKHKGFAG67DA,26,16.12,共同使用部份　梯間．通道．防空避難室．停車場,鋼筋混凝土造,88年1月28日,十四層,,持分移轉
RPRNMLRJJHKGFBG08DA,29,14.53,共有部份,鋼筋混凝土造,84年7月28日,六層,,持分移轉
RPRNMLRJJHKGFBG08DA,29,113.18,住家用,鋼筋混凝土造,84年7月28日,六層,六層 陽台,全筆移轉
RPRNMLRJJHKGFBG08DA,29,20.12,停車場,鋼筋混凝土造,84年7月28日,六層,,持分移轉
RPTNMLMKKHKGFBG97DA,44,220.50,住家用,鋼筋混凝土加強磚造,69年7月23日,二層,一層 二層,全筆移轉
RPPOMLLLJHKGFBG57DA,1,88.75,集合住宅,鋼筋混凝土造,112年12月6日,九層,八層 陽台,全筆移轉
RPPOMLLLJHKGFBG57DA,1,72.23,本共有部分之項目有：停車空間兼防空避難室、管委會空間、樓梯間等３項,鋼筋混凝土造,112年12月6日,九層,,持分移轉
RPSNMLSJKHKGFBG38DA,35,17.39,住家用,鋼筋混凝土造,79年2月13日,五層,見其他登記事項,全筆移轉
RPSNMLSJKHKGFBG38DA,35,3.71,共有部份,鋼筋混凝土造,79年2月13日,五層,,持分移轉
RPPNMLPJKHKGFAG67DA,2,148.74,住家用,鋼筋混凝土造（ＲＣ）,111年11月23日,三層,一層 二層 三層 陽台,全筆移轉
RPPPMLKKKHKGFAG57EA,3,49.22,集合住宅,鋼筋混凝土造,111年1月13日,五層,四層 陽台,全筆移轉
RPPPMLKKKHKGFAG57EA,3,16.53,本共有部分之項目有樓梯間、機械室及儲水槽等３項,鋼筋混凝土造,111年1月13日,五層,,持分移轉
RPPPMLKKKHKGFAG57EA,3,7.57,本共有部分之項目有停車空間、機電空間等２項,鋼筋混凝土造,111年1月13日,五層,,持分移轉
RPTOMLLKKHKGFBG97DA,10,73.76,辦公室,鋼筋混凝土造,104年2月13日,十二層,三層 陽台,全筆移轉
RPTOMLLKKHKGFBG97DA,10,89.27,本共有部分之項目有：停車空間、機電設備、公共設施、樓梯間、水錶室、水箱、機械室等７項。,鋼筋混凝土造,104年2月13日,十二層,,持分移轉
RPQOMLOKJHKGFAG77DA,29,38.66,住家用,鋼筋混凝土造,84年10月5日,十二層,九層 陽台 雨遮,全筆移轉
RPQOMLOKJHKGFAG77DA,29,5.60,共同使用部份：防空避難室．停車場．機械室．水箱．臺電受電室,鋼筋混凝土造,84年10月5日,十二層,,持分移轉
RPQOMLOKJHKGFAG77DA,29,8.59,共同使用部份：梯間通道,鋼筋混凝土造,84年10月5日,十二層,,持分移轉
RPUNMLOKKHKGFBG28DA,,350.56,農舍,鋼筋混凝土造,113年10月24日,三層,一層 二層 三層 陽台,全筆移轉
RPXNMLNKKHKGFAG38DA,45,103.90,住家用,鋼筋混凝土加強磚造,68年10月9日,二層,一層 二層,全筆移轉
RPQOMLMKKHKGFBG77DA,29,5.33,共有部份,鋼筋混凝土造,85年2月20日,七層,,持分移轉
RPQOMLMKKHKGFBG77DA,28,45.75,住家用,鋼筋混凝土造,85年12月20日,七層,五層 陽台,全筆移轉
RPQOMLMKKHKGFBG77DA,28,5.41,共有部份,鋼筋混凝土造,85年12月20日,七層,,持分移轉
RPQOMLMKKHKGFBG77DA,28,.56,共有部份,鋼筋混凝土造,85年12月20日,七層,,持分移轉
RPVNMLOKKHKGFBG38DA,15,365.22,農舍、樓梯間,鋼骨造、鋼筋混凝土（ＲＣ）,98年12月3日,三層,一層 二層 三層 陽台 見其他登記事項,全筆移轉
RPPQMLLKKHKGFAG67DA,30,133.85,住家含梯間,鋼筋混凝土造,84年3月15日,四層,一層 二層 三層 四層 陽台 屋頂突出物,全筆移轉
RPPNMLMKKHKGFBG67EA,26,201.98,住家用,鋼筋混凝土造,87年9月4日,五層,一層 二層 三層 四層 五層 陽台 雨遮,全筆移轉
RPQNMLMKKHKGFBG77EA,25,45.21,住家用,鋼筋混凝土造,88年8月31日,九層,五層 陽台,全筆移轉
RPPNMLRKKHKGFBG18EA,26,115.99,住家用,鋼筋混凝土造,88年1月27日,七層,四層 陽台,全筆移轉
RPPNMLRKKHKGFBG18EA,26,36.13,共有部份,鋼筋混凝土造,88年1月27日,七層,,持分移轉
RPQNMLMKKHKGFBG77EA,25,22.70,共有部份,鋼筋混凝土造,88年8月31日,九層,,持分移轉
RPPNMLNKKHKGFBG77EA,49,153.07,住商用,鋼筋混凝土加強磚造,65年4月15日,二層,一層 二層 騎樓,全筆移轉
RPWOMLOKKHKGFBG58DA,9,167.52,停車空間、住宅,鋼筋混凝土造,105年2月2日,四層,一層 二層 三層 四層 陽台,全筆移轉
RPWOMLOKKHKGFBG58DA,9,.42,管理員室,鋼筋混凝土造,105年2月2日,一層,一層,持分移轉
RPSOMLLLJHKGFAG77DA,30,156.86,住商用,鋼筋混凝土造,84年1月27日,四層,一層 二層 三層 四層 見其他登記事項,全筆移轉
RPTNMLSJKHKGFBG48DA,7,65.49,集合住宅,鋼筋混凝土造,107年2月8日,五層,三層 陽台,全筆移轉
RPTNMLSJKHKGFBG48DA,7,15.21,本共有部分之項目有：停車空間、守衛室、電信室等３項,鋼筋混凝土造,107年2月8日,五層,,持分移轉
RPTNMLSJKHKGFBG48DA,7,11.64,本共有部分之項目有：樓梯間１項,鋼筋混凝土造,107年2月8日,五層,,持分移轉
RPPOMLSKKHKGFAG18DA,3,46.13,集合住宅,鋼筋混凝土造,110年12月30日,四層,四層 陽台,全筆移轉
RPPOMLSKKHKGFAG18DA,3,6.86,本共有部分之項目有停車空間、管委會空間、機電設備等３項。,鋼筋混凝土造,110年12月30日,四層,,持分移轉
RPPOMLSKKHKGFAG18DA,3,10.32,本共有部分之項目有梯間、樓梯間、水塔間等３項。,鋼筋混凝土造,110年12月30日,四層,,持分移轉
RPUPMLPJKHKGFBG48DA,9,207.52,住家用,鋼筋混凝土造,104年10月21日,三層,一層 二層 三層 陽台,全筆移轉
RPUNMLRKKHKGFAG48DA,31,207.19,住家用,鋼筋混凝土造,83年1月11日,四層,一層 二層 三層 四層 見其他登記事項,全筆移轉
RPPNMLSJKHKGFAG97DA,4,48.73,集合住宅,鋼筋混凝土造,109年10月30日,七層,五層 陽台,全筆移轉
RPPNMLSJKHKGFAG97DA,4,17.57,本共有部分之項目有停車空間、樓梯間、機械室、水箱等４項,鋼筋混凝土造,109年10月30日,七層,,持分移轉
RPTNMLKKJHKGFBG67DA,31,10.20,共有部份,鋼筋混凝土造,82年12月31日,七層,,持分移轉
RPTNMLKKJHKGFBG67DA,31,12.81,共有部份,鋼筋混凝土造,82年12月31日,七層,,持分移轉
RPTNMLKKJHKGFBG67DA,31,92.74,住家用,鋼筋混凝土造,82年12月31日,七層,五層 陽台,全筆移轉
RPUOMLKKKHKGFBG97DA,31,103.59,住家用,鋼筋混凝土造,82年7月29日,五層,五層 陽台,全筆移轉
RPUOMLKKKHKGFBG97DA,31,48.29,共有部份,鋼筋混凝土造,82年7月29日,五層,,持分移轉
RPPNMLKKKHKGFBG47EA,34,92.58,住家用,鋼筋混凝土加強磚造,80年4月19日,一層,一層 見其他登記事項,全筆移轉
RPTNMLQJKHKGFAG18DA,7,228.41,住家用,鋼筋混凝土（ＲＣ）,107年4月30日,三層,一層 二層 三層 陽台,全筆移轉
RPPNMLSKKHKGFBG28EA,14,61.93,辦公室,鋼筋混凝土造,100年5月27日,九層,九層 陽台 雨遮,全筆移轉
RPPNMLSKKHKGFBG28EA,14,11.82,本共有部分之項目有梯廳、走廊、雨遮等３項。,鋼筋混凝土造,100年5月27日,九層,,持分移轉
RPPNMLSKKHKGFBG28EA,14,65.50,本共有部分之項目有停車空間、蓄水池、垃圾集中室、水箱、消防蓄水池、緊急發電機室、消防泵浦室、台電配電室、電信室、機械室、生活污水處理設施、管理委員會辦公室、管理委員會會議室、管理委員會管理區、儲藏室、樓梯間、電梯機械室、陽台、雨遮等１９項。,鋼筋混凝土造,100年5月27日,九層,,持分移轉
RPRNMLTKKHKGFAG38DA,30,1.54,共有部份,鋼筋混凝土造,84年6月16日,五層,,持分移轉
RPRNMLTKKHKGFAG38DA,30,126.22,鄉村住宅．停車場,鋼筋混凝土造,84年6月16日,五層,一層 二層 陽台 見其他登記事項,全筆移轉
RPXNMLNJKHKGFBG38DA,7,65.49,集合住宅,鋼筋混凝土造,107年2月8日,五層,三層 陽台,全筆移轉
RPXNMLNJKHKGFBG38DA,7,15.21,本共有部分之項目有：停車空間、守衛室、電信室等３項,鋼筋混凝土造,107年2月8日,五層,,持分移轉
RPXNMLNJKHKGFBG38DA,7,11.64,本共有部分之項目有：樓梯間１項,鋼筋混凝土造,107年2月8日,五層,,持分移轉
RPWNMLLKKHKGFBG18DA,1,54.66,集合住宅,鋼筋混凝土造,113年5月27日,四層,四層 陽台,全筆移轉
RPWNMLLKKHKGFBG18DA,1,21.07,本共有部分之項目有：停車空間、樓梯間等２項。,鋼筋混凝土造,113年5月27日,四層,,持分移轉
RPWOMLKKKHKGFBG18DA,14,190.98,住家用,鋼骨鋼筋混凝土造,99年9月13日,四層,一層 二層 三層 四層 陽台 見其他登記事項,全筆移轉
RPVNMLLKKHKGFBG08DA,4,54.37,集合住宅,鋼筋混凝土造,110年3月30日,十四層,十三層 陽台,全筆移轉
RPVNMLLKKHKGFBG08DA,4,46.11,本共有部分之項目有：停車空間、電梯間、安全梯、水箱、機械機房、消防機房、排風機房、防空避難室兼停車空間、電信室、泳池機房、景觀機房、台電配電室、發電機室、防災中心、公共服務空間、垃圾儲藏空間等１６項,鋼筋混凝土造,110年3月30日,十八層,,持分移轉
RPVNMLLKKHKGFBG08DA,4,16.64,本共有部分之項目有：樓梯間、梯廳、消防中繼機械室、水錶區、水箱、機械室等６項,鋼筋混凝土造,110年3月30日,十四層,,持分移轉
RPPPMLLKKHKGFBG67DA,31,84.49,住家用,鋼筋混凝土造,82年7月29日,五層,三層 陽台,全筆移轉
RPPPMLLKKHKGFBG67DA,31,47.02,共有部份,鋼筋混凝土造,82年7月29日,五層,,持分移轉
RPTOMLLLJHKGFBG97DA,40,115.50,住家用,鋼筋混凝土加強磚造,74年5月14日,二層,一層 二層,全筆移轉
RPSNMLMKKHKGFBG87DA,41,88.08,住家用,鋼筋混凝土造,72年9月6日,五層,五層 陽台,全筆移轉
RPSNMLMKKHKGFBG87DA,41,6.21,共有部份,鋼筋混凝土造,72年9月6日,五層,,持分移轉
RPSNMLMKKHKGFBG87DA,41,6.00,共有部份,鋼筋混凝土造,72年9月6日,五層,,持分移轉
RPOOMLTJJHKGFAG97DA,4,163.35,農糧產品加工室,鋼筋混凝土造,110年1月6日,一層,一層,全筆移轉
RPXNMLTJJHKGFAG78DA,29,50.32,停車場、集合住宅,鋼筋混凝土造,85年1月15日,七層,一層 騎樓 見其他登記事項,全筆移轉
RPXNMLTJJHKGFAG78DA,29,17.12,梯間、防空避難室共同使用,鋼筋混凝土造,85年1月15日,七層,,持分移轉
RPPQMLMKKHKGFAG77DA,6,262.23,住家用,鋼筋混凝土造,107年8月24日,四層,一層 二層 三層 四層 陽台 騎樓,全筆移轉
RPXNMLRJKHKGFAG68DA,27,145.65,農舍,鋼筋混凝土造,87年5月14日,一層,一層 屋頂突出物,全筆移轉
RPROMLNKKHKGFAG87DA,17,104.52,住家用,鋼筋混凝土造,96年8月17日,六層,三層 陽台 雨遮,全筆移轉
RPROMLNKKHKGFAG87DA,17,23.35,停車空間,鋼筋混凝土造,96年8月17日,六層,,持分移轉
RPROMLNKKHKGFAG87DA,17,25.23,梯間,鋼筋混凝土造,96年8月17日,六層,,持分移轉
RPRNMLQKJHKGFAG97DA,,160.18,住家用,鋼筋混凝土造,113年10月30日,三層,一層 二層 三層 陽台,全筆移轉
RPOPMLSJJHKGFBG08DA,,72.14,集合住宅,鋼筋混凝土造,113年6月25日,四層,四層 陽台,全筆移轉
RPOPMLSJJHKGFBG08DA,,23.01,本共有部分之項目有：停車場、樓梯間、機電設備等３項,鋼筋混凝土造,113年6月25日,四層,,持分移轉
RPOPMLSJJHKGFBG08DA,,15.92,本共有部分之項目有：樓梯間等１項,鋼筋混凝土造,113年6月25日,四層,,持分移轉
RPRNMLNKKHKGFAG77DA,5,265.33,農舍,鋼筋混凝土（ＲＣ）,108年12月1日,二層,一層 二層,全筆移轉
RPRNMLNKKHKGFAG77DA,7,43.97,農業資材室,鐵皮鋼骨造,107年4月23日,一層,一層,全筆移轉
RPOOMLLLJHKGFAG37DA,32,230.89,住家用,鋼筋混凝土造,81年8月19日,四層,一層 二層 三層 四層 騎樓,全筆移轉
RPWNMLRKKHKGFAG68DA,28,55.17,住家用,鋼筋混凝土造,85年10月3日,十二層,九層 陽台,全筆移轉
RPWNMLRKKHKGFAG68DA,28,11.02,停車場、法定防空避難室、機車停車場、私設防空避難室﹙共同使用部份﹚,鋼筋混凝土造,85年10月3日,十二層,,持分移轉
RPWNMLRKKHKGFAG68DA,28,10.43,通道、梯間﹙共同使用部份,鋼筋混凝土造,85年10月3日,十二層,,持分移轉
RPVOMLNKKHKGFBG38DA,30,73.20,住家用,鋼筋混凝土造,83年10月5日,七層,三層 陽台,全筆移轉
RPVOMLNKKHKGFBG38DA,30,9.48,共有部份,鋼筋混凝土造,83年10月5日,七層,,持分移轉
RPVOMLNKKHKGFBG38DA,30,8.29,共有部份,鋼筋混凝土造,83年10月5日,七層,,持分移轉
RPUPMLKKKHKGFAG97DA,44,123.00,住家用,鋼筋混凝土加強磚造,69年9月4日,二層,一層 二層 騎樓,全筆移轉
RPTOMLNLKIJGFBG28DA,6,50.32,集合住宅,鋼筋混凝土造,108年2月13日,十層,九層 雨遮,全筆移轉
RPTOMLNLKIJGFBG28DA,6,60.17,本共有部分之項目有：停車空間、機械室、門廳、管委會空間、樓電梯間、消防水箱、陽台、公共設施等８項,鋼筋混凝土造,108年2月13日,十層,,持分移轉
RPQOMLSKKHKGFBG38DA,1,78.23,集合住宅,鋼筋混凝土造,113年2月7日,四層,二層 陽台,全筆移轉
RPQOMLSKKHKGFBG38DA,1,2.62,本共有部分之項目有：管理委員會空間等１項,鋼筋混凝土造,113年2月7日,四層,,持分移轉
RPQOMLSKKHKGFBG38DA,1,65.12,本共有部分之項目有：停車空間、樓梯間、水箱、機械室等４項,鋼筋混凝土造,113年2月7日,四層,,持分移轉
RPRNMLTKKHKGFBG58EA,43,135.46,住家用,鋼筋混凝土加強磚造,70年7月1日,二層,一層 二層 騎樓,全筆移轉
RPWOMLSKKHKGFBG98DA,7,112.31,店舖,鋼筋混凝土造,107年1月23日,十一層,一層 二層 陽台,全筆移轉
RPWOMLSKKHKGFBG98DA,7,85.97,本共有部分項目：防空避難室兼停車空間、蓄水池、緊急發電機室兼消防泵浦室、管委會使用空間、騎樓、停車空間、台電配電室、機房、車道、公共空間、樓梯間、電梯間、水箱、機械室等１４項。,鋼筋混凝土造,107年1月23日,十四層,,持分移轉
RPPNMLKLJHKGFAG27DA,41,73.11,住商用,加強磚造,73年1月5日,一層,一層 騎樓,全筆移轉
RPVNMLOKKHKGFAG28DA,17,283.38,農舍,鋼筋混凝土造,96年5月25日,三層,一層 二層 三層 陽台 屋頂突出物 夾層 見其他登記事項,全筆移轉
RPQOMLOKKHKGFBG97DA,29,70.45,住家用,鋼筋混凝土造,84年9月15日,四層,二層 陽台,全筆移轉
RPQOMLOKKHKGFBG97DA,29,10.22,共有部份,鋼筋混凝土造,84年9月15日,四層,,持分移轉
RPUOMLKMKIJGFBG18DA,,62.66,住家用,磚造,,一層,一層 騎樓 廚房,全筆移轉
RPUNMLRKKHKGFBG58DA,12,80.49,集合住宅,鋼筋混凝土造,102年6月11日,七層,五層 陽台 雨遮,全筆移轉
RPUNMLRKKHKGFBG58DA,12,58.44,本共有部分之項目有：停車空間、公共服務空間、樓梯間、水箱、機房等五項。,鋼筋混凝土造,102年6月11日,七層,,持分移轉
RPPRMLLKKHKGFAG77DA,25,239.62,農舍,鋼筋混凝土造,88年11月16日,三層,一層 二層 三層 陽台,全筆移轉
RPWNMLOKKHKGFBG48DA,48,86.16,住家用,鋼筋混凝土加強磚造,66年3月14日,二層,一層 二層,全筆移轉
RPVTMLLKKHKGFAG58DA,29,51.90,住家用,鋼筋混凝土造,85年1月17日,五層,五層 陽台,全筆移轉
RPVTMLLKKHKGFAG58DA,29,7.99,梯間、通道、共同使用部份,鋼筋混凝土造,85年1月17日,五層,,持分移轉
RPVTMLLKKHKGFAG58DA,29,46.74,梯間、通道、變電設施、共同使用部份．停車場,鋼筋混凝土造,85年1月17日,五層,,持分移轉
RPOPMLSKKHKGFBG28DA,,318.30,農舍、樓梯間,鋼筋混凝土造,113年8月2日,三層,一層 二層 三層 陽台 見其他登記事項,全筆移轉
RPRNMLKKJHKGFAG37DA,48,155.75,住家用,鋼筋混凝土加強磚造,65年10月18日,三層,一層 二層 三層 騎樓,全筆移轉
RPPOMLRKJHKGFBG08DA,17,81.66,住家用,鋼筋混凝土造,96年8月10日,十層,九層 陽台,全筆移轉
RPPOMLRKJHKGFBG08DA,17,35.88,共有部份,鋼筋混凝土造,96年8月10日,十層,,持分移轉
RPPOMLRKJHKGFBG08DA,17,13.85,共有部份,鋼筋混凝土造,96年8月10日,十層,,持分移轉
RPUNMLNKKHKGFAG08DA,11,321.47,住宅．停車空間,鋼筋混凝土造,102年9月10日,四層,一層 二層 三層 四層 陽台 屋頂突出物 屋簷 見其他登記事項,全筆移轉
RPQOMLRKKHKGFBG28DA,8,104.48,集合住宅,鋼筋混凝土造,106年4月20日,五層,二層 陽台,全筆移轉
RPQOMLRKKHKGFBG28DA,8,58.65,本共有部分之項目有：騎樓、停車空間、樓梯間等３項。,鋼筋混凝土造,106年4月20日,五層,,持分移轉
RPUOMLQKJHKGFAG38DA,6,217.76,停車空間、集合住宅、樓梯間,鋼筋混凝土（ＲＣ）,107年9月3日,三層,一層 二層 三層 陽台 地下一層 見其他登記事項,全筆移轉
RPUOMLQKJHKGFAG38DA,6,34.44,本共有部分之項目有機房、梯間、車道、管委會使用空間、安全梯等５項。,鋼筋混凝土（ＲＣ）,107年9月3日,三層,,持分移轉
RPPOMLSJKHKGFAG08DA,44,196.44,住家用,鋼筋混凝土造,69年4月23日,三層,一層 二層 三層 騎樓,全筆移轉
RPTOMLKKKHKGFBG87DA,17,37.94,住家用,鋼筋混凝土造,96年6月22日,七層,七層 陽台,全筆移轉
RPTOMLKKKHKGFBG87DA,17,19.12,共有部份,鋼筋混凝土造,96年6月22日,七層,,持分移轉
RPWOMLMKKHKGFBG38DA,,64.91,集合住宅,鋼筋混凝土造,113年11月27日,四層,二層 陽台,全筆移轉
RPWOMLMKKHKGFBG38DA,,23.88,本共有部分之項目有：停車空間、樓梯間等２項。,鋼筋混凝土造,113年11月27日,四層,,持分移轉
RPOOMLNLKIJGFAG67DA,36,159.25,住家用,鋼筋混凝土造,78年3月2日,二層,一層 二層 屋頂突出物,全筆移轉
RPQOMLKKKHKGFBG57DA,,64.91,集合住宅,鋼筋混凝土造,113年11月27日,四層,四層 陽台,全筆移轉
RPQOMLKKKHKGFBG57DA,,23.88,本共有部分之項目有：停車空間、樓梯間等２項。,鋼筋混凝土造,113年11月27日,四層,,持分移轉
RPXNMLKKKHKGFBG18DA,,64.91,集合住宅,鋼筋混凝土造,113年11月27日,四層,三層 陽台,全筆移轉
RPXNMLKKKHKGFBG18DA,,23.88,本共有部分之項目有：停車空間、樓梯間等２項。,鋼筋混凝土造,113年11月27日,四層,,持分移轉
RPOOMLKKKHKGFBG37DA,,79.15,集合住宅,鋼筋混凝土造,113年11月27日,四層,二層 陽台,全筆移轉
RPOOMLKKKHKGFBG37DA,,27.50,本共有部分之項目有：停車空間、樓梯間等２項。,鋼筋混凝土造,113年11月27日,四層,,持分移轉
RPQPMLLKKHKGFAG67DA,,60.43,集合住宅,鋼筋混凝土（ＲＣ）,113年10月29日,四層,二層 陽台,全筆移轉
RPQPMLLKKHKGFAG67DA,,15.47,本共有部分之項目有：樓梯間、梯廳、安全梯、無障礙電梯等４項,鋼筋混凝土（ＲＣ）,113年10月29日,四層,,持分移轉
RPVOMLMKKHKGFBG28DA,,79.15,集合住宅,鋼筋混凝土造,113年11月27日,四層,四層 陽台,全筆移轉
RPVOMLMKKHKGFBG28DA,,27.50,本共有部分之項目有：停車空間、樓梯間等２項。,鋼筋混凝土造,113年11月27日,四層,,持分移轉
RPXNMLLKKHKGFAG18DA,,58.25,集合住宅,鋼筋混凝土（ＲＣ）,113年10月29日,四層,二層 陽台,全筆移轉
RPXNMLLKKHKGFAG18DA,,14.86,本共有部分之項目有：樓梯間、梯廳、安全梯、無障礙電梯等４項,鋼筋混凝土（ＲＣ）,113年10月29日,四層,,持分移轉
RPUNMLKMKIJGFAG97DA,1,76.08,集合住宅,鋼筋混凝土造（ＲＣ）,113年2月23日,四層,一層 二層 陽台,全筆移轉
RPUNMLKMKIJGFAG97DA,1,40.91,本共有部分之項目有停車空間、機電空間、樓梯間等３項,鋼筋混凝土造（ＲＣ）,113年2月23日,四層,,持分移轉
RPRPMLLKKHKGFAG77DA,,60.43,集合住宅,鋼筋混凝土（ＲＣ）,113年10月29日,四層,三層 陽台,全筆移轉
RPRPMLLKKHKGFAG77DA,,15.47,本共有部分之項目有：樓梯間、梯廳、安全梯、無障礙電梯等４項,鋼筋混凝土（ＲＣ）,113年10月29日,四層,,持分移轉
RPROMLLKKHKGFAG67DA,,65.02,集合住宅,鋼筋混凝土（ＲＣ）,113年10月29日,四層,三層 陽台,全筆移轉
RPROMLLKKHKGFAG67DA,,16.58,本共有部分之項目有：樓梯間、梯廳、安全梯、無障礙電梯等４項,鋼筋混凝土（ＲＣ）,113年10月29日,四層,,持分移轉
RPOPMLLKKHKGFAG47DA,,60.65,集合住宅,鋼筋混凝土（ＲＣ）,113年10月29日,四層,三層 陽台,全筆移轉
RPOPMLLKKHKGFAG47DA,,15.57,本共有部分之項目有：樓梯間、梯廳、安全梯、無障礙電梯等４項,鋼筋混凝土（ＲＣ）,113年10月29日,四層,,持分移轉
RPOOMLLKKHKGFAG37DA,,58.25,集合住宅,鋼筋混凝土（ＲＣ）,113年10月29日,四層,三層 陽台,全筆移轉
RPOOMLLKKHKGFAG37DA,,14.86,本共有部分之項目有：樓梯間、梯廳、安全梯、無障礙電梯等４項,鋼筋混凝土（ＲＣ）,113年10月29日,四層,,持分移轉
RPTPMLLKKHKGFAG97DA,,58.17,集合住宅,鋼筋混凝土（ＲＣ）,113年10月29日,四層,二層 陽台,全筆移轉
RPTPMLLKKHKGFAG97DA,,14.81,本共有部分之項目有：樓梯間、梯廳、安全梯、無障礙電梯等４項,鋼筋混凝土（ＲＣ）,113年10月29日,四層,,持分移轉
RPPOMLKKKHKGFBG47DA,,96.00,集合住宅,鋼筋混凝土造,113年11月27日,四層,四層 陽台,全筆移轉
RPPOMLKKKHKGFBG47DA,,34.14,本共有部分之項目有：停車空間、樓梯間等２項。,鋼筋混凝土造,113年11月27日,四層,,持分移轉
RPUPMLLKKHKGFAG08DA,,58.17,集合住宅,鋼筋混凝土（ＲＣ）,113年10月29日,四層,三層 陽台,全筆移轉
RPUPMLLKKHKGFAG08DA,,14.81,本共有部分之項目有：樓梯間、梯廳、安全梯、無障礙電梯等４項,鋼筋混凝土（ＲＣ）,113年10月29日,四層,,持分移轉
RPWNMLMKKHKGFBG28DA,,80.98,集合住宅,鋼筋混凝土造,113年11月27日,四層,四層 陽台,全筆移轉
RPWNMLMKKHKGFBG28DA,,28.27,本共有部分之項目有：停車空間、樓梯間等２項。,鋼筋混凝土造,113年11月27日,四層,,持分移轉
RPTNMLNKKHKGFBG08DA,,61.32,農糧產品加工室,鋼筋混凝土造,114年1月10日,一層,一層,全筆移轉
RPURMLLKKHKGFAG28DA,,82.37,集合住宅,鋼筋混凝土（ＲＣ）,113年11月29日,十一層,三層 陽台,全筆移轉
RPURMLLKKHKGFAG28DA,,72.55,本共有部分之項目有停車空間、機房、防空避難室兼停車空間、台電配電室、公共服務空間、管委會使用空間、樓電梯間、樓梯間、水箱、電梯機械室等１０項。,鋼筋混凝土（ＲＣ）,113年11月29日,十一層,,持分移轉
RPQSMLLKKHKGFAG97DA,,61.04,集合住宅,鋼筋混凝土（ＲＣ）,113年11月29日,十一層,五層 陽台,全筆移轉
RPQSMLLKKHKGFAG97DA,,62.04,本共有部分之項目有停車空間、機房、防空避難室兼停車空間、台電配電室、公共服務空間、管委會使用空間、樓電梯間、樓梯間、水箱、電梯機械室等１０項。,鋼筋混凝土（ＲＣ）,113年11月29日,十一層,,持分移轉
RPWNMLNJKHKGFAG18DA,25,204.99,農舍,鋼筋混凝土加強磚造,88年10月5日,二層,一層 二層 陽台,全筆移轉
RPWNMLKKKHKGFBG08DA,,80.98,集合住宅,鋼筋混凝土造,113年11月27日,四層,三層 陽台,全筆移轉
RPWNMLKKKHKGFBG08DA,,28.27,本共有部分之項目有：停車空間、樓梯間等２項。,鋼筋混凝土造,113年11月27日,四層,,持分移轉
RPTOMLMKKHKGFBG08DA,,80.98,集合住宅,鋼筋混凝土造,113年11月27日,四層,二層 陽台,全筆移轉
RPTOMLMKKHKGFBG08DA,,28.27,本共有部分之項目有：停車空間、樓梯間等２項。,鋼筋混凝土造,113年11月27日,四層,,持分移轉
RPSOMLKKKHKGFBG77DA,,73.11,集合住宅,鋼筋混凝土造,113年11月27日,四層,一層,全筆移轉
RPSOMLKKKHKGFBG77DA,,28.27,本共有部分之項目有：停車空間、樓梯間等２項。,鋼筋混凝土造,113年11月27日,四層,,持分移轉
RPXNMLMKKHKGFBG38DA,,72.97,集合住宅,鋼筋混凝土造,113年11月27日,四層,二層 陽台,全筆移轉
RPXNMLMKKHKGFBG38DA,,25.13,本共有部分之項目有：停車空間、樓梯間等２項。,鋼筋混凝土造,113年11月27日,四層,,持分移轉
RPPSMLLKKHKGFAG87DA,,56.61,集合住宅,鋼筋混凝土（ＲＣ）,113年11月29日,十一層,十層 陽台,全筆移轉
RPPSMLLKKHKGFAG87DA,,59.86,本共有部分之項目有停車空間、機房、防空避難室兼停車空間、台電配電室、公共服務空間、管委會使用空間、樓電梯間、樓梯間、水箱、電梯機械室等１０項。,鋼筋混凝土（ＲＣ）,113年11月29日,十一層,,持分移轉
RPRRMLLKKHKGFAG97DA,,56.61,集合住宅,鋼筋混凝土（ＲＣ）,113年11月29日,十一層,七層 陽台,全筆移轉
RPRRMLLKKHKGFAG97DA,,59.86,本共有部分之項目有停車空間、機房、防空避難室兼停車空間、台電配電室、公共服務空間、管委會使用空間、樓電梯間、樓梯間、水箱、電梯機械室等１０項。,鋼筋混凝土（ＲＣ）,113年11月29日,十一層,,持分移轉
RPSRMLLKKHKGFAG08DA,,45.93,集合住宅,鋼筋混凝土（ＲＣ）,113年11月29日,十一層,七層 陽台,全筆移轉
RPSRMLLKKHKGFAG08DA,,22.59,本共有部分之項目有停車空間、機房、防空避難室兼停車空間、台電配電室、公共服務空間、管委會使用空間、樓電梯間、樓梯間、水箱、電梯機械室等１０項。,鋼筋混凝土（ＲＣ）,113年11月29日,十一層,,持分移轉
RPQOMLSKKHKGFAG28DA,,54.04,集合住宅,鋼筋混凝土（ＲＣ）,113年9月27日,五層,二層 陽台,全筆移轉
RPQOMLSKKHKGFAG28DA,,12.62,本共有部分之項目有停車空間、樓梯電梯間等２項,鋼筋混凝土（ＲＣ）,113年9月27日,五層,,持分移轉
RPQOMLLKKHKGFBG67DA,,289.50,農舍,鋼筋混凝土造,113年11月29日,三層,一層 二層 三層 陽台,全筆移轉
RPVPMLPJKHKGFBG58DA,,59.40,集合住宅,鋼筋混凝土造,113年11月28日,六層,二層 陽台,全筆移轉
RPVPMLPJKHKGFBG58DA,,40.56,本共有部分之項目有：防空避難室兼停車空間、台電配電場所、發電機室、消防泵浦、管委會使用空間、停車空間、梯間等７項,鋼筋混凝土造,113年11月28日,八層,,持分移轉
RPVPMLPJKHKGFBG58DA,,18.68,本共有部分之項目有：梯間、機房、水箱等３項,鋼筋混凝土造,113年11月28日,六層,,持分移轉
RPTRMLLKKHKGFAG18DA,,82.51,集合住宅,鋼筋混凝土（ＲＣ）,113年11月29日,十一層,九層 陽台,全筆移轉
RPTRMLLKKHKGFAG18DA,,72.62,本共有部分之項目有停車空間、機房、防空避難室兼停車空間、台電配電室、公共服務空間、管委會使用空間、樓電梯間、樓梯間、水箱、電梯機械室等１０項。,鋼筋混凝土（ＲＣ）,113年11月29日,十一層,,持分移轉
RPSOMLSKKHKGFAG48DA,,319.15,農舍,鋼筋混凝土造,113年12月25日,三層,一層 二層 三層 陽台,全筆移轉
RPTNMLLKKHKGFAG77DA,,55.23,集合住宅,鋼筋混凝土（ＲＣ）,113年10月29日,四層,一層,全筆移轉
RPTNMLLKKHKGFAG77DA,,14.15,本共有部分之項目有：樓梯間、梯廳、安全梯、無障礙電梯等４項,鋼筋混凝土（ＲＣ）,113年10月29日,四層,,持分移轉
RPSNMLLKKHKGFAG67DA,,79.51,集合住宅,鋼筋混凝土（ＲＣ）,113年10月29日,四層,四層 陽台,全筆移轉
RPSNMLLKKHKGFAG67DA,,20.22,本共有部分之項目有：樓梯間、梯廳、安全梯、無障礙電梯等４項,鋼筋混凝土（ＲＣ）,113年10月29日,四層,,持分移轉
RPSOMLLKKHKGFAG77DA,,65.02,集合住宅,鋼筋混凝土（ＲＣ）,113年10月29日,四層,四層 陽台,全筆移轉
RPSOMLLKKHKGFAG77DA,,16.58,本共有部分之項目有：樓梯間、梯廳、安全梯、無障礙電梯等４項,鋼筋混凝土（ＲＣ）,113年10月29日,四層,,持分移轉
RPUNMLLKKHKGFAG87DA,,58.77,集合住宅,鋼筋混凝土（ＲＣ）,113年10月29日,四層,二層 陽台,全筆移轉
RPUNMLLKKHKGFAG87DA,,15.11,本共有部分之項目有：樓梯間、梯廳、安全梯、無障礙電梯等４項,鋼筋混凝土（ＲＣ）,113年10月29日,四層,,持分移轉
RPUOMLLKKHKGFAG97DA,,64.30,集合住宅,鋼筋混凝土（ＲＣ）,113年10月29日,四層,二層 陽台,全筆移轉
RPUOMLLKKHKGFAG97DA,,16.43,本共有部分之項目有：樓梯間、梯廳、安全梯、無障礙電梯等４項,鋼筋混凝土（ＲＣ）,113年10月29日,四層,,持分移轉
RPRPMLQJKHKGFBG28DA,,79.05,集合住宅,鋼筋混凝土造,113年12月13日,六層,三層 陽台,全筆移轉
RPRPMLQJKHKGFBG28DA,,46.32,本共有部分之項目有：騎樓、停車空間、樓梯間、機械室等４項,鋼筋混凝土造,113年12月13日,六層,,持分移轉
RPSNMLOLJHKGFBG08DA,32,87.00,住家用,鋼筋混凝土造,81年12月15日,五層,三層 陽台,全筆移轉
RPSPMLQJKHKGFBG38DA,,66.11,集合住宅,鋼筋混凝土造,113年12月13日,六層,四層 陽台,全筆移轉
RPSPMLQJKHKGFBG38DA,,38.37,本共有部分之項目有：騎樓、停車空間、樓梯間、機械室等４項,鋼筋混凝土造,113年12月13日,六層,,持分移轉
RPQNMLLKKHKGFAG47DA,,72.48,集合住宅,鋼筋混凝土（ＲＣ）,113年10月29日,四層,一層,全筆移轉
RPQNMLLKKHKGFAG47DA,,18.30,本共有部分之項目有：樓梯間、梯廳、安全梯、無障礙電梯等４項,鋼筋混凝土（ＲＣ）,113年10月29日,四層,,持分移轉
RPVNMLLKKHKGFAG97DA,,58.77,集合住宅,鋼筋混凝土（ＲＣ）,113年10月29日,四層,四層 陽台,全筆移轉
RPVNMLLKKHKGFAG97DA,,15.11,本共有部分之項目有：樓梯間、梯廳、安全梯、無障礙電梯等４項,鋼筋混凝土（ＲＣ）,113年10月29日,四層,,持分移轉
RPRNMLLKKHKGFAG57DA,,79.51,集合住宅,鋼筋混凝土（ＲＣ）,113年10月29日,四層,二層 陽台,全筆移轉
RPRNMLLKKHKGFAG57DA,,20.22,本共有部分之項目有：樓梯間、梯廳、安全梯、無障礙電梯等４項,鋼筋混凝土（ＲＣ）,113年10月29日,四層,,持分移轉
RPPOMLLKKHKGFAG47DA,,65.02,集合住宅,鋼筋混凝土（ＲＣ）,113年10月29日,四層,二層 陽台,全筆移轉
RPPOMLLKKHKGFAG47DA,,16.58,本共有部分之項目有：樓梯間、梯廳、安全梯、無障礙電梯等４項,鋼筋混凝土（ＲＣ）,113年10月29日,四層,,持分移轉
RPWNMLLKKHKGFAG08DA,,54.82,集合住宅,鋼筋混凝土（ＲＣ）,113年10月29日,四層,一層,全筆移轉
RPWNMLLKKHKGFAG08DA,,13.95,本共有部分之項目有：樓梯間、梯廳、安全梯、無障礙電梯等４項,鋼筋混凝土（ＲＣ）,113年10月29日,四層,,持分移轉
RPTOMLLKKHKGFAG87DA,,59.21,集合住宅,鋼筋混凝土（ＲＣ）,113年10月29日,四層,一層,全筆移轉
RPTOMLLKKHKGFAG87DA,,15.06,本共有部分之項目有：樓梯間、梯廳、安全梯、無障礙電梯等４項,鋼筋混凝土（ＲＣ）,113年10月29日,四層,,持分移轉
RPXOMLLKKHKGFAG28DA,,60.65,集合住宅,鋼筋混凝土（ＲＣ）,113年10月29日,四層,二層 陽台,全筆移轉
RPXOMLLKKHKGFAG28DA,,15.57,本共有部分之項目有：樓梯間、梯廳、安全梯、無障礙電梯等４項,鋼筋混凝土（ＲＣ）,113年10月29日,四層,,持分移轉
RPWOMLLKKHKGFAG18DA,,55.00,集合住宅,鋼筋混凝土（ＲＣ）,113年10月29日,四層,一層,全筆移轉
RPWOMLLKKHKGFAG18DA,,14.05,本共有部分之項目有：樓梯間、梯廳、安全梯、無障礙電梯等４項,鋼筋混凝土（ＲＣ）,113年10月29日,四層,,持分移轉
RPWTMLLKKHKGFAG68DA,,60.90,集合住宅,鋼筋混凝土（ＲＣ）,113年11月29日,十一層,七層 陽台,全筆移轉
RPWTMLLKKHKGFAG68DA,,61.97,本共有部分之項目有停車空間、機房、防空避難室兼停車空間、台電配電室、公共服務空間、管委會使用空間、樓電梯間、樓梯間、水箱、電梯機械室等１０項。,鋼筋混凝土（ＲＣ）,113年11月29日,十一層,,持分移轉
RPPPMLLKKHKGFAG57DA,,60.65,集合住宅,鋼筋混凝土（ＲＣ）,113年10月29日,四層,四層 陽台,全筆移轉
RPPPMLLKKHKGFAG57DA,,15.57,本共有部分之項目有：樓梯間、梯廳、安全梯、無障礙電梯等４項,鋼筋混凝土（ＲＣ）,113年10月29日,四層,,持分移轉
RPSPMLLKKHKGFAG87DA,,60.43,集合住宅,鋼筋混凝土（ＲＣ）,113年10月29日,四層,四層 陽台,全筆移轉
RPSPMLLKKHKGFAG87DA,,15.47,本共有部分之項目有：樓梯間、梯廳、安全梯、無障礙電梯等４項,鋼筋混凝土（ＲＣ）,113年10月29日,四層,,持分移轉
RPPOMLPJKHKGFBG87DA,28,17.93,共有部份,鋼筋混凝土造,85年6月14日,七層,,持分移轉
RPPOMLPJKHKGFBG87DA,28,94.87,住家用,鋼筋混凝土造,85年6月14日,七層,七層 陽台,全筆移轉
RPTSMLLKKHKGFAG28DA,,82.51,集合住宅,鋼筋混凝土（ＲＣ）,113年11月29日,十一層,五層 陽台,全筆移轉
RPTSMLLKKHKGFAG28DA,,72.62,本共有部分之項目有停車空間、機房、防空避難室兼停車空間、台電配電室、公共服務空間、管委會使用空間、樓電梯間、樓梯間、水箱、電梯機械室等１０項。,鋼筋混凝土（ＲＣ）,113年11月29日,十一層,,持分移轉
RPRSMLLKKHKGFAG08DA,,82.51,集合住宅,鋼筋混凝土（ＲＣ）,113年11月29日,十一層,十層 陽台,全筆移轉
RPRSMLLKKHKGFAG08DA,,72.62,本共有部分之項目有停車空間、機房、防空避難室兼停車空間、台電配電室、公共服務空間、管委會使用空間、樓電梯間、樓梯間、水箱、電梯機械室等１０項。,鋼筋混凝土（ＲＣ）,113年11月29日,十一層,,持分移轉
RPPPMLQJKHKGFBG08DA,,66.11,集合住宅,鋼筋混凝土造,113年12月13日,六層,三層 陽台,全筆移轉
RPPPMLQJKHKGFBG08DA,,38.37,本共有部分之項目有：騎樓、停車空間、樓梯間、機械室等４項,鋼筋混凝土造,113年12月13日,六層,,持分移轉
RPPOMLLKIIJGFAG27DA,,354.06,農舍,鋼筋混凝土造,113年7月3日,三層,一層 二層 三層 陽台,全筆移轉
RPQOMLKKKHKGFAG47DA,23,436.39,工業用,鋼筋混凝土造,90年4月4日,一層,一層,全筆移轉
RPQOMLKKKHKGFAG47DA,24,441.27,工業用,鋼筋混凝土造,89年4月7日,一層,一層,全筆移轉
RPQOMLKKKHKGFAG47DA,22,517.23,工業用,鋼筋混凝土造,91年6月13日,一層,一層 陽台,全筆移轉
RPQOMLKKKHKGFAG47DA,46,1670.33,倉庫．廠房．員工宿舍,Ｒ．Ｃ加強磚造．鋼筋混凝土造．鋼架造,67年12月20日,二層,一層 二層 地下層,全筆移轉
RPVNMLRJKHKGFBG58DA,,66.11,集合住宅,鋼筋混凝土造,113年12月13日,六層,六層 陽台,全筆移轉
RPVNMLRJKHKGFBG58DA,,38.37,本共有部分之項目有：騎樓、停車空間、樓梯間、機械室等４項,鋼筋混凝土造,113年12月13日,六層,,持分移轉
RPWOMLLKKHKGFBG28DA,,429.30,農舍,鋼筋混凝土造,114年1月14日,三層,一層 二層 三層 陽台,全筆移轉
RPUNMLRJKHKGFBG48DA,,66.11,集合住宅,鋼筋混凝土造,113年12月13日,六層,六層 陽台,全筆移轉
RPUNMLRJKHKGFBG48DA,,38.37,本共有部分之項目有：騎樓、停車空間、樓梯間、機械室等４項,鋼筋混凝土造,113年12月13日,六層,,持分移轉
RPQPMLQJKHKGFBG18DA,,53.53,集合住宅,鋼筋混凝土造,113年12月13日,六層,三層 陽台,全筆移轉
RPQPMLQJKHKGFBG18DA,,31.53,本共有部分之項目有：騎樓、停車空間、樓梯間、機械室等４項,鋼筋混凝土造,113年12月13日,六層,,持分移轉
RPTNMLRJKHKGFBG38DA,,71.27,集合住宅,鋼筋混凝土造,113年12月13日,六層,五層 陽台,全筆移轉
RPTNMLRJKHKGFBG38DA,,42.18,本共有部分之項目有：騎樓、停車空間、樓梯間、機械室等４項,鋼筋混凝土造,113年12月13日,六層,,持分移轉
RPXNMLRJKHKGFBG78DA,,71.27,集合住宅,鋼筋混凝土造,113年12月13日,六層,六層 陽台,全筆移轉
RPXNMLRJKHKGFBG78DA,,42.18,本共有部分之項目有：騎樓、停車空間、樓梯間、機械室等４項,鋼筋混凝土造,113年12月13日,六層,,持分移轉
RPWNMLRJKHKGFBG68DA,,53.53,集合住宅,鋼筋混凝土造,113年12月13日,六層,六層 陽台,全筆移轉
RPWNMLRJKHKGFBG68DA,,31.53,本共有部分之項目有：騎樓、停車空間、樓梯間、機械室等４項,鋼筋混凝土造,113年12月13日,六層,,持分移轉
RPUPMLQJKHKGFBG58DA,,53.53,集合住宅,鋼筋混凝土造,113年12月13日,六層,四層 陽台,全筆移轉
RPUPMLQJKHKGFBG58DA,,31.53,本共有部分之項目有：騎樓、停車空間、樓梯間、機械室等４項,鋼筋混凝土造,113年12月13日,六層,,持分移轉
RPPNMLRJKHKGFBG97DA,,71.27,集合住宅,鋼筋混凝土造,113年12月13日,六層,四層 陽台,全筆移轉
RPPNMLRJKHKGFBG97DA,,42.18,本共有部分之項目有：騎樓、停車空間、樓梯間、機械室等４項,鋼筋混凝土造,113年12月13日,六層,,持分移轉
RPQNMLRJKHKGFBG08DA,,66.11,集合住宅,鋼筋混凝土造,113年12月13日,六層,五層 陽台,全筆移轉
RPQNMLRJKHKGFBG08DA,,38.37,本共有部分之項目有：騎樓、停車空間、樓梯間、機械室等４項,鋼筋混凝土造,113年12月13日,六層,,持分移轉
RPRNMLRJKHKGFBG18DA,,66.11,集合住宅,鋼筋混凝土造,113年12月13日,六層,五層 陽台,全筆移轉
RPRNMLRJKHKGFBG18DA,,38.37,本共有部分之項目有：騎樓、停車空間、樓梯間、機械室等４項,鋼筋混凝土造,113年12月13日,六層,,持分移轉
RPSNMLRJKHKGFBG28DA,,53.53,集合住宅,鋼筋混凝土造,113年12月13日,六層,五層 陽台,全筆移轉
RPSNMLRJKHKGFBG28DA,,31.53,本共有部分之項目有：騎樓、停車空間、樓梯間、機械室等４項,鋼筋混凝土造,113年12月13日,六層,,持分移轉
RPTPMLQJKHKGFBG48DA,,66.11,集合住宅,鋼筋混凝土造,113年12月13日,六層,四層 陽台,全筆移轉
RPTPMLQJKHKGFBG48DA,,38.37,本共有部分之項目有：騎樓、停車空間、樓梯間、機械室等４項,鋼筋混凝土造,113年12月13日,六層,,持分移轉
RPOPMLQJKHKGFBG97DA,,66.11,集合住宅,鋼筋混凝土造,113年12月13日,六層,三層 陽台,全筆移轉
RPOPMLQJKHKGFBG97DA,,38.37,本共有部分之項目有：騎樓、停車空間、樓梯間、機械室等４項,鋼筋混凝土造,113年12月13日,六層,,持分移轉
RPXPMLPJKHKGFBG78DA,,60.52,集合住宅,鋼筋混凝土造,113年11月28日,六層,三層 陽台,全筆移轉
RPXPMLPJKHKGFBG78DA,,40.63,本共有部分之項目有：防空避難室兼停車空間、台電配電場所、發電機室、消防泵浦、管委會使用空間、停車空間、梯間等７項,鋼筋混凝土造,113年11月28日,八層,,持分移轉
RPXPMLPJKHKGFBG78DA,,18.83,本共有部分之項目有：梯間、機房、水箱等３項,鋼筋混凝土造,113年11月28日,六層,,持分移轉
RPTQMLPJKHKGFBG48DA,,60.52,集合住宅,鋼筋混凝土造,113年11月28日,六層,五層 陽台,全筆移轉
RPTQMLPJKHKGFBG48DA,,40.63,本共有部分之項目有：防空避難室兼停車空間、台電配電場所、發電機室、消防泵浦、管委會使用空間、停車空間、梯間等７項,鋼筋混凝土造,113年11月28日,八層,,持分移轉
RPTQMLPJKHKGFBG48DA,,18.83,本共有部分之項目有：梯間、機房、水箱等３項,鋼筋混凝土造,113年11月28日,六層,,持分移轉
RPRQMLPJKHKGFBG28DA,,60.52,集合住宅,鋼筋混凝土造,113年11月28日,六層,四層 陽台,全筆移轉
RPRQMLPJKHKGFBG28DA,,40.63,本共有部分之項目有：防空避難室兼停車空間、台電配電場所、發電機室、消防泵浦、管委會使用空間、停車空間、梯間等７項,鋼筋混凝土造,113年11月28日,八層,,持分移轉
RPRQMLPJKHKGFBG28DA,,18.83,本共有部分之項目有：梯間、機房、水箱等３項,鋼筋混凝土造,113年11月28日,六層,,持分移轉
RPPQMLPJKHKGFBG08DA,,59.40,集合住宅,鋼筋混凝土造,113年11月28日,六層,三層 陽台,全筆移轉
RPPQMLPJKHKGFBG08DA,,40.56,本共有部分之項目有：防空避難室兼停車空間、台電配電場所、發電機室、消防泵浦、管委會使用空間、停車空間、梯間等７項,鋼筋混凝土造,113年11月28日,八層,,持分移轉
RPPQMLPJKHKGFBG08DA,,18.68,本共有部分之項目有：梯間、機房、水箱等３項,鋼筋混凝土造,113年11月28日,六層,,持分移轉
RPVQMLPJKHKGFBG68DA,,60.52,集合住宅,鋼筋混凝土造,113年11月28日,六層,三層 陽台,全筆移轉
RPVQMLPJKHKGFBG68DA,,40.63,本共有部分之項目有：防空避難室兼停車空間、台電配電場所、發電機室、消防泵浦、管委會使用空間、停車空間、梯間等７項,鋼筋混凝土造,113年11月28日,八層,,持分移轉
RPVQMLPJKHKGFBG68DA,,18.83,本共有部分之項目有：梯間、機房、水箱等３項,鋼筋混凝土造,113年11月28日,六層,,持分移轉
