﻿編號,土地位置,土地移轉面積平方公尺,使用分區或編定,權利人持分分母,權利人持分分子,移轉情形,地號
The serial number, land position,land shifting area square meter,the use zoning or compiles and checks,,,,land parcel
RPPNMLNKJHKGFBH77DB,甘泉段,16.50,都市：住,100000,687,持分移轉,03290000
RPVNMLLKJHKGFBH18DB,甘泉段,16.50,都市：住,100000,687,持分移轉,03290000
RPSNMLPKJHKGFBH18CB,豐興段,15.61,都市：住,100000,259,持分移轉,00530000
RPQNMLRKJHKGFBH18CB,豐興段,3.86,都市：住,100000,339,持分移轉,00190000
RPQNMLRKJHKGFBH18CB,豐興段,11.15,都市：住,100000,339,持分移轉,00230000
RPQNMLOKJHKGFBH87CB,前寮段,25.58,都市：住,100000,567,持分移轉,14760000
RPRNMLRKJHKGFBH28CB,豐興段,13.00,都市：住,100000,786,持分移轉,02230000
RPSNMLRKJHKGFBH38CB,豐興段,13.00,都市：住,100000,786,持分移轉,02230000
RPSNMLNKJHKGFFH38CB,興仁段,15.84,都市：住,100000,287,持分移轉,03890000
RPQNMLOKJHKGFFH28CB,明智段,14.54,都市：住,100000,571,持分移轉,00110000
RPQNMLOKJHKGFFH28CB,桃德段,.53,都市：住,100000,571,持分移轉,04250000
RPQNMLOKJHKGFFH28CB,桃德段,.25,都市：住,100000,571,持分移轉,04380000
RPQNMLOKJHKGFFH28CB,桃德段,.81,都市：住,100000,571,持分移轉,05170000
RPWNMLNKJHKGFDH58CB,頭重溪段,23.20,都市：住,100000,340,持分移轉,02020000
RPRNMLRKJHKGFDH48CB,頭重溪段,25.32,都市：住,100000,371,持分移轉,02020000
RPQNMLRKJHKGFDH38CB,頭重溪段,25.04,都市：住,100000,367,持分移轉,02020000
RPPNMLRKJHKGFDH28CB,頭重溪段,23.20,都市：住,100000,340,持分移轉,02020000
RPPNMLSKJHKGFBH18CB,豐興段,5.82,都市：住,100000,511,持分移轉,00190000
RPPNMLSKJHKGFBH18CB,豐興段,16.80,都市：住,100000,511,持分移轉,00230000
RPQNMLSKJHKGFBH28CB,豐興段,5.54,都市：住,100000,486,持分移轉,00190000
RPQNMLSKJHKGFBH28CB,豐興段,15.98,都市：住,100000,486,持分移轉,00230000
RPSNMLSKJHKGFBH48CB,上嶺段,4.60,非都市：特定農業區 ; 非都市編定：甲種建築用地,100000,1485,持分移轉,10620003
RPSNMLSKJHKGFBH48CB,上嶺段,19.90,非都市：特定農業區 ; 非都市編定：甲種建築用地,100000,1485,持分移轉,10620004
RPRNMLMKJHKGFDH97CB,頭重溪段,25.04,都市：住,100000,367,持分移轉,02020000
RPRNMLOKJHKGFEH28CB,青峰段,31.88,都市：住,100000,837,持分移轉,02540000
RPRNMLPKJHKGFEH38CB,河底段,3.29,都市：住,100000,638,持分移轉,07470000
RPRNMLPKJHKGFEH38CB,河底段,1.57,都市：住,100000,638,持分移轉,07480000
RPRNMLPKJHKGFEH38CB,河底段,1.72,都市：住,100000,638,持分移轉,07490000
RPRNMLPKJHKGFEH38CB,河底段,7.92,都市：住,100000,638,持分移轉,07500000
RPRNMLPKJHKGFEH38CB,河底段,1.06,都市：住,100000,638,持分移轉,07540000
RPRNMLPKJHKGFEH38CB,河底段,.08,都市：住,100000,638,持分移轉,07550000
RPRNMLPKJHKGFEH38CB,河底段,4.83,都市：住,100000,638,持分移轉,07560000
RPRNMLPKJHKGFEH38CB,河底段,.12,都市：住,100000,638,持分移轉,07570000
RPRNMLPKJHKGFEH38CB,河底段,.55,都市：住,100000,638,持分移轉,07580000
RPPNMLTKJHKGFDH48CB,頭重溪段,31.05,都市：住,100000,455,持分移轉,02020000
RPQNMLTKJHKGFBH48DB,甘泉段,23.77,都市：住,100000,990,持分移轉,03290000
RPPNMLSKJHKGFFH58CB,豐田段,34.19,都市：住,100000,2779,持分移轉,14020000
RPPNMLRKJHKGFGH58CB,東金段,27.36,非都市：一般農業區 ; 非都市編定：甲種建築用地,10000,102,持分移轉,12250000
RPPNMLRKJHKGFGH58CB,東金段,2.95,非都市：一般農業區 ; 非都市編定：農牧用地,10000,10,持分移轉,12120002
RPQNMLKLJHKGFBH57CB,大堀段,25.16,非都市：特定農業區 ; 非都市編定：甲種建築用地,100000,3594,持分移轉,14330001
RPWNMLTKJHKGFAH88CB,國強段,25.47,都市：住,100000,345,持分移轉,04180000
RPOOMLTKJHKGFAH18CB,國強段,19.56,都市：住,100000,265,持分移轉,04180000
RPXNMLTKJHKGFAH98CB,國強段,25.47,都市：住,100000,345,持分移轉,04180000
RPSNMLMKJHKGFDH08CB,頭重溪段,25.45,都市：住,100000,373,持分移轉,02020000
RPPNMLKLJHKGFDH67CB,草湳坡段埔心小段,21.28,都市：住,100000,722,持分移轉,00540001
RPPNMLKLJHKGFDH67CB,草湳坡段埔心小段,8.34,都市：住,100000,722,持分移轉,00540019
RPPNMLKLJHKGFDH67CB,草湳坡段埔心小段,2.35,都市：住,100000,722,持分移轉,00540012
RPSNMLKLJHKGFDH97CB,草湳坡段埔心小段,17.10,都市：住,100000,580,持分移轉,00540001
RPSNMLKLJHKGFDH97CB,草湳坡段埔心小段,6.70,都市：住,100000,580,持分移轉,00540019
RPSNMLKLJHKGFDH97CB,草湳坡段埔心小段,1.89,都市：住,100000,580,持分移轉,00540012
RPQNMLKLJHKGFDH77CB,草湳坡段埔心小段,21.28,都市：住,100000,722,持分移轉,00540001
RPRNMLKLJHKGFDH87CB,草湳坡段埔心小段,17.10,都市：住,100000,580,持分移轉,00540001
RPQNMLKLJHKGFDH77CB,草湳坡段埔心小段,8.34,都市：住,100000,722,持分移轉,00540019
RPRNMLKLJHKGFDH87CB,草湳坡段埔心小段,6.70,都市：住,100000,580,持分移轉,00540019
RPQNMLKLJHKGFDH77CB,草湳坡段埔心小段,2.35,都市：住,100000,722,持分移轉,00540012
RPRNMLKLJHKGFDH87CB,草湳坡段埔心小段,1.89,都市：住,100000,580,持分移轉,00540012
RPWNMLKLJHKGFDH38CB,員富段,22.48,都市：住,100000,6225,持分移轉,02300000
RPRNMLKLJHKGFEH97CB,和平段,21.53,非都市：特定農業區 ; 非都市編定：甲種建築用地,100000,750,持分移轉,03860000
RPRNMLKLJHKGFEH97CB,和平段,5.92,非都市：特定農業區 ; 非都市編定：農牧用地,124,1,持分移轉,03890000
RPUNMLKLJHKGFEH28CB,客運二段,19.39,都市：住,100000,793,持分移轉,01520000
RPTNMLKLJHKGFAH77CB,三民段,18.86,都市：住,100000,667,持分移轉,02230000
RPPNMLLLJHKGFBH57CB,草福段,24.75,都市：住,100000,4895,持分移轉,05110000
RPTNMLLLJHKGFBH97CB,中工段,62.17,非都市：工業區 ; 非都市編定：丁種建築用地,100000,965,持分移轉,02390000
RPVNMLKLJHKGFEH38CB,客運二段,19.68,都市：住,100000,805,持分移轉,01520000
RPOOMLKLJHKGFEH77CB,青山段,25.06,都市：住,100000,636,持分移轉,02680000
RPRNMLLLJHKGFCH87CB,石門段,31.67,都市：商,10000,485,持分移轉,03140000
RPUNMLLLJHKGFAH97CB,桃園段武陵小段,.10,都市：商,100000,374,持分移轉,00310005
RPUNMLLLJHKGFAH97CB,桃園段武陵小段,.29,都市：商,100000,374,持分移轉,00310012
RPUNMLLLJHKGFAH97CB,桃園段武陵小段,.29,都市：商,100000,374,持分移轉,00310013
RPUNMLLLJHKGFAH97CB,桃園段武陵小段,.09,都市：商,100000,374,持分移轉,00310024
RPUNMLLLJHKGFAH97CB,桃園段武陵小段,.09,都市：商,100000,374,持分移轉,00310025
RPUNMLLLJHKGFAH97CB,桃園段武陵小段,.25,都市：商,100000,374,持分移轉,00310026
RPUNMLLLJHKGFAH97CB,桃園段武陵小段,.12,都市：商,100000,374,持分移轉,00310027
RPUNMLLLJHKGFAH97CB,桃園段武陵小段,2.85,都市：商,100000,374,持分移轉,01830000
RPUNMLLLJHKGFAH97CB,桃園段武陵小段,.53,都市：商,100000,374,持分移轉,01850000
RPUNMLLLJHKGFAH97CB,桃園段武陵小段,.28,都市：商,100000,374,持分移轉,01860000
RPUNMLLLJHKGFAH97CB,桃園段武陵小段,.16,都市：商,100000,374,持分移轉,01860001
RPUNMLLLJHKGFAH97CB,桃園段武陵小段,2.94,都市：商,100000,374,持分移轉,01900000
RPUNMLLLJHKGFAH97CB,桃園段武陵小段,.79,都市：商,100000,374,持分移轉,01940000
RPUNMLLLJHKGFAH97CB,桃園段武陵小段,.16,都市：商,100000,374,持分移轉,01940001
RPUNMLLLJHKGFAH97CB,桃園段武陵小段,.34,都市：商,100000,374,持分移轉,01950000
RPUNMLLLJHKGFAH97CB,桃園段武陵小段,.34,都市：商,100000,374,持分移轉,01960000
RPUNMLLLJHKGFAH97CB,桃園段武陵小段,.30,都市：商,100000,374,持分移轉,01970000
RPTNMLLLJHKGFAH87CB,新埔段,17.17,都市：住,100000,1033,持分移轉,12990000
RPRNMLLLJHKGFAH67CB,三民段,1.88,都市：住,100000,833,持分移轉,02460000
RPRNMLLLJHKGFAH67CB,三民段,2.04,都市：住,100000,833,持分移轉,02470000
RPRNMLLLJHKGFAH67CB,三民段,2.04,都市：住,100000,833,持分移轉,02480000
RPRNMLLLJHKGFAH67CB,三民段,2.24,都市：住,100000,833,持分移轉,02490000
RPRNMLLLJHKGFAH67CB,三民段,2.71,都市：住,100000,833,持分移轉,02510000
RPRNMLLLJHKGFAH67CB,三民段,1.79,都市：住,100000,833,持分移轉,02520000
RPRNMLLLJHKGFAH67CB,三民段,1.59,都市：住,100000,833,持分移轉,02530000
RPRNMLLLJHKGFAH67CB,三民段,1.60,都市：住,100000,833,持分移轉,02540000
RPRNMLLLJHKGFAH67CB,三民段,1.85,都市：住,100000,833,持分移轉,02550000
RPRNMLLLJHKGFAH67CB,三民段,2.86,都市：住,100000,833,持分移轉,02560000
RPPNMLLLJHKGFGH08CB,東金段,22.26,非都市：一般農業區 ; 非都市編定：甲種建築用地,10000,83,持分移轉,12250000
RPPNMLLLJHKGFGH08CB,東金段,2.36,非都市：一般農業區 ; 非都市編定：農牧用地,10000,8,持分移轉,12120002
RPPNMLLLJHKGFFH97CB,福興段,11.83,都市：住,100000,1231,持分移轉,08090000
RPPNMLLLJHKGFFH97CB,福興段,5.54,都市：住,100000,1231,持分移轉,08100000
RPPNMLLLJHKGFFH97CB,福興段,5.54,都市：住,100000,1231,持分移轉,08110000
RPPNMLLLJHKGFFH97CB,福興段,4.03,都市：住,100000,1231,持分移轉,08120000
RPQNMLLLJHKGFFH08CB,福興段,10.31,都市：住,100000,1073,持分移轉,08090000
RPQNMLLLJHKGFFH08CB,福興段,4.83,都市：住,100000,1073,持分移轉,08100000
RPQNMLLLJHKGFFH08CB,福興段,4.83,都市：住,100000,1073,持分移轉,08110000
RPQNMLLLJHKGFFH08CB,福興段,3.52,都市：住,100000,1073,持分移轉,08120000
RPUNMLLLJHKGFFH48CB,同福段,7.04,都市：住,100000,1201,持分移轉,05050000
RPUNMLLLJHKGFFH48CB,同福段,2.68,都市：住,100000,1201,持分移轉,05060000
RPUNMLLLJHKGFFH48CB,同福段,4.99,都市：住,100000,1201,持分移轉,05060001
RPSNMLLLJHKGFFH28CB,同福段,7.04,都市：住,100000,1201,持分移轉,05050000
RPSNMLLLJHKGFFH28CB,同福段,2.68,都市：住,100000,1201,持分移轉,05060000
RPSNMLLLJHKGFFH28CB,同福段,4.99,都市：住,100000,1201,持分移轉,05060001
RPPNMLMLJHKGFAH57CB,中路二段,28.27,都市：住,100000,469,持分移轉,00010000
RPPNMLMLJHKGFAH57CB,中路二段,.93,都市：住,100000,469,持分移轉,00010001
RPQNMLMLJHKGFAH67CB,中路二段,24.71,都市：住,100000,410,持分移轉,00010000
RPQNMLMLJHKGFAH67CB,中路二段,.81,都市：住,100000,410,持分移轉,00010001
RPPNMLTKJHKGFCH38CB,三坑段,50.25,都市：住,10000,371,持分移轉,03840000
RPPNMLTKJHKGFCH38CB,三坑段,2.85,都市：住,10000,371,持分移轉,03900000
RPPNMLRKJHKGFCH18CB,石門段,16.03,都市：其他:旅館區,10000,82,持分移轉,00130000
RPOOMLMLJHKGFAH57CB,中路二段,42.08,都市：住,100000,930,持分移轉,01120000
RPTNMLMLJHKGFEH38CB,客運二段,33.27,都市：住,100000,1109,持分移轉,01490000
RPRNMLMLJHKGFEH18CB,客運二段,29.13,都市：住,100000,1283,持分移轉,01230000
RPVNMLKLJHKGFAH97CB,三民段,18.86,都市：住,100000,667,持分移轉,02230000
RPQNMLLLJHKGFEH97CB,客運二段,8.17,都市：住,100000,945,持分移轉,01540000
RPQNMLLLJHKGFEH97CB,客運二段,14.96,都市：住,100000,945,持分移轉,01550000
RPPNMLTKJHKGFAH28DB,三民段,19.13,都市：住,1000000,8314,持分移轉,01680000
RPQOMLNLJHKGFAH87CB,水汴頭段,13.83,都市：商,10000,102,持分移轉,00020000
RPPNMLNLJHKGFBH77CB,忠愛段,23.01,非都市：特定農業區 ; 非都市編定：甲種建築用地,10000,94,持分移轉,07860000
RPPNMLNLJHKGFBH77CB,忠愛段,4.70,非都市：特定農業區 ; 非都市編定：農牧用地,10000,94,持分移轉,07810002
RPQNMLNLJHKGFBH87CB,忠愛段,23.01,非都市：特定農業區 ; 非都市編定：甲種建築用地,10000,94,持分移轉,07860000
RPQNMLNLJHKGFBH87CB,忠愛段,4.70,非都市：特定農業區 ; 非都市編定：農牧用地,10000,94,持分移轉,07810002
RPRNMLNLJHKGFBH97CB,忠愛段,23.01,非都市：特定農業區 ; 非都市編定：甲種建築用地,10000,94,持分移轉,07860000
RPRNMLNLJHKGFBH97CB,忠愛段,4.70,非都市：特定農業區 ; 非都市編定：農牧用地,10000,94,持分移轉,07810002
RPPNMLMLJHKGFHH28CB,善捷段,15.57,都市：住,100000,236,持分移轉,01330000
RPQNMLMLJHKGFHH38CB,善捷段,11.42,都市：住,100000,173,持分移轉,01330000
RPPNMLNLJHKGFEH08CB,大新段,10.13,都市：商,100000,230,持分移轉,02380000
RPQNMLNLJHKGFEH18CB,客運一段,15.90,都市：商,100000,116,持分移轉,00540000
RPRNMLNLJHKGFEH28CB,客運一段,10.15,都市：商,100000,74,持分移轉,00540000
RPTNMLNLJHKGFEH48CB,客運一段,9.73,都市：商,100000,71,持分移轉,00540000
RPUNMLNLJHKGFEH58CB,客運一段,11.52,都市：商,100000,84,持分移轉,00540000
RPWNMLNLJHKGFEH78CB,客運一段,10.15,都市：商,100000,74,持分移轉,00540000
RPPNMLNLJHKGFCH87CB,石門段,8.60,都市：其他:旅館區,10000,44,持分移轉,00130000
RPRNMLOLJHKGFAH97CB,中路二段,23.57,都市：住,100000,391,持分移轉,00010000
RPRNMLOLJHKGFAH97CB,中路二段,.78,都市：住,100000,391,持分移轉,00010001
RPUNMLOLJHKGFAH28CB,法政段,40.05,都市：住,10000,224,持分移轉,07730000
RPQNMLOLJHKGFBH97CB,豐興段,24.78,都市：住,100000,411,持分移轉,00530000
RPRNMLOLJHKGFBH08CB,豐興段,15.80,都市：住,100000,262,持分移轉,00530000
RPQNMLOLJHKGFDH18CB,員富段,25.06,都市：住,100000,576,持分移轉,03100000
RPSNMLOLJHKGFDH38CB,下田心子段赤牛欄小段,24.42,非都市：特定農業區 ; 非都市編定：甲種建築用地,100000,621,持分移轉,08310000
RPSNMLOLJHKGFDH38CB,下田心子段赤牛欄小段,1.41,非都市：特定農業區 ; 非都市編定：農牧用地,1000000,1167,持分移轉,08330000
RPPNMLOLJHKGFEH18CB,客運二段,20.69,都市：住,100000,594,持分移轉,01180000
RPUNMLLLJHKGFEH48DB,聖德段,20.84,非都市：特定農業區 ; 非都市編定：甲種建築用地,100000,2542,持分移轉,06290005
RPUNMLLLJHKGFEH48DB,聖德段,2.18,非都市：特定農業區 ; 非都市編定：甲種建築用地,100000,2542,持分移轉,06290006
RPPNMLLLJHKGFEH97DB,聖德段,24.27,非都市：特定農業區 ; 非都市編定：甲種建築用地,100000,2961,持分移轉,06290005
RPPNMLLLJHKGFEH97DB,聖德段,2.54,非都市：特定農業區 ; 非都市編定：甲種建築用地,100000,2961,持分移轉,06290006
RPRNMLOLJHKGFEH38CB,客運二段,29.82,都市：住,100000,856,持分移轉,01180000
RPTNMLPLJHKGFEH68CB,客運一段,19.86,都市：住,100000,520,持分移轉,01220000
RPVNMLPLJHKGFEH88CB,客運一段,19.86,都市：住,100000,520,持分移轉,01220000
RPSNMLPLJHKGFEH58CB,客運一段,25.80,都市：住,100000,445,持分移轉,00890000
RPSNMLMLJHKGFHH58CB,善捷段,8.78,都市：住,100000,133,持分移轉,01330000
RPRNMLMLJHKGFHH48CB,善捷段,15.51,都市：住,100000,235,持分移轉,01330000
RPPNMLMLJHKGFDH97DB,高洲段,26.54,都市：住,10000,104,持分移轉,11860000
RPSNMLNJKHKGFDH18CB,頭重溪段,90.48,都市：住,10000,216,持分移轉,02040143
RPTNMLNJKHKGFBH08CB,草新段,4.66,都市：住,100000,388,持分移轉,02100000
RPTNMLNJKHKGFBH08CB,草新段,6.21,都市：住,100000,388,持分移轉,02110000
RPTNMLNJKHKGFBH08CB,草新段,4.85,都市：住,100000,388,持分移轉,02120000
RPTNMLNJKHKGFBH08CB,草新段,4.79,都市：住,100000,388,持分移轉,02130000
RPPNMLNJKHKGFFH08CB,明智段,19.56,都市：住,100000,768,持分移轉,00110000
RPPNMLNJKHKGFFH08CB,桃德段,.71,都市：住,100000,768,持分移轉,04250000
RPPNMLNJKHKGFFH08CB,桃德段,.34,都市：住,100000,768,持分移轉,04380000
RPPNMLNJKHKGFFH08CB,桃德段,1.08,都市：住,100000,768,持分移轉,05170000
RPVNMLLLJHKGFEH58DB,聖德段,19.68,非都市：特定農業區 ; 非都市編定：甲種建築用地,100000,2401,持分移轉,06290005
RPVNMLLLJHKGFEH58DB,聖德段,2.06,非都市：特定農業區 ; 非都市編定：甲種建築用地,100000,2401,持分移轉,06290006
RPQNMLNJKHKGFEH18DB,聖德段,18.94,非都市：特定農業區 ; 非都市編定：甲種建築用地,100000,2310,持分移轉,06290005
RPQNMLNJKHKGFEH18DB,聖德段,1.98,非都市：特定農業區 ; 非都市編定：甲種建築用地,100000,2310,持分移轉,06290006
RPWNMLLLJHKGFEH68DB,聖德段,18.37,非都市：特定農業區 ; 非都市編定：甲種建築用地,100000,2241,持分移轉,06290005
RPWNMLLLJHKGFEH68DB,聖德段,1.92,非都市：特定農業區 ; 非都市編定：甲種建築用地,100000,2241,持分移轉,06290006
RPUNMLNJKHKGFBH18CB,草新段,3.92,都市：住,100000,327,持分移轉,02100000
RPUNMLNJKHKGFBH18CB,草新段,5.23,都市：住,100000,327,持分移轉,02110000
RPUNMLNJKHKGFBH18CB,草新段,4.09,都市：住,100000,327,持分移轉,02120000
RPUNMLNJKHKGFBH18CB,草新段,4.04,都市：住,100000,327,持分移轉,02130000
RPWNMLNJKHKGFBH38CB,豐興段,24.48,都市：住,100000,811,持分移轉,02150000
RPPNMLOJKHKGFHH38CB,樂捷段,28.71,都市：住,100000,768,持分移轉,00770000
RPVNMLNJKHKGFBH28CB,大潭段小飯壢小段,31.42,非都市：一般農業區 ; 非都市編定：甲種建築用地,100000,3962,持分移轉,06130001
RPRNMLPJKHKGFFH48CB,茄苳段,12.35,都市：住,100000,135,持分移轉,04260000
RPWNMLPJKHKGFFH98CB,大發段,1.50,非都市：一般農業區 ; 非都市編定：甲種建築用地,100000,1516,持分移轉,05180000
RPWNMLPJKHKGFFH98CB,大發段,5.08,非都市：鄉村區 ; 非都市編定：乙種建築用地,100000,1516,持分移轉,05190000
RPWNMLPJKHKGFFH98CB,大發段,1.55,非都市：鄉村區 ; 非都市編定：乙種建築用地,100000,1516,持分移轉,05200000
RPWNMLPJKHKGFFH98CB,大發段,6.51,非都市：一般農業區 ; 非都市編定：甲種建築用地,100000,1516,持分移轉,05540001
RPWNMLPJKHKGFFH98CB,大發段,12.76,非都市：一般農業區 ; 非都市編定：甲種建築用地,100000,1516,持分移轉,05540003
RPTNMLPJKHKGFFH68CB,茄苳段,24.06,都市：住,100000,263,持分移轉,04260000
RPVNMLPJKHKGFFH88CB,大發段,1.50,非都市：一般農業區 ; 非都市編定：甲種建築用地,100000,1516,持分移轉,05180000
RPVNMLPJKHKGFFH88CB,大發段,5.08,非都市：鄉村區 ; 非都市編定：乙種建築用地,100000,1516,持分移轉,05190000
RPVNMLPJKHKGFFH88CB,大發段,1.55,非都市：鄉村區 ; 非都市編定：乙種建築用地,100000,1516,持分移轉,05200000
RPVNMLPJKHKGFFH88CB,大發段,6.51,非都市：一般農業區 ; 非都市編定：甲種建築用地,100000,1516,持分移轉,05540001
RPVNMLPJKHKGFFH88CB,大發段,12.76,非都市：一般農業區 ; 非都市編定：甲種建築用地,100000,1516,持分移轉,05540003
RPOOMLPJKHKGFFH28CB,大發段,1.18,非都市：一般農業區 ; 非都市編定：甲種建築用地,100000,1192,持分移轉,05180000
RPOOMLPJKHKGFFH28CB,大發段,3.99,非都市：鄉村區 ; 非都市編定：乙種建築用地,100000,1192,持分移轉,05190000
RPOOMLPJKHKGFFH28CB,大發段,1.22,非都市：鄉村區 ; 非都市編定：乙種建築用地,100000,1192,持分移轉,05200000
RPOOMLPJKHKGFFH28CB,大發段,5.12,非都市：一般農業區 ; 非都市編定：甲種建築用地,100000,1192,持分移轉,05540001
RPOOMLPJKHKGFFH28CB,大發段,10.04,非都市：一般農業區 ; 非都市編定：甲種建築用地,100000,1192,持分移轉,05540003
RPXNMLPJKHKGFFH09CB,大發段,1.71,非都市：一般農業區 ; 非都市編定：甲種建築用地,100000,1733,持分移轉,05180000
RPXNMLPJKHKGFFH09CB,大發段,5.81,非都市：鄉村區 ; 非都市編定：乙種建築用地,100000,1733,持分移轉,05190000
RPXNMLPJKHKGFFH09CB,大發段,1.77,非都市：鄉村區 ; 非都市編定：乙種建築用地,100000,1733,持分移轉,05200000
RPXNMLPJKHKGFFH09CB,大發段,7.44,非都市：一般農業區 ; 非都市編定：甲種建築用地,100000,1733,持分移轉,05540001
RPXNMLPJKHKGFFH09CB,大發段,14.59,非都市：一般農業區 ; 非都市編定：甲種建築用地,100000,1733,持分移轉,05540003
RPWNMLQJKHKGFAH58CB,中路二段,24.67,都市：住,100000,1246,持分移轉,00500000
RPXNMLQJKHKGFAH68CB,中路二段,24.67,都市：住,100000,1246,持分移轉,00500000
RPOOMLQJKHKGFAH87CB,中路二段,24.67,都市：住,100000,1246,持分移轉,00500000
RPPOMLQJKHKGFAH97CB,中路二段,24.67,都市：住,100000,1246,持分移轉,00500000
RPQOMLQJKHKGFAH08CB,中路二段,24.67,都市：住,100000,1246,持分移轉,00500000
RPROMLQJKHKGFAH18CB,中路二段,24.63,都市：住,100000,1244,持分移轉,00500000
RPTNMLQJKHKGFBH38CB,青昇段,59.71,都市：商,100000,855,持分移轉,04200000
RPUNMLQJKHKGFBH48CB,青昇段,50.91,都市：商,100000,729,持分移轉,04200000
RPVNMLQJKHKGFBH58CB,青昇段,40.36,都市：商,100000,578,持分移轉,04200000
RPSNMLQJKHKGFBH28CB,青昇段,39.60,都市：商,100000,567,持分移轉,04200000
RPRNMLQJKHKGFBH18CB,豐興段,22.01,都市：住,100000,365,持分移轉,00530000
RPSNMLQJKHKGFEH58CB,大興段,6.04,都市：住,100000,1007,持分移轉,00560000
RPSNMLQJKHKGFEH58CB,大興段,4.74,都市：住,100000,1007,持分移轉,00580000
RPSNMLQJKHKGFEH58CB,大興段,1.30,都市：住,100000,1007,持分移轉,00660000
RPSNMLQJKHKGFEH58CB,大興段,1.30,都市：住,100000,1007,持分移轉,00670000
RPSNMLQJKHKGFEH58CB,大興段,1.30,都市：住,100000,1007,持分移轉,00680000
RPSNMLQJKHKGFEH58CB,大興段,2.24,都市：住,100000,1007,持分移轉,00690000
RPWNMLQJKHKGFBH68CB,青昇段,37.36,都市：商,100000,535,持分移轉,04200000
RPRNMLQJKHKGFEH48CB,大興段,6.04,都市：住,100000,1007,持分移轉,00560000
RPRNMLQJKHKGFEH48CB,大興段,4.74,都市：住,100000,1007,持分移轉,00580000
RPRNMLQJKHKGFEH48CB,大興段,1.30,都市：住,100000,1007,持分移轉,00660000
RPRNMLQJKHKGFEH48CB,大興段,1.30,都市：住,100000,1007,持分移轉,00670000
RPRNMLQJKHKGFEH48CB,大興段,1.30,都市：住,100000,1007,持分移轉,00680000
RPRNMLQJKHKGFEH48CB,大興段,2.24,都市：住,100000,1007,持分移轉,00690000
RPPNMLNLJHKGFFH28DB,福興段,21.24,都市：住,100000,629,持分移轉,04290000
RPQNMLNLJHKGFFH38DB,福興段,21.24,都市：住,100000,629,持分移轉,04290000
RPPNMLRJKHKGFAH97CB,法政段,40.05,都市：住,10000,224,持分移轉,07730000
RPQNMLRJKHKGFBH18CB,青昇段,38.62,都市：商,100000,553,持分移轉,04200000
RPPNMLQJKHKGFAH87CB,埔子段埔子小段,.30,都市：住,100000,687,持分移轉,20390006
RPPNMLQJKHKGFAH87CB,埔子段埔子小段,.34,都市：住,100000,687,持分移轉,20390008
RPPNMLQJKHKGFAH87CB,埔子段埔子小段,.69,都市：住,100000,687,持分移轉,20390062
RPPNMLQJKHKGFAH87CB,埔子段埔子小段,14.44,都市：住,100000,687,持分移轉,20390227
RPPNMLQJKHKGFAH87CB,埔子段埔子小段,2.70,都市：住,100000,687,持分移轉,20400000
RPRNMLRJKHKGFBH28CB,青昇段,56.84,都市：商,100000,814,持分移轉,04200000
RPSNMLRJKHKGFBH38CB,東寮段,9.72,都市：住,100000,11271,持分移轉,09020000
RPSNMLRJKHKGFBH38CB,東寮段,9.79,都市：住,100000,11271,持分移轉,09030000
RPPNMLPJKHKGFEH28DB,客運一段,26.37,都市：住,10000,629,持分移轉,01180000
RPVNMLQJKHKGFEH88CB,大興段,5.55,都市：住,100000,926,持分移轉,00560000
RPVNMLQJKHKGFEH88CB,大興段,4.36,都市：住,100000,926,持分移轉,00580000
RPVNMLQJKHKGFEH88CB,大興段,1.20,都市：住,100000,926,持分移轉,00660000
RPVNMLQJKHKGFEH88CB,大興段,1.20,都市：住,100000,926,持分移轉,00670000
RPVNMLQJKHKGFEH88CB,大興段,1.20,都市：住,100000,926,持分移轉,00680000
RPVNMLQJKHKGFEH88CB,大興段,2.06,都市：住,100000,926,持分移轉,00690000
RPTNMLQJKHKGFEH68CB,大興段,5.01,都市：住,100000,835,持分移轉,00560000
RPTNMLQJKHKGFEH68CB,大興段,3.93,都市：住,100000,835,持分移轉,00580000
RPTNMLQJKHKGFEH68CB,大興段,1.08,都市：住,100000,835,持分移轉,00660000
RPTNMLQJKHKGFEH68CB,大興段,1.08,都市：住,100000,835,持分移轉,00670000
RPTNMLQJKHKGFEH68CB,大興段,1.08,都市：住,100000,835,持分移轉,00680000
RPTNMLQJKHKGFEH68CB,大興段,1.86,都市：住,100000,835,持分移轉,00690000
RPVNMLRJKHKGFBH68CB,青昇段,40.36,都市：商,100000,578,持分移轉,04200000
RPOOMLRJKHKGFBH08CB,草新段,25.29,都市：住,100000,861,持分移轉,01220002
RPUNMLRJKHKGFBH58CB,青昇段,50.91,都市：商,100000,729,持分移轉,04200000
RPXNMLRJKHKGFBH88CB,草新段,25.17,都市：住,100000,857,持分移轉,01220002
RPWNMLRJKHKGFBH78CB,青昇段,37.36,都市：商,100000,535,持分移轉,04200000
RPPNMLRJKHKGFEH38CB,青埔段,34.26,都市：住,100000,366,持分移轉,00010000
RPQNMLRJKHKGFEH48CB,誠聖段,37.86,都市：住,100000,742,持分移轉,00270000
RPPOMLPJKHKGFFH38CB,大發段,1.71,非都市：一般農業區 ; 非都市編定：甲種建築用地,100000,1733,持分移轉,05180000
RPPOMLPJKHKGFFH38CB,大發段,5.81,非都市：鄉村區 ; 非都市編定：乙種建築用地,100000,1733,持分移轉,05190000
RPPOMLPJKHKGFFH38CB,大發段,1.77,非都市：鄉村區 ; 非都市編定：乙種建築用地,100000,1733,持分移轉,05200000
RPPOMLPJKHKGFFH38CB,大發段,7.44,非都市：一般農業區 ; 非都市編定：甲種建築用地,100000,1733,持分移轉,05540001
RPPOMLPJKHKGFFH38CB,大發段,14.59,非都市：一般農業區 ; 非都市編定：甲種建築用地,100000,1733,持分移轉,05540003
RPQNMLQJKHKGFFH48CB,大發段,1.08,非都市：一般農業區 ; 非都市編定：甲種建築用地,100000,1093,持分移轉,05180000
RPQNMLQJKHKGFFH48CB,大發段,3.66,非都市：鄉村區 ; 非都市編定：乙種建築用地,100000,1093,持分移轉,05190000
RPQNMLQJKHKGFFH48CB,大發段,1.12,非都市：鄉村區 ; 非都市編定：乙種建築用地,100000,1093,持分移轉,05200000
RPQNMLQJKHKGFFH48CB,大發段,4.69,非都市：一般農業區 ; 非都市編定：甲種建築用地,100000,1093,持分移轉,05540001
RPQNMLQJKHKGFFH48CB,大發段,9.20,非都市：一般農業區 ; 非都市編定：甲種建築用地,100000,1093,持分移轉,05540003
RPPNMLQJKHKGFFH38CB,大發段,1.17,非都市：一般農業區 ; 非都市編定：甲種建築用地,100000,1184,持分移轉,05180000
RPPNMLQJKHKGFFH38CB,大發段,3.97,非都市：鄉村區 ; 非都市編定：乙種建築用地,100000,1184,持分移轉,05190000
RPPNMLQJKHKGFFH38CB,大發段,1.21,非都市：鄉村區 ; 非都市編定：乙種建築用地,100000,1184,持分移轉,05200000
RPPNMLQJKHKGFFH38CB,大發段,5.08,非都市：一般農業區 ; 非都市編定：甲種建築用地,100000,1184,持分移轉,05540001
RPPNMLQJKHKGFFH38CB,大發段,9.97,非都市：一般農業區 ; 非都市編定：甲種建築用地,100000,1184,持分移轉,05540003
RPSNMLRJKHKGFEH68CB,誠聖段,38.07,都市：住,100000,746,持分移轉,00270000
RPVNMLRJKHKGFEH98CB,青埔段,34.26,都市：住,100000,366,持分移轉,00010000
RPTNMLRJKHKGFEH78CB,青埔段,34.26,都市：住,100000,366,持分移轉,00010000
RPRNMLRJKHKGFEH58CB,青埔段,34.26,都市：住,100000,366,持分移轉,00010000
RPUNMLRJKHKGFEH88CB,青埔段,34.26,都市：住,100000,366,持分移轉,00010000
RPWNMLRJKHKGFEH09CB,青埔段,34.26,都市：住,100000,366,持分移轉,00010000
RPXNMLRJKHKGFEH56CB,誠聖段,37.86,都市：住,100000,742,持分移轉,00270000
RPSOMLRJKHKGFEH78CB,青埔段,34.26,都市：住,100000,366,持分移轉,00010000
RPROMLRJKHKGFEH68CB,青埔段,34.26,都市：住,100000,366,持分移轉,00010000
RPQOMLRJKHKGFEH58CB,誠聖段,47.51,都市：住,100000,931,持分移轉,00270000
RPPOMLRJKHKGFEH48CB,誠聖段,47.51,都市：住,100000,931,持分移轉,00270000
RPVOMLRJKHKGFEH09CB,誠聖段,47.51,都市：住,100000,931,持分移轉,00270000
RPTOMLRJKHKGFEH88CB,青埔段,34.26,都市：住,100000,366,持分移轉,00010000
RPUOMLRJKHKGFEH98CB,青埔段,34.26,都市：住,100000,366,持分移轉,00010000
RPXOMLRJKHKGFEH66CB,青埔段,34.26,都市：住,100000,366,持分移轉,00010000
RPOOMLRJKHKGFEH38CB,誠聖段,38.07,都市：住,100000,746,持分移轉,00270000
RPWOMLRJKHKGFEH56CB,誠聖段,37.86,都市：住,100000,742,持分移轉,00270000
RPOPMLRJKHKGFEH48CB,青埔段,34.26,都市：住,100000,366,持分移轉,00010000
RPQPMLRJKHKGFEH68CB,青埔段,34.26,都市：住,100000,366,持分移轉,00010000
RPRPMLRJKHKGFEH78CB,誠聖段,47.51,都市：住,100000,931,持分移轉,00270000
RPSPMLRJKHKGFEH88CB,青埔段,34.26,都市：住,100000,366,持分移轉,00010000
RPPPMLRJKHKGFEH58CB,青埔段,34.26,都市：住,100000,366,持分移轉,00010000
RPUPMLRJKHKGFEH09CB,青埔段,34.26,都市：住,100000,366,持分移轉,00010000
RPXPMLRJKHKGFEH76CB,青埔段,28.08,都市：住,100000,300,持分移轉,00010000
RPTPMLRJKHKGFEH98CB,誠聖段,37.86,都市：住,100000,742,持分移轉,00270000
RPVPMLRJKHKGFEH56CB,誠聖段,37.86,都市：住,100000,742,持分移轉,00270000
RPWPMLRJKHKGFEH66CB,青埔段,34.26,都市：住,100000,366,持分移轉,00010000
RPOQMLRJKHKGFEH58CB,青埔段,28.08,都市：住,100000,300,持分移轉,00010000
RPQQMLRJKHKGFEH78CB,青埔段,34.26,都市：住,100000,366,持分移轉,00010000
RPRQMLRJKHKGFEH88CB,青埔段,33.81,都市：住,100000,471,持分移轉,00040000
RPPQMLRJKHKGFEH68CB,青埔段,33.81,都市：住,100000,471,持分移轉,00040000
RPSQMLRJKHKGFEH98CB,青埔段,36.35,都市：住,100000,714,持分移轉,00030000
RPTQMLRJKHKGFEH09CB,青埔段,33.81,都市：住,100000,471,持分移轉,00040000
RPVQMLRJKHKGFEH66CB,青埔段,33.81,都市：住,100000,471,持分移轉,00040000
RPUQMLRJKHKGFEH56CB,青埔段,28.08,都市：住,100000,300,持分移轉,00010000
RPXQMLRJKHKGFEH86CB,青埔段,33.81,都市：住,100000,471,持分移轉,00040000
RPORMLRJKHKGFEH68CB,青埔段,33.81,都市：住,100000,471,持分移轉,00040000
RPWQMLRJKHKGFEH76CB,青埔段,36.35,都市：住,100000,714,持分移轉,00030000
RPQRMLRJKHKGFEH88CB,青埔段,36.35,都市：住,100000,714,持分移轉,00030000
RPPRMLRJKHKGFEH78CB,青埔段,36.35,都市：住,100000,714,持分移轉,00030000
RPRRMLRJKHKGFEH98CB,青埔段,33.81,都市：住,100000,471,持分移轉,00040000
RPSRMLRJKHKGFEH09CB,青埔段,34.26,都市：住,100000,366,持分移轉,00010000
RPURMLRJKHKGFEH66CB,青埔段,33.81,都市：住,100000,471,持分移轉,00040000
RPTRMLRJKHKGFEH56CB,青埔段,33.81,都市：住,100000,471,持分移轉,00040000
RPXRMLRJKHKGFEH96CB,青埔段,33.81,都市：住,100000,471,持分移轉,00040000
RPWRMLRJKHKGFEH86CB,青埔段,36.35,都市：住,100000,714,持分移轉,00030000
RPVRMLRJKHKGFEH76CB,青埔段,36.35,都市：住,100000,714,持分移轉,00030000
RPOSMLRJKHKGFEH78CB,青埔段,36.35,都市：住,100000,714,持分移轉,00030000
RPSSMLRJKHKGFEH56CB,青埔段,36.35,都市：住,100000,714,持分移轉,00030000
RPRSMLRJKHKGFEH09CB,青埔段,33.81,都市：住,100000,471,持分移轉,00040000
RPPSMLRJKHKGFEH88CB,青埔段,28.08,都市：住,100000,300,持分移轉,00010000
RPQSMLRJKHKGFEH98CB,青埔段,28.08,都市：住,100000,300,持分移轉,00010000
RPTSMLRJKHKGFEH66CB,青埔段,36.35,都市：住,100000,714,持分移轉,00030000
RPVSMLRJKHKGFEH86CB,青埔段,33.81,都市：住,100000,471,持分移轉,00040000
RPRTMLRJKHKGFEH56CB,橫埔段,53.90,都市：住,100000,549,持分移轉,03030000
RPSTMLRJKHKGFEH66CB,橫埔段,53.90,都市：住,100000,549,持分移轉,03030000
RPQTMLRJKHKGFEH09CB,青埔段,33.81,都市：住,100000,471,持分移轉,00040000
RPWSMLRJKHKGFEH96CB,青埔段,33.81,都市：住,100000,471,持分移轉,00040000
RPUSMLRJKHKGFEH76CB,青埔段,36.35,都市：住,100000,714,持分移轉,00030000
RPXSMLRJKHKGFEH07CB,橫埔段,54.10,都市：住,100000,551,持分移轉,03030000
RPPTMLRJKHKGFEH98CB,青埔段,33.81,都市：住,100000,471,持分移轉,00040000
RPTTMLRJKHKGFEH76CB,橫埔段,43.30,都市：住,100000,441,持分移轉,03030000
RPOTMLRJKHKGFEH88CB,橫埔段,43.30,都市：住,100000,441,持分移轉,03030000
RPVTMLRJKHKGFEH96CB,橫埔段,54.10,都市：住,100000,551,持分移轉,03030000
RPWTMLRJKHKGFEH07CB,青埔段,33.81,都市：住,100000,471,持分移轉,00040000
RPUTMLRJKHKGFEH86CB,橫埔段,54.10,都市：住,100000,551,持分移轉,03030000
RPXTMLRJKHKGFEH17CB,橫埔段,53.90,都市：住,100000,549,持分移轉,03030000
RPSUMLRJKHKGFEH76CB,橫埔段,43.30,都市：住,100000,441,持分移轉,03030000
RPOUMLRJKHKGFEH98CB,橫埔段,54.10,都市：住,100000,551,持分移轉,03030000
RPQUMLRJKHKGFEH56CB,青埔段,33.81,都市：住,100000,471,持分移轉,00040000
RPPUMLRJKHKGFEH09CB,青埔段,33.81,都市：住,100000,471,持分移轉,00040000
RPRUMLRJKHKGFEH66CB,青埔段,33.81,都市：住,100000,471,持分移轉,00040000
RPTUMLRJKHKGFEH86CB,青埔段,33.81,都市：住,100000,471,持分移轉,00040000
RPWUMLRJKHKGFEH17CB,橫埔段,54.10,都市：住,100000,551,持分移轉,03030000
RPOVMLRJKHKGFEH09CB,橫埔段,43.10,都市：住,100000,439,持分移轉,03030000
RPPVMLRJKHKGFEH56CB,青埔段,36.35,都市：住,100000,714,持分移轉,00030000
RPVUMLRJKHKGFEH07CB,青埔段,33.81,都市：住,100000,471,持分移轉,00040000
RPUUMLRJKHKGFEH96CB,青埔段,33.81,都市：住,100000,471,持分移轉,00040000
RPXUMLRJKHKGFEH27CB,橫埔段,54.10,都市：住,100000,551,持分移轉,03030000
RPQNMLRJKHKGFFH58CB,竹園段,2.73,非都市：特定農業區 ; 非都市編定：甲種建築用地,100000,524,持分移轉,00650000
RPQNMLRJKHKGFFH58CB,竹園段,2.43,非都市：特定農業區 ; 非都市編定：甲種建築用地,100000,524,持分移轉,00660000
RPQNMLRJKHKGFFH58CB,竹園段,2.77,非都市：特定農業區 ; 非都市編定：甲種建築用地,100000,524,持分移轉,00670000
RPQNMLRJKHKGFFH58CB,竹園段,11.63,非都市：特定農業區 ; 非都市編定：甲種建築用地,100000,524,持分移轉,00680000
RPPNMLRJKHKGFDH38DB,二重溪段,16.33,都市：住,100000,658,持分移轉,00880003
RPUNMLKKKHKGFBH97CB,青昇段,39.60,都市：商,100000,567,持分移轉,04200000
RPPNMLKKKHKGFBH47CB,忠愛段,25.60,非都市：特定農業區 ; 非都市編定：甲種建築用地,1000000,15933,持分移轉,08900000
RPSNMLKKKHKGFAH67CB,三民段,18.86,都市：住,100000,667,持分移轉,02230000
RPXNMLKKKHKGFBH28CB,忠愛段,36.75,非都市：特定農業區 ; 非都市編定：甲種建築用地,100000,7593,持分移轉,08470033
RPXNMLKKKHKGFBH28CB,忠愛段,8.25,非都市：特定農業區 ; 非都市編定：甲種建築用地,100000,1187,持分移轉,08470032
RPWNMLKKKHKGFBH18CB,青昇段,52.93,都市：商,100000,758,持分移轉,04200000
RPOOMLKKKHKGFBH47CB,青昇段,55.24,都市：商,100000,791,持分移轉,04200000
RPPNMLKKKHKGFEH77CB,青峰段,9.83,都市：住,100000,604,持分移轉,04360000
RPPNMLKKKHKGFEH77CB,青峰段,4.56,都市：住,100000,604,持分移轉,04370000
RPPNMLKKKHKGFEH77CB,青峰段,5.44,都市：住,100000,604,持分移轉,04380000
RPQNMLKKKHKGFEH87CB,青峰段,13.15,都市：住,100000,808,持分移轉,04360000
RPQNMLKKKHKGFEH87CB,青峰段,6.10,都市：住,100000,808,持分移轉,04370000
RPQNMLKKKHKGFEH87CB,青峰段,7.27,都市：住,100000,808,持分移轉,04380000
RPRNMLKKKHKGFEH97CB,青峰段,9.99,都市：住,100000,614,持分移轉,04360000
RPRNMLKKKHKGFEH97CB,青峰段,4.63,都市：住,100000,614,持分移轉,04370000
RPRNMLKKKHKGFEH97CB,青峰段,5.53,都市：住,100000,614,持分移轉,04380000
RPPOMLKKKHKGFEH87CB,客運一段,30.67,都市：住,100000,751,持分移轉,00820000
RPWNMLKKKHKGFEH48CB,大竹段,27.94,都市：住,100000,2702,持分移轉,00180000
RPPNMLKKKHKGFFH87CB,同福段,8.81,都市：住,100000,1503,持分移轉,05050000
RPPNMLKKKHKGFFH87CB,同福段,3.36,都市：住,100000,1503,持分移轉,05060000
RPPNMLKKKHKGFFH87CB,同福段,6.25,都市：住,100000,1503,持分移轉,05060001
RPQNMLKKKHKGFFH97CB,同福段,7.09,都市：住,100000,1209,持分移轉,05050000
RPQNMLKKKHKGFFH97CB,同福段,2.70,都市：住,100000,1209,持分移轉,05060000
RPQNMLKKKHKGFFH97CB,同福段,5.03,都市：住,100000,1209,持分移轉,05060001
RPSNMLKKKHKGFFH18CB,同福段,7.04,都市：住,100000,1201,持分移轉,05050000
RPSNMLKKKHKGFFH18CB,同福段,2.68,都市：住,100000,1201,持分移轉,05060000
RPSNMLKKKHKGFFH18CB,同福段,4.99,都市：住,100000,1201,持分移轉,05060001
RPRNMLKKKHKGFFH08CB,同福段,8.81,都市：住,100000,1503,持分移轉,05050000
RPRNMLKKKHKGFFH08CB,同福段,3.36,都市：住,100000,1503,持分移轉,05060000
RPRNMLKKKHKGFFH08CB,同福段,6.25,都市：住,100000,1503,持分移轉,05060001
RPUVMLRJKHKGFEH07CB,大興段,4.98,都市：住,100000,831,持分移轉,00560000
RPUVMLRJKHKGFEH07CB,大興段,3.91,都市：住,100000,831,持分移轉,00580000
RPUVMLRJKHKGFEH07CB,大興段,1.07,都市：住,100000,831,持分移轉,00660000
RPUVMLRJKHKGFEH07CB,大興段,1.07,都市：住,100000,831,持分移轉,00670000
RPUVMLRJKHKGFEH07CB,大興段,1.07,都市：住,100000,831,持分移轉,00680000
RPUVMLRJKHKGFEH07CB,大興段,1.85,都市：住,100000,831,持分移轉,00690000
RPQVMLRJKHKGFEH66CB,青埔段,33.81,都市：住,100000,471,持分移轉,00040000
RPVVMLRJKHKGFEH17CB,大興段,5.01,都市：住,100000,835,持分移轉,00560000
RPVVMLRJKHKGFEH17CB,大興段,3.93,都市：住,100000,835,持分移轉,00580000
RPVVMLRJKHKGFEH17CB,大興段,1.08,都市：住,100000,835,持分移轉,00660000
RPVVMLRJKHKGFEH17CB,大興段,1.08,都市：住,100000,835,持分移轉,00670000
RPVVMLRJKHKGFEH17CB,大興段,1.08,都市：住,100000,835,持分移轉,00680000
RPVVMLRJKHKGFEH17CB,大興段,1.86,都市：住,100000,835,持分移轉,00690000
RPRVMLRJKHKGFEH76CB,大興段,5.42,都市：住,100000,905,持分移轉,00560000
RPRVMLRJKHKGFEH76CB,大興段,4.26,都市：住,100000,905,持分移轉,00580000
RPRVMLRJKHKGFEH76CB,大興段,1.17,都市：住,100000,905,持分移轉,00660000
RPRVMLRJKHKGFEH76CB,大興段,1.17,都市：住,100000,905,持分移轉,00670000
RPRVMLRJKHKGFEH76CB,大興段,1.17,都市：住,100000,905,持分移轉,00680000
RPRVMLRJKHKGFEH76CB,大興段,2.02,都市：住,100000,905,持分移轉,00690000
RPQOMLKKKHKGFFH08CB,同福段,6.00,都市：住,100000,1024,持分移轉,05050000
RPQOMLKKKHKGFFH08CB,同福段,2.29,都市：住,100000,1024,持分移轉,05060000
RPQOMLKKKHKGFFH08CB,同福段,4.26,都市：住,100000,1024,持分移轉,05060001
RPPOMLKKKHKGFFH97CB,同福段,7.11,都市：住,100000,1213,持分移轉,05050000
RPPOMLKKKHKGFFH97CB,同福段,2.71,都市：住,100000,1213,持分移轉,05060000
RPPOMLKKKHKGFFH97CB,同福段,5.04,都市：住,100000,1213,持分移轉,05060001
RPXNMLKKKHKGFFH68CB,同福段,8.76,都市：住,100000,1494,持分移轉,05050000
RPXNMLKKKHKGFFH68CB,同福段,3.34,都市：住,100000,1494,持分移轉,05060000
RPXNMLKKKHKGFFH68CB,同福段,6.21,都市：住,100000,1494,持分移轉,05060001
RPROMLKKKHKGFFH18CB,同福段,7.04,都市：住,100000,1201,持分移轉,05050000
RPROMLKKKHKGFFH18CB,同福段,2.68,都市：住,100000,1201,持分移轉,05060000
RPROMLKKKHKGFFH18CB,同福段,4.99,都市：住,100000,1201,持分移轉,05060001
RPVNMLKKKHKGFFH48CB,同福段,8.89,都市：住,100000,1517,持分移轉,05050000
RPVNMLKKKHKGFFH48CB,同福段,3.39,都市：住,100000,1517,持分移轉,05060000
RPVNMLKKKHKGFFH48CB,同福段,6.31,都市：住,100000,1517,持分移轉,05060001
RPUNMLKKKHKGFFH38CB,同福段,7.12,都市：住,100000,1215,持分移轉,05050000
RPUNMLKKKHKGFFH38CB,同福段,2.71,都市：住,100000,1215,持分移轉,05060000
RPUNMLKKKHKGFFH38CB,同福段,5.05,都市：住,100000,1215,持分移轉,05060001
RPTNMLKKKHKGFFH28CB,同福段,7.12,都市：住,100000,1215,持分移轉,05050000
RPTNMLKKKHKGFFH28CB,同福段,2.71,都市：住,100000,1215,持分移轉,05060000
RPTNMLKKKHKGFFH28CB,同福段,5.05,都市：住,100000,1215,持分移轉,05060001
RPOOMLKKKHKGFFH87CB,同福段,8.76,都市：住,100000,1494,持分移轉,05050000
RPOOMLKKKHKGFFH87CB,同福段,3.34,都市：住,100000,1494,持分移轉,05060000
RPOOMLKKKHKGFFH87CB,同福段,6.21,都市：住,100000,1494,持分移轉,05060001
RPWNMLKKKHKGFFH58CB,同福段,8.89,都市：住,100000,1517,持分移轉,05050000
RPWNMLKKKHKGFFH58CB,同福段,3.39,都市：住,100000,1517,持分移轉,05060000
RPWNMLKKKHKGFFH58CB,同福段,6.31,都市：住,100000,1517,持分移轉,05060001
RPTOMLKKKHKGFFH38CB,同福段,8.89,都市：住,100000,1517,持分移轉,05050000
RPTOMLKKKHKGFFH38CB,同福段,3.39,都市：住,100000,1517,持分移轉,05060000
RPTOMLKKKHKGFFH38CB,同福段,6.31,都市：住,100000,1517,持分移轉,05060001
RPVOMLKKKHKGFFH58CB,同福段,6.00,都市：住,100000,1024,持分移轉,05050000
RPVOMLKKKHKGFFH58CB,同福段,2.29,都市：住,100000,1024,持分移轉,05060000
RPVOMLKKKHKGFFH58CB,同福段,4.26,都市：住,100000,1024,持分移轉,05060001
RPSOMLKKKHKGFFH28CB,同福段,7.12,都市：住,100000,1215,持分移轉,05050000
RPSOMLKKKHKGFFH28CB,同福段,2.71,都市：住,100000,1215,持分移轉,05060000
RPSOMLKKKHKGFFH28CB,同福段,5.05,都市：住,100000,1215,持分移轉,05060001
RPXOMLKKKHKGFFH78CB,同福段,7.11,都市：住,100000,1213,持分移轉,05050000
RPXOMLKKKHKGFFH78CB,同福段,2.71,都市：住,100000,1213,持分移轉,05060000
RPXOMLKKKHKGFFH78CB,同福段,5.04,都市：住,100000,1213,持分移轉,05060001
RPUOMLKKKHKGFFH48CB,同福段,7.11,都市：住,100000,1213,持分移轉,05050000
RPUOMLKKKHKGFFH48CB,同福段,2.71,都市：住,100000,1213,持分移轉,05060000
RPUOMLKKKHKGFFH48CB,同福段,5.04,都市：住,100000,1213,持分移轉,05060001
RPUPMLKKKHKGFFH58CB,同福段,8.89,都市：住,100000,1517,持分移轉,05050000
RPUPMLKKKHKGFFH58CB,同福段,3.39,都市：住,100000,1517,持分移轉,05060000
RPUPMLKKKHKGFFH58CB,同福段,6.31,都市：住,100000,1517,持分移轉,05060001
RPOOMLLKKHKGFAH47CB,中路一段,51.05,都市：住,1000000,6087,持分移轉,00560000
RPROMLLKKHKGFAH77CB,中路二段,24.63,都市：住,100000,1244,持分移轉,00500000
RPSOMLLKKHKGFAH87CB,中路二段,24.67,都市：住,100000,1246,持分移轉,00500000
RPQPMLLKKHKGFAH77CB,中路二段,42.08,都市：住,100000,930,持分移轉,01120000
RPRPMLLKKHKGFAH87CB,中路二段,39.01,都市：住,100000,862,持分移轉,01120000
RPTNMLLKKHKGFBH97CB,青昇段,40.36,都市：商,100000,578,持分移轉,04200000
RPUNMLLKKHKGFBH08CB,青昇段,37.36,都市：商,100000,535,持分移轉,04200000
RPVNMLLKKHKGFBH18CB,草福段,17.30,都市：住,100000,464,持分移轉,01770000
RPWNMLLKKHKGFBH28CB,草福段,21.59,都市：住,100000,579,持分移轉,01770000
RPXNMLLKKHKGFBH38CB,草福段,21.59,都市：住,100000,579,持分移轉,01770000
RPPOMLLKKHKGFBH67CB,青昇段,39.60,都市：商,100000,567,持分移轉,04200000
RPROMLLKKHKGFBH87CB,青平段,30.08,都市：住,10000,387,持分移轉,03710000
RPSOMLLKKHKGFBH97CB,青平段,30.15,都市：住,10000,388,持分移轉,03710000
RPTOMLLKKHKGFBH08CB,青平段,30.08,都市：住,10000,387,持分移轉,03710000
RPUOMLLKKHKGFBH18CB,青平段,19.82,都市：住,10000,255,持分移轉,03710000
RPPNMLLKKHKGFDH77CB,下田心子段赤牛欄小段,56.00,非都市：特定農業區 ; 非都市編定：甲種建築用地,1,1,全筆移轉,13490014
RPPNMLLKKHKGFDH77CB,下田心子段赤牛欄小段,20.59,非都市：特定農業區 ; 非都市編定：甲種建築用地,100000,4755,持分移轉,13490011
RPQNMLLKKHKGFGH18CB,吉安段,31.80,非都市：特定農業區 ; 非都市編定：甲種建築用地,500000,6559,持分移轉,06460000
RPPNMLLKKHKGFEH87CB,和平段,21.12,非都市：特定農業區 ; 非都市編定：甲種建築用地,100000,736,持分移轉,03860000
RPPNMLLKKHKGFEH87CB,和平段,5.92,非都市：特定農業區 ; 非都市編定：農牧用地,124,1,持分移轉,03890000
RPPNMLMKKHKGFBH67CB,青昇段,59.71,都市：商,100000,855,持分移轉,04200000
RPQNMLMKKHKGFBH77CB,青昇段,50.91,都市：商,100000,729,持分移轉,04200000
RPRNMLMKKHKGFBH87CB,青昇段,40.36,都市：商,100000,578,持分移轉,04200000
RPTNMLMKKHKGFBH08CB,青昇段,37.36,都市：商,100000,535,持分移轉,04200000
RPRNMLMKKHKGFDH08CB,清華段,25.77,非都市：特定農業區 ; 非都市編定：甲種建築用地,1000000,3689,持分移轉,11920000
RPSNMLMKKHKGFDH18CB,清華段,34.67,非都市：特定農業區 ; 非都市編定：甲種建築用地,1000000,4964,持分移轉,11920000
RPTNMLMKKHKGFDH28CB,清華段,33.57,非都市：特定農業區 ; 非都市編定：甲種建築用地,1000000,4806,持分移轉,11920000
RPPNMLNKKHKGFDH97CB,下田心子段赤牛欄小段,18.24,非都市：特定農業區 ; 非都市編定：甲種建築用地,100000,464,持分移轉,08310000
RPPNMLNKKHKGFDH97CB,下田心子段赤牛欄小段,1.41,非都市：特定農業區 ; 非都市編定：農牧用地,1000000,1167,持分移轉,08330000
RPPNMLMKKHKGFFH08CB,興仁段,1.87,都市：商,100000,378,持分移轉,01320000
RPPNMLMKKHKGFFH08CB,興仁段,27.66,都市：住,100000,378,持分移轉,01700000
RPPNMLMKKHKGFFH08CB,興仁段,1.98,都市：商,100000,378,持分移轉,01710000
RPWNMLNKKHKGFEH78CB,大新段,10.71,都市：商,100000,313,持分移轉,07040000
RPPNMLNKKHKGFFH18CB,興豐段,15.23,都市：住,100000,248,持分移轉,25960000
RPRNMLNKKHKGFFH38CB,竹園段,3.66,非都市：特定農業區 ; 非都市編定：甲種建築用地,100000,702,持分移轉,00650000
RPRNMLNKKHKGFFH38CB,竹園段,3.25,非都市：特定農業區 ; 非都市編定：甲種建築用地,100000,702,持分移轉,00660000
RPRNMLNKKHKGFFH38CB,竹園段,3.71,非都市：特定農業區 ; 非都市編定：甲種建築用地,100000,702,持分移轉,00670000
RPRNMLNKKHKGFFH38CB,竹園段,15.58,非都市：特定農業區 ; 非都市編定：甲種建築用地,100000,702,持分移轉,00680000
RPPNMLPKKHKGFFH38CB,豐田段,35.50,都市：住,100000,2885,持分移轉,14020000
RPQNMLPKKHKGFFH48CB,豐田段,34.37,都市：住,100000,2793,持分移轉,14020000
RPVNMLRKKHKGFBH78CB,富溪段,1.50,都市：住,100000,1352,持分移轉,00690000
RPVNMLRKKHKGFBH78CB,富溪段,3.19,都市：住,100000,1352,持分移轉,00700000
RPVNMLRKKHKGFBH78CB,富溪段,4.69,都市：住,100000,1352,持分移轉,00710000
RPVNMLRKKHKGFBH78CB,富溪段,9.25,都市：住,100000,1352,持分移轉,00720000
RPVNMLRKKHKGFBH78CB,富溪段,4.54,都市：住,100000,1352,持分移轉,00730000
RPSNMLLKKHKGFAH77CB,中路一段,51.69,都市：住,1000000,6164,持分移轉,00560000
RPTNMLLKKHKGFAH87CB,中路一段,40.28,都市：住,1000000,4803,持分移轉,00560000
RPWNMLLKKHKGFAH18CB,中路一段,46.35,都市：住,1000000,5527,持分移轉,00560000
RPPNMLLKKHKGFAH47CB,中路一段,48.94,都市：住,1000000,5836,持分移轉,00560000
RPXNMLLKKHKGFAH28CB,中路一段,69.05,都市：住,1000000,8234,持分移轉,00560000
RPPNMLKKKHKGFHH08CB,樂捷段,10.99,都市：其他:第二種產業專用區,100000,88,持分移轉,00610000
RPPNMLKKKHKGFHH08CB,樂捷段,2.75,都市：其他:第二種產業專用區,100000,88,持分移轉,00610001
RPRNMLOKKHKGFEH38CB,大竹段,27.94,都市：住,100000,2702,持分移轉,00180000
RPUNMLRKKHKGFEH98CB,福海段,48.84,都市：住,100000,282,持分移轉,12430000
RPUNMLRKKHKGFEH98CB,富華段,.69,都市：住,100000,282,持分移轉,04120000
RPUNMLRKKHKGFEH98CB,富華段,4.26,都市：住,100000,282,持分移轉,04130000
RPTNMLRKKHKGFEH88CB,福海段,47.13,都市：住,100000,408,持分移轉,12420000
RPSNMLRKKHKGFEH78CB,福海段,34.29,都市：住,100000,384,持分移轉,13530000
RPSNMLRKKHKGFEH78CB,富華段,13.24,都市：住,100000,384,持分移轉,04170000
RPQNMLRKKHKGFEH58CB,福海段,34.29,都市：住,100000,384,持分移轉,13530000
RPQNMLRKKHKGFEH58CB,富華段,13.24,都市：住,100000,384,持分移轉,04170000
RPVNMLRKKHKGFEH09CB,福海段,36.34,都市：住,100000,407,持分移轉,13530000
RPPNMLRKKHKGFEH48CB,福海段,29.46,都市：住,100000,330,持分移轉,13530000
RPVNMLRKKHKGFEH09CB,富華段,14.03,都市：住,100000,407,持分移轉,04170000
RPPNMLRKKHKGFEH48CB,富華段,11.38,都市：住,100000,330,持分移轉,04170000
RPRNMLRKKHKGFEH68CB,福海段,37.32,都市：住,100000,418,持分移轉,13530000
RPRNMLRKKHKGFEH68CB,富華段,14.41,都市：住,100000,418,持分移轉,04170000
RPPNMLPKKHKGFEH28CB,大興段,5.42,都市：住,100000,905,持分移轉,00560000
RPPNMLPKKHKGFEH28CB,大興段,4.26,都市：住,100000,905,持分移轉,00580000
RPPNMLPKKHKGFEH28CB,大興段,1.17,都市：住,100000,905,持分移轉,00660000
RPPNMLPKKHKGFEH28CB,大興段,1.17,都市：住,100000,905,持分移轉,00670000
RPPNMLPKKHKGFEH28CB,大興段,1.17,都市：住,100000,905,持分移轉,00680000
RPPNMLPKKHKGFEH28CB,大興段,2.02,都市：住,100000,905,持分移轉,00690000
RPWNMLRKKHKGFEH56CB,福海段,49.32,都市：住,100000,687,持分移轉,12160000
RPXNMLRKKHKGFEH66CB,福海段,36.34,都市：住,100000,407,持分移轉,13530000
RPXNMLRKKHKGFEH66CB,富華段,14.03,都市：住,100000,407,持分移轉,04170000
RPOOMLRKKHKGFEH48CB,福海段,36.25,都市：住,100000,406,持分移轉,13530000
RPOOMLRKKHKGFEH48CB,富華段,14.00,都市：住,100000,406,持分移轉,04170000
RPSOMLRKKHKGFEH88CB,福海段,34.29,都市：住,100000,384,持分移轉,13530000
RPSOMLRKKHKGFEH88CB,富華段,13.24,都市：住,100000,384,持分移轉,04170000
RPQOMLRKKHKGFEH68CB,福海段,34.29,都市：住,100000,384,持分移轉,13530000
RPQOMLRKKHKGFEH68CB,富華段,13.24,都市：住,100000,384,持分移轉,04170000
RPROMLRKKHKGFEH78CB,福海段,34.29,都市：住,100000,384,持分移轉,13530000
RPROMLRKKHKGFEH78CB,富華段,13.24,都市：住,100000,384,持分移轉,04170000
RPPOMLRKKHKGFEH58CB,福海段,36.34,都市：住,100000,407,持分移轉,13530000
RPPOMLRKKHKGFEH58CB,富華段,14.03,都市：住,100000,407,持分移轉,04170000
RPTOMLRKKHKGFEH98CB,福海段,29.46,都市：住,100000,330,持分移轉,13530000
RPTOMLRKKHKGFEH98CB,富華段,11.38,都市：住,100000,330,持分移轉,04170000
RPUOMLRKKHKGFEH09CB,福海段,34.64,都市：住,100000,388,持分移轉,13530000
RPUOMLRKKHKGFEH09CB,富華段,13.38,都市：住,100000,388,持分移轉,04170000
RPVOMLRKKHKGFEH56CB,福海段,41.79,都市：住,100000,468,持分移轉,13530000
RPVOMLRKKHKGFEH56CB,富華段,16.14,都市：住,100000,468,持分移轉,04170000
RPQNMLRJKHKGFDH48DB,二重溪段,21.99,都市：住,100000,886,持分移轉,00880003
RPSPMLRKKHKGFEH98CB,福海段,37.32,都市：住,100000,418,持分移轉,13530000
RPTPMLRKKHKGFEH09CB,福海段,34.29,都市：住,100000,384,持分移轉,13530000
RPVPMLRKKHKGFEH66CB,福海段,36.34,都市：住,100000,407,持分移轉,13530000
RPTPMLRKKHKGFEH09CB,富華段,13.24,都市：住,100000,384,持分移轉,04170000
RPVPMLRKKHKGFEH66CB,富華段,14.03,都市：住,100000,407,持分移轉,04170000
RPOPMLRKKHKGFEH58CB,福海段,37.32,都市：住,100000,418,持分移轉,13530000
RPRPMLRKKHKGFEH88CB,福海段,34.29,都市：住,100000,384,持分移轉,13530000
RPOPMLRKKHKGFEH58CB,富華段,14.41,都市：住,100000,418,持分移轉,04170000
RPRPMLRKKHKGFEH88CB,富華段,13.24,都市：住,100000,384,持分移轉,04170000
RPSPMLRKKHKGFEH98CB,富華段,14.41,都市：住,100000,418,持分移轉,04170000
RPXOMLRKKHKGFEH76CB,福海段,37.32,都市：住,100000,418,持分移轉,13530000
RPXOMLRKKHKGFEH76CB,富華段,14.41,都市：住,100000,418,持分移轉,04170000
RPQPMLRKKHKGFEH78CB,福海段,34.29,都市：住,100000,384,持分移轉,13530000
RPQPMLRKKHKGFEH78CB,富華段,13.24,都市：住,100000,384,持分移轉,04170000
RPWOMLRKKHKGFEH66CB,福海段,34.29,都市：住,100000,384,持分移轉,13530000
RPWOMLRKKHKGFEH66CB,富華段,13.24,都市：住,100000,384,持分移轉,04170000
RPPPMLRKKHKGFEH68CB,福海段,49.36,都市：住,100000,285,持分移轉,12430000
RPPPMLRKKHKGFEH68CB,富華段,.69,都市：住,100000,285,持分移轉,04120000
RPPPMLRKKHKGFEH68CB,富華段,4.30,都市：住,100000,285,持分移轉,04130000
RPUPMLRKKHKGFEH56CB,福海段,34.29,都市：住,100000,384,持分移轉,13530000
RPUPMLRKKHKGFEH56CB,富華段,13.24,都市：住,100000,384,持分移轉,04170000
RPWPMLRKKHKGFEH76CB,福海段,36.34,都市：住,100000,407,持分移轉,13530000
RPWPMLRKKHKGFEH76CB,富華段,14.03,都市：住,100000,407,持分移轉,04170000
RPOQMLRKKHKGFEH68CB,福海段,37.32,都市：住,100000,418,持分移轉,13530000
RPOQMLRKKHKGFEH68CB,富華段,14.41,都市：住,100000,418,持分移轉,04170000
RPXPMLRKKHKGFEH86CB,福海段,37.32,都市：住,100000,418,持分移轉,13530000
RPXPMLRKKHKGFEH86CB,富華段,14.41,都市：住,100000,418,持分移轉,04170000
RPTNMLTKKHKGFBH78CB,大崙段,.10,非都市：特定農業區 ; 非都市編定：農牧用地,380000,13,持分移轉,01420000
RPTNMLTKKHKGFBH78CB,大崙段,.07,非都市：特定農業區 ; 非都市編定：農牧用地,380000,13,持分移轉,01430000
RPTNMLTKKHKGFBH78CB,大崙段,.59,非都市：特定農業區 ; 非都市編定：農牧用地,100000,81,持分移轉,01510001
RPTNMLTKKHKGFBH78CB,大崙段,.03,非都市：特定農業區 ; 非都市編定：水利用地,4750000,717,持分移轉,01520000
RPTNMLTKKHKGFBH78CB,大崙段,.57,非都市：特定農業區 ; 非都市編定：農牧用地,475000,257,持分移轉,01510000
RPTNMLTKKHKGFBH78CB,大崙段,26.07,非都市：特定農業區 ; 非都市編定：甲種建築用地,100000,1172,持分移轉,01470000
RPPQMLRKKHKGFEH78CB,福海段,36.25,都市：住,100000,406,持分移轉,13530000
RPPQMLRKKHKGFEH78CB,富華段,14.00,都市：住,100000,406,持分移轉,04170000
RPQQMLRKKHKGFEH88CB,福海段,34.29,都市：住,100000,384,持分移轉,13530000
RPQQMLRKKHKGFEH88CB,富華段,13.24,都市：住,100000,384,持分移轉,04170000
RPTNMLSKKHKGFEH98CB,大興段,6.04,都市：住,100000,1007,持分移轉,00560000
RPTNMLSKKHKGFEH98CB,大興段,4.74,都市：住,100000,1007,持分移轉,00580000
RPTNMLSKKHKGFEH98CB,大興段,1.30,都市：住,100000,1007,持分移轉,00660000
RPTNMLSKKHKGFEH98CB,大興段,1.30,都市：住,100000,1007,持分移轉,00670000
RPTNMLSKKHKGFEH98CB,大興段,1.30,都市：住,100000,1007,持分移轉,00680000
RPTNMLSKKHKGFEH98CB,大興段,2.24,都市：住,100000,1007,持分移轉,00690000
RPQOMLSKKHKGFEH78CB,大興段,5.55,都市：住,100000,926,持分移轉,00560000
RPQOMLSKKHKGFEH78CB,大興段,4.36,都市：住,100000,926,持分移轉,00580000
RPQOMLSKKHKGFEH78CB,大興段,1.20,都市：住,100000,926,持分移轉,00660000
RPQOMLSKKHKGFEH78CB,大興段,1.20,都市：住,100000,926,持分移轉,00670000
RPQOMLSKKHKGFEH78CB,大興段,1.20,都市：住,100000,926,持分移轉,00680000
RPQOMLSKKHKGFEH78CB,大興段,2.06,都市：住,100000,926,持分移轉,00690000
RPXNMLSKKHKGFEH76CB,大興段,5.42,都市：住,100000,905,持分移轉,00560000
RPXNMLSKKHKGFEH76CB,大興段,4.26,都市：住,100000,905,持分移轉,00580000
RPXNMLSKKHKGFEH76CB,大興段,1.17,都市：住,100000,905,持分移轉,00660000
RPXNMLSKKHKGFEH76CB,大興段,1.17,都市：住,100000,905,持分移轉,00670000
RPXNMLSKKHKGFEH76CB,大興段,1.17,都市：住,100000,905,持分移轉,00680000
RPXNMLSKKHKGFEH76CB,大興段,2.02,都市：住,100000,905,持分移轉,00690000
RPUNMLSKKHKGFEH09CB,大興段,6.04,都市：住,100000,1007,持分移轉,00560000
RPUNMLSKKHKGFEH09CB,大興段,4.74,都市：住,100000,1007,持分移轉,00580000
RPUNMLSKKHKGFEH09CB,大興段,1.30,都市：住,100000,1007,持分移轉,00660000
RPUNMLSKKHKGFEH09CB,大興段,1.30,都市：住,100000,1007,持分移轉,00670000
RPUNMLSKKHKGFEH09CB,大興段,1.30,都市：住,100000,1007,持分移轉,00680000
RPUNMLSKKHKGFEH09CB,大興段,2.24,都市：住,100000,1007,持分移轉,00690000
RPVNMLSKKHKGFEH56CB,大興段,6.04,都市：住,100000,1007,持分移轉,00560000
RPVNMLSKKHKGFEH56CB,大興段,4.74,都市：住,100000,1007,持分移轉,00580000
RPVNMLSKKHKGFEH56CB,大興段,1.30,都市：住,100000,1007,持分移轉,00660000
RPVNMLSKKHKGFEH56CB,大興段,1.30,都市：住,100000,1007,持分移轉,00670000
RPVNMLSKKHKGFEH56CB,大興段,1.30,都市：住,100000,1007,持分移轉,00680000
RPVNMLSKKHKGFEH56CB,大興段,2.24,都市：住,100000,1007,持分移轉,00690000
RPRNMLSKKHKGFEH78CB,大興段,4.98,都市：住,100000,831,持分移轉,00560000
RPRNMLSKKHKGFEH78CB,大興段,3.91,都市：住,100000,831,持分移轉,00580000
RPRNMLSKKHKGFEH78CB,大興段,1.07,都市：住,100000,831,持分移轉,00660000
RPRNMLSKKHKGFEH78CB,大興段,1.07,都市：住,100000,831,持分移轉,00670000
RPRNMLSKKHKGFEH78CB,大興段,1.07,都市：住,100000,831,持分移轉,00680000
RPRNMLSKKHKGFEH78CB,大興段,1.85,都市：住,100000,831,持分移轉,00690000
