﻿鄉鎮市區,交易標的,土地位置建物門牌,土地移轉總面積平方公尺,都市土地使用分區,非都市土地使用分區,非都市土地使用編定,交易年月日,交易筆棟數,移轉層次,總樓層數,建物型態,主要用途,主要建材,建築完成年月,建物移轉總面積平方公尺,建物現況格局-房,建物現況格局-廳,建物現況格局-衛,建物現況格局-隔間,有無管理組織,總價元,單價元平方公尺,車位類別,車位移轉總面積平方公尺,車位總價元,備註,編號,建案名稱,棟及號,解約情形
The villages and towns urban district,transaction sign,land sector position building sector house number plate,land shifting total area square meter,the use zoning or compiles and checks,the non-metropolis land use district,non-metropolis land use,transaction year month and day,transaction pen number,shifting level,total floor number,building state,main use,main building materials,construction to complete the years,building shifting total area,Building present situation pattern - room,building present situation pattern - hall,building present situation pattern - health,building present situation pattern - compartmented,Whether there is manages the organization,total price NTD,the unit price (NTD / square meter),the berth category,berth shifting total area square meter,the berth total price NTD,the note,serial number,build case,buildings,termination type
觀音區,房地(土地+建物),桃園市觀音區新富路、富有一路交叉口,20.73,住,,,1140121,土地1建物1車位0,一層,7,店面(店鋪),商業用,鋼筋混凝土造,,62.53,0,0,0,無,無,8350000,133536,,0.0,0,,RPQNMLMLJHKGFBH77CB,名川富御,S5-1F號,
觀音區,房地(土地+建物)+車位,桃園市觀音區二聖路112號旁,24.66,住,,,1140122,土地1建物1車位1,五層,10,華廈(10層含以下有電梯),住家用,鋼筋混凝土造,,136.6,3,2,2,有,無,10500000,86116,其他,32.09,1500000,,RPRNMLMLJHKGFBH87CB,雲極W1,D-5F號,
中壢區,房地(土地+建物)+車位,桃園市中壢區龍門街與龍門街154巷4弄交叉口附近,25.58,住,,,1140122,土地1建物1車位1,十三層,15,住宅大樓(11層含以上有電梯),住家用,鋼筋混凝土造,,154.43,3,2,2,有,無,14780000,106226,坡道平面,28.19,1370000,,RPSNMLMLJHKGFBH97CB,益展有福,B3棟13F號,
楊梅區,房地(土地+建物)+車位,桃園市楊梅區金溪路與金溪路209巷交叉口附近,33.37,住,,,1140121,土地1建物1車位1,七層,7,華廈(10層含以下有電梯),住家用,鋼筋混凝土造,,153.1,3,2,2,有,無,13080000,90780,坡道平面,25.98,1540000,,RPTNMLMLJHKGFDH28CB,櫻花馥,A棟1-7F號,
桃園區,房地(土地+建物)+車位,桃園市桃園區國強一街94號對面,27.17,住,,,1140121,土地1建物1車位3,六層,23,住宅大樓(11層含以上有電梯),住家用,鋼骨鋼筋混凝土造,,243.6,4,2,2,有,無,28380000,143816,坡道平面,90.07,6300000,,RPPNMLOLJHKGFAH77CB,謙里,B棟3-6F號,
桃園區,房地(土地+建物)+車位,桃園市桃園區國強一街94號對面,25.47,住,,,1140121,土地1建物1車位2,六層,23,住宅大樓(11層含以上有電梯),住家用,鋼骨鋼筋混凝土造,,202.02,3,2,2,有,無,25600000,151147,坡道平面,58.12,3850000,,RPQNMLOLJHKGFAH87CB,謙里,B棟1-6F號,
桃園區,房地(土地+建物)+車位,桃園市桃園區國強一街94號對面,27.17,住,,,1140123,土地1建物1車位2,十四層,23,住宅大樓(11層含以上有電梯),住家用,鋼骨鋼筋混凝土造,,211.65,4,2,2,有,無,27560000,153130,坡道平面,58.12,4050000,,RPSNMLOLJHKGFAH08CB,謙里,B棟3-14F號,
中壢區,房地(土地+建物)+車位,桃園市中壢區安大路109號旁,19.25,,特定農業區,甲種建築用地,1140123,土地1建物1車位1,四層,10,華廈(10層含以下有電梯),住家用,鋼筋混凝土造,,101.76,2,2,2,有,無,8430000,92497,坡道平面,28.46,1650000,,RPSNMLOLJHKGFBH18CB,大清松玥,B9-4F號,
新屋區,房地(土地+建物),桃園市新屋區福洲路78號旁,27.08,住,,,1140122,土地1建物1車位0,四層,5,華廈(10層含以下有電梯),住家用,鋼筋混凝土造,,77.87,2,2,1,有,無,8990000,115449,,0.0,0,,RPTNMLOLJHKGFDH48CB,合翔旭2,A2棟4F號,
楊梅區,房地(土地+建物)+車位,桃園市楊梅區金溪路與金溪路209巷交叉口附近,24.16,住,,,1140123,土地1建物1車位1,三層,7,華廈(10層含以下有電梯),住家用,鋼筋混凝土造,,118.05,2,2,2,有,無,10220000,93516,坡道平面,25.98,1610000,,RPPNMLPLJHKGFDH18CB,櫻花馥,A棟2-3F號,
楊梅區,房地(土地+建物)+車位,桃園市楊梅區金溪路與金溪路209巷交叉口附近,24.5,住,,,1140124,土地1建物1車位1,一層,7,華廈(10層含以下有電梯),住家用,鋼筋混凝土造,,119.27,2,2,2,有,無,9990000,91328,坡道平面,25.98,1470000,,RPQNMLPLJHKGFDH28CB,櫻花馥,B棟5-1F號,
楊梅區,房地(土地+建物)+車位,桃園市楊梅區金溪路與金溪路209巷交叉口附近,23.2,住,,,1140125,土地1建物1車位1,五層,7,華廈(10層含以下有電梯),住家用,鋼筋混凝土造,,113.44,2,2,2,有,無,9570000,90724,坡道平面,24.93,1540000,,RPPNMLQLJHKGFDH28CB,櫻花馥,B棟8-5F號,
楊梅區,房地(土地+建物)+車位,桃園市楊梅區金溪路與金溪路209巷交叉口附近,25.73,住,,,1140127,土地1建物1車位1,二層,7,華廈(10層含以下有電梯),住家用,鋼筋混凝土造,,123.98,2,2,2,有,無,11040000,96531,坡道平面,25.98,1580000,,RPPNMLRLJHKGFDH38CB,櫻花馥,C棟6-2F號,
大園區,房地(土地+建物),桃園市大園區學七街69之1號旁,27.38,住,,,1140129,土地1建物1車位0,三層,5,華廈(10層含以下有電梯),住家用,鋼筋混凝土造,,70.01,2,2,2,有,無,7400000,105699,,0.0,0,,RPPNMLMJKHKGFEH87CB,立程．晴美,A7棟3F號,
觀音區,房地(土地+建物)+車位,桃園市觀音區大富路280巷68號旁,36.77,,特定農業區,甲種建築用地,1140124,土地1建物1車位1,三層,5,華廈(10層含以下有電梯),住家用,鋼筋混凝土造,,139.04,3,2,2,有,無,8400000,66567,一樓平面,31.63,1250000,,RPPNMLNJKHKGFBH67CB,日光寓2,A3棟3樓號,
中壢區,房地(土地+建物),桃園市中壢區上嶺段578地號,48.56,,特定農業區,甲種建築用地,1140125,土地2建物1車位0,二層,5,華廈(10層含以下有電梯),住家用,鋼筋混凝土造,,120.98,3,2,2,有,無,9990000,82576,,0.0,0,,RPSNMLNJKHKGFBH97CB,明日香,A1-2F號,
楊梅區,房地(土地+建物)+車位,桃園市楊梅區金溪路與金溪路209巷交叉口附近,24.36,住,,,1140131,土地1建物1車位1,七層,7,華廈(10層含以下有電梯),住家用,鋼筋混凝土造,,118.82,2,2,2,有,無,9720000,87678,坡道平面,25.98,1580000,,RPPNMLNJKHKGFDH87CB,櫻花馥,C棟7-7F號,
楊梅區,房地(土地+建物)+車位,桃園市楊梅區金溪路與金溪路209巷交叉口附近,25.25,住,,,1140131,土地1建物1車位1,三層,7,華廈(10層含以下有電梯),住家用,鋼筋混凝土造,,122.22,2,2,2,有,無,10090000,89256,坡道平面,25.98,1500000,,RPRNMLNJKHKGFDH08CB,櫻花馥,B棟6-3F號,
中壢區,房地(土地+建物)+車位,桃園市中壢區中園路192號,68.8,,工業區,丁種建築用地,1140121,土地2建物1車位5,一層,12,廠辦,工業用,鋼筋混凝土造,,538.42,0,0,0,無,無,42690000,106350,坡道平面,207.53,7500000,,RPTNMLOJKHKGFBH18CB,綠意領航1號,B棟2-1F號,
中壢區,房地(土地+建物)+車位,桃園市中壢區中園路192號,68.8,,工業區,丁種建築用地,1140121,土地2建物1車位5,一層,12,廠辦,工業用,鋼筋混凝土造,,538.42,0,0,0,無,無,42530000,105866,坡道平面,207.53,7500000,,RPUNMLOJKHKGFBH28CB,綠意領航1號,B棟3-1F號,
中壢區,房地(土地+建物)+車位,桃園市中壢區中園路192號,74.75,,工業區,丁種建築用地,1140121,土地2建物1車位5,一層,12,廠辦,工業用,鋼筋混凝土造,,566.72,0,0,0,無,無,45720000,106406,坡道平面,207.53,7500000,,RPVNMLOJKHKGFBH38CB,綠意領航1號,B棟1-1F號,
中壢區,房地(土地+建物)+車位,桃園市中壢區中園路192號,68.8,,工業區,丁種建築用地,1140121,土地2建物1車位4,二層,12,廠辦,工業用,鋼筋混凝土造,,496.91,0,0,0,無,無,36040000,90785,坡道平面,166.02,6000000,,RPWNMLOJKHKGFBH48CB,綠意領航1號,B棟3-2F號,
中壢區,房地(土地+建物)+車位,桃園市中壢區中園路192號,144.23,,工業區,丁種建築用地,1140121,土地2建物1車位4,二層,12,廠辦,工業用,鋼筋混凝土造,,859.33,0,0,0,無,無,70170000,92556,坡道平面,166.02,6000000,,RPXNMLOJKHKGFBH58CB,綠意領航1號,B棟2-2F號,
中壢區,房地(土地+建物)+車位,桃園市中壢區中園路192號,69.48,,工業區,丁種建築用地,1140121,土地2建物1車位5,二層,12,廠辦,工業用,鋼筋混凝土造,,541.82,0,0,0,無,無,37850000,90789,坡道平面,207.53,7500000,,RPOOMLOJKHKGFBH77CB,綠意領航1號,B棟4-2F號,
中壢區,房地(土地+建物)+車位,桃園市中壢區大圳路一段231巷附近,21.94,住,,,1140124,土地1建物1車位1,七層,14,住宅大樓(11層含以上有電梯),住家用,鋼筋混凝土造,,142.8,3,2,2,有,無,19270000,145256,坡道平面,24.87,2140000,,RPPOMLOJKHKGFBH87CB,勤樸大道,A棟1-7號,
中壢區,房地(土地+建物),桃園市中壢區文化路25、27號,8.57,商,,,1140122,土地2建物1車位0,五層,24,住宅大樓(11層含以上有電梯),住家用,鋼筋混凝土造,,95.36,2,1,1,有,無,13900000,145763,,0.0,0,,RPPNMLPJKHKGFBH87CB,柏宣天擎,A8-5F號,
楊梅區,房地(土地+建物),桃園市楊梅區中華南路二段480巷20號旁,41.33,,特定農業區,甲種建築用地,1140129,土地3建物1車位0,三層,5,華廈(10層含以下有電梯),住家用,鋼筋混凝土造,,109.08,3,2,2,有,無,8510000,78016,,0.0,0,使用權車位,RPPNMLPJKHKGFDH08CB,豐禾,J棟3號,
大園區,房地(土地+建物)+車位,桃園市大園區園學路與文治路附近,29.31,住,,,1140122,土地1建物1車位1,五層,14,住宅大樓(11層含以上有電梯),住家用,鋼筋混凝土造,,159.52,3,2,2,有,無,12360000,95434,坡道平面,45.2,1450000,,RPPNMLPJKHKGFEH18CB,緣學,B棟1-05F號,
八德區,房地(土地+建物)+車位,桃園市八德區永豐路與富城街交叉口附近,12.62,住,,,1140124,土地1建物1車位1,三層,15,住宅大樓(11層含以上有電梯),住家用,鋼筋混凝土造,,104.35,2,2,1,有,無,11930000,128514,坡道平面,24.67,1690000,,RPPNMLPJKHKGFFH28CB,合雄大境,E6棟3F號,
龜山區,房地(土地+建物)+車位,桃園市龜山區新興街與新興街88巷交叉口,26.07,住,,,1140124,土地1建物1車位1,十二層,12,住宅大樓(11層含以上有電梯),住家用,鋼筋混凝土造,,113.2,2,2,1,有,無,15680000,160356,坡道平面,27.89,2000000,,RPPNMLPJKHKGFHH48CB,昇樺樂活,A02-12F號,
中壢區,房地(土地+建物)+車位,桃園市中壢區中豐北路一段與興北二路交叉口附近,15.01,住,,,1140122,土地2建物1車位1,九層,15,住宅大樓(11層含以上有電梯),住家用,鋼筋混凝土造,,104.12,2,2,2,有,無,13940000,150350,坡道平面,24.04,1900000,,RPPNMLQJKHKGFBH97CB,鴻廣川湛,B棟3-9F號,
中壢區,房地(土地+建物)+車位,桃園市中壢區中豐北路一段與興北二路交叉口附近,22.62,住,,,1140124,土地2建物1車位1,十三層,15,住宅大樓(11層含以上有電梯),住家用,鋼筋混凝土造,,144.54,3,2,2,有,無,21300000,160996,坡道平面,24.04,1900000,,RPQNMLQJKHKGFBH08CB,鴻廣川湛,C棟2-13F號,
蘆竹區,房地(土地+建物)+車位,桃園市蘆竹區興中街100巷10號旁,9.82,商,,,1140121,土地1建物1車位1,十九層,20,住宅大樓(11層含以上有電梯),住家用,鋼筋混凝土造,,110.34,2,2,2,有,無,12650000,135288,坡道平面,29.18,1670000,,RPPNMLQJKHKGFEH28CB,皇普MOMA-琢慕,B棟6-19號,
觀音區,房地(土地+建物),桃園市觀音區莊敬二街上,23.46,住,,,1140126,土地1建物1車位0,五層,5,華廈(10層含以下有電梯),住家用,鋼筋混凝土造,,58.92,2,2,1,有,無,5480000,93007,,0.0,0,,RPTNMLRJKHKGFBH48CB,悅世界2,A6-5F號,
中壢區,房地(土地+建物),桃園市中壢區內厝十一路旁,46.61,,特定農業區,農牧用地,1140123,土地7建物1車位0,二層,7,華廈(10層含以下有電梯),住家用,鋼筋混凝土造,,72.49,2,2,2,有,無,7170000,98910,,0.0,0,,RPPNMLSJKHKGFBH18CB,中正崙美,A棟3-2F號,
中壢區,房地(土地+建物),桃園市中壢區內厝十一路旁,47.92,,特定農業區,農牧用地,1140125,土地7建物1車位0,五層,7,華廈(10層含以下有電梯),住家用,鋼筋混凝土造,,77.61,2,2,2,有,無,7800000,100503,,0.0,0,,RPQNMLSJKHKGFBH28CB,中正崙美,A棟4-5F號,
中壢區,房地(土地+建物),桃園市中壢區內厝十一路旁,47.92,,特定農業區,農牧用地,1140125,土地7建物1車位0,六層,7,華廈(10層含以下有電梯),住家用,鋼筋混凝土造,,77.61,2,2,2,有,無,7950000,102435,,0.0,0,,RPRNMLSJKHKGFBH38CB,中正崙美,A棟4-6F號,
中壢區,房地(土地+建物),桃園市中壢區內厝十一路旁,20.32,,特定農業區,甲種建築用地,1140122,土地6建物1車位0,三層,7,華廈(10層含以下有電梯),住家用,鋼筋混凝土造,,73.21,2,2,2,有,無,6500000,88786,,0.0,0,,RPTNMLSJKHKGFBH58CB,中正崙美,E棟1-3F號,
八德區,房地(土地+建物)+車位,桃園市八德區廣興路及廣興路108巷交叉口,21.24,住,,,1140125,土地1建物1車位1,四層,14,住宅大樓(11層含以上有電梯),住家用,鋼筋混凝土造,,146.35,3,2,2,有,無,15250000,119121,坡道平面,32.6,1700000,,RPPNMLSJKHKGFFH68DB,深耕十三期,B棟6-4F號,
桃園區,房地(土地+建物)+車位,桃園市桃園區日光路附近,18.86,住,,,1140125,土地1建物1車位1,八層,12,住宅大樓(11層含以上有電梯),住家用,鋼筋混凝土造,,151.95,3,2,2,有,無,19500000,158443,坡道平面,41.5,2000000,,RPRNMLKKKHKGFAH57CB,麗寶南法莊園-普羅旺斯,D棟D1-8F號,
觀音區,房地(土地+建物),桃園市觀音區富觀二街上,30.59,住,,,1140123,土地1建物1車位0,五層,5,華廈(10層含以下有電梯),住家用,鋼筋混凝土造,,79.11,2,2,2,有,無,7610000,96195,,0.0,0,,RPSNMLKKKHKGFBH77CB,永旭筠禾,A1棟5F號,
大園區,房地(土地+建物)+車位,桃園市大園區領航北路四段51號旁,23.67,住,,,1140122,土地3建物1車位1,七層,9,華廈(10層含以下有電梯),住家用,見其他登記事項,,140.85,2,2,2,有,無,20980000,180278,坡道平面,36.4,2150000,,RPTNMLKKKHKGFEH18CB,臥墨池,A棟3-7F號,
大園區,房地(土地+建物)+車位,桃園市大園區領航北路四段51號旁,24.09,住,,,1140124,土地3建物1車位1,六層,10,華廈(10層含以下有電梯),住家用,見其他登記事項,,142.93,2,2,2,有,無,23000000,196189,坡道平面,36.4,2100000,,RPUNMLKKKHKGFEH28CB,臥墨池,C棟8-6F號,
大園區,房地(土地+建物)+車位,桃園市大園區客運一段122地號,19.86,住,,,1140126,土地1建物1車位1,十一層,15,住宅大樓(11層含以上有電梯),住家用,鋼筋混凝土造,,108.93,2,2,1,有,無,9530000,96918,坡道平面,25.87,1480000,,RPQOMLKKKHKGFEH97CB,協勝雙子城Ⅱ,C5棟11F號,
八德區,房地(土地+建物)+車位,桃園市八德區東勇北路與忠勇三街交叉口,14.81,住,,,1140126,土地3建物1車位1,二層,10,華廈(10層含以下有電梯),住家用,鋼筋混凝土造,,113.73,2,2,1,有,無,12280000,127044,坡道平面,33.6,2100000,,RPWOMLKKKHKGFFH68CB,昭揚大昇,A1棟2F號,
八德區,房地(土地+建物)+車位,桃園市八德區東勇北路與忠勇三街交叉口,14.86,住,,,1140123,土地3建物1車位1,十層,10,華廈(10層含以下有電梯),住家用,鋼筋混凝土造,,113.99,2,2,1,有,無,13400000,140565,坡道平面,33.6,2100000,,RPOPMLKKKHKGFFH97CB,昭揚大昇,A3棟10F號,
八德區,房地(土地+建物)+車位,桃園市八德區東勇北路與忠勇三街交叉口,12.55,住,,,1140124,土地3建物1車位1,五層,10,華廈(10層含以下有電梯),住家用,鋼筋混凝土造,,101.43,2,2,1,有,無,11150000,131948,坡道平面,33.6,2200000,,RPPPMLKKKHKGFFH08CB,昭揚大昇,B1棟5F號,
八德區,房地(土地+建物)+車位,桃園市八德區東勇北路與忠勇三街交叉口,12.55,住,,,1140125,土地3建物1車位1,十層,10,華廈(10層含以下有電梯),住家用,鋼筋混凝土造,,101.43,2,2,1,有,無,11200000,134159,坡道平面,33.6,2100000,,RPQPMLKKKHKGFFH18CB,昭揚大昇,B1棟10F號,
八德區,房地(土地+建物)+車位,桃園市八德區東勇北路與忠勇三街交叉口,14.71,住,,,1140123,土地3建物1車位1,五層,10,華廈(10層含以下有電梯),住家用,鋼筋混凝土造,,110.5,2,2,1,有,無,12890000,134229,坡道平面,30.86,2200000,,RPRPMLKKKHKGFFH28CB,昭揚大昇,B2棟5F號,
八德區,房地(土地+建物)+車位,桃園市八德區東勇北路與忠勇三街交叉口,14.89,住,,,1140123,土地3建物1車位1,三層,10,華廈(10層含以下有電梯),住家用,鋼筋混凝土造,,114.12,2,2,1,有,無,13050000,135991,坡道平面,33.6,2100000,,RPSPMLKKKHKGFFH38CB,昭揚大昇,B3棟3F號,
八德區,房地(土地+建物)+車位,桃園市八德區東勇北路與忠勇三街交叉口,14.89,住,,,1140123,土地3建物1車位1,九層,10,華廈(10層含以下有電梯),住家用,鋼筋混凝土造,,114.12,2,2,1,有,無,13530000,140710,坡道平面,33.6,2200000,,RPTPMLKKKHKGFFH48CB,昭揚大昇,B3棟9F號,
龍潭區,房地(土地+建物),桃園市龍潭區民族路312巷154弄5衖旁,29.74,,鄉村區,乙種建築用地,1140125,土地1建物1車位0,三層,5,華廈(10層含以下有電梯),住家用,鋼筋混凝土造,,74.09,2,2,2,有,無,6100000,82332,,0.0,0,,RPQNMLKKKHKGFCH77DB,承崴綻III,A1棟3F號,
龍潭區,房地(土地+建物)+車位,桃園市龍潭區民族路312巷154弄5衖旁,30.71,,鄉村區,乙種建築用地,1140125,土地1建物1車位1,四層,5,華廈(10層含以下有電梯),住家用,鋼筋混凝土造,,102.06,2,2,2,有,無,7530000,81332,一樓平面,25.46,1300000,,RPSNMLKKKHKGFCH97DB,承崴綻III,A2棟4F號,
龍潭區,房地(土地+建物)+車位,桃園市龍潭區民族路312巷154弄5衖旁,30.71,,鄉村區,乙種建築用地,1140125,土地1建物1車位1,五層,5,華廈(10層含以下有電梯),住家用,鋼筋混凝土造,,102.06,2,2,2,有,無,7600000,82245,一樓平面,25.46,1300000,,RPTNMLKKKHKGFCH08DB,承崴綻III,A2棟5F號,
龍潭區,房地(土地+建物)+車位,桃園市龍潭區民族路312巷154弄5衖旁,30.71,,鄉村區,乙種建築用地,1140125,土地1建物1車位1,二層,5,華廈(10層含以下有電梯),住家用,鋼筋混凝土造,,115.48,2,2,2,有,無,7650000,80287,一樓平面,38.88,1500000,,RPVNMLKKKHKGFCH28DB,承崴綻III,A2棟2F號,
龍潭區,房地(土地+建物)+車位,桃園市龍潭區民族路312巷154弄5衖旁,29.74,,鄉村區,乙種建築用地,1140125,土地1建物1車位1,四層,5,華廈(10層含以下有電梯),住家用,鋼筋混凝土造,,99.55,2,2,2,有,無,7320000,81253,一樓平面,25.46,1300000,,RPXNMLKKKHKGFCH48DB,承崴綻III,A1棟4F號,
龍潭區,房地(土地+建物),桃園市龍潭區民族路312巷154弄5衖旁,29.74,,鄉村區,乙種建築用地,1140125,土地1建物1車位0,五層,5,華廈(10層含以下有電梯),住家用,鋼筋混凝土造,,74.09,2,2,2,有,無,6000000,80983,,0.0,0,,RPPOMLKKKHKGFCH77DB,承崴綻III,A1棟5F號,
桃園區,房地(土地+建物)+車位,桃園市桃園區正光路近慈文路口,24.67,住,,,1140122,土地1建物1車位1,十四層,21,住宅大樓(11層含以上有電梯),住家用,鋼筋混凝土造,,194.88,3,2,2,有,無,26360000,157218,坡道平面,39.3,1900000,,RPTOMLLKKHKGFAH97CB,葛里法7,A棟3-14F號,
桃園區,房地(土地+建物)+車位,桃園市桃園區正光路近慈文路口,23.82,住,,,1140122,土地1建物1車位1,十六層,21,住宅大樓(11層含以上有電梯),住家用,鋼筋混凝土造,,189.72,3,2,2,有,無,23640000,144529,坡道平面,39.3,1900000,親友、員工、共有人或其他特殊關係間之交易；,RPUOMLLKKHKGFAH08CB,葛里法7,A棟1-16F號,
桃園區,房地(土地+建物)+車位,桃園市桃園區正光路近慈文路口,24.63,住,,,1140122,土地1建物1車位1,三層,21,住宅大樓(11層含以上有電梯),住家用,鋼筋混凝土造,,194.71,3,2,2,有,無,27190000,161444,坡道平面,39.3,2100000,,RPVOMLLKKHKGFAH18CB,葛里法7,A棟5-3F號,
桃園區,房地(土地+建物)+車位,桃園市桃園區正光路近慈文路口,24.67,住,,,1140122,土地1建物1車位1,十層,21,住宅大樓(11層含以上有電梯),住家用,鋼筋混凝土造,,194.88,3,2,2,有,無,26290000,154840,坡道平面,39.3,2200000,,RPWOMLLKKHKGFAH28CB,葛里法7,A棟3-10F號,
桃園區,房地(土地+建物)+車位,桃園市桃園區正光路近慈文路口,24.67,住,,,1140124,土地1建物1車位1,十二層,21,住宅大樓(11層含以上有電梯),住家用,鋼筋混凝土造,,194.88,3,2,2,有,無,26080000,155418,坡道平面,39.3,1900000,,RPXOMLLKKHKGFAH38CB,葛里法7,A棟2-12F號,
桃園區,房地(土地+建物)+車位,桃園市桃園區正光路近慈文路口,24.67,住,,,1140125,土地1建物1車位1,十一層,21,住宅大樓(11層含以上有電梯),住家用,鋼筋混凝土造,,194.88,3,2,2,有,無,26190000,154840,坡道平面,39.3,2100000,,RPOPMLLKKHKGFAH57CB,葛里法7,A棟2-11F號,
觀音區,房地(土地+建物)+車位,桃園市觀音區富貴二街,15.55,住,,,1140121,土地1建物1車位1,一層,14,住宅大樓(11層含以上有電梯),商業用,鋼筋混凝土造,,107.36,0,0,1,有,無,10480000,114019,坡道平面,25.97,1200000,,RPOOMLLKKHKGFBH57CB,鴻灃悅,S05棟1F號,
大園區,房地(土地+建物)+車位,桃園市大園區和平西路二段517號旁,27.44,,特定農業區,甲種建築用地,1140122,土地2建物1車位1,八層,10,華廈(10層含以下有電梯),住家用,鋼筋混凝土造,,114.81,2,2,2,有,無,9580000,94974,坡道平面,31.84,1700000,,RPQNMLLKKHKGFEH97CB,富總日日,A7棟8號,
平鎮區,房地(土地+建物)+車位,桃園市平鎮區平東路一段110號附近,27.66,,特定農業區,甲種建築用地,1140121,土地1建物1車位1,三層,12,住宅大樓(11層含以上有電梯),住家用,鋼筋混凝土造,,136.36,3,2,2,有,無,11000000,90988,坡道平面,33.05,1600000,,RPPNMLLKKHKGFGH08CB,旭晟晟鏡,A5棟3號,
平鎮區,房地(土地+建物)+車位,桃園市平鎮區平東路一段110號附近,31.8,,特定農業區,甲種建築用地,1140121,土地1建物1車位1,六層,12,住宅大樓(11層含以上有電梯),住家用,鋼筋混凝土造,,152.1,3,2,2,有,無,12690000,91659,坡道平面,33.29,1800000,,RPRNMLLKKHKGFGH28CB,旭晟晟鏡,A6棟6號,
平鎮區,房地(土地+建物)+車位,桃園市平鎮區平東路一段110號附近,31.8,,特定農業區,甲種建築用地,1140124,土地1建物1車位1,八層,12,住宅大樓(11層含以上有電梯),住家用,鋼筋混凝土造,,152.1,3,2,2,有,無,13480000,99150,坡道平面,33.29,1700000,,RPSNMLLKKHKGFGH38CB,旭晟晟鏡,A6棟8號,
平鎮區,房地(土地+建物)+車位,桃園市平鎮區平東路一段110號附近,23.73,,特定農業區,甲種建築用地,1140124,土地1建物1車位1,五層,12,住宅大樓(11層含以上有電梯),住家用,鋼筋混凝土造,,121.93,2,2,2,有,無,9660000,88673,坡道平面,33.29,1800000,親友、員工、共有人或其他特殊關係間之交易；,RPTNMLLKKHKGFGH48CB,旭晟晟鏡,A8棟5號,
平鎮區,房地(土地+建物)+車位,桃園市平鎮區平東路一段110號附近,31.8,,特定農業區,甲種建築用地,1140124,土地1建物1車位1,五層,12,住宅大樓(11層含以上有電梯),住家用,鋼筋混凝土造,,152.1,3,2,2,有,無,12300000,88376,坡道平面,33.29,1800000,親友、員工、共有人或其他特殊關係間之交易；,RPVNMLLKKHKGFGH68CB,旭晟晟鏡,A9棟5號,
龜山區,房地(土地+建物)+車位,桃園市龜山區樂善二路與牛角坡路交叉口,10.16,住,,,1140122,土地1建物1車位1,十層,15,住宅大樓(11層含以上有電梯),住家用,鋼筋混凝土造,,110.4,2,2,2,有,無,15560000,171092,坡道平面,30.56,1900000,,RPPNMLLKKHKGFHH18CB,捷市閱,C12棟10F號,
龜山區,房地(土地+建物)+車位,桃園市龜山區樂善二路與牛角坡路交叉口,15.51,住,,,1140122,土地1建物1車位1,十一層,15,住宅大樓(11層含以上有電梯),住家用,鋼筋混凝土造,,152.39,3,2,2,有,無,21700000,162522,坡道平面,30.56,1900000,,RPQNMLLKKHKGFHH28CB,捷市閱,D1棟11F號,
龍潭區,房地(土地+建物),桃園市龍潭區民族路312巷154弄5衖旁,29.74,,鄉村區,乙種建築用地,1140125,土地1建物1車位0,二層,5,華廈(10層含以下有電梯),住家用,鋼筋混凝土造,,74.09,2,2,2,有,無,5880000,79363,,0.0,0,,RPPNMLLKKHKGFCH77DB,承崴綻III,A1棟2F號,
桃園區,房地(土地+建物)+車位,桃園市桃園區水汴一路131號旁,9.49,商,,,1140123,土地1建物1車位1,十五層,15,住宅大樓(11層含以上有電梯),住家用,鋼筋混凝土造,,109.19,2,2,1,有,無,14150000,153749,坡道平面,29.84,1950000,,RPPNMLNKKHKGFAH67CB,竹城旭川,A4-15F號,
桃園區,房地(土地+建物)+車位,桃園市桃園區水汴一路131號旁,14.78,商,,,1140124,土地1建物1車位1,八層,15,住宅大樓(11層含以上有電梯),住家用,鋼筋混凝土造,,153.68,3,2,2,有,無,19490000,140019,坡道平面,29.84,2150000,,RPQNMLNKKHKGFAH77CB,竹城旭川,A3-8F號,
桃園區,房地(土地+建物)+車位,桃園市桃園區經國路與水岸二街交叉口,27.44,住,,,1140121,土地1建物1車位1,二層,14,住宅大樓(11層含以上有電梯),住家用,鋼筋混凝土造,,180.57,3,2,2,有,無,26000000,164023,坡道平面,32.42,1700000,此戶為露臺戶，坪數為7.91坪。,RPRNMLNKKHKGFAH87CB,尊勝白金濤苑,B棟B2-2F號,
中壢區,房地(土地+建物)+車位,桃園市中壢區領航南路三段與青雲路口,37.71,商,,,1140121,土地1建物1車位4,十六層,17,辦公商業大樓,商業用,見其他登記事項,,376.97,0,0,0,無,無,50720000,144888,坡道平面,76.6,7200000,,RPQNMLNKKHKGFBH87CB,森PLAZA,A棟1-16F號,
中壢區,房地(土地+建物)+車位,桃園市中壢區領航南路三段與青雲路口,73.39,商,,,1140121,土地1建物1車位4,十六層,17,辦公商業大樓,商業用,見其他登記事項,,660.69,0,0,0,無,無,93250000,147323,坡道平面,76.6,7200000,,RPRNMLNKKHKGFBH97CB,森PLAZA,A棟3-16F號,
新屋區,房地(土地+建物)+車位,桃園市新屋區赤欄里1鄰東興路一段450巷58號八樓之5,20.68,,特定農業區,甲種建築用地,1140126,土地2建物1車位1,八層,10,華廈(10層含以下有電梯),住家用,鋼筋混凝土造,,119.85,2,2,1,有,無,6800000,65442,坡道平面,36.57,1350000,,RPRNMLNKKHKGFDH18CB,大清夢想家,E5棟8樓號,
大園區,房地(土地+建物)+車位,桃園市大園區園科路與大觀路口客運一段54地號,9.73,商,,,1140125,土地1建物1車位1,十層,15,住宅大樓(11層含以上有電梯),住家用,鋼筋混凝土造,,82.19,2,2,1,有,無,8940000,122742,坡道平面,22.39,1600000,,RPPNMLNKKHKGFEH08CB,璟都航空城,A棟10-10F號,
大園區,房地(土地+建物)+車位,桃園市大園區園科路與大觀路口客運一段54地號,9.73,商,,,1140125,土地1建物1車位1,七層,15,住宅大樓(11層含以上有電梯),住家用,鋼筋混凝土造,,79.27,2,2,1,有,無,8960000,121405,坡道平面,19.47,1700000,,RPQNMLNKKHKGFEH18CB,璟都航空城,A棟10-7F號,
大園區,房地(土地+建物)+車位,桃園市大園區園科路與大觀路口客運一段54地號,14.81,商,,,1140125,土地1建物1車位1,十一層,15,住宅大樓(11層含以上有電梯),住家用,鋼筋混凝土造,,111.76,3,2,2,有,無,12000000,114132,坡道平面,22.39,1800000,,RPRNMLNKKHKGFEH28CB,璟都航空城,D棟2-11F號,
蘆竹區,房地(土地+建物)+車位,桃園市蘆竹區大新一街331號旁,15.63,商,,,1140124,土地1建物1車位1,二層,15,住宅大樓(11層含以上有電梯),住家用,鋼筋混凝土造,,158.6,3,2,2,有,無,14450000,96921,坡道平面,27.05,1700000,,RPXNMLNKKHKGFEH88CB,築心匯,B棟B3-02F號,
中壢區,房地(土地+建物)+車位,桃園市中壢區領航南路三段與青雲路口,54.96,商,,,1140121,土地1建物1車位3,十六層,17,辦公商業大樓,商業用,見其他登記事項,,494.66,0,0,0,無,無,68750000,144896,坡道平面,57.45,5400000,,RPPNMLOKKHKGFBH87CB,森PLAZA,A棟5-16F號,
中壢區,房地(土地+建物)+車位,桃園市中壢區領航南路三段與青雲路口,38.13,商,,,1140121,土地1建物1車位3,十六層,17,辦公商業大樓,商業用,見其他登記事項,,360.76,0,0,0,無,無,48430000,141868,坡道平面,57.45,5400000,,RPQNMLOKKHKGFBH97CB,森PLAZA,A棟6-16F號,
蘆竹區,房地(土地+建物)+車位,桃園市蘆竹區上竹路125號旁,27.94,住,,,1140127,土地1建物1車位2,七層,12,住宅大樓(11層含以上有電梯),住家用,鋼筋混凝土造,,186.02,3,2,2,有,無,20500000,127749,坡道平面,56.86,4000000,,RPQNMLOKKHKGFEH28CB,卓悅水美,B棟7F號,
八德區,房地(土地+建物),桃園市八德區和平路43號,11.64,商,,,1140121,土地4建物1車位0,六層,13,住宅大樓(11層含以上有電梯),住家用,鋼筋混凝土造,,81.21,2,2,2,有,無,11300000,139145,,0.0,0,,RPPNMLOKKHKGFFH28CB,雙捷森鄰,A棟6A號,
中壢區,房地(土地+建物)+車位,桃園市中壢區領航南路三段與青雲路口,54.96,商,,,1140121,土地1建物1車位4,十三層,17,辦公商業大樓,商業用,見其他登記事項,,514.12,0,0,0,無,無,70300000,144222,坡道平面,76.6,7200000,,RPQNMLRKKHKGFBH28CB,森PLAZA,A棟5-13F號,
中壢區,房地(土地+建物)+車位,桃園市中壢區安大路109號旁,21.14,,特定農業區,甲種建築用地,1140124,土地1建物1車位1,八層,11,住宅大樓(11層含以上有電梯),住家用,鋼筋混凝土造,,108.96,2,2,2,有,無,9670000,100870,坡道平面,28.46,1550000,,RPXNMLRKKHKGFBH98CB,大清松玥,A3-8F號,
龍潭區,房地(土地+建物),桃園市龍潭區復興路15號對面,74.99,,一般農業區,甲種建築用地,1140123,土地1建物1車位0,全,5,透天厝,住家用,鋼筋混凝土造,,213.58,3,2,5,有,無,19000000,88960,,0.0,0,,RPPNMLRKKHKGFCH28CB,和盛琚,B棟6號,
大園區,房地(土地+建物)+車位,桃園市大園區桃園航空城機場園區街廓2基地,47.13,住,,,1140121,土地1建物1車位1,四層,7,華廈(10層含以下有電梯),住家用,鋼筋混凝土造,,182.93,3,2,2,有,無,8763585,54107,坡道平面,38.52,950000,1.本交易為安置住宅,RPRQMLRKKHKGFEH98CB,桃園航空城機場園區街廓2基地,B1-4F號,
大園區,房地(土地+建物)+車位,桃園市大園區桃園航空城機場園區街廓3基地,56.45,住,,,1140121,土地3建物1車位1,一層,7,華廈(10層含以下有電梯),住家用,鋼筋混凝土造,,188.0,3,2,2,有,無,10370408,62707,坡道平面,37.77,950000,1.本交易為安置住宅,RPSQMLRKKHKGFEH09CB,桃園航空城機場園區街廓3基地,L2-1F號,
大園區,房地(土地+建物)+車位,桃園市大園區桃園航空城機場園區街廓2基地,47.01,住,,,1140121,土地1建物1車位1,七層,7,華廈(10層含以下有電梯),住家用,鋼筋混凝土造,,182.54,3,2,2,有,無,8924695,55372,坡道平面,38.52,950000,1.本交易為安置住宅,RPTQMLRKKHKGFEH56CB,桃園航空城機場園區街廓2基地,B7-7F號,
大園區,房地(土地+建物)+車位,桃園市大園區桃園航空城機場園區街廓2基地,49.21,住,,,1140121,土地1建物1車位1,五層,7,華廈(10層含以下有電梯),住家用,鋼筋混凝土造,,189.31,3,2,2,有,無,9012541,53469,坡道平面,38.52,950000,1.本交易為安置住宅,RPUQMLRKKHKGFEH66CB,桃園航空城機場園區街廓2基地,D2-5F號,
大園區,房地(土地+建物)+車位,桃園市大園區桃園航空城機場園區街廓2基地,48.98,住,,,1140121,土地1建物1車位1,三層,7,華廈(10層含以下有電梯),住家用,鋼筋混凝土造,,192.04,3,2,2,有,無,8985083,52827,坡道平面,41.83,1050000,1.本交易為安置住宅,RPVQMLRKKHKGFEH76CB,桃園航空城機場園區街廓2基地,D1-3F號,
大園區,房地(土地+建物)+車位,桃園市大園區桃園航空城機場園區街廓1基地,52.23,住,,,1140121,土地2建物1車位1,七層,7,華廈(10層含以下有電梯),住家用,鋼筋混凝土造,,178.17,3,2,2,有,無,9275813,57251,坡道平面,34.49,1050000,1.本交易為安置住宅,RPWQMLRKKHKGFEH86CB,桃園航空城機場園區街廓1基地,E1-7F號,
大園區,房地(土地+建物)+車位,桃園市大園區桃園航空城機場園區街廓2基地,39.27,住,,,1140121,土地1建物1車位1,六層,7,華廈(10層含以下有電梯),住家用,鋼筋混凝土造,,159.12,3,2,2,有,無,6398857,43523,坡道平面,38.52,1150000,1.本交易為安置住宅2.本戶符合差額減收規定，原房屋價款4584428元，差額減收後之房屋價款為3158929元,RPXQMLRKKHKGFEH96CB,桃園航空城機場園區街廓2基地,C2-6F號,
大園區,房地(土地+建物)+車位,桃園市大園區桃園航空城機場園區街廓2基地,49.21,住,,,1140121,土地1建物1車位1,三層,7,華廈(10層含以下有電梯),住家用,鋼筋混凝土造,,189.31,3,2,2,有,無,9212541,53469,坡道平面,38.52,1150000,1.本交易為安置住宅,RPORMLRKKHKGFEH78CB,桃園航空城機場園區街廓2基地,D2-3F號,
大園區,房地(土地+建物)+車位,桃園市大園區桃園航空城機場園區街廓3基地,56.64,住,,,1140121,土地3建物1車位1,二層,7,華廈(10層含以下有電梯),住家用,鋼筋混凝土造,,188.74,3,2,2,有,無,9810379,58690,坡道平面,37.77,950000,1.本交易為安置住宅,RPPRMLRKKHKGFEH88CB,桃園航空城機場園區街廓3基地,I5-2F號,
大園區,房地(土地+建物)+車位,桃園市大園區桃園航空城機場園區街廓2基地,47.01,住,,,1140121,土地1建物1車位1,四層,7,華廈(10層含以下有電梯),住家用,鋼筋混凝土造,,182.54,3,2,2,有,無,8651702,53477,坡道平面,38.52,950000,1.本交易為安置住宅,RPQRMLRKKHKGFEH98CB,桃園航空城機場園區街廓2基地,B7-4F號,
大園區,房地(土地+建物)+車位,桃園市大園區桃園航空城機場園區街廓2基地,47.01,住,,,1140121,土地1建物1車位1,三層,7,華廈(10層含以下有電梯),住家用,鋼筋混凝土造,,182.59,3,2,2,有,無,9035862,54736,坡道平面,38.52,1150000,1.本交易為安置住宅,RPRRMLRKKHKGFEH09CB,桃園航空城機場園區街廓2基地,B3-3F號,
大園區,房地(土地+建物)+車位,桃園市大園區桃園航空城機場園區街廓1基地,51.73,住,,,1140121,土地2建物1車位1,三層,7,華廈(10層含以下有電梯),住家用,鋼筋混凝土造,,173.69,3,2,2,有,無,9102181,55974,坡道平面,31.62,1150000,1.本交易為安置住宅,RPSRMLRKKHKGFEH56CB,桃園航空城機場園區街廓1基地,E3-3F號,
大園區,房地(土地+建物)+車位,桃園市大園區桃園航空城機場園區街廓1基地,42.58,住,,,1140121,土地2建物1車位1,六層,7,華廈(10層含以下有電梯),住家用,鋼筋混凝土造,,151.61,3,2,2,有,無,5805861,40607,坡道平面,34.49,1050000,1.本交易為安置住宅2.本戶符合差額減收規定，原房屋價款4407759元，差額減收後之房屋價款為2534486元,RPTRMLRKKHKGFEH66CB,桃園航空城機場園區街廓1基地,E2-6F號,
大園區,房地(土地+建物)+車位,桃園市大園區桃園航空城機場園區街廓1基地,47.53,住,,,1140121,土地2建物1車位1,七層,7,華廈(10層含以下有電梯),住家用,鋼筋混凝土造,,162.17,3,2,2,有,無,8511615,57921,坡道平面,31.62,950000,1.本交易為安置住宅,RPURMLRKKHKGFEH76CB,桃園航空城機場園區街廓1基地,C6-7F號,
大園區,房地(土地+建物)+車位,桃園市大園區桃園航空城機場園區街廓1基地,51.73,住,,,1140121,土地2建物1車位1,三層,7,華廈(10層含以下有電梯),住家用,鋼筋混凝土造,,173.69,3,2,2,有,無,8902181,55974,坡道平面,31.62,950000,1.本交易為安置住宅,RPVRMLRKKHKGFEH86CB,桃園航空城機場園區街廓1基地,D1-3F號,
大園區,房地(土地+建物)+車位,桃園市大園區桃園航空城機場園區街廓1基地,47.53,住,,,1140121,土地2建物1車位1,三層,7,華廈(10層含以下有電梯),住家用,鋼筋混凝土造,,162.16,3,2,2,有,無,8256424,55971,坡道平面,31.62,950000,1.本交易為安置住宅,RPWRMLRKKHKGFEH96CB,桃園航空城機場園區街廓1基地,F2-3F號,
大園區,房地(土地+建物)+車位,桃園市大園區桃園航空城機場園區街廓2基地,49.21,住,,,1140121,土地1建物1車位1,四層,7,華廈(10層含以下有電梯),住家用,鋼筋混凝土造,,189.31,3,2,2,有,無,8917299,52837,坡道平面,38.52,950000,1.本交易為安置住宅,RPXRMLRKKHKGFEH07CB,桃園航空城機場園區街廓2基地,D2-4F號,
大園區,房地(土地+建物)+車位,桃園市大園區桃園航空城機場園區街廓1基地,40.84,住,,,1140121,土地2建物1車位1,七層,7,華廈(10層含以下有電梯),住家用,鋼筋混凝土造,,146.75,3,2,2,有,無,6868795,51833,坡道平面,34.49,1050000,1.本交易為安置住宅2.本戶符合差額減收規定，原房屋價款4176091元，差額減收後之房屋價款為3713375元,RPOSMLRKKHKGFEH88CB,桃園航空城機場園區街廓1基地,D3-7F號,
大園區,房地(土地+建物)+車位,桃園市大園區桃園航空城機場園區街廓1基地,47.53,住,,,1140121,土地2建物1車位1,六層,7,華廈(10層含以下有電梯),住家用,鋼筋混凝土造,,162.16,3,2,2,有,無,8341361,56621,坡道平面,31.62,950000,1.本交易為安置住宅,RPPSMLRKKHKGFEH98CB,桃園航空城機場園區街廓1基地,F2-6F號,
大園區,房地(土地+建物)+車位,桃園市大園區桃園航空城機場園區街廓1基地,52.23,住,,,1140121,土地2建物1車位1,二層,7,華廈(10層含以下有電梯),住家用,鋼筋混凝土造,,178.15,3,2,2,有,無,9181542,56603,坡道平面,34.49,1050000,1.本交易為安置住宅,RPQSMLRKKHKGFEH09CB,桃園航空城機場園區街廓1基地,E1-2F號,
大園區,房地(土地+建物)+車位,桃園市大園區桃園航空城A5基地,49.32,住,,,1140121,土地1建物1車位1,六層,7,華廈(10層含以下有電梯),住家用,鋼筋混凝土造,,191.19,3,2,2,有,無,9465055,53060,坡道平面,34.48,1150000,1.本交易為安置住宅,RPRSMLRKKHKGFEH56CB,桃園航空城機場園區街廓5基地,D4-6F號,
大園區,房地(土地+建物)+車位,桃園市大園區桃園航空城機場園區街廓1基地,51.73,住,,,1140121,土地2建物1車位1,七層,7,華廈(10層含以下有電梯),住家用,鋼筋混凝土造,,176.56,3,2,2,有,無,9187028,57275,坡道平面,34.49,1050000,1.本交易為安置住宅,RPSSMLRKKHKGFEH66CB,桃園航空城機場園區街廓1基地,E3-7F號,
大園區,房地(土地+建物)+車位,桃園市大園區桃園航空城機場園區街廓2基地,47.01,住,,,1140121,土地1建物1車位1,三層,7,華廈(10層含以下有電梯),住家用,鋼筋混凝土造,,182.54,3,2,2,有,無,8742714,54109,坡道平面,38.52,950000,1.本交易為安置住宅,RPTSMLRKKHKGFEH76CB,桃園航空城機場園區街廓2基地,B7-3F號,
大園區,房地(土地+建物)+車位,桃園市大園區桃園航空城機場園區街廓2基地,48.98,住,,,1140121,土地1建物1車位1,四層,7,華廈(10層含以下有電梯),住家用,鋼筋混凝土造,,188.73,3,2,2,有,無,8790209,52195,坡道平面,38.52,950000,1.本交易為安置住宅,RPUSMLRKKHKGFEH86CB,桃園航空城機場園區街廓2基地,D1-4F號,
大園區,房地(土地+建物)+車位,桃園市大園區桃園航空城機場園區街廓1基地,42.58,住,,,1140121,土地2建物1車位1,七層,7,華廈(10層含以下有電梯),住家用,鋼筋混凝土造,,148.74,3,2,2,有,無,6425832,45046,坡道平面,31.62,1150000,1.本交易為安置住宅2.本戶符合差額減收規定，原房屋價款4357111元，差額減收後之房屋價款為3079982元,RPVSMLRKKHKGFEH96CB,桃園航空城機場園區街廓1基地,E5-7F號,
大園區,房地(土地+建物)+車位,桃園市大園區桃園航空城機場園區街廓1基地,51.73,住,,,1140121,土地2建物1車位1,四層,7,華廈(10層含以下有電梯),住家用,鋼筋混凝土造,,173.7,3,2,2,有,無,8625344,54021,坡道平面,31.62,950000,1.本交易為安置住宅,RPWSMLRKKHKGFEH07CB,桃園航空城機場園區街廓1基地,D2-4F號,
大園區,房地(土地+建物)+車位,桃園市大園區桃園航空城機場園區街廓1基地,47.53,住,,,1140121,土地2建物1車位1,六層,7,華廈(10層含以下有電梯),住家用,鋼筋混凝土造,,162.17,3,2,2,有,無,8426712,57271,坡道平面,31.62,950000,1.本交易為安置住宅,RPXSMLRKKHKGFEH17CB,桃園航空城機場園區街廓1基地,C6-6F號,
大園區,房地(土地+建物)+車位,桃園市大園區桃園航空城機場園區街廓3基地,56.64,住,,,1140122,土地3建物1車位1,三層,7,華廈(10層含以下有電梯),住家用,鋼筋混凝土造,,188.73,3,2,2,有,無,9608799,56033,坡道平面,37.77,1150000,1.本交易為安置住宅,RPOTMLRKKHKGFEH98CB,桃園航空城機場園區街廓3基地,G6-3F號,
大園區,房地(土地+建物)+車位,桃園市大園區桃園航空城機場園區街廓2基地,28.99,住,,,1140122,土地1建物1車位1,三層,7,華廈(10層含以下有電梯),住家用,鋼筋混凝土造,,127.38,2,2,2,有,無,4717893,42403,坡道平面,38.52,950000,1.本交易為安置住宅2.本戶符合差額減收規定，原房屋價款3300038元，差額減收後之房屋價款為2260566元,RPPTMLRKKHKGFEH09CB,桃園航空城機場園區街廓2基地,E3-3F號,
大園區,房地(土地+建物)+車位,桃園市大園區桃園航空城機場園區街廓2基地,49.21,住,,,1140122,土地1建物1車位1,六層,7,華廈(10層含以下有電梯),住家用,鋼筋混凝土造,,189.31,3,2,2,有,無,9107828,54101,坡道平面,38.52,950000,1.本交易為安置住宅,RPQTMLRKKHKGFEH56CB,桃園航空城機場園區街廓2基地,D2-6F號,
大園區,房地(土地+建物)+車位,桃園市大園區桃園航空城機場園區街廓3基地,43.87,住,,,1140122,土地3建物1車位1,七層,7,華廈(10層含以下有電梯),住家用,鋼筋混凝土造,,154.69,3,2,2,有,無,6995378,51705,坡道平面,37.77,950000,1.本交易為安置住宅2.本戶符合差額減收規定，原房屋價款4382421元，差額減收後之房屋價款為3487767元,RPRTMLRKKHKGFEH66CB,桃園航空城機場園區街廓3基地,H2-7F號,
大園區,房地(土地+建物)+車位,桃園市大園區桃園航空城機場園區街廓3基地,42.34,住,,,1140122,土地3建物1車位1,三層,7,華廈(10層含以下有電梯),住家用,鋼筋混凝土造,,150.61,3,2,2,有,無,7498459,58033,坡道平面,37.77,950000,1.本交易為安置住宅,RPSTMLRKKHKGFEH76CB,桃園航空城機場園區街廓3基地,J3-3F號,
大園區,房地(土地+建物)+車位,桃園市大園區桃園航空城機場園區街廓2基地,49.21,住,,,1140122,土地1建物1車位1,四層,7,華廈(10層含以下有電梯),住家用,鋼筋混凝土造,,189.31,3,2,2,有,無,8917299,52837,坡道平面,38.52,950000,1.本交易為安置住宅,RPTTMLRKKHKGFEH86CB,桃園航空城機場園區街廓2基地,F1-4F號,
大園區,房地(土地+建物)+車位,桃園市大園區桃園航空城機場園區街廓3基地,45.39,住,,,1140122,土地3建物1車位1,六層,7,華廈(10層含以下有電梯),住家用,鋼筋混凝土造,,158.52,3,2,2,有,無,7347792,51327,坡道平面,37.77,1150000,1.本交易為安置住宅2.本戶符合差額減收規定，原房屋價款4474402元，差額減收後之房屋價款為3581658元,RPUTMLRKKHKGFEH96CB,桃園航空城機場園區街廓3基地,G2-6F號,
大園區,房地(土地+建物)+車位,桃園市大園區桃園航空城機場園區街廓2基地,39.27,住,,,1140122,土地1建物1車位1,一層,7,華廈(10層含以下有電梯),住家用,鋼筋混凝土造,,159.12,3,2,2,有,無,7099899,50994,坡道平面,38.52,950000,1.本交易為安置住宅2.本戶符合差額減收規定，原房屋價款4846009元，差額減收後之房屋價款為3940722元,RPVTMLRKKHKGFEH07CB,桃園航空城機場園區街廓2基地,F3-1F號,
大園區,房地(土地+建物)+車位,桃園市大園區桃園航空城機場園區街廓3基地,56.64,住,,,1140122,土地3建物1車位1,五層,7,華廈(10層含以下有電梯),住家用,鋼筋混凝土造,,188.73,3,2,2,有,無,9408799,56033,坡道平面,37.77,950000,1.本交易為安置住宅,RPWTMLRKKHKGFEH17CB,桃園航空城機場園區街廓3基地,G6-5F號,
大園區,房地(土地+建物)+車位,桃園市大園區桃園航空城機場園區街廓2基地,39.27,住,,,1140122,土地1建物1車位1,五層,7,華廈(10層含以下有電梯),住家用,鋼筋混凝土造,,159.12,3,2,2,有,無,7319699,52817,坡道平面,38.52,950000,1.本交易為安置住宅,RPXTMLRKKHKGFEH27CB,桃園航空城機場園區街廓2基地,D6-5F號,
大園區,房地(土地+建物)+車位,桃園市大園區桃園航空城機場園區街廓3基地,53.97,住,,,1140122,土地3建物1車位1,四層,7,華廈(10層含以下有電梯),住家用,鋼筋混凝土造,,181.53,3,2,2,有,無,9103048,56713,坡道平面,37.77,950000,1.本交易為安置住宅,RPOUMLRKKHKGFEH09CB,桃園航空城機場園區街廓3基地,H7-4F號,
大園區,房地(土地+建物)+車位,桃園市大園區桃園航空城機場園區街廓2基地,46.66,住,,,1140122,土地1建物1車位1,四層,7,華廈(10層含以下有電梯),住家用,鋼筋混凝土造,,181.76,3,2,2,有,無,8807210,53457,坡道平面,38.52,1150000,1.本交易為安置住宅,RPPUMLRKKHKGFEH56CB,桃園航空城機場園區街廓2基地,B5-4F號,
大園區,房地(土地+建物)+車位,桃園市大園區桃園航空城機場園區街廓3基地,58.93,住,,,1140122,土地3建物1車位1,四層,7,華廈(10層含以下有電梯),住家用,鋼筋混凝土造,,194.89,3,2,2,有,無,10058310,56697,坡道平面,37.77,1150000,1.本交易為安置住宅,RPQUMLRKKHKGFEH66CB,桃園航空城機場園區街廓3基地,G5-4F號,
大園區,房地(土地+建物)+車位,桃園市大園區桃園航空城機場園區街廓3基地,59.12,住,,,1140122,土地3建物1車位1,一層,7,華廈(10層含以下有電梯),住家用,鋼筋混凝土造,,195.16,3,2,2,有,無,10912823,62029,坡道平面,37.77,1150000,1.本交易為安置住宅,RPRUMLRKKHKGFEH76CB,桃園航空城機場園區街廓3基地,I6-1F號,
大園區,房地(土地+建物)+車位,桃園市大園區桃園航空城機場園區街廓3基地,54.36,住,,,1140122,土地3建物1車位1,四層,7,華廈(10層含以下有電梯),住家用,鋼筋混凝土造,,182.53,3,2,2,有,無,9255279,57373,坡道平面,37.77,950000,1.本交易為安置住宅,RPSUMLRKKHKGFEH86CB,桃園航空城機場園區街廓3基地,H1-4F號,
大園區,房地(土地+建物)+車位,桃園市大園區桃園航空城機場園區街廓2基地,47.01,住,,,1140122,土地1建物1車位1,四層,7,華廈(10層含以下有電梯),住家用,鋼筋混凝土造,,182.59,3,2,2,有,無,8744818,54104,坡道平面,38.52,950000,1.本交易為安置住宅,RPTUMLRKKHKGFEH96CB,桃園航空城機場園區街廓2基地,B3-4F號,
大園區,房地(土地+建物)+車位,桃園市大園區桃園航空城機場園區街廓2基地,48.98,住,,,1140122,土地1建物1車位1,七層,7,華廈(10層含以下有電梯),住家用,鋼筋混凝土造,,188.73,3,2,2,有,無,9264628,55353,坡道平面,38.52,950000,1.本交易為安置住宅,RPUUMLRKKHKGFEH07CB,桃園航空城機場園區街廓2基地,F2-7F號,
大園區,房地(土地+建物)+車位,桃園市大園區桃園航空城機場園區街廓3基地,45.2,住,,,1140122,土地3建物1車位1,六層,7,華廈(10層含以下有電梯),住家用,鋼筋混凝土造,,158.44,3,2,2,有,無,8229005,58664,坡道平面,37.77,1150000,1.本交易為安置住宅,RPVUMLRKKHKGFEH17CB,桃園航空城機場園區街廓3基地,I2-6F號,
大園區,房地(土地+建物)+車位,桃園市大園區桃園航空城機場園區街廓3基地,53.97,住,,,1140122,土地3建物1車位1,三層,7,華廈(10層含以下有電梯),住家用,鋼筋混凝土造,,181.53,3,2,2,有,無,9198590,57378,坡道平面,37.77,950000,1.本交易為安置住宅,RPWUMLRKKHKGFEH27CB,桃園航空城機場園區街廓3基地,H7-3F號,
大園區,房地(土地+建物)+車位,桃園市大園區桃園航空城機場園區街廓3基地,56.64,住,,,1140122,土地3建物1車位1,四層,7,華廈(10層含以下有電梯),住家用,鋼筋混凝土造,,188.73,3,2,2,有,無,9308516,55369,坡道平面,37.77,950000,1.本交易為安置住宅,RPXUMLRKKHKGFEH37CB,桃園航空城機場園區街廓3基地,G6-4F號,
大園區,房地(土地+建物)+車位,桃園市大園區桃園航空城機場園區街廓3基地,58.93,住,,,1140122,土地3建物1車位1,七層,7,華廈(10層含以下有電梯),住家用,鋼筋混凝土造,,194.89,3,2,2,有,無,10371474,58691,坡道平面,37.77,1150000,1.本交易為安置住宅,RPOVMLRKKHKGFEH56CB,桃園航空城機場園區街廓3基地,G5-7F號,
大園區,房地(土地+建物)+車位,桃園市大園區桃園航空城機場園區街廓3基地,53.78,住,,,1140122,土地3建物1車位1,二層,7,華廈(10層含以下有電梯),住家用,鋼筋混凝土造,,180.93,3,2,2,有,無,9555702,58715,坡道平面,37.77,1150000,1.本交易為安置住宅,RPPVMLRKKHKGFEH66CB,桃園航空城機場園區街廓3基地,J2-2F號,
大園區,房地(土地+建物)+車位,桃園市大園區桃園航空城機場園區街廓1基地,47.53,住,,,1140122,土地2建物1車位1,六層,7,華廈(10層含以下有電梯),住家用,鋼筋混凝土造,,162.17,3,2,2,有,無,8511615,57921,坡道平面,31.62,950000,1.本交易為安置住宅,RPQVMLRKKHKGFEH76CB,桃園航空城機場園區街廓1基地,A4-6F號,
大園區,房地(土地+建物)+車位,桃園市大園區桃園航空城機場園區街廓3基地,53.97,住,,,1140122,土地3建物1車位1,七層,7,華廈(10層含以下有電梯),住家用,鋼筋混凝土造,,181.77,3,2,2,有,無,9495704,59345,坡道平面,37.77,950000,1.本交易為安置住宅,RPRVMLRKKHKGFEH86CB,桃園航空城機場園區街廓3基地,H3-7F號,
大園區,房地(土地+建物)+車位,桃園市大園區桃園航空城機場園區街廓2基地,49.21,住,,,1140122,土地1建物1車位1,三層,7,華廈(10層含以下有電梯),住家用,鋼筋混凝土造,,189.31,3,2,2,有,無,9012541,53469,坡道平面,38.52,950000,1.本交易為安置住宅,RPSVMLRKKHKGFEH96CB,桃園航空城機場園區街廓2基地,F1-3F號,
大園區,房地(土地+建物)+車位,桃園市大園區桃園航空城機場園區街廓3基地,58.55,住,,,1140122,土地3建物1車位1,四層,7,華廈(10層含以下有電梯),住家用,鋼筋混凝土造,,193.76,3,2,2,有,無,9995581,56706,坡道平面,37.77,1150000,1.本交易為安置住宅,RPTVMLRKKHKGFEH07CB,桃園航空城機場園區街廓3基地,K1-4F號,
大園區,房地(土地+建物)+車位,桃園市大園區桃園航空城機場園區街廓3基地,58.93,住,,,1140122,土地3建物1車位1,五層,7,華廈(10層含以下有電梯),住家用,鋼筋混凝土造,,194.89,3,2,2,有,無,9962682,57362,坡道平面,37.77,950000,1.本交易為安置住宅,RPUVMLRKKHKGFEH17CB,桃園航空城機場園區街廓3基地,G5-5F號,
大園區,房地(土地+建物)+車位,桃園市大園區桃園航空城機場園區街廓3基地,58.93,住,,,1140122,土地3建物1車位1,三層,7,華廈(10層含以下有電梯),住家用,鋼筋混凝土造,,194.89,3,2,2,有,無,10162682,57362,坡道平面,37.77,1150000,1.本交易為安置住宅,RPVVMLRKKHKGFEH27CB,桃園航空城機場園區街廓3基地,G5-3F號,
大園區,房地(土地+建物),桃園市大園區桃園航空城機場園區街廓2基地,28.99,住,,,1140122,土地1建物1車位0,三層,7,華廈(10層含以下有電梯),住家用,鋼筋混凝土造,,88.86,2,2,2,有,無,3587277,40370,,0.0,0,1.本交易為安置住宅2.本戶符合差額減收規定，原房屋價款3300038元，差額減收後之房屋價款為2079950元,RPWVMLRKKHKGFEH37CB,桃園航空城機場園區街廓2基地,E2-3F號,
大園區,房地(土地+建物)+車位,桃園市大園區桃園航空城A5基地,47.53,住,,,1140123,土地1建物1車位1,二層,7,華廈(10層含以下有電梯),住家用,鋼筋混凝土造,,185.4,3,2,2,有,無,10004713,59997,坡道平面,34.48,950000,1.本交易為安置住宅2.本交易含露台,RPXVMLRKKHKGFEH47CB,桃園航空城機場園區街廓5基地,B4-2F號,
大園區,房地(土地+建物)+車位,桃園市大園區桃園航空城機場園區街廓3基地,42.34,住,,,1140123,土地3建物1車位1,七層,7,華廈(10層含以下有電梯),住家用,鋼筋混凝土造,,150.74,3,2,2,有,無,7779036,58680,坡道平面,37.77,1150000,1.本交易為安置住宅,RPOWMLRKKHKGFEH66CB,桃園航空城機場園區街廓3基地,M3-7F號,
大園區,房地(土地+建物)+車位,桃園市大園區桃園航空城A5基地,49.32,住,,,1140123,土地1建物1車位1,三層,7,華廈(10層含以下有電梯),住家用,鋼筋混凝土造,,191.19,3,2,2,有,無,9166689,52432,坡道平面,34.48,950000,1.本交易為安置住宅,RPPWMLRKKHKGFEH76CB,桃園航空城機場園區街廓5基地,A4-3F號,
大園區,房地(土地+建物)+車位,桃園市大園區桃園航空城A5基地,49.68,住,,,1140123,土地1建物1車位1,二層,7,華廈(10層含以下有電梯),住家用,鋼筋混凝土造,,192.43,3,2,2,有,無,9996570,57275,坡道平面,34.48,950000,1.本交易為安置住宅2.本交易含露台,RPQWMLRKKHKGFEH86CB,桃園航空城機場園區街廓5基地,B3-2F號,
大園區,房地(土地+建物)+車位,桃園市大園區桃園航空城A5基地,32.38,住,,,1140123,土地1建物1車位1,五層,7,華廈(10層含以下有電梯),住家用,鋼筋混凝土造,,137.3,2,2,2,有,無,4951536,36973,坡道平面,34.48,1150000,1.本交易為安置住宅2.本戶符合差額減收規定，原房屋價款3786804元，差額減收後之房屋價款為2132100元,RPRWMLRKKHKGFEH96CB,桃園航空城機場園區街廓5基地,A5-5F號,
大園區,房地(土地+建物)+車位,桃園市大園區桃園航空城A5基地,49.32,住,,,1140123,土地1建物1車位1,四層,7,華廈(10層含以下有電梯),住家用,鋼筋混凝土造,,194.21,3,2,2,有,無,9168323,51805,坡道平面,37.5,1050000,1.本交易為安置住宅,RPSWMLRKKHKGFEH07CB,桃園航空城機場園區街廓5基地,A4-4F號,
大園區,房地(土地+建物)+車位,桃園市大園區桃園航空城機場園區街廓3基地,56.64,住,,,1140123,土地3建物1車位1,三層,7,華廈(10層含以下有電梯),住家用,鋼筋混凝土造,,188.73,3,2,2,有,無,9609364,57362,坡道平面,37.77,950000,1.本交易為安置住宅,RPTWMLRKKHKGFEH17CB,桃園航空城機場園區街廓3基地,K6-3F號,
大園區,房地(土地+建物)+車位,桃園市大園區桃園航空城機場園區街廓1基地,51.73,住,,,1140123,土地2建物1車位1,三層,7,華廈(10層含以下有電梯),住家用,鋼筋混凝土造,,173.7,3,2,2,有,無,8917752,54672,坡道平面,31.62,1150000,1.本交易為安置住宅,RPUWMLRKKHKGFEH27CB,桃園航空城機場園區街廓1基地,E4-3F號,
大園區,房地(土地+建物)+車位,桃園市大園區桃園航空城A5基地,49.32,住,,,1140123,土地1建物1車位1,七層,7,華廈(10層含以下有電梯),住家用,鋼筋混凝土造,,194.21,3,2,2,有,無,9663420,53688,坡道平面,37.5,1250000,1.本交易為安置住宅,RPVWMLRKKHKGFEH37CB,桃園航空城機場園區街廓5基地,A4-7F號,
大園區,房地(土地+建物)+車位,桃園市大園區桃園航空城A5基地,47.6,住,,,1140123,土地1建物1車位1,四層,7,華廈(10層含以下有電梯),住家用,鋼筋混凝土造,,188.75,3,2,2,有,無,8885154,51803,坡道平面,37.5,1050000,1.本交易為安置住宅,RPWWMLRKKHKGFEH47CB,桃園航空城機場園區街廓5基地,A1-4F號,
大園區,房地(土地+建物)+車位,桃園市大園區桃園航空城機場園區街廓3基地,53.78,住,,,1140123,土地3建物1車位1,四層,7,華廈(10層含以下有電梯),住家用,鋼筋混凝土造,,180.98,3,2,2,有,無,9072333,56716,坡道平面,37.77,950000,1.本交易為安置住宅,RPXWMLRKKHKGFEH57CB,桃園航空城機場園區街廓3基地,N1-4F號,
大園區,房地(土地+建物)+車位,桃園市大園區桃園航空城A5基地,49.68,住,,,1140123,土地1建物1車位1,二層,7,華廈(10層含以下有電梯),住家用,鋼筋混凝土造,,192.15,3,2,2,有,無,10034413,57617,坡道平面,34.48,950000,1.本交易為安置住宅2.本交易含露台,RPONNLRKKHKGFEH48CB,桃園航空城機場園區街廓5基地,B1-2F號,
大園區,房地(土地+建物)+車位,桃園市大園區桃園航空城機場園區街廓3基地,53.97,住,,,1140123,土地3建物1車位1,四層,7,華廈(10層含以下有電梯),住家用,鋼筋混凝土造,,181.53,3,2,2,有,無,9103048,56713,坡道平面,37.77,950000,1.本交易為安置住宅,RPPNNLRKKHKGFEH58CB,桃園航空城機場園區街廓3基地,N5-4F號,
大園區,房地(土地+建物)+車位,桃園市大園區桃園航空城A5基地,49.32,住,,,1140123,土地1建物1車位1,二層,7,華廈(10層含以下有電梯),住家用,鋼筋混凝土造,,191.19,3,2,2,有,無,10179450,58895,坡道平面,34.48,950000,1.本交易為安置住宅2.本交易含露台,RPQNNLRKKHKGFEH68CB,桃園航空城機場園區街廓5基地,A4-2F號,
大園區,房地(土地+建物)+車位,桃園市大園區桃園航空城機場園區街廓3基地,42.34,住,,,1140123,土地3建物1車位1,六層,7,華廈(10層含以下有電梯),住家用,鋼筋混凝土造,,150.74,3,2,2,有,無,7503961,58015,坡道平面,37.77,950000,1.本交易為安置住宅,RPRNNLRKKHKGFEH78CB,桃園航空城機場園區街廓3基地,M7-6F號,
大園區,房地(土地+建物)+車位,桃園市大園區桃園航空城機場園區街廓3基地,52.83,住,,,1140123,土地3建物1車位1,一層,7,華廈(10層含以下有電梯),住家用,鋼筋混凝土造,,175.57,3,2,2,有,無,9581599,62014,坡道平面,34.77,850000,1.本交易為安置住宅,RPSNNLRKKHKGFEH88CB,桃園航空城機場園區街廓3基地,N1-1F號,
大園區,房地(土地+建物)+車位,桃園市大園區桃園航空城A5基地,49.68,住,,,1140123,土地1建物1車位1,四層,7,華廈(10層含以下有電梯),住家用,鋼筋混凝土造,,192.15,3,2,2,有,無,9320173,51818,坡道平面,34.48,1150000,1.本交易為安置住宅,RPTNNLRKKHKGFEH98CB,桃園航空城機場園區街廓5基地,B1-4F號,
大園區,房地(土地+建物)+車位,桃園市大園區桃園航空城機場園區街廓3基地,56.45,住,,,1140123,土地3建物1車位1,六層,7,華廈(10層含以下有電梯),住家用,鋼筋混凝土造,,188.26,3,2,2,有,無,9482989,56701,坡道平面,37.77,950000,1.本交易為安置住宅,RPUNNLRKKHKGFEH09CB,桃園航空城機場園區街廓3基地,L1-6F號,
大園區,房地(土地+建物)+車位,桃園市大園區桃園航空城A5基地,46.24,住,,,1140123,土地1建物1車位1,五層,7,華廈(10層含以下有電梯),住家用,鋼筋混凝土造,,184.3,2,2,2,有,無,8748380,52441,坡道平面,37.5,1050000,1.本交易為安置住宅,RPVNNLRKKHKGFEH56CB,桃園航空城機場園區街廓5基地,C2-5F號,
大園區,房地(土地+建物)+車位,桃園市大園區桃園航空城機場園區街廓3基地,56.26,住,,,1140123,土地3建物1車位1,二層,7,華廈(10層含以下有電梯),住家用,鋼筋混凝土造,,187.64,3,2,2,有,無,9747680,58702,坡道平面,37.77,950000,1.本交易為安置住宅,RPWNNLRKKHKGFEH66CB,桃園航空城機場園區街廓3基地,L2-2F號,
大園區,房地(土地+建物)+車位,桃園市大園區桃園航空城A5基地,32.38,住,,,1140123,土地1建物1車位1,三層,7,華廈(10層含以下有電梯),住家用,鋼筋混凝土造,,137.3,2,2,2,有,無,4804138,37484,坡道平面,34.48,950000,1.本交易為安置住宅2.本戶符合差額減收規定，原房屋價款3831596元，差額減收後之房屋價款為2164956元,RPXNNLRKKHKGFEH76CB,桃園航空城機場園區街廓5基地,B5-3F號,
大園區,房地(土地+建物)+車位,桃園市大園區桃園航空城機場園區街廓3基地,56.45,住,,,1140123,土地3建物1車位1,五層,7,華廈(10層含以下有電梯),住家用,鋼筋混凝土造,,188.26,3,2,2,有,無,9382971,56037,坡道平面,37.77,950000,1.本交易為安置住宅,RPOONLRKKHKGFEH58CB,桃園航空城機場園區街廓3基地,L1-5F號,
大園區,房地(土地+建物)+車位,桃園市大園區桃園航空城機場園區街廓3基地,53.78,住,,,1140123,土地3建物1車位1,三層,7,華廈(10層含以下有電梯),住家用,鋼筋混凝土造,,180.98,3,2,2,有,無,9167512,57381,坡道平面,37.77,950000,1.本交易為安置住宅,RPPONLRKKHKGFEH68CB,桃園航空城機場園區街廓3基地,N2-3F號,
大園區,房地(土地+建物)+車位,桃園市大園區桃園航空城A5基地,47.6,住,,,1140123,土地1建物1車位1,二層,7,華廈(10層含以下有電梯),住家用,鋼筋混凝土造,,185.73,3,2,2,有,無,9175025,53058,坡道平面,34.48,1150000,1.本交易為安置住宅,RPQONLRKKHKGFEH78CB,桃園航空城機場園區街廓5基地,A1-2F號,
大園區,房地(土地+建物)+車位,桃園市大園區桃園航空城機場園區街廓3基地,53.78,住,,,1140123,土地3建物1車位1,四層,7,華廈(10層含以下有電梯),住家用,鋼筋混凝土造,,180.98,3,2,2,有,無,9072333,56716,坡道平面,37.77,950000,1.本交易為安置住宅,RPRONLRKKHKGFEH88CB,桃園航空城機場園區街廓3基地,N2-4F號,
大園區,房地(土地+建物)+車位,桃園市大園區桃園航空城機場園區街廓3基地,56.64,住,,,1140123,土地3建物1車位1,五層,7,華廈(10層含以下有電梯),住家用,鋼筋混凝土造,,188.73,3,2,2,有,無,9609364,57362,坡道平面,37.77,950000,1.本交易為安置住宅,RPSONLRKKHKGFEH98CB,桃園航空城機場園區街廓3基地,K6-5F號,
大園區,房地(土地+建物)+車位,桃園市大園區桃園航空城機場園區街廓3基地,53.78,住,,,1140123,土地3建物1車位1,三層,7,華廈(10層含以下有電梯),住家用,鋼筋混凝土造,,180.98,3,2,2,有,無,9367512,57381,坡道平面,37.77,1150000,1.本交易為安置住宅,RPTONLRKKHKGFEH09CB,桃園航空城機場園區街廓3基地,N1-3F號,
大園區,房地(土地+建物)+車位,桃園市大園區桃園航空城機場園區街廓3基地,42.34,住,,,1140123,土地3建物1車位1,五層,7,華廈(10層含以下有電梯),住家用,鋼筋混凝土造,,150.74,3,2,2,有,無,7428946,57351,坡道平面,37.77,950000,1.本交易為安置住宅,RPUONLRKKHKGFEH56CB,桃園航空城機場園區街廓3基地,M3-5F號,
大園區,房地(土地+建物)+車位,桃園市大園區桃園航空城機場園區街廓3基地,56.64,住,,,1140123,土地3建物1車位1,六層,7,華廈(10層含以下有電梯),住家用,鋼筋混凝土造,,188.73,3,2,2,有,無,9709692,58027,坡道平面,37.77,950000,1.本交易為安置住宅,RPVONLRKKHKGFEH66CB,桃園航空城機場園區街廓3基地,K6-6F號,
大園區,房地(土地+建物)+車位,桃園市大園區桃園航空城機場園區街廓3基地,56.45,住,,,1140123,土地3建物1車位1,七層,7,華廈(10層含以下有電梯),住家用,鋼筋混凝土造,,191.69,3,2,2,有,無,9682961,57366,坡道平面,41.2,1050000,1.本交易為安置住宅,RPWONLRKKHKGFEH76CB,桃園航空城機場園區街廓3基地,L1-7F號,
大園區,房地(土地+建物)+車位,桃園市大園區桃園航空城A5基地,49.32,住,,,1140124,土地1建物1車位1,三層,7,華廈(10層含以下有電梯),住家用,鋼筋混凝土造,,191.19,3,2,2,有,無,9166689,52432,坡道平面,34.48,950000,1.本交易為安置住宅,RPXONLRKKHKGFEH86CB,桃園航空城機場園區街廓5基地,D4-3F號,
大園區,房地(土地+建物)+車位,桃園市大園區桃園航空城A6基地,52.14,住,,,1140124,土地1建物1車位1,二層,7,華廈(10層含以下有電梯),住家用,鋼筋混凝土造,,204.48,3,2,2,有,無,12241613,66352,坡道平面,35.81,1050000,1.本交易為安置住宅2.本交易含露台,RPOPNLRKKHKGFEH68CB,桃園航空城機場園區街廓6基地,E4-2F號,
大園區,房地(土地+建物)+車位,桃園市大園區桃園航空城A5基地,49.32,住,,,1140124,土地1建物1車位1,四層,7,華廈(10層含以下有電梯),住家用,鋼筋混凝土造,,194.21,3,2,2,有,無,9168323,51805,坡道平面,37.5,1050000,1.本交易為安置住宅,RPPPNLRKKHKGFEH78CB,桃園航空城機場園區街廓5基地,C4-4F號,
大園區,房地(土地+建物)+車位,桃園市大園區桃園航空城A5基地,49.32,住,,,1140124,土地1建物1車位1,三層,7,華廈(10層含以下有電梯),住家用,鋼筋混凝土造,,194.21,3,2,2,有,無,9266689,52432,坡道平面,37.5,1050000,1.本交易為安置住宅,RPQPNLRKKHKGFEH88CB,桃園航空城機場園區街廓5基地,C4-3F號,
大園區,房地(土地+建物)+車位,桃園市大園區桃園航空城A5基地,46.24,住,,,1140124,土地1建物1車位1,七層,7,華廈(10層含以下有電梯),住家用,鋼筋混凝土造,,184.3,2,2,2,有,無,9132675,53697,坡道平面,37.5,1250000,1.本交易為安置住宅,RPRPNLRKKHKGFEH98CB,桃園航空城機場園區街廓5基地,C2-7F號,
大園區,房地(土地+建物)+車位,桃園市大園區桃園航空城A5基地,49.68,住,,,1140124,土地1建物1車位1,三層,7,華廈(10層含以下有電梯),住家用,鋼筋混凝土造,,195.42,3,2,2,有,無,9329494,52428,坡道平面,37.5,1050000,1.本交易為安置住宅,RPSPNLRKKHKGFEH09CB,桃園航空城機場園區街廓5基地,C3-3F號,
大園區,房地(土地+建物)+車位,桃園市大園區桃園航空城A6基地,52.14,住,,,1140124,土地1建物1車位1,三層,7,華廈(10層含以下有電梯),住家用,鋼筋混凝土造,,202.24,3,2,2,有,無,9944804,53328,坡道平面,33.57,950000,1.本交易為安置住宅,RPTPNLRKKHKGFEH56CB,桃園航空城機場園區街廓6基地,F4-3F號,
大園區,房地(土地+建物)+車位,桃園市大園區桃園航空城A5基地,49.68,住,,,1140124,土地1建物1車位1,二層,7,華廈(10層含以下有電梯),住家用,鋼筋混凝土造,,192.4,3,2,2,有,無,10195336,57278,坡道平面,34.48,1150000,1.本交易為安置住宅2.本交易含露台,RPUPNLRKKHKGFEH66CB,桃園航空城機場園區街廓5基地,C3-2F號,
大園區,房地(土地+建物)+車位,桃園市大園區桃園航空城A6基地,48.75,住,,,1140124,土地1建物1車位1,七層,7,華廈(10層含以下有電梯),住家用,鋼筋混凝土造,,193.41,3,2,2,有,無,9653082,54588,坡道平面,35.81,1050000,1.本交易為安置住宅,RPVPNLRKKHKGFEH76CB,桃園航空城機場園區街廓6基地,J5-7F號,
大園區,房地(土地+建物)+車位,桃園市大園區桃園航空城A5基地,47.6,住,,,1140124,土地1建物1車位1,三層,7,華廈(10層含以下有電梯),住家用,鋼筋混凝土造,,185.73,3,2,2,有,無,9364851,54313,坡道平面,34.48,1150000,1.本交易為安置住宅,RPWPNLRKKHKGFEH86CB,桃園航空城機場園區街廓5基地,D1-3F號,
大園區,房地(土地+建物)+車位,桃園市大園區桃園航空城A5基地,46.24,住,,,1140124,土地1建物1車位1,六層,7,華廈(10層含以下有電梯),住家用,鋼筋混凝土造,,184.3,2,2,2,有,無,9040527,53069,坡道平面,37.5,1250000,1.本交易為安置住宅,RPXPNLRKKHKGFEH96CB,桃園航空城機場園區街廓5基地,C2-6F號,
大園區,房地(土地+建物)+車位,桃園市大園區桃園航空城機場園區街廓2基地,46.66,住,,,1140124,土地1建物1車位1,七層,7,華廈(10層含以下有電梯),住家用,鋼筋混凝土造,,181.76,3,2,2,有,無,9078635,55352,坡道平面,38.52,1150000,1.本交易為安置住宅,RPOQNLRKKHKGFEH78CB,桃園航空城機場園區街廓2基地,B5-7F號,
大園區,房地(土地+建物)+車位,桃園市大園區桃園航空城A5基地,49.68,住,,,1140124,土地1建物1車位1,四層,7,華廈(10層含以下有電梯),住家用,鋼筋混凝土造,,195.42,3,2,2,有,無,9230414,51801,坡道平面,37.5,1050000,1.本交易為安置住宅,RPPQNLRKKHKGFEH88CB,桃園航空城機場園區街廓5基地,C3-4F號,
大園區,房地(土地+建物)+車位,桃園市大園區桃園航空城A6基地,59.94,住,,,1140124,土地1建物1車位1,二層,7,華廈(10層含以下有電梯),住家用,鋼筋混凝土造,,229.62,3,2,2,有,無,11265830,52711,坡道平面,35.81,1050000,1.本交易為安置住宅,RPQQNLRKKHKGFEH98CB,桃園航空城機場園區街廓6基地,F3-2F號,
大園區,房地(土地+建物)+車位,桃園市大園區桃園航空城A5基地,47.6,住,,,1140124,土地1建物1車位1,二層,7,華廈(10層含以下有電梯),住家用,鋼筋混凝土造,,185.73,3,2,2,有,無,9259787,54941,坡道平面,34.48,950000,1.本交易為安置住宅,RPRQNLRKKHKGFEH09CB,桃園航空城機場園區街廓5基地,D1-2F號,
大園區,房地(土地+建物)+車位,桃園市大園區桃園航空城A5基地,42.29,住,,,1140124,土地1建物1車位1,四層,7,華廈(10層含以下有電梯),住家用,鋼筋混凝土造,,168.8,3,2,2,有,無,8077488,53063,坡道平面,34.48,950000,1.本交易為安置住宅,RPSQNLRKKHKGFEH56CB,桃園航空城機場園區街廓5基地,D6-4F號,
大園區,房地(土地+建物)+車位,桃園市大園區桃園航空城A5基地,49.32,住,,,1140124,土地1建物1車位1,五層,7,華廈(10層含以下有電梯),住家用,鋼筋混凝土造,,194.21,3,2,2,有,無,9466689,52432,坡道平面,37.5,1250000,1.本交易為安置住宅,RPTQNLRKKHKGFEH66CB,桃園航空城機場園區街廓5基地,D4-5F號,
大園區,房地(土地+建物)+車位,桃園市大園區桃園航空城A6基地,52.14,住,,,1140124,土地1建物1車位1,二層,7,華廈(10層含以下有電梯),住家用,鋼筋混凝土造,,202.24,3,2,2,有,無,10974104,59430,坡道平面,33.57,950000,1.本交易為安置住宅2.本交易含露台,RPUQNLRKKHKGFEH76CB,桃園航空城機場園區街廓6基地,F4-2F號,
大園區,房地(土地+建物)+車位,桃園市大園區桃園航空城機場園區街廓3基地,56.64,住,,,1140124,土地3建物1車位1,七層,7,華廈(10層含以下有電梯),住家用,鋼筋混凝土造,,188.73,3,2,2,有,無,9809364,57362,坡道平面,37.77,1150000,1.本交易為安置住宅,RPVQNLRKKHKGFEH86CB,桃園航空城機場園區街廓3基地,G6-7F號,
大園區,房地(土地+建物)+車位,桃園市大園區桃園航空城機場園區街廓1基地,40.84,住,,,1140124,土地2建物1車位1,五層,7,華廈(10層含以下有電梯),住家用,鋼筋混凝土造,,143.88,3,2,2,有,無,7304522,56605,坡道平面,31.62,950000,1.本交易為安置住宅,RPXQNLRKKHKGFEH07CB,桃園航空城機場園區街廓1基地,B2-5F號,
大園區,房地(土地+建物)+車位,桃園市大園區桃園航空城A6基地,41.47,住,,,1140124,土地1建物1車位1,五層,7,華廈(10層含以下有電梯),住家用,鋼筋混凝土造,,167.54,2,2,2,有,無,8379908,53967,坡道平面,33.57,1150000,1.本交易為安置住宅,RPORNLRKKHKGFEH88CB,桃園航空城機場園區街廓6基地,J3-5F號,
大園區,房地(土地+建物)+車位,桃園市大園區桃園航空城機場園區街廓1基地,51.73,住,,,1140124,土地2建物1車位1,四層,7,華廈(10層含以下有電梯),住家用,鋼筋混凝土造,,173.69,3,2,2,有,無,9087028,57275,坡道平面,31.62,950000,1.本交易為安置住宅,RPPRNLRKKHKGFEH98CB,桃園航空城機場園區街廓1基地,B4-4F號,
大園區,房地(土地+建物)+車位,桃園市大園區桃園航空城A6基地,52.14,住,,,1140124,土地1建物1車位1,四層,7,華廈(10層含以下有電梯),住家用,鋼筋混凝土造,,202.24,3,2,2,有,無,9734295,52080,坡道平面,33.57,950000,1.本交易為安置住宅,RPQRNLRKKHKGFEH09CB,桃園航空城機場園區街廓6基地,E4-4F號,
大園區,房地(土地+建物)+車位,桃園市大園區桃園航空城A5基地,49.32,住,,,1140124,土地1建物1車位1,七層,7,華廈(10層含以下有電梯),住家用,鋼筋混凝土造,,191.19,3,2,2,有,無,9563420,53688,坡道平面,34.48,1150000,1.本交易為安置住宅,RPRRNLRKKHKGFEH56CB,桃園航空城機場園區街廓5基地,D4-7F號,
大園區,房地(土地+建物)+車位,桃園市大園區桃園航空城A6基地,48.75,住,,,1140124,土地1建物1車位1,四層,7,華廈(10層含以下有電梯),住家用,鋼筋混凝土造,,191.17,3,2,3,有,無,9257985,52716,坡道平面,33.57,950000,1.本交易為安置住宅,RPSRNLRKKHKGFEH66CB,桃園航空城機場園區街廓6基地,I5-4F號,
大園區,房地(土地+建物)+車位,桃園市大園區桃園航空城A6基地,48.75,住,,,1140124,土地1建物1車位1,四層,7,華廈(10層含以下有電梯),住家用,鋼筋混凝土造,,191.17,3,2,2,有,無,9457985,52716,坡道平面,33.57,1150000,1.本交易為安置住宅,RPTRNLRKKHKGFEH76CB,桃園航空城機場園區街廓6基地,J5-4F號,
八德區,房地(土地+建物)+車位,桃園市八德區新興路1038巷30號旁,19.56,,特定農業區,甲種建築用地,1140122,土地4建物1車位1,十一層,11,住宅大樓(11層含以上有電梯),住家用,鋼筋混凝土造,,99.74,2,2,1,有,無,9130000,103700,坡道平面,25.68,1450000,,RPPNMLRKKHKGFFH58CB,幸福馥都心,B2棟11號,
龜山區,房地(土地+建物)+車位,桃園市龜山區樂善二路與文化二路交叉口,11.35,住,,,1140122,土地1建物1車位1,六層,15,住宅大樓(11層含以上有電梯),住家用,鋼筋混凝土造,,123.3,2,2,1,有,無,14790000,145287,坡道平面,36.3,2150000,,RPPNMLRKKHKGFHH78CB,大華昇耕,A10-06號,
桃園區,房地(土地+建物)+車位,桃園市桃園區正光路近慈文路口,24.67,住,,,1140127,土地1建物1車位1,十層,21,住宅大樓(11層含以上有電梯),住家用,鋼筋混凝土造,,194.88,3,2,2,有,無,26090000,154197,坡道平面,39.3,2100000,,RPSNMLSKKHKGFAH48CB,葛里法7,A棟2-10F號,
蘆竹區,房地(土地+建物)+車位,桃園市蘆竹區興仁路與大興一街交叉口,13.97,住,,,1140125,土地6建物1車位1,十層,12,住宅大樓(11層含以上有電梯),住家用,鋼筋混凝土造,,106.7,2,2,1,有,無,12000000,128922,坡道平面,30.53,2180000,,RPPNMLSKKHKGFEH58CB,昭揚大築,A1-10F號,
蘆竹區,房地(土地+建物)+車位,桃園市蘆竹區興仁路與大興一街交叉口,13.97,住,,,1140125,土地6建物1車位1,九層,12,住宅大樓(11層含以上有電梯),住家用,鋼筋混凝土造,,106.7,2,2,1,有,無,12030000,128003,坡道平面,30.53,2280000,,RPQNMLSKKHKGFEH68CB,昭揚大築,A1-9F號,
蘆竹區,房地(土地+建物)+車位,桃園市蘆竹區興仁路與大興一街交叉口,20.47,住,,,1140128,土地6建物1車位1,七層,12,住宅大樓(11層含以上有電梯),住家用,鋼筋混凝土造,,144.74,3,2,2,有,無,16140000,124338,坡道平面,33.27,2280000,,RPSNMLSKKHKGFEH88CB,昭揚大築,A2-7F號,
蘆竹區,房地(土地+建物)+車位,桃園市蘆竹區興仁路與大興一街交叉口,15.21,住,,,1140128,土地6建物1車位1,二層,15,住宅大樓(11層含以上有電梯),住家用,鋼筋混凝土造,,113.34,2,2,1,有,無,11900000,118585,坡道平面,30.53,2080000,,RPWNMLSKKHKGFEH66CB,昭揚大築,B2-2F號,
蘆竹區,房地(土地+建物)+車位,桃園市蘆竹區興仁路與大興一街交叉口,15.21,住,,,1140121,土地6建物1車位1,十二層,15,住宅大樓(11層含以上有電梯),住家用,鋼筋混凝土造,,113.34,2,2,1,有,無,12470000,124260,坡道平面,30.53,2180000,,RPOOMLSKKHKGFEH58CB,昭揚大築,B2-12F號,
蘆竹區,房地(土地+建物)+車位,桃園市蘆竹區興仁路與大興一街交叉口,14.03,住,,,1140121,土地6建物1車位1,六層,15,住宅大樓(11層含以上有電梯),住家用,鋼筋混凝土造,,106.95,2,2,1,有,無,11190000,119210,坡道平面,30.53,2080000,,RPPOMLSKKHKGFEH68CB,昭揚大築,B1-6F號,
蘆竹區,房地(土地+建物)+車位,桃園市蘆竹區興仁路與大興一街交叉口,15.56,住,,,1140126,土地6建物1車位1,七層,12,住宅大樓(11層含以上有電梯),住家用,鋼筋混凝土造,,112.87,2,2,1,有,無,13270000,130747,坡道平面,28.05,2180000,,RPSOMLSKKHKGFEH98CB,昭揚大築,A5-7F號,
蘆竹區,房地(土地+建物)+車位,桃園市蘆竹區興仁路與大興一街交叉口,15.56,住,,,1140122,土地6建物1車位1,二層,12,住宅大樓(11層含以上有電梯),住家用,鋼筋混凝土造,,112.87,2,2,1,有,無,12870000,126032,坡道平面,28.05,2180000,,RPTOMLSKKHKGFEH09CB,昭揚大築,A5-2F號,
蘆竹區,房地(土地+建物)+車位,桃園市蘆竹區興仁路與大興一街交叉口,15.56,住,,,1140121,土地6建物1車位1,十二層,12,住宅大樓(11層含以上有電梯),住家用,鋼筋混凝土造,,115.35,2,2,1,有,無,13450000,131691,坡道平面,30.53,2280000,,RPUOMLSKKHKGFEH56CB,昭揚大築,A5-12F號,
蘆竹區,房地(土地+建物)+車位,桃園市蘆竹區興仁路與大興一街交叉口,16.66,住,,,1140122,土地6建物1車位1,七層,12,住宅大樓(11層含以上有電梯),住家用,鋼筋混凝土造,,121.23,2,2,2,有,無,14060000,130981,坡道平面,30.53,2180000,,RPVOMLSKKHKGFEH66CB,昭揚大築,A3-7F號,
觀音區,房地(土地+建物)+車位,桃園市觀音區中山路一段928巷500號對面巷子,103.23,,特定農業區,甲種建築用地,1140126,土地1建物1車位1,全,4,透天厝,住家用,鋼筋混凝土造,,233.47,5,2,6,有,無,17200000,73671,一樓平面,0.0,0,,RPPNMLTKKHKGFBH38CB,椰林大院,A棟3a號,
中壢區,房地(土地+建物)+車位,桃園市中壢區松勇路與松義路交叉路口,14.31,商,,,1140124,土地1建物1車位1,十八層,18,住宅大樓(11層含以上有電梯),住家用,鋼筋混凝土造,,161.03,3,2,2,有,無,17280000,114797,坡道平面,27.49,1950000,,RPSNMLTKKHKGFBH68CB,大清城?,C棟2-18F號,
觀音區,房地(土地+建物)+車位,桃園市觀音區忠愛路二段281號旁,27.71,,特定農業區,甲種建築用地,1140125,土地2建物1車位1,六層,11,住宅大樓(11層含以上有電梯),住家用,鋼筋混凝土造,,120.88,2,2,2,有,無,9150000,86821,坡道平面,31.04,1350000,,RPQOMLTKKHKGFBH58CB,凱田藝境,A6棟06F號,
龜山區,房地(土地+建物)+車位,桃園市龜山區忠義路二段311巷,28.01,住,,,1140121,土地11建物1車位1,十層,15,住宅大樓(11層含以上有電梯),住家用,鋼筋混凝土造,,150.73,3,2,2,有,無,19500000,137488,坡道平面,23.81,2050000,,RPXNMLTKKHKGFHH17CB,長堤天昀,A棟6號,
桃園區,房地(土地+建物)+車位,桃園市桃園區日光路與清溪一路交界口,11.68,住,,,1140126,土地10建物1車位1,四層,18,住宅大樓(11層含以上有電梯),住家用,鋼筋混凝土造,,114.28,2,2,2,有,無,16130000,173853,坡道平面,34.04,2180000,,RPQNMLKLKHKGFAH57CB,亞昕森丰,A棟06-04F號,
桃園區,房地(土地+建物)+車位,桃園市桃園區日光路與青溪一路交界口,16.13,住,,,1140131,土地10建物1車位1,八層,18,住宅大樓(11層含以上有電梯),住家用,鋼筋混凝土造,,145.01,3,2,2,有,無,21160000,168334,坡道平面,34.04,2480000,,RPRNMLKLKHKGFAH67CB,亞昕森丰,A棟07-08F號,
八德區,房地(土地+建物)+車位,桃園市八德區建國路700號附近,32.48,,特定農業區,甲種建築用地,1140124,土地1建物1車位1,六層,12,住宅大樓(11層含以上有電梯),住家用,鋼筋混凝土造,,148.39,3,2,2,有,無,17450000,126195,坡道平面,25.01,1880000,,RPPNMLLLKHKGFFH08CB,元臺朗,A棟3-6F號,
龜山區,房地(土地+建物)+車位,桃園市龜山區忠義路二段311巷,24.84,住,,,1140123,土地11建物1車位1,五層,15,住宅大樓(11層含以上有電梯),住家用,鋼筋混凝土造,,136.29,3,2,2,有,無,16680000,132735,坡道平面,23.81,1750000,,RPTNMLLLKHKGFHH68CB,長堤天昀,B棟1號,
龜山區,房地(土地+建物)+車位,桃園市龜山區忠義路二段311巷,19.66,住,,,1140125,土地11建物1車位1,五層,15,住宅大樓(11層含以上有電梯),住家用,鋼筋混凝土造,,112.92,2,2,2,有,無,14230000,140052,坡道平面,23.81,1750000,,RPVNMLLLKHKGFHH88CB,長堤天昀,A棟8號,
龜山區,房地(土地+建物)+車位,桃園市龜山區忠義路二段311巷,19.66,住,,,1140126,土地11建物1車位1,十層,15,住宅大樓(11層含以上有電梯),住家用,鋼筋混凝土造,,112.92,2,2,2,有,無,14630000,144540,坡道平面,23.81,1750000,,RPXNMLLLKHKGFHH09CB,長堤天昀,A棟7號,
龜山區,房地(土地+建物)+車位,桃園市龜山區忠義路二段311巷,26.05,住,,,1140127,土地11建物1車位1,六層,15,住宅大樓(11層含以上有電梯),住家用,鋼筋混凝土造,,141.74,3,2,2,有,無,17610000,133215,坡道平面,23.81,1900000,,RPQOMLLLKHKGFHH48CB,長堤天昀,A棟9號,
新屋區,房地(土地+建物)+車位,桃園市新屋區赤欄里1鄰東興路一段450巷52號七樓之5,20.52,,特定農業區,甲種建築用地,1140125,土地2建物1車位1,七層,10,華廈(10層含以下有電梯),住家用,鋼筋混凝土造,,119.19,2,2,1,有,無,7000000,67780,坡道平面,36.57,1400000,,RPQNMLNLKHKGFDH18CB,大清夢想家,C5棟7樓號,
楊梅區,房地(土地+建物)+車位,桃園市楊梅區新梅8街.新梅6街及金德路,13.58,住,,,1140122,土地1建物1車位1,十一層,14,住宅大樓(11層含以上有電梯),住家用,鋼筋混凝土造,,92.01,1,1,1,有,無,5974000,75362,坡道平面,30.6,1346000,,RPQNMLSLKHKGFDH68CB,鼎藏昕站,A棟3-11F號,
