﻿編號,屋齡,建物移轉面積平方公尺,主要用途,主要建材,建築完成日期,總層數,建物分層,移轉情形
The serial number,room age,building shifting area square meter,the main use,main building materials,construction completes the date,total layer,building lamination,
RPXTMLLLJHKGFAH98CC,3,67.56,住家用,鋼筋混凝土造,110年8月16日,十五層,,
RPXTMLLLJHKGFAH98CC,3,64.72,本共有部分之項目有：集合住宅（附屬車道、管委會使用空間）、機房、停車空間、停車空間兼防空避難室等５項,鋼筋混凝土造,110年8月16日,十五層,,
RPQSMLLLJHKGFAH18CC,27,63.22,住家用,鋼筋混凝土造,86年10月20日,十四層,,
RPQSMLLLJHKGFAH18CC,27,5.85,共有部分,鋼筋混凝土造,86年10月20日,十四層,,
RPQSMLLLJHKGFAH18CC,27,11.56,共有部分,鋼筋混凝土造,86年10月20日,十四層,,
RPQSMLLLJHKGFAH18CC,27,1.00,共有部分,鋼筋混凝土造,86年12月20日,十四層,,
RPXRMLLLJHKGFAH78CC,33,27.83,住家用,鋼筋混凝土造,80年8月5日,七層,,
RPRSMLLLJHKGFAH28CC,30,95.43,住家用,鋼筋混凝土造,84年7月10日,十三層,,
RPXRMLLLJHKGFAH78CC,33,4.61,共有部分,鋼筋混凝土造,80年8月5日,七層,,
RPXRMLLLJHKGFAH78CC,33,4.51,共有部分,鋼筋混凝土造,80年8月5日,七層,,
RPSRMLLLJHKGFAH28CC,3,66.44,住家用,鋼筋混凝土造,111年4月29日,十四層,,
RPRSMLLLJHKGFAH28CC,30,2.87,共有部分,鋼筋混凝土造,84年7月10日,十三層,,
RPSRMLLLJHKGFAH28CC,3,77.48,本建物共有部分之項目有：停車空間、防空避難室兼停車空間、集合住宅（附屬公共服務空間）、樓梯間及昇降機房、水箱間等。,鋼筋混凝土造,111年4月29日,十四層,,
RPRSMLLLJHKGFAH28CC,30,6.99,共有部分,鋼筋混凝土造,84年7月10日,十三層,,
RPUNMLLLJHKGFAH08CC,25,35.98,住家用,鋼筋混凝土造,89年1月14日,十四層,,
RPUNMLLLJHKGFAH08CC,25,7.61,共有部分,鋼筋混凝土造,89年1月14日,十四層,,
RPOPMLMLJHKGFAH77CC,30,93.61,住家用,鋼筋混凝土造,83年10月5日,十七層,,
RPOPMLMLJHKGFAH77CC,30,14.49,共有部分,鋼筋混凝土造,83年10月5日,十七層,,
RPOPMLMLJHKGFAH77CC,30,15.53,共有部分,鋼筋混凝土造,83年10月5日,十七層,,
RPROMLMLJHKGFAH97CC,30,80.19,住家用,鋼筋混凝土造,84年6月10日,十四層,,
RPROMLMLJHKGFAH97CC,30,33.37,共有部分,鋼筋混凝土造,84年6月10日,十四層,,
RPROMLMLJHKGFAH97CC,30,30.77,共有部分,鋼筋混凝土造,84年6月10日,十四層,,
RPWPMLMLJHKGFAH58CC,2,82.51,店舖，住宅,鋼筋混凝土造,112年7月12日,十五層,,
RPWPMLMLJHKGFAH58CC,2,52.85,本共有部分之項目有：停車空間、防空避難室兼停車空間、台電配電場所、集合住宅（附屬門廳、公共服務空間、管委會空間）、樓梯間、機房、水箱等項。,鋼筋混凝土造,112年7月12日,十五層,,
RPVQMLMLJHKGFAH58CC,1,74.77,住家用,鋼筋混凝土造,112年10月25日,十二層,,
RPVQMLMLJHKGFAH58CC,1,79.08,本共有部分之項目有：防空避難室兼停車空間、停車空間、集合住宅（附屬管委會使用空間）、梯間、機房、機械室、水箱等項。,鋼筋混凝土造,112年10月25日,十二層,,
RPWRMLMLJHKGFAH78CC,43,90.31,住家用,鋼筋混凝土造,71年6月11日,五層,,
RPWRMLMLJHKGFAH78CC,43,.00,共有部分,鋼筋混凝土造,71年6月11日,五層,,
RPPNMLMLJHKGFBH77CC,42,131.03,住家用,鋼筋混凝土造,72年2月7日,五層,,
RPRPMLLLJHKGFBH08CC,30,24.90,住家用,鋼筋混凝土造,84年3月8日,十二層,,
RPRPMLLLJHKGFBH08CC,30,5.15,共有部分,鋼筋混凝土造,84年3月8日,十二層,,
RPTOMLLLJHKGFBH18CC,10,19.92,住宅、停車空間、樓梯間,鋼筋混凝土造,104年3月31日,五層,,
RPRPMLLLJHKGFBH08CC,30,9.03,共有部分,鋼筋混凝土造,84年3月8日,十二層,,
RPTNMLMLJHKGFBH18CC,48,78.60,住家用,加強磚造,66年6月3日,二層,,
RPQNMLMLJHKGFBH87CC,2,46.64,集合住宅,鋼筋混凝土造,112年6月1日,十六層,,
RPQNMLMLJHKGFBH87CC,2,55.10,本共有部分之項目有：防空避難室兼停車空間、車道、排煙室、安全梯、一般升降機、緊急升降機、汙水機房、消防機房、雨水機房、水箱、停車空間、電信室、防災中心、發電機室、台電配電室、垃圾貯存空間、機械室、集合住宅、（附屬管委會空間、梯廳、排煙室、特別安全梯、安全梯、戶外安全梯、機械室、一般昇降機、緊急昇降梯、車道、游泳池）、樓梯間、水表區等２０項。,鋼筋混凝土造,112年6月1日,十七層,,
RPWNMLLLJHKGFBH38CC,18,19.94,住家用,鋼筋混凝土造,95年10月11日,九層,,
RPWNMLLLJHKGFBH38CC,18,5.57,共有部分,鋼筋混凝土造,95年10月11日,九層,,
RPWNMLLLJHKGFBH38CC,18,7.55,共有部分,鋼筋混凝土造,95年10月11日,九層,,
RPWNMLLLJHKGFBH38CC,18,.07,共有部分,鋼筋混凝土造,95年10月11日,九層,,
RPPOMLMLJHKGFBH87CC,7,61.95,集合住宅,鋼筋混凝土造,106年12月28日,十三層,,
RPPOMLMLJHKGFBH87CC,7,14.12,本共有部分之項目有：梯間、機房、水箱、機械室及梯廳等五項。,鋼筋混凝土造,106年12月28日,十三層,,
RPPOMLMLJHKGFBH87CC,7,48.10,本共有部分之項目有：防空避難室兼停車空間、消防泵浦室、梯間、蓄水池、雨水回收兼污水機房、停車空間、發電機室、機房、台電配電場所、電信室、垃圾冷藏處理室、管委會使用空間一、管委會使用空間二、公共服務空間、車道及門廊等十六項。,鋼筋混凝土造,106年12月28日,十三層,,
RPUOMLMLJHKGFBH38CC,18,85.06,住家用,鋼筋混凝土造,95年11月5日,十三層,,
RPTOMLMLJHKGFBH28CC,30,76.09,住家用,鋼筋混凝土造,84年4月7日,七層,,
RPUOMLMLJHKGFBH38CC,18,11.88,共有部分,鋼筋混凝土造,95年11月5日,十三層,,
RPTOMLMLJHKGFBH28CC,30,16.40,共有部分,鋼筋混凝土造,84年4月7日,七層,,
RPUOMLMLJHKGFBH38CC,18,20.89,共有部分,鋼筋混凝土造,95年11月5日,十四層,,
RPUNMLLLJHKGFDH38CC,29,60.15,住家用,鋼筋混凝土造,84年11月7日,十二層,,
RPUNMLLLJHKGFDH38CC,29,11.19,停車場兼防空避難室,鋼筋混凝土造,84年11月7日,十二層,,
RPUNMLLLJHKGFDH38CC,29,8.24,電梯、樓梯、屋頂突出物、機房、水箱、門廳,鋼筋混凝土造,84年11月7日,十二層,,
RPVNMLLLJHKGFDH48CC,22,95.80,住家用,鋼筋混凝土造,92年2月19日,十四層,,
RPVNMLLLJHKGFDH48CC,22,24.06,梯間、水塔,鋼筋混凝土造,92年2月19日,十四層,,
RPVNMLLLJHKGFDH48CC,22,45.50,防空避難室兼停車場,鋼筋混凝土造,92年2月19日,十四層,,
RPTPMLMLJHKGFBH38CC,3,45.86,工業社區（社區住宅）,鋼筋混凝土造,110年8月18日,五層,,
RPTPMLMLJHKGFBH38CC,3,15.43,本共有部分之項目有：台電配電室、電信室、停車空間、梯間、電梯機房、自來水箱及梯廳等七項。,鋼筋混凝土造,110年8月18日,五層,,
RPRPMLMLJHKGFBH18CC,,43.46,集合住宅,鋼筋混凝土造,113年8月21日,五層,,
RPRPMLMLJHKGFBH18CC,,14.96,本共有部分之項目有：集合住宅（附屬停車空間、受電室）、樓梯間、電梯機房及水箱等五項。,鋼筋混凝土造,113年8月21日,五層,,
RPUPMLMLJHKGFBH48CC,5,29.69,集合住宅,鋼筋混凝土造,108年11月14日,十五層,,
RPUPMLMLJHKGFBH48CC,5,32.92,本共有部分之項目有：頂蓋型廣場式開放空間、Ａ１戶外安全梯、Ａ２無障礙安全梯、Ａ１行動不便昇降機、Ａ２昇降機、Ａ３緊急昇降機、排煙室Ａ、地下室進風、風除室、門廳、供管委會使用空間（門廳）、供管委會使用空間（宅配室）、供管委會使用空間（交誼廳）、供管委會使用空間（閱覽室）、供管委會使用空間（健身房）、供管委會使用空間（游具室）、Ｂ１戶外安全梯、Ｂ２無障礙戶外安全梯、Ｂ１緊急昇降機、Ｂ２昇降機、Ｂ３行動不便昇降機、排煙室Ｂ、車道、梯廳Ａ、梯廳Ｂ、機房、消防水箱、樓梯間、水箱、電梯機房、垃圾儲藏室、地下室排風管道、地下室進風管道、防空避難室兼停車空間、台電配電場所、發電機室、過濾機房、Ｂ１安全梯、停車空間、電信室、水箱Ａ（三）、水箱Ａ（四）、水箱Ｂ（二）、消防機房、汙水機房、雨水機房、水箱Ａ（一）、水箱Ａ（二）、水箱Ｂ（一）等共４９項。,鋼筋混凝土造,108年11月14日,十五層,,
RPVPMLMLJHKGFBH58CC,5,29.69,集合住宅,鋼筋混凝土造,108年11月14日,十五層,,
RPVPMLMLJHKGFBH58CC,5,32.92,本共有部分之項目有：頂蓋型廣場式開放空間、Ａ１戶外安全梯、Ａ２無障礙安全梯、Ａ１行動不便昇降機、Ａ２昇降機、Ａ３緊急昇降機、排煙室Ａ、地下室進風、風除室、門廳、供管委會使用空間（門廳）、供管委會使用空間（宅配室）、供管委會使用空間（交誼廳）、供管委會使用空間（閱覽室）、供管委會使用空間（健身房）、供管委會使用空間（游具室）、Ｂ１戶外安全梯、Ｂ２無障礙戶外安全梯、Ｂ１緊急昇降機、Ｂ２昇降機、Ｂ３行動不便昇降機、排煙室Ｂ、車道、梯廳Ａ、梯廳Ｂ、機房、消防水箱、樓梯間、水箱、電梯機房、垃圾儲藏室、地下室排風管道、地下室進風管道、防空避難室兼停車空間、台電配電場所、發電機室、過濾機房、Ｂ１安全梯、停車空間、電信室、水箱Ａ（三）、水箱Ａ（四）、水箱Ｂ（二）、消防機房、汙水機房、雨水機房、水箱Ａ（一）、水箱Ａ（二）、水箱Ｂ（一）等共４９項。,鋼筋混凝土造,108年11月14日,十五層,,
RPSPMLMLJHKGFBH28CC,30,16.15,住家用,鋼筋混凝土造,84年1月21日,十層,,
RPSPMLMLJHKGFBH28CC,30,5.56,共有部分,鋼筋混凝土造,84年1月21日,十層,,
RPXNMLMLJHKGFDH78CC,30,92.49,住家用,鋼筋混凝土造,83年9月14日,五層,,
RPXNMLMLJHKGFDH78CC,30,6.94,共有部分,鋼筋混凝土造,83年9月14日,五層,,
RPXNMLMLJHKGFDH78CC,30,.13,見其他登記事項,鋼筋混凝土造,83年9月14日,一層,,
RPQRMLMLJHKGFBH28CC,24,36.42,住家用,鋼筋混凝土造,89年8月8日,十四層,,
RPQRMLMLJHKGFBH28CC,24,7.10,共有部分,鋼筋混凝土造,89年8月8日,十四層,,
RPQRMLMLJHKGFBH28CC,24,.00,共有部分,鋼筋混凝土造,89年8月8日,十四層,,
RPQRMLMLJHKGFBH28CC,24,2.79,共有部分,鋼筋混凝土造,89年8月8日,十四層,,
RPPRMLMLJHKGFBH18CC,43,63.42,住家用,鋼筋混凝土造,70年10月22日,五層,,
RPSRMLMLJHKGFBH48CC,12,111.23,集合住宅,鋼筋混凝土造,102年5月31日,十二層,,
RPSRMLMLJHKGFBH48CC,12,105.02,本共有部分項目為：停車空間、防空避難室、消防泵浦室、水箱、梯間、發電機房、台電受電室、電信室、公共服務空間、設備空間、管理室、垃圾處理室、車道等共１３項,鋼筋混凝土造,102年5月31日,十二層,,
RPSRMLMLJHKGFBH48CC,12,24.69,本共有部分項目為：梯間、梯廳、水箱、機械室等共４項。,鋼筋混凝土造,102年5月31日,十二層,,
RPWPMLMLJHKGFBH68CC,24,59.10,住家用,鋼筋混凝土造,89年8月30日,十二層,,
RPWPMLMLJHKGFBH68CC,24,36.35,共有部分,鋼筋混凝土造,89年8月30日,十二層,,
RPWPMLMLJHKGFBH68CC,24,6.80,共有部分,鋼筋混凝土造,89年8月30日,十二層,,
RPPOMLMLJHKGFDH08CC,7,60.46,集合住宅,鋼筋混凝土造,106年8月2日,十五層,,
RPPOMLMLJHKGFDH08CC,7,58.04,本共有部分之項目有附屬管理室、防空避難室兼停車空間、蓄水池、消防泵浦室、污水處理設備、發電機房、梯間、台電配電場所、水循環設備、電信室、垃圾處理空間、公共服務空間、門廊、水箱、機房、雨水機房等１７項,鋼筋混凝土造,106年8月2日,十五層,,
RPXNMLLLJHKGFFH88CC,13,91.52,住家用,鋼筋混凝土造,100年10月24日,十四層,,
RPXNMLLLJHKGFFH88CC,13,44.83,本建物共有部分項目計有：防空避難室、停車空間、管委會使用空間。,鋼筋混凝土造,100年10月24日,十四層,,
RPXNMLLLJHKGFFH88CC,13,25.11,本共有部分之項目有：樓梯間、機械房、水箱。,鋼筋混凝土造,100年10月24日,十四層,,
RPVNMLMLJHKGFFH78CC,31,87.64,住家用,鋼筋混凝土造,83年6月24日,五層,,
RPVNMLMLJHKGFFH78CC,31,2.93,共有部分,鋼筋混凝土造,83年6月24日,五層,,
RPPNMLMLJHKGFFH18CC,19,69.82,住家用,鋼筋混凝土造,95年3月29日,十五層,,
RPPNMLMLJHKGFFH18CC,19,15.16,共有部分,鋼筋混凝土造,95年3月29日,十五層,,
RPPNMLMLJHKGFFH18CC,19,42.78,共有部分,鋼筋混凝土造,95年3月29日,十五層,,
RPSOMLMLJHKGFFH58CC,29,176.76,自用停車場，儲藏室，住宅,鋼筋混凝土造,84年11月22日,三層,,
RPSOMLMLJHKGFFH58CC,29,21.28,共有部分,鋼筋混凝土造,84年11月22日,三層,,
RPRNMLNLJHKGFAH97CC,29,86.55,住家用,鋼筋混凝土造,84年9月27日,七層,,
RPRNMLNLJHKGFAH97CC,29,8.03,共有部分,鋼筋混凝土造,84年9月27日,七層,,
RPSNMLNLJHKGFAH08CC,31,20.55,住家用,鋼筋混凝土造,82年12月28日,九層,,
RPSNMLNLJHKGFAH08CC,31,12.76,共有部分,鋼筋混凝土造,82年12月28日,九層,,
RPWNMLNLJHKGFAH48CC,12,64.10,住家用,鋼筋混凝土造,102年6月7日,十三層,,
RPWNMLNLJHKGFAH48CC,12,27.40,本共有部分之項目有（附屬防空避難室兼停車空間、蓄水池、消防泵浦室、污水機房、梯間、停車空間、發電機房、台電配電場所、電信室、管委會使用空間、車道、門廊、水箱、機房）等１４項。,鋼筋混凝土造,102年6月7日,十三層,,
RPXNMLNLJHKGFAH58CC,24,82.02,住家用,鋼筋混凝土造,89年9月15日,七層,,
RPXNMLNLJHKGFAH58CC,24,10.26,共有部分,鋼筋混凝土造,89年9月15日,九層,,
RPXNMLNLJHKGFAH58CC,24,18.39,共有部分,鋼筋混凝土造,89年9月15日,九層,,
RPOOMLNLJHKGFAH77CC,3,58.86,住家用,鋼筋混凝土造,111年1月18日,十層,,
RPOOMLNLJHKGFAH77CC,3,74.12,本共有部分之項目有：防空避難室兼停車空間、停車空間、集合住宅（附屬管委會使用空間）、樓梯間、機房、水箱等項。,鋼筋混凝土造,111年1月18日,十層,,
RPPOMLNLJHKGFAH87CC,27,61.89,住家用,鋼筋混凝土造,86年12月19日,七層,,
RPPOMLNLJHKGFAH87CC,27,5.86,共有部分,鋼筋混凝土造,86年12月19日,七層,,
RPQOMLNLJHKGFAH97CC,30,126.13,住家用,鋼筋混凝土造,83年9月8日,十五層,,
RPQOMLNLJHKGFAH97CC,30,8.28,共有部分,鋼筋混凝土造,83年9月8日,十五層,,
RPQOMLNLJHKGFAH97CC,30,4.39,共有部分,鋼筋混凝土造,83年9月8日,十五層,,
RPSOMLNLJHKGFAH18CC,29,120.54,住家用,鋼筋混凝土造,84年9月14日,十六層,,
RPSOMLNLJHKGFAH18CC,29,20.73,共有部分,鋼筋混凝土造,84年9月14日,十六層,,
RPSOMLNLJHKGFAH18CC,29,1.57,共有部分,鋼筋混凝土造,84年9月14日,十六層,,
RPSOMLNLJHKGFAH18CC,29,22.28,共有部分,鋼筋混凝土造,84年9月14日,十六層,,
RPTOMLNLJHKGFAH28CC,36,103.88,住家用,鋼筋混凝土造,77年12月2日,五層,,
RPTOMLNLJHKGFAH28CC,36,10.16,共有部分,鋼筋混凝土造,77年12月2日,五層,,
RPWOMLNLJHKGFAH58CC,19,106.56,住家用,鋼筋混凝土造,94年12月28日,十四層,,
RPWOMLNLJHKGFAH58CC,19,17.49,共有部分,鋼筋混凝土造,94年12月28日,十四層,,
RPWOMLNLJHKGFAH58CC,19,26.39,共有部分,鋼筋混凝土造,94年12月28日,十四層,,
RPVOMLNLJHKGFBH58CC,3,63.42,集合住宅,鋼筋混凝土造,111年1月12日,十五層,,
RPVOMLNLJHKGFBH58CC,3,58.67,本共有部分之項目有：防空避難室兼停車空間、停車空間、集合住宅（附屬管委會空間）、梯廳、排煙室兼梯廳、梯間、水箱、機械室、電信室、發電機室、垃圾集中處理室、水景機房、台電配電場所、機房、消防設備室、汙水機房、雨水機房等十七項。,鋼筋混凝土造,111年1月12日,十五層,,
RPOOMLNLJHKGFBH87CC,31,76.55,住家用,鋼筋混凝土造,82年12月13日,六層,,
RPOOMLNLJHKGFBH87CC,31,45.39,共有部分,鋼筋混凝土造,82年12月13日,六層,,
RPXNMLNLJHKGFBH68CC,,72.52,集合住宅,鋼筋混凝土造,113年8月8日,十四層,,
RPXNMLNLJHKGFBH68CC,,77.78,本建物共有部分項目：防空避難室兼停車空間、消防泵浦室、汙水機房、水箱、梯間、停車空間、發電機室、台電配電場所、電信室、垃圾冷藏室、集合住宅（附屬公共服務空間、管委會使用空間、梯間）、機械室等１２項。,鋼筋混凝土造,113年8月8日,十四層,,
RPOQMLNLJHKGFBH08CC,32,97.28,住家用,鋼筋混凝土造,82年6月21日,八層,,
RPOQMLNLJHKGFBH08CC,32,25.33,共有部分,鋼筋混凝土造,82年6月21日,八層,,
RPQQMLNLJHKGFBH28CC,16,107.74,住家用,鋼筋混凝土造,98年6月29日,二十一層,,
RPQQMLNLJHKGFBH28CC,16,4.76,共有部分,鋼筋混凝土造,98年6月29日,二十二層,,
RPQQMLNLJHKGFBH28CC,16,5.39,共有部分,鋼筋混凝土造,98年6月29日,二十一層,,
RPQQMLNLJHKGFBH28CC,16,11.76,共有部分,鋼筋混凝土造,98年6月29日,二十一層,,
RPQQMLNLJHKGFBH28CC,16,2.04,共有部分,鋼筋混凝土造,98年6月29日,二十二層,,
RPSNMLMLJHKGFEH38CC,30,70.97,住家用,鋼筋混凝土造,84年2月11日,七層,,
RPSNMLMLJHKGFEH38CC,30,42.53,共有部分,鋼筋混凝土造,84年2月11日,八層,,
RPSNMLMLJHKGFEH38CC,30,11.11,共有部分,鋼筋混凝土造,84年2月11日,八層,,
RPOOMLLLJHKGFEH97CC,1,53.23,住家用,鋼筋混凝土造,112年10月17日,五層,,
RPXNMLMLJHKGFEH88CC,3,84.14,住家用,鋼筋混凝土造,110年12月1日,五層,,
RPOOMLLLJHKGFEH97CC,1,14.59,共有部分,鋼筋混凝土造,112年10月17日,五層,,
RPXNMLMLJHKGFEH88CC,3,31.49,共有部分,鋼筋混凝土造,110年12月1日,五層,,
RPQOMLMLJHKGFEH28CC,18,183.35,集合住宅、停車空間,鋼筋混凝土造,95年12月27日,四層,,
RPSNMLNLJHKGFEH48CC,3,33.82,住家用,鋼筋混凝土造,110年11月16日,十三層,,
RPSNMLNLJHKGFEH48CC,3,17.62,共有部分,鋼筋混凝土造,110年11月16日,十三層,,
RPSNMLNLJHKGFEH48CC,3,8.22,共有部分,鋼筋混凝土造,110年11月16日,十三層,,
RPSPMLNLJHKGFBH38CC,15,31.09,住家用,鋼筋混凝土造,99年5月22日,二十三層,,
RPRPMLNLJHKGFBH28CC,4,65.84,集合住宅,鋼筋混凝土造,110年4月22日,十五層,,
RPSPMLNLJHKGFBH38CC,15,11.00,集合住宅〈附屬樓梯間、電梯間、水箱〉,鋼筋混凝土造,99年5月22日,二十三層,,
RPSPMLNLJHKGFBH38CC,15,4.84,共用部分：門廳、社區中心、防空避難室兼停車空間、供公眾停車空間、電信機房、台電配電場所、發電機房、水箱、梯廳、消防機房、污水機房。,鋼筋混凝土造,99年5月22日,二十三層,,
RPRPMLNLJHKGFBH28CC,4,103.26,本共有部分之項目有：防空避難室兼停車空間、停車空間、管委會使用空間、樓梯間、機房、水箱、消防幫浦室、汙水機房、升降機坑、Ａ棟蓄水池、Ｂ棟蓄水池、電信機房、車道、機電設備空間、梯廳（獎勵車位專用）、機電設備空間（泳池機房）、緊急發電機室、梯廳、垃圾集中室、台電配電場所、雨水回收機房、排煙室、雨遮、走廊、消防水箱、屋頂水箱、電梯機房等二十七項。,鋼筋混凝土造,110年4月22日,十五層,,
RPXPMLNLJHKGFBH88CC,18,19.62,住家用,鋼筋混凝土造,95年10月11日,九層,,
RPXPMLNLJHKGFBH88CC,18,5.57,共有部分,鋼筋混凝土造,95年10月11日,九層,,
RPXPMLNLJHKGFBH88CC,18,7.37,共有部分,鋼筋混凝土造,95年10月11日,九層,,
RPXPMLNLJHKGFBH88CC,18,.07,共有部分,鋼筋混凝土造,95年10月11日,九層,,
RPQOMLNLJHKGFEH38CC,2,23.00,住家用,鋼筋混凝土造,111年11月8日,八層,,
RPVOMLNLJHKGFEH88CC,1,81.65,住家用,鋼筋混凝土造,112年10月17日,五層,,
RPVOMLNLJHKGFEH88CC,1,22.18,共有部分,鋼筋混凝土造,112年10月17日,五層,,
RPSOMLNLJHKGFEH58CC,3,33.49,住家用,鋼筋混凝土造,110年11月16日,十三層,,
RPSOMLNLJHKGFEH58CC,3,17.46,共有部分,鋼筋混凝土造,110年11月16日,十三層,,
RPSOMLNLJHKGFEH58CC,3,8.14,共有部分,鋼筋混凝土造,110年11月16日,十三層,,
RPQNMLNLJHKGFFH38CC,2,54.44,集合住宅,鋼筋混凝土造,111年10月6日,十五層,,
RPQNMLNLJHKGFFH38CC,2,12.48,本建物共有部分項目：集合住宅（附屬梯間）、梯間、電梯機房、水箱等項。,鋼筋混凝土造,111年10月6日,十五層,,
RPQNMLNLJHKGFFH38CC,2,40.16,本建物共有部分項目：停車空間、雨汙水機房、消防泵浦室、蓄水池、梯間、防空避難室兼停車空間、電信室、發電機室、台電配電場所、垃圾處理室、水景機房、集合住宅（附屬管委會使用空間、開放空間）、集合住宅（附屬車道、梯間）等項。,鋼筋混凝土造,111年10月6日,十五層,,
RPRNMLNLJHKGFFH48CC,35,104.18,住家用,鋼筋混凝土造,78年12月7日,五層,,
RPRNMLNLJHKGFFH48CC,35,5.16,共有部分,鋼筋混凝土造,78年12月7日,五層,,
RPRNMLNLJHKGFFH48CC,35,6.98,共有部分,鋼筋混凝土造,78年12月7日,五層,,
RPUNMLNLJHKGFFH78CC,1,64.59,集合住宅,鋼筋混凝土造,112年8月18日,十四層,,
RPUNMLNLJHKGFFH78CC,1,51.91,本共有部分之項目有：防空避難室兼停車空間、消防泵浦室、蓄水池、雨水汙水機房、梯間、停車空間、發電機房、台電配電場所、電信室、垃圾冷藏室、集合住宅（附屬管委會使用空間、梯間、車道）、機械室、水箱等１５項。,鋼筋混凝土造,112年8月18日,十四層,,
RPOPMLNLJHKGFEH28CC,29,111.62,住家用,鋼筋混凝土造,85年6月24日,十五層,,
RPOPMLNLJHKGFEH28CC,29,30.00,共有部分,鋼筋混凝土造,85年6月24日,十九層,,
RPOPMLNLJHKGFEH28CC,29,32.56,共有部分,鋼筋混凝土造,85年6月24日,十九層,,
RPWOMLMLJHKGFHH56CC,1,62.10,事務所及工商服務業,鋼筋混凝土造,112年8月31日,二十四層,,
RPWNMLMLJHKGFHH09CC,30,113.33,住家用,鋼筋混凝土造,84年1月26日,十九層,,
RPPNMLNLJHKGFHH48CC,43,76.11,住家用,鋼筋混凝土造,70年9月15日,五層,,
RPRNMLNLJHKGFHH68CC,2,72.89,集合住宅,鋼筋混凝土造,112年2月4日,十五層,,
RPWOMLMLJHKGFHH56CC,1,60.99,共有部分之項目有停車空間、防空避難室兼停車空間、防災中心、自行車停車空間、管委會空間、樓梯間、機械室、排煙室、消防機房、水箱等項。,鋼筋混凝土造,112年8月31日,二十四層,,
RPWNMLMLJHKGFHH09CC,30,12.49,共有部分,鋼筋混凝土造,84年1月26日,十九層,,
RPRNMLNLJHKGFHH68CC,2,35.82,建物之共有項目有：停車空間、汙雨水回收機房、消防泵浦室、蓄水池、梯間、台電配電場所、電信室、垃圾處理室、防空避難室兼停車空間、發電機室、水景機房、集合住宅（附屬管委會使用空間、涼亭、梯間）、集合住宅（附屬涼亭、梯間）、水箱、機房等項。,鋼筋混凝土造,112年2月4日,十五層,,
RPTNMLNLJHKGFHH88CC,5,63.93,住家用,鋼筋混凝土造,109年6月3日,十三層,,
RPTNMLNLJHKGFHH88CC,5,17.25,共有部分之項目有：（附屬管委會使用空間）、梯間、機械室、水箱等項。,鋼筋混凝土造,109年6月3日,十三層,,
RPTNMLNLJHKGFHH88CC,5,12.38,共有部分之項目有：防空避難室兼停車空間、停車空間等項。,鋼筋混凝土造,109年6月3日,十三層,,
RPQNMLOLJHKGFAH97CC,26,23.36,住家用,鋼筋混凝土造,88年3月11日,十一層,,
RPQNMLOLJHKGFAH97CC,26,12.15,共有部分,鋼筋混凝土造,88年3月11日,十一層,,
RPPNMLOLJHKGFAH87CC,10,67.97,住家用,鋼筋混凝土造,104年7月6日,十四層,,
RPPNMLOLJHKGFAH87CC,10,57.88,本共有部分之項目有防空避難室兼停車空間、蓄水池、消防泵浦室、污水兼雨水機房、梯間、停車空間、發電機房、台電配電場所、電信室、水循環機房、垃圾冷藏室、管委會使用空間、車道及水箱、機械室等１５項。,鋼筋混凝土造,104年7月6日,十五層,,
RPSNMLOLJHKGFAH18CC,21,63.93,住家用,鋼筋混凝土造,92年11月21日,十四層,,
RPSNMLOLJHKGFAH18CC,21,12.32,共有部分,鋼筋混凝土造,92年11月21日,十四層,,
RPSNMLOLJHKGFAH18CC,21,8.42,共有部分,鋼筋混凝土造,92年11月21日,十四層,,
RPVNMLOLJHKGFAH48CC,29,65.02,住家用,鋼筋混凝土造,85年7月13日,十一層,,
RPVNMLOLJHKGFAH48CC,29,3.39,共有部分,鋼筋混凝土造,85年7月13日,十一層,,
RPVNMLOLJHKGFAH48CC,29,7.59,共有部分,鋼筋混凝土造,85年7月13日,十五層,,
RPROMLOLJHKGFAH18CC,27,26.19,辦公室,鋼筋混凝土造,86年11月17日,十四層,,
RPROMLOLJHKGFAH18CC,27,8.26,共有部分,鋼筋混凝土造,86年11月17日,十四層,,
RPROMLOLJHKGFAH18CC,27,1.92,共有部分,鋼筋混凝土造,86年11月17日,十四層,,
RPWNMLOLJHKGFAH58CC,44,73.93,住家用,鋼筋混凝土造,70年4月4日,十二層,,
RPWNMLOLJHKGFAH58CC,44,15.76,共有部分,鋼筋混凝土造,70年4月4日,十二層,,
RPPOMLOLJHKGFAH97CC,26,15.49,住家用,鋼筋混凝土造,87年9月25日,五層,,
RPPOMLOLJHKGFAH97CC,26,6.14,共有部分,鋼筋混凝土造,87年9月25日,五層,,
RPSOMLOLJHKGFAH28CC,27,28.23,辦公室,鋼筋混凝土造,86年11月17日,十四層,,
RPSOMLOLJHKGFAH28CC,27,7.88,共有部分,鋼筋混凝土造,86年11月17日,十四層,,
RPSOMLOLJHKGFAH28CC,27,1.83,共有部分,鋼筋混凝土造,86年11月17日,十四層,,
RPUOMLOLJHKGFAH48CC,1,49.02,住家用,鋼筋混凝土造,112年8月21日,二十層,,
RPUOMLOLJHKGFAH48CC,1,52.70,共有部分之項目有停車空間、消防機房、水箱、雨水機房、法定防空避難室兼停車空間、台電配電室、發電機室、電信室、集合住宅（附屬管委會使用空間）、樓梯間、機械室、梯廳、排煙室、水錶室、消防中繼機房、電梯機房等項。,鋼筋混凝土造,112年8月21日,二十層,,
RPVOMLOLJHKGFAH58CC,31,98.66,住家用,鋼筋混凝土造,82年8月30日,十二層,,
RPVOMLOLJHKGFAH58CC,31,21.26,共有部分,鋼筋混凝土造,82年8月30日,十二層,,
RPWOMLOLJHKGFAH68CC,25,12.89,辦公室,鋼筋混凝土造,88年12月1日,二十層,,
RPTNMLOLJHKGFBH38CC,3,67.87,集合住宅,鋼筋混凝土造,111年4月6日,十五層,,
RPTNMLOLJHKGFBH38CC,3,87.64,共有部分之項目有：集合住宅（附屬公共服務空間、機械室、樓梯間、機房及水箱、停車空間、防空避難室兼停車空間）、梯廳、排煙室儲藏室、台電配電室、垃圾暫存區、發電機室、電信室、消防泵浦室等１４項。,鋼筋混凝土造,111年4月6日,十五層,,
RPRNMLOLJHKGFBH18CC,29,21.54,住家用,鋼筋混凝土造,84年8月5日,十二層,,
RPRNMLOLJHKGFBH18CC,29,8.80,共有部分,鋼筋混凝土造,84年8月5日,十二層,,
RPUNMLOLJHKGFBH48CC,21,18.94,住家用,鋼筋混凝土造,93年4月10日,十層,,
RPUNMLOLJHKGFBH48CC,21,6.52,共有部分,鋼筋混凝土造,93年4月10日,十層,,
RPUNMLOLJHKGFBH48CC,21,.61,共有部分,鋼筋混凝土造,93年4月10日,十層,,
RPUNMLOLJHKGFBH48CC,21,2.33,共有部分,鋼筋混凝土造,93年4月10日,十層,,
RPXNMLOLJHKGFBH78CC,32,98.08,住家用,鋼筋混凝土造,82年6月30日,五層,,
RPXNMLOLJHKGFBH78CC,32,21.40,共有部分,鋼筋混凝土造,82年6月30日,五層,,
RPROMLOLJHKGFBH28CC,30,106.70,住家用,鋼筋混凝土造,84年5月18日,九層,,
RPROMLOLJHKGFBH28CC,30,1.83,共有部分,鋼筋混凝土造,84年5月18日,九層,,
RPROMLOLJHKGFBH28CC,30,5.01,共有部分,鋼筋混凝土造,84年5月18日,九層,,
RPROMLOLJHKGFBH28CC,30,22.09,共有部分,鋼筋混凝土造,84年5月18日,九層,,
RPXOMLOLJHKGFBH88CC,49,88.98,商業用,加強磚造,65年1月23日,二層,,
RPOPMLOLJHKGFBH08CC,8,68.25,集合住宅,鋼筋混凝土造,106年5月19日,十五層,,
RPOPMLOLJHKGFBH08CC,8,68.86,本共有部分之項目有：防空避難室兼停車空間、雨水回收機房、汙水機房、消防泵浦室、蓄水池、停車空間、機房、梯間、台電配電場所、發電機室、垃圾冷藏處理室、電信室、公共服務空間、管委會使用空間、水箱、機械室、梯廳、排煙室及車道等十九項,鋼筋混凝土造,106年5月19日,十五層,,
RPTPMLOLJHKGFBH58CC,29,70.75,住家用,鋼筋混凝土造,84年10月9日,五層,,
RPTPMLOLJHKGFBH58CC,29,7.97,共有部分,鋼筋混凝土造,84年10月9日,五層,,
RPPPMLOLJHKGFBH18CC,37,85.91,住家用,鋼筋混凝土造,77年2月3日,五層,,
RPVPMLOLJHKGFBH78CC,42,85.66,住家用,鋼筋混凝土造,72年2月7日,五層,,
RPPQMLOLJHKGFBH28CC,34,102.37,住家用,鋼筋混凝土造,80年6月12日,六層,,
RPPQMLOLJHKGFBH28CC,34,38.93,共有部分,鋼筋混凝土造,80年6月12日,七層,,
RPPOMLNLJHKGFCH08CC,29,65.13,住家用,鋼筋混凝土造,84年11月30日,六層,,
RPPOMLNLJHKGFCH08CC,29,3.47,共有部分,鋼筋混凝土造,84年11月30日,六層,,
RPPOMLNLJHKGFCH08CC,29,30.41,共有部分,鋼筋混凝土造,84年11月30日,六層,,
RPPOMLNLJHKGFCH08CC,29,3.13,共有部分,鋼筋混凝土造,84年11月30日,六層,,
RPPNMLOLJHKGFCH08CC,11,57.65,集合住宅,鋼筋混凝土造,103年2月7日,六層,,
RPXNMLNLJHKGFCH78CC,49,62.40,住家用,磚造,65年1月30日,一層,,
RPQNMLNLJHKGFCH08CC,43,20.00,住家用,加強磚造,71年2月26日,二層,,
RPPNMLOLJHKGFCH08CC,11,51.07,集合住宅（附屬防空避難室兼停車場、管委會服務空間、樓梯間、機械房、水箱）,鋼筋混凝土造,103年2月7日,七層,,
RPRNMLNLJHKGFCH18CC,43,85.12,住家用,鋼筋混凝土造,71年4月21日,二層,,
RPTNMLOLJHKGFCH48CC,1,84.75,集合住宅,鋼筋混凝土造,113年3月28日,十五層,,
RPTNMLOLJHKGFCH48CC,1,37.58,共有部分：停車空間、防空避難室兼停車空間、集合住宅（附屬管理委員會使用空間）、水錶室、樓梯間、機械室及水箱。,鋼筋混凝土造,113年3月28日,十五層,,
RPUNMLOLJHKGFCH58CC,43,99.60,住家用,加強磚造,71年2月26日,二層,,
RPQQMLOLJHKGFBH38CC,36,23.14,商業用,鋼筋混凝土造,77年10月6日,三層,,
RPQQMLOLJHKGFBH38CC,36,6.87,共有部分,鋼筋混凝土造,77年10月6日,三層,,
RPQQMLOLJHKGFBH38CC,36,10.29,共有部分,鋼筋混凝土造,77年10月6日,三層,,
RPUNMLOLJHKGFDH68CC,30,94.67,住家用,鋼筋混凝土造,84年3月24日,九層,,
RPUNMLOLJHKGFDH68CC,30,36.19,共有部分,鋼筋混凝土造,84年3月24日,十層,,
RPUNMLOLJHKGFDH68CC,30,10.87,共有部分,鋼筋混凝土造,84年3月24日,十層,,
RPRNMLOLJHKGFEH48CC,16,24.13,住家用,鋼筋混凝土造,98年4月23日,十三層,,
RPSNMLOLJHKGFDH48CC,29,60.15,住家用,鋼筋混凝土造,84年11月7日,十二層,,
RPSNMLOLJHKGFDH48CC,29,11.19,停車場兼防空避難室,鋼筋混凝土造,84年11月7日,十二層,,
RPSNMLOLJHKGFDH48CC,29,10.30,電梯、樓梯、屋頂突出物、機房、水箱、門廳,鋼筋混凝土造,84年11月7日,十二層,,
RPPNMLOLJHKGFFH38CC,44,90.17,住家用,加強磚造,70年2月13日,二層,,
RPRNMLOLJHKGFFH58CC,29,181.44,住家用,鋼筋混凝土造,85年6月10日,四層,,
RPRNMLOLJHKGFFH58CC,29,14.07,共有部分,鋼筋混凝土造,85年6月10日,四層,,
RPRNMLOLJHKGFFH58CC,29,30.48,共有部分,鋼筋混凝土造,85年6月10日,四層,,
RPSNMLOLJHKGFEH58CC,16,24.22,住家用,鋼筋混凝土造,98年4月23日,十三層,,
RPTNMLOLJHKGFEH68CC,30,106.96,住家用,鋼筋混凝土造,83年11月29日,七層,,
RPTNMLOLJHKGFEH68CC,30,14.81,共有部分,鋼筋混凝土造,83年11月29日,七層,,
RPTNMLOLJHKGFFH78CC,26,96.78,住家用,鋼骨鋼筋混凝土造,87年7月29日,十八層,,
RPTNMLOLJHKGFFH78CC,26,16.18,共有部分,鋼骨鋼筋混凝土造,87年7月29日,十八層,,
RPTNMLOLJHKGFFH78CC,26,35.48,共有部分,鋼骨鋼筋混凝土造,87年7月29日,十九層,,
RPTNMLOLJHKGFFH78CC,26,9.00,共有部分,鋼骨鋼筋混凝土造,87年7月29日,十九層,,
RPSNMLOLJHKGFFH68CC,43,88.75,住家用,鋼筋混凝土造,70年10月22日,五層,,
RPXNMLOLJHKGFFH56CC,19,82.67,住家用,鋼筋混凝土造,95年3月29日,十五層,,
RPXNMLOLJHKGFFH56CC,19,16.55,共有部分,鋼筋混凝土造,95年3月29日,十五層,,
RPVNMLOLJHKGFFH98CC,43,84.00,住家用,鋼筋混凝土造,70年11月25日,四層,,
RPXNMLOLJHKGFFH56CC,19,42.78,共有部分,鋼筋混凝土造,95年3月29日,十五層,,
RPSNMLOLJHKGFHH88CC,31,91.71,住家用,鋼筋混凝土造,82年10月20日,五層,,
RPSNMLOLJHKGFHH88CC,31,2.50,共有部分,鋼筋混凝土造,82年10月20日,五層,,
RPSNMLOLJHKGFHH88CC,31,10.39,共有部分,鋼筋混凝土造,82年10月20日,五層,,
RPPNMLPLJHKGFAH97CC,43,17.79,住家用,鋼筋混凝土造,70年11月10日,四層,,
RPSNMLPLJHKGFBH38CC,48,114.68,住家用,加強磚造,65年8月7日,二層,,
RPTNMLPLJHKGFBH48CC,18,19.84,住宅、機電空間,鋼筋混凝土造,95年11月15日,五層,,
RPWNMLPLJHKGFBH78CC,30,91.83,住家用,鋼筋混凝土造,83年9月14日,七層,,
RPWNMLPLJHKGFBH78CC,30,21.15,共有部分,鋼筋混凝土造,83年9月14日,八層,,
RPWNMLPLJHKGFBH78CC,30,7.75,共有部分,鋼筋混凝土造,83年9月14日,七層,,
RPWNMLPLJHKGFBH78CC,30,8.91,共有部分,鋼筋混凝土造,83年9月14日,八層,,
RPUNMLOLJHKGFGH98CC,44,98.66,住家用,加強磚造,70年1月6日,二層,,
RPQNMLNLJHKGFGH48CC,18,59.68,住家用,鋼筋混凝土造,95年12月13日,十四層,,
RPTNMLOLJHKGFGH88CC,11,68.93,住家用,鋼筋混凝土造,103年7月11日,十三層,,
RPQNMLNLJHKGFGH48CC,18,10.80,共有部分,鋼筋混凝土造,95年12月13日,十四層,,
RPTNMLOLJHKGFGH88CC,11,61.08,共有部分,鋼筋混凝土造,103年7月11日,十三層,,
RPQNMLNLJHKGFGH48CC,18,9.50,共有部分,鋼筋混凝土造,95年12月13日,十四層,,
RPRNMLOLJHKGFGH68CC,6,70.38,住家用,鋼筋混凝土造,107年9月18日,十四層,,
RPPNMLOLJHKGFGH48CC,30,32.03,住家用,鋼筋混凝土造,84年3月22日,十二層,,
RPRNMLOLJHKGFGH68CC,6,13.87,共有部分,鋼筋混凝土造,107年9月18日,十四層,,
RPQNMLPLJHKGFGH68CC,31,10.00,農舍,鋼筋混凝土造,82年12月22日,三層,,
RPVNMLNLJHKGFGH98CC,6,88.45,住家用,鋼筋混凝土造,107年10月23日,十四層,,
RPPNMLOLJHKGFGH48CC,30,7.22,共有部分,鋼筋混凝土造,84年3月22日,十二層,,
RPRNMLOLJHKGFGH68CC,6,16.16,共有部分,鋼筋混凝土造,107年9月18日,十四層,,
RPVNMLNLJHKGFGH98CC,6,61.68,共有部分,鋼筋混凝土造,107年10月23日,十四層,,
RPPNMLOLJHKGFGH48CC,30,7.14,共有部分,鋼筋混凝土造,84年3月22日,十二層,,
RPPOMLOLJHKGFGH58CC,33,49.10,住家用,鋼筋混凝土造,81年2月1日,十七層,,
RPVNMLNLJHKGFGH98CC,6,19.51,共有部分,鋼筋混凝土造,107年10月23日,十四層,,
RPPOMLOLJHKGFGH58CC,33,48.51,共有部分,鋼筋混凝土造,81年2月1日,十七層,,
RPPOMLOLJHKGFGH58CC,33,39.03,共有部分,鋼筋混凝土造,81年2月1日,十七層,,
RPPOMLOLJHKGFGH58CC,33,33.63,共有部分,鋼筋混凝土造,81年2月1日,十七層,,
RPPNMLNJKHKGFBH77CC,36,22.87,住家用,鋼筋混凝土造,78年5月20日,七層,,
RPPNMLNJKHKGFBH77CC,36,3.39,共有部分,鋼筋混凝土造,78年5月20日,七層,,
RPPNMLNJKHKGFBH77CC,36,6.35,共有部分,鋼筋混凝土造,78年5月20日,七層,,
RPPNMLNJKHKGFAH67CC,32,107.08,住家用,鋼筋混凝土造,82年5月13日,六層,,
RPPNMLNJKHKGFAH67CC,32,44.51,共有部分,鋼筋混凝土造,82年5月13日,六層,,
RPRNMLNJKHKGFBH97CC,14,150.21,住家用,鋼筋混凝土造,100年3月30日,十二層,,
RPRNMLNJKHKGFBH97CC,14,23.56,集合住宅（附屬防空避難室兼停車空間）、集合住宅（附屬水箱）、集合住宅（附屬停車空間）、集合住宅（附屬台電配電室）、集合住宅（附屬發電機室）,鋼筋混凝土造,100年3月30日,十三層,,
RPRNMLNJKHKGFBH97CC,14,14.17,集合住宅（附屬頂蓋型廣場式開放空間、公共服務空間）、清潔室、公共服務空間（接待大廳）,鋼筋混凝土造,100年3月30日,十三層,,
RPRNMLNJKHKGFBH97CC,14,19.45,梯廳、集合住宅（附屬梯間、水箱）、集合住宅（附屬機械室、水箱）,鋼筋混凝土造,100年3月30日,十二層,,
RPQOMLOLJHKGFGH68CC,33,126.82,住家用,鋼筋混凝土造,81年1月23日,十二層,,
RPQOMLOLJHKGFGH68CC,33,28.45,共有部分,鋼筋混凝土造,81年1月23日,十二層,,
RPSNMLOLJHKGFGH78CC,30,62.39,住家用,鋼筋混凝土造,84年2月21日,十六層,,
RPSNMLOLJHKGFGH78CC,30,5.87,共有部分,鋼筋混凝土造,84年2月21日,十六層,,
RPSNMLOLJHKGFGH78CC,30,8.43,共有部分,鋼筋混凝土造,84年2月21日,十六層,,
RPWNMLNJKHKGFBH48CC,37,80.03,住家用,鋼筋混凝土造,77年6月6日,五層,,
RPWNMLNJKHKGFBH48CC,37,11.40,共有部分,鋼筋混凝土造,77年6月6日,五層,,
RPQNMLQLJHKGFGH78CC,4,18.51,集合住宅,鋼筋混凝土造,110年5月24日,五層,,
RPQNMLQLJHKGFGH78CC,4,18.33,共有部分,鋼筋混凝土造,110年5月24日,五層,,
RPOOMLNJKHKGFBH77CC,17,57.26,住家用,鋼筋混凝土造,97年4月28日,二十四層,,
RPOOMLNJKHKGFBH77CC,17,7.41,共有部分,鋼筋混凝土造,97年4月28日,二十四層,,
RPOOMLNJKHKGFBH77CC,17,13.83,共有部分,鋼筋混凝土造,97年4月28日,二十四層,,
RPUOMLNJKHKGFBH38CC,2,58.71,集合住宅,鋼筋混凝土造,111年8月16日,十七層,,
RPRNMLNJKHKGFAH87CC,41,89.01,住家用,鋼筋混凝土造,72年11月16日,十層,,
RPOPMLNJKHKGFBH87CC,44,87.96,住家用,鋼筋混凝土造,70年1月7日,四層,,
RPRNMLNJKHKGFAH87CC,41,14.48,共有部分,鋼筋混凝土造,72年11月16日,十層,,
RPSOMLNJKHKGFBH18CC,30,13.22,店舖、住宅、自用儲藏室,鋼筋混凝土造,84年6月8日,五層,,
RPTPMLNJKHKGFBH38CC,1,18.44,住宅、住宅（附屬停車空間）、樓梯間,鋼筋混凝土造,112年9月11日,五層,,
RPQNMLNJKHKGFBH87CC,31,90.78,住家用,鋼筋混凝土造,83年5月26日,十一層,,
RPQNMLNJKHKGFBH87CC,31,18.05,共有部分,鋼筋混凝土造,83年5月26日,十一層,,
RPUNMLNJKHKGFBH28CC,30,93.04,住家用,鋼筋混凝土造,83年9月14日,八層,,
RPUNMLNJKHKGFBH28CC,30,21.15,共有部分,鋼筋混凝土造,83年9月14日,八層,,
RPUNMLNJKHKGFBH28CC,30,6.92,共有部分,鋼筋混凝土造,83年9月14日,八層,,
RPUNMLNJKHKGFBH28CC,30,9.23,共有部分,鋼筋混凝土造,83年9月14日,八層,,
RPQPMLNJKHKGFBH08CC,33,35.56,住家用,鋼筋混凝土造,80年12月30日,七層,,
RPQPMLNJKHKGFBH08CC,33,.27,共有部分,鋼筋混凝土造,80年12月30日,七層,,
RPQPMLNJKHKGFBH08CC,33,1.90,共有部分,鋼筋混凝土造,80年12月30日,七層,,
RPQPMLNJKHKGFBH08CC,33,6.02,共有部分,鋼筋混凝土造,80年12月30日,七層,,
RPXPMLNJKHKGFBH78CC,7,25.30,工業區社區住宅、樓梯間,鋼筋混凝土造,107年3月26日,五層,,
RPROMLNJKHKGFBH08CC,54,80.15,住家用,加強磚造,60年5月6日,三層,,
RPOQMLNJKHKGFBH97CC,5,22.40,工業社區（社區住宅）,鋼筋混凝土造,108年10月25日,五層,,
RPQQMLNJKHKGFBH18CC,11,22.33,住家用,鋼筋混凝土造,102年8月22日,五層,,
RPUPMLNJKHKGFBH48CC,10,28.13,店舖、住宅、住宅（附屬停車空間、樓梯間）,鋼筋混凝土造,103年11月16日,五層,,
RPSNMLNJKHKGFDH28CC,49,13.22,商業用,加強磚造,65年1月28日,三層,,
RPQNMLNJKHKGFDH08CC,6,80.89,集合住宅,鋼筋混凝土造,107年11月22日,十五層,,
RPQNMLNJKHKGFDH08CC,6,79.26,本共有部分之項目有：防空避難室兼停車空間、停車空間、集合住宅（附屬公共服務空間、附屬停車空間、附屬管委會空間）、梯間、水箱、機械室等八項,鋼筋混凝土造,107年11月22日,十五層,,
RPRNMLNJKHKGFDH18CC,29,111.81,住家用,鋼筋混凝土造,85年7月4日,五層,,
RPRNMLNJKHKGFDH18CC,29,6.86,共有部分,鋼筋混凝土造,85年7月4日,五層,,
RPPNMLNJKHKGFDH97CC,28,82.91,住家用,鋼筋混凝土造,85年11月6日,十二層,,
RPPNMLNJKHKGFDH97CC,28,15.90,共有部分,鋼筋混凝土造,85年11月6日,十二層,,
RPPNMLNJKHKGFDH97CC,28,11.26,共有部分,鋼筋混凝土造,85年11月6日,十二層,,
RPWNMLNJKHKGFEH78CC,30,67.62,住家用,鋼筋混凝土造,84年2月11日,六層,,
RPWNMLNJKHKGFEH78CC,30,11.97,共有部分,鋼筋混凝土造,84年2月11日,七層,,
RPWNMLNJKHKGFEH78CC,30,11.39,共有部分,鋼筋混凝土造,84年2月11日,七層,,
RPRNMLNJKHKGFFH38CC,3,84.16,集合住宅,鋼筋混凝土造,111年7月5日,十層,,
RPRNMLNJKHKGFFH38CC,3,58.72,本共有部分之項目有：停車空間、蓄水池、消防泵浦室、汙水機房、梯間、防空避難室兼停車空間、台電配電場所、電信室、發電機室、集合住宅（附屬管委會使用空間、梯間）等十一項。,鋼筋混凝土造,111年7月5日,十層,,
RPRNMLNJKHKGFFH38CC,3,15.96,集合住宅（附屬梯間）、梯間、機房、水箱等四項。,鋼筋混凝土造,111年7月5日,十層,,
RPVNMLNJKHKGFEH68CC,32,80.47,住家用,鋼筋混凝土造,82年3月12日,六層,,
RPVNMLNJKHKGFEH68CC,32,12.73,共有部分,鋼筋混凝土造,82年3月12日,六層,,
RPVNMLNJKHKGFEH68CC,32,15.98,共有部分,鋼筋混凝土造,82年3月12日,六層,,
RPSNMLNJKHKGFEH38CC,8,19.67,住家用,鋼筋混凝土造,105年10月5日,六層,,
RPPNMLNJKHKGFFH18CC,31,75.04,住家用,鋼筋混凝土造,82年8月24日,五層,,
RPPNMLNJKHKGFFH18CC,31,14.64,共有部分,鋼筋混凝土造,82年8月24日,五層,,
RPTNMLNJKHKGFDH38CC,26,59.40,住家用,鋼筋混凝土造,87年8月7日,五層,,
RPTNMLNJKHKGFDH38CC,26,5.45,梯間、水箱,鋼筋混凝土造,87年8月7日,五層,,
RPTNMLNJKHKGFDH38CC,26,1.45,台電配電室、機房,鋼筋混凝土造,87年8月7日,五層,,
RPTNMLNJKHKGFDH38CC,26,25.31,停車,鋼筋混凝土造,87年8月7日,五層,,
RPXNMLNJKHKGFFH98CC,41,87.00,住家用,鋼筋混凝土造,72年8月12日,五層,,
RPXNMLNJKHKGFFH98CC,41,1.03,共有部分,鋼筋混凝土造,72年8月12日,五層,,
RPPOMLNJKHKGFFH28CC,26,64.27,住家用,鋼骨鋼筋混凝土造,87年7月29日,十八層,,
RPPOMLNJKHKGFFH28CC,26,11.04,共有部分,鋼骨鋼筋混凝土造,87年7月29日,十八層,,
RPPOMLNJKHKGFFH28CC,26,6.04,共有部分,鋼骨鋼筋混凝土造,87年7月29日,十九層,,
RPQOMLNJKHKGFFH38CC,26,101.72,住家用,鋼骨鋼筋混凝土造,87年7月29日,十八層,,
RPQOMLNJKHKGFFH38CC,26,17.84,共有部分,鋼骨鋼筋混凝土造,87年7月29日,十八層,,
RPQOMLNJKHKGFFH38CC,26,35.48,共有部分,鋼骨鋼筋混凝土造,87年7月29日,十九層,,
RPQOMLNJKHKGFFH38CC,26,9.74,共有部分,鋼骨鋼筋混凝土造,87年7月29日,十九層,,
RPPNMLNJKHKGFCH87CC,4,30.92,一般服務業,鋼筋混凝土造,109年11月4日,十五層,,
RPPNMLNJKHKGFCH87CC,4,18.93,共有部分：停車空間、防空避難室兼停車空間、管理委員會使用空間、梯間、機械室、消防水箱、水箱,鋼筋混凝土造,109年11月4日,十五層,,
RPOOMLNJKHKGFFH18CC,18,84.34,住家用,鋼筋混凝土造,96年7月18日,十五層,,
RPOOMLNJKHKGFFH18CC,18,65.45,共有部分,鋼筋混凝土造,96年7月18日,十五層,,
RPSNMLNJKHKGFFH48CC,10,67.20,住家用,鋼筋混凝土造,104年6月17日,二十四層,,
RPSNMLNJKHKGFFH48CC,10,31.12,共有部分之項目有：機房、水箱、汙水處理機房、消防幫浦室、設備空間、中繼專用機房、機車停車空間、台電配電室、緊急發電機房、電錶室、垃圾處理室、泳池及噴灌機房、排煙室、健身房、門廳、梯廳、游泳池、更衣室、管理員室、樓電梯間、消防水箱、梯間、電梯機房、樓梯間等計２４項。,鋼筋混凝土造,104年6月17日,二十四層,,
RPSNMLNJKHKGFFH48CC,10,37.11,共有部分之項目有：車道、防空避難室兼停車空間、供公眾使用停車空間兼停車空間、停車空間等計４項。,鋼筋混凝土造,104年6月17日,二十四層,,
RPRNMLNJKHKGFGH48CC,49,117.52,住家用,加強磚造,64年10月20日,二層,,
RPSNMLNJKHKGFGH58CC,18,59.82,住家用,鋼筋混凝土造,95年12月13日,十四層,,
RPSNMLNJKHKGFGH58CC,18,10.43,共有部分,鋼筋混凝土造,95年12月13日,十四層,,
RPSNMLNJKHKGFGH58CC,18,9.50,共有部分,鋼筋混凝土造,95年12月13日,十四層,,
RPPNMLNJKHKGFGH28CC,46,85.00,住家用,加強磚造,68年1月25日,二層,,
RPTNMLNJKHKGFGH68CC,48,99.88,住家用,加強磚造,66年5月12日,二層,,
RPUNMLNJKHKGFGH78CC,13,94.99,住家用,鋼筋混凝土造,100年12月15日,十五層,,
RPUNMLNJKHKGFGH78CC,13,72.84,共有部分,鋼筋混凝土造,100年12月15日,十五層,,
RPUNMLNJKHKGFHH88CC,9,107.89,住家用,鋼筋混凝土造,104年8月14日,二十層,,
RPUNMLNJKHKGFHH88CC,9,9.61,本共有部分之項目有集合住宅（附屬停車空間）、集合住宅（附屬公共服務空間）、集合住宅（附屬管委會空間）等３項。,鋼筋混凝土造,104年8月14日,二十三層,,
RPUNMLNJKHKGFHH88CC,9,4.88,本共有部分之項目集合住宅（附屬管委會使用空間）、集合住宅（附屬公共服務空間）等２項。,鋼筋混凝土造,104年8月14日,二十三層,,
RPUNMLNJKHKGFHH88CC,9,34.50,本共有部分之項目有電樓梯間、集合住宅（附屬公共服務空間）、集合住宅（附屬管委會使用空間）、集合住宅（附屬中繼機房）、集合住宅（附屬機房、水箱）等５項。,鋼筋混凝土造,104年8月14日,二十層,,
RPRNMLNJKHKGFHH58CC,44,74.57,住家用,鋼筋混凝土造,69年8月4日,五層,,
RPQNMLNJKHKGFGH38CC,9,61.65,住家用,鋼筋混凝土造,104年9月30日,十九層,,
RPQNMLNJKHKGFGH38CC,9,9.72,共有部分,鋼筋混凝土造,104年9月30日,二十層,,
RPQNMLNJKHKGFGH38CC,9,38.94,共有部分,鋼筋混凝土造,104年9月30日,二十層,,
RPQNMLNJKHKGFGH38CC,9,19.82,共有部分,鋼筋混凝土造,104年9月30日,十九層,,
RPPOMLNJKHKGFAH77CC,23,190.19,住家用,鋼筋混凝土造,91年2月5日,十四層,,
RPPOMLNJKHKGFAH77CC,23,26.14,住家用,鋼筋混凝土造,91年2月5日,十四層,,
RPPOMLNJKHKGFAH77CC,23,2.24,住家用,鋼筋混凝土造,91年2月5日,十四層,,
RPPOMLNJKHKGFAH77CC,23,35.67,共有部分,鋼筋混凝土造,91年2月5日,十四層,,
RPPOMLNJKHKGFAH77CC,23,35.67,共有部分,鋼筋混凝土造,91年2月5日,十四層,,
RPQNMLOJKHKGFAH87CC,29,26.48,住家用,鋼筋混凝土造,84年9月30日,二十層,,
RPUOMLNJKHKGFAH28CC,6,62.87,住家用,鋼筋混凝土造,107年8月24日,十五層,,
RPUOMLNJKHKGFAH28CC,6,11.11,本共有部分之項目有：集合住宅（附屬梯間）等項。,鋼筋混凝土造,107年8月24日,十五層,,
RPVNMLOJKHKGFAH38CC,30,24.63,住家用,鋼筋混凝土造,84年7月14日,十三層,,
RPQNMLOJKHKGFAH87CC,29,6.88,共有部分,鋼筋混凝土造,84年9月30日,二十層,,
RPUOMLNJKHKGFAH28CC,6,57.87,本共有部分之項目有：集合住宅附屬（停車空間、污水及雨水回收機房、消防泵浦室、蓄水池、梯間、電信室、防空避難室兼停車空間、台電配電室、垃圾處理室、發電機室、公共服務空間、開放空間、管委會使用空間、機房、水箱）等項。,鋼筋混凝土造,107年8月24日,十五層,,
RPVNMLOJKHKGFAH38CC,30,4.29,共有部分,鋼筋混凝土造,84年7月14日,十三層,,
RPQNMLOJKHKGFAH87CC,29,5.44,共有部分,鋼筋混凝土造,84年9月30日,二十層,,
RPOPMLNJKHKGFAH77CC,36,31.13,住家用,鋼筋混凝土造,78年5月22日,十二層,,
RPVNMLOJKHKGFAH38CC,30,3.01,共有部分,鋼筋混凝土造,84年7月14日,十三層,,
RPOPMLNJKHKGFAH77CC,36,5.90,共有部分,鋼筋混凝土造,78年5月22日,十二層,,
RPVNMLOJKHKGFAH38CC,30,.95,共有部分,鋼筋混凝土造,84年7月14日,十三層,,
RPOPMLNJKHKGFAH77CC,36,3.98,共有部分,鋼筋混凝土造,78年5月22日,十二層,,
RPVNMLOJKHKGFAH38CC,30,.08,共有部分,鋼筋混凝土造,84年7月14日,十三層,,
RPXOMLNJKHKGFAH58CC,30,79.31,住家用,鋼筋混凝土造,84年5月22日,七層,,
RPXOMLNJKHKGFAH58CC,30,28.37,共有部分,鋼筋混凝土造,84年5月22日,七層,,
RPUNMLOJKHKGFAH28CC,31,146.54,住家用,鋼筋混凝土造,83年4月27日,四層,,
RPUNMLOJKHKGFAH28CC,31,71.85,共有部分,鋼筋混凝土造,83年4月27日,四層,,
RPSNMLOJKHKGFAH08CC,29,32.36,住家用,鋼筋混凝土造,84年9月30日,二十層,,
RPSNMLOJKHKGFAH08CC,29,8.40,共有部分,鋼筋混凝土造,84年9月30日,二十層,,
RPSNMLOJKHKGFAH08CC,29,6.71,共有部分,鋼筋混凝土造,84年9月30日,二十層,,
RPRNMLOJKHKGFAH97CC,31,66.54,住家用,鋼筋混凝土造,83年4月11日,十六層,,
RPRNMLOJKHKGFAH97CC,31,2.76,共有部分,鋼筋混凝土造,83年4月11日,十六層,,
RPRNMLOJKHKGFAH97CC,31,6.12,共有部分,鋼筋混凝土造,83年4月11日,十六層,,
RPWNMLOJKHKGFAH48CC,7,52.07,住家用,鋼筋混凝土造,106年8月21日,十五層,,
RPWNMLOJKHKGFAH48CC,7,48.47,本共有部分之項目有附屬（停車空間、消防泵浦室、發電機室、汙雨水回收機房、機房、蓄水池、梯間、防空避難室兼停車空間、台電配電室、電信室、垃圾處理室、車道、公共服務空間、開放空間、管委會使用空間、水箱）等項。,鋼筋混凝土造,106年8月21日,十五層,,
RPPOMLOJKHKGFAH87CC,35,14.67,住家用,鋼筋混凝土造,78年12月30日,七層,,
RPPOMLOJKHKGFAH87CC,35,4.15,共有部分,鋼筋混凝土造,78年12月30日,七層,,
RPXNMLOJKHKGFAH58CC,31,74.46,住家用,鋼筋混凝土造,82年12月30日,七層,,
RPXNMLOJKHKGFAH58CC,31,17.80,共有部分,鋼筋混凝土造,82年12月30日,七層,,
RPXNMLOJKHKGFAH58CC,31,11.75,共有部分,鋼筋混凝土造,82年12月30日,七層,,
RPQOMLOJKHKGFAH97CC,35,19.54,住家用,鋼筋混凝土造,78年12月30日,七層,,
RPQOMLOJKHKGFAH97CC,35,5.45,共有部分,鋼筋混凝土造,78年12月30日,七層,,
RPVPMLOJKHKGFAH58CC,35,26.40,住家用,鋼筋混凝土造,79年1月3日,十一層,,
RPTOMLOJKHKGFAH28CC,4,59.68,住家用,鋼筋混凝土造,109年11月12日,二十三層,,
RPTOMLOJKHKGFAH28CC,4,57.32,本共有部分之項目有：停車空間、機電設備空間、防空避難室兼停車空間、集合住宅（梯廳、管委會使用空間、車道）、集合住宅（管委會使用空間）、集合住宅（游泳池、梯廳、管委會使用空間）、樓梯間、排煙室、水箱及電梯機房、消防機房等項。,鋼筋混凝土造,109年11月12日,二十三層,,
RPOPMLOJKHKGFAH87CC,43,14.50,住家用,鋼筋混凝土造,70年11月10日,四層,,
RPROMLOJKHKGFAH08CC,17,33.91,住家用,鋼筋混凝土造,96年9月6日,十五層,,
RPROMLOJKHKGFAH08CC,17,11.08,共有部分,鋼筋混凝土造,96年9月6日,十五層,,
RPROMLOJKHKGFAH08CC,17,6.76,共有部分,鋼筋混凝土造,96年9月6日,十五層,,
RPXOMLOJKHKGFAH68CC,21,54.10,住家用,鋼筋混凝土造,92年8月19日,十四層,,
RPXOMLOJKHKGFAH68CC,21,9.50,共有部分,鋼筋混凝土造,92年8月19日,十四層,,
RPXOMLOJKHKGFAH68CC,21,9.87,共有部分,鋼筋混凝土造,92年8月19日,十四層,,
RPWPMLOJKHKGFAH68CC,35,26.45,住家用,鋼筋混凝土造,79年1月3日,十一層,,
RPXPMLOJKHKGFAH78CC,,56.92,住家用,鋼筋混凝土造,113年8月6日,十四層,,
RPXPMLOJKHKGFAH78CC,,28.60,建物共有部分之項目有：防空避難室兼停車空間、消防泵浦室、雨、污水機房、蓄水池、梯間、停車空間、機房、水箱、電信室、發電機房、台電配電場所、垃圾儲藏室、集合住宅（附屬管委會使用空間，車道，梯間）及機械室等項。,鋼筋混凝土造,113年8月6日,十五層,,
RPQPMLOJKHKGFAH08CC,24,41.82,住家用,鋼筋混凝土造,90年2月23日,十四層,,
RPQPMLOJKHKGFAH08CC,24,15.13,共有部分,鋼筋混凝土造,90年2月23日,十四層,,
RPQPMLOJKHKGFAH08CC,24,8.44,共有部分,鋼筋混凝土造,90年2月23日,十四層,,
RPQPMLOJKHKGFAH08CC,24,7.47,共有部分,鋼筋混凝土造,90年2月23日,十四層,,
RPVNMLOJKHKGFBH48CC,17,27.35,住家用,鋼筋混凝土造,97年4月6日,二十二層,,
RPVNMLOJKHKGFBH48CC,17,1.48,共有部分,鋼筋混凝土造,97年4月6日,二十二層,,
RPVNMLOJKHKGFBH48CC,17,1.26,共有部分,鋼筋混凝土造,97年4月6日,二十二層,,
RPVNMLOJKHKGFBH48CC,17,5.69,共有部分,鋼筋混凝土造,97年4月6日,二十二層,,
RPVNMLOJKHKGFBH48CC,17,.29,共有部分,鋼筋混凝土造,97年4月6日,二十二層,,
RPVNMLOJKHKGFBH48CC,17,.71,共有部分,鋼筋混凝土造,97年4月6日,二十二層,,
RPQNMLOJKHKGFEH28CC,3,49.94,住家用,鋼筋混凝土造,110年11月16日,十三層,,
RPQNMLOJKHKGFEH28CC,3,26.18,共有部分,鋼筋混凝土造,110年11月16日,十三層,,
RPQNMLOJKHKGFEH28CC,3,12.21,共有部分,鋼筋混凝土造,110年11月16日,十三層,,
RPTNMLOJKHKGFBH28CC,16,30.58,住家用,鋼筋混凝土造,98年6月29日,二十一層,,
RPTNMLOJKHKGFBH28CC,16,1.59,共有部分,鋼筋混凝土造,98年6月29日,二十二層,,
RPTNMLOJKHKGFBH28CC,16,1.69,共有部分,鋼筋混凝土造,98年6月29日,二十一層,,
RPTNMLOJKHKGFBH28CC,16,6.65,共有部分,鋼筋混凝土造,98年6月29日,二十一層,,
RPTNMLOJKHKGFBH28CC,16,2.04,共有部分,鋼筋混凝土造,98年6月29日,二十二層,,
RPSNMLOJKHKGFCH28CC,43,22.50,住家用,加強磚造,70年12月28日,二層,,
RPXNMLOJKHKGFBH68CC,30,61.01,辦公室,鋼骨造,84年4月22日,二十層,,
RPXNMLOJKHKGFBH68CC,30,17.67,共有部分,鋼骨造,84年4月22日,二十層,,
RPXNMLOJKHKGFBH68CC,30,6.63,共有部分,鋼骨造,84年4月22日,二十層,,
RPXNMLOJKHKGFBH68CC,30,22.25,共有部分,鋼骨造,84年4月22日,二十層,,
RPRNMLOJKHKGFEH38CC,3,33.82,住家用,鋼筋混凝土造,110年11月16日,十三層,,
RPRNMLOJKHKGFEH38CC,3,17.62,共有部分,鋼筋混凝土造,110年11月16日,十三層,,
RPRNMLOJKHKGFEH38CC,3,8.22,共有部分,鋼筋混凝土造,110年11月16日,十三層,,
RPPNMLOJKHKGFFH28CC,9,123.47,住家用,鋼筋混凝土造,104年8月27日,二十三層,,
RPPNMLOJKHKGFFH28CC,9,54.14,共有部分之項目有：防空避難室兼停車空間、停車空間、管委會使用空間、梯間、機械室、水箱等計六項。,鋼筋混凝土造,104年8月27日,二十三層,,
RPWOMLOJKHKGFBH68CC,1,63.86,集合住宅,鋼筋混凝土造,113年3月25日,十四層,,
RPWOMLOJKHKGFBH68CC,1,68.65,共有部分主要用途有：集合住宅（附屬公共服務空間）、機房、停車空間、停車空間兼防空避難室等４項。,鋼筋混凝土造,113年3月25日,十四層,,
RPQNMLOJKHKGFFH38CC,11,89.95,住家用,鋼筋混凝土造,103年6月23日,十五層,,
RPQNMLOJKHKGFFH38CC,11,20.80,共有部分之項目有：防空避難室兼停車空間、消防泵浦室、汙水及雨水回收機房、蓄水池、梯間、停車空間、電信室、台電配電場所、發電機室、垃圾暫存區、開放空間、管委會使用空間、管理空間等計十三項。,鋼筋混凝土造,103年6月23日,十五層,,
RPQNMLOJKHKGFFH38CC,11,22.42,共有部分之項目有：梯間、機房、水箱等計三項,鋼筋混凝土造,103年6月23日,十五層,,
RPSNMLOJKHKGFEH48CC,24,84.43,住家用,鋼筋混凝土造,90年6月18日,十層,,
RPSNMLOJKHKGFEH48CC,24,45.51,共有部分,鋼筋混凝土造,90年6月18日,十層,,
RPSNMLOJKHKGFEH48CC,24,13.78,共有部分,鋼筋混凝土造,90年6月18日,十層,,
RPXNMLOJKHKGFEH98CC,28,22.88,住家用,鋼筋混凝土造,86年1月22日,二十七層,,
RPXNMLOJKHKGFEH98CC,28,9.61,共有部分,鋼筋混凝土造,86年1月22日,二十七層,,
RPXOMLOJKHKGFBH78CC,43,26.44,住家用,鋼筋混凝土造,71年2月27日,七層,,
RPQNMLOJKHKGFGH48CC,30,90.91,住家用,鋼筋混凝土造,84年2月21日,十六層,,
RPQNMLOJKHKGFGH48CC,30,7.11,共有部分,鋼筋混凝土造,84年2月21日,十六層,,
RPQNMLOJKHKGFGH48CC,30,15.34,共有部分,鋼筋混凝土造,84年2月21日,十六層,,
RPUNMLOJKHKGFEH68CC,7,43.07,住家用,鋼筋混凝土造,107年6月26日,十層,,
RPUNMLOJKHKGFEH68CC,7,68.52,共有部分,鋼筋混凝土造,107年6月26日,十層,,
RPVOMLOJKHKGFBH58CC,32,94.57,住家用,鋼筋混凝土造,82年6月21日,六層,,
RPVOMLOJKHKGFBH58CC,32,147.98,共有部分,鋼筋混凝土造,82年6月21日,七層,,
RPRNMLOJKHKGFHH68CC,28,62.78,住家用,鋼筋混凝土造,85年10月23日,十七層,,
RPRNMLOJKHKGFHH68CC,28,41.48,共有部分,鋼筋混凝土造,85年10月23日,十七層,,
RPRNMLOJKHKGFHH68CC,28,9.86,共有部分,鋼筋混凝土造,85年10月23日,十七層,,
RPQNMLOJKHKGFHH58CC,43,102.06,住家用,鋼筋混凝土造,70年12月28日,五層,,
RPPNMLOJKHKGFHH48CC,4,66.36,集合住宅,鋼筋混凝土造,110年5月28日,二十八層,,
RPPNMLOJKHKGFHH48CC,4,1.91,共有部分之項目有：商場、機車停車空間、機電設備空間等三項。,鋼筋混凝土造,110年5月28日,二十八層,,
RPPNMLOJKHKGFHH48CC,4,8.55,共有部分之項目有：停車空間、機車停車空間、機電設備空間、防空避難室兼停車空間等四項。,鋼筋混凝土造,110年5月28日,二十八層,,
RPPNMLOJKHKGFHH48CC,4,2.57,共有部分之項目有：集合住宅（附屬游泳池、附屬管委會使用空間）、機電設備空間等三項。,鋼筋混凝土造,110年5月28日,二十八層,,
RPPNMLOJKHKGFHH48CC,4,21.84,共有部分之項目有：集合住宅（附屬管委會空間、附屬管委會使用空間）、機電設備空間、機械室、電梯間、水錶室、水箱等七項。,鋼筋混凝土造,110年5月28日,二十八層,,
RPPNMLOJKHKGFHH48CC,4,.00,共有部分之項目有：停車空間、防空避難室兼停車空間等二項。,鋼筋混凝土造,110年5月28日,二十八層,,
RPSNMLOJKHKGFHH78CC,26,97.97,住家用,鋼筋混凝土造,88年3月25日,七層,,
RPSNMLOJKHKGFHH78CC,26,61.38,共有部分,鋼筋混凝土造,88年3月25日,七層,,
RPPNMLOJKHKGFGH38CC,10,88.20,住家用,鋼筋混凝土造,104年4月16日,十四層,,
RPPNMLOJKHKGFGH38CC,10,17.07,共有部分,鋼筋混凝土造,104年4月16日,十四層,,
RPPNMLOJKHKGFGH38CC,10,49.77,共有部分,鋼筋混凝土造,104年4月16日,十四層,,
RPOOMLOJKHKGFHH48CC,45,27.00,住家用,鋼筋混凝土造,69年3月25日,五層,,
RPSNMLPJKHKGFBH28CC,31,78.36,住家用,鋼筋混凝土造,83年5月30日,五層,,
RPSNMLPJKHKGFBH28CC,31,6.43,共有部分,鋼筋混凝土造,83年5月30日,五層,,
RPSNMLPJKHKGFBH28CC,31,2.11,共有部分,鋼筋混凝土造,83年5月30日,五層,,
RPRNMLPJKHKGFAH08CC,42,21.47,住家用,鋼筋混凝土造,71年10月30日,十層,,
RPRNMLPJKHKGFAH08CC,42,5.84,共有部分,鋼筋混凝土造,71年10月30日,十層,,
RPRNMLPJKHKGFAH08CC,42,5.81,共有部分,鋼筋混凝土造,71年10月30日,十層,,
RPUOMLPJKHKGFAH48CC,12,95.57,住家用,鋼筋混凝土造,101年7月26日,十五層,,
RPUOMLPJKHKGFAH48CC,12,4.40,本共有部分之項目有（附屬開放空間、公共服務空間、管理委員會使用空間）等３項。,鋼筋混凝土造,101年7月26日,十五層,,
RPUOMLPJKHKGFAH48CC,12,66.11,本共有部分之項目有（附屬停車空間、蓄水池、發電機室、消防泵浦室、污水機房、梯間、防空避難室兼停車空間、台電受電室、電信室、水箱、機房）等１１項。,鋼筋混凝土造,101年7月26日,十五層,,
RPVNMLPJKHKGFAH48CC,27,20.66,辦公室,鋼筋混凝土造,86年11月17日,十四層,,
RPVNMLPJKHKGFAH48CC,27,6.51,共有部分,鋼筋混凝土造,86年11月17日,十四層,,
RPVNMLPJKHKGFAH48CC,27,1.51,共有部分,鋼筋混凝土造,86年11月17日,十四層,,
RPPNMLOJKHKGFBH97DC,27,25.35,住家用,鋼筋混凝土造,86年8月11日,七層,,
RPPNMLOJKHKGFBH97DC,27,6.10,共有部分,鋼筋混凝土造,86年8月11日,七層,,
RPPNMLOJKHKGFBH97DC,27,3.81,共有部分,鋼筋混凝土造,86年8月11日,八層,,
RPWNMLOJKHKGFHH56CC,30,101.89,住家用,鋼筋混凝土造,84年1月26日,十九層,,
RPWNMLOJKHKGFHH56CC,30,10.82,共有部分,鋼筋混凝土造,84年1月26日,十九層,,
RPPNMLOJKHKGFEH28DC,1,43.89,住家用,鋼筋混凝土造,113年7月5日,十層,,
RPPNMLOJKHKGFEH28DC,1,62.40,共有部分,鋼筋混凝土造,113年7月5日,十層,,
RPQNMLPJKHKGFAH97CC,35,111.08,住家用,鋼筋混凝土造,79年5月22日,六層,,
RPQNMLPJKHKGFAH97CC,35,17.73,共有部分,鋼筋混凝土造,79年5月22日,六層,,
RPROMLPJKHKGFAH18CC,44,21.47,套房．辦公室,鋼筋混凝土造,69年10月7日,十二層,,
RPOPMLPJKHKGFBH08CC,45,21.00,住家用,鋼筋混凝土造,69年3月12日,五層,,
RPROMLPJKHKGFAH18CC,44,7.34,共有部分,鋼筋混凝土造,69年10月7日,十二層,,
RPTNMLPJKHKGFBH38CC,25,60.40,住家用,鋼筋混凝土造,89年3月2日,十九層,,
RPTNMLPJKHKGFBH38CC,25,4.22,台電配電室、垃圾儲藏室、社區中心、污水處理場、電信機房、機房、門廳、門廊,鋼筋混凝土造,89年3月2日,十九層,,
RPTNMLPJKHKGFBH38CC,25,13.69,梯間、水箱、電梯機房,鋼筋混凝土造,89年3月2日,十九層,,
RPUNMLPJKHKGFBH48CC,11,59.16,集合住宅,鋼筋混凝土造,102年8月5日,十五層,,
RPUNMLPJKHKGFBH48CC,11,47.18,本共有部分之項目有：防空避難室兼停車空間、停車空間、台電配電場所、電信室、排煙室、水箱、污水設備、梯間、消防幫浦室、發電機室、機械室、管理員使用空間、門廊、公共服務空間、開放空間、設備空間、車道、蓄水池等共十八項。,鋼筋混凝土造,102年8月5日,十五層,,
RPUNMLPJKHKGFBH48CC,11,15.41,本共有部分之項目有：梯間、水箱、排煙室、機械室、門廊等共五項。,鋼筋混凝土造,102年8月5日,十五層,,
RPROMLPJKHKGFBH28CC,35,694.26,廠房、防空避難室,鋼造,79年6月2日,一層,,
RPUPMLPJKHKGFBH68CC,43,18.00,住家用,鋼筋混凝土造,70年8月11日,五層,,
RPPPMLPJKHKGFBH18CC,36,18.65,住家用,鋼筋混凝土造,78年3月2日,五層,,
RPPPMLPJKHKGFBH18CC,36,5.84,共有部分,鋼筋混凝土造,78年3月2日,五層,,
RPPNMLPJKHKGFFH38CC,40,120.18,住家用,鋼筋混凝土造,74年7月12日,二層,,
RPQOMLPJKHKGFBH18CC,5,77.95,一般事務所,鋼筋混凝土造,108年8月23日,十九層,,
RPQOMLPJKHKGFBH18CC,5,3.53,本共有部分之項目有：管委會空間、游泳池、停車空間、水箱、管委會使用空間、走廊、儲藏室、泳池機房、環保室、泳池水箱及通道等十一項。,鋼筋混凝土造,108年8月23日,十九層,,
RPQOMLPJKHKGFBH18CC,5,11.98,本共有部分之項目有：梯廳及排煙室等二項。,鋼筋混凝土造,108年8月23日,十九層,,
RPQOMLPJKHKGFBH18CC,5,2.49,本共有部分之項目有：水箱、機房、管道間、設備區及消防機房等五項。,鋼筋混凝土造,108年8月23日,十九層,,
RPQOMLPJKHKGFBH18CC,5,21.46,本共有部分之項目有：停車空間、機房、台電配電室、管委會空間、門廳、樓電梯間、停車進氣機房、排煙室、電梯間、電氣設備室（雨水回收機房）、電氣設備室（消防泵浦室）、電氣設備室（汙水機房）、電氣設備室、停車排風機房、電氣設備室（電梯機房）、緊急發電機室、電信室、防災中心、警衛亭、走廊、梯廳、風除室、設備室、機械室、風管空間及消防機房等二十六項。,鋼筋混凝土造,108年8月23日,十九層,,
RPQOMLPJKHKGFBH18CC,5,36.76,本共有部分之項目有：停車空間、防空避難室兼停車空間及車道等三項。,鋼筋混凝土造,108年8月23日,十九層,,
RPWNMLPJKHKGFBH68CC,44,76.92,住商用,鋼筋混凝土造,69年11月15日,四層,,
RPQNMLPJKHKGFFH48CC,,49.27,集合住宅,鋼筋混凝土造,113年9月13日,二十四層,,
RPQNMLPJKHKGFFH48CC,,24.82,本共有部分之項目有：停車空間、防空避難室兼停車空間、集合住宅（附屬管委會空間）、梯間、機房、水箱、機械室等７項。,鋼筋混凝土造,113年9月13日,二十四層,,
RPRNMLPJKHKGFFH58CC,33,90.16,住家用,鋼筋混凝土造,81年7月17日,七層,,
RPRNMLPJKHKGFFH58CC,33,13.70,共有部分,鋼筋混凝土造,81年7月17日,七層,,
RPUOMLPJKHKGFBH58CC,2,60.78,集合住宅,鋼筋混凝土造,111年8月3日,十四層,,
RPUOMLPJKHKGFBH58CC,2,66.92,本共有部分之項目有：防空避難室兼停車空間、消防泵浦室、雨水、汙水機房、蓄水池、梯間、停車空間、機房、電信室、台電配電場所、垃圾儲藏室、發電機房、管委會使用空間、車道、水箱、機械室、排煙室、梯廳（排煙室）、梯廳及門廊等十九項。,鋼筋混凝土造,111年8月3日,十四層,,
RPTPMLPJKHKGFBH58CC,9,64.57,集合住宅,鋼筋混凝土造,104年12月8日,十一層,,
RPTPMLPJKHKGFBH58CC,9,73.56,本共有部分之項目有：防空避難室兼停車空間、停車空間、梯間、電梯機房、水箱、污水機房、雨水機房、梯廳、消防幫浦室、車道、發電機室、機房、台電配電場所、電信室、垃圾儲藏空間、公共服務空間、陽台、機械室等共十八項。,鋼筋混凝土造,104年12月8日,十二層,,
RPROMLPJKHKGFEH58CC,28,33.41,住家用,鋼筋混凝土造,86年1月22日,二十七層,,
RPROMLPJKHKGFEH58CC,28,13.64,共有部分,鋼筋混凝土造,86年1月22日,二十七層,,
RPSNMLPJKHKGFHH88CC,1,70.85,集合住宅,鋼筋混凝土造,112年12月29日,三十層,,
RPSNMLPJKHKGFHH88CC,1,36.59,共有部分項目：停車空間、防空避難室兼停車空間、防災中心、管委會、梯間、樓梯間、水錶室、機械室、水箱等項,鋼筋混凝土造,112年12月29日,三十層,,
RPQPMLPJKHKGFBH28CC,42,16.15,住家用,鋼筋混凝土造,72年2月7日,五層,,
RPPNMLPJKHKGFGH48CC,10,99.59,住家用,鋼筋混凝土造,104年5月11日,十九層,,
RPPNMLPJKHKGFGH48CC,10,13.39,共有部分,鋼筋混凝土造,104年5月11日,二十層,,
RPPNMLPJKHKGFGH48CC,10,41.85,共有部分,鋼筋混凝土造,104年5月11日,二十層,,
RPPNMLPJKHKGFGH48CC,10,29.73,共有部分,鋼筋混凝土造,104年5月11日,十九層,,
RPVNMLQJKHKGFAH58CC,18,100.65,住家用,鋼筋混凝土造,95年11月16日,十五層,,
RPVNMLQJKHKGFAH58CC,18,10.03,共有部分,鋼筋混凝土造,95年11月16日,十五層,,
RPVNMLQJKHKGFAH58CC,18,20.15,共有部分,鋼筋混凝土造,95年11月16日,十五層,,
RPTNMLPJKHKGFFH78CC,44,51.75,住家用,加強磚造,70年5月15日,二層,,
RPPOMLQJKHKGFBH18CC,8,66.37,工業社區社區住宅,鋼筋混凝土造,105年7月31日,五層,,
RPPOMLQJKHKGFBH18CC,8,9.43,本共有部分項目為：樓梯間、梯廳等共二項,鋼筋混凝土造,105年7月31日,五層,,
RPPOMLQJKHKGFBH18CC,8,2.90,本共有部分項目為：停車空間等共一項,鋼筋混凝土造,105年7月31日,五層,,
RPRNMLPJKHKGFGH68CC,30,99.23,住家用,鋼筋混凝土造,83年11月11日,十八層,,
RPRNMLPJKHKGFGH68CC,30,1.83,共有部分,鋼筋混凝土造,83年11月11日,十八層,,
RPRNMLPJKHKGFGH68CC,30,1.35,共有部分,鋼筋混凝土造,83年11月11日,十八層,,
RPRNMLPJKHKGFGH68CC,30,2.13,共有部分,鋼筋混凝土造,83年11月11日,十八層,,
RPRNMLPJKHKGFGH68CC,30,1.95,共有部分,鋼筋混凝土造,83年11月11日,十八層,,
RPRNMLPJKHKGFGH68CC,30,1.56,共有部分,鋼筋混凝土造,83年11月11日,十八層,,
RPRNMLPJKHKGFGH68CC,30,1.32,共有部分,鋼筋混凝土造,83年11月11日,十八層,,
RPRNMLPJKHKGFGH68CC,30,13.29,共有部分,鋼筋混凝土造,83年11月11日,十八層,,
RPSNMLPJKHKGFFH68CC,10,81.72,住家用,鋼筋混凝土造,104年4月16日,十三層,,
RPSNMLPJKHKGFFH68CC,10,71.62,共有部分項目計有：防空避難室兼停車空間、管理員室、公共服務空間、樓梯間、梯廳、水箱、機械室。,鋼筋混凝土造,104年4月16日,十三層,,
RPROMLQJKHKGFBH38CC,29,85.26,住家用,鋼筋混凝土造,84年8月14日,九層,,
RPROMLQJKHKGFBH38CC,29,3.03,共有部分,鋼筋混凝土造,84年8月14日,九層,,
RPSNMLPJKHKGFGH78CC,33,21.00,住家用,鋼筋混凝土造,81年2月1日,十七層,,
RPROMLQJKHKGFBH38CC,29,19.48,共有部分,鋼筋混凝土造,84年8月14日,九層,,
RPSNMLPJKHKGFGH78CC,33,43.57,共有部分,鋼筋混凝土造,81年2月1日,十七層,,
RPSNMLPJKHKGFGH78CC,33,24.97,共有部分,鋼筋混凝土造,81年2月1日,十七層,,
RPQOMLQJKHKGFBH28CC,35,19.50,住家用,鋼筋混凝土造,79年4月23日,四層,,
RPQOMLQJKHKGFAH18CC,1,60.01,住家用,鋼筋混凝土造,113年1月5日,十四層,,
RPQOMLQJKHKGFAH18CC,1,58.41,本建物共有部分項目：防空避難室兼停車空間、消防泵浦室、污水雨水機房、蓄水池、梯間、儲藏室、停車空間、電信室、發電機房、台電配電場所、垃圾儲藏室、集合住宅（附屬管委會使用空間、梯間）、水箱、機械室等項。,鋼筋混凝土造,113年1月5日,十四層,,
RPPOMLQJKHKGFAH08CC,20,79.55,住家用,鋼筋混凝土造,94年3月2日,十三層,,
RPPOMLQJKHKGFAH08CC,20,8.26,共有部分,鋼筋混凝土造,94年3月2日,十三層,,
RPPOMLQJKHKGFAH08CC,20,20.93,共有部分,鋼筋混凝土造,94年3月2日,十三層,,
RPQNMLQJKHKGFAH08CC,32,81.25,住家用,鋼筋混凝土造,81年9月4日,六層,,
RPQNMLQJKHKGFAH08CC,32,15.91,共有部分,鋼筋混凝土造,81年9月4日,六層,,
RPSOMLQJKHKGFAH38CC,55,17.00,商業用,加強磚造,58年9月30日,四層,,
RPSNMLQJKHKGFCH48CC,3,5.83,一般服務業,鋼筋混凝土造,111年6月14日,十五層,,
RPSNMLQJKHKGFCH48CC,3,21.77,共有部分：管理委員會使用空間、梯間、機械室、消防水箱、水箱、防空避難室兼停車空間、停車空間。,鋼筋混凝土造,111年6月14日,十五層,,
RPPNMLQJKHKGFCH18CC,9,76.44,集合住宅,鋼筋混凝土造,105年6月1日,十一層,,
RPPNMLQJKHKGFCH18CC,9,15.35,集合住宅（附屬梯間、附屬機械室、水箱）,鋼筋混凝土造,105年6月1日,十二層,,
RPPNMLQJKHKGFCH18CC,9,53.74,集合住宅（附屬停車空間兼防空避難室）、集合住宅（附屬停車空間、附屬管委會空間）,鋼筋混凝土造,105年6月1日,十二層,,
RPPNMLQJKHKGFDH28CC,31,74.29,住家用,鋼筋混凝土造,83年3月16日,七層,,
RPPNMLQJKHKGFDH28CC,31,17.74,住家用,鋼筋混凝土造,83年3月16日,七層,,
RPOOMLQJKHKGFDH28CC,30,34.00,住家用,鋼筋混凝土造,84年1月26日,十二層,,
RPOOMLQJKHKGFEH38CC,30,128.63,住家用,鋼筋混凝土造,84年4月15日,十三層,,
RPOOMLQJKHKGFEH38CC,30,25.99,共有部分,鋼筋混凝土造,84年4月15日,十三層,,
RPOOMLQJKHKGFEH38CC,30,38.65,停車空間,鋼筋混凝土造,84年4月15日,十三層,,
RPOOMLQJKHKGFEH38CC,30,4.47,共有部分,鋼筋混凝土造,84年4月15日,十三層,,
RPVOMLQJKHKGFBH78CC,17,56.44,住家用,鋼筋混凝土造,97年7月14日,十四層,,
RPVOMLQJKHKGFBH78CC,17,9.41,共有部分,鋼筋混凝土造,97年7月14日,十四層,,
RPVOMLQJKHKGFBH78CC,17,16.06,共有部分,鋼筋混凝土造,97年7月14日,十四層,,
RPUOMLQJKHKGFBH68CC,2,47.73,集合住宅,鋼筋混凝土造,112年3月17日,五層,,
RPUOMLQJKHKGFBH68CC,2,22.55,本共有部分之項目有：停車空間、電信室、樓梯間、電梯機房、水箱、梯廳、梯間及管道間等八項,鋼筋混凝土造,112年3月17日,五層,,
RPRNMLQJKHKGFFH68CC,38,24.00,住家用,鋼筋混凝土造,75年11月3日,五層,,
RPRNMLQJKHKGFFH68CC,38,8.79,共有部分,鋼筋混凝土造,75年11月3日,五層,,
RPSNMLQJKHKGFFH78CC,43,22.09,住家用,鋼筋混凝土造,71年7月6日,五層,,
RPPOMLQJKHKGFEH48CC,16,22.58,住家用,鋼筋混凝土造,98年4月23日,十三層,,
RPPPMLQJKHKGFBH28CC,43,17.00,住家用,鋼筋混凝土造,71年2月27日,五層,,
RPOPMLQJKHKGFBH18CC,34,17.00,住家用,鋼筋混凝土造,79年11月10日,四層,,
RPQNMLRJKHKGFDH48CC,3,92.43,集合住宅,鋼筋混凝土造,111年3月18日,十五層,,
RPQNMLRJKHKGFDH48CC,3,68.63,本共有部分之項目有防空避難室兼停車空間、消防泵浦室、污廢水處理機房、水箱、梯間、機械室、停車空間、發電機房、電信機房、台電配電場所、水景機房、集合住宅（公共服務空間、管理員室、資源回收室、梯間）等十五項,鋼筋混凝土造,111年3月18日,十五層,,
RPQNMLRJKHKGFEH58CC,2,72.07,住家用,鋼筋混凝土造,111年8月30日,九層,,
RPQNMLRJKHKGFEH58CC,2,45.43,共有部分,鋼筋混凝土造,111年8月30日,九層,,
RPQNMLRJKHKGFEH58CC,2,14.39,共有部分,鋼筋混凝土造,111年8月30日,九層,,
RPRNMLRJKHKGFEH68CC,3,33.19,住家用,鋼筋混凝土造,110年11月16日,十三層,,
RPRNMLRJKHKGFEH68CC,3,17.35,共有部分,鋼筋混凝土造,110年11月16日,十三層,,
RPRNMLRJKHKGFEH68CC,3,8.11,共有部分,鋼筋混凝土造,110年11月16日,十三層,,
RPSNMLRJKHKGFBH48CC,30,85.98,住家用,鋼筋混凝土造,83年8月15日,七層,,
RPSNMLRJKHKGFBH48CC,30,8.40,共有部分,鋼筋混凝土造,83年8月15日,七層,,
RPSNMLRJKHKGFBH48CC,30,9.95,共有部分,鋼筋混凝土造,83年8月15日,七層,,
RPWNMLRJKHKGFHH86CC,5,89.49,住家用,鋼筋混凝土造,108年12月5日,十五層,,
RPWNMLRJKHKGFHH86CC,5,19.62,共有部分之項目有：樓梯間、電梯機房、水箱等項。,鋼筋混凝土造,108年12月5日,十五層,,
RPWNMLRJKHKGFHH86CC,5,54.40,共有部分之項目有：停車空間、台電配電場所、管委會使用空間、防空避難室兼停車空間等項。,鋼筋混凝土造,108年12月5日,十五層,,
RPUNMLSJKHKGFAH68CC,24,99.34,住家用,鋼筋混凝土造,89年8月15日,九層,,
RPUNMLSJKHKGFAH68CC,24,33.82,共有部分,鋼筋混凝土造,89年8月15日,九層,,
RPWNMLSJKHKGFBH98CC,3,20.19,集合住宅,鋼筋混凝土造,111年2月7日,五層,,
RPVNMLSJKHKGFAH78CC,25,79.82,住家用,鋼筋混凝土造,88年10月18日,九層,,
RPVNMLSJKHKGFAH78CC,25,8.68,共有部分,鋼筋混凝土造,88年10月18日,九層,,
RPVNMLSJKHKGFAH78CC,25,17.74,共有部分,鋼筋混凝土造,88年10月18日,九層,,
RPQNMLSJKHKGFDH58CC,19,86.76,住家用,鋼筋混凝土造,94年10月20日,10,,
RPQNMLSJKHKGFDH58CC,19,50.67,防空避難室兼停車空間、騎樓、集合住宅、警衛室及公共服務空間、機房,鋼筋混凝土造,94年10月20日,十一層,,
RPQNMLSJKHKGFDH58CC,19,11.25,樓梯間、機房、水箱,鋼筋混凝土造,94年10月20日,十一層,,
RPXNMLSJKHKGFBH09CC,1,80.24,集合住宅,鋼筋混凝土造,113年5月7日,十層,,
RPRPMLKKKHKGFAH87CC,54,21.10,住家用,加強磚造,59年12月28日,三層,,
RPVOMLKKKHKGFAH18CC,11,58.79,住家用,鋼筋混凝土造,103年2月25日,十三層,,
RPVOMLKKKHKGFAH18CC,11,24.98,本共有部分之項目有：集合住宅（附屬防空避難室兼停車空間、消防泵浦室、污水機房、蓄水池、梯間、停車空間、台電配電場所、電信室、發電機室、電錶區、垃圾儲藏室、開放空間、公共服務空間、機房、水箱）等１５項。,鋼筋混凝土造,103年2月25日,十四層,,
RPVNMLSJKHKGFFH66CC,12,117.06,住家用,鋼筋混凝土造,102年5月3日,十五層,,
RPVNMLSJKHKGFFH66CC,12,19.54,本共有項目計有：警衛室、管理委員會使用空間、涼亭、廊道、陽台、防空避難室、停車空間、台電配電場所、排風機房、垃圾處理室、發電機室、泳池機房、冷卻水塔機房、空調機房、電信機房、污水機房、設備機房、公共水箱,鋼筋混凝土造,102年5月3日,十九層,,
RPVNMLSJKHKGFFH66CC,12,35.87,本共有項目計有：防空避難室、停車空間,鋼筋混凝土造,102年5月3日,十九層,,
RPVNMLSJKHKGFFH66CC,12,33.59,本共有項目計有：樓梯間、機房、水箱、儲藏室、電表室、受電箱室、管道間、陽台。,鋼筋混凝土造,102年5月3日,十五層,,
RPWNMLKKKHKGFHH88CC,1,17.42,作業廠房,鋼筋混凝土造,112年8月14日,四層,,
RPPOMLKKKHKGFBH67CC,3,62.74,集合住宅,鋼筋混凝土造,110年10月5日,五層,,
RPPOMLKKKHKGFBH67CC,3,33.40,共有部分主要用途有：管委會使用空間、停車空間、機電設備空間、台電配電室、機房、電信室、水箱間、梯廳、走道、機械室等１０項。,鋼筋混凝土造,110年10月5日,五層,,
RPVOMLSJKHKGFBH98CC,34,17.30,住家用,鋼筋混凝土造,80年2月13日,五層,,
RPXNMLKKKHKGFHH98CC,1,15.47,作業廠房,鋼筋混凝土造,112年8月14日,四層,,
RPXNMLLKKHKGFAH38CC,30,53.29,住家用,鋼筋混凝土造,84年7月14日,十三層,,
RPXNMLLKKHKGFAH38CC,30,8.99,共有部分,鋼筋混凝土造,84年7月14日,十三層,,
RPXNMLLKKHKGFAH38CC,30,3.24,共有部分,鋼筋混凝土造,84年7月14日,十三層,,
RPXNMLLKKHKGFAH38CC,30,2.01,共有部分,鋼筋混凝土造,84年7月14日,十三層,,
RPXNMLLKKHKGFAH38CC,30,.17,共有部分,鋼筋混凝土造,84年7月14日,十三層,,
RPOOMLLKKHKGFAH57CC,15,185.71,住家用,鋼筋混凝土造,98年10月5日,十三層,,
RPOOMLLKKHKGFAH57CC,15,70.25,本共有部份之項目有：集合住宅（附屬防空避難室兼停車空間、附屬停車空間、附屬有頂蓋開放空間，公共服務空間、附屬公共服務空間、附屬樓梯間、機房、附屬水箱）等項目。,鋼筋混凝土造,98年10月5日,十三層,,
RPOOMLLKKHKGFAH57CC,15,38.68,本共有部份之項目有：集合住宅（附屬防空避難室兼停車空間、附屬停車空間）等項目。,鋼筋混凝土造,98年10月5日,十三層,,
RPSPMLLKKHKGFAH08CC,5,254.25,一般事務所／辦公室,鋼筋混凝土造,109年4月10日,十二層,,
RPSPMLLKKHKGFAH08CC,5,300.29,本共有部分之項目有：停車空間兼防空避難室、機房、停車空間、店鋪／日常用品零售業（附屬管委會使用空間）、一般事務所／辦公室（附屬管委會使用空間）、樓電梯間、水箱、樓梯間等項。,鋼筋混凝土造、鋼骨造,109年4月10日,十二層,,
RPRPMLLKKHKGFAH97CC,24,53.05,住家用,鋼筋混凝土造,89年8月31日,十四層,,
RPRPMLLKKHKGFAH97CC,24,15.97,共有部分,鋼筋混凝土造,89年8月31日,十四層,,
RPOOMLKKKHKGFHH18CC,1,15.96,作業廠房,鋼筋混凝土造,112年8月14日,四層,,
RPRNMLLKKHKGFBH87CC,19,78.72,住家用,鋼筋混凝土造,95年6月20日,六層,,
RPRNMLLKKHKGFBH87CC,19,16.62,共有部分,鋼筋混凝土造,95年6月20日,六層,,
RPXPMLLKKHKGFBH68CC,3,39.18,集合住宅,鋼筋混凝土造,110年9月8日,十七層,,
RPXPMLLKKHKGFBH68CC,3,7.40,共有部分主要用途有：集合住宅（附屬管委會使用空間）、大廳、防空避難室兼停車空間、防災中心、發電機室、進氣機房、排氣機房、台電配電場所、裝卸車位、垃圾運送專用車位、來賓停車位、電信室、消防泵浦室、雨水機房、汙水機房等１５項,鋼筋混凝土造,110年9月8日,十七層,,
RPXPMLLKKHKGFBH68CC,3,10.05,共有部分主要用途有：梯廳、排煙室、樓梯間、電梯間、電錶室、垃圾集中儲藏室、水錶室、機房、水箱等９項,鋼筋混凝土造,110年9月8日,十七層,,
RPXPMLLKKHKGFBH68CC,3,3.87,共有部分主要用途有：走廊、梯廳等２項,鋼筋混凝土造,110年9月8日,十七層,,
RPXPMLLKKHKGFAH58CC,18,83.56,住家用,鋼筋混凝土造,95年9月10日,十四層,,
RPXPMLLKKHKGFAH58CC,18,20.90,共有部分,鋼筋混凝土造,95年9月10日,十四層,,
RPXPMLLKKHKGFAH58CC,18,8.44,共有部分,鋼筋混凝土造,95年9月10日,十四層,,
RPWPMLLKKHKGFAH48CC,16,82.75,住家用,鋼筋混凝土造,98年4月10日,十層,,
RPWPMLLKKHKGFAH48CC,16,4.94,共有部分,鋼筋混凝土造,98年4月10日,十層,,
RPWPMLLKKHKGFAH48CC,16,32.09,共有部分,鋼筋混凝土造,98年4月10日,十層,,
RPOOMLLKKHKGFBH67CC,24,92.33,住家用,鋼筋混凝土造,89年10月21日,九層,,
RPOOMLLKKHKGFBH67CC,24,14.13,梯間,鋼筋混凝土造,89年10月21日,九層,,
RPOOMLLKKHKGFBH67CC,24,3.35,店舖、住宅﹝社區活動中心﹞,鋼筋混凝土造,89年10月21日,九層,,
RPOOMLLKKHKGFBH67CC,24,10.88,停車空間、防空避難室,鋼筋混凝土造,89年10月21日,九層,,
RPXNMLLKKHKGFBH48CC,2,81.04,集合住宅,鋼筋混凝土造,111年9月7日,十四層,,
RPXNMLLKKHKGFBH48CC,2,73.14,共有部分之項目有：防空避難室兼停車空間、停車空間、集合住宅（附屬管委會空間）、梯廳、排煙室、梯間、水箱、機械室、電信室、發電機室、垃圾集中處理室、水景機房、台電配電場所、機房、消防設備室、汙水機房、雨水機房等十七項。,鋼筋混凝土造,111年9月7日,十四層,,
RPTOMLLKKHKGFBH18CC,19,20.05,住家用,鋼筋混凝土造,95年5月20日,十層,,
RPTOMLLKKHKGFBH18CC,19,2.50,共有部分,鋼筋混凝土造,95年5月20日,十層,,
RPTOMLLKKHKGFBH18CC,19,6.52,共有部分,鋼筋混凝土造,95年5月20日,十層,,
RPTOMLLKKHKGFBH18CC,19,2.59,共有部分,鋼筋混凝土造,95年5月20日,十層,,
RPSNMLLKKHKGFEH28CC,18,84.64,住家用,鋼筋混凝土造,95年11月5日,十二層,,
RPSNMLLKKHKGFEH28CC,18,57.55,共有部分,鋼筋混凝土造,95年11月5日,十二層,,
RPPNMLLKKHKGFGH18CC,32,85.50,住家用,鋼筋混凝土造,81年12月14日,五層,,
RPPNMLLKKHKGFGH18CC,32,20.06,共有部分,鋼筋混凝土造,81年12月14日,五層,,
RPPNMLLKKHKGFGH18CC,32,2.07,共有部分,鋼筋混凝土造,81年12月14日,五層,,
RPXOMLMKKHKGFAH58CC,20,57.52,住家用,鋼筋混凝土造,94年3月2日,十三層,,
RPXOMLMKKHKGFAH58CC,20,10.48,共有部分,鋼筋混凝土造,94年3月2日,十三層,,
RPXOMLMKKHKGFAH58CC,20,36.14,共有部分,鋼筋混凝土造,94年3月2日,十三層,,
RPXOMLMKKHKGFAH58CC,20,.01,管理員室,鋼筋混凝土造,94年3月2日,十三層,,
RPPNMLMKKHKGFAH67CC,30,111.75,住家用,鋼筋混凝土造,83年8月3日,十六層,,
RPPNMLMKKHKGFAH67CC,30,3.19,共有部分,鋼筋混凝土造,83年8月3日,十六層,,
RPPNMLMKKHKGFAH67CC,30,8.16,共有部分,鋼筋混凝土造,83年8月3日,十六層,,
RPPNMLMKKHKGFHH38CC,48,41.38,住家用,鋼筋混凝土造,66年5月6日,四層,,
RPPNMLMKKHKGFCH87CC,43,77.60,住家用,加強磚造,70年11月4日,二層,,
RPTNMLLKKHKGFCH18CC,3,23.32,一般服務業,鋼筋混凝土造,111年6月14日,十五層,,
RPTNMLLKKHKGFCH18CC,3,21.77,共有部分：管理委員會使用空間、梯間、機械室、消防水箱、水箱、防空避難室兼停車空間、停車空間。,鋼筋混凝土造,111年6月14日,十五層,,
RPWNMLMKKHKGFEH78CC,6,24.86,住家用,鋼筋混凝土造,107年9月14日,五層,,
RPWNMLMKKHKGFEH78CC,6,36.69,共有部分,鋼筋混凝土造,107年9月14日,五層,,
RPQNMLLKKHKGFCH87CC,31,88.26,住家用,鋼筋混凝土造,82年10月15日,五層,,
RPQNMLLKKHKGFCH87CC,31,7.79,共有部分,鋼筋混凝土造,82年10月15日,五層,,
RPPNMLNKKHKGFBH97DC,44,169.17,住家用,鋼筋混凝土造,69年12月11日,五層,,
RPROMLNKKHKGFDH38CC,7,31.00,住家用,鋼筋混凝土造,107年1月26日,五層,,
RPROMLNKKHKGFDH38CC,7,37.04,住宅（附屬樓梯間、水箱）,鋼筋混凝土造,107年1月26日,五層,,
RPPOMLNKKHKGFBH97CC,19,20.00,住家用,鋼筋混凝土造,95年5月20日,十層,,
RPPOMLNKKHKGFBH97CC,19,2.54,共有部分,鋼筋混凝土造,95年5月20日,十層,,
RPPOMLNKKHKGFBH97CC,19,6.52,共有部分,鋼筋混凝土造,95年5月20日,十層,,
RPPOMLNKKHKGFBH97CC,19,2.59,共有部分,鋼筋混凝土造,95年5月20日,十層,,
RPXNMLNKKHKGFBH68CC,19,20.00,住家用,鋼筋混凝土造,95年5月20日,十層,,
RPXNMLNKKHKGFBH68CC,19,2.54,共有部分,鋼筋混凝土造,95年5月20日,十層,,
RPXNMLNKKHKGFBH68CC,19,6.52,共有部分,鋼筋混凝土造,95年5月20日,十層,,
RPXNMLNKKHKGFBH68CC,19,2.59,共有部分,鋼筋混凝土造,95年5月20日,十層,,
RPPNMLMKKHKGFGH28CC,23,90.56,住家用,鋼筋混凝土造,90年8月7日,八層,,
RPPNMLMKKHKGFGH28CC,23,13.01,共有部分,鋼筋混凝土造,90年8月7日,八層,,
RPPNMLMKKHKGFGH28CC,23,18.34,共有部分,鋼筋混凝土造,90年8月7日,八層,,
RPROMLNKKHKGFBH18CC,19,20.05,住家用,鋼筋混凝土造,95年5月20日,十層,,
RPROMLNKKHKGFBH18CC,19,2.50,共有部分,鋼筋混凝土造,95年5月20日,十層,,
RPROMLNKKHKGFBH18CC,19,6.52,共有部分,鋼筋混凝土造,95年5月20日,十層,,
RPROMLNKKHKGFBH18CC,19,2.59,共有部分,鋼筋混凝土造,95年5月20日,十層,,
RPSPMLOKKHKGFBH48CC,12,80.96,集合住宅,鋼筋混凝土造,102年1月15日,十三層,,
RPSPMLOKKHKGFBH48CC,12,.08,本共有部分之項目有：守衛室、主委辦公室等２項。,鋼筋混凝土造,102年1月15日,十三層,,
RPSPMLOKKHKGFBH48CC,12,17.13,本共有部分之項目有：樓梯間、電梯間、機房及水箱等４項。,鋼筋混凝土造,102年1月15日,十三層,,
RPSPMLOKKHKGFBH48CC,12,51.90,本共有部分之項目有：防空避難室、停車空間、樓梯間、車道、垃圾暫存區、風機、雨水機房、污水機房、水箱、公共服務空間、開放空間、門廳、台電配電室、水池過濾槽、電信設備室、發電機室及消防室等１７項。,鋼筋混凝土造,102年1月15日,十三層,,
RPPQMLOKKHKGFBH28CC,2,50.72,集合住宅,鋼筋混凝土造,112年5月26日,十一層,,
RPPQMLOKKHKGFBH28CC,2,13.89,本共有部分之項目有：管委會使用空間、消防水箱、樓梯間、水箱、電梯機房、梯廳、車道等七項,鋼筋混凝土造,112年5月26日,十一層,,
RPPQMLOKKHKGFBH28CC,2,40.70,本共有部分之項目有：防空避難室兼停車空間、水箱、機房、停車空間、台電配電室、電信機房、緊急發電機房、台電受電箱、汙水機房及消防機房等十項,鋼筋混凝土造,112年5月26日,十一層,,
RPRQMLOKKHKGFBH48CC,36,17.00,住家用,鋼筋混凝土造,77年9月7日,五層,,
RPSNMLPKKHKGFBH38CC,11,29.61,一般事務所、運動休閒設施,鋼筋混凝土造,102年12月13日,十一層,,
RPSNMLPKKHKGFBH38CC,11,32.45,本共有部分之項目有：停車空間、防空避難室兼停車空間、機械室、管委會使用空間、樓梯間、水箱、車道、排煙室、梯廳、污水機房、台電受電室、法定防空避難室、發電機室、電錶室、電信室、管委會辦公室、垃圾貯存空間兼資源回收室、走廊、陽台、雨遮、蓄水池、水塔等共二十二項,鋼筋混凝土造,102年12月13日,十一層,,
RPPNMLPKKHKGFFH48CC,8,287.48,飲食店、住宅,鋼骨造,105年8月10日,二層,,
RPPNMLQKKHKGFAH08CC,11,153.54,住家用,鋼筋混凝土造,102年10月25日,十四層,,
RPPNMLQKKHKGFAH08CC,11,127.34,本共有部分之項目有附屬（停車空間、防空避難室兼停車空間、管理員室、樓電梯間、樓梯間、機械房、水箱）等７項。,鋼筋混凝土造,102年10月25日,十四層,,
RPQNMLRKKHKGFAH28CC,44,50.46,住家用,鋼筋混凝土造,69年11月8日,四層,,
RPVNMLRKKHKGFAH78CC,17,36.44,住家用,鋼筋混凝土造,97年4月24日,十二層,,
RPVNMLRKKHKGFAH78CC,17,49.81,共有部分,鋼筋混凝土造,97年4月24日,十三層,,
RPRNMLRKKHKGFAH38CC,13,83.67,住家用,鋼筋混凝土造,101年3月27日,十三層,,
RPRNMLRKKHKGFAH38CC,13,81.53,本共有部分之項目有附屬停車空間、蓄水池、消防泵浦室、污水機房、梯間、發電機房、防空避難室兼停車場、台電配電場所、機房、電信室、管理室、開放空間、公共服務空間、垃圾處理空間、管理委員會使用空間及水箱等１６項。,鋼筋混凝土造,101年3月27日,十三層,,
RPWNMLRKKHKGFAH88CC,22,78.78,住家用,鋼筋混凝土造,92年6月23日,十層,,
RPWNMLRKKHKGFAH88CC,22,25.79,共有部分,鋼筋混凝土造,92年6月23日,十層,,
RPRNMLRKKHKGFFH88CC,44,26.78,住家用,鋼筋混凝土造,69年10月2日,五層,,
RPQNMLRKKHKGFHH98CC,1,15.73,作業廠房,鋼筋混凝土造,112年8月14日,四層,,
RPSOMLTKKHKGFBH88CC,13,23.02,住家用,鋼筋混凝土造,100年11月3日,五層,,
RPSOMLRKKHKGFBH68CC,31,30.18,住家用,鋼筋混凝土造,83年2月5日,七層,,
RPSOMLRKKHKGFBH68CC,31,7.16,共有部分,鋼筋混凝土造,83年2月5日,七層,,
RPSOMLRKKHKGFBH68CC,31,.86,共有部分,鋼筋混凝土造,83年2月5日,七層,,
RPRNMLSKKHKGFEH88CC,3,33.31,住家用,鋼筋混凝土造,110年11月16日,十三層,,
RPRNMLSKKHKGFEH88CC,3,17.62,共有部分,鋼筋混凝土造,110年11月16日,十三層,,
RPRNMLSKKHKGFEH88CC,3,8.22,共有部分,鋼筋混凝土造,110年11月16日,十三層,,
RPXNMLTKKHKGFEH96CC,12,22.03,住家用,鋼筋混凝土造,102年5月20日,五層,,
RPRNMLTKKHKGFEH98CC,13,63.25,住家用,鋼筋混凝土造,101年6月18日,十三層,,
RPRNMLTKKHKGFEH98CC,13,66.23,共有部分,鋼筋混凝土造,101年6月18日,十三層,,
RPWOMLKLKHKGFAH38CC,30,88.88,住家用,鋼筋混凝土造,83年10月26日,十六層,,
RPWOMLKLKHKGFAH38CC,30,.51,共有部分,鋼筋混凝土造,83年10月26日,十六層,,
RPWOMLKLKHKGFAH38CC,30,13.96,共有部分,鋼筋混凝土造,83年10月26日,十六層,,
RPVOMLKLKHKGFAH28CC,43,73.87,住家用,鋼筋混凝土造,70年12月24日,五層,,
RPWOMLKLKHKGFAH38CC,30,4.33,共有部分,鋼筋混凝土造,83年10月26日,十六層,,
RPXOMLKLKHKGFAH48CC,24,93.41,住家用,鋼筋混凝土造,89年8月15日,九層,,
RPXOMLKLKHKGFAH48CC,24,31.82,共有部分,鋼筋混凝土造,89年8月15日,九層,,
RPPPMLKLKHKGFBH87CC,2,55.06,集合住宅,鋼筋混凝土造,111年11月30日,十三層,,
RPPPMLKLKHKGFBH87CC,2,12.71,本共有部分之項目有：梯間、機械室、水箱及梯廳等四項。,鋼筋混凝土造,111年11月30日,十三層,,
RPPPMLKLKHKGFBH87CC,2,43.68,本共有部分之項目有：防空避難室兼停車空間、蓄水池、消防泵浦室、雨水、汙水機房、儲藏室、梯間、停車空間、台電配電場所、電信室、水景機房、垃圾冷藏室、管委會使用空間及車道等十四項。,鋼筋混凝土造,111年11月30日,十三層,,
RPSNMLLLKHKGFAH97CC,31,101.06,住家用,鋼筋混凝土造,83年5月17日,七層,,
RPSNMLLLKHKGFAH97CC,31,15.29,共有部分,鋼筋混凝土造,83年5月17日,七層,,
RPSNMLLLKHKGFAH97CC,31,10.12,共有部分,鋼筋混凝土造,83年5月17日,七層,,
RPXNMLKLKHKGFEH78CC,6,25.92,住家用,鋼筋混凝土造,107年9月14日,五層,,
RPXNMLKLKHKGFEH78CC,6,38.48,共有部分,鋼筋混凝土造,107年9月14日,五層,,
RPUNMLLLKHKGFAH18CC,30,91.19,住家用,鋼筋混凝土造,83年10月26日,十六層,,
RPUNMLLLKHKGFAH18CC,30,.52,共有部分,鋼筋混凝土造,83年10月26日,十六層,,
RPUNMLLLKHKGFAH18CC,30,14.35,共有部分,鋼筋混凝土造,83年10月26日,十六層,,
RPUNMLLLKHKGFAH18CC,30,4.46,共有部分,鋼筋混凝土造,83年10月26日,十六層,,
RPROMLLLKHKGFAH97CC,32,94.32,住家用,鋼筋混凝土造,82年3月25日,五層,,
RPROMLLLKHKGFAH97CC,32,2.31,共有部分,鋼筋混凝土造,82年3月25日,五層,,
RPPPMLLLKHKGFAH87CC,21,81.53,住家用,鋼筋混凝土造,92年9月18日,九層,,
RPPPMLLLKHKGFAH87CC,21,10.01,共有部分,鋼筋混凝土造,92年9月18日,九層,,
RPPPMLLLKHKGFAH87CC,21,19.98,共有部分,鋼筋混凝土造,92年9月18日,十四層,,
RPUNMLLLKHKGFBH28CC,2,68.44,集合住宅,鋼筋混凝土造,112年5月12日,十三層,,
RPUNMLLLKHKGFBH28CC,2,46.93,共有部分主要用途有：停車空間、防空避難室兼停車空間、垃圾暫存區、排煙室、台電配電室、電信室、發電機室、汙雨水機房、汙水機房、水箱、消防泵浦室等１１項。,鋼筋混凝土造,112年5月12日,十三層,,
RPUNMLLLKHKGFBH28CC,2,20.35,共有部分主要用途有：公共服務空間、管委會使用空間、梯間、水箱、安全梯、等５項。,鋼筋混凝土造、鋼骨鋼筋混凝土造,112年5月12日,十三層,,
RPPOMLLLKHKGFBH87CC,21,19.75,住家用,鋼筋混凝土造,93年4月10日,十層,,
RPPOMLLLKHKGFBH87CC,21,6.32,共有部分,鋼筋混凝土造,93年4月10日,十層,,
RPPOMLLLKHKGFBH87CC,21,.84,共有部分,鋼筋混凝土造,93年4月10日,十層,,
RPPOMLLLKHKGFBH87CC,21,2.43,共有部分,鋼筋混凝土造,93年4月10日,十層,,
RPTNMLLLKHKGFDH38CC,3,58.02,集合住宅,鋼筋混凝土造,110年8月31日,八層,,
RPTNMLLLKHKGFDH38CC,3,26.72,本共有部分之項目有停車空間兼防空避難室、機電設備空間、台電配電場所、電信室、垃圾處理室、發電機室、消防幫浦室、水箱、汙水機房、梯間、集合住宅（附屬車道）、集合住宅（附屬管委會）、集合住宅（附屬梯間）、昇降設備空間等１４項,鋼筋混凝土造,110年8月31日,八層,,
RPTOMLLLKHKGFEH58CC,20,85.65,住家用,鋼筋混凝土造,94年1月31日,十四層,,
RPTOMLLLKHKGFEH58CC,20,54.60,共有部分,鋼筋混凝土造,94年1月31日,十四層,,
RPTOMLLLKHKGFEH58CC,20,16.50,共有部分,鋼筋混凝土造,94年1月31日,十四層,,
RPRNMLRKKHKGFHH09CC,1,21.09,作業廠房,鋼筋混凝土造,112年8月14日,四層,,
RPTNMLLLKHKGFFH58CC,44,107.82,商業用,鋼筋混凝土造,69年10月2日,五層,,
RPPNMLNLKHKGFFH38CC,44,18.36,住家用,鋼筋混凝土造,69年10月28日,四層,,
RPQNMLNLKHKGFHH68CC,20,34.56,住家用,鋼筋混凝土造,94年5月18日,八層,,
RPTOMLOLKHKGFBH58CC,2,56.14,店舖,鋼筋混凝土造,111年11月23日,十四層,,
RPTOMLOLKHKGFBH58CC,2,14.07,本共有部分之項目有：停車空間、梯間、蓄水池、消防泵浦室、汙雨水機房、機房、避難室兼停車空間、台電配電場所、發電機室、垃圾冷藏處理室、電信室、管委會使用空間、公共服務空間、車道及排煙室等十五項。,鋼筋混凝土造,111年11月23日,十五層,,
RPTOMLOLKHKGFBH58CC,2,15.49,本共有部分之項目有：梯間、水箱、機械室及排煙室兼梯廳等四項。,鋼筋混凝土造,111年11月23日,十四層,,
RPQNMLQLKHKGFEH68CC,6,25.93,住家用,鋼筋混凝土造,107年9月14日,五層,,
RPQNMLQLKHKGFEH68CC,6,38.89,共有部分,鋼筋混凝土造,107年9月14日,五層,,
RPRNMLQLKHKGFEH78CC,6,25.14,住家用,鋼筋混凝土造,107年9月14日,五層,,
RPRNMLQLKHKGFEH78CC,6,37.79,共有部分,鋼筋混凝土造,107年9月14日,五層,,
RPPNMLLKKHKGFHH38DC,3,11.83,集合住宅,鋼筋混凝土造,111年1月27日,十四層,,
RPQNMLLKKHKGFHH48DC,3,11.60,集合住宅,鋼筋混凝土造,111年1月27日,十四層,,
RPUNMLLLKHKGFCH38CC,33,114.02,住家用,鋼筋混凝土造,80年9月9日,六層,,
RPUNMLLLKHKGFCH38CC,33,32.01,防空避難室,鋼筋混凝土造,80年9月9日,000,,
RPUNMLLLKHKGFCH38CC,33,13.30,電梯間,鋼筋混凝土造,80年9月9日,六層,,
RPRNMLPKKHKGFCH38CC,30,27.00,住家用,鋼筋混凝土造,84年7月10日,八層,,
RPPOMLNKKHKGFCH08CC,39,15.00,住家用,鋼筋混凝土加強磚造,74年10月17日,三層,,
RPRNMLPKKHKGFCH38CC,30,24.79,見其他登記事項,鋼筋混凝土造,84年7月10日,八層,,
RPQNMLNLKHKGFCH18CC,5,14.00,集合住宅,鋼筋混凝土造,109年1月30日,五層,,
RPQNMLNLKHKGFCH18CC,5,12.35,共有部分：店舖（附屬停車空間）、樓梯間、機械室、水箱等４項。,鋼筋混凝土造,109年1月30日,五層,,
RPOOMLTKKHKGFCH58CC,43,45.00,住家用,加強磚造,70年12月28日,二層,,
RPPNMLTKKHKGFBH58DC,7,81.76,集合住宅,鋼筋混凝土造,106年8月31日,十四層,,
RPPNMLTKKHKGFBH58DC,7,68.49,本共有部分之項目有：停車空間、防空避難室兼停車空間、公共服務空間、梯間、水箱、儲藏室、門廳、地下室蓄水池、車道、機電設備、資源回收室、受電箱空間、台電配電室、信箱區、排煙室、梯廳、消防水箱及屋頂水箱等十八項。,鋼筋混凝土造,106年8月31日,十四層,,
RPQNMLKLKHKGFBH87DC,43,49.58,住商用,鋼筋混凝土造,70年11月21日,四層,,
RPPNMLTKKHKGFBH58DC,7,21.39,本共有部分之項目有：排煙室及梯廳等二項。,鋼筋混凝土造,106年8月31日,十四層,,
