﻿編號,土地位置,土地移轉面積平方公尺,使用分區或編定,權利人持分分母,權利人持分分子,移轉情形,地號
The serial number, land position,land shifting area square meter,the use zoning or compiles and checks,,,,land parcel
RPTNMLMLJHKGFDH28CB,頭重溪段,33.37,都市：住,100000,489,持分移轉,02020000
RPPNMLPLJHKGFDH18CB,頭重溪段,24.16,都市：住,100000,354,持分移轉,02020000
RPTNMLOLJHKGFDH48CB,頭洲段,27.08,都市：住,1000000,66794,持分移轉,10550000
RPQNMLMLJHKGFBH77CB,新富段,20.73,都市：住,100000,2425,持分移轉,00250000
RPRNMLMLJHKGFBH87CB,草新段,24.66,都市：住,100000,2291,持分移轉,03100000
RPSNMLOLJHKGFBH18CB,山下段,19.25,非都市：特定農業區 ; 非都市編定：甲種建築用地,100000,487,持分移轉,22740001
RPSNMLMLJHKGFBH97CB,前寮段,25.58,都市：住,100000,567,持分移轉,14760000
RPQNMLPLJHKGFDH28CB,頭重溪段,24.50,都市：住,100000,359,持分移轉,02020000
RPSNMLOLJHKGFAH08CB,國強段,27.17,都市：住,100000,368,持分移轉,04180000
RPPNMLQLJHKGFDH28CB,頭重溪段,23.20,都市：住,100000,340,持分移轉,02020000
RPPNMLOLJHKGFAH77CB,國強段,27.17,都市：住,100000,368,持分移轉,04180000
RPQNMLOLJHKGFAH87CB,國強段,25.47,都市：住,100000,345,持分移轉,04180000
RPPNMLRLJHKGFDH38CB,頭重溪段,25.73,都市：住,100000,377,持分移轉,02020000
RPPNMLNJKHKGFBH67CB,大堀段,36.77,非都市：特定農業區 ; 非都市編定：甲種建築用地,100000,5253,持分移轉,14330001
RPSNMLNJKHKGFBH97CB,上嶺段,32.87,非都市：特定農業區 ; 非都市編定：甲種建築用地,100000,2722,持分移轉,05780000
RPSNMLNJKHKGFBH97CB,上嶺段,15.69,非都市：特定農業區 ; 非都市編定：農牧用地,100000,2822,持分移轉,05730001
RPPNMLNJKHKGFDH87CB,頭重溪段,24.36,都市：住,100000,357,持分移轉,02020000
RPPNMLMJKHKGFEH87CB,客運二段,27.38,都市：住,100000,2350,持分移轉,02180000
RPRNMLNJKHKGFDH08CB,頭重溪段,25.25,都市：住,100000,370,持分移轉,02020000
RPPNMLPJKHKGFDH08CB,田心段,33.86,非都市：特定農業區 ; 非都市編定：甲種建築用地,10000,291,持分移轉,00250020
RPPNMLPJKHKGFDH08CB,田心段,4.35,非都市：特定農業區 ; 非都市編定：甲種建築用地,10000,291,持分移轉,00300001
RPPNMLPJKHKGFDH08CB,田心段,3.12,非都市：特定農業區 ; 非都市編定：甲種建築用地,2304,16,持分移轉,00250019
RPPNMLPJKHKGFEH18CB,客運二段,29.31,都市：住,100000,1199,持分移轉,01520000
RPVNMLOJKHKGFBH38CB,中工段,37.38,非都市：工業區 ; 非都市編定：丁種建築用地,100000,666,持分移轉,03170000
RPVNMLOJKHKGFBH38CB,中工段,37.38,非都市：工業區 ; 非都市編定：丁種建築用地,100000,666,持分移轉,03170002
RPXNMLOJKHKGFBH58CB,中工段,72.11,非都市：工業區 ; 非都市編定：丁種建築用地,100000,1285,持分移轉,03170000
RPPNMLPJKHKGFBH87CB,復興段,7.72,都市：商,10000,60,持分移轉,19170000
RPXNMLOJKHKGFBH58CB,中工段,72.11,非都市：工業區 ; 非都市編定：丁種建築用地,100000,1285,持分移轉,03170002
RPPNMLPJKHKGFBH87CB,復興段,.85,都市：商,10000,60,持分移轉,19130000
RPWNMLOJKHKGFBH48CB,中工段,34.40,非都市：工業區 ; 非都市編定：丁種建築用地,100000,613,持分移轉,03170000
RPWNMLOJKHKGFBH48CB,中工段,34.40,非都市：工業區 ; 非都市編定：丁種建築用地,100000,613,持分移轉,03170002
RPTNMLOJKHKGFBH18CB,中工段,34.40,非都市：工業區 ; 非都市編定：丁種建築用地,100000,613,持分移轉,03170000
RPTNMLOJKHKGFBH18CB,中工段,34.40,非都市：工業區 ; 非都市編定：丁種建築用地,100000,613,持分移轉,03170002
RPPOMLOJKHKGFBH87CB,豐興段,21.94,都市：住,100000,364,持分移轉,00530000
RPUNMLOJKHKGFBH28CB,中工段,34.40,非都市：工業區 ; 非都市編定：丁種建築用地,100000,613,持分移轉,03170000
RPUNMLOJKHKGFBH28CB,中工段,34.40,非都市：工業區 ; 非都市編定：丁種建築用地,100000,613,持分移轉,03170002
RPOOMLOJKHKGFBH77CB,中工段,34.74,非都市：工業區 ; 非都市編定：丁種建築用地,100000,619,持分移轉,03170000
RPOOMLOJKHKGFBH77CB,中工段,34.74,非都市：工業區 ; 非都市編定：丁種建築用地,100000,619,持分移轉,03170002
RPPNMLPJKHKGFFH28CB,茄苳段,12.62,都市：住,100000,138,持分移轉,04260000
RPPNMLQJKHKGFEH28CB,大新段,9.82,都市：商,100000,223,持分移轉,02380000
RPPNMLQJKHKGFBH97CB,豐興段,3.86,都市：住,100000,339,持分移轉,00190000
RPPNMLQJKHKGFBH97CB,豐興段,11.15,都市：住,100000,339,持分移轉,00230000
RPQNMLQJKHKGFBH08CB,豐興段,5.82,都市：住,100000,511,持分移轉,00190000
RPQNMLQJKHKGFBH08CB,豐興段,16.80,都市：住,100000,511,持分移轉,00230000
RPPNMLSJKHKGFBH18CB,大崙段,.10,非都市：特定農業區 ; 非都市編定：農牧用地,380000,13,持分移轉,01420000
RPPNMLSJKHKGFBH18CB,大崙段,.07,非都市：特定農業區 ; 非都市編定：農牧用地,380000,13,持分移轉,01430000
RPPNMLSJKHKGFBH18CB,大崙段,.59,非都市：特定農業區 ; 非都市編定：農牧用地,100000,81,持分移轉,01510001
RPPNMLSJKHKGFBH18CB,大崙段,.03,非都市：特定農業區 ; 非都市編定：水利用地,4750000,717,持分移轉,01520000
RPPNMLSJKHKGFBH18CB,大崙段,.57,非都市：特定農業區 ; 非都市編定：農牧用地,475000,257,持分移轉,01510000
RPPNMLSJKHKGFBH18CB,大崙段,18.77,非都市：特定農業區 ; 非都市編定：甲種建築用地,100000,844,持分移轉,01470000
RPPNMLSJKHKGFBH18CB,大崙段,26.47,非都市：特定農業區 ; 非都市編定：農牧用地,100000,2502,持分移轉,01510000
RPTNMLSJKHKGFBH58CB,大崙段,.10,非都市：特定農業區 ; 非都市編定：農牧用地,380000,13,持分移轉,01420000
RPTNMLSJKHKGFBH58CB,大崙段,.07,非都市：特定農業區 ; 非都市編定：農牧用地,380000,13,持分移轉,01430000
RPTNMLSJKHKGFBH58CB,大崙段,.59,非都市：特定農業區 ; 非都市編定：農牧用地,100000,81,持分移轉,01510001
RPTNMLSJKHKGFBH58CB,大崙段,.03,非都市：特定農業區 ; 非都市編定：水利用地,4750000,717,持分移轉,01520000
RPTNMLSJKHKGFBH58CB,大崙段,.57,非都市：特定農業區 ; 非都市編定：農牧用地,475000,257,持分移轉,01510000
RPRNMLSJKHKGFBH38CB,大崙段,.10,非都市：特定農業區 ; 非都市編定：農牧用地,380000,13,持分移轉,01420000
RPTNMLSJKHKGFBH58CB,大崙段,18.95,非都市：特定農業區 ; 非都市編定：甲種建築用地,100000,852,持分移轉,01470000
RPRNMLSJKHKGFBH38CB,大崙段,.07,非都市：特定農業區 ; 非都市編定：農牧用地,380000,13,持分移轉,01430000
RPRNMLSJKHKGFBH38CB,大崙段,.59,非都市：特定農業區 ; 非都市編定：農牧用地,100000,81,持分移轉,01510001
RPRNMLSJKHKGFBH38CB,大崙段,.03,非都市：特定農業區 ; 非都市編定：水利用地,4750000,717,持分移轉,01520000
RPRNMLSJKHKGFBH38CB,大崙段,.57,非都市：特定農業區 ; 非都市編定：農牧用地,475000,257,持分移轉,01510000
RPRNMLSJKHKGFBH38CB,大崙段,20.09,非都市：特定農業區 ; 非都市編定：甲種建築用地,100000,903,持分移轉,01470000
RPRNMLSJKHKGFBH38CB,大崙段,26.47,非都市：特定農業區 ; 非都市編定：農牧用地,100000,2502,持分移轉,01510000
RPSNMLKKKHKGFBH77CB,富溪段,30.59,都市：住,10000,647,持分移轉,03070000
RPTNMLRJKHKGFBH48CB,草福段,23.46,都市：住,100000,4641,持分移轉,05110000
RPRNMLKKKHKGFAH57CB,三民段,18.86,都市：住,100000,667,持分移轉,02230000
RPQNMLSJKHKGFBH28CB,大崙段,.10,非都市：特定農業區 ; 非都市編定：農牧用地,380000,13,持分移轉,01420000
RPQNMLSJKHKGFBH28CB,大崙段,.07,非都市：特定農業區 ; 非都市編定：農牧用地,380000,13,持分移轉,01430000
RPQNMLSJKHKGFBH28CB,大崙段,.59,非都市：特定農業區 ; 非都市編定：農牧用地,100000,81,持分移轉,01510001
RPQNMLSJKHKGFBH28CB,大崙段,.03,非都市：特定農業區 ; 非都市編定：水利用地,4750000,717,持分移轉,01520000
RPQNMLSJKHKGFBH28CB,大崙段,.57,非都市：特定農業區 ; 非都市編定：農牧用地,475000,257,持分移轉,01510000
RPQNMLSJKHKGFBH28CB,大崙段,20.09,非都市：特定農業區 ; 非都市編定：甲種建築用地,100000,903,持分移轉,01470000
RPQNMLSJKHKGFBH28CB,大崙段,26.47,非都市：特定農業區 ; 非都市編定：農牧用地,100000,2502,持分移轉,01510000
RPWOMLKKKHKGFFH68CB,同福段,7.09,都市：住,100000,1209,持分移轉,05050000
RPWOMLKKKHKGFFH68CB,同福段,2.70,都市：住,100000,1209,持分移轉,05060000
RPWOMLKKKHKGFFH68CB,同福段,5.03,都市：住,100000,1209,持分移轉,05060001
RPPPMLKKKHKGFFH08CB,同福段,6.00,都市：住,100000,1024,持分移轉,05050000
RPPPMLKKKHKGFFH08CB,同福段,2.29,都市：住,100000,1024,持分移轉,05060000
RPPPMLKKKHKGFFH08CB,同福段,4.26,都市：住,100000,1024,持分移轉,05060001
RPQPMLKKKHKGFFH18CB,同福段,6.00,都市：住,100000,1024,持分移轉,05050000
RPQPMLKKKHKGFFH18CB,同福段,2.29,都市：住,100000,1024,持分移轉,05060000
RPQPMLKKKHKGFFH18CB,同福段,4.26,都市：住,100000,1024,持分移轉,05060001
RPOPMLKKKHKGFFH97CB,同福段,7.11,都市：住,100000,1213,持分移轉,05050000
RPOPMLKKKHKGFFH97CB,同福段,2.71,都市：住,100000,1213,持分移轉,05060000
RPOPMLKKKHKGFFH97CB,同福段,5.04,都市：住,100000,1213,持分移轉,05060001
RPRPMLKKKHKGFFH28CB,同福段,7.04,都市：住,100000,1201,持分移轉,05050000
RPRPMLKKKHKGFFH28CB,同福段,2.68,都市：住,100000,1201,持分移轉,05060000
RPRPMLKKKHKGFFH28CB,同福段,4.99,都市：住,100000,1201,持分移轉,05060001
RPSPMLKKKHKGFFH38CB,同福段,7.12,都市：住,100000,1215,持分移轉,05050000
RPSPMLKKKHKGFFH38CB,同福段,2.71,都市：住,100000,1215,持分移轉,05060000
RPSPMLKKKHKGFFH38CB,同福段,5.05,都市：住,100000,1215,持分移轉,05060001
RPQNMLKKKHKGFCH77DB,逸園段,29.74,非都市：鄉村區 ; 非都市編定：乙種建築用地,10000,1230,持分移轉,04630000
RPTNMLKKKHKGFCH08DB,逸園段,30.71,非都市：鄉村區 ; 非都市編定：乙種建築用地,10000,1270,持分移轉,04630000
RPSNMLKKKHKGFCH97DB,逸園段,30.71,非都市：鄉村區 ; 非都市編定：乙種建築用地,10000,1270,持分移轉,04630000
RPTPMLKKKHKGFFH48CB,同福段,7.12,都市：住,100000,1215,持分移轉,05050000
RPTPMLKKKHKGFFH48CB,同福段,2.71,都市：住,100000,1215,持分移轉,05060000
RPTPMLKKKHKGFFH48CB,同福段,5.05,都市：住,100000,1215,持分移轉,05060001
RPXNMLKKKHKGFCH48DB,逸園段,29.74,非都市：鄉村區 ; 非都市編定：乙種建築用地,10000,1230,持分移轉,04630000
RPVNMLKKKHKGFCH28DB,逸園段,30.71,非都市：鄉村區 ; 非都市編定：乙種建築用地,10000,1270,持分移轉,04630000
RPPOMLKKKHKGFCH77DB,逸園段,29.74,非都市：鄉村區 ; 非都市編定：乙種建築用地,10000,1230,持分移轉,04630000
RPUOMLLKKHKGFAH08CB,中路二段,23.82,都市：住,100000,1203,持分移轉,00500000
RPTOMLLKKHKGFAH97CB,中路二段,24.67,都市：住,100000,1246,持分移轉,00500000
RPVOMLLKKHKGFAH18CB,中路二段,24.63,都市：住,100000,1244,持分移轉,00500000
RPXOMLLKKHKGFAH38CB,中路二段,24.67,都市：住,100000,1246,持分移轉,00500000
RPWOMLLKKHKGFAH28CB,中路二段,24.67,都市：住,100000,1246,持分移轉,00500000
RPOPMLLKKHKGFAH57CB,中路二段,24.67,都市：住,100000,1246,持分移轉,00500000
RPPNMLPJKHKGFHH48CB,大崗段,26.07,都市：住,100000,1344,持分移轉,08580000
RPQOMLKKKHKGFEH97CB,客運一段,19.86,都市：住,100000,520,持分移轉,01220000
RPQNMLLKKHKGFEH97CB,和平段,21.53,非都市：特定農業區 ; 非都市編定：甲種建築用地,100000,750,持分移轉,03860000
RPQNMLLKKHKGFEH97CB,和平段,5.92,非都市：特定農業區 ; 非都市編定：農牧用地,124,1,持分移轉,03890000
RPTNMLKKKHKGFEH18CB,青峰段,11.74,都市：住,100000,721,持分移轉,04360000
RPTNMLKKKHKGFEH18CB,青峰段,5.44,都市：住,100000,721,持分移轉,04370000
RPTNMLKKKHKGFEH18CB,青峰段,6.49,都市：住,100000,721,持分移轉,04380000
RPUNMLKKKHKGFEH28CB,青峰段,11.95,都市：住,100000,734,持分移轉,04360000
RPUNMLKKKHKGFEH28CB,青峰段,5.54,都市：住,100000,734,持分移轉,04370000
RPUNMLKKKHKGFEH28CB,青峰段,6.61,都市：住,100000,734,持分移轉,04380000
RPQNMLLKKHKGFHH28CB,善捷段,15.51,都市：住,100000,235,持分移轉,01330000
RPPNMLLKKHKGFHH18CB,善捷段,10.16,都市：住,100000,154,持分移轉,01330000
RPPNMLLKKHKGFCH77DB,逸園段,29.74,非都市：鄉村區 ; 非都市編定：乙種建築用地,10000,1230,持分移轉,04630000
RPPNMLNKKHKGFAH67CB,水汴頭段,9.49,都市：商,10000,70,持分移轉,00020000
RPQNMLNKKHKGFAH77CB,水汴頭段,14.78,都市：商,10000,109,持分移轉,00020000
RPRNMLNKKHKGFAH87CB,水汴頭段,27.44,都市：住,100000,1178,持分移轉,02410000
RPRNMLNKKHKGFDH18CB,下田心子段赤牛欄小段,19.27,非都市：特定農業區 ; 非都市編定：甲種建築用地,100000,490,持分移轉,08310000
RPRNMLNKKHKGFDH18CB,下田心子段赤牛欄小段,1.41,非都市：特定農業區 ; 非都市編定：農牧用地,1000000,1167,持分移轉,08330000
RPPNMLNKKHKGFEH08CB,客運一段,9.73,都市：商,100000,71,持分移轉,00540000
RPQNMLNKKHKGFEH18CB,客運一段,9.73,都市：商,100000,71,持分移轉,00540000
RPVNMLLKKHKGFGH68CB,吉安段,31.80,非都市：特定農業區 ; 非都市編定：甲種建築用地,500000,6559,持分移轉,06460000
RPRNMLLKKHKGFGH28CB,吉安段,31.80,非都市：特定農業區 ; 非都市編定：甲種建築用地,500000,6559,持分移轉,06460000
RPTNMLLKKHKGFGH48CB,吉安段,23.73,非都市：特定農業區 ; 非都市編定：甲種建築用地,500000,4894,持分移轉,06460000
RPSNMLLKKHKGFGH38CB,吉安段,31.80,非都市：特定農業區 ; 非都市編定：甲種建築用地,500000,6559,持分移轉,06460000
RPPNMLLKKHKGFGH08CB,吉安段,27.66,非都市：特定農業區 ; 非都市編定：甲種建築用地,500000,5704,持分移轉,06460000
RPXNMLNKKHKGFEH88CB,大新段,15.63,都市：商,100000,457,持分移轉,07040000
RPRNMLNKKHKGFEH28CB,客運一段,14.81,都市：商,100000,108,持分移轉,00540000
RPQNMLOKKHKGFEH28CB,大竹段,27.94,都市：住,100000,2702,持分移轉,00180000
RPPNMLOKKHKGFFH28CB,大忠段,2.39,都市：商,100000,2437,持分移轉,09780000
RPPNMLOKKHKGFFH28CB,大忠段,2.72,都市：商,100000,2437,持分移轉,09790000
RPPNMLOKKHKGFFH28CB,大忠段,2.99,都市：商,100000,2437,持分移轉,09800000
RPPNMLOKKHKGFFH28CB,大忠段,3.53,都市：商,100000,2437,持分移轉,09810000
RPOOMLLKKHKGFBH57CB,草福段,15.55,都市：住,100000,417,持分移轉,01770000
RPQNMLNKKHKGFBH87CB,青昇段,37.71,都市：商,100000,540,持分移轉,04200000
RPQNMLOKKHKGFBH97CB,青昇段,38.13,都市：商,100000,546,持分移轉,04200000
RPRNMLNKKHKGFBH97CB,青昇段,73.39,都市：商,100000,1051,持分移轉,04200000
RPPNMLOKKHKGFBH87CB,青昇段,54.96,都市：商,100000,787,持分移轉,04200000
RPXNMLRKKHKGFBH98CB,山下段,21.14,非都市：特定農業區 ; 非都市編定：甲種建築用地,100000,535,持分移轉,22740001
RPQNMLRKKHKGFBH28CB,青昇段,54.96,都市：商,100000,787,持分移轉,04200000
RPPNMLSJKHKGFFH68DB,福興段,21.24,都市：住,100000,629,持分移轉,04290000
RPORMLRKKHKGFEH78CB,福海段,49.21,都市：住,100000,426,持分移轉,12420000
RPXQMLRKKHKGFEH96CB,福海段,39.27,都市：住,100000,340,持分移轉,12420000
RPWQMLRKKHKGFEH86CB,福海段,37.68,都市：住,100000,422,持分移轉,13530000
RPVQMLRKKHKGFEH76CB,福海段,48.98,都市：住,100000,424,持分移轉,12420000
RPWQMLRKKHKGFEH86CB,富華段,14.55,都市：住,100000,422,持分移轉,04170000
RPSQMLRKKHKGFEH09CB,福海段,51.27,都市：住,100000,296,持分移轉,12430000
RPSQMLRKKHKGFEH09CB,富華段,.72,都市：住,100000,296,持分移轉,04120000
RPSQMLRKKHKGFEH09CB,富華段,4.47,都市：住,100000,296,持分移轉,04130000
RPTQMLRKKHKGFEH56CB,福海段,47.01,都市：住,100000,407,持分移轉,12420000
RPRQMLRKKHKGFEH98CB,福海段,47.13,都市：住,100000,408,持分移轉,12420000
RPUQMLRKKHKGFEH66CB,福海段,49.21,都市：住,100000,426,持分移轉,12420000
RPPRMLRKKHKGFEH88CB,福海段,51.44,都市：住,100000,297,持分移轉,12430000
RPPRMLRKKHKGFEH88CB,富華段,.72,都市：住,100000,297,持分移轉,04120000
RPPRMLRKKHKGFEH88CB,富華段,4.48,都市：住,100000,297,持分移轉,04130000
RPURMLRKKHKGFEH76CB,福海段,34.29,都市：住,100000,384,持分移轉,13530000
RPURMLRKKHKGFEH76CB,富華段,13.24,都市：住,100000,384,持分移轉,04170000
RPWRMLRKKHKGFEH96CB,福海段,34.29,都市：住,100000,384,持分移轉,13530000
RPWRMLRKKHKGFEH96CB,富華段,13.24,都市：住,100000,384,持分移轉,04170000
RPQRMLRKKHKGFEH98CB,福海段,47.01,都市：住,100000,407,持分移轉,12420000
RPTRMLRKKHKGFEH66CB,福海段,30.71,都市：住,100000,344,持分移轉,13530000
RPTRMLRKKHKGFEH66CB,富華段,11.86,都市：住,100000,344,持分移轉,04170000
RPVRMLRKKHKGFEH86CB,福海段,37.32,都市：住,100000,418,持分移轉,13530000
RPVRMLRKKHKGFEH86CB,富華段,14.41,都市：住,100000,418,持分移轉,04170000
RPSRMLRKKHKGFEH56CB,福海段,37.32,都市：住,100000,418,持分移轉,13530000
RPSRMLRKKHKGFEH56CB,富華段,14.41,都市：住,100000,418,持分移轉,04170000
RPOSMLRKKHKGFEH88CB,福海段,29.46,都市：住,100000,330,持分移轉,13530000
RPOSMLRKKHKGFEH88CB,富華段,11.38,都市：住,100000,330,持分移轉,04170000
RPXRMLRKKHKGFEH07CB,福海段,49.21,都市：住,100000,426,持分移轉,12420000
RPRRMLRKKHKGFEH09CB,福海段,47.01,都市：住,100000,407,持分移轉,12420000
RPQSMLRKKHKGFEH09CB,福海段,37.68,都市：住,100000,422,持分移轉,13530000
RPQSMLRKKHKGFEH09CB,富華段,14.55,都市：住,100000,422,持分移轉,04170000
RPUSMLRKKHKGFEH86CB,福海段,48.98,都市：住,100000,424,持分移轉,12420000
RPPSMLRKKHKGFEH98CB,福海段,34.29,都市：住,100000,384,持分移轉,13530000
RPPSMLRKKHKGFEH98CB,富華段,13.24,都市：住,100000,384,持分移轉,04170000
RPRSMLRKKHKGFEH56CB,福海段,49.32,都市：住,100000,687,持分移轉,12160000
RPTSMLRKKHKGFEH76CB,福海段,47.01,都市：住,100000,407,持分移轉,12420000
RPVSMLRKKHKGFEH96CB,福海段,30.71,都市：住,100000,344,持分移轉,13530000
RPVSMLRKKHKGFEH96CB,富華段,11.86,都市：住,100000,344,持分移轉,04170000
RPXSMLRKKHKGFEH17CB,福海段,34.29,都市：住,100000,384,持分移轉,13530000
RPXSMLRKKHKGFEH17CB,富華段,13.24,都市：住,100000,384,持分移轉,04170000
RPSSMLRKKHKGFEH66CB,福海段,37.32,都市：住,100000,418,持分移轉,13530000
RPSSMLRKKHKGFEH66CB,富華段,14.41,都市：住,100000,418,持分移轉,04170000
RPWSMLRKKHKGFEH07CB,福海段,37.32,都市：住,100000,418,持分移轉,13530000
RPWSMLRKKHKGFEH07CB,富華段,14.41,都市：住,100000,418,持分移轉,04170000
RPTTMLRKKHKGFEH86CB,福海段,49.21,都市：住,100000,426,持分移轉,12420000
RPOTMLRKKHKGFEH98CB,福海段,51.44,都市：住,100000,297,持分移轉,12430000
RPOTMLRKKHKGFEH98CB,富華段,.72,都市：住,100000,297,持分移轉,04120000
RPOTMLRKKHKGFEH98CB,富華段,4.48,都市：住,100000,297,持分移轉,04130000
RPRTMLRKKHKGFEH66CB,福海段,39.84,都市：住,100000,230,持分移轉,12430000
RPRTMLRKKHKGFEH66CB,富華段,.56,都市：住,100000,230,持分移轉,04120000
RPRTMLRKKHKGFEH66CB,富華段,3.47,都市：住,100000,230,持分移轉,04130000
RPPTMLRKKHKGFEH09CB,福海段,28.99,都市：住,100000,251,持分移轉,12420000
RPSTMLRKKHKGFEH76CB,福海段,38.45,都市：住,100000,222,持分移轉,12430000
RPSTMLRKKHKGFEH76CB,富華段,.54,都市：住,100000,222,持分移轉,04120000
RPSTMLRKKHKGFEH76CB,富華段,3.35,都市：住,100000,222,持分移轉,04130000
RPQTMLRKKHKGFEH56CB,福海段,49.21,都市：住,100000,426,持分移轉,12420000
RPUTMLRKKHKGFEH96CB,福海段,41.22,都市：住,100000,238,持分移轉,12430000
RPUTMLRKKHKGFEH96CB,富華段,.58,都市：住,100000,238,持分移轉,04120000
RPUTMLRKKHKGFEH96CB,富華段,3.59,都市：住,100000,238,持分移轉,04130000
RPVTMLRKKHKGFEH07CB,福海段,39.27,都市：住,100000,340,持分移轉,12420000
RPWTMLRKKHKGFEH17CB,福海段,51.44,都市：住,100000,297,持分移轉,12430000
RPWTMLRKKHKGFEH17CB,富華段,.72,都市：住,100000,297,持分移轉,04120000
RPWTMLRKKHKGFEH17CB,富華段,4.48,都市：住,100000,297,持分移轉,04130000
RPXTMLRKKHKGFEH27CB,福海段,39.27,都市：住,100000,340,持分移轉,12420000
RPOUMLRKKHKGFEH09CB,福海段,49.02,都市：住,100000,283,持分移轉,12430000
RPOUMLRKKHKGFEH09CB,富華段,.69,都市：住,100000,283,持分移轉,04120000
RPOUMLRKKHKGFEH09CB,富華段,4.27,都市：住,100000,283,持分移轉,04130000
RPRUMLRKKHKGFEH76CB,福海段,53.69,都市：住,100000,310,持分移轉,12430000
RPRUMLRKKHKGFEH76CB,富華段,.75,都市：住,100000,310,持分移轉,04120000
RPQUMLRKKHKGFEH66CB,福海段,53.52,都市：住,100000,309,持分移轉,12430000
RPRUMLRKKHKGFEH76CB,富華段,4.68,都市：住,100000,310,持分移轉,04130000
RPQUMLRKKHKGFEH66CB,富華段,.75,都市：住,100000,309,持分移轉,04120000
RPQUMLRKKHKGFEH66CB,富華段,4.66,都市：住,100000,309,持分移轉,04130000
RPSUMLRKKHKGFEH86CB,福海段,49.36,都市：住,100000,285,持分移轉,12430000
RPSUMLRKKHKGFEH86CB,富華段,.69,都市：住,100000,285,持分移轉,04120000
RPPUMLRKKHKGFEH56CB,福海段,46.66,都市：住,100000,404,持分移轉,12420000
RPSUMLRKKHKGFEH86CB,富華段,4.30,都市：住,100000,285,持分移轉,04130000
RPTUMLRKKHKGFEH96CB,福海段,47.01,都市：住,100000,407,持分移轉,12420000
RPUUMLRKKHKGFEH07CB,福海段,48.98,都市：住,100000,424,持分移轉,12420000
RPVUMLRKKHKGFEH17CB,福海段,41.05,都市：住,100000,237,持分移轉,12430000
RPVUMLRKKHKGFEH17CB,富華段,.58,都市：住,100000,237,持分移轉,04120000
RPVUMLRKKHKGFEH17CB,富華段,3.58,都市：住,100000,237,持分移轉,04130000
RPWUMLRKKHKGFEH27CB,福海段,49.02,都市：住,100000,283,持分移轉,12430000
RPWUMLRKKHKGFEH27CB,富華段,.69,都市：住,100000,283,持分移轉,04120000
RPWUMLRKKHKGFEH27CB,富華段,4.27,都市：住,100000,283,持分移轉,04130000
RPXUMLRKKHKGFEH37CB,福海段,51.44,都市：住,100000,297,持分移轉,12430000
RPXUMLRKKHKGFEH37CB,富華段,.72,都市：住,100000,297,持分移轉,04120000
RPXUMLRKKHKGFEH37CB,富華段,4.48,都市：住,100000,297,持分移轉,04130000
RPSVMLRKKHKGFEH96CB,福海段,49.21,都市：住,100000,426,持分移轉,12420000
RPWVMLRKKHKGFEH37CB,福海段,28.99,都市：住,100000,251,持分移轉,12420000
RPQVMLRKKHKGFEH76CB,福海段,34.29,都市：住,100000,384,持分移轉,13530000
RPQVMLRKKHKGFEH76CB,富華段,13.24,都市：住,100000,384,持分移轉,04170000
RPVVMLRKKHKGFEH27CB,福海段,53.52,都市：住,100000,309,持分移轉,12430000
RPPVMLRKKHKGFEH66CB,福海段,48.84,都市：住,100000,282,持分移轉,12430000
RPVVMLRKKHKGFEH27CB,富華段,.75,都市：住,100000,309,持分移轉,04120000
RPPVMLRKKHKGFEH66CB,富華段,.69,都市：住,100000,282,持分移轉,04120000
RPVVMLRKKHKGFEH27CB,富華段,4.66,都市：住,100000,309,持分移轉,04130000
RPTVMLRKKHKGFEH07CB,福海段,53.17,都市：住,100000,307,持分移轉,12430000
RPPVMLRKKHKGFEH66CB,富華段,4.26,都市：住,100000,282,持分移轉,04130000
RPTVMLRKKHKGFEH07CB,富華段,.75,都市：住,100000,307,持分移轉,04120000
RPTVMLRKKHKGFEH07CB,富華段,4.63,都市：住,100000,307,持分移轉,04130000
RPOVMLRKKHKGFEH56CB,福海段,53.52,都市：住,100000,309,持分移轉,12430000
RPOVMLRKKHKGFEH56CB,富華段,.75,都市：住,100000,309,持分移轉,04120000
RPOVMLRKKHKGFEH56CB,富華段,4.66,都市：住,100000,309,持分移轉,04130000
RPRVMLRKKHKGFEH86CB,福海段,49.02,都市：住,100000,283,持分移轉,12430000
RPRVMLRKKHKGFEH86CB,富華段,.69,都市：住,100000,283,持分移轉,04120000
RPRVMLRKKHKGFEH86CB,富華段,4.27,都市：住,100000,283,持分移轉,04130000
RPRWMLRKKHKGFEH96CB,福海段,32.38,都市：住,100000,451,持分移轉,12160000
RPQWMLRKKHKGFEH86CB,福海段,49.68,都市：住,100000,692,持分移轉,12160000
RPOWMLRKKHKGFEH66CB,福海段,38.45,都市：住,100000,222,持分移轉,12430000
RPOWMLRKKHKGFEH66CB,富華段,.54,都市：住,100000,222,持分移轉,04120000
RPOWMLRKKHKGFEH66CB,富華段,3.35,都市：住,100000,222,持分移轉,04130000
RPTWMLRKKHKGFEH17CB,福海段,51.44,都市：住,100000,297,持分移轉,12430000
RPTWMLRKKHKGFEH17CB,富華段,.72,都市：住,100000,297,持分移轉,04120000
RPTWMLRKKHKGFEH17CB,富華段,4.48,都市：住,100000,297,持分移轉,04130000
RPPWMLRKKHKGFEH76CB,福海段,49.32,都市：住,100000,687,持分移轉,12160000
RPUWMLRKKHKGFEH27CB,福海段,37.32,都市：住,100000,418,持分移轉,13530000
RPUWMLRKKHKGFEH27CB,富華段,14.41,都市：住,100000,418,持分移轉,04170000
RPSWMLRKKHKGFEH07CB,福海段,49.32,都市：住,100000,687,持分移轉,12160000
RPUVMLRKKHKGFEH17CB,福海段,53.52,都市：住,100000,309,持分移轉,12430000
RPUVMLRKKHKGFEH17CB,富華段,.75,都市：住,100000,309,持分移轉,04120000
RPUVMLRKKHKGFEH17CB,富華段,4.66,都市：住,100000,309,持分移轉,04130000
RPXVMLRKKHKGFEH47CB,福海段,47.53,都市：住,100000,662,持分移轉,12160000
RPXWMLRKKHKGFEH57CB,福海段,48.84,都市：住,100000,282,持分移轉,12430000
RPXWMLRKKHKGFEH57CB,富華段,.69,都市：住,100000,282,持分移轉,04120000
RPXWMLRKKHKGFEH57CB,富華段,4.26,都市：住,100000,282,持分移轉,04130000
RPWWMLRKKHKGFEH47CB,福海段,47.60,都市：住,100000,663,持分移轉,12160000
RPVWMLRKKHKGFEH37CB,福海段,49.32,都市：住,100000,687,持分移轉,12160000
RPPNNLRKKHKGFEH58CB,福海段,49.02,都市：住,100000,283,持分移轉,12430000
RPPNNLRKKHKGFEH58CB,富華段,.69,都市：住,100000,283,持分移轉,04120000
RPPNNLRKKHKGFEH58CB,富華段,4.27,都市：住,100000,283,持分移轉,04130000
RPONNLRKKHKGFEH48CB,福海段,49.68,都市：住,100000,692,持分移轉,12160000
RPPNMLRKKHKGFCH28CB,聖亭段,74.99,非都市：一般農業區 ; 非都市編定：甲種建築用地,100000,8400,持分移轉,07380000
RPTNNLRKKHKGFEH98CB,福海段,49.68,都市：住,100000,692,持分移轉,12160000
RPRNNLRKKHKGFEH78CB,福海段,38.45,都市：住,100000,222,持分移轉,12430000
RPRNNLRKKHKGFEH78CB,富華段,.54,都市：住,100000,222,持分移轉,04120000
RPRNNLRKKHKGFEH78CB,富華段,3.35,都市：住,100000,222,持分移轉,04130000
RPQNNLRKKHKGFEH68CB,福海段,49.32,都市：住,100000,687,持分移轉,12160000
RPSNNLRKKHKGFEH88CB,福海段,47.98,都市：住,100000,277,持分移轉,12430000
RPSNNLRKKHKGFEH88CB,富華段,.67,都市：住,100000,277,持分移轉,04120000
RPSNNLRKKHKGFEH88CB,富華段,4.18,都市：住,100000,277,持分移轉,04130000
RPUNNLRKKHKGFEH09CB,福海段,51.27,都市：住,100000,296,持分移轉,12430000
RPUNNLRKKHKGFEH09CB,富華段,.72,都市：住,100000,296,持分移轉,04120000
RPUNNLRKKHKGFEH09CB,富華段,4.47,都市：住,100000,296,持分移轉,04130000
RPOONLRKKHKGFEH58CB,福海段,51.27,都市：住,100000,296,持分移轉,12430000
RPOONLRKKHKGFEH58CB,富華段,.72,都市：住,100000,296,持分移轉,04120000
RPOONLRKKHKGFEH58CB,富華段,4.47,都市：住,100000,296,持分移轉,04130000
RPXNNLRKKHKGFEH76CB,福海段,32.38,都市：住,100000,451,持分移轉,12160000
RPVNNLRKKHKGFEH56CB,福海段,46.24,都市：住,100000,644,持分移轉,12160000
RPWNNLRKKHKGFEH66CB,福海段,51.09,都市：住,100000,295,持分移轉,12430000
RPWNNLRKKHKGFEH66CB,富華段,.72,都市：住,100000,295,持分移轉,04120000
RPWNNLRKKHKGFEH66CB,富華段,4.45,都市：住,100000,295,持分移轉,04130000
RPQONLRKKHKGFEH78CB,福海段,47.60,都市：住,100000,663,持分移轉,12160000
RPPONLRKKHKGFEH68CB,福海段,48.84,都市：住,100000,282,持分移轉,12430000
RPPONLRKKHKGFEH68CB,富華段,.69,都市：住,100000,282,持分移轉,04120000
RPPONLRKKHKGFEH68CB,富華段,4.26,都市：住,100000,282,持分移轉,04130000
RPTONLRKKHKGFEH09CB,福海段,48.84,都市：住,100000,282,持分移轉,12430000
RPTONLRKKHKGFEH09CB,富華段,.69,都市：住,100000,282,持分移轉,04120000
RPTONLRKKHKGFEH09CB,富華段,4.26,都市：住,100000,282,持分移轉,04130000
RPSONLRKKHKGFEH98CB,福海段,51.44,都市：住,100000,297,持分移轉,12430000
RPSONLRKKHKGFEH98CB,富華段,.72,都市：住,100000,297,持分移轉,04120000
RPSONLRKKHKGFEH98CB,富華段,4.48,都市：住,100000,297,持分移轉,04130000
RPVONLRKKHKGFEH66CB,福海段,51.44,都市：住,100000,297,持分移轉,12430000
RPVONLRKKHKGFEH66CB,富華段,.72,都市：住,100000,297,持分移轉,04120000
RPVONLRKKHKGFEH66CB,富華段,4.48,都市：住,100000,297,持分移轉,04130000
RPUONLRKKHKGFEH56CB,福海段,38.45,都市：住,100000,222,持分移轉,12430000
RPUONLRKKHKGFEH56CB,富華段,.54,都市：住,100000,222,持分移轉,04120000
RPUONLRKKHKGFEH56CB,富華段,3.35,都市：住,100000,222,持分移轉,04130000
RPWONLRKKHKGFEH76CB,福海段,51.27,都市：住,100000,296,持分移轉,12430000
RPWONLRKKHKGFEH76CB,富華段,.72,都市：住,100000,296,持分移轉,04120000
RPWONLRKKHKGFEH76CB,富華段,4.47,都市：住,100000,296,持分移轉,04130000
RPXONLRKKHKGFEH86CB,福海段,49.32,都市：住,100000,687,持分移轉,12160000
RPPPNLRKKHKGFEH78CB,福海段,49.32,都市：住,100000,687,持分移轉,12160000
RPRONLRKKHKGFEH88CB,福海段,48.84,都市：住,100000,282,持分移轉,12430000
RPRONLRKKHKGFEH88CB,富華段,.69,都市：住,100000,282,持分移轉,04120000
RPRONLRKKHKGFEH88CB,富華段,4.26,都市：住,100000,282,持分移轉,04130000
RPSPNLRKKHKGFEH09CB,福海段,49.68,都市：住,100000,692,持分移轉,12160000
RPQPNLRKKHKGFEH88CB,福海段,49.32,都市：住,100000,687,持分移轉,12160000
RPVPNLRKKHKGFEH76CB,福海段,48.75,都市：住,100000,475,持分移轉,12140000
RPRPNLRKKHKGFEH98CB,福海段,46.24,都市：住,100000,644,持分移轉,12160000
RPUPNLRKKHKGFEH66CB,福海段,49.68,都市：住,100000,692,持分移轉,12160000
RPTPNLRKKHKGFEH56CB,福海段,52.14,都市：住,100000,508,持分移轉,12140000
RPOPNLRKKHKGFEH68CB,福海段,52.14,都市：住,100000,508,持分移轉,12140000
RPOQNLRKKHKGFEH78CB,福海段,46.66,都市：住,100000,404,持分移轉,12420000
RPXPNLRKKHKGFEH96CB,福海段,46.24,都市：住,100000,644,持分移轉,12160000
RPPQNLRKKHKGFEH88CB,福海段,49.68,都市：住,100000,692,持分移轉,12160000
RPQQNLRKKHKGFEH98CB,福海段,59.94,都市：住,100000,584,持分移轉,12140000
RPWPNLRKKHKGFEH86CB,福海段,47.60,都市：住,100000,663,持分移轉,12160000
RPSQNLRKKHKGFEH56CB,福海段,42.29,都市：住,100000,589,持分移轉,12160000
RPTQNLRKKHKGFEH66CB,福海段,49.32,都市：住,100000,687,持分移轉,12160000
RPXQNLRKKHKGFEH07CB,福海段,29.46,都市：住,100000,330,持分移轉,13530000
RPXQNLRKKHKGFEH07CB,富華段,11.38,都市：住,100000,330,持分移轉,04170000
RPVQNLRKKHKGFEH86CB,福海段,51.44,都市：住,100000,297,持分移轉,12430000
RPVQNLRKKHKGFEH86CB,富華段,.72,都市：住,100000,297,持分移轉,04120000
RPVQNLRKKHKGFEH86CB,富華段,4.48,都市：住,100000,297,持分移轉,04130000
RPRQNLRKKHKGFEH09CB,福海段,47.60,都市：住,100000,663,持分移轉,12160000
RPRRNLRKKHKGFEH56CB,福海段,49.32,都市：住,100000,687,持分移轉,12160000
RPUQNLRKKHKGFEH76CB,福海段,52.14,都市：住,100000,508,持分移轉,12140000
RPTRNLRKKHKGFEH76CB,福海段,48.75,都市：住,100000,475,持分移轉,12140000
RPPNMLRKKHKGFFH58CB,竹園段,2.73,非都市：特定農業區 ; 非都市編定：甲種建築用地,100000,524,持分移轉,00650000
RPPNMLRKKHKGFFH58CB,竹園段,2.43,非都市：特定農業區 ; 非都市編定：甲種建築用地,100000,524,持分移轉,00660000
RPPNMLRKKHKGFFH58CB,竹園段,2.77,非都市：特定農業區 ; 非都市編定：甲種建築用地,100000,524,持分移轉,00670000
RPPNMLRKKHKGFFH58CB,竹園段,11.63,非都市：特定農業區 ; 非都市編定：甲種建築用地,100000,524,持分移轉,00680000
RPORNLRKKHKGFEH88CB,福海段,41.47,都市：住,100000,404,持分移轉,12140000
RPSNMLSKKHKGFAH48CB,中路二段,24.67,都市：住,100000,1246,持分移轉,00500000
RPPRNLRKKHKGFEH98CB,福海段,37.32,都市：住,100000,418,持分移轉,13530000
RPPRNLRKKHKGFEH98CB,富華段,14.41,都市：住,100000,418,持分移轉,04170000
RPQNMLSKKHKGFEH68CB,大興段,4.98,都市：住,100000,831,持分移轉,00560000
RPQNMLSKKHKGFEH68CB,大興段,3.91,都市：住,100000,831,持分移轉,00580000
RPQNMLSKKHKGFEH68CB,大興段,1.07,都市：住,100000,831,持分移轉,00660000
RPQNMLSKKHKGFEH68CB,大興段,1.07,都市：住,100000,831,持分移轉,00670000
RPQNMLSKKHKGFEH68CB,大興段,1.07,都市：住,100000,831,持分移轉,00680000
RPQNMLSKKHKGFEH68CB,大興段,1.85,都市：住,100000,831,持分移轉,00690000
RPPNMLRKKHKGFHH78CB,善捷段,11.35,都市：住,10000,51,持分移轉,00320000
RPQRNLRKKHKGFEH09CB,福海段,52.14,都市：住,100000,508,持分移轉,12140000
RPPOMLSKKHKGFEH68CB,大興段,5.01,都市：住,100000,835,持分移轉,00560000
RPPOMLSKKHKGFEH68CB,大興段,3.93,都市：住,100000,835,持分移轉,00580000
RPPOMLSKKHKGFEH68CB,大興段,1.08,都市：住,100000,835,持分移轉,00660000
RPPOMLSKKHKGFEH68CB,大興段,1.08,都市：住,100000,835,持分移轉,00670000
RPPOMLSKKHKGFEH68CB,大興段,1.08,都市：住,100000,835,持分移轉,00680000
RPPOMLSKKHKGFEH68CB,大興段,1.86,都市：住,100000,835,持分移轉,00690000
RPSRNLRKKHKGFEH66CB,福海段,48.75,都市：住,100000,475,持分移轉,12140000
RPSNMLSKKHKGFEH88CB,大興段,7.30,都市：住,100000,1218,持分移轉,00560000
RPSNMLSKKHKGFEH88CB,大興段,5.73,都市：住,100000,1218,持分移轉,00580000
RPSNMLSKKHKGFEH88CB,大興段,1.57,都市：住,100000,1218,持分移轉,00660000
RPSNMLSKKHKGFEH88CB,大興段,1.57,都市：住,100000,1218,持分移轉,00670000
RPSNMLSKKHKGFEH88CB,大興段,1.57,都市：住,100000,1218,持分移轉,00680000
RPSNMLSKKHKGFEH88CB,大興段,2.71,都市：住,100000,1218,持分移轉,00690000
RPWNMLSKKHKGFEH66CB,大興段,5.42,都市：住,100000,905,持分移轉,00560000
RPWNMLSKKHKGFEH66CB,大興段,4.26,都市：住,100000,905,持分移轉,00580000
RPWNMLSKKHKGFEH66CB,大興段,1.17,都市：住,100000,905,持分移轉,00660000
RPWNMLSKKHKGFEH66CB,大興段,1.17,都市：住,100000,905,持分移轉,00670000
RPWNMLSKKHKGFEH66CB,大興段,1.17,都市：住,100000,905,持分移轉,00680000
RPWNMLSKKHKGFEH66CB,大興段,2.02,都市：住,100000,905,持分移轉,00690000
RPPNMLSKKHKGFEH58CB,大興段,4.98,都市：住,100000,831,持分移轉,00560000
RPPNMLSKKHKGFEH58CB,大興段,3.91,都市：住,100000,831,持分移轉,00580000
RPPNMLSKKHKGFEH58CB,大興段,1.07,都市：住,100000,831,持分移轉,00660000
RPPNMLSKKHKGFEH58CB,大興段,1.07,都市：住,100000,831,持分移轉,00670000
RPPNMLSKKHKGFEH58CB,大興段,1.07,都市：住,100000,831,持分移轉,00680000
RPPNMLSKKHKGFEH58CB,大興段,1.85,都市：住,100000,831,持分移轉,00690000
RPOOMLSKKHKGFEH58CB,大興段,5.42,都市：住,100000,905,持分移轉,00560000
RPOOMLSKKHKGFEH58CB,大興段,4.26,都市：住,100000,905,持分移轉,00580000
RPOOMLSKKHKGFEH58CB,大興段,1.17,都市：住,100000,905,持分移轉,00660000
RPOOMLSKKHKGFEH58CB,大興段,1.17,都市：住,100000,905,持分移轉,00670000
RPOOMLSKKHKGFEH58CB,大興段,1.17,都市：住,100000,905,持分移轉,00680000
RPOOMLSKKHKGFEH58CB,大興段,2.02,都市：住,100000,905,持分移轉,00690000
RPSNMLTKKHKGFBH68CB,雙嶺段,14.31,都市：商,100000,267,持分移轉,14110000
RPPNMLTKKHKGFBH38CB,育仁段,103.23,非都市：特定農業區 ; 非都市編定：甲種建築用地,10000,486,持分移轉,09870000
RPQNMLKLKHKGFAH57CB,三民段,1.06,都市：住,100000,472,持分移轉,02460000
RPQNMLKLKHKGFAH57CB,三民段,1.16,都市：住,100000,472,持分移轉,02470000
RPQNMLKLKHKGFAH57CB,三民段,1.16,都市：住,100000,472,持分移轉,02480000
RPQNMLKLKHKGFAH57CB,三民段,1.27,都市：住,100000,472,持分移轉,02490000
RPQNMLKLKHKGFAH57CB,三民段,1.54,都市：住,100000,472,持分移轉,02510000
RPQNMLKLKHKGFAH57CB,三民段,1.01,都市：住,100000,472,持分移轉,02520000
RPQNMLKLKHKGFAH57CB,三民段,.90,都市：住,100000,472,持分移轉,02530000
RPQNMLKLKHKGFAH57CB,三民段,.91,都市：住,100000,472,持分移轉,02540000
RPQNMLKLKHKGFAH57CB,三民段,1.05,都市：住,100000,472,持分移轉,02550000
RPQNMLKLKHKGFAH57CB,三民段,1.62,都市：住,100000,472,持分移轉,02560000
RPQOMLTKKHKGFBH58CB,忠愛段,23.01,非都市：特定農業區 ; 非都市編定：甲種建築用地,10000,94,持分移轉,07860000
RPQOMLTKKHKGFBH58CB,忠愛段,4.70,非都市：特定農業區 ; 非都市編定：農牧用地,10000,94,持分移轉,07810002
RPRNMLKLKHKGFAH67CB,三民段,1.47,都市：住,100000,652,持分移轉,02460000
RPRNMLKLKHKGFAH67CB,三民段,1.60,都市：住,100000,652,持分移轉,02470000
RPRNMLKLKHKGFAH67CB,三民段,1.60,都市：住,100000,652,持分移轉,02480000
RPRNMLKLKHKGFAH67CB,三民段,1.76,都市：住,100000,652,持分移轉,02490000
RPRNMLKLKHKGFAH67CB,三民段,2.12,都市：住,100000,652,持分移轉,02510000
RPRNMLKLKHKGFAH67CB,三民段,1.40,都市：住,100000,652,持分移轉,02520000
RPRNMLKLKHKGFAH67CB,三民段,1.25,都市：住,100000,652,持分移轉,02530000
RPRNMLKLKHKGFAH67CB,三民段,1.25,都市：住,100000,652,持分移轉,02540000
RPRNMLKLKHKGFAH67CB,三民段,1.44,都市：住,100000,652,持分移轉,02550000
RPRNMLKLKHKGFAH67CB,三民段,2.24,都市：住,100000,652,持分移轉,02560000
RPXNMLTKKHKGFHH17CB,公華段,4.71,都市：住,100000,530,持分移轉,11320000
RPXNMLTKKHKGFHH17CB,公華段,3.98,都市：住,100000,530,持分移轉,11330000
RPXNMLTKKHKGFHH17CB,公華段,2.34,都市：住,100000,530,持分移轉,11340000
RPXNMLTKKHKGFHH17CB,公華段,1.00,都市：住,100000,530,持分移轉,11350000
RPXNMLTKKHKGFHH17CB,公華段,1.62,都市：住,100000,530,持分移轉,11360000
RPXNMLTKKHKGFHH17CB,公華段,1.34,都市：住,100000,530,持分移轉,11370000
RPXNMLTKKHKGFHH17CB,公華段,5.79,都市：住,100000,530,持分移轉,11380000
RPXNMLTKKHKGFHH17CB,公華段,2.34,都市：住,100000,530,持分移轉,11390000
RPXNMLTKKHKGFHH17CB,公華段,.94,都市：住,100000,530,持分移轉,11400000
RPXNMLTKKHKGFHH17CB,公華段,2.63,都市：住,100000,530,持分移轉,11410000
RPXNMLTKKHKGFHH17CB,公華段,1.32,都市：住,100000,530,持分移轉,11420000
RPPNMLLLKHKGFFH08CB,大庄段,32.48,非都市：特定農業區 ; 非都市編定：甲種建築用地,100000,1181,持分移轉,06930000
RPVNMLLLKHKGFHH88CB,公華段,3.31,都市：住,100000,372,持分移轉,11320000
RPVNMLLLKHKGFHH88CB,公華段,2.79,都市：住,100000,372,持分移轉,11330000
RPVNMLLLKHKGFHH88CB,公華段,1.64,都市：住,100000,372,持分移轉,11340000
RPVNMLLLKHKGFHH88CB,公華段,.70,都市：住,100000,372,持分移轉,11350000
RPVNMLLLKHKGFHH88CB,公華段,1.14,都市：住,100000,372,持分移轉,11360000
RPVNMLLLKHKGFHH88CB,公華段,.94,都市：住,100000,372,持分移轉,11370000
RPVNMLLLKHKGFHH88CB,公華段,4.06,都市：住,100000,372,持分移轉,11380000
RPVNMLLLKHKGFHH88CB,公華段,1.64,都市：住,100000,372,持分移轉,11390000
RPVNMLLLKHKGFHH88CB,公華段,.66,都市：住,100000,372,持分移轉,11400000
RPVNMLLLKHKGFHH88CB,公華段,1.85,都市：住,100000,372,持分移轉,11410000
RPVNMLLLKHKGFHH88CB,公華段,.93,都市：住,100000,372,持分移轉,11420000
RPTNMLLLKHKGFHH68CB,公華段,4.18,都市：住,100000,470,持分移轉,11320000
RPTNMLLLKHKGFHH68CB,公華段,3.53,都市：住,100000,470,持分移轉,11330000
RPTNMLLLKHKGFHH68CB,公華段,2.08,都市：住,100000,470,持分移轉,11340000
RPTNMLLLKHKGFHH68CB,公華段,.89,都市：住,100000,470,持分移轉,11350000
RPTNMLLLKHKGFHH68CB,公華段,1.44,都市：住,100000,470,持分移轉,11360000
RPTNMLLLKHKGFHH68CB,公華段,1.19,都市：住,100000,470,持分移轉,11370000
RPTNMLLLKHKGFHH68CB,公華段,5.13,都市：住,100000,470,持分移轉,11380000
RPTNMLLLKHKGFHH68CB,公華段,2.08,都市：住,100000,470,持分移轉,11390000
RPTNMLLLKHKGFHH68CB,公華段,.83,都市：住,100000,470,持分移轉,11400000
RPTNMLLLKHKGFHH68CB,公華段,2.33,都市：住,100000,470,持分移轉,11410000
RPTNMLLLKHKGFHH68CB,公華段,1.17,都市：住,100000,470,持分移轉,11420000
RPXNMLLLKHKGFHH09CB,公華段,3.31,都市：住,100000,372,持分移轉,11320000
RPXNMLLLKHKGFHH09CB,公華段,2.79,都市：住,100000,372,持分移轉,11330000
RPXNMLLLKHKGFHH09CB,公華段,1.64,都市：住,100000,372,持分移轉,11340000
RPXNMLLLKHKGFHH09CB,公華段,.70,都市：住,100000,372,持分移轉,11350000
RPXNMLLLKHKGFHH09CB,公華段,1.14,都市：住,100000,372,持分移轉,11360000
RPXNMLLLKHKGFHH09CB,公華段,.94,都市：住,100000,372,持分移轉,11370000
RPXNMLLLKHKGFHH09CB,公華段,4.06,都市：住,100000,372,持分移轉,11380000
RPXNMLLLKHKGFHH09CB,公華段,1.64,都市：住,100000,372,持分移轉,11390000
RPXNMLLLKHKGFHH09CB,公華段,.66,都市：住,100000,372,持分移轉,11400000
RPXNMLLLKHKGFHH09CB,公華段,1.85,都市：住,100000,372,持分移轉,11410000
RPXNMLLLKHKGFHH09CB,公華段,.93,都市：住,100000,372,持分移轉,11420000
RPQNMLNLKHKGFDH18CB,下田心子段赤牛欄小段,19.11,非都市：特定農業區 ; 非都市編定：甲種建築用地,100000,486,持分移轉,08310000
RPQNMLNLKHKGFDH18CB,下田心子段赤牛欄小段,1.41,非都市：特定農業區 ; 非都市編定：農牧用地,1000000,1167,持分移轉,08330000
RPQNMLSLKHKGFDH68CB,梅高段,13.58,都市：住,1000000,3371,持分移轉,01860000
RPQOMLLLKHKGFHH48CB,公華段,4.38,都市：住,100000,493,持分移轉,11320000
RPQOMLLLKHKGFHH48CB,公華段,3.70,都市：住,100000,493,持分移轉,11330000
RPQOMLLLKHKGFHH48CB,公華段,2.18,都市：住,100000,493,持分移轉,11340000
RPQOMLLLKHKGFHH48CB,公華段,.93,都市：住,100000,493,持分移轉,11350000
RPQOMLLLKHKGFHH48CB,公華段,1.51,都市：住,100000,493,持分移轉,11360000
RPQOMLLLKHKGFHH48CB,公華段,1.25,都市：住,100000,493,持分移轉,11370000
RPQOMLLLKHKGFHH48CB,公華段,5.38,都市：住,100000,493,持分移轉,11380000
RPQOMLLLKHKGFHH48CB,公華段,2.18,都市：住,100000,493,持分移轉,11390000
RPQOMLLLKHKGFHH48CB,公華段,.87,都市：住,100000,493,持分移轉,11400000
RPQOMLLLKHKGFHH48CB,公華段,2.45,都市：住,100000,493,持分移轉,11410000
RPQOMLLLKHKGFHH48CB,公華段,1.23,都市：住,100000,493,持分移轉,11420000
RPSOMLSKKHKGFEH98CB,大興段,5.55,都市：住,100000,926,持分移轉,00560000
RPSOMLSKKHKGFEH98CB,大興段,4.36,都市：住,100000,926,持分移轉,00580000
RPSOMLSKKHKGFEH98CB,大興段,1.20,都市：住,100000,926,持分移轉,00660000
RPSOMLSKKHKGFEH98CB,大興段,1.20,都市：住,100000,926,持分移轉,00670000
RPSOMLSKKHKGFEH98CB,大興段,1.20,都市：住,100000,926,持分移轉,00680000
RPSOMLSKKHKGFEH98CB,大興段,2.06,都市：住,100000,926,持分移轉,00690000
RPVOMLSKKHKGFEH66CB,大興段,5.94,都市：住,100000,991,持分移轉,00560000
RPVOMLSKKHKGFEH66CB,大興段,4.67,都市：住,100000,991,持分移轉,00580000
RPVOMLSKKHKGFEH66CB,大興段,1.28,都市：住,100000,991,持分移轉,00660000
RPVOMLSKKHKGFEH66CB,大興段,1.28,都市：住,100000,991,持分移轉,00670000
RPVOMLSKKHKGFEH66CB,大興段,1.28,都市：住,100000,991,持分移轉,00680000
RPVOMLSKKHKGFEH66CB,大興段,2.21,都市：住,100000,991,持分移轉,00690000
RPUOMLSKKHKGFEH56CB,大興段,5.55,都市：住,100000,926,持分移轉,00560000
RPUOMLSKKHKGFEH56CB,大興段,4.36,都市：住,100000,926,持分移轉,00580000
RPUOMLSKKHKGFEH56CB,大興段,1.20,都市：住,100000,926,持分移轉,00660000
RPUOMLSKKHKGFEH56CB,大興段,1.20,都市：住,100000,926,持分移轉,00670000
RPUOMLSKKHKGFEH56CB,大興段,1.20,都市：住,100000,926,持分移轉,00680000
RPUOMLSKKHKGFEH56CB,大興段,2.06,都市：住,100000,926,持分移轉,00690000
RPTOMLSKKHKGFEH09CB,大興段,5.55,都市：住,100000,926,持分移轉,00560000
RPTOMLSKKHKGFEH09CB,大興段,4.36,都市：住,100000,926,持分移轉,00580000
RPTOMLSKKHKGFEH09CB,大興段,1.20,都市：住,100000,926,持分移轉,00660000
RPTOMLSKKHKGFEH09CB,大興段,1.20,都市：住,100000,926,持分移轉,00670000
RPTOMLSKKHKGFEH09CB,大興段,1.20,都市：住,100000,926,持分移轉,00680000
RPTOMLSKKHKGFEH09CB,大興段,2.06,都市：住,100000,926,持分移轉,00690000
