﻿鄉鎮市區,交易標的,土地位置建物門牌,土地移轉總面積平方公尺,都市土地使用分區,非都市土地使用分區,非都市土地使用編定,交易年月日,交易筆棟數,移轉層次,總樓層數,建物型態,主要用途,主要建材,建築完成年月,建物移轉總面積平方公尺,建物現況格局-房,建物現況格局-廳,建物現況格局-衛,建物現況格局-隔間,有無管理組織,總價元,單價元平方公尺,車位類別,車位移轉總面積平方公尺,車位總價元,備註,編號,主建物面積,附屬建物面積,陽台面積,電梯,移轉編號
The villages and towns urban district,transaction sign,land sector position building sector house number plate,land shifting total area square meter,the use zoning or compiles and checks,the non-metropolis land use district,non-metropolis land use,transaction year month and day,transaction pen number,shifting level,total floor number,building state,main use,main building materials,construction to complete the years,building shifting total area,Building present situation pattern - room,building present situation pattern - hall,building present situation pattern - health,building present situation pattern - compartmented,Whether there is manages the organization,total price NTD,the unit price (NTD / square meter),the berth category,berth shifting total area square meter,the berth total price NTD,the note,serial number,main building area,auxiliary building area,balcony area,elevator,transaction number
嘉義市,土地,下路頭段187-28地號,3.31,都市：其他:道路用地,,,1140206,土地1建物0車位0,,,其他,,,,0.0,0,0,0,無,無,50000,15106,,0.0,0,,RPPNMLMKKHKGFAI77EA,0.0,0.0,0.0,無,01
嘉義市,房地(土地+建物)+車位,嘉義市嘉義市義教街６２３號６樓１,27.79,住,,,1140203,土地1建物1車位1,六層,十一層,住宅大樓(11層含以上有電梯),住家用,鋼筋混凝土造,0830723,135.82999999999998,3,1,2,有,有,7228000,53214,坡道平面,0.0,0,,RPPNMLNKKHKGFAI77DA,87.65,0.8,14.58,有,
嘉義市,房地(土地+建物),嘉義市嘉義市彌陀路４２號四樓之１３,5.26,住,,,1140205,土地2建物1車位0,四層,四層,華廈(10層含以下有電梯),辦公用,鋼筋混凝土造,0970303,14.02,1,1,1,有,有,1120000,79886,,0.0,0,,RPROMLQJKHKGFAI28DA,6.44,0.0,1.92,有,02
嘉義市,房地(土地+建物),嘉義市嘉義市新生路８０５號,51.0,住,,,1140203,土地1建物1車位0,全,二層,透天厝,住家用,鋼筋混凝土加強磚造,0610316,81.35,1,1,2,有,無,4200000,51629,,0.0,0,親友、員工、共有人或其他特殊關係間之交易；,RPOOMLRKKHKGFAI18DA,81.35,0.0,0.0,無,
嘉義市,土地,下埤段400-3地號,90.15,農,,,1140207,土地3建物0車位0,,,其他,,,,0.0,0,0,0,無,無,1451415,16100,,0.0,0,政府機關標讓售；,RPVNMLLKKHKGFAI18DA,0.0,0.0,0.0,無,
嘉義市,房地(土地+建物),嘉義市嘉義市民權路３６６之２號５樓１,6.71,商,,,1140205,土地1建物1車位0,五層,八層,華廈(10層含以下有電梯),住家用,鋼筋混凝土造,0801102,51.82,1,1,1,有,有,3200000,61752,,0.0,0,,RPQNMLTKKHKGFAI58EA,34.37,0.0,6.99,有,
嘉義市,土地,埤子頭段219-11地號,78.0,住,,,1140106,土地1建物0車位0,,,其他,,,,0.0,0,0,0,無,無,10611120,136040,,0.0,0,政府機關標讓售；,RPQNMLKKKHKGFAI67EA,0.0,0.0,0.0,無,
嘉義市,房地(土地+建物),嘉義市嘉義市貴州街５８號,66.0,住,,,1140107,土地1建物1車位0,全,二層,透天厝,商業用,鋼筋混凝土磚造,0710108,91.29,3,2,2,有,無,2600000,28481,,0.0,0,親友、員工、共有人或其他特殊關係間之交易；其他增建；,RPRNMLNJKHKGFAI87DA,91.29,0.0,0.0,無,
嘉義市,土地,竹圍子段388-1地號,16.67,都市：其他:道路用地,,,1140122,土地2建物0車位0,,,其他,,,,0.0,0,0,0,無,無,250000,14997,,0.0,0,包含公共設施保留地用地；,RPQNMLPJKHKGFAI97DA,0.0,0.0,0.0,無,03
嘉義市,土地,八掌段551-8地號,683.01,農,,,1140107,土地3建物0車位0,,,其他,,,,0.0,0,0,0,無,無,4100000,6003,,0.0,0,,RPSNMLLKKHKGFAI87DA,0.0,0.0,0.0,無,
嘉義市,房地(土地+建物)+車位,嘉義市嘉義市林森東路７２２之７號六樓之２,41.69,住,,,1140118,土地1建物1車位1,六層,十三層,住宅大樓(11層含以上有電梯),住家用,鋼筋混凝土造,0920317,168.45999999999998,3,2,2,有,有,10900000,64704,坡道平面,0.0,0,,RPUNMLLKKHKGFAI08DA,96.72,0.0,11.41,有,04
嘉義市,土地,荖藤段817-5地號,662.0,農,,,1140101,土地1建物0車位0,,,其他,,,,0.0,0,0,0,無,無,13617000,20569,,0.0,0,,RPOOMLRJKHKGFAI08DA,0.0,0.0,0.0,無,
嘉義市,房地(土地+建物),嘉義市嘉義市中正路６５號,135.75,住,,,1140114,土地2建物1車位0,全,二層,透天厝,住家用,鋼筋混凝土加強磚造,0570630,92.75,2,1,3,有,無,7000000,75472,,0.0,0,親友、員工、共有人或其他特殊關係間之交易；頂樓加蓋；,RPPNMLKKKHKGFAI47DA,92.75,0.0,0.0,無,05
嘉義市,房地(土地+建物),嘉義市嘉義市北榮街１１７號,64.0,商,,,1140106,土地2建物1車位0,全,一層,透天厝,住家用,木造,0200600,37.67,0,0,0,無,無,8000000,212371,,0.0,0,含衛浴一間,RPQNMLKKKHKGFAI57DA,29.85,7.82,0.0,無,
嘉義市,房地(土地+建物),嘉義市嘉義市民國路１７４號六樓３,19.65,住,,,1140121,土地3建物1車位0,六層,七層,華廈(10層含以下有電梯),住家用,鋼筋混凝土造,0680417,95.57,0,0,0,無,有,3500000,36622,,0.0,0,,RPRNMLLKKHKGFAI77DA,82.94,0.0,0.0,有,
嘉義市,土地,埤子頭段475-48地號,24.93,住,,,1140117,土地3建物0車位0,,,其他,,,,0.0,0,0,0,無,無,1080000,43321,,0.0,0,,RPQNMLLKKHKGFAI77EA,0.0,0.0,0.0,無,
嘉義市,房地(土地+建物)+車位,嘉義市嘉義市泰瑞一街６２號４樓２,14.1,住,,,1140111,土地1建物1車位1,四層,七層,華廈(10層含以下有電梯),住家用,鋼筋混凝土造,0820805,89.3,2,1,1,有,有,6300000,70549,坡道平面,0.0,0,,RPRNMLLKKHKGFAI87EA,52.69,0.0,8.8,有,06
嘉義市,房地(土地+建物)+車位,嘉義市嘉義市湖子內路１巷８４號三樓之２,23.14,住,,,1140108,土地1建物1車位1,三層,六層,華廈(10層含以下有電梯),住家用,鋼筋混凝土造,0820616,120.68,3,1,2,有,有,6380000,52867,坡道平面,0.0,0,,RPPNMLLKKHKGFAI57DA,70.08,0.0,7.2,有,
嘉義市,房地(土地+建物),嘉義市嘉義市興達路５０８號十一樓４,11.66,住,,,1140116,土地1建物1車位0,十一層,十六層,住宅大樓(11層含以上有電梯),住家用,鋼筋混凝土造,0831125,112.18,3,2,2,有,有,6100000,54377,,0.0,0,,RPQNMLMKKHKGFAI77DA,74.95,0.0,15.94,有,
嘉義市,房地(土地+建物),嘉義市嘉義市文雅街１４０巷２號７樓７,7.6,住,,,1140111,土地1建物1車位0,七層,九層,華廈(10層含以下有電梯),住家用,鋼筋混凝土造,0850618,47.599999999999994,1,1,1,有,有,3050000,64076,,0.0,0,含裝潢費；含傢俱設備費；,RPQNMLNKKHKGFAI87DA,30.28,0.0,4.48,有,07
嘉義市,土地,大溪段238-1地號,713.61,,,,1140110,土地1建物0車位0,,,其他,,,,0.0,0,0,0,無,無,6500000,9109,,0.0,0,,RPTNMLNKKHKGFAI18DA,0.0,0.0,0.0,無,
嘉義市,土地,南田段600地號,38.0,都市：其他:公園道用地,,,1140104,土地1建物0車位0,,,其他,,,,0.0,0,0,0,無,無,1400000,36842,,0.0,0,未登記建物；,RPUNMLNKKHKGFAI28DA,0.0,0.0,0.0,無,
嘉義市,房地(土地+建物),嘉義市嘉義市溫州二街１１８號５樓２,7.97,住,,,1140116,土地1建物1車位0,五層,六層,華廈(10層含以下有電梯),住家用,鋼筋混凝土造,0801115,41.239999999999995,1,1,1,有,有,1100000,26673,,0.0,0,,RPPNMLRKKHKGFAI28EA,22.61,0.0,3.63,有,08
嘉義市,土地,湖子內段新民小段301-20地號,4.87,都市：其他:第一種休閒專用區,,,1140121,土地1建物0車位0,,,其他,,,,0.0,0,0,0,無,無,235708,48400,,0.0,0,畸零地或有合併使用效益；,RPSNMLRKKHKGFAI48DA,0.0,0.0,0.0,無,
嘉義市,土地,湖子內段新民小段299-1地號,6.91,都市：其他:第一種休閒專用區,,,1140121,土地1建物0車位0,,,其他,,,,0.0,0,0,0,無,無,334444,48400,,0.0,0,畸零地或有合併使用效益；,RPTNMLRKKHKGFAI58DA,0.0,0.0,0.0,無,
嘉義市,土地,湖子內段新民小段300-1地號,11.06,都市：其他:第一種休閒專用區,,,1140121,土地1建物0車位0,,,其他,,,,0.0,0,0,0,無,無,535304,48400,,0.0,0,畸零地或有合併使用效益；,RPUNMLRKKHKGFAI68DA,0.0,0.0,0.0,無,
嘉義市,土地,湖子內段新民小段300-2地號,0.72,都市：其他:第一種休閒專用區,,,1140121,土地1建物0車位0,,,其他,,,,0.0,0,0,0,無,無,34848,0,,0.0,0,畸零地或有合併使用效益；,RPVNMLRKKHKGFAI78DA,0.0,0.0,0.0,無,
嘉義市,房地(土地+建物),嘉義市嘉義市小雅路２０１號十一樓１６,5.0,住,,,1140126,土地1建物1車位0,十一層,十六層,住宅大樓(11層含以上有電梯),住家用,鋼筋混凝土造,0820609,42.019999999999996,1,1,1,有,有,2400000,57116,,0.0,0,,RPQNMLOKKHKGFAI97DA,28.43,0.0,2.02,有,09
嘉義市,房地(土地+建物),嘉義市嘉義市自強街１９５巷３３之１號６樓３,4.2,商,,,1140120,土地1建物1車位0,六層,八層,華廈(10層含以下有電梯),住家用,鋼筋混凝土造,0791110,30.650000000000002,1,1,1,有,有,1400000,45677,,0.0,0,,RPQNMLRKKHKGFAI28DA,25.76,0.0,0.0,有,10
嘉義市,房地(土地+建物),嘉義市嘉義市大業街１８４巷２９號,100.0,住,,,1140123,土地1建物1車位0,全,二層,透天厝,住家用,鋼筋混凝土加強磚造,0660302,116.63,5,2,2,有,無,8400000,72023,,0.0,0,親友、員工、共有人或其他特殊關係間之交易；頂樓加蓋；,RPPNMLRLJHKGFAI18DA,108.86,7.77,0.0,無,
嘉義市,房地(土地+建物),嘉義市嘉義市重慶一街１８０號,107.0,住,,,1131230,土地2建物1車位0,全,二層,透天厝,住商用,加強磚造,0780406,108.57,5,2,3,有,無,8000000,73685,,0.0,0,親友、員工、共有人或其他特殊關係間之交易；頂樓加蓋；其他增建；,RPTNMLRKJHKGFAI48DA,101.83,6.74,0.0,無,
嘉義市,房地(土地+建物),嘉義市嘉義市撫順一街３號,119.0,住,,,1131222,土地1建物1車位0,全,四層,透天厝,住家用,鋼筋混凝土構造,1060301,295.61,5,2,6,有,無,28500000,96411,,0.0,0,,RPVNMLPJKHKGFAI48DA,273.25,0.0,22.36,無,11
嘉義市,土地,下路頭段427-140地號,392.17,都市：其他:道路用地,,,1131216,土地4建物0車位0,,,其他,,,,0.0,0,0,0,無,無,2205000,5623,,0.0,0,包含公共設施保留地用地；,RPQNMLLKKHKGFAI67DA,0.0,0.0,0.0,無,12
嘉義市,房地(土地+建物),嘉義市嘉義市東洋新１２１之８號４樓６,12.3,住,,,1131213,土地2建物1車位0,四層,五層,華廈(10層含以下有電梯),住家用,鋼筋混凝土造,0780518,42.76,1,0,1,有,有,2300000,53789,,0.0,0,,RPVNMLKLKIJGFAI18DA,31.27,0.0,4.02,有,
嘉義市,房地(土地+建物),嘉義市嘉義市中正路６８號４樓１,18.32,住,,,1131203,土地1建物1車位0,四層,七層,華廈(10層含以下有電梯),住家用,鋼筋混凝土造,0840511,97.58,3,2,2,有,有,7200000,73786,,0.0,0,其他增建；,RPSNMLMKKHKGFAI97DA,69.18,0.0,9.74,有,13
嘉義市,土地,新太平段54地號,971.42,農,,,1131223,土地2建物0車位0,,,其他,,,,0.0,0,0,0,無,無,13500000,13897,,0.0,0,,RPTNMLMKKHKGFAI08DA,0.0,0.0,0.0,無,14
嘉義市,房地(土地+建物),嘉義市嘉義市民生南路６１７號,95.01,住,,,1131202,土地3建物1車位0,全,五層,透天厝,住商用,鋼筋混凝土構造,1090420,267.47,5,2,5,有,有,22500000,84122,,0.0,0,陽台外推；其他增建；,RPSNMLQJJHKGFAI18DA,242.01,0.0,24.86,有,
嘉義市,房地(土地+建物),嘉義市嘉義市水源地３４－４０號,108.46,農,,,1131213,土地4建物1車位0,全,三層,透天厝,住家用,鋼筋混凝土造,0831109,263.48,4,2,3,有,有,11300000,42888,,0.0,0,,RPPNMLOKKHKGFAI87DA,232.53,15.45,15.5,無,
嘉義市,房地(土地+建物),嘉義市嘉義市林森西路５５號,94.0,商,,,1131231,土地1建物1車位0,全,二層,透天厝,住家用,鋼筋混凝土加強磚造,0621224,177.88,4,1,3,有,無,16500000,92759,,0.0,0,,RPPNMLNKKHKGFAI87EA,177.88,0.0,0.0,無,15
嘉義市,房地(土地+建物),嘉義市嘉義市玉山路９５６巷１５弄１１６號,273.33,農,,,1131202,土地5建物1車位0,全,三層,透天厝,住家用,鋼筋混凝土構造,1040611,176.19,3,3,3,有,無,23000000,130541,,0.0,0,其他增建；未登記建物；,RPSNMLNKKHKGFAI08DA,160.89,0.0,15.3,無,16
嘉義市,土地,下路頭段764-20地號,233.0,住,,,1131224,土地1建物0車位0,,,其他,,,,0.0,0,0,0,無,無,14000000,60086,,0.0,0,未登記建物；,RPPNMLRKKHKGFAI18DA,0.0,0.0,0.0,無,
嘉義市,房地(土地+建物),嘉義市嘉義市新榮路３１１號,58.0,商,,,1131104,土地3建物1車位0,全,二層,透天厝,住家用,木石磚造,0470601,42.72,3,2,2,有,無,14000000,327715,,0.0,0,未登記建物；,RPOOMLSJKHKGFAI18DA,42.72,0.0,0.0,無,
嘉義市,土地,荖藤段821地號,3210.0,農,,,1131108,土地2建物0車位0,,,其他,,,,0.0,0,0,0,無,無,51460000,16031,,0.0,0,農作物；,RPTNMLLKKHKGFAI97DA,0.0,0.0,0.0,無,
嘉義市,房地(土地+建物),嘉義市嘉義市彌陀路１５９號１３樓３,5.95,住,,,1131125,土地1建物1車位0,十三層,二十層,住宅大樓(11層含以上有電梯),住家用,鋼筋混凝土造,0850311,82.91999999999999,2,2,1,有,有,5600000,67535,,0.0,0,,RPPNMLMKKHKGFAI67DA,53.31,0.6,10.94,有,17
嘉義市,房地(土地+建物),嘉義市嘉義市中山路４７４、４７６號,335.0,商,,,1131103,土地4建物1車位0,全,四層,透天厝,其他,鋼筋混凝土造,0470404,873.21,0,0,0,無,無,102000000,116810,,0.0,0,依據土地法第三十四條之一辦理。頂樓加蓋；,RPPNMLKKKHKGFAI57EA,873.21,0.0,0.0,無,
嘉義市,房地(土地+建物),嘉義市嘉義市東洋新４８１號五樓１,11.01,住,,,1131105,土地1建物1車位0,五層,五層,華廈(10層含以下有電梯),住家用,鋼筋混凝土造,0720708,34.06,1,1,1,有,有,1700000,49912,,0.0,0,,RPTNMLOKKHKGFAI28DA,25.82,0.0,2.54,有,
嘉義市,房地(土地+建物),嘉義市嘉義市大信街３３號,155.9,住,,,1131124,土地1建物1車位0,全,五層,透天厝,住家用,鋼筋混凝土構造,1070319,358.08,5,3,6,有,無,32000000,89366,,0.0,0,,RPRNMLRKKHKGFAI38DA,333.11,0.0,24.97,有,18
嘉義市,房地(土地+建物),嘉義市嘉義市德明路７１號５樓３,10.39,住,,,1131101,土地1建物1車位0,五層,十九層,住宅大樓(11層含以上有電梯),住家用,鋼筋混凝土造,0840816,129.94,3,2,2,有,有,6720000,51716,,0.0,0,,RPPNMLSKKHKGFAI28DA,86.59,1.14,10.93,有,19
嘉義市,房地(土地+建物),嘉義市嘉義市民生南路４３７巷５號,103.0,住,,,1131029,土地1建物1車位0,全,二層,透天厝,住家用,加強磚造,0581216,82.73,3,3,4,有,無,5000000,60438,,0.0,0,,RPTNMLQJKIJGFAI38DA,82.73,0.0,0.0,無,
嘉義市,房地(土地+建物)+車位,嘉義市嘉義市松江二街４９號四樓之８,19.48,住,,,1130920,土地1建物1車位1,四層,八層,華廈(10層含以下有電梯),住家用,鋼筋混凝土造,1130816,111.92,2,1,1,有,有,6500000,58077,坡道平面,0.0,0,,RPQNMLSJKHKGFAI28DA,37.83,0.0,4.34,有,20
嘉義市,房地(土地+建物),嘉義市嘉義市北社尾路３５７號,89.0,住,,,1130504,土地1建物1車位0,全,三層,透天厝,住家用,鋼筋混凝土造,1130909,179.45,3,2,4,有,無,19800000,110337,,0.0,0,土地價款：1186萬元，建物價款：794萬元。預售屋、或土地及建物分件登記案件；,RPWNMLRKKHKGFAI88DA,170.24,0.0,9.21,無,
嘉義市,房地(土地+建物),嘉義市嘉義市永福三街３１號二樓之１,25.74,住,,,1111015,土地1建物1車位0,二層,五層,華廈(10層含以下有電梯),住家用,鋼筋混凝土造,1130612,78.31,2,1,1,有,有,5720000,73043,,0.0,0,權利人於民國112年12月29日立約權利移轉以新台幣6100000元正取得本標的預售屋、或土地及建物分件登記案件；,RPUNMLMKKHKGFAI18DA,49.28,0.0,6.81,有,
嘉義市,房地(土地+建物),嘉義市嘉義市興美二路１６９號,154.56,住,,,1110505,土地1建物1車位0,全,四層,透天厝,住家用,鋼筋混凝土造,1131118,325.29,4,2,5,有,無,29880000,91856,,0.0,0,預售屋、或土地及建物分件登記案件；,RPWNMLKKKHKGFAI18DA,299.84,0.0,25.45,有,
嘉義市,房地(土地+建物),嘉義市嘉義市興美二路１６７號,152.73,住,,,1110119,土地1建物1車位0,全,四層,透天厝,住家用,鋼筋混凝土造,1131118,325.0,4,2,5,有,無,29380000,90400,,0.0,0,預售屋、或土地及建物分件登記案件；,RPXNMLKKKHKGFAI28DA,298.44,0.0,26.56,有,
嘉義市,房地(土地+建物),嘉義市嘉義市興美二路１６５號,150.91,住,,,1101217,土地1建物1車位0,全,四層,透天厝,住家用,鋼筋混凝土造,1131118,320.44,4,2,5,有,無,28880000,90126,,0.0,0,預售屋、或土地及建物分件登記案件；,RPPOMLKKKHKGFAI57DA,295.74,0.0,24.7,有,
嘉義市,房地(土地+建物),嘉義市嘉義市興美二路１６３號,154.37,住,,,1101112,土地1建物1車位0,全,四層,透天厝,住家用,鋼筋混凝土造,1131118,331.07,4,2,5,有,無,29880000,90253,,0.0,0,預售屋、或土地及建物分件登記案件；,RPOOMLKKKHKGFAI47DA,303.2,0.0,27.87,有,
嘉義市,房地(土地+建物)+車位,嘉義市嘉義市松江二街４９號六樓之１,32.71,住,,,1100630,土地1建物1車位1,六層,八層,華廈(10層含以下有電梯),住家用,鋼筋混凝土造,1130816,156.71,3,1,2,有,有,7600000,48497,坡道平面,0.0,1200000,民國113年12月18日簽訂預售屋買賣權利讓渡書，讓渡總金額新台幣760萬元。,RPPNMLTKKHKGFAI38DA,63.5,0.0,3.92,有,
