﻿編號,土地位置,土地移轉面積平方公尺,使用分區或編定,權利人持分分母,權利人持分分子,移轉情形,地號
The serial number, land position,land shifting area square meter,the use zoning or compiles and checks,,,,land parcel
RPUNMLMLJHKGFAI18CB,湖子內段湖美小段,27.33,都市：住,10000,392,持分移轉,03830000
RPPNMLQKJHKGFAI97CB,竹圍子段,19.26,都市：住,10000,99,持分移轉,03740000
RPSOMLMLJHKGFAI08CB,新富段五小段,15.94,都市：商,100000,2148,持分移轉,00300004
RPQNMLMLJHKGFAI77CB,湖子內段新民小段,15.37,都市：商,10000,47,持分移轉,03930000
RPSNMLQKJHKGFAI28CB,湖子內段新民小段,17.66,都市：商,10000,54,持分移轉,03930000
RPRNMLQKJHKGFAI18CB,湖子內段新民小段,15.37,都市：商,10000,47,持分移轉,03930000
RPPNMLMLJHKGFAI67CB,湖子內段新民小段,20.93,都市：商,10000,64,持分移轉,03930000
RPQNMLOKJHKGFAI87CB,湖子內段湖美小段,116.53,都市：住,1,1,全筆移轉,00520013
RPQNMLQKJHKGFAI08CB,湖子內段新民小段,22.89,都市：商,10000,70,持分移轉,03930000
RPQNMLRKJHKGFAI18CB,湖子內段湖美小段,84.57,都市：其他:第三種休閒專用區,1,1,全筆移轉,05230004
RPTNMLTKKHKGFAI78CB,盧厝段,4.75,都市：農,415100,475,持分移轉,03660002
RPTNMLTKKHKGFAI78CB,盧厝段,88.57,都市：農,899600,8857,持分移轉,03670000
RPTNMLTKKHKGFAI78CB,盧厝段,2.61,都市：農,182400,261,持分移轉,03670001
RPTNMLTKKHKGFAI78CB,盧厝段,.18,都市：農,9700,18,持分移轉,03670009
RPTNMLTKKHKGFAI78CB,盧厝段,.97,都市：農,8700,97,持分移轉,03670010
RPTNMLTKKHKGFAI78CB,盧厝段,1.38,都市：農,12300,138,持分移轉,03670011
RPRNMLTKKHKGFAI58CB,盧厝段,4.75,都市：農,415100,475,持分移轉,03660002
RPRNMLTKKHKGFAI58CB,盧厝段,88.57,都市：農,899600,8857,持分移轉,03670000
RPRNMLTKKHKGFAI58CB,盧厝段,2.61,都市：農,182400,261,持分移轉,03670001
RPRNMLTKKHKGFAI58CB,盧厝段,.18,都市：農,9700,18,持分移轉,03670009
RPRNMLTKKHKGFAI58CB,盧厝段,.97,都市：農,8700,97,持分移轉,03670010
RPRNMLTKKHKGFAI58CB,盧厝段,1.38,都市：農,12300,138,持分移轉,03670011
RPUNMLPJKHKGFAI38CB,盧厝段,4.75,都市：農,415100,475,持分移轉,03660002
RPUNMLPJKHKGFAI38CB,盧厝段,88.57,都市：農,899600,8857,持分移轉,03670000
RPUNMLPJKHKGFAI38CB,盧厝段,2.61,都市：農,182400,261,持分移轉,03670001
RPUNMLPJKHKGFAI38CB,盧厝段,.18,都市：農,9700,18,持分移轉,03670009
RPUNMLPJKHKGFAI38CB,盧厝段,.97,都市：農,8700,97,持分移轉,03670010
RPUNMLPJKHKGFAI38CB,盧厝段,1.38,都市：農,12300,138,持分移轉,03670011
RPRNMLOJKHKGFAI97CB,盧厝段,4.75,都市：農,415100,475,持分移轉,03660002
RPRNMLOJKHKGFAI97CB,盧厝段,80.10,都市：農,899600,8010,持分移轉,03670000
RPRNMLOJKHKGFAI97CB,盧厝段,47.45,都市：農,182400,4745,持分移轉,03670001
RPRNMLOJKHKGFAI97CB,盧厝段,12.92,都市：農,9700,1292,持分移轉,03670009
RPRNMLOJKHKGFAI97CB,盧厝段,.97,都市：農,8700,97,持分移轉,03670010
RPRNMLOJKHKGFAI97CB,盧厝段,1.38,都市：農,12300,138,持分移轉,03670011
RPRNMLNLJHKGFAI97CB,新富段五小段,17.80,都市：商,100000,2399,持分移轉,00300004
RPSNMLNLJHKGFAI08CB,新富段五小段,16.56,都市：商,100000,2232,持分移轉,00300004
RPUNMLOLJHKGFAI38CB,新富段五小段,14.98,都市：商,100000,2019,持分移轉,00300004
