﻿編號,屋齡,建物移轉面積平方公尺,主要用途,主要建材,建築完成日期,總層數,建物分層,移轉情形
The serial number,room age,building shifting area square meter,the main use,main building materials,construction completes the date,total layer,building lamination,
RPQNMLTKKHKGFAI58EA,33,41.36,住家用,鋼筋混凝土造,80年11月2日,八層,五層 陽台,全筆移轉
RPQNMLTKKHKGFAI58EA,33,10.46,共有部份,鋼筋混凝土造,80年11月2日,八層,,持分移轉
RPUNMLLKKHKGFAI08DA,22,108.13,住家用,鋼筋混凝土造,92年3月17日,十三層,六層 陽台,全筆移轉
RPUNMLLKKHKGFAI08DA,22,60.33,共有部份,鋼筋混凝土造,92年3月17日,十四層,,持分移轉
RPRNMLLKKHKGFAI87EA,31,27.81,共有部份,鋼筋混凝土造,82年8月5日,七層,,持分移轉
RPRNMLLKKHKGFAI87EA,31,61.49,住家用,鋼筋混凝土造,82年8月5日,七層,四層 陽台,全筆移轉
RPROMLQJKHKGFAI28DA,17,8.36,辦公室,鋼筋混凝土造,97年3月3日,四層,四層 陽台,全筆移轉
RPROMLQJKHKGFAI28DA,17,5.66,共有部份,鋼筋混凝土造,97年3月3日,四層,,持分移轉
RPQNMLMKKHKGFAI77DA,30,90.89,住家用,鋼筋混凝土造,83年11月25日,十六層,十一層 陽台,全筆移轉
RPQNMLMKKHKGFAI77DA,30,13.36,共有部份,鋼筋混凝土造,83年11月25日,十六層,,持分移轉
RPQNMLMKKHKGFAI77DA,30,7.93,共有部份,鋼筋混凝土造,83年11月25日,十六層,,持分移轉
RPPNMLNKKHKGFAI77DA,31,103.03,住家用,鋼筋混凝土造,83年7月23日,十一層,六層 陽台 花台,全筆移轉
RPPNMLNKKHKGFAI77DA,31,32.80,共有部份,鋼筋混凝土造,83年7月23日,十一層,,持分移轉
RPQNMLNKKHKGFAI87DA,29,34.76,住家用,鋼筋混凝土造,85年6月18日,九層,七層 陽台,全筆移轉
RPQNMLNKKHKGFAI87DA,29,12.84,共有部份,鋼筋混凝土造,85年6月18日,九層,,持分移轉
RPOOMLRKKHKGFAI18DA,53,81.35,住家用,鋼筋混凝土加強磚造,61年3月16日,二層,一層 二層 騎樓,全筆移轉
RPPNMLRKKHKGFAI28EA,33,26.24,住家用,鋼筋混凝土造,80年11月15日,六層,五層 陽台,全筆移轉
RPPNMLRKKHKGFAI28EA,33,15.00,共有部份,鋼筋混凝土造,80年11月15日,六層,,持分移轉
RPQNMLKKKHKGFAI57DA,,37.67,住家用,木造,20年6月0日,一層,一層 廚房,全筆移轉
RPPNMLLKKHKGFAI57DA,32,76.07,住家用,鋼筋混凝土造,82年6月16日,六層,三層 陽台,全筆移轉
RPPNMLLKKHKGFAI57DA,32,26.18,共有部份,鋼筋混凝土造,82年6月16日,六層,,持分移轉
RPPNMLLKKHKGFAI57DA,32,.03,共有部份,鋼筋混凝土造,82年6月16日,六層,,持分移轉
RPPNMLLKKHKGFAI57DA,32,17.18,共有部份,鋼筋混凝土造,82年6月16日,六層,,持分移轉
RPPNMLLKKHKGFAI57DA,32,.02,共有部份,鋼筋混凝土造,82年6月16日,六層,,持分移轉
RPPNMLLKKHKGFAI57DA,32,1.21,辦公室,鋼筋混凝土造,82年6月16日,六層,地下層,持分移轉
RPRNMLLKKHKGFAI77DA,46,82.94,住家用,鋼筋混凝土造,68年4月17日,七層,六層,全筆移轉
RPRNMLLKKHKGFAI77DA,46,12.63,共有部份,鋼筋混凝土造,68年4月17日,七層,,持分移轉
RPPNMLKKKHKGFAI47DA,57,92.75,住家用,鋼筋混凝土加強磚造,57年6月30日,二層,一層 二層,持分移轉
RPVNMLPJKHKGFAI48DA,8,295.61,住宅、樓梯間,鋼筋混凝土構造,106年3月1日,四層,一層 二層 三層 四層 陽台 見其他登記事項,全筆移轉
RPPNMLRLJHKGFAI18DA,48,116.63,住家用,鋼筋混凝土加強磚造,66年3月2日,二層,一層 二層 電梯樓梯間,全筆移轉
RPRNMLNJKHKGFAI87DA,43,91.29,店舖、住房、梯間,鋼筋混凝土磚造,71年1月8日,二層,一層 二層 騎樓 見其他登記事項,全筆移轉
RPSNMLMKKHKGFAI97DA,30,78.92,住家用,鋼筋混凝土造,84年5月11日,七層,四層 陽台,全筆移轉
RPSNMLMKKHKGFAI97DA,30,18.66,共有部份,鋼筋混凝土造,84年5月11日,七層,,持分移轉
RPVNMLKLKIJGFAI18DA,36,35.29,住家用,鋼筋混凝土造,78年5月18日,五層,四層 陽台,全筆移轉
RPVNMLKLKIJGFAI18DA,36,2.59,共有部份,鋼筋混凝土造,78年5月18日,五層,,持分移轉
RPVNMLKLKIJGFAI18DA,36,4.88,共有部份,鋼筋混凝土造,78年5月18日,五層,,持分移轉
RPTNMLRKJHKGFAI48DA,36,108.57,住商用,加強磚造,78年4月6日,二層,一層 二層 電梯樓梯間,全筆移轉
RPPNMLNKKHKGFAI87EA,51,177.88,住家用,鋼筋混凝土加強磚造,62年12月24日,二層,一層 二層 騎樓 夾層,全筆移轉
RPSNMLNKKHKGFAI08DA,9,176.19,住宅、樓梯間,鋼筋混凝土構造,104年6月11日,三層,一層 二層 三層 陽台 見其他登記事項,全筆移轉
RPOOMLSJKHKGFAI18DA,66,42.72,住宅,木石磚造,47年6月1日,二層,一層 二層,全筆移轉
RPPNMLMKKHKGFAI67DA,29,64.85,住家用,鋼筋混凝土造,85年3月11日,二十層,十三層 陽台 花台,全筆移轉
RPPNMLMKKHKGFAI67DA,29,18.07,共有部份,鋼筋混凝土造,85年3月11日,二十層,,持分移轉
RPPNMLKKKHKGFAI57EA,67,873.21,旅社,鋼筋混凝土造,47年4月4日,四層,一層 二層 三層 四層 騎樓,全筆移轉
RPSNMLQJJHKGFAI18DA,5,266.87,店舖、住宅、停車空間,鋼筋混凝土構造,109年4月20日,五層,一層 二層 三層 四層 五層 陽台,全筆移轉
RPSNMLQJJHKGFAI18DA,5,.60,本共有部分之項目有管理維護空間、電信室等二項。,鋼筋混凝土構造,109年4月20日,一層,,持分移轉
RPRNMLRKKHKGFAI38DA,7,358.08,住宅、停車空間,鋼筋混凝土構造,107年3月19日,五層,一層 二層 三層 四層 五層 陽台,全筆移轉
RPQNMLRKKHKGFAI28DA,34,25.76,住家用,鋼筋混凝土造,79年11月10日,八層,六層,全筆移轉
RPQNMLRKKHKGFAI28DA,34,4.89,共有部份,鋼筋混凝土造,79年11月10日,八層,,持分移轉
RPTNMLOKKHKGFAI28DA,41,28.36,住家用,鋼筋混凝土造,72年7月8日,五層,五層 陽台,全筆移轉
RPTNMLOKKHKGFAI28DA,41,3.49,共有部份,鋼筋混凝土造,72年7月8日,五層,,持分移轉
RPTNMLOKKHKGFAI28DA,41,2.21,共有部份,鋼筋混凝土造,72年7月8日,五層,,持分移轉
RPPNMLOKKHKGFAI87DA,30,263.48,住宅、康樂室,鋼筋混凝土造,83年11月9日,三層,一層 二層 三層 陽台 平台 電梯樓梯間 夾層 地下層,全筆移轉
RPQNMLOKKHKGFAI97DA,32,5.02,共有部份,鋼筋混凝土造,82年6月9日,十六層,,持分移轉
RPQNMLOKKHKGFAI97DA,32,6.55,共有部份,鋼筋混凝土造,82年6月9日,十六層,,持分移轉
RPQNMLOKKHKGFAI97DA,32,30.45,住家用,鋼筋混凝土造,82年6月9日,十六層,十一層 陽台,全筆移轉
RPUNMLMKKHKGFAI18DA,,56.09,集合住宅,鋼筋混凝土造,113年6月12日,五層,二層 陽台,全筆移轉
RPUNMLMKKHKGFAI18DA,,22.22,本共有部分之項目有管理員室、電信室、樓梯間、電梯間、停車空間、梯廳及水箱等７項,鋼筋混凝土造,113年6月12日,五層,,持分移轉
RPQNMLSJKHKGFAI28DA,,42.17,集合住宅,鋼筋混凝土造,113年8月16日,八層,四層 陽台,全筆移轉
RPQNMLSJKHKGFAI28DA,,12.62,本共有部分之項目有昇降機、機房、樓梯間、梯廳、安全梯及水箱等六項,鋼筋混凝土造,113年8月16日,八層,,持分移轉
RPQNMLSJKHKGFAI28DA,,57.13,本共有部分之項目有停車空間、防空避難室兼停車空間、管委會使用空間、昇降機、梯廳及安全梯等六項,鋼筋混凝土造,113年8月16日,八層,,持分移轉
RPPOMLKKKHKGFAI57DA,,320.44,住宅、樓梯間,鋼筋混凝土造,113年11月18日,四層,一層 二層 三層 四層 陽台 見其他登記事項,全筆移轉
RPWNMLKKKHKGFAI18DA,,325.29,住宅、門廊、樓梯間,鋼筋混凝土造,113年11月18日,四層,一層 二層 三層 四層 陽台 見其他登記事項,全筆移轉
RPWNMLRKKHKGFAI88DA,,179.45,住宅、樓梯間,鋼筋混凝土造,113年9月9日,三層,一層 二層 三層 陽台 見其他登記事項,全筆移轉
RPOOMLKKKHKGFAI47DA,,331.07,住宅、樓梯間,鋼筋混凝土造,113年11月18日,四層,一層 二層 三層 四層 陽台 見其他登記事項,全筆移轉
RPXNMLKKKHKGFAI28DA,,325.00,住宅、樓梯間,鋼筋混凝土造,113年11月18日,四層,一層 二層 三層 四層 陽台 見其他登記事項,全筆移轉
RPPNMLSKKHKGFAI28DA,29,98.66,住家用,鋼筋混凝土造,84年8月16日,十九層,五層 陽台 花台,全筆移轉
RPPNMLSKKHKGFAI28DA,29,31.28,共有部份,鋼筋混凝土造,84年8月16日,十九層,,持分移轉
RPTNMLQJKIJGFAI38DA,55,82.73,住家用,加強磚造,58年12月16日,二層,一層 二層,全筆移轉
RPPNMLTKKHKGFAI38DA,,67.42,集合住宅,鋼筋混凝土造,113年8月16日,八層,六層 陽台,全筆移轉
RPPNMLTKKHKGFAI38DA,,20.10,本共有部分之項目有昇降機、機房、樓梯間、梯廳、安全梯及水箱等六項,鋼筋混凝土造,113年8月16日,八層,,持分移轉
RPPNMLTKKHKGFAI38DA,,69.19,本共有部分之項目有停車空間、防空避難室兼停車空間、管委會使用空間、昇降機、梯廳及安全梯等六項,鋼筋混凝土造,113年8月16日,八層,,持分移轉
