﻿編號,屋齡,建物移轉面積平方公尺,主要用途,主要建材,建築完成日期,總層數,建物分層,移轉情形
The serial number,room age,building shifting area square meter,the main use,main building materials,construction completes the date,total layer,building lamination,
RPUNMLPKJHKGFAI48CC,42,100.88,住家用,鋼筋混凝土造,72年3月31日,五層,,
RPUNMLPKJHKGFAI48CC,42,7.52,共有部份,鋼筋混凝土造,72年3月31日,五層,,
RPQNMLQKJHKGFAI18CC,29,47.45,住家用,鋼筋混凝土造,85年3月11日,二十層,,
RPQNMLQKJHKGFAI18CC,29,12.05,共有部份,鋼筋混凝土造,85年3月11日,二十層,,
RPWNMLRKJHKGFAI88CC,47,102.05,住家用,鋼筋混凝土加強磚造,66年8月8日,二層,,
RPVNMLRKJHKGFAI78CC,32,85.64,住家用,鋼筋混凝土造,82年6月18日,十二層,,
RPVNMLRKJHKGFAI78CC,32,25.33,共有部份,鋼筋混凝土造,82年6月18日,十二層,,
RPUNMLRKJHKGFAI68CC,37,90.31,住家用,鋼筋混凝土造,77年7月9日,五層,,
RPPNMLRKJHKGFAI18CC,59,64.46,住家用,木造,55年5月15日,二層,,
RPUNMLRKJHKGFAI68CC,38,7.94,共有部份,鋼筋混凝土造,75年11月26日,五層,,
RPUNMLRKJHKGFAI68CC,37,6.68,共有部份,鋼筋混凝土造,77年7月9日,五層,,
RPSNMLQKJHKGFAI38CC,17,8.36,辦公室,鋼筋混凝土造,97年3月3日,四層,,
RPSNMLQKJHKGFAI38CC,17,5.66,共有部份,鋼筋混凝土造,97年3月3日,四層,,
RPQNMLRKJHKGFAI28CC,40,124.02,住家用,加強磚造,73年9月29日,二層,,
RPTNMLRKJHKGFAI58CC,36,85.37,住家用,鋼筋混凝土造,78年5月18日,五層,,
RPTNMLRKJHKGFAI58CC,36,6.66,共有部份,鋼筋混凝土造,78年5月18日,五層,,
RPTNMLRKJHKGFAI58CC,36,12.57,共有部份,鋼筋混凝土造,78年5月18日,五層,,
RPRNMLPKJHKGFAI18CC,34,63.72,住家用,鋼筋混凝土造,80年3月22日,七層,,
RPRNMLPKJHKGFAI18CC,34,12.34,共有部份,鋼筋混凝土造,80年3月22日,七層,,
RPOOMLRKJHKGFAI18CC,6,9.50,集合住宅,鋼筋混凝土構造,107年8月2日,五層,,
RPOOMLRKJHKGFAI18CC,6,3.27,本共有部分之項目有機械室、樓梯間及水箱等３項,鋼筋混凝土構造,107年8月2日,五層,,
RPPNMLLLJHKGFAI67CC,17,8.36,辦公室,鋼筋混凝土造,97年3月3日,四層,,
RPPNMLLLJHKGFAI67CC,17,5.66,共有部份,鋼筋混凝土造,97年3月3日,四層,,
RPQNMLLLJHKGFAI77CC,32,65.47,住家用,鋼筋混凝土造,82年6月9日,十二層,,
RPQNMLLLJHKGFAI77CC,32,12.20,共有部份,鋼筋混凝土造,82年6月9日,十二層,,
RPQNMLLLJHKGFAI77CC,32,10.34,共有部份,鋼筋混凝土造,82年6月9日,十二層,,
RPTNMLLLJHKGFAI08CC,36,31.54,住家用,鋼筋混凝土造,78年5月18日,五層,,
RPTNMLLLJHKGFAI08CC,36,2.33,共有部份,鋼筋混凝土造,78年5月18日,五層,,
RPTNMLLLJHKGFAI08CC,36,4.91,共有部份,鋼筋混凝土造,78年5月18日,五層,,
RPRNMLKLJHKGFAI77CC,34,26.08,住家用,鋼筋混凝土造,80年1月4日,六層,,
RPRNMLKLJHKGFAI77CC,34,5.96,共有部份,鋼筋混凝土造,80年1月4日,六層,,
RPQNMLKLJHKGFAI67CC,2,67.43,集合住宅,鋼筋混凝土構造,111年10月24日,五層,,
RPQNMLKLJHKGFAI67CC,2,37.54,本共有部分之項目有門廊、公共空間、停車空間、管理維護空間及樓梯間等５項,鋼筋混凝土構造,111年10月24日,五層,,
RPSNMLKLJHKGFAI87CC,30,94.42,住家用,鋼筋混凝土造,84年2月11日,七層,,
RPSNMLKLJHKGFAI87CC,30,25.66,共有部份,鋼筋混凝土造,84年2月11日,七層,,
RPUNMLLLJHKGFAI18CC,34,30.20,住家用,鋼筋混凝土造,80年5月31日,六層,,
RPUNMLLLJHKGFAI18CC,34,7.95,共有部份,鋼筋混凝土造,80年5月31日,六層,,
RPQOMLRKJHKGFAI38CC,31,107.87,住家用,鋼筋混凝土造,82年10月12日,七層,,
RPQOMLRKJHKGFAI38CC,31,13.11,共有部份,鋼筋混凝土造,82年10月12日,七層,,
RPQOMLRKJHKGFAI38CC,31,10.89,共有部份,鋼筋混凝土造,82年10月12日,七層,,
RPSNMLLLJHKGFAI97CC,31,78.78,商業用,鋼筋混凝土造,82年8月17日,七層,,
RPSNMLLLJHKGFAI97CC,31,7.32,共有部份,鋼筋混凝土造,82年8月17日,七層,,
RPSNMLLLJHKGFAI97CC,31,7.93,共有部份,鋼筋混凝土造,82年8月17日,七層,,
RPQNMLNLJHKGFAI97CC,6,9.50,集合住宅,鋼筋混凝土構造,107年8月2日,五層,,
RPQNMLNLJHKGFAI97CC,6,3.27,本共有部分之項目有機械室、樓梯間及水箱等３項,鋼筋混凝土構造,107年8月2日,五層,,
RPWNMLNLJHKGFAI58CC,34,130.80,住家用,鋼筋混凝土造,79年10月15日,七層,,
RPWNMLNLJHKGFAI58CC,34,15.82,共有部份,鋼筋混凝土造,79年10月15日,七層,,
RPPNMLMLJHKGFAI77CC,43,93.98,住商用,鋼筋混凝土磚造,71年6月29日,二層,,
RPXNMLLLJHKGFAI48CC,32,135.13,住商用,鋼筋混凝土造,82年3月25日,十二層,,
RPPNMLNLJHKGFAI87CC,6,9.62,集合住宅,鋼筋混凝土構造,107年8月2日,五層,,
RPXNMLLLJHKGFAI48CC,32,8.42,共有部份,鋼筋混凝土造,82年3月25日,十二層,,
RPOOMLLLJHKGFAI67CC,32,89.45,住家用,鋼筋混凝土造,82年1月5日,七層,,
RPXNMLLLJHKGFAI48CC,32,10.73,共有部份,鋼筋混凝土造,82年3月25日,十二層,,
RPPNMLNLJHKGFAI87CC,6,3.31,本共有部分之項目有機械室、樓梯間及水箱等３項,鋼筋混凝土構造,107年8月2日,五層,,
RPOOMLLLJHKGFAI67CC,32,29.79,共有部份,鋼筋混凝土造,82年1月5日,七層,,
RPPOMLLLJHKGFAI77CC,29,103.75,住家用,鋼筋混凝土造,85年2月2日,七層,,
RPWNMLLLJHKGFAI38CC,29,75.08,住家用,鋼筋混凝土造,85年3月11日,二十層,,
RPPOMLLLJHKGFAI77CC,29,40.22,共有部份,鋼筋混凝土造,85年2月2日,七層,,
RPWNMLLLJHKGFAI38CC,29,22.59,共有部份,鋼筋混凝土造,85年3月11日,二十層,,
RPVNMLLLJHKGFAI28CC,31,101.32,住家用,鋼筋混凝土造,83年6月6日,十層,,
RPVNMLLLJHKGFAI28CC,31,11.28,共有部份,鋼筋混凝土造,83年6月6日,十層,,
RPVNMLLLJHKGFAI28CC,31,34.77,共有部份,鋼筋混凝土造,83年6月6日,十層,,
RPQOMLLLJHKGFAI87CC,25,103.71,住家用,鋼筋混凝土造,89年1月11日,十二層,,
RPQOMLLLJHKGFAI87CC,25,20.56,共有部份,鋼筋混凝土造,89年1月11日,十二層,,
RPQOMLLLJHKGFAI87CC,25,21.29,共有部份,鋼筋混凝土造,89年1月11日,十二層,,
RPQNMLPJKHKGFAI08CC,29,55.25,住家用,鋼筋混凝土造,85年3月11日,二十層,,
RPQNMLPJKHKGFAI08CC,29,13.55,共有部份,鋼筋混凝土造,85年3月11日,二十層,,
RPRNMLPJKHKGFAI18CC,6,9.62,集合住宅,鋼筋混凝土構造,107年8月2日,五層,,
RPRNMLPJKHKGFAI18CC,6,3.31,本共有部分之項目有機械室、樓梯間及水箱等３項,鋼筋混凝土構造,107年8月2日,五層,,
RPPNMLOLJHKGFAI97CC,31,100.89,住家用,鋼筋混凝土造,83年6月16日,七層,,
RPPNMLOLJHKGFAI97CC,31,11.81,共有部份,鋼筋混凝土造,83年6月16日,七層,,
RPPNMLOLJHKGFAI97CC,31,24.53,共有部份,鋼筋混凝土造,83年6月16日,七層,,
RPSNMLLKKHKGFAI97CC,27,57.13,住家用,鋼筋混凝土造,87年3月19日,二十二層,,
RPSNMLLKKHKGFAI97CC,27,10.80,共有部份,鋼筋混凝土造,87年3月19日,二十二層,,
RPSNMLLKKHKGFAI97CC,27,11.63,共有部份,鋼筋混凝土造,87年3月19日,二十二層,,
RPXNMLNLJHKGFAI68CC,31,107.88,住家用,鋼筋混凝土造,83年5月30日,十二層,,
RPXNMLNLJHKGFAI68CC,31,28.59,共有部份,鋼筋混凝土造,83年5月30日,十二層,,
RPUOMLKKKHKGFAI18CC,31,30.89,住家用,鋼筋混凝土造,82年12月27日,八層,,
RPUOMLKKKHKGFAI18CC,31,6.85,共有部份,鋼筋混凝土造,82年12月27日,八層,,
RPUOMLKKKHKGFAI18CC,31,4.07,共有部份,鋼筋混凝土造,82年12月27日,八層,,
RPRNMLOLJHKGFAI18CC,32,83.32,住家用,鋼筋混凝土造,82年1月5日,十二層,,
RPSNMLPJKHKGFAI28CC,34,66.63,住家用,鋼筋混凝土造,79年10月15日,七層,,
RPRNMLOLJHKGFAI18CC,32,33.06,共有部份,鋼筋混凝土造,82年1月5日,十二層,,
RPSNMLPJKHKGFAI28CC,34,20.18,共有部份,鋼筋混凝土造,79年10月15日,七層,,
RPRNMLOLJHKGFAI18CC,32,4.16,共有部份,鋼筋混凝土造,82年1月5日,十二層,,
RPUNMLNKKHKGFAI38CC,35,62.65,住家用,鋼筋混凝土造,78年10月12日,二層,,
RPPOMLOKKHKGFAI08CC,20,127.02,住家用,鋼筋混凝土造,93年10月28日,十四層,,
RPPOMLOKKHKGFAI08CC,20,71.15,共有部份,鋼筋混凝土造,93年10月28日,十四層,,
RPQOMLOKKHKGFAI18CC,29,32.01,住家用,鋼筋混凝土造,84年10月13日,十二層,,
RPQOMLOKKHKGFAI18CC,29,7.78,共有部份,鋼筋混凝土造,84年10月13日,十二層,,
RPXNMLPJKHKGFAI78CC,31,43.75,商業用,鋼筋混凝土造,82年12月22日,七層,,
