﻿編號,土地位置,土地移轉面積平方公尺,使用分區或編定,權利人持分分母,權利人持分分子,移轉情形,地號
The serial number, land position,land shifting area square meter,the use zoning or compiles and checks,,,,land parcel
RPQNMLTKKHKGFAI58EA,北門段七小段,6.71,都市：其他:商業區,10000,190,持分移轉,00040000
RPVNMLLKKHKGFAI18DA,下埤段,22.27,都市：其他:農業區,1,1,全筆移轉,02560000
RPVNMLLKKHKGFAI18DA,下埤段,25.68,都市：其他:農業區,1,1,全筆移轉,02570000
RPVNMLLKKHKGFAI18DA,下埤段,42.20,都市：其他:農業區,1,1,全筆移轉,04000003
RPPNMLMKKHKGFAI77EA,下路頭段,3.31,都市：其他:道路用地,9874110000,101191003,持分移轉,01870028
RPQNMLKKKHKGFAI67EA,埤子頭段,78.00,都市：其他:住宅區,1,1,全筆移轉,02190011
RPSNMLLKKHKGFAI87DA,八掌段,66.09,都市：其他:農業區,123,20,持分移轉,05510002
RPSNMLLKKHKGFAI87DA,八掌段,577.23,都市：其他:農業區,1,1,全筆移轉,05510008
RPSNMLLKKHKGFAI87DA,八掌段,39.69,都市：其他:農業區,1,1,全筆移轉,05510013
RPQNMLPJKHKGFAI97DA,竹圍子段,10.27,都市：其他:道路用地,1575,25,持分移轉,03880001
RPQNMLPJKHKGFAI97DA,竹圍子段,6.40,都市：其他:道路用地,63,1,持分移轉,03880003
RPUNMLLKKHKGFAI08DA,盧厝段,41.69,都市：其他:住宅區,100000,178,持分移轉,03020000
RPQNMLLKKHKGFAI77EA,埤子頭段,4.75,都市：其他:住宅區,25260,2265,持分移轉,04750004
RPQNMLLKKHKGFAI77EA,埤子頭段,4.57,都市：其他:住宅區,25260,2265,持分移轉,04750047
RPQNMLLKKHKGFAI77EA,埤子頭段,15.60,都市：其他:住宅區,25260,2265,持分移轉,04750048
RPRNMLLKKHKGFAI87EA,竹圍子段三小段,14.10,都市：其他:住宅區,17810,141,持分移轉,02230000
RPROMLQJKHKGFAI28DA,短竹段,.31,都市：其他:住宅區,100000,505,持分移轉,16680000
RPROMLQJKHKGFAI28DA,短竹段,4.94,都市：其他:住宅區,100000,505,持分移轉,16690000
RPQNMLMKKHKGFAI77DA,竹圍子段,11.66,都市：其他:住宅區,10000,55,持分移轉,03300000
RPTNMLNKKHKGFAI18DA,大溪段,713.61,,1,1,全筆移轉,02380001
RPPNMLNKKHKGFAI77DA,頂庄段,27.79,都市：其他:住宅區,90000,896,持分移轉,04200000
RPQNMLNKKHKGFAI87DA,盧厝段,7.60,都市：其他:住宅區,10000,14,持分移轉,02600004
RPOOMLRKKHKGFAI18DA,台斗坑段,51.00,都市：其他:住宅區,1,1,全筆移轉,04190018
RPUNMLNKKHKGFAI28DA,南田段,38.00,都市：其他:公園道用地,1,1,全筆移轉,06000000
RPPNMLRKKHKGFAI28EA,車店段車店小段,7.97,都市：其他:住宅區,18600,797,持分移轉,03890002
RPQNMLKKKHKGFAI57DA,榮段二小段,55.00,都市：其他:商業區,1,1,全筆移轉,00570001
RPPNMLLKKHKGFAI57DA,下路頭段,23.14,都市：其他:住宅區,10000,134,持分移轉,05650007
RPQNMLKKKHKGFAI57DA,榮段二小段,9.00,都市：其他:商業區,1,1,全筆移轉,00570002
RPRNMLLKKHKGFAI77DA,中山段三小段,7.29,都市：其他:住宅區,10000,267,持分移轉,00330000
RPPNMLKKKHKGFAI47DA,東門段四小段,112.50,都市：其他:住宅區,4,3,持分移轉,00080006
RPRNMLLKKHKGFAI77DA,中山段三小段,12.12,都市：其他:住宅區,10000,267,持分移轉,00350000
RPOOMLRJKHKGFAI08DA,荖藤段,662.00,都市：其他:農業區,1,1,全筆移轉,08170005
RPRNMLLKKHKGFAI77DA,中山段三小段,.24,都市：其他:住宅區,10000,267,持分移轉,00380018
RPPNMLKKKHKGFAI47DA,東門段四小段,23.25,都市：其他:住宅區,4,3,持分移轉,00320003
RPVNMLPJKHKGFAI48DA,埤子頭段新厝小段,119.00,都市：其他:住宅區,1,1,全筆移轉,06600004
RPQNMLLKKHKGFAI67DA,永安段,47.17,都市：其他:道路用地,1,1,全筆移轉,00240000
RPQNMLLKKHKGFAI67DA,下路頭段,72.00,都市：其他:道路用地,1,1,全筆移轉,04210029
RPQNMLLKKHKGFAI67DA,下路頭段,50.00,都市：其他:住宅區,1,1,全筆移轉,04270062
RPQNMLLKKHKGFAI67DA,下路頭段,223.00,都市：其他:道路用地,1,1,全筆移轉,04270140
RPPNMLRLJHKGFAI18DA,下路頭段,100.00,都市：其他:住宅區,1,1,全筆移轉,04300122
RPRNMLNJKHKGFAI87DA,車店段車店小段,66.00,都市：其他:住宅區,1,1,全筆移轉,11160000
RPSNMLMKKHKGFAI97DA,東門段四小段,18.32,都市：其他:住宅區,351600,7328,持分移轉,00090000
RPTNMLMKKHKGFAI08DA,新太平段,84.91,都市：其他:農業區,1,1,全筆移轉,00530000
RPTNMLMKKHKGFAI08DA,新太平段,886.51,都市：其他:農業區,1,1,全筆移轉,00540000
RPVNMLKLKIJGFAI18DA,長竹段,.13,都市：其他:住宅區,10000,79,持分移轉,00010003
RPVNMLKLKIJGFAI18DA,盧厝段,12.17,都市：其他:住宅區,10000,79,持分移轉,02440009
RPTNMLRKJHKGFAI48DA,湖子內段湖內小段,78.00,都市：其他:住宅區,1,1,全筆移轉,01880004
RPTNMLRKJHKGFAI48DA,湖子內段湖內小段,29.00,都市：其他:住宅區,1,1,全筆移轉,01890004
RPPNMLNKKHKGFAI87EA,檜段四小段,94.00,都市：其他:商業區,1,1,全筆移轉,00720010
RPSNMLNKKHKGFAI08DA,何庄段,160.75,都市：其他:農業區,1,1,全筆移轉,08110000
RPSNMLNKKHKGFAI08DA,何庄段,.19,都市：其他:農業區,30,1,持分移轉,08110001
RPSNMLNKKHKGFAI08DA,何庄段,5.76,都市：其他:農業區,1,1,全筆移轉,08110003
RPSNMLNKKHKGFAI08DA,何庄段,87.78,都市：其他:住宅區,1,1,全筆移轉,08130021
RPSNMLNKKHKGFAI08DA,何庄段,18.85,都市：其他:住宅區,10000,309,持分移轉,08130024
RPOOMLSJKHKGFAI18DA,西門段六小段,29.00,都市：其他:商業區,1,1,全筆移轉,00010005
RPOOMLSJKHKGFAI18DA,西門段六小段,13.00,都市：其他:商業區,1,1,全筆移轉,00020003
RPOOMLSJKHKGFAI18DA,西門段六小段,16.00,都市：其他:商業區,1,1,全筆移轉,00150003
RPTNMLLKKHKGFAI97DA,荖藤段,2210.00,都市：其他:農業區,1,1,全筆移轉,08210000
RPTNMLLKKHKGFAI97DA,荖藤段,1000.00,都市：其他:農業區,1,1,全筆移轉,08210002
RPPNMLMKKHKGFAI67DA,草地尾段,5.95,都市：其他:住宅區,10000,11,持分移轉,13830000
RPPNMLKKKHKGFAI57EA,榮段六小段,312.00,都市：其他:商業區,1,1,全筆移轉,00080000
RPPNMLKKKHKGFAI57EA,榮段六小段,6.00,都市：其他:商業區,1,1,全筆移轉,00080001
RPPNMLKKKHKGFAI57EA,榮段六小段,16.00,都市：其他:商業區,1,1,全筆移轉,00080002
RPPNMLKKKHKGFAI57EA,榮段六小段,1.00,都市：其他:商業區,1,1,全筆移轉,00080003
RPSNMLQJJHKGFAI18DA,下路頭段,3.66,都市：其他:住宅區,10000,915,持分移轉,05670004
RPSNMLQJJHKGFAI18DA,下路頭段,86.00,都市：其他:住宅區,1,1,全筆移轉,05670119
RPSNMLQJJHKGFAI18DA,下路頭段,5.35,都市：其他:住宅區,10000,118,持分移轉,05670131
RPRNMLRKKHKGFAI38DA,劉厝段玉山小段,155.90,都市：其他:第二種住宅區,1,1,全筆移轉,01330003
RPPNMLRKKHKGFAI18DA,下路頭段,233.00,都市：其他:住宅區,1,1,全筆移轉,07640020
RPQNMLRKKHKGFAI28DA,劉厝段劉厝小段,4.20,都市：其他:商業區,10000,11,持分移轉,03120001
RPTNMLOKKHKGFAI28DA,盧厝段,11.01,都市：其他:住宅區,10000,43,持分移轉,02550010
RPUNMLRKKHKGFAI68DA,湖子內段新民小段,11.06,都市：其他:第一種休閒專用區,1,1,全筆移轉,03000001
RPSNMLRKKHKGFAI48DA,湖子內段新民小段,4.87,都市：其他:第一種休閒專用區,1,1,全筆移轉,03010020
RPPNMLOKKHKGFAI87DA,盧厝段,16.11,都市：其他:農業區,460,10,持分移轉,02740007
RPPNMLOKKHKGFAI87DA,盧厝段,.35,都市：其他:保護區,460,10,持分移轉,02740030
RPPNMLOKKHKGFAI87DA,盧厝段,91.00,都市：其他:農業區,1,1,全筆移轉,02740054
RPPNMLOKKHKGFAI87DA,盧厝段,1.00,都市：其他:住宅區,1,1,全筆移轉,02740059
RPTNMLRKKHKGFAI58DA,湖子內段新民小段,6.91,都市：其他:第一種休閒專用區,1,1,全筆移轉,02990001
RPVNMLRKKHKGFAI78DA,湖子內段新民小段,.72,都市：其他:第一種休閒專用區,1,1,全筆移轉,03000002
RPQNMLOKKHKGFAI97DA,短竹段,5.00,都市：其他:住宅區,50000,42,持分移轉,09120071
RPUNMLMKKHKGFAI18DA,港子坪段港坪小段,25.74,都市：其他:住宅區,100000,8668,持分移轉,01870000
RPQNMLSJKHKGFAI28DA,埤子頭段,19.48,都市：其他:住宅區,146300,1948,持分移轉,01600000
RPPOMLKKKHKGFAI57DA,湖子內段興安小段,150.91,都市：其他:第一種住宅區,1,1,全筆移轉,03480001
RPWNMLKKKHKGFAI18DA,湖子內段興安小段,154.56,都市：其他:第一種住宅區,1,1,全筆移轉,03480003
RPWNMLRKKHKGFAI88DA,北園段,89.00,都市：其他:住宅區,1,1,全筆移轉,15220008
RPOOMLKKKHKGFAI47DA,湖子內段興安小段,154.37,都市：其他:第一種住宅區,1,1,全筆移轉,03480000
RPXNMLKKKHKGFAI28DA,湖子內段興安小段,152.73,都市：其他:第一種住宅區,1,1,全筆移轉,03480002
RPPNMLSKKHKGFAI28DA,竹圍子段二小段,10.39,都市：其他:住宅區,10000,25,持分移轉,01120000
RPTNMLQJKIJGFAI38DA,下路頭段,103.00,都市：其他:住宅區,1,1,全筆移轉,05860076
RPPNMLTKKHKGFAI38DA,埤子頭段,32.71,都市：其他:住宅區,146300,3271,持分移轉,01600000
