﻿編號,土地位置,土地移轉面積平方公尺,使用分區或編定,權利人持分分母,權利人持分分子,移轉情形,地號
The serial number, land position,land shifting area square meter,the use zoning or compiles and checks,,,,land parcel
RPPNMLPLKHKGFAI08DA,湖內段,9.02,都市：其他:住宅區,10000,70,持分移轉,09980000
RPPNMLPLKHKGFAI08DA,湖內段,7.13,都市：其他:住宅區,10000,70,持分移轉,10230000
RPUOMLOLKHKGFAI58DA,湖內段,82.00,都市：其他:乙種工業區,1,1,全筆移轉,14650002
RPSOMLOLKHKGFAI38DA,下路頭段,5.90,都市：其他:住宅區,10000,46,持分移轉,01810009
RPSOMLOLKHKGFAI38DA,下路頭段,.00,都市：其他:住宅區,10000,46,持分移轉,01810024
RPTOMLOLKHKGFAI48DA,新白川段,6.13,都市：其他:住宅區,600000,746,持分移轉,00050000
RPXOMLOLKHKGFAI88DA,新太平段,110.66,都市：其他:住宅區,1,1,全筆移轉,00160000
RPXOMLOLKHKGFAI88DA,新太平段,4.92,都市：其他:住宅區,16,1,持分移轉,00190000
RPXOMLOLKHKGFAI88DA,台斗坑段,.44,都市：其他:住宅區,18,1,持分移轉,01300050
RPOOMLPLKHKGFAI08DA,遠東段,15.86,都市：其他:住宅區,10000,17,持分移轉,00680007
RPROMLOLKHKGFAI28DA,湖內段,189.00,都市：其他:乙種工業區,1,1,全筆移轉,14650000
RPXNMLKLKHKGFAI38DA,湖子內段興安小段,85.50,都市：其他:第一種住宅區,1,1,全筆移轉,02100005
RPQNMLSJJHKGFAI18DA,竹圍子段二小段,9.55,都市：其他:住宅區,10000,113,持分移轉,02220000
RPWNMLKLKHKGFAI28DA,新富段一小段,.62,都市：其他:商業區,5950,177,持分移轉,00080000
RPWNMLKLKHKGFAI28DA,南門段七小段,17.08,都市：其他:商業區,5950,177,持分移轉,00100000
RPVNMLKLKHKGFAI18DA,車店段車店小段,111.00,都市：其他:商業區,1,1,全筆移轉,04260007
RPPNMLOLKHKGFAI08EA,宣信段,9.04,都市：其他:住宅區,1,1,全筆移轉,13060000
RPQNMLOLKHKGFAI18EA,盧厝段,5.00,都市：其他:住宅區,1,1,全筆移轉,06650059
RPRNMLTKKHKGFAI58DA,鳥岫段,934.95,都市：其他:農業區,20000,3200,持分移轉,06680000
RPPOMLTKKHKGFAI48DA,後庄段,176.43,都市：其他:農業區,14,2,持分移轉,00160004
RPPOMLTKKHKGFAI48DA,後庄段,1019.00,都市：其他:農業區,1,1,全筆移轉,00160005
RPTOMLKLKHKGFAI08DA,新太平段,138.12,都市：其他:住宅區,1,1,全筆移轉,11970000
RPXNMLTKKHKGFAI56DA,劉厝段劉厝小段,20.60,都市：其他:商業區,10000,54,持分移轉,03120001
SPQNMLLLKHKGFAI97EA,北門段三小段,21.67,都市：其他:住宅區,3,1,持分移轉,00150000
RPQNMLLLKHKGFAI87EA,北門段三小段,33.00,都市：其他:住宅區,1,1,全筆移轉,00040000
RPQNMLLLKHKGFAI87EA,北門段三小段,43.33,都市：其他:住宅區,3,2,持分移轉,00150000
RPQPMLOLKHKGFAI28DA,新厝段,86.45,都市：其他:住宅區,10000,382,持分移轉,01150000
RPQPMLOLKHKGFAI28DA,新厝段,.31,都市：其他:農業區,10000,382,持分移轉,01150001
RPRNMLPLKHKGFAI28DA,白川段,3.41,都市：其他:住宅區,10000,101,持分移轉,00920000
RPRNMLPLKHKGFAI28DA,車店段,4.83,都市：其他:住宅區,10000,101,持分移轉,01430008
RPQNMLSLJIJGFAI38DA,北社尾段保安小段,10.09,都市：其他:住宅區,10000,46,持分移轉,08480000
RPTNMLKLKHKGFAI97DA,埤子頭段新厝小段,23.99,都市：其他:住宅區,12000,253,持分移轉,04030000
RPUNMLTKKHKGFAI88DA,北湖段,207.83,都市：其他:住宅區,36,3,持分移轉,04090000
RPVNMLTKKHKGFAI98DA,湖子內段湖美小段,137.02,都市：其他:第二種住宅區,1,1,全筆移轉,03290004
RPWNMLSKKHKGFAI98DA,新厝段,1564.00,都市：其他:農業區,1,1,全筆移轉,06420001
RPOOMLTKKHKGFAI38DA,埤子頭段新厝小段,76.00,都市：其他:住宅區,1,1,全筆移轉,02000000
RPUOMLKLKHKGFAI18DA,八掌段,281.99,都市：其他:河川區,1,1,全筆移轉,01130000
RPUOMLKLKHKGFAI18DA,八掌段,3236.37,都市：其他:農業區,1,1,全筆移轉,01260000
RPUOMLKLKHKGFAI18DA,八掌段,3229.21,都市：其他:農業區,1,1,全筆移轉,01280000
RPUOMLKLKHKGFAI18DA,八掌段,574.38,都市：其他:農業區,1,1,全筆移轉,01290000
RPPNMLKLKHKGFAI57DA,育人段,1796.91,都市：其他:住宅區,1,1,全筆移轉,12190000
RPPNMLTKKHKGFAI48EA,鳥岫段,363.75,都市：其他:農業區,20000,1245,持分移轉,06680000
RPPNMLLLKHKGFAI77EA,竹圍子段三小段,22.30,都市：其他:住宅區,17810,223,持分移轉,02230000
RPPOMLRKKHKGFAI28DA,短竹段,26.37,都市：其他:旅館區,1000000,14062,持分移轉,02480000
RPTNMLSKKHKGFAI68DA,竹圍子段,14.07,都市：其他:住宅區,10000,145,持分移轉,00170019
RPTNMLSKKHKGFAI68DA,竹圍子段,5.11,都市：其他:道路用地,10000,134,持分移轉,00290005
RPRNMLSKKHKGFAI48DA,盧厝段,10.86,都市：其他:住宅區,10000,37,持分移轉,02490005
RPVNMLMKKHKGFAI28DA,港子坪段港坪小段,24.22,都市：其他:住宅區,100000,8155,持分移轉,01870000
RPPNMLMLKHKGFAI77DA,北園段,60.00,都市：其他:商業區,1,1,全筆移轉,15070039
RPSNMLRJKHKGFAI38DA,遠東段,2153.00,都市：其他:乙種工業區,1,1,全筆移轉,03090000
RPSNMLRJKHKGFAI38DA,遠東段,2554.00,都市：其他:乙種工業區,1,1,全筆移轉,03120000
RPVNMLNJKHKGFAI28DA,新興段,66.44,都市：其他:住宅區,1,1,全筆移轉,07740000
