﻿編號,土地位置,土地移轉面積平方公尺,使用分區或編定,權利人持分分母,權利人持分分子,移轉情形,地號
The serial number, land position,land shifting area square meter,the use zoning or compiles and checks,,,,land parcel
RPQOMLQKJHKGFBJ38CB,溪洲段,23.82,非都市：特定農業區 ; 非都市編定：甲種建築用地,10000,128,持分移轉,09450000
RPSNMLQKJHKGFBJ48CB,仰德段,105.54,非都市：鄉村區 ; 非都市編定：乙種建築用地,1,1,全筆移轉,15140017
RPSNMLQKJHKGFBJ48CB,仰德段,20.12,非都市：鄉村區 ; 非都市編定：乙種建築用地,21,1,持分移轉,15140000
RPROMLQKJHKGFBJ48CB,溪洲段,23.82,非都市：特定農業區 ; 非都市編定：甲種建築用地,10000,128,持分移轉,09450000
RPWOMLQKJHKGFBJ98CB,永興段,36.05,都市：住,100000,1803,持分移轉,06180000
RPWOMLQKJHKGFBJ98CB,永興段,.01,都市：住,100000,1803,持分移轉,06180002
RPPNMLLLJHKGFDJ97CB,榮華段,30.45,非都市：一般農業區 ; 非都市編定：甲種建築用地,100000,342,持分移轉,06630000
RPWNMLMLJHKGFBJ58CB,豐田段,27.55,非都市：特定農業區 ; 非都市編定：甲種建築用地,100000,2048,持分移轉,00930000
RPOOMLMLJHKGFBJ87CB,豐田段,27.36,非都市：特定農業區 ; 非都市編定：甲種建築用地,100000,2034,持分移轉,00930000
RPQNMLNLJHKGFDJ28CB,中崙段,31.52,非都市：特定農業區 ; 非都市編定：甲種建築用地,100000,371,持分移轉,04560000
RPQNMLNLJHKGFDJ28CB,中崙段,2.75,非都市：特定農業區 ; 非都市編定：農牧用地,325,1,持分移轉,04590000
RPPNMLOJKHKGFDJ18CB,榮華段,21.37,非都市：一般農業區 ; 非都市編定：甲種建築用地,100000,240,持分移轉,06630000
RPQNMLOJKHKGFDJ28CB,中興段中興小段,23.03,非都市：工業區 ; 非都市編定：丁種建築用地,100000,975,持分移轉,02060000
RPSNMLKLJHKGFCJ08CB,寶山段沙湖壢小段,52.99,非都市：山坡地保育區 ; 非都市編定：丙種建築用地,100000,569,持分移轉,00990010
RPSNMLKLJHKGFCJ08CB,寶山段沙湖壢小段,3.88,非都市：山坡地保育區 ; 非都市編定：丙種建築用地,100000,569,持分移轉,00990102
RPTNMLKLJHKGFCJ18CB,資源段,26.29,都市：住,100000,2007,持分移轉,09000000
RPRNMLKLJHKGFCJ97CB,寶山段沙湖壢小段,65.94,非都市：山坡地保育區 ; 非都市編定：丙種建築用地,100000,708,持分移轉,00990010
RPRNMLKLJHKGFCJ97CB,寶山段沙湖壢小段,4.83,非都市：山坡地保育區 ; 非都市編定：丙種建築用地,100000,708,持分移轉,00990102
RPPNMLMLJHKGFCJ97CB,金獅段,50.91,非都市：鄉村區 ; 非都市編定：乙種建築用地,1,1,全筆移轉,10260030
RPPNMLMLJHKGFCJ97CB,金獅段,17.84,非都市：鄉村區 ; 非都市編定：乙種建築用地,100,12,持分移轉,10260003
RPQNMLKLJHKGFCJ87CB,寶山段沙湖壢小段,52.99,非都市：山坡地保育區 ; 非都市編定：丙種建築用地,100000,569,持分移轉,00990010
RPQNMLKLJHKGFCJ87CB,寶山段沙湖壢小段,3.88,非都市：山坡地保育區 ; 非都市編定：丙種建築用地,100000,569,持分移轉,00990102
RPPNMLKLJHKGFCJ77CB,寶山段沙湖壢小段,52.71,非都市：山坡地保育區 ; 非都市編定：丙種建築用地,100000,566,持分移轉,00990010
RPPNMLKLJHKGFCJ77CB,寶山段沙湖壢小段,3.86,非都市：山坡地保育區 ; 非都市編定：丙種建築用地,100000,566,持分移轉,00990102
RPWNMLQJKHKGFCJ98CB,寶香段,11.39,非都市：山坡地保育區 ; 非都市編定：丙種建築用地,1000000,2116,持分移轉,04090005
RPWNMLQJKHKGFCJ98CB,寶香段,2.07,非都市：山坡地保育區 ; 非都市編定：交通用地,1000000,2116,持分移轉,04090022
RPWNMLQJKHKGFCJ98CB,寶香段,4.09,非都市：山坡地保育區 ; 非都市編定：丙種建築用地,1000000,2116,持分移轉,04250000
RPWNMLQJKHKGFCJ98CB,寶香段,.45,非都市：山坡地保育區 ; 非都市編定：丙種建築用地,1000000,2116,持分移轉,04260000
RPWNMLQJKHKGFCJ98CB,寶香段,.50,非都市：山坡地保育區 ; 非都市編定：丙種建築用地,1000000,2116,持分移轉,04270001
RPWNMLQJKHKGFCJ98CB,寶香段,.03,非都市：山坡地保育區 ; 非都市編定：交通用地,1000000,2116,持分移轉,04320014
RPVNMLQJKHKGFCJ88CB,寶香段,11.39,非都市：山坡地保育區 ; 非都市編定：丙種建築用地,1000000,2116,持分移轉,04090005
RPVNMLQJKHKGFCJ88CB,寶香段,2.07,非都市：山坡地保育區 ; 非都市編定：交通用地,1000000,2116,持分移轉,04090022
RPVNMLQJKHKGFCJ88CB,寶香段,4.09,非都市：山坡地保育區 ; 非都市編定：丙種建築用地,1000000,2116,持分移轉,04250000
RPVNMLQJKHKGFCJ88CB,寶香段,.45,非都市：山坡地保育區 ; 非都市編定：丙種建築用地,1000000,2116,持分移轉,04260000
RPVNMLQJKHKGFCJ88CB,寶香段,.50,非都市：山坡地保育區 ; 非都市編定：丙種建築用地,1000000,2116,持分移轉,04270001
RPVNMLQJKHKGFCJ88CB,寶香段,.03,非都市：山坡地保育區 ; 非都市編定：交通用地,1000000,2116,持分移轉,04320014
RPOOMLQJKHKGFCJ28CB,寶香段,11.39,非都市：山坡地保育區 ; 非都市編定：丙種建築用地,1000000,2116,持分移轉,04090005
RPOOMLQJKHKGFCJ28CB,寶香段,2.07,非都市：山坡地保育區 ; 非都市編定：交通用地,1000000,2116,持分移轉,04090022
RPOOMLQJKHKGFCJ28CB,寶香段,4.09,非都市：山坡地保育區 ; 非都市編定：丙種建築用地,1000000,2116,持分移轉,04250000
RPOOMLQJKHKGFCJ28CB,寶香段,.45,非都市：山坡地保育區 ; 非都市編定：丙種建築用地,1000000,2116,持分移轉,04260000
RPOOMLQJKHKGFCJ28CB,寶香段,.50,非都市：山坡地保育區 ; 非都市編定：丙種建築用地,1000000,2116,持分移轉,04270001
RPOOMLQJKHKGFCJ28CB,寶香段,.03,非都市：山坡地保育區 ; 非都市編定：交通用地,1000000,2116,持分移轉,04320014
RPXNMLQJKHKGFCJ09CB,寶香段,11.39,非都市：山坡地保育區 ; 非都市編定：丙種建築用地,1000000,2116,持分移轉,04090005
RPXNMLQJKHKGFCJ09CB,寶香段,2.07,非都市：山坡地保育區 ; 非都市編定：交通用地,1000000,2116,持分移轉,04090022
RPXNMLQJKHKGFCJ09CB,寶香段,4.09,非都市：山坡地保育區 ; 非都市編定：丙種建築用地,1000000,2116,持分移轉,04250000
RPXNMLQJKHKGFCJ09CB,寶香段,.45,非都市：山坡地保育區 ; 非都市編定：丙種建築用地,1000000,2116,持分移轉,04260000
RPXNMLQJKHKGFCJ09CB,寶香段,.50,非都市：山坡地保育區 ; 非都市編定：丙種建築用地,1000000,2116,持分移轉,04270001
RPXNMLQJKHKGFCJ09CB,寶香段,.03,非都市：山坡地保育區 ; 非都市編定：交通用地,1000000,2116,持分移轉,04320014
RPPOMLQJKHKGFCJ38CB,寶香段,11.39,非都市：山坡地保育區 ; 非都市編定：丙種建築用地,1000000,2116,持分移轉,04090005
RPPOMLQJKHKGFCJ38CB,寶香段,2.07,非都市：山坡地保育區 ; 非都市編定：交通用地,1000000,2116,持分移轉,04090022
RPPOMLQJKHKGFCJ38CB,寶香段,4.09,非都市：山坡地保育區 ; 非都市編定：丙種建築用地,1000000,2116,持分移轉,04250000
RPPOMLQJKHKGFCJ38CB,寶香段,.45,非都市：山坡地保育區 ; 非都市編定：丙種建築用地,1000000,2116,持分移轉,04260000
RPPOMLQJKHKGFCJ38CB,寶香段,.50,非都市：山坡地保育區 ; 非都市編定：丙種建築用地,1000000,2116,持分移轉,04270001
RPPOMLQJKHKGFCJ38CB,寶香段,.03,非都市：山坡地保育區 ; 非都市編定：交通用地,1000000,2116,持分移轉,04320014
RPQOMLQJKHKGFCJ48CB,寶香段,16.75,非都市：山坡地保育區 ; 非都市編定：丙種建築用地,1000000,3111,持分移轉,04090005
RPQOMLQJKHKGFCJ48CB,寶香段,3.04,非都市：山坡地保育區 ; 非都市編定：交通用地,1000000,3111,持分移轉,04090022
RPQOMLQJKHKGFCJ48CB,寶香段,6.01,非都市：山坡地保育區 ; 非都市編定：丙種建築用地,1000000,3111,持分移轉,04250000
RPQOMLQJKHKGFCJ48CB,寶香段,.66,非都市：山坡地保育區 ; 非都市編定：丙種建築用地,1000000,3111,持分移轉,04260000
RPQOMLQJKHKGFCJ48CB,寶香段,.73,非都市：山坡地保育區 ; 非都市編定：丙種建築用地,1000000,3111,持分移轉,04270001
RPQOMLQJKHKGFCJ48CB,寶香段,.05,非都市：山坡地保育區 ; 非都市編定：交通用地,1000000,3111,持分移轉,04320014
RPPNMLRJKHKGFDJ48CB,長威段,80.12,非都市：鄉村區 ; 非都市編定：乙種建築用地,1,1,全筆移轉,17510030
RPPNMLRJKHKGFDJ48CB,長威段,31.25,非都市：鄉村區 ; 非都市編定：乙種建築用地,100,25,持分移轉,17510029
RPPNMLTJKHKGFBJ48CB,中興段,4.41,都市：商,10000,805,持分移轉,05030000
RPPNMLTJKHKGFBJ48CB,中興段,5.63,都市：商,10000,805,持分移轉,05040000
RPPNMLTJKHKGFBJ48CB,中興段,5.71,都市：商,10000,805,持分移轉,05050000
RPQNMLTJKHKGFBJ58CB,福田段,37.27,都市：住,500000,6611,持分移轉,03860000
RPRNMLLKKHKGFBJ97CB,溪洲段,24.75,非都市：特定農業區 ; 非都市編定：甲種建築用地,10000,133,持分移轉,09450000
RPRNMLTJKHKGFBJ68CB,福田段,36.70,都市：住,500000,6509,持分移轉,03860000
RPVNMLLKKHKGFBJ38CB,福田段,34.30,都市：住,500000,6084,持分移轉,03860000
RPUNMLLKKHKGFBJ28CB,福田段,36.70,都市：住,500000,6509,持分移轉,03860000
RPWNMLLKKHKGFBJ48CB,福田段,36.70,都市：住,500000,6509,持分移轉,03860000
RPVNMLOKKHKGFDJ88CB,湖新段,29.93,非都市：特定農業區 ; 非都市編定：甲種建築用地,100000,2335,持分移轉,14500000
RPPNMLQKKHKGFBJ28CB,中興段,4.23,都市：商,10000,773,持分移轉,05030000
RPPNMLQKKHKGFBJ28CB,中興段,5.40,都市：商,10000,773,持分移轉,05040000
RPPNMLQKKHKGFBJ28CB,中興段,5.49,都市：商,10000,773,持分移轉,05050000
RPWNMLOKKHKGFDJ98CB,湖新段,29.33,非都市：特定農業區 ; 非都市編定：甲種建築用地,100000,2288,持分移轉,14500000
RPQNMLQKKHKGFBJ38CB,中興段,4.23,都市：商,10000,773,持分移轉,05030000
RPQNMLQKKHKGFBJ38CB,中興段,5.40,都市：商,10000,773,持分移轉,05040000
RPQNMLQKKHKGFBJ38CB,中興段,5.49,都市：商,10000,773,持分移轉,05050000
RPPNMLQKKHKGFCJ38CB,寶香段,118.76,非都市：山坡地保育區 ; 非都市編定：丙種建築用地,1000000,7106,持分移轉,03970000
RPQNMLKLJHKGFBJ77CB,下寮段,12.03,非都市：山坡地保育區 ; 非都市編定：丙種建築用地,36,1,持分移轉,00170000
RPQNMLKLJHKGFBJ77CB,下寮段,7.80,非都市：山坡地保育區 ; 非都市編定：丙種建築用地,36,1,持分移轉,00170001
RPQNMLKLJHKGFBJ77CB,下寮段,7.01,非都市：山坡地保育區 ; 非都市編定：丙種建築用地,36,1,持分移轉,00170002
RPQNMLKLJHKGFBJ77CB,下寮段,4.80,非都市：山坡地保育區 ; 非都市編定：丙種建築用地,36,1,持分移轉,00170003
RPQNMLKLJHKGFBJ77CB,下寮段,2.62,非都市：山坡地保育區 ; 非都市編定：丙種建築用地,36,1,持分移轉,00180000
RPQNMLKLJHKGFBJ77CB,下寮段,7.98,非都市：山坡地保育區 ; 非都市編定：丙種建築用地,36,1,持分移轉,00110000
RPQNMLKLJHKGFBJ77CB,下寮段,2.48,非都市：山坡地保育區 ; 非都市編定：丙種建築用地,36,1,持分移轉,00180001
RPQNMLKLJHKGFBJ77CB,下寮段,190.19,非都市：山坡地保育區 ; 非都市編定：丙種建築用地,1,1,全筆移轉,00220010
RPPNMLQJKHKGFCJ28CB,寶香段,13.31,非都市：山坡地保育區 ; 非都市編定：丙種建築用地,1000000,6162,持分移轉,03510019
RPPNMLQJKHKGFCJ28CB,寶香段,9.36,非都市：山坡地保育區 ; 非都市編定：丙種建築用地,1000000,6162,持分移轉,04020000
RPPNMLQJKHKGFCJ28CB,寶香段,1.30,非都市：山坡地保育區 ; 非都市編定：丙種建築用地,1000000,6162,持分移轉,04070000
RPPNMLQJKHKGFCJ28CB,寶香段,.64,非都市：山坡地保育區 ; 非都市編定：丙種建築用地,1000000,6162,持分移轉,04080000
RPPNMLQJKHKGFCJ28CB,寶香段,38.63,非都市：山坡地保育區 ; 非都市編定：丙種建築用地,1000000,6162,持分移轉,04090002
RPPNMLQJKHKGFCJ28CB,寶香段,.12,非都市：山坡地保育區 ; 非都市編定：丙種建築用地,1000000,6162,持分移轉,04110003
RPRNMLQJKHKGFBJ38CB,翰林段,18.90,都市：住,100000,1711,持分移轉,04950000
RPQNMLQJKHKGFBJ28CB,福田段,36.70,都市：住,500000,6509,持分移轉,03860000
RPRNMLQJKHKGFCJ48CB,寶香段,13.31,非都市：山坡地保育區 ; 非都市編定：丙種建築用地,1000000,6162,持分移轉,03510019
RPRNMLQJKHKGFCJ48CB,寶香段,9.36,非都市：山坡地保育區 ; 非都市編定：丙種建築用地,1000000,6162,持分移轉,04020000
RPRNMLQJKHKGFCJ48CB,寶香段,1.30,非都市：山坡地保育區 ; 非都市編定：丙種建築用地,1000000,6162,持分移轉,04070000
RPRNMLQJKHKGFCJ48CB,寶香段,.64,非都市：山坡地保育區 ; 非都市編定：丙種建築用地,1000000,6162,持分移轉,04080000
RPRNMLQJKHKGFCJ48CB,寶香段,38.63,非都市：山坡地保育區 ; 非都市編定：丙種建築用地,1000000,6162,持分移轉,04090002
RPRNMLQJKHKGFCJ48CB,寶香段,.12,非都市：山坡地保育區 ; 非都市編定：丙種建築用地,1000000,6162,持分移轉,04110003
RPUNMLQJKHKGFCJ78CB,寶香段,11.39,非都市：山坡地保育區 ; 非都市編定：丙種建築用地,1000000,2116,持分移轉,04090005
RPUNMLQJKHKGFCJ78CB,寶香段,2.07,非都市：山坡地保育區 ; 非都市編定：交通用地,1000000,2116,持分移轉,04090022
RPUNMLQJKHKGFCJ78CB,寶香段,4.09,非都市：山坡地保育區 ; 非都市編定：丙種建築用地,1000000,2116,持分移轉,04250000
RPUNMLQJKHKGFCJ78CB,寶香段,.45,非都市：山坡地保育區 ; 非都市編定：丙種建築用地,1000000,2116,持分移轉,04260000
RPUNMLQJKHKGFCJ78CB,寶香段,.50,非都市：山坡地保育區 ; 非都市編定：丙種建築用地,1000000,2116,持分移轉,04270001
RPUNMLQJKHKGFCJ78CB,寶香段,.03,非都市：山坡地保育區 ; 非都市編定：交通用地,1000000,2116,持分移轉,04320014
RPPNMLNLJHKGFCJ08CB,鄉所段,50.28,都市：住,1,1,全筆移轉,07540007
RPPNMLOLJHKGFDJ38DB,後湖段埔和小段,66.00,非都市：特定農業區 ; 非都市編定：甲種建築用地,1,1,全筆移轉,05160008
RPPNMLOLJHKGFDJ38DB,後湖段埔和小段,23.08,非都市：特定農業區 ; 非都市編定：甲種建築用地,1104,66,持分移轉,05160017
RPPNMLOLJHKGFDJ38DB,後湖段埔和小段,80.70,非都市：特定農業區 ; 非都市編定：農牧用地,10000,514,持分移轉,03250000
