﻿編號,屋齡,建物移轉面積平方公尺,主要用途,主要建材,建築完成日期,總層數,建物分層,移轉情形
The serial number,room age,building shifting area square meter,the main use,main building materials,construction completes the date,total layer,building lamination,
RPRNMLRKJHKGFCJ68CC,17,82.49,住家用,鋼筋混凝土造,96年12月24日,十二層,,
RPRNMLRKJHKGFCJ68CC,17,13.13,共有部分,鋼筋混凝土造,96年12月24日,十二層,,
RPRNMLRKJHKGFCJ68CC,17,34.86,共有部分,鋼筋混凝土造,96年12月24日,十二層,,
RPRNMLLLJHKGFCJ18CC,31,31.92,住家用,鋼筋混凝土造,82年12月14日,十一層,,
RPRNMLLLJHKGFCJ18CC,31,7.54,共有部分,鋼筋混凝土造,82年12月14日,十一層,,
RPQNMLQKJHKGFDJ58CC,33,24.16,住家用,鋼筋混凝土造,81年1月18日,五層,,
RPQNMLQKJHKGFDJ58CC,33,7.43,共有部分,鋼筋混凝土造,81年1月18日,五層,,
RPPNMLKLJHKGFDJ97CC,33,24.80,住家用,鋼筋混凝土造,81年4月22日,五層,,
RPPNMLKLJHKGFDJ97CC,33,3.07,樓梯間．突出物．水塔,鋼筋混凝土造,81年4月22日,五層,,
RPPNMLKLJHKGFDJ97CC,33,5.11,樓梯間．走道,鋼筋混凝土造,81年4月22日,五層,,
RPQNMLRKJHKGFDJ68CC,31,69.63,住家用,鋼筋混凝土造,82年11月19日,五層,,
RPQNMLRKJHKGFDJ68CC,31,12.51,電梯．樓梯間,鋼筋混凝土造,82年11月19日,五層,,
RPTNMLQKJHKGFDJ88CC,29,74.30,住家用,鋼筋混凝土造,85年7月11日,五層,,
RPUNMLQKJHKGFDJ98CC,5,81.52,集合住宅,鋼筋混凝土造,108年12月24日,十五層,,
RPUNMLQKJHKGFDJ98CC,5,3.26,共有部分,鋼筋混凝土造,108年12月24日,十五層,,
RPTNMLQKJHKGFDJ88CC,29,7.66,共有部分,鋼筋混凝土造,85年7月11日,五層,,
RPUNMLQKJHKGFDJ98CC,5,19.81,共有部分,鋼筋混凝土造,108年12月24日,十五層,,
RPTNMLQKJHKGFDJ88CC,29,35.92,停車空間,鋼筋混凝土造,85年7月11日,五層,,
RPUNMLQKJHKGFDJ98CC,5,13.22,共有部分,鋼筋混凝土造,108年12月24日,十五層,,
RPPNMLRKJHKGFDJ58CC,31,83.13,住家用,鋼筋混凝土造,83年4月26日,五層,,
RPPNMLRKJHKGFDJ58CC,31,7.51,共有部分,鋼筋混凝土造,83年4月26日,五層,,
RPPOMLMLJHKGFBJ08CC,17,278.79,住商用,鋼筋混凝土造,96年10月30日,四層,,
RPPNMLNLJHKGFBJ08CC,3,198.17,騎樓、店舖、停車空間、住宅、樓梯間,鋼筋混凝土造,110年11月18日,五層,,
RPQNMLNLJHKGFBJ18CC,3,61.46,集合住宅,鋼筋混凝土造,111年3月31日,十一層,,
RPQNMLNLJHKGFBJ18CC,3,63.55,本共有部分之項目有停車空間兼防空避難室、停車空間、門廳、機房、水箱、電梯機房、公共服務空間等七項。,鋼筋混凝土造,111年3月31日,十一層,,
RPRNMLOLJHKGFBJ38CC,15,1148.24,一般服務業,鋼筋混凝土造,99年3月5日,十四層,,
RPUNMLOLJHKGFBJ68CC,12,292.33,工業用,鋼筋混凝土造,102年3月18日,十層,,
RPTNMLOLJHKGFBJ58CC,12,740.23,工業用,鋼筋混凝土造,102年3月18日,十層,,
RPVNMLOLJHKGFBJ78CC,4,266.75,工廠,鋼筋混凝土造,109年8月26日,十一層,,
RPWNMLKLJHKGFBJ48CC,2,65.00,集合住宅,鋼筋混凝土造,111年9月30日,二十四層,,
RPPNMLPJKHKGFCJ28CC,10,100.85,辦公室,鋼筋混凝土造,104年3月25日,十四層,,
RPPNMLPJKHKGFCJ28CC,10,20.78,共有部分,鋼筋混凝土造,104年3月25日,十四層,,
RPPNMLPJKHKGFCJ28CC,10,24.33,共有部分,鋼筋混凝土造,104年3月25日,十五層,,
RPRNMLQJKHKGFDJ68CC,25,20.64,住家用,鋼筋混凝土造,89年4月6日,五層,,
RPPNMLSJKHKGFBJ48CC,76,144.60,住家用,木石磚造,38年7月1日,一層,,
RPPNMLNKKHKGFBJ08CC,32,93.88,住家用,鋼筋混凝土造,82年1月19日,五層,,
RPPNMLNKKHKGFBJ08CC,32,11.50,共有部分,鋼筋混凝土造,82年1月19日,五層,,
RPQNMLKKKHKGFBJ87CC,28,80.93,住家用,鋼筋混凝土造,85年8月17日,八層,,
RPQNMLKKKHKGFBJ87CC,28,20.44,共有部分,鋼筋混凝土造,85年8月17日,八層,,
RPQNMLKKKHKGFBJ87CC,28,13.57,共有部分,鋼筋混凝土造,85年8月17日,八層,,
RPQNMLOKKHKGFBJ28CC,15,149.84,住家用,鋼筋混凝土造,99年4月19日,十五層,,
RPQNMLOKKHKGFBJ28CC,15,30.62,本共有部分之項目有樓梯間、機械室、水箱等三項。,鋼筋混凝土造,99年4月19日,十五層,,
RPQNMLOKKHKGFBJ28CC,15,81.95,本共有部分之項目有防空避難室、停車空間、緊急發電機室、連續性前廊、垃圾處理等五項。,鋼筋混凝土造,99年4月19日,十五層,,
RPRNMLOKKHKGFBJ38CC,14,.15,守衛室,鋼筋混凝土造,100年7月20日,十三層,,
RPRNMLOKKHKGFBJ38CC,14,117.09,住家用,鋼筋混凝土造,100年7月20日,十三層,,
RPRNMLOKKHKGFBJ38CC,14,77.29,本共有部分之項目有防空避難室，停車空間，消防機械室開放空間，梯間，昇降機房等六項。,鋼筋混凝土造,100年7月20日,十三層,,
RPRNMLOKKHKGFBJ38CC,14,18.00,梯間,鋼筋混凝土造,100年7月20日,十三層,,
RPTNMLRKJHKGFBJ78CC,8,111.53,住家用,鋼筋混凝土造,106年7月5日,二十二層,,
RPTNMLRKJHKGFBJ78CC,8,14.24,本共有部分之項目有社區服務空間、防空避難室兼停車空間、停車空間等三項。,鋼筋混凝土造,106年7月5日,二十二層,,
RPTNMLRKJHKGFBJ78CC,8,35.74,本共有部分之項目有中繼機房、梯廳、機房、水箱等四項。,鋼筋混凝土造,106年7月5日,二十二層,,
RPTNMLRKJHKGFBJ78CC,8,38.83,本共有部分之項目有防空避難室兼停車空間、停車空間等二項。,鋼筋混凝土造,106年7月5日,二十二層,,
RPTNMLRKJHKGFBJ78CC,8,3.85,本共有部分之項目有防空避難室兼停車空間等一項。,鋼筋混凝土造,106年7月5日,二十二層,,
RPRNMLTKJHKGFBJ78CC,1,81.62,集合住宅,鋼筋混凝土造,112年10月30日,二十四層,,
RPRNMLTKJHKGFBJ78CC,1,23.90,本共有部分之項目有防空避難室兼停車空間、雨水機房、水箱、消防機房、排煙室、梯間、緊急升降機間、揚水機房、公共水箱、停車空間、中繼機房、泳池水箱、台電配電室（１）（２）、電表室及受電箱室、水景機械室、發電機室、防災中心、電信室、門廳、梯廳、穿廊、公共服務空間、資源回收室、游泳池、中繼水箱等二十五項。,鋼筋混凝土造,112年10月30日,二十四層,,
RPRNMLTKJHKGFBJ78CC,1,24.70,本共有部分之項目有梯間、梯廳、排煙室、緊急升降機間、機械室、消防中繼機房、水錶室、水箱室、消防水箱等九項。,鋼筋混凝土造,112年10月30日,二十四層,,
RPPNMLLLJHKGFDJ08CC,31,85.28,住家用,鋼筋混凝土造,82年11月3日,七層,,
RPPNMLLLJHKGFDJ08CC,31,12.98,共有部分,鋼筋混凝土造,82年11月3日,七層,,
RPPNMLLLJHKGFDJ08CC,31,12.86,共有部分,鋼筋混凝土造,82年11月3日,七層,,
RPXNMLOLJHKGFBJ98CC,17,27.17,商業用,鋼筋混凝土造,97年3月21日,十三層,,
RPXNMLOLJHKGFBJ98CC,17,2.44,共有部分,鋼筋混凝土造,97年3月21日,十四層,,
RPXNMLOLJHKGFBJ98CC,17,10.17,共有部分,鋼筋混凝土造,97年3月21日,十三層,,
RPWNMLOLJHKGFBJ88CC,2,678.09,工廠,鋼筋混凝土造,112年7月13日,十八層,,
RPWNMLOLJHKGFBJ88CC,2,1037.31,工廠,鋼筋混凝土造,112年7月13日,十八層,,
RPTNMLNJKHKGFBJ38CC,20,22.19,商業用,鋼筋混凝土造,94年6月3日,十層,,
RPTNMLNJKHKGFBJ38CC,20,6.28,共有部分,鋼筋混凝土造,94年6月3日,十層,,
RPTNMLNJKHKGFBJ38CC,20,4.54,共有部分,鋼筋混凝土造,94年6月3日,十層,,
RPQNMLTLJHKGFBJ78CC,43,16.00,住家用,鋼筋混凝土造,71年4月21日,二層,,
