﻿編號,屋齡,建物移轉面積平方公尺,主要用途,主要建材,建築完成日期,總層數,建物分層,移轉情形
The serial number,room age,building shifting area square meter,the main use,main building materials,construction completes the date,total layer,building lamination,
RPRNMLSJKHKGFBJ58DA,9,91.25,住家用,鋼筋混凝土造,104年8月28日,十三層,七層 陽台,全筆移轉
RPRNMLSJKHKGFBJ58DA,9,96.17,本共有部分之項目有防空避難室兼停車空間、污水、消防、水景機房、停車空間、台電配電室、電信室、發電機房、公共服務空間、管理室、樓梯間、水錶室、水箱、機械室等十四項。,鋼筋混凝土造,104年8月28日,十三層,,持分移轉
RPRNMLSJKHKGFBJ58DA,9,14.11,本共有部分之項目有樓梯間等一項。,鋼筋混凝土造,104年8月28日,十三層,,持分移轉
RPVNMLLLJHKGFBJ38DA,,39.58,本共有部分之項目有停車空間、消防機械室、汙水機房、水箱、防空避難室兼停車空間、台電配電室、發電機室、電信室、垃圾間、管委會等十項。,鋼筋混凝土造,113年10月4日,十層,,持分移轉
RPTOMLRJKHKGFBJ78DA,1,333.74,住宅、停車空間、樓梯間,鋼筋混凝土造,112年8月8日,五層,一層 二層 三層 四層 五層 陽台 見其他登記事項,全筆移轉
RPOOMLQKJHKGFDJ38DA,,201.12,集合住宅,鋼筋混凝土造,113年7月15日,四層,一層 二層 三層 四層 陽台,全筆移轉
RPPNMLSJKHKGFBJ38DA,2,120.71,商業用,鋼筋混凝土造,111年7月13日,十四層,一層 陽台,全筆移轉
RPPNMLSJKHKGFBJ38DA,2,61.03,本共有部分之項目有停車空間、汙水及雨水回收機房、防空避難室兼停車空間、台電配電場所、消防泵浦室、蓄水池、梯間、電信室、垃圾處理室、發電機室、車道、管理委員會使用空間、公共服務空間、開放空間、機房、水箱等十六項。,鋼筋混凝土造,111年7月13日,十四層,,持分移轉
RPPOMLNJKHKGFDJ18DA,30,166.16,住家用,鋼筋混凝土造,83年10月20日,四層,一層 二層 三層 四層 陽台 平台 雨遮,全筆移轉
RPWNMLLLJHKGFBJ48DA,,46.84,本共有部分之項目有停車空間、消防機械室、汙水機房、水箱、防空避難室兼停車空間、台電配電室、發電機室、電信室、垃圾間、管委會等十項。,鋼筋混凝土造,113年10月4日,十層,,持分移轉
RPXNMLLLJHKGFBJ58DA,,39.58,本共有部分之項目有停車空間、消防機械室、汙水機房、水箱、防空避難室兼停車空間、台電配電室、發電機室、電信室、垃圾間、管委會等十項。,鋼筋混凝土造,113年10月4日,十層,,持分移轉
RPQOMLNKJHKGFDJ28DA,30,95.39,住家用,鋼筋混凝土造,83年12月16日,五層,五層 陽台 露台,全筆移轉
RPQOMLNKJHKGFDJ28DA,30,16.31,共有部分,鋼筋混凝土造,83年12月16日,五層,,持分移轉
RPQOMLNKJHKGFDJ28DA,30,42.04,共有部分,鋼筋混凝土造,83年12月16日,五層,,持分移轉
RPTNMLRJKHKGFBJ68DA,18,.54,管理員室,鋼筋混凝土造,96年6月25日,十四層,一層 陽台,持分移轉
RPTNMLRJKHKGFBJ68DA,18,114.00,住家用,鋼筋混凝土造,96年6月25日,十四層,十二層 陽台 雨遮,全筆移轉
RPTNMLRJKHKGFBJ68DA,18,.03,共有部分,鋼筋混凝土造,96年6月25日,十四層,,持分移轉
RPTNMLRJKHKGFBJ68DA,18,28.67,共有部分,鋼筋混凝土造,96年6月25日,十四層,,持分移轉
RPTNMLRJKHKGFBJ68DA,18,57.62,共有部分,鋼筋混凝土造,96年6月25日,十四層,,持分移轉
RPTNMLRJKHKGFBJ68DA,18,10.97,共有部分,鋼筋混凝土造,96年6月25日,十四層,,持分移轉
RPQOMLKKKHKGFBJ87DA,19,.03,管理員室,鋼筋混凝土造,94年11月7日,十四層,一層,持分移轉
RPQOMLKKKHKGFBJ87DA,19,107.97,住家用,鋼筋混凝土造,94年11月7日,十四層,二層 陽台 雨遮,全筆移轉
RPQOMLKKKHKGFBJ87DA,19,28.66,共有部分,鋼筋混凝土造,94年11月7日,十四層,,持分移轉
RPQOMLKKKHKGFBJ87DA,19,19.54,共有部分,鋼筋混凝土造,94年11月7日,十四層,,持分移轉
RPQOMLKKKHKGFBJ87DA,19,17.44,共有部分,鋼筋混凝土造,94年11月7日,十四層,,持分移轉
RPOOMLMKKHKGFBJ87DA,2,81.64,集合住宅,鋼筋混凝土造,111年11月18日,二十四層,十一層 陽台,全筆移轉
RPOOMLMKKHKGFBJ87DA,2,73.01,本共有部分之項目有停車空間、昇降機、排煙室、梯廳、消防機房、機房、安全梯、車道、水箱、防空避難室兼停車空間、機車停車區、台電配電場所、緊急發電機室、電信室、公共服務空間、管委會空間、防災中心、集中式垃圾貯存空間、昇降機道、樓梯間、電梯間、機械室、水錶室、中繼機房、中繼水箱等二十五項。,鋼筋混凝土造,111年11月18日,二十四層,,持分移轉
RPWNMLMLJHKGFCJ68DA,1,86.04,集合住宅,鋼筋混凝土造,113年3月18日,七層,六層 陽台,全筆移轉
RPWNMLMLJHKGFCJ68DA,1,24.60,本共有部分之項目有停車空間、管委會、發電機室、泵浦室、電信室及樓梯間等六項,鋼筋混凝土造,113年3月18日,七層,,持分移轉
RPXNMLOKJHKGFDJ98DA,45,162.15,住家用,加強磚造,69年1月14日,三層,一層 二層 三層 騎樓,全筆移轉
RPXNMLMKKHKGFBJ68DA,7,63.13,住家用,鋼筋混凝土造,107年4月18日,二十九層,二十五層 陽台 雨遮,全筆移轉
RPXNMLMKKHKGFBJ68DA,7,56.80,本共有部分之項目有防空避難室兼停車空間、停車空間、中繼機房、防災中心、台電配電場所、管委會空間、開放空間、集中式垃圾貯存空間、樓梯間、機械室、水箱等十一項。,鋼筋混凝土造,107年4月18日,二十九層,,持分移轉
RPUNMLMKKHKGFBJ38DA,9,98.00,住家用,鋼筋混凝土造,104年9月17日,十四層,四層 陽台 雨遮,全筆移轉
RPUNMLMKKHKGFBJ38DA,9,91.40,本共有部分之項目有停車空間、防空避難兼停車空間、頂蓋型廣場式開放空間、公共服務空間、車道、外廊、管理室、垃圾集中處、梯間、水錶箱室、電梯機房、水箱等十二項。,鋼筋混凝土造,104年9月17日,十四層,,持分移轉
RPUNMLMKKHKGFBJ38DA,9,17.65,本共有部分之項目有樓電梯間一項,鋼筋混凝土造,104年9月17日,十四層,,持分移轉
RPSNMLNKKHKGFCJ38DA,16,99.04,農業用,鋼筋混凝土造,97年9月29日,一層,一層 屋頂突出物,全筆移轉
RPSOMLLKKHKGFBJ18DA,13,135.87,住家用,鋼筋混凝土造,101年1月13日,十二層,三層 陽台 雨遮,全筆移轉
RPSOMLLKKHKGFBJ18DA,13,.16,管理員室,鋼筋混凝土造,101年1月13日,十二層,一層,持分移轉
RPSOMLLKKHKGFBJ18DA,13,.00,本共有部分之項目有：梯間、機械室、水箱等三項,鋼筋混凝土造,101年1月13日,十二層,,持分移轉
RPSOMLLKKHKGFBJ18DA,13,23.05,本共有部分之項目有：梯間、機械室、水箱等三項,鋼筋混凝土造,101年1月13日,十二層,,持分移轉
RPSOMLLKKHKGFBJ18DA,13,30.27,本共有部分之項目有：防空避難室、停車空間等兩項,鋼筋混凝土造,101年1月13日,十二層,,持分移轉
RPSOMLLKKHKGFBJ18DA,13,20.79,本共有部分之項目有：防空避難室、停車空間等兩項,鋼筋混凝土造,101年1月13日,十二層,,持分移轉
RPPPMLKKJHKGFCJ87DA,1,97.94,集合住宅,鋼筋混凝土造,113年4月2日,七層,一層 陽台,全筆移轉
RPPPMLKKJHKGFCJ87DA,1,43.72,本共有部分之項目有：停車空間、管委會空間,鋼筋混凝土造,113年4月2日,七層,,持分移轉
RPPPMLKKJHKGFCJ87DA,1,21.77,本共有部分之項目有：電梯機房、梯間、水箱等３項,鋼筋混凝土造,113年4月2日,七層,,持分移轉
RPPNMLOLJHKGFCJ18DA,31,83.68,住家用,鋼筋混凝土造,83年5月13日,六層,一層 平台,全筆移轉
RPPNMLOLJHKGFCJ18DA,31,9.50,共有部分,鋼筋混凝土造,83年5月13日,六層,,持分移轉
RPPNMLOLJHKGFCJ18DA,31,22.47,共有部分,鋼筋混凝土造,83年5月13日,六層,,持分移轉
RPPSMLNKKHKGFDJ68DA,30,72.99,住家用,鋼筋混凝土造,84年3月13日,九層,六層 陽台 花台,全筆移轉
RPPSMLNKKHKGFDJ68DA,30,12.48,共有部分,鋼筋混凝土造,84年3月13日,九層,,持分移轉
RPPSMLNKKHKGFDJ68DA,30,33.76,停車空間,鋼筋混凝土造,84年3月13日,九層,,持分移轉
RPTNMLKKKHKGFBJ08DA,31,44.21,住家用,鋼筋混凝土造,82年11月4日,七層,七層 陽台,全筆移轉
RPTNMLKKKHKGFBJ08DA,31,11.30,共有部分,鋼筋混凝土造,82年11月4日,七層,,持分移轉
RPQNMLSJKHKGFDJ68DA,33,3.07,樓梯間．突出物．水塔,鋼筋混凝土造,81年4月22日,五層,,持分移轉
RPQNMLSJKHKGFDJ68DA,33,5.11,樓梯間．走道,鋼筋混凝土造,81年4月22日,五層,,持分移轉
RPQNMLSJKHKGFDJ68DA,33,24.80,住家用,鋼筋混凝土造,81年4月22日,五層,二層 陽台,全筆移轉
RPQNMLSJKHKGFCJ58DA,42,125.28,住家用,加強磚造,72年2月5日,二層,一層 二層,全筆移轉
RPRNMLPJKHKGFDJ48DA,1,89.37,辦公室,鋼筋混凝土造,112年12月29日,九層,二層 陽台,全筆移轉
RPRNMLPJKHKGFDJ48DA,1,42.61,本共有部分之項目有防空避難室兼停車空間、停車空間、管委會空間等３項,鋼筋混凝土造,112年12月29日,九層,,持分移轉
RPRNMLPJKHKGFDJ48DA,1,20.68,本共有部分之項目有梯間、機房、水箱等３項,鋼筋混凝土造,112年12月29日,九層,,持分移轉
RPWNMLKLJHKGFBJ38DA,1,88.37,集合住宅,鋼筋混凝土造,112年10月27日,十五層,六層 陽台,全筆移轉
RPWNMLKLJHKGFBJ38DA,1,54.45,本共有部分之項目有管委會使用空間、垃圾儲藏室、梯間、停車空間、台電配電場所、發電機房、水箱、水景機房、電信室、汙水機房等十項。,鋼筋混凝土造,112年10月27日,十五層,,持分移轉
RPWNMLKLJHKGFBJ38DA,1,17.67,本共有部分之項目有梯間、機械室、水箱等三項。,鋼筋混凝土造,112年10月27日,十五層,,持分移轉
RPTNMLOJKHKGFBJ38DA,16,244.90,住家用,鋼筋混凝土造,97年9月24日,四層,一層 二層 三層 四層 陽台 屋頂突出物 雨遮,全筆移轉
RPSNMLSJKHKGFDJ88DA,,17.85,住家用,鋼筋混凝土造,,五層,二層,全筆移轉
RPSNMLSJKHKGFDJ88DA,,11.11,梯間,鋼筋混凝土造,,五層,,持分移轉
RPRNMLKKKHKGFDJ08DA,3,162.96,集合住宅,鋼筋混凝土造,110年9月1日,四層,一層 二層 三層 四層,全筆移轉
RPSNMLQJJHKGFCJ48DA,29,92.67,住家用,鋼筋混凝土造,85年5月7日,十二層,一層 平台,全筆移轉
RPSNMLQJJHKGFCJ48DA,29,5.60,共有部分,鋼筋混凝土造,85年5月7日,十二層,,持分移轉
RPSNMLQJJHKGFCJ48DA,29,6.57,共有部分,鋼筋混凝土造,85年5月7日,十二層,,持分移轉
RPPNMLOLJHKGFBJ08DA,23,.03,住家用,鋼筋混凝土造,90年9月3日,十層,一層,持分移轉
RPPNMLOLJHKGFBJ08DA,23,95.52,住家用,鋼筋混凝土造,90年9月3日,十層,七層 陽台,全筆移轉
RPPNMLOLJHKGFBJ08DA,23,13.51,共有部分,鋼筋混凝土造,90年9月3日,十層,,持分移轉
RPPNMLOLJHKGFBJ08DA,23,.00,共有部分,鋼筋混凝土造,90年9月3日,十層,,持分移轉
RPPNMLOLJHKGFBJ08DA,23,27.59,共有部分,鋼筋混凝土造,90年9月3日,十層,,持分移轉
RPPNMLOLJHKGFBJ08DA,23,12.04,共有部分,鋼筋混凝土造,90年9月3日,十層,,持分移轉
RPTNMLMLJHKGFDJ48DA,,220.13,店舖、集合住宅（附屬停車空間）、樓梯間,鋼筋混凝土造,113年9月16日,四層,一層 二層 三層 四層 陽台 見其他登記事項,全筆移轉
RPUNMLMLJHKGFDJ58DA,,220.13,店舖、集合住宅（附屬停車空間）、樓梯間,鋼筋混凝土造,113年9月16日,四層,一層 二層 三層 四層 陽台 見其他登記事項,全筆移轉
RPQNMLKKKHKGFBJ77DA,39,358.72,農舍,加強磚造,75年5月17日,二層,一層 二層,全筆移轉
RPSNMLPJKHKGFCJ48DA,30,72.78,住家用,鋼筋混凝土造,84年5月19日,十二層,七層 陽台,全筆移轉
RPSNMLPJKHKGFCJ48DA,30,14.52,共有部分,鋼筋混凝土造,84年5月19日,十二層,,持分移轉
RPSNMLPJKHKGFCJ48DA,30,10.15,共有部分,鋼筋混凝土造,84年5月19日,十二層,,持分移轉
RPSPMLLLJHKGFBJ28DA,40,106.20,住家用,加強磚造,73年9月27日,二層,一層 二層,全筆移轉
RPVOMLPJKHKGFBJ78DA,31,29.44,共有部分,鋼筋混凝土造,82年12月10日,七層,,持分移轉
RPVOMLPJKHKGFBJ78DA,31,82.68,住家用,鋼筋混凝土造,82年12月10日,七層,一層 平台,全筆移轉
RPSNMLQJKHKGFBJ48DA,7,77.86,住家用,鋼筋混凝土造,107年6月25日,十五層,四層 陽台 雨遮,全筆移轉
RPSNMLQJKHKGFBJ48DA,7,44.61,本共有部分之項目有停車空間、梯廳、樓梯間、電梯間、車道、消防機房、污水機房、雨水回收機房、水箱、游泳池水箱、公共水箱、防空避難室兼停車空間、台電配電場所、電信室、電錶室、發電機室、機車停車區、配電箱區等１８項。,鋼筋混凝土造,107年6月25日,十五層,,持分移轉
RPSNMLQJKHKGFBJ48DA,7,30.37,本共有部分之項目有公共服務空間、樓梯間、電梯間、垃圾集中室、頂蓋型開放空間、排煙室、梯廳、車道、宅配室、社區小型游泳池（含ＳＰＡ池）、機房、消防水箱等１２項。,鋼筋混凝土造,107年6月25日,十五層,,持分移轉
RPPOMLLKKHKGFBJ87DA,28,211.97,住家用,鋼筋混凝土造,86年4月14日,五層,一層 二層 三層 四層 五層 陽台 屋頂突出物,全筆移轉
RPXNMLLKKHKGFBJ58DA,28,81.75,住家用,鋼筋混凝土造,86年5月12日,七層,五層 陽台 花台,全筆移轉
RPXNMLLKKHKGFBJ58DA,28,19.57,共有部分,鋼筋混凝土造,86年5月12日,八層,,持分移轉
RPXNMLLKKHKGFBJ58DA,28,9.70,共有部分,鋼筋混凝土造,86年5月12日,八層,,持分移轉
RPQNMLKKKHKGFDJ97DA,,57.39,集合住宅,鋼筋混凝土造,113年7月5日,九層,七層 陽台,全筆移轉
RPQNMLKKKHKGFDJ97DA,,63.37,本共有部分之項目有停車空間、排煙室、樓梯間、昇降機間、消防機房、機房、車道、電信室、水箱、台電配電室、緊急發電機室、垃圾集中室、管委會使用空間、梯廳、水錶區、梯間、電梯機房等１７項,鋼筋混凝土造,113年7月5日,九層,,持分移轉
RPPNMLNLJHKGFDJ18DA,17,72.44,集合住宅,鋼筋混凝土造,97年3月15日,五層,四層 陽台 雨遮,全筆移轉
RPPNMLNLJHKGFDJ18DA,17,11.20,樓梯間．水箱,鋼筋混凝土造,97年3月15日,五層,,持分移轉
RPUNMLRKJHKGFCJ88DA,30,126.72,商業用,鋼筋混凝土造,84年1月20日,十二層,一層 二層 三層 陽台 平台 騎樓,全筆移轉
RPUNMLRKJHKGFCJ88DA,30,15.10,共有部分,鋼筋混凝土造,84年1月20日,十三層,,持分移轉
RPTNMLQJKHKGFDJ78DA,,198.90,住商用,鋼筋混凝土造,,二層,一層 二層 騎樓,全筆移轉
RPSNMLMJJHKGFDJ18DA,,80.91,住家用,鋼筋混凝土造,,四層,四層 陽台,全筆移轉
RPPOMLKKKHKGFBJ77DA,15,149.35,住家用,鋼筋混凝土造,99年1月29日,十三層,五層 陽台 雨遮,全筆移轉
RPPOMLKKKHKGFBJ77DA,15,26.60,共有部分,鋼筋混凝土造,99年1月29日,十三層,,持分移轉
RPPOMLKKKHKGFBJ77DA,15,71.18,共有部分,鋼筋混凝土造,99年1月29日,十三層,,持分移轉
RPPNMLLJKHKGFBJ67DA,29,15.76,共有部分,鋼筋混凝土造,84年10月28日,十二層,,持分移轉
RPPNMLLJKHKGFBJ67DA,29,14.75,共有部分,鋼筋混凝土造,84年10月28日,十二層,,持分移轉
RPPNMLLJKHKGFBJ67DA,29,101.12,住家用,鋼筋混凝土造,84年10月28日,十二層,九層 陽台 花台,全筆移轉
RPPNMLNKKHKGFBJ97DA,8,72.67,住家用,鋼筋混凝土造,106年6月15日,十四層,三層 陽台 雨遮,全筆移轉
RPPNMLNKKHKGFBJ97DA,8,53.99,本共有部分之項目有停車空間、防空避難室兼停車空間、公共服務空間等三項,鋼筋混凝土造,106年6月15日,十四層,,持分移轉
RPPNMLNKKHKGFBJ97DA,8,14.08,本共有部分之項目有梯間、機房、水箱等三項,鋼筋混凝土造,106年6月15日,十四層,,持分移轉
RPTNMLRJJHKGFCJ68DA,44,235.20,住家用,加強磚造,70年4月16日,三層,一層 二層 三層 騎樓,全筆移轉
RPSOMLMKKHKGFCJ38DA,25,358.27,農舍,鋼骨混凝土造,88年7月7日,一層,一層 夾層,全筆移轉
RPPNMLNKKHKGFCJ08DA,44,102.00,住家用,加強磚造,69年8月28日,二層,一層 二層,全筆移轉
RPQOMLMKKHKGFBJ08DA,19,331.83,住家用,鋼筋混凝土造,94年10月7日,五層,一層 二層 三層 四層 五層 陽台 屋頂突出物 騎樓 雨遮,全筆移轉
RPQNMLMKKHKGFDJ18DA,,83.42,住家用,加強磚造,,二層,一層 二層,全筆移轉
RPRNMLNKKHKGFCJ28DA,,90.20,住家用,加強磚造,,二層,一層 二層,全筆移轉
RPPNMLRKKHKGFCJ58EA,28,97.61,住家用,鋼筋混凝土造,86年5月29日,六層,五層 六層 夾層 見其他登記事項,全筆移轉
RPPNMLRKKHKGFCJ58EA,28,19.93,共有部分,鋼筋混凝土造,86年5月29日,六層,,持分移轉
RPPNMLRKKHKGFCJ58EA,28,18.54,共有部分,鋼筋混凝土造,86年5月29日,六層,,持分移轉
RPPNMLOKKHKGFDJ38EA,,70.16,集合住宅,鋼筋混凝土造,113年10月22日,五層,五層 陽台,全筆移轉
RPPNMLOKKHKGFDJ38EA,,35.68,本共有部分之項目有停車空間、樓梯間、機械室、水箱等４項,鋼筋混凝土造,113年10月22日,五層,,持分移轉
RPQNMLOKKHKGFDJ48EA,,67.71,集合住宅,鋼筋混凝土造,113年10月22日,五層,五層 陽台,全筆移轉
RPQNMLOKKHKGFDJ48EA,,34.23,本共有部分之項目有停車空間、樓梯間、機械室、水箱等４項,鋼筋混凝土造,113年10月22日,五層,,持分移轉
RPSNMLQJKHKGFDJ68DA,,98.56,集合住宅,鋼筋混凝土造,113年11月15日,十層,四層 陽台,全筆移轉
RPSNMLQJKHKGFDJ68DA,,102.60,本共有部分之項目有停車空間、蓄水池、消防泵浦室、污雨水機房、機房、發電機室、台電配電所、電信室、集合住宅（附屬管委會空間、車道、垃圾儲藏室、梯間）、機械室、水箱、梯間等１２項,鋼筋混凝土造,113年11月15日,十層,,持分移轉
RPSNMLQJKHKGFDJ68DA,,15.67,本共有部分之項目有梯間,鋼筋混凝土造,113年11月15日,十層,,持分移轉
RPQNMLRKKHKGFBJ48DA,1,88.37,集合住宅,鋼筋混凝土造,112年10月27日,十五層,十三層 陽台,全筆移轉
RPQNMLRKKHKGFBJ48DA,1,81.12,本共有部分之項目有管委會使用空間、垃圾儲藏室、梯間、停車空間、台電配電場所、發電機房、水箱、水景機房、電信室、汙水機房等十項。,鋼筋混凝土造,112年10月27日,十五層,,持分移轉
RPQNMLRKKHKGFBJ48DA,1,18.31,本共有部分之項目有梯間、機械室、水箱等三項。,鋼筋混凝土造,112年10月27日,十五層,,持分移轉
RPROMLQKKIJGFBJ58DA,13,88.57,住家用,鋼筋混凝土造,100年11月28日,十九層,四層 陽台 雨遮,全筆移轉
RPROMLQKKIJGFBJ58DA,13,21.35,本共有部分之項目有樓梯間、水箱、機房等３項,鋼筋混凝土造,100年11月28日,十九層,,持分移轉
RPROMLQKKIJGFBJ58DA,13,52.23,本共有部份之項目有防空避難室兼停車空間、樓梯間、水箱、機房、停車空間及供公眾停車空間、管理員室、頂蓋型廣場式開放空間、健身娛樂室等８項,鋼筋混凝土造,100年11月28日,十九層,,持分移轉
RPVNMLNKJHKGFDJ68DA,,109.11,住家用,鋼筋混凝土造,,五層,二層 陽台,全筆移轉
RPVNMLNKJHKGFDJ68DA,,46.74,見其他登記事項,鋼筋混凝土造,,五層,,持分移轉
RPWNMLTJKIJGFBJ56DA,14,.25,守衛室,鋼筋混凝土造,100年2月25日,十五層,一層,持分移轉
RPWNMLTJKIJGFBJ56DA,14,113.89,住家用,鋼筋混凝土造,100年2月25日,十五層,十四層 陽台 雨遮,全筆移轉
RPQNMLNLJHKGFCJ28EA,,61.65,住家用,加強磚造,,二層,一層 二層 騎樓,持分移轉
RPWNMLTJKIJGFBJ56DA,14,59.06,本共有部分之項目有停車空間、防空避難室、公共服務空間、垃圾處理場、車道、廣場式有頂蓋開放空間等六項。,鋼筋混凝土造,100年2月25日,十五層,,持分移轉
RPWNMLTJKIJGFBJ56DA,14,24.51,本共有部分之項目有停車空間、防空避難室、公共服務空間、垃圾處理場、車道、廣場式有頂蓋開放空間等六項。,鋼筋混凝土造,100年2月25日,十五層,,持分移轉
RPQNMLNLJHKGFCJ28EA,,61.65,住家用,加強磚造,,二層,一層 二層 騎樓,持分移轉
RPWNMLTJKIJGFBJ56DA,14,22.01,本共有部分之項目有梯間、水箱等二項。,鋼筋混凝土造,100年2月25日,十五層,,持分移轉
RPUNMLKKKHKGFBJ18DA,15,57.24,商業用,鋼筋混凝土造,99年2月8日,十八層,八層 陽台,全筆移轉
RPUNMLKKKHKGFBJ18DA,15,51.04,共有部分,鋼筋混凝土造,99年2月8日,十八層,,持分移轉
RPPNMLKKKHKGFDJ87DA,10,229.30,住家用,鋼筋混凝土造,103年7月5日,四層,一層 二層 三層 四層 陽台,全筆移轉
RPROMLQJKIJGFBJ48DA,7,175.74,商業用,鋼筋混凝土造,107年4月12日,十三層,一層 二層 陽台,全筆移轉
RPROMLQJKIJGFBJ48DA,7,75.29,本共有部分之項目有停車空間、管委會空間、機房、樓梯間、水箱等五項。,鋼筋混凝土造,107年4月12日,十三層,,持分移轉
RPQOMLQJKIJGFBJ38DA,7,247.89,商業用,鋼筋混凝土造,107年4月12日,十三層,一層 二層 陽台,全筆移轉
RPQOMLQJKIJGFBJ38DA,7,92.74,本共有部分之項目有停車空間、管委會空間、機房、樓梯間、水箱等五項。,鋼筋混凝土造,107年4月12日,十三層,,持分移轉
RPTNMLSKKIJGFBJ88DA,6,52.91,住家用,鋼筋混凝土造,107年10月26日,十五層,七層 陽台 雨遮,全筆移轉
RPTNMLSKKIJGFBJ88DA,6,20.44,本共有部分之項目有公共服務空間、頂蓋型沿街步道、管委會空間、樓梯間、機房等五項。,鋼筋混凝土造,107年10月26日,十五層,,持分移轉
RPTNMLSKKIJGFBJ88DA,6,38.28,本共有部分之項目有停車空間、防空避難室兼停車空間等２項。,鋼筋混凝土造,107年10月26日,十五層,,持分移轉
RPSOMLKKKHKGFBJ08DA,6,50.92,住家用,鋼筋混凝土造,107年10月26日,十五層,二層 陽台 雨遮,全筆移轉
RPSOMLKKKHKGFBJ08DA,6,19.65,本共有部分之項目有公共服務空間、頂蓋型沿街步道、管委會空間、樓梯間、機房等五項。,鋼筋混凝土造,107年10月26日,十五層,,持分移轉
RPSOMLKKKHKGFBJ08DA,6,40.62,本共有部分之項目有停車空間、防空避難室兼停車空間等２項。,鋼筋混凝土造,107年10月26日,十五層,,持分移轉
RPVNMLOJKHKGFDJ78DA,9,182.09,住宅、停車空間,鋼筋混凝土造,104年8月3日,四層,一層 二層 三層 四層 陽台 平台,全筆移轉
RPXNMLRKJHKGFBJ09DA,16,23.11,商業用,鋼筋混凝土造,97年6月6日,十層,三層 陽台 雨遮,全筆移轉
RPXNMLRKJHKGFBJ09DA,16,9.33,共有部分,鋼筋混凝土造,97年6月6日,十層,,持分移轉
RPXNMLRKJHKGFBJ09DA,16,1.52,共有部分,鋼筋混凝土造,97年6月6日,十層,,持分移轉
RPPOMLOKJHKGFBJ08DA,10,.04,住家用,鋼筋混凝土造,104年4月17日,二十九層,一層,持分移轉
RPPOMLOKJHKGFBJ08DA,10,150.42,住家用,鋼筋混凝土造,104年4月17日,二十九層,十九層 陽台 雨遮,全筆移轉
RPPOMLOKJHKGFBJ08DA,10,29.75,本共有部分之項目有停車空間、防災中心、台電配電室、車道、梯廳、排煙室、安全梯、升降機道、游泳池機房、消防中繼機房、電信室、水箱、發電機房、配電室、防空避難室兼停車空間、消防機房、泵浦機房、汙水機房等十八項。,鋼筋混凝土造,104年4月17日,二十九層,,持分移轉
RPPOMLOKJHKGFBJ08DA,10,25.98,本共有部分之項目有停車空間、防災中心、台電配電室、車道、梯廳、排煙室、安全梯、升降機道、游泳池機房、消防中繼機房、電信室、水箱、發電機房、配電室、防空避難室兼停車空間、消防機房、泵浦機房、汙水機房等十八項。,鋼筋混凝土造,104年4月17日,二十九層,,持分移轉
RPPOMLOKJHKGFBJ08DA,10,.00,本共有部分之項目有開放空間、管委會空間、集中式垃圾貯存空間、車道、梯廳、排煙室、安全梯、升降機道、公共服務空間、室內游泳池、浴室、機房等十二項。,鋼筋混凝土造,104年4月17日,二十九層,,持分移轉
RPPOMLOKJHKGFBJ08DA,10,9.28,本共有部分之項目有開放空間、管委會空間、集中式垃圾貯存空間、車道、梯廳、排煙室、安全梯、升降機道、公共服務空間、室內游泳池、浴室、機房等十二項。,鋼筋混凝土造,104年4月17日,二十九層,,持分移轉
RPPOMLOKJHKGFBJ08DA,10,31.77,本共有部分之項目有梯廳、排煙室、安全梯、升降機道、機械室、連結中繼泵機房、水箱等七項。,鋼筋混凝土造,104年4月17日,二十九層,,持分移轉
RPWNMLNJKHKGFBJ58DA,11,63.51,住家用,鋼筋混凝土造,103年1月28日,十層,九層 陽台 雨遮,全筆移轉
RPWNMLNJKHKGFBJ58DA,11,42.83,本共有部分之項目有防空避難室兼停車空間、開放空間、管委會等３項,鋼筋混凝土造,103年1月28日,十層,,持分移轉
RPWNMLNJKHKGFBJ58DA,11,13.07,本共有部分之項目有樓梯間、電梯機械室、水箱等三項,鋼筋混凝土造,103年1月28日,十層,,持分移轉
RPOOMLQLKIJGFCJ48DA,9,138.03,住家用、停車空間,鋼筋混凝土造,104年6月8日,三層,一層 二層 三層,全筆移轉
RPUOMLMKKHKGFBJ48DA,12,111.49,住家用,鋼筋混凝土造,101年9月24日,二十五層,十五層 陽台 雨遮,全筆移轉
RPUOMLMKKHKGFBJ48DA,12,97.54,本共有部份之項目有防空避難室兼停車空間、管理員室等二項,鋼筋混凝土造,101年9月24日,二十五層,,持分移轉
RPUOMLMKKHKGFBJ48DA,12,24.44,本共有部份之項目有樓梯間、機電設備空間、水箱、機械室等四項,鋼筋混凝土造,101年9月24日,二十五層,,持分移轉
RPVNMLRKJHKGFCJ98DA,28,67.30,住家用,鋼筋混凝土造,85年12月24日,十一層,九層 陽台 雨遮,全筆移轉
RPVNMLRKJHKGFCJ98DA,28,11.47,共有部分,鋼筋混凝土造,85年12月24日,十二層,,持分移轉
RPVNMLRKJHKGFCJ98DA,28,3.96,共有部分,鋼筋混凝土造,85年12月24日,十二層,,持分移轉
RPVNMLRKJHKGFCJ98DA,28,4.96,共有部分,鋼筋混凝土造,85年12月24日,十二層,,持分移轉
RPVNMLRKJHKGFCJ98DA,28,6.35,共有部分,鋼筋混凝土造,85年12月24日,十一層,,持分移轉
RPROMLPJKHKGFBJ38DA,9,78.27,本共有部分之項目有停車空間、防空避難室兼停車空間、管理員室開放空間、公共服務空間、梯間、樓梯間、機械室、水箱等八項。,鋼筋混凝土造,104年11月16日,十四層,,持分移轉
RPROMLPJKHKGFBJ38DA,9,102.44,住家用,鋼筋混凝土造,104年11月16日,十四層,六層 陽台 雨遮,全筆移轉
RPUNMLOKKHKGFCJ68DA,31,74.55,住家用,鋼筋混凝土造,83年4月1日,六層,四層 陽台,全筆移轉
RPUNMLOKKHKGFCJ68DA,31,5.44,共有部分,鋼筋混凝土造,83年4月1日,六層,,持分移轉
RPUNMLOKKHKGFCJ68DA,31,12.22,共有部分,鋼筋混凝土造,83年4月1日,六層,,持分移轉
RPQNMLMKKHKGFBJ97DA,1,110.89,集合住宅,鋼筋混凝土造,112年10月30日,二十四層,六層 陽台,全筆移轉
RPQNMLMKKHKGFBJ97DA,1,69.23,本共有部分之項目有防空避難室兼停車空間、雨水機房、水箱、消防機房、排煙室、梯間、緊急升降機間、揚水機房、公共水箱、停車空間、中繼機房、泳池水箱、台電配電室（１）（２）、電表室及受電箱室、水景機械室、發電機室、防災中心、電信室、門廳、梯廳、穿廊、公共服務空間、資源回收室、游泳池、中繼水箱等二十五項。,鋼筋混凝土造,112年10月30日,二十四層,,持分移轉
RPQNMLMKKHKGFBJ97DA,1,30.76,本共有部分之項目有梯間、梯廳、排煙室、緊急升降機間、機械室、消防中繼機房、水錶室、水箱室、消防水箱等九項。,鋼筋混凝土造,112年10月30日,二十四層,,持分移轉
RPUNMLSJKHKGFDJ09DA,7,55.99,社區住宅,鋼筋混凝土造,107年5月24日,七層,二層 陽台,全筆移轉
RPUNMLSJKHKGFDJ09DA,7,21.45,本共有部分之項目有管委會使用空間、樓電梯間、水箱空間等三項,鋼筋混凝土造,107年5月24日,七層,,持分移轉
RPUNMLSJKHKGFDJ09DA,7,8.32,防空避難室,鋼筋混凝土造,107年5月24日,七層,,持分移轉
RPRNMLLKKHKGFBJ97DA,,90.30,住家用,加強磚造,,二層,一層 二層,全筆移轉
RPSNMLOLJHKGFDJ58DA,23,235.04,住商用,鋼筋混凝土造,90年8月14日,四層,一層 二層 三層 四層 陽台 屋頂突出物 見其他登記事項,全筆移轉
RPQNMLNKKHKGFBJ08DA,23,.19,管理室,鋼筋混凝土造,91年4月19日,十層,一層,持分移轉
RPQNMLNKKHKGFBJ08DA,23,91.62,商業用,鋼筋混凝土造,91年4月19日,十層,二層 陽台,全筆移轉
RPQNMLNKKHKGFBJ08DA,23,.03,共有部分,鋼筋混凝土造,91年4月19日,十層,,持分移轉
RPQNMLNKKHKGFBJ08DA,23,13.98,共有部分,鋼筋混凝土造,91年4月19日,十層,,持分移轉
RPQNMLNKKHKGFBJ08DA,23,23.80,共有部分,鋼筋混凝土造,91年4月19日,十層,,持分移轉
RPQNMLNKKHKGFBJ08DA,23,12.89,共有部分,鋼筋混凝土造,91年4月19日,十層,,持分移轉
RPSTNLKLKIJGFDJ98DA,,76.97,集合住宅,鋼筋混凝土造,113年11月15日,十四層,十一層 陽台,全筆移轉
RPSTNLKLKIJGFDJ98DA,,61.04,本共有部分之項目有停車空間、集合住宅（附屬管委會使用空間門廳）、集合住宅（附屬梯間）、梯間、機械室、水箱等６項,鋼筋混凝土造,113年11月15日,十四層,,持分移轉
RPQNMLTLJIJGFCJ78DA,,124.76,住商用,鋼筋混凝土造,,四層,一層 二層 三層 四層 騎樓,全筆移轉
RPPNMLPJKHKGFDJ28DA,3,80.70,集合住宅,鋼筋混凝土造,110年11月5日,十五層,十一層 陽台,全筆移轉
RPPNMLPJKHKGFDJ28DA,3,69.85,本共有部分之項目有防空避難室兼停車空間、管委會空間、停車空間、樓梯間、機房、水箱等６項,鋼筋混凝土造,110年11月5日,十五層,,持分移轉
RPWNMLPJKHKGFBJ78DA,6,51.88,住家用,鋼筋混凝土造,107年10月26日,十五層,八層 陽台 雨遮,全筆移轉
RPWNMLPJKHKGFBJ78DA,6,20.05,本共有部分之項目有公共服務空間、頂蓋型沿街步道、管委會空間、樓梯間、機房等五項。,鋼筋混凝土造,107年10月26日,十五層,,持分移轉
RPWNMLPJKHKGFBJ78DA,6,40.73,本共有部分之項目有停車空間、防空避難室兼停車空間等２項。,鋼筋混凝土造,107年10月26日,十五層,,持分移轉
RPPNMLOLKIJGFDJ38DA,,187.87,集合住宅、停車空間,鋼筋混凝土造,113年7月29日,四層,一層 二層 三層 四層 陽台,全筆移轉
RPPOMLPJKHKGFDJ38DA,,70.00,住家用,木石磚造,,一層,一層,全筆移轉
RPQNMLKLJHKGFDJ97DA,1,259.60,停車空間、住宅、樓梯間,鋼筋混凝土造,113年1月26日,四層,一層 二層 三層 四層 陽台 見其他登記事項,全筆移轉
RPVUNLKLKIJGFDJ76DA,,75.95,集合住宅,鋼筋混凝土造,113年11月15日,十四層,十四層 陽台,全筆移轉
RPVUNLKLKIJGFDJ76DA,,60.45,本共有部分之項目有停車空間、集合住宅（附屬管委會使用空間門廳）、集合住宅（附屬梯間）、梯間、機械室、水箱等６項,鋼筋混凝土造,113年11月15日,十四層,,持分移轉
RPQNMLOJKHKGFBJ08DA,16,83.30,住家用,鋼筋混凝土造,97年6月27日,十四層,十層 陽台 雨遮,全筆移轉
RPQNMLOJKHKGFBJ08DA,16,.01,管理員室,鋼筋混凝土造,97年6月27日,十四層,一層,持分移轉
RPQNMLOJKHKGFBJ08DA,16,19.31,共有部分,鋼筋混凝土造,97年6月27日,十四層,,持分移轉
RPQNMLOJKHKGFBJ08DA,16,28.83,共有部分,鋼筋混凝土造,97年6月27日,十四層,,持分移轉
RPQNMLOJKHKGFBJ08DA,16,16.83,共有部分,鋼筋混凝土造,97年6月27日,14,,持分移轉
RPOOMLNJKHKGFDJ08DA,,206.58,住家用,鋼筋混凝土加強磚造,,二層,一層 二層 騎樓 地下層,全筆移轉
RPRNMLMKKHKGFDJ28DA,7,68.96,住家用,鋼筋混凝土造,106年12月19日,五層,五層 陽台 雨遮,全筆移轉
RPRNMLMKKHKGFDJ28DA,7,8.99,本共有部分之項目有樓梯間、電梯機房、蓄水池等三項,鋼筋混凝土造,106年12月19日,五層,,持分移轉
RPRNMLMKKHKGFDJ28DA,7,11.51,停車空間,鋼筋混凝土造,106年12月19日,五層,,持分移轉
RPWNMLOKJIJGFBJ68DA,44,110.00,住家用,加強磚造,70年1月17日,二層,一層 二層,全筆移轉
RPVSMLKLKIJGFDJ09DA,,76.97,集合住宅,鋼筋混凝土造,113年11月15日,十四層,十三層 陽台,全筆移轉
RPVSMLKLKIJGFDJ09DA,,60.26,本共有部分之項目有停車空間、集合住宅（附屬管委會使用空間門廳）、集合住宅（附屬梯間）、梯間、機械室、水箱等６項,鋼筋混凝土造,113年11月15日,十四層,,持分移轉
RPUOMLKKKHKGFDJ48DA,,57.39,集合住宅,鋼筋混凝土造,113年7月5日,九層,八層 陽台,全筆移轉
RPUOMLKKKHKGFDJ48DA,,63.37,本共有部分之項目有停車空間、排煙室、樓梯間、昇降機間、消防機房、機房、車道、電信室、水箱、台電配電室、緊急發電機室、垃圾集中室、管委會使用空間、梯廳、水錶區、梯間、電梯機房等１７項,鋼筋混凝土造,113年7月5日,九層,,持分移轉
SPRNMLNJJHKGFCJ18DA,,193.79,住家用,加強磚造,,二層,一層 二層,全筆移轉
RPTRMLNLKIJGFDJ09DA,,56.13,集合住宅,鋼筋混凝土造,113年11月15日,十四層,十層 陽台,全筆移轉
RPTRMLNLKIJGFDJ09DA,,50.51,本共有部分之項目有停車空間、集合住宅（附屬管委會使用空間門廳）、集合住宅（附屬梯間）、梯間、機械室、水箱等６項,鋼筋混凝土造,113年11月15日,十四層,,持分移轉
RPXUNLKLKIJGFDJ96DA,8,235.30,店舖、住宅,鋼筋混凝土造,105年8月11日,二層,一層 二層,全筆移轉
RPRNMLNKKHKGFBJ18DA,30,27.80,商業用,鋼筋混凝土造,84年4月20日,十九層,地下一層,持分移轉
RPRNMLNKKHKGFBJ18DA,30,75.19,住家用,鋼筋混凝土造,84年4月20日,十九層,十七層 陽台,全筆移轉
RPRNMLNKKHKGFBJ18DA,30,1.74,共有部分,鋼筋混凝土造,84年4月20日,十九層,,持分移轉
RPRNMLNKKHKGFBJ18DA,30,13.57,共有部分,鋼筋混凝土造,84年4月20日,十九層,,持分移轉
RPRNMLNKKHKGFBJ18DA,30,.23,共有部分,鋼筋混凝土造,84年4月20日,十九層,,持分移轉
RPRNMLNKKHKGFBJ18DA,30,1.48,共有部分,鋼筋混凝土造,84年4月20日,十九層,,持分移轉
RPRNMLNKKHKGFBJ18DA,30,.92,共有部分,鋼筋混凝土造,84年4月20日,十九層,,持分移轉
RPRNMLNKKHKGFBJ18DA,30,5.86,共有部分,鋼筋混凝土造,84年4月20日,十九層,,持分移轉
RPROMLMLJHKGFBJ18DA,16,34.18,商業用,鋼筋混凝土造,97年9月15日,十六層,五層 陽台,全筆移轉
RPVNMLRJKHKGFBJ88DA,6,53.36,住家用,鋼筋混凝土造,107年10月26日,十五層,十一層 陽台 雨遮,全筆移轉
RPROMLMLJHKGFBJ18DA,16,4.82,共有部分,鋼筋混凝土造,97年9月15日,十六層,,持分移轉
RPVNMLRJKHKGFBJ88DA,6,20.64,本共有部分之項目有公共服務空間、頂蓋型沿街步道、管委會空間、樓梯間、機房等五項。,鋼筋混凝土造,107年10月26日,十五層,,持分移轉
RPROMLMLJHKGFBJ18DA,16,2.10,共有部分,鋼筋混凝土造,97年9月15日,十六層,,持分移轉
RPVNMLRJKHKGFBJ88DA,6,40.97,本共有部分之項目有停車空間、防空避難室兼停車空間等２項。,鋼筋混凝土造,107年10月26日,十五層,,持分移轉
RPROMLMLJHKGFBJ18DA,16,11.09,共有部分,鋼筋混凝土造,97年9月15日,十六層,,持分移轉
RPSNMLPLIIJGFBJ48EA,30,66.69,住家用,鋼筋混凝土造,84年4月20日,十九層,十四層 陽台,全筆移轉
RPSNMLPLIIJGFBJ48EA,30,11.29,共有部分,鋼筋混凝土造,84年4月20日,十九層,,持分移轉
RPSNMLPLIIJGFBJ48EA,30,1.43,共有部分,鋼筋混凝土造,84年4月20日,十九層,,持分移轉
RPSNMLPLIIJGFBJ48EA,30,5.66,共有部分,鋼筋混凝土造,84年4月20日,十九層,,持分移轉
RPUOMLOJKHKGFBJ58DA,11,113.72,住家用,鋼筋混凝土造,102年8月2日,十四層,十層 陽台 雨遮,全筆移轉
RPUOMLOJKHKGFBJ58DA,11,114.02,本共有部分之項目有防空避難室兼停車空間、有頂蓋式開放空間、梯間、水箱、機械室等五項。,鋼筋混凝土造,102年8月2日,十四層,,持分移轉
RPSNMLNJJHKGFCJ18DA,3,214.35,住宅、樓梯間,鋼筋混凝土造,110年7月9日,三層,一層 二層 三層 陽台 見其他登記事項,全筆移轉
RPVNMLSJKHKGFBJ98DA,11,113.72,住家用,鋼筋混凝土造,102年8月2日,十四層,十一層 陽台 雨遮,全筆移轉
RPVNMLSJKHKGFBJ98DA,11,116.09,本共有部分之項目有防空避難室兼停車空間、有頂蓋式開放空間、梯間、水箱、機械室等五項。,鋼筋混凝土造,102年8月2日,十四層,,持分移轉
RPPNMLMKKHKGFCJ08EA,,62.48,住家用,加強磚造,,一層,一層,全筆移轉
RPRNMLKKKHKGFBJ87DA,25,228.22,住家用,鋼筋混凝土造,88年8月12日,三層,一層 二層 三層 陽台 平台 屋頂突出物 雨遮 地下層,全筆移轉
RPRNMLKKKHKGFBJ87DA,25,17.73,停車空間,鋼筋混凝土造,88年8月12日,三層,,持分移轉
RPRNMLOKKHKGFBJ28DA,4,38.87,本共有部分之項目有防空避難室兼停車空間、機房、消防機房、發電機室、梯間、水箱、停車空間、電信室、台電配電室、空調機械室、錶箱室、公共服務空間、垃圾室、頂蓋型開放空間、管理室、車道、排煙室、梯廳等十八項。,鋼筋混凝土造,110年2月9日,十三層,,持分移轉
RPSOMLNKJHKGFBJ28DA,21,220.47,住家用,鋼筋混凝土造,93年1月19日,四層,一層 二層 三層 四層 陽台 雨遮 地下層,全筆移轉
RPSOMLNKJHKGFBJ28DA,21,20.28,共有部分,鋼筋混凝土造,93年1月19日,四層,,持分移轉
RPWOMLNLKIJGFDJ09DA,,55.11,集合住宅,鋼筋混凝土造,113年11月15日,十四層,八層 陽台,全筆移轉
RPWOMLNLKIJGFDJ09DA,,50.12,本共有部分之項目有停車空間、集合住宅（附屬管委會使用空間門廳）、集合住宅（附屬梯間）、梯間、機械室、水箱等６項,鋼筋混凝土造,113年11月15日,十四層,,持分移轉
RPQPMLNLKIJGFDJ58DA,,55.11,集合住宅,鋼筋混凝土造,113年11月15日,十四層,十三層 陽台,全筆移轉
RPQPMLNLKIJGFDJ58DA,,50.12,本共有部分之項目有停車空間、集合住宅（附屬管委會使用空間門廳）、集合住宅（附屬梯間）、梯間、機械室、水箱等６項,鋼筋混凝土造,113年11月15日,十四層,,持分移轉
RPUNMLRKJHKGFDJ98DA,,58.43,集合住宅,鋼筋混凝土造,113年11月15日,十四層,六層 陽台,全筆移轉
RPUNMLRKJHKGFDJ98DA,,51.68,本共有部分之項目有停車空間、集合住宅（附屬管委會使用空間門廳）、集合住宅（附屬梯間）、梯間、機械室、水箱等６項,鋼筋混凝土造,113年11月15日,十四層,,持分移轉
RPVNMLRKJHKGFDJ09DA,,56.13,集合住宅,鋼筋混凝土造,113年11月15日,十四層,七層 陽台,全筆移轉
RPVNMLRKJHKGFDJ09DA,,50.51,本共有部分之項目有停車空間、集合住宅（附屬管委會使用空間門廳）、集合住宅（附屬梯間）、梯間、機械室、水箱等６項,鋼筋混凝土造,113年11月15日,十四層,,持分移轉
RPRNMLNJJHKGFCJ08DA,,193.79,住家用,加強磚造,,二層,一層 二層,全筆移轉
RPSNMLOJKHKGFDJ48DA,,159.70,集合住宅、停車空間,鋼筋混凝土造,113年7月18日,五層,一層 二層 三層 四層 五層,全筆移轉
RPTNMLNKKHKGFBJ38DA,33,75.22,住家用,鋼筋混凝土造,81年1月10日,九層,三層 陽台 見其他登記事項,全筆移轉
RPTNMLNKKHKGFBJ38DA,33,20.07,共有部分,鋼筋混凝土造,81年1月10日,九層,,持分移轉
RPPNMLSKKHKGFCJ68EA,8,69.96,集合住宅,鋼筋混凝土造,105年6月24日,七層,二層 陽台,全筆移轉
RPPNMLSKKHKGFCJ68EA,8,13.72,本共有部分之項目有樓梯間，電梯間，機械室，水箱，梯廳等５項,鋼筋混凝土造,105年6月24日,七層,,持分移轉
RPPNMLSKKHKGFCJ68EA,8,54.00,本共有部分之項目有停車空間，設備空間，電梯間，樓梯間，發電機室，消防機械室，水箱，台電配電室，電信室，公共服務空間，車道，外廊，資源環保室等１３項,鋼筋混凝土造,105年6月24日,七層,,持分移轉
RPTNMLLMKIJGFBJ38DA,,188.85,集合住宅、停車空間,鋼筋混凝土造,113年9月4日,四層,一層 二層 三層 四層,全筆移轉
RPUOMLLJJIJGFBJ18DA,1,75.93,集合住宅,鋼筋混凝土造,113年3月14日,十五層,四層 陽台,全筆移轉
RPUOMLLJJIJGFBJ18DA,1,50.53,本共有部分之項目有停車空間、防空避難室兼停車空間、騎樓〈連續性前廊〉、樓電梯間、管委會空間等五項。,鋼筋混凝土造,113年3月14日,十五層,,持分移轉
RPUOMLLJJIJGFBJ18DA,1,16.36,本共有部分之項目有梯間、消防水箱、電梯機械室、水箱等四項。,鋼筋混凝土造,113年3月14日,十五層,,持分移轉
RPSONLKLKIJGFDJ48DA,,58.43,集合住宅,鋼筋混凝土造,113年11月15日,十四層,十層 陽台,全筆移轉
RPQPNLKLKIJGFDJ38DA,,58.43,集合住宅,鋼筋混凝土造,113年11月15日,十四層,十四層 陽台,全筆移轉
RPSONLKLKIJGFDJ48DA,,51.68,本共有部分之項目有停車空間、集合住宅（附屬管委會使用空間門廳）、集合住宅（附屬梯間）、梯間、機械室、水箱等６項,鋼筋混凝土造,113年11月15日,十四層,,持分移轉
RPQPNLKLKIJGFDJ38DA,,51.68,本共有部分之項目有停車空間、集合住宅（附屬管委會使用空間門廳）、集合住宅（附屬梯間）、梯間、機械室、水箱等６項,鋼筋混凝土造,113年11月15日,十四層,,持分移轉
RPVNMLKKKHKGFBJ28DA,,61.11,集合住宅,鋼筋混凝土造,113年9月13日,十五層,七層 陽台,全筆移轉
RPVNMLKKKHKGFBJ28DA,,60.31,本共有部分之項目有停車空間、集合住宅（附屬管委會使用空間、垃圾處理空間）、梯間、機械室、水箱等五項。,鋼筋混凝土造,113年9月13日,十五層,,持分移轉
RPSOMLOJKHKGFBJ38DA,,61.11,集合住宅,鋼筋混凝土造,113年9月13日,十五層,十三層 陽台,全筆移轉
RPSOMLOJKHKGFBJ38DA,,60.31,本共有部分之項目有停車空間、集合住宅（附屬管委會使用空間、垃圾處理空間）、梯間、機械室、水箱等五項。,鋼筋混凝土造,113年9月13日,十五層,,持分移轉
RPTSMLKLKIJGFDJ88DA,,76.97,集合住宅,鋼筋混凝土造,113年11月15日,十四層,十一層 陽台,全筆移轉
RPTSMLKLKIJGFDJ88DA,,61.23,本共有部分之項目有停車空間、集合住宅（附屬管委會使用空間門廳）、集合住宅（附屬梯間）、梯間、機械室、水箱等６項,鋼筋混凝土造,113年11月15日,十四層,,持分移轉
RPPPMLOJKHKGFBJ18DA,3,109.10,集合住宅,鋼筋混凝土造,110年2月9日,十八層,十四層 陽台 雨遮,全筆移轉
RPPPMLOJKHKGFBJ18DA,3,40.85,本共有部分之項目有公共服務空間、管委會使用空間、梯廳兼排煙室、梯廳、安全梯、污物處理室、防災中心、中繼機房、消防中繼水箱、機械室、水箱、昇降機間、樓梯間、機車車道、汽車車道等十五項。,鋼筋混凝土造,110年2月9日,十八層,,持分移轉
RPPPMLOJKHKGFBJ18DA,3,80.63,本共有部分之項目有防空避難室兼停車空間、台電配電室、電信機房、緊急發電機房、停車空間、機械室、水箱、消防機房兼消防中繼機房、污水機房、排煙室、昇降機間、安全梯等十二項。,鋼筋混凝土造,110年2月9日,十八層,,持分移轉
RPRNMLPJKIJGFBJ28DA,,196.35,集合住宅、停車空間,鋼筋混凝土造,113年9月4日,四層,一層 二層 三層 四層,全筆移轉
RPQNMLQKJHKGFCJ38DA,24,97.88,住家用,鋼筋混凝土造,89年4月27日,五層,四層 陽台,全筆移轉
RPQNMLQKJHKGFCJ38DA,24,.02,管理室,鋼筋混凝土造,89年4月27日,五層,一層,持分移轉
RPQNMLQKJHKGFCJ38DA,24,12.73,共有部分,鋼筋混凝土造,89年4月27日,五層,,持分移轉
RPQNMLQKJHKGFCJ38DA,24,11.68,停車空間,鋼筋混凝土造,89年4月27日,五層,,持分移轉
RPQNMLQKJHKGFCJ38DA,24,25.22,停車空間,鋼筋混凝土造,89年4月27日,五層,,持分移轉
RPRPMLKLKIJGFDJ38DA,,58.43,集合住宅,鋼筋混凝土造,113年11月15日,十四層,九層 陽台,全筆移轉
RPRPMLKLKIJGFDJ38DA,,51.68,本共有部分之項目有停車空間、集合住宅（附屬管委會使用空間門廳）、集合住宅（附屬梯間）、梯間、機械室、水箱等６項,鋼筋混凝土造,113年11月15日,十四層,,持分移轉
RPURMLKLKIJGFDJ88DA,,76.64,集合住宅,鋼筋混凝土造,113年11月15日,十四層,七層 陽台,全筆移轉
RPURMLKLKIJGFDJ88DA,,60.84,本共有部分之項目有停車空間、集合住宅（附屬管委會使用空間門廳）、集合住宅（附屬梯間）、梯間、機械室、水箱等６項,鋼筋混凝土造,113年11月15日,十四層,,持分移轉
RPVQMLKLKIJGFDJ88DA,,53.32,集合住宅,鋼筋混凝土造,113年11月15日,十四層,十一層 陽台,全筆移轉
RPVQMLKLKIJGFDJ88DA,,49.14,本共有部分之項目有停車空間、集合住宅（附屬管委會使用空間門廳）、集合住宅（附屬梯間）、梯間、機械室、水箱等６項,鋼筋混凝土造,113年11月15日,十四層,,持分移轉
RPPONLKLKIJGFDJ18DA,,58.43,集合住宅,鋼筋混凝土造,113年11月15日,十四層,九層 陽台,全筆移轉
RPPONLKLKIJGFDJ18DA,,50.70,本共有部分之項目有停車空間、集合住宅（附屬管委會使用空間門廳）、集合住宅（附屬梯間）、梯間、機械室、水箱等６項,鋼筋混凝土造,113年11月15日,十四層,,持分移轉
RPPPNLKLKIJGFDJ28DA,,58.43,集合住宅,鋼筋混凝土造,113年11月15日,十四層,十三層 陽台,全筆移轉
RPPPNLKLKIJGFDJ28DA,,51.68,本共有部分之項目有停車空間、集合住宅（附屬管委會使用空間門廳）、集合住宅（附屬梯間）、梯間、機械室、水箱等６項,鋼筋混凝土造,113年11月15日,十四層,,持分移轉
RPPNMLQJJIJGFBJ08DA,30,66.69,商業用,鋼筋混凝土造,84年4月20日,十九層,八層 陽台,全筆移轉
RPPNMLQJJIJGFBJ08DA,30,11.29,共有部分,鋼筋混凝土造,84年4月20日,十九層,,持分移轉
RPPNMLQJJIJGFBJ08DA,30,1.43,共有部分,鋼筋混凝土造,84年4月20日,十九層,,持分移轉
RPPNMLQJJIJGFBJ08DA,30,5.66,共有部分,鋼筋混凝土造,84年4月20日,十九層,,持分移轉
RPWSNLKLKIJGFDJ66DA,,76.64,集合住宅,鋼筋混凝土造,113年11月15日,十四層,七層 陽台,全筆移轉
RPWSNLKLKIJGFDJ66DA,,60.84,本共有部分之項目有停車空間、集合住宅（附屬管委會使用空間門廳）、集合住宅（附屬梯間）、梯間、機械室、水箱等６項,鋼筋混凝土造,113年11月15日,十四層,,持分移轉
RPPUNLKLKIJGFDJ78DA,,75.95,集合住宅,鋼筋混凝土造,113年11月15日,十四層,八層 陽台,全筆移轉
RPPUNLKLKIJGFDJ78DA,,60.45,本共有部分之項目有停車空間、集合住宅（附屬管委會使用空間門廳）、集合住宅（附屬梯間）、梯間、機械室、水箱等６項,鋼筋混凝土造,113年11月15日,十四層,,持分移轉
RPWONLKLKIJGFDJ88DA,,58.43,集合住宅,鋼筋混凝土造,113年11月15日,十四層,十二層 陽台,全筆移轉
RPWONLKLKIJGFDJ88DA,,50.70,本共有部分之項目有停車空間、集合住宅（附屬管委會使用空間門廳）、集合住宅（附屬梯間）、梯間、機械室、水箱等６項,鋼筋混凝土造,113年11月15日,十四層,,持分移轉
RPVONLKLKIJGFDJ78DA,,58.43,集合住宅,鋼筋混凝土造,113年11月15日,十四層,十一層 陽台,全筆移轉
RPVONLKLKIJGFDJ78DA,,51.68,本共有部分之項目有停車空間、集合住宅（附屬管委會使用空間門廳）、集合住宅（附屬梯間）、梯間、機械室、水箱等６項,鋼筋混凝土造,113年11月15日,十四層,,持分移轉
RPPROLKLKIJGFDJ58DA,,76.64,集合住宅,鋼筋混凝土造,113年11月15日,十四層,七層 陽台,全筆移轉
RPPROLKLKIJGFDJ58DA,,60.84,本共有部分之項目有停車空間、集合住宅（附屬管委會使用空間門廳）、集合住宅（附屬梯間）、梯間、機械室、水箱等６項,鋼筋混凝土造,113年11月15日,十四層,,持分移轉
RPRROLKLKIJGFDJ78DA,,76.64,集合住宅,鋼筋混凝土造,113年11月15日,十四層,十層 陽台,全筆移轉
RPRROLKLKIJGFDJ78DA,,60.84,本共有部分之項目有停車空間、集合住宅（附屬管委會使用空間門廳）、集合住宅（附屬梯間）、梯間、機械室、水箱等６項,鋼筋混凝土造,113年11月15日,十四層,,持分移轉
RPUVMLKLKIJGFDJ66DA,,58.04,集合住宅,鋼筋混凝土造,113年11月15日,十四層,九層 陽台,全筆移轉
RPUVMLKLKIJGFDJ66DA,,51.48,本共有部分之項目有停車空間、集合住宅（附屬管委會使用空間門廳）、集合住宅（附屬梯間）、梯間、機械室、水箱等６項,鋼筋混凝土造,113年11月15日,十四層,,持分移轉
RPSRNLKLKIJGFDJ78DA,,53.32,集合住宅,鋼筋混凝土造,113年11月15日,十四層,十三層 陽台,全筆移轉
RPSRNLKLKIJGFDJ78DA,,49.14,本共有部分之項目有停車空間、集合住宅（附屬管委會使用空間門廳）、集合住宅（附屬梯間）、梯間、機械室、水箱等６項,鋼筋混凝土造,113年11月15日,十四層,,持分移轉
RPXVMLKLKIJGFDJ96DA,,58.04,集合住宅,鋼筋混凝土造,113年11月15日,十四層,十二層 陽台,全筆移轉
RPXVMLKLKIJGFDJ96DA,,51.48,本共有部分之項目有停車空間、集合住宅（附屬管委會使用空間門廳）、集合住宅（附屬梯間）、梯間、機械室、水箱等６項,鋼筋混凝土造,113年11月15日,十四層,,持分移轉
RPSVMLKLKIJGFDJ09DA,,58.04,集合住宅,鋼筋混凝土造,113年11月15日,十四層,八層 陽台,全筆移轉
RPSVMLKLKIJGFDJ09DA,,51.48,本共有部分之項目有停車空間、集合住宅（附屬管委會使用空間門廳）、集合住宅（附屬梯間）、梯間、機械室、水箱等６項,鋼筋混凝土造,113年11月15日,十四層,,持分移轉
RPVNMLOKJHKGFDJ78DA,,53.32,集合住宅,鋼筋混凝土造,113年11月15日,十四層,九層 陽台,全筆移轉
RPVNMLOKJHKGFDJ78DA,,49.14,本共有部分之項目有停車空間、集合住宅（附屬管委會使用空間門廳）、集合住宅（附屬梯間）、梯間、機械室、水箱等６項,鋼筋混凝土造,113年11月15日,十四層,,持分移轉
RPROMLMKKHKGFBJ18DA,,89.35,集合住宅,鋼筋混凝土造,113年9月13日,十五層,十一層 陽台,全筆移轉
RPVNMLRJKHKGFDJ09DA,,5.15,店舖,鋼筋混凝土造,113年10月22日,四層,一層,全筆移轉
RPROMLMKKHKGFBJ18DA,,74.53,本共有部分之項目有停車空間、集合住宅（附屬管委會使用空間、垃圾處理空間）、梯間、機械室、水箱等五項。,鋼筋混凝土造,113年9月13日,十五層,,持分移轉
RPVNMLRJKHKGFDJ09DA,,180.99,集合住宅、停車空間,鋼筋混凝土造,113年10月22日,四層,一層 二層 三層 四層 陽台,全筆移轉
RPVNMLRJKHKGFDJ09DA,,.40,本共有部分之項目有騎樓,鋼筋混凝土造,113年10月22日,四層,,持分移轉
RPVNMLRJKHKGFDJ09DA,,14.00,本共有部分之項目有騎樓,鋼筋混凝土造,113年10月22日,四層,,持分移轉
RPXONLKLKIJGFDJ98DA,,58.43,集合住宅,鋼筋混凝土造,113年11月15日,十四層,十二層 陽台,全筆移轉
RPXONLKLKIJGFDJ98DA,,51.68,本共有部分之項目有停車空間、集合住宅（附屬管委會使用空間門廳）、集合住宅（附屬梯間）、梯間、機械室、水箱等６項,鋼筋混凝土造,113年11月15日,十四層,,持分移轉
RPQVMLKLKIJGFDJ88DA,,58.04,集合住宅,鋼筋混凝土造,113年11月15日,十四層,八層 陽台,全筆移轉
RPQVMLKLKIJGFDJ88DA,,51.48,本共有部分之項目有停車空間、集合住宅（附屬管委會使用空間門廳）、集合住宅（附屬梯間）、梯間、機械室、水箱等６項,鋼筋混凝土造,113年11月15日,十四層,,持分移轉
RPQNMLOKKIJGFBJ18DA,,238.50,店舖、停車空間、集合住宅、樓梯間,鋼筋混凝土造,113年7月18日,四層,一層 二層 三層 四層 陽台 見其他登記事項,全筆移轉
RPOPMLNLKIJGFDJ38DA,,55.11,集合住宅,鋼筋混凝土造,113年11月15日,十四層,十一層 陽台,全筆移轉
RPOPMLNLKIJGFDJ38DA,,50.12,本共有部分之項目有停車空間、集合住宅（附屬管委會使用空間門廳）、集合住宅（附屬梯間）、梯間、機械室、水箱等６項,鋼筋混凝土造,113年11月15日,十四層,,持分移轉
RPUQNLKLKIJGFDJ88DA,,53.32,集合住宅,鋼筋混凝土造,113年11月15日,十四層,八層 陽台,全筆移轉
RPUQNLKLKIJGFDJ88DA,,49.14,本共有部分之項目有停車空間、集合住宅（附屬管委會使用空間門廳）、集合住宅（附屬梯間）、梯間、機械室、水箱等６項,鋼筋混凝土造,113年11月15日,十四層,,持分移轉
RPWNMLRJKHKGFDJ56DA,,184.63,集合住宅、停車空間,鋼筋混凝土造,113年10月22日,四層,一層 二層 三層 四層 陽台,全筆移轉
RPXVNLKLKIJGFDJ07DA,,78.52,集合住宅,鋼筋混凝土造,113年11月15日,十四層,九層 陽台,全筆移轉
RPXVNLKLKIJGFDJ07DA,,61.82,本共有部分之項目有停車空間、集合住宅（附屬管委會使用空間門廳）、集合住宅（附屬梯間）、梯間、機械室、水箱等６項,鋼筋混凝土造,113年11月15日,十四層,,持分移轉
RPRSOLKLKIJGFDJ88DA,,75.82,集合住宅,鋼筋混凝土造,113年11月15日,十四層,四層 陽台,全筆移轉
RPRSOLKLKIJGFDJ88DA,,60.45,本共有部分之項目有停車空間、集合住宅（附屬管委會使用空間門廳）、集合住宅（附屬梯間）、梯間、機械室、水箱等６項,鋼筋混凝土造,113年11月15日,十四層,,持分移轉
RPXROLKLKIJGFDJ76DA,,76.97,集合住宅,鋼筋混凝土造,113年11月15日,十四層,七層 陽台,全筆移轉
RPXROLKLKIJGFDJ76DA,,60.06,本共有部分之項目有停車空間、集合住宅（附屬管委會使用空間門廳）、集合住宅（附屬梯間）、梯間、機械室、水箱等６項,鋼筋混凝土造,113年11月15日,十四層,,持分移轉
RPPWMLKLKIJGFDJ88DA,,58.04,集合住宅,鋼筋混凝土造,113年11月15日,十四層,十三層 陽台,全筆移轉
RPPWMLKLKIJGFDJ88DA,,50.51,本共有部分之項目有停車空間、集合住宅（附屬管委會使用空間門廳）、集合住宅（附屬梯間）、梯間、機械室、水箱等６項,鋼筋混凝土造,113年11月15日,十四層,,持分移轉
RPUWMLKLKIJGFDJ76DA,,58.04,集合住宅,鋼筋混凝土造,113年11月15日,十四層,十四層 陽台,全筆移轉
RPUWMLKLKIJGFDJ76DA,,51.48,本共有部分之項目有停車空間、集合住宅（附屬管委會使用空間門廳）、集合住宅（附屬梯間）、梯間、機械室、水箱等６項,鋼筋混凝土造,113年11月15日,十四層,,持分移轉
RPSWMLKLKIJGFDJ56DA,,58.04,集合住宅,鋼筋混凝土造,113年11月15日,十四層,十四層 陽台,全筆移轉
RPSWMLKLKIJGFDJ56DA,,51.48,本共有部分之項目有停車空間、集合住宅（附屬管委會使用空間門廳）、集合住宅（附屬梯間）、梯間、機械室、水箱等６項,鋼筋混凝土造,113年11月15日,十四層,,持分移轉
RPOONLKLKIJGFDJ08DA,,58.43,集合住宅,鋼筋混凝土造,113年11月15日,十四層,七層 陽台,全筆移轉
RPOONLKLKIJGFDJ08DA,,51.68,本共有部分之項目有停車空間、集合住宅（附屬管委會使用空間門廳）、集合住宅（附屬梯間）、梯間、機械室、水箱等６項,鋼筋混凝土造,113年11月15日,十四層,,持分移轉
RPUONLKLKIJGFDJ68DA,,58.43,集合住宅,鋼筋混凝土造,113年11月15日,十四層,十一層 陽台,全筆移轉
RPUONLKLKIJGFDJ68DA,,51.68,本共有部分之項目有停車空間、集合住宅（附屬管委會使用空間門廳）、集合住宅（附屬梯間）、梯間、機械室、水箱等６項,鋼筋混凝土造,113年11月15日,十四層,,持分移轉
RPQRNLKLKIJGFDJ58DA,,53.32,集合住宅,鋼筋混凝土造,113年11月15日,十四層,十二層 陽台,全筆移轉
RPQRNLKLKIJGFDJ58DA,,49.14,本共有部分之項目有停車空間、集合住宅（附屬管委會使用空間門廳）、集合住宅（附屬梯間）、梯間、機械室、水箱等６項,鋼筋混凝土造,113年11月15日,十四層,,持分移轉
RPVVMLRKKHKGFDJ37DA,,89.79,店舖（附屬儲藏室）,鋼筋混凝土造,113年11月8日,十層,一層 陽台 見其他登記事項,全筆移轉
RPVVMLRKKHKGFDJ37DA,,69.25,本共有部分之項目有停車空間、機房、汙、雨水回收機房、消防泵浦室、發電機室、蓄水池、防空避難室兼停車空間、垃圾貯存空間、電信室、台電配電場所、集合住宅（附屬開放空間、管委會使用空間）、集合住宅（附屬梯間）、梯間、機房、水箱等１５項,鋼筋混凝土造,113年11月8日,十層,,持分移轉
RPWVMLRKKHKGFDJ47DA,,84.68,店舖（附屬儲藏室）,鋼筋混凝土造,113年11月8日,十層,一層 陽台 見其他登記事項,全筆移轉
RPWVMLRKKHKGFDJ47DA,,66.79,本共有部分之項目有停車空間、機房、汙、雨水回收機房、消防泵浦室、發電機室、蓄水池、防空避難室兼停車空間、垃圾貯存空間、電信室、台電配電場所、集合住宅（附屬開放空間、管委會使用空間）、集合住宅（附屬梯間）、梯間、機房、水箱等１５項,鋼筋混凝土造,113年11月8日,十層,,持分移轉
RPWROLKLKIJGFDJ66DA,,76.97,集合住宅,鋼筋混凝土造,113年11月15日,十四層,六層 陽台,全筆移轉
RPWROLKLKIJGFDJ66DA,,61.04,本共有部分之項目有停車空間、集合住宅（附屬管委會使用空間門廳）、集合住宅（附屬梯間）、梯間、機械室、水箱等６項,鋼筋混凝土造,113年11月15日,十四層,,持分移轉
RPSNMLNLKIJGFDJ58DA,,78.53,集合住宅,鋼筋混凝土造,113年11月15日,十四層,六層 陽台,全筆移轉
RPSNMLNLKIJGFDJ58DA,,61.82,本共有部分之項目有停車空間、集合住宅（附屬管委會使用空間門廳）、集合住宅（附屬梯間）、梯間、機械室、水箱等６項,鋼筋混凝土造,113年11月15日,十四層,,持分移轉
RPORNLKLKIJGFDJ38DA,,53.32,集合住宅,鋼筋混凝土造,113年11月15日,十四層,十一層 陽台,全筆移轉
RPORNLKLKIJGFDJ38DA,,48.17,本共有部分之項目有停車空間、集合住宅（附屬管委會使用空間門廳）、集合住宅（附屬梯間）、梯間、機械室、水箱等６項,鋼筋混凝土造,113年11月15日,十四層,,持分移轉
RPWOMLKMKIJGFBJ68DA,,87.07,店舖,鋼筋混凝土造,113年9月13日,十五層,一層 陽台,全筆移轉
RPWOMLKMKIJGFBJ68DA,,66.54,本共有部分之項目有停車空間、集合住宅（附屬管委會使用空間、垃圾處理空間）、梯間、機械室、水箱等五項。,鋼筋混凝土造,113年9月13日,十五層,,持分移轉
RPPQOLKLKIJGFDJ48DA,,56.13,集合住宅,鋼筋混凝土造,113年11月15日,十四層,十一層 陽台,全筆移轉
RPPQOLKLKIJGFDJ48DA,,50.51,本共有部分之項目有停車空間、集合住宅（附屬管委會使用空間門廳）、集合住宅（附屬梯間）、梯間、機械室、水箱等６項,鋼筋混凝土造,113年11月15日,十四層,,持分移轉
RPUPOLKLKIJGFDJ88DA,,56.13,集合住宅,鋼筋混凝土造,113年11月15日,十四層,七層 陽台,全筆移轉
RPUPOLKLKIJGFDJ88DA,,50.51,本共有部分之項目有停車空間、集合住宅（附屬管委會使用空間門廳）、集合住宅（附屬梯間）、梯間、機械室、水箱等６項,鋼筋混凝土造,113年11月15日,十四層,,持分移轉
RPRTNLKLKIJGFDJ88DA,,76.97,集合住宅,鋼筋混凝土造,113年11月15日,十四層,六層 陽台,全筆移轉
RPRTNLKLKIJGFDJ88DA,,61.04,本共有部分之項目有停車空間、集合住宅（附屬管委會使用空間門廳）、集合住宅（附屬梯間）、梯間、機械室、水箱等６項,鋼筋混凝土造,113年11月15日,十四層,,持分移轉
RPPOMLKLJHKGFDJ97DA,,56.85,集合住宅,鋼筋混凝土造,113年11月8日,十層,八層 陽台,全筆移轉
RPPOMLKLJHKGFDJ97DA,,52.64,本共有部分之項目有停車空間、機房、汙、雨水回收機房、消防泵浦室、發電機室、蓄水池、防空避難室兼停車空間、垃圾貯存空間、電信室、台電配電場所、集合住宅（附屬開放空間、管委會使用空間）、集合住宅（附屬梯間）、梯間、機房、水箱等１５項,鋼筋混凝土造,113年11月8日,十層,,持分移轉
RPOOMLKLJHKGFDJ87DA,,59.17,集合住宅,鋼筋混凝土造,113年11月8日,十層,十層 陽台,全筆移轉
RPOOMLKLJHKGFDJ87DA,,53.78,本共有部分之項目有停車空間、機房、汙、雨水回收機房、消防泵浦室、發電機室、蓄水池、防空避難室兼停車空間、垃圾貯存空間、電信室、台電配電場所、集合住宅（附屬開放空間、管委會使用空間）、集合住宅（附屬梯間）、梯間、機房、水箱等１５項,鋼筋混凝土造,113年11月8日,十層,,持分移轉
RPQNOLKLKIJGFDJ28DA,,55.11,集合住宅,鋼筋混凝土造,113年11月15日,十四層,九層 陽台,全筆移轉
RPQNOLKLKIJGFDJ28DA,,50.12,本共有部分之項目有停車空間、集合住宅（附屬管委會使用空間門廳）、集合住宅（附屬梯間）、梯間、機械室、水箱等６項,鋼筋混凝土造,113年11月15日,十四層,,持分移轉
RPONOLKLKIJGFDJ08DA,,55.11,集合住宅,鋼筋混凝土造,113年11月15日,十四層,七層 陽台,全筆移轉
RPSOMLRJKHKGFDJ88DA,,184.64,集合住宅、停車空間,鋼筋混凝土造,113年10月22日,四層,一層 二層 三層 四層 陽台,全筆移轉
RPONOLKLKIJGFDJ08DA,,51.48,本共有部分之項目有停車空間、集合住宅（附屬管委會使用空間門廳）、集合住宅（附屬梯間）、梯間、機械室、水箱等６項,鋼筋混凝土造,113年11月15日,十四層,,持分移轉
RPOVMLKLKIJGFDJ68DA,,58.04,集合住宅,鋼筋混凝土造,113年11月15日,十四層,六層 陽台,全筆移轉
RPOVMLKLKIJGFDJ68DA,,51.48,本共有部分之項目有停車空間、集合住宅（附屬管委會使用空間門廳）、集合住宅（附屬梯間）、梯間、機械室、水箱等６項,鋼筋混凝土造,113年11月15日,十四層,,持分移轉
RPWOOLKLKIJGFDJ98DA,,56.15,集合住宅,鋼筋混凝土造,113年11月15日,十四層,十二層 陽台,全筆移轉
RPWOOLKLKIJGFDJ98DA,,50.51,本共有部分之項目有停車空間、集合住宅（附屬管委會使用空間門廳）、集合住宅（附屬梯間）、梯間、機械室、水箱等６項,鋼筋混凝土造,113年11月15日,十四層,,持分移轉
RPQNMLSKKHKGFCJ78EA,13,45.10,辦公室,鋼筋混凝土造,99年12月31日,十層,三層 陽台 雨遮,全筆移轉
RPQNMLSKKHKGFCJ78EA,13,23.22,共有部分,鋼筋混凝土造,99年12月31日,十層,,持分移轉
RPQNMLSKKHKGFCJ78EA,13,10.97,共有部分,鋼筋混凝土造,99年12月31日,十層,,持分移轉
RPQOMLKLJHKGFDJ08DA,,58.59,集合住宅,鋼筋混凝土造,113年11月8日,十層,七層 陽台,全筆移轉
RPQOMLKLJHKGFDJ08DA,,53.52,本共有部分之項目有停車空間、機房、汙、雨水回收機房、消防泵浦室、發電機室、蓄水池、防空避難室兼停車空間、垃圾貯存空間、電信室、台電配電場所、集合住宅（附屬開放空間、管委會使用空間）、集合住宅（附屬梯間）、梯間、機房、水箱等１５項,鋼筋混凝土造,113年11月8日,十層,,持分移轉
RPWNMLNLKIJGFDJ98DA,,78.53,集合住宅,鋼筋混凝土造,113年11月15日,十四層,十二層 陽台,全筆移轉
RPWNMLNLKIJGFDJ98DA,,61.82,本共有部分之項目有停車空間、集合住宅（附屬管委會使用空間門廳）、集合住宅（附屬梯間）、梯間、機械室、水箱等６項,鋼筋混凝土造,113年11月15日,十四層,,持分移轉
RPWNMLKLJHKGFDJ58DA,,59.17,集合住宅,鋼筋混凝土造,113年11月8日,十層,二層 陽台,全筆移轉
RPWNMLKLJHKGFDJ58DA,,53.78,本共有部分之項目有停車空間、機房、汙、雨水回收機房、消防泵浦室、發電機室、蓄水池、防空避難室兼停車空間、垃圾貯存空間、電信室、台電配電場所、集合住宅（附屬開放空間、管委會使用空間）、集合住宅（附屬梯間）、梯間、機房、水箱等１５項,鋼筋混凝土造,113年11月8日,十層,,持分移轉
RPUNMLKLJHKGFDJ38DA,,82.40,集合住宅,鋼筋混凝土造,113年11月8日,十層,八層 陽台,全筆移轉
RPUNMLKLJHKGFDJ38DA,,65.56,本共有部分之項目有停車空間、機房、汙、雨水回收機房、消防泵浦室、發電機室、蓄水池、防空避難室兼停車空間、垃圾貯存空間、電信室、台電配電場所、集合住宅（附屬開放空間、管委會使用空間）、集合住宅（附屬梯間）、梯間、機房、水箱等１５項,鋼筋混凝土造,113年11月8日,十層,,持分移轉
RPXNMLKLJHKGFDJ68DA,,59.17,集合住宅,鋼筋混凝土造,113年11月8日,十層,三層 陽台,全筆移轉
RPXNMLKLJHKGFDJ68DA,,53.78,本共有部分之項目有停車空間、機房、汙、雨水回收機房、消防泵浦室、發電機室、蓄水池、防空避難室兼停車空間、垃圾貯存空間、電信室、台電配電場所、集合住宅（附屬開放空間、管委會使用空間）、集合住宅（附屬梯間）、梯間、機房、水箱等１５項,鋼筋混凝土造,113年11月8日,十層,,持分移轉
RPSNMLKLJHKGFDJ18DA,,83.79,集合住宅,鋼筋混凝土造,113年11月8日,十層,九層 陽台,全筆移轉
RPSNMLKLJHKGFDJ18DA,,68.98,本共有部分之項目有停車空間、機房、汙、雨水回收機房、消防泵浦室、發電機室、蓄水池、防空避難室兼停車空間、垃圾貯存空間、電信室、台電配電場所、集合住宅（附屬開放空間、管委會使用空間）、集合住宅（附屬梯間）、梯間、機房、水箱等１５項,鋼筋混凝土造,113年11月8日,十層,,持分移轉
RPWRMLNLKIJGFDJ76DA,,56.13,集合住宅,鋼筋混凝土造,113年11月15日,十四層,十三層 陽台,全筆移轉
RPWRMLNLKIJGFDJ76DA,,50.51,本共有部分之項目有停車空間、集合住宅（附屬管委會使用空間門廳）、集合住宅（附屬梯間）、梯間、機械室、水箱等６項,鋼筋混凝土造,113年11月15日,十四層,,持分移轉
RPUNNLKLKIJGFDJ58DA,,58.43,集合住宅,鋼筋混凝土造,113年11月15日,十四層,七層 陽台,全筆移轉
RPXTNLKLKIJGFDJ86DA,,75.95,集合住宅,鋼筋混凝土造,113年11月15日,十四層,六層 陽台,全筆移轉
RPXTNLKLKIJGFDJ86DA,,60.45,本共有部分之項目有停車空間、集合住宅（附屬管委會使用空間門廳）、集合住宅（附屬梯間）、梯間、機械室、水箱等６項,鋼筋混凝土造,113年11月15日,十四層,,持分移轉
RPUNNLKLKIJGFDJ58DA,,51.68,本共有部分之項目有停車空間、集合住宅（附屬管委會使用空間門廳）、集合住宅（附屬梯間）、梯間、機械室、水箱等６項,鋼筋混凝土造,113年11月15日,十四層,,持分移轉
RPQTNLKLKIJGFDJ78DA,,76.97,集合住宅,鋼筋混凝土造,113年11月15日,十四層,五層 陽台,全筆移轉
RPQTNLKLKIJGFDJ78DA,,61.04,本共有部分之項目有停車空間、集合住宅（附屬管委會使用空間門廳）、集合住宅（附屬梯間）、梯間、機械室、水箱等６項,鋼筋混凝土造,113年11月15日,十四層,,持分移轉
RPXSNLKLKIJGFDJ76DA,,76.97,集合住宅,鋼筋混凝土造,113年11月15日,十四層,二層 陽台,全筆移轉
RPXSNLKLKIJGFDJ76DA,,61.04,本共有部分之項目有停車空間、集合住宅（附屬管委會使用空間門廳）、集合住宅（附屬梯間）、梯間、機械室、水箱等６項,鋼筋混凝土造,113年11月15日,十四層,,持分移轉
RPQOOLKLKIJGFDJ38DA,,56.15,集合住宅,鋼筋混凝土造,113年11月15日,十四層,六層 陽台,全筆移轉
RPQOOLKLKIJGFDJ38DA,,49.53,本共有部分之項目有停車空間、集合住宅（附屬管委會使用空間門廳）、集合住宅（附屬梯間）、梯間、機械室、水箱等６項,鋼筋混凝土造,113年11月15日,十四層,,持分移轉
RPTNMLQKJHKGFDJ78DA,,86.88,集合住宅,鋼筋混凝土造,113年10月7日,八層,二層 陽台,全筆移轉
RPTNMLQKJHKGFDJ78DA,,68.23,本共有部分之項目有停車空間、機電空間、管委會、梯間、水箱等５項,鋼筋混凝土造,113年10月7日,八層,,持分移轉
RPTROLKLKIJGFDJ98DA,,76.97,集合住宅,鋼筋混凝土造,113年11月15日,十四層,三層 陽台,全筆移轉
RPTROLKLKIJGFDJ98DA,,61.04,本共有部分之項目有停車空間、集合住宅（附屬管委會使用空間門廳）、集合住宅（附屬梯間）、梯間、機械室、水箱等６項,鋼筋混凝土造,113年11月15日,十四層,,持分移轉
RPTUMLKLKIJGFDJ09DA,,58.04,集合住宅,鋼筋混凝土造,113年11月15日,十四層,五層 陽台,全筆移轉
RPTUMLKLKIJGFDJ09DA,,50.51,本共有部分之項目有停車空間、集合住宅（附屬管委會使用空間門廳）、集合住宅（附屬梯間）、梯間、機械室、水箱等６項,鋼筋混凝土造,113年11月15日,十四層,,持分移轉
RPQOMLQKJHKGFDJ58DA,,83.47,集合住宅,鋼筋混凝土造,113年10月7日,八層,二層 陽台,全筆移轉
RPQOMLQKJHKGFDJ58DA,,66.67,本共有部分之項目有停車空間、機電空間、管委會、梯間、水箱等５項,鋼筋混凝土造,113年10月7日,八層,,持分移轉
RPPNNLKLKIJGFDJ08DA,,58.43,集合住宅,鋼筋混凝土造,113年11月15日,十四層,三層 陽台,全筆移轉
RPPNNLKLKIJGFDJ08DA,,51.68,本共有部分之項目有停車空間、集合住宅（附屬管委會使用空間門廳）、集合住宅（附屬梯間）、梯間、機械室、水箱等６項,鋼筋混凝土造,113年11月15日,十四層,,持分移轉
RPVOOLKLKIJGFDJ88DA,,56.15,集合住宅,鋼筋混凝土造,113年11月15日,十四層,十一層 陽台,全筆移轉
RPVOOLKLKIJGFDJ88DA,,49.53,本共有部分之項目有停車空間、集合住宅（附屬管委會使用空間門廳）、集合住宅（附屬梯間）、梯間、機械室、水箱等６項,鋼筋混凝土造,113年11月15日,十四層,,持分移轉
RPSNMLQKJHKGFDJ68DA,,82.01,集合住宅,鋼筋混凝土造,113年10月7日,八層,二層 陽台,全筆移轉
RPSNMLQKJHKGFDJ68DA,,66.00,本共有部分之項目有停車空間、機電空間、管委會、梯間、水箱等５項,鋼筋混凝土造,113年10月7日,八層,,持分移轉
RPPPMLKLKIJGFDJ18DA,,58.43,集合住宅,鋼筋混凝土造,113年11月15日,十四層,七層 陽台,全筆移轉
RPPPMLKLKIJGFDJ18DA,,51.68,本共有部分之項目有停車空間、集合住宅（附屬管委會使用空間門廳）、集合住宅（附屬梯間）、梯間、機械室、水箱等６項,鋼筋混凝土造,113年11月15日,十四層,,持分移轉
RPOSMLKLKIJGFDJ38DA,,76.97,集合住宅,鋼筋混凝土造,113年11月15日,十四層,四層 陽台,全筆移轉
RPOSMLKLKIJGFDJ38DA,,61.23,本共有部分之項目有停車空間、集合住宅（附屬管委會使用空間門廳）、集合住宅（附屬梯間）、梯間、機械室、水箱等６項,鋼筋混凝土造,113年11月15日,十四層,,持分移轉
RPTRMLQKJHKGFDJ56DA,,82.01,集合住宅,鋼筋混凝土造,113年10月7日,八層,八層 陽台,全筆移轉
RPTRMLQKJHKGFDJ56DA,,67.37,本共有部分之項目有停車空間、機電空間、管委會、梯間、水箱等５項,鋼筋混凝土造,113年10月7日,八層,,持分移轉
RPTQNLKLKIJGFDJ78DA,,53.32,集合住宅,鋼筋混凝土造,113年11月15日,十四層,七層 陽台,全筆移轉
RPTQNLKLKIJGFDJ78DA,,49.14,本共有部分之項目有停車空間、集合住宅（附屬管委會使用空間門廳）、集合住宅（附屬梯間）、梯間、機械室、水箱等６項,鋼筋混凝土造,113年11月15日,十四層,,持分移轉
RPXWNLKLKIJGFDJ17DA,,55.11,集合住宅,鋼筋混凝土造,113年11月15日,十四層,六層 陽台,全筆移轉
RPXWNLKLKIJGFDJ17DA,,50.12,本共有部分之項目有停車空間、集合住宅（附屬管委會使用空間門廳）、集合住宅（附屬梯間）、梯間、機械室、水箱等６項,鋼筋混凝土造,113年11月15日,十四層,,持分移轉
RPRNMLQKJHKGFDJ58DA,,78.33,集合住宅,鋼筋混凝土造,113年10月7日,八層,二層 陽台,全筆移轉
RPRNMLQKJHKGFDJ58DA,,64.31,本共有部分之項目有停車空間、機電空間、管委會、梯間、水箱等５項,鋼筋混凝土造,113年10月7日,八層,,持分移轉
RPPOMLKLKIJGFDJ08DA,,58.04,集合住宅,鋼筋混凝土造,113年11月15日,十四層,十一層 陽台,全筆移轉
RPPOMLKLKIJGFDJ08DA,,51.48,本共有部分之項目有停車空間、集合住宅（附屬管委會使用空間門廳）、集合住宅（附屬梯間）、梯間、機械室、水箱等６項,鋼筋混凝土造,113年11月15日,十四層,,持分移轉
RPROMLQKJHKGFDJ68DA,,78.33,集合住宅,鋼筋混凝土造,113年10月7日,八層,三層 陽台,全筆移轉
RPROMLQKJHKGFDJ68DA,,64.31,本共有部分之項目有停車空間、機電空間、管委會、梯間、水箱等５項,鋼筋混凝土造,113年10月7日,八層,,持分移轉
RPOOMLRJKHKGFDJ48DA,,184.63,集合住宅、停車空間,鋼筋混凝土造,113年10月22日,四層,一層 二層 三層 四層 陽台,全筆移轉
RPOPMLKLKIJGFDJ08DA,,58.43,集合住宅,鋼筋混凝土造,113年11月15日,十四層,六層 陽台,全筆移轉
RPOPMLKLKIJGFDJ08DA,,50.70,本共有部分之項目有停車空間、集合住宅（附屬管委會使用空間門廳）、集合住宅（附屬梯間）、梯間、機械室、水箱等６項,鋼筋混凝土造,113年11月15日,十四層,,持分移轉
RPVOMLKLKIJGFDJ68DA,,58.43,集合住宅,鋼筋混凝土造,113年11月15日,十四層,三層 陽台,全筆移轉
RPVOMLKLKIJGFDJ68DA,,51.68,本共有部分之項目有停車空間、集合住宅（附屬管委會使用空間門廳）、集合住宅（附屬梯間）、梯間、機械室、水箱等６項,鋼筋混凝土造,113年11月15日,十四層,,持分移轉
RPPSMLKLKIJGFDJ48DA,,76.97,集合住宅,鋼筋混凝土造,113年11月15日,十四層,五層 陽台,全筆移轉
RPPSMLKLKIJGFDJ48DA,,62.60,本共有部分之項目有停車空間、集合住宅（附屬管委會使用空間門廳）、集合住宅（附屬梯間）、梯間、機械室、水箱等６項,鋼筋混凝土造,113年11月15日,十四層,,持分移轉
RPSUMLKLKIJGFDJ98DA,,58.04,集合住宅,鋼筋混凝土造,113年11月15日,十四層,四層 陽台,全筆移轉
RPSUMLKLKIJGFDJ98DA,,51.48,本共有部分之項目有停車空間、集合住宅（附屬管委會使用空間門廳）、集合住宅（附屬梯間）、梯間、機械室、水箱等６項,鋼筋混凝土造,113年11月15日,十四層,,持分移轉
RPQUMLKLKIJGFDJ78DA,,58.04,集合住宅,鋼筋混凝土造,113年11月15日,十四層,三層 陽台,全筆移轉
RPQUMLKLKIJGFDJ78DA,,51.48,本共有部分之項目有停車空間、集合住宅（附屬管委會使用空間門廳）、集合住宅（附屬梯間）、梯間、機械室、水箱等６項,鋼筋混凝土造,113年11月15日,十四層,,持分移轉
RPQNNLKLKIJGFDJ18DA,,58.43,集合住宅,鋼筋混凝土造,113年11月15日,十四層,五層 陽台,全筆移轉
RPQNNLKLKIJGFDJ18DA,,51.68,本共有部分之項目有停車空間、集合住宅（附屬管委會使用空間門廳）、集合住宅（附屬梯間）、梯間、機械室、水箱等６項,鋼筋混凝土造,113年11月15日,十四層,,持分移轉
RPQQNLKLKIJGFDJ48DA,,53.32,集合住宅,鋼筋混凝土造,113年11月15日,十四層,五層 陽台,全筆移轉
RPQQNLKLKIJGFDJ48DA,,49.14,本共有部分之項目有停車空間、集合住宅（附屬管委會使用空間門廳）、集合住宅（附屬梯間）、梯間、機械室、水箱等６項,鋼筋混凝土造,113年11月15日,十四層,,持分移轉
RPRNNLKLKIJGFDJ28DA,,58.43,集合住宅,鋼筋混凝土造,113年11月15日,十四層,四層 陽台,全筆移轉
RPRNNLKLKIJGFDJ28DA,,51.68,本共有部分之項目有停車空間、集合住宅（附屬管委會使用空間門廳）、集合住宅（附屬梯間）、梯間、機械室、水箱等６項,鋼筋混凝土造,113年11月15日,十四層,,持分移轉
RPWVNLKLKIJGFDJ96DA,,78.52,集合住宅,鋼筋混凝土造,113年11月15日,十四層,八層 陽台,全筆移轉
RPWVNLKLKIJGFDJ96DA,,61.82,本共有部分之項目有停車空間、集合住宅（附屬管委會使用空間門廳）、集合住宅（附屬梯間）、梯間、機械室、水箱等６項,鋼筋混凝土造,113年11月15日,十四層,,持分移轉
RPWQOLKLKIJGFDJ56DA,,76.64,集合住宅,鋼筋混凝土造,113年11月15日,十四層,四層 陽台,全筆移轉
RPWQOLKLKIJGFDJ56DA,,60.84,本共有部分之項目有停車空間、集合住宅（附屬管委會使用空間門廳）、集合住宅（附屬梯間）、梯間、機械室、水箱等６項,鋼筋混凝土造,113年11月15日,十四層,,持分移轉
RPWWNLKLKIJGFDJ07DA,,55.11,集合住宅,鋼筋混凝土造,113年11月15日,十四層,五層 陽台,全筆移轉
RPWWNLKLKIJGFDJ07DA,,51.48,本共有部分之項目有停車空間、集合住宅（附屬管委會使用空間門廳）、集合住宅（附屬梯間）、梯間、機械室、水箱等６項,鋼筋混凝土造,113年11月15日,十四層,,持分移轉
RPXQOLKLKIJGFDJ66DA,,76.64,集合住宅,鋼筋混凝土造,113年11月15日,十四層,五層 陽台,全筆移轉
RPXQOLKLKIJGFDJ66DA,,60.84,本共有部分之項目有停車空間、集合住宅（附屬管委會使用空間門廳）、集合住宅（附屬梯間）、梯間、機械室、水箱等６項,鋼筋混凝土造,113年11月15日,十四層,,持分移轉
RPTNMLKLKIJGFDJ38DA,,58.04,集合住宅,鋼筋混凝土造,113年11月15日,十四層,六層 陽台,全筆移轉
RPTNMLKLKIJGFDJ38DA,,51.48,本共有部分之項目有停車空間、集合住宅（附屬管委會使用空間門廳）、集合住宅（附屬梯間）、梯間、機械室、水箱等６項,鋼筋混凝土造,113年11月15日,十四層,,持分移轉
RPQNMLNLKIJGFDJ38DA,,78.53,集合住宅,鋼筋混凝土造,113年11月15日,十四層,四層 陽台,全筆移轉
RPQNMLNLKIJGFDJ38DA,,61.82,本共有部分之項目有停車空間、集合住宅（附屬管委會使用空間門廳）、集合住宅（附屬梯間）、梯間、機械室、水箱等６項,鋼筋混凝土造,113年11月15日,十四層,,持分移轉
RPPOMLNLKIJGFDJ38DA,,55.11,集合住宅,鋼筋混凝土造,113年11月15日,十四層,二層 陽台,全筆移轉
RPPOMLNLKIJGFDJ38DA,,50.12,本共有部分之項目有停車空間、集合住宅（附屬管委會使用空間門廳）、集合住宅（附屬梯間）、梯間、機械室、水箱等６項,鋼筋混凝土造,113年11月15日,十四層,,持分移轉
RPUOMLNLKIJGFDJ88DA,,55.11,集合住宅,鋼筋混凝土造,113年11月15日,十四層,六層 陽台,全筆移轉
RPUOMLNLKIJGFDJ88DA,,50.12,本共有部分之項目有停車空間、集合住宅（附屬管委會使用空間門廳）、集合住宅（附屬梯間）、梯間、機械室、水箱等６項,鋼筋混凝土造,113年11月15日,十四層,,持分移轉
RPUNMLQKJHKGFDJ88DA,,86.95,集合住宅,鋼筋混凝土造,113年10月7日,八層,二層 陽台,全筆移轉
RPUNMLQKJHKGFDJ88DA,,68.25,本共有部分之項目有停車空間、機電空間、管委會、梯間、水箱等５項,鋼筋混凝土造,113年10月7日,八層,,持分移轉
RPVPMLNLKIJGFDJ09DA,,56.15,集合住宅,鋼筋混凝土造,113年11月15日,十四層,三層 陽台,全筆移轉
RPVPMLNLKIJGFDJ09DA,,49.53,本共有部分之項目有停車空間、集合住宅（附屬管委會使用空間門廳）、集合住宅（附屬梯間）、梯間、機械室、水箱等６項,鋼筋混凝土造,113年11月15日,十四層,,持分移轉
RPPOMLQKJHKGFDJ48DA,,79.04,集合住宅,鋼筋混凝土造,113年10月7日,八層,二層 陽台,全筆移轉
RPPOMLQKJHKGFDJ48DA,,63.67,本共有部分之項目有停車空間、機電空間、管委會、梯間、水箱等５項,鋼筋混凝土造,113年10月7日,八層,,持分移轉
RPURMLQKJHKGFDJ66DA,,79.04,集合住宅,鋼筋混凝土造,113年10月7日,八層,八層 陽台,全筆移轉
RPURMLQKJHKGFDJ66DA,,64.64,本共有部分之項目有停車空間、機電空間、管委會、梯間、水箱等５項,鋼筋混凝土造,113年10月7日,八層,,持分移轉
RPQOMLRJKHKGFDJ68DA,,194.69,集合住宅、停車空間,鋼筋混凝土造,113年10月22日,四層,一層 二層 三層 四層 陽台,全筆移轉
RPWRMLQKJHKGFDJ86DA,,83.47,集合住宅,鋼筋混凝土造,113年10月7日,八層,三層 陽台,全筆移轉
RPWRMLQKJHKGFDJ86DA,,66.67,本共有部分之項目有停車空間、機電空間、管委會、梯間、水箱等５項,鋼筋混凝土造,113年10月7日,八層,,持分移轉
RPVRMLQKJHKGFDJ76DA,,114.57,集合住宅,鋼筋混凝土造,113年10月7日,八層,八層 陽台,全筆移轉
RPVRMLQKJHKGFDJ76DA,,81.97,本共有部分之項目有停車空間、機電空間、管委會、梯間、水箱等５項,鋼筋混凝土造,113年10月7日,八層,,持分移轉
RPWPMLQKJHKGFDJ66DA,,79.04,集合住宅,鋼筋混凝土造,113年10月7日,八層,五層 陽台,全筆移轉
RPWPMLQKJHKGFDJ66DA,,64.64,本共有部分之項目有停車空間、機電空間、管委會、梯間、水箱等５項,鋼筋混凝土造,113年10月7日,八層,,持分移轉
RPSOMLQKJHKGFDJ78DA,,86.88,集合住宅,鋼筋混凝土造,113年10月7日,八層,三層 陽台,全筆移轉
RPSOMLQKJHKGFDJ78DA,,68.23,本共有部分之項目有停車空間、機電空間、管委會、梯間、水箱等５項,鋼筋混凝土造,113年10月7日,八層,,持分移轉
RPWOMLKKKHKGFDJ68DA,,228.27,停車空間、集合住宅、住宅、樓梯間,鋼筋混凝土造,113年8月5日,四層,一層 二層 三層 四層 陽台,全筆移轉
RPTOMLQKJHKGFDJ88DA,,79.04,集合住宅,鋼筋混凝土造,113年10月7日,八層,三層 陽台,全筆移轉
RPTOMLQKJHKGFDJ88DA,,64.64,本共有部分之項目有停車空間、機電空間、管委會、梯間、水箱等５項,鋼筋混凝土造,113年10月7日,八層,,持分移轉
RPUOMLQKJHKGFDJ98DA,,86.95,集合住宅,鋼筋混凝土造,113年10月7日,八層,三層 陽台,全筆移轉
RPUOMLQKJHKGFDJ98DA,,68.25,本共有部分之項目有停車空間、機電空間、管委會、梯間、水箱等５項,鋼筋混凝土造,113年10月7日,八層,,持分移轉
RPTNMLKLJHKGFDJ28DA,,58.59,集合住宅,鋼筋混凝土造,113年11月8日,十層,八層 陽台,全筆移轉
RPTNMLKLJHKGFDJ28DA,,52.46,本共有部分之項目有停車空間、機房、汙、雨水回收機房、消防泵浦室、發電機室、蓄水池、防空避難室兼停車空間、垃圾貯存空間、電信室、台電配電場所、集合住宅（附屬開放空間、管委會使用空間）、集合住宅（附屬梯間）、梯間、機房、水箱等１５項,鋼筋混凝土造,113年11月8日,十層,,持分移轉
RPXQMLQKJHKGFDJ86DA,,86.88,集合住宅,鋼筋混凝土造,113年10月7日,八層,七層 陽台,全筆移轉
RPXQMLQKJHKGFDJ86DA,,96.66,本共有部分之項目有停車空間、機電空間、管委會、梯間、水箱等５項,鋼筋混凝土造,113年10月7日,八層,,持分移轉
RPXOMLKKKHKGFDJ78DA,,177.85,集合住宅、樓梯間,鋼筋混凝土造,113年8月9日,三層,一層 二層 三層 陽台 見其他登記事項,全筆移轉
RPPNMLRKJHKGFDJ48DA,,82.01,集合住宅,鋼筋混凝土造,113年10月7日,八層,三層 陽台,全筆移轉
RPPNMLRKJHKGFDJ48DA,,66.00,本共有部分之項目有停車空間、機電空間、管委會、梯間、水箱等５項,鋼筋混凝土造,113年10月7日,八層,,持分移轉
RPOQMLQKJHKGFDJ58DA,,86.95,集合住宅,鋼筋混凝土造,113年10月7日,八層,五層 陽台,全筆移轉
RPOQMLQKJHKGFDJ58DA,,96.69,本共有部分之項目有停車空間、機電空間、管委會、梯間、水箱等５項,鋼筋混凝土造,113年10月7日,八層,,持分移轉
RPRNMLKLJHKGFDJ08DA,,98.04,店舖（附屬儲藏室）,鋼筋混凝土造,113年11月8日,十層,一層 陽台 見其他登記事項,全筆移轉
RPRNMLKLJHKGFDJ08DA,,80.67,本共有部分之項目有停車空間、機房、汙、雨水回收機房、消防泵浦室、發電機室、蓄水池、防空避難室兼停車空間、垃圾貯存空間、電信室、台電配電場所、集合住宅（附屬開放空間、管委會使用空間）、集合住宅（附屬梯間）、梯間、機房、水箱等１５項,鋼筋混凝土造,113年11月8日,十層,,持分移轉
RPRQMLQKJHKGFDJ88DA,,86.88,集合住宅,鋼筋混凝土造,113年10月7日,八層,六層 陽台,全筆移轉
RPRQMLQKJHKGFDJ88DA,,68.23,本共有部分之項目有停車空間、機電空間、管委會、梯間、水箱等５項,鋼筋混凝土造,113年10月7日,八層,,持分移轉
RPSQMLQKJHKGFDJ98DA,,79.04,集合住宅,鋼筋混凝土造,113年10月7日,八層,六層 陽台,全筆移轉
RPSQMLQKJHKGFDJ98DA,,63.67,本共有部分之項目有停車空間、機電空間、管委會、梯間、水箱等５項,鋼筋混凝土造,113年10月7日,八層,,持分移轉
RPVQMLQKJHKGFDJ66DA,,78.33,集合住宅,鋼筋混凝土造,113年10月7日,八層,七層 陽台,全筆移轉
RPVQMLQKJHKGFDJ66DA,,64.31,本共有部分之項目有停車空間、機電空間、管委會、梯間、水箱等５項,鋼筋混凝土造,113年10月7日,八層,,持分移轉
RPVOMLQKJHKGFDJ09DA,,78.33,集合住宅,鋼筋混凝土造,113年10月7日,八層,四層 陽台,全筆移轉
RPVOMLQKJHKGFDJ09DA,,64.31,本共有部分之項目有停車空間、機電空間、管委會、梯間、水箱等５項,鋼筋混凝土造,113年10月7日,八層,,持分移轉
RPVOMLLLJHKGFBJ48DA,,137.44,集合住宅,鋼筋混凝土造,113年11月25日,二十層,二層 陽台,全筆移轉
RPVOMLLLJHKGFBJ48DA,,72.05,本共有部分之項目有防空避難室兼停車空間、停車空間、公共服務空間、排煙室、樓梯間、水錶室、消防泵浦室、昇降機機房、水箱等九項。,鋼筋混凝土造,113年11月25日,二十層,,持分移轉
RPPNMLKLKIJGFDJ97DA,,58.04,集合住宅,鋼筋混凝土造,113年11月15日,十四層,三層 陽台,全筆移轉
RPPNMLKLKIJGFDJ97DA,,51.48,本共有部分之項目有停車空間、集合住宅（附屬管委會使用空間門廳）、集合住宅（附屬梯間）、梯間、機械室、水箱等６項,鋼筋混凝土造,113年11月15日,十四層,,持分移轉
RPUQMLQKJHKGFDJ56DA,,86.95,集合住宅,鋼筋混凝土造,113年10月7日,八層,六層 陽台,全筆移轉
RPUQMLQKJHKGFDJ56DA,,68.25,本共有部分之項目有停車空間、機電空間、管委會、梯間、水箱等５項,鋼筋混凝土造,113年10月7日,八層,,持分移轉
RPUPMLQKJHKGFDJ09DA,,82.01,集合住宅,鋼筋混凝土造,113年10月7日,八層,五層 陽台,全筆移轉
RPUPMLQKJHKGFDJ09DA,,66.00,本共有部分之項目有停車空間、機電空間、管委會、梯間、水箱等５項,鋼筋混凝土造,113年10月7日,八層,,持分移轉
RPSPMLQKJHKGFDJ88DA,,86.95,集合住宅,鋼筋混凝土造,113年10月7日,八層,四層 陽台,全筆移轉
RPSPMLQKJHKGFDJ88DA,,68.25,本共有部分之項目有停車空間、機電空間、管委會、梯間、水箱等５項,鋼筋混凝土造,113年10月7日,八層,,持分移轉
RPTPMLQKJHKGFDJ98DA,,78.33,集合住宅,鋼筋混凝土造,113年10月7日,八層,五層 陽台,全筆移轉
RPTPMLQKJHKGFDJ98DA,,63.34,本共有部分之項目有停車空間、機電空間、管委會、梯間、水箱等５項,鋼筋混凝土造,113年10月7日,八層,,持分移轉
RPWOMLQKJHKGFDJ56DA,,82.01,集合住宅,鋼筋混凝土造,113年10月7日,八層,四層 陽台,全筆移轉
RPWOMLQKJHKGFDJ56DA,,66.00,本共有部分之項目有停車空間、機電空間、管委會、梯間、水箱等５項,鋼筋混凝土造,113年10月7日,八層,,持分移轉
RPOPMLQKJHKGFDJ48DA,,79.04,集合住宅,鋼筋混凝土造,113年10月7日,八層,四層 陽台,全筆移轉
RPOPMLQKJHKGFDJ48DA,,64.64,本共有部分之項目有停車空間、機電空間、管委會、梯間、水箱等５項,鋼筋混凝土造,113年10月7日,八層,,持分移轉
RPXOMLQKJHKGFDJ66DA,,86.88,集合住宅,鋼筋混凝土造,113年10月7日,八層,四層 陽台,全筆移轉
RPXOMLQKJHKGFDJ66DA,,68.23,本共有部分之項目有停車空間、機電空間、管委會、梯間、水箱等５項,鋼筋混凝土造,113年10月7日,八層,,持分移轉
RPVPMLQKJHKGFDJ56DA,,86.88,集合住宅,鋼筋混凝土造,113年10月7日,八層,五層 陽台,全筆移轉
RPVPMLQKJHKGFDJ56DA,,68.23,本共有部分之項目有停車空間、機電空間、管委會、梯間、水箱等５項,鋼筋混凝土造,113年10月7日,八層,,持分移轉
RPRPMLQKJHKGFDJ78DA,,83.47,集合住宅,鋼筋混凝土造,113年10月7日,八層,四層 陽台,全筆移轉
RPRPMLQKJHKGFDJ78DA,,94.13,本共有部分之項目有停車空間、機電空間、管委會、梯間、水箱等５項,鋼筋混凝土造,113年10月7日,八層,,持分移轉
RPTQMLQKJHKGFDJ09DA,,83.47,集合住宅,鋼筋混凝土造,113年10月7日,八層,六層 陽台,全筆移轉
RPTQMLQKJHKGFDJ09DA,,66.67,本共有部分之項目有停車空間、機電空間、管委會、梯間、水箱等５項,鋼筋混凝土造,113年10月7日,八層,,持分移轉
RPUOMLLLJHKGFBJ38DA,,158.14,集合住宅,鋼筋混凝土造,113年11月25日,二十層,十三層 陽台,全筆移轉
RPUOMLLLJHKGFBJ38DA,,155.93,本共有部分之項目有防空避難室兼停車空間、停車空間、公共服務空間、排煙室、樓梯間、水錶室、消防泵浦室、昇降機機房、水箱等九項。,鋼筋混凝土造,113年11月25日,二十層,,持分移轉
RPPQMLQKJHKGFDJ68DA,,78.33,集合住宅,鋼筋混凝土造,113年10月7日,八層,六層 陽台,全筆移轉
RPPQMLQKJHKGFDJ68DA,,64.31,本共有部分之項目有停車空間、機電空間、管委會、梯間、水箱等５項,鋼筋混凝土造,113年10月7日,八層,,持分移轉
RPRRMLQKJHKGFDJ98DA,,86.95,集合住宅,鋼筋混凝土造,113年10月7日,八層,七層 陽台,全筆移轉
RPRRMLQKJHKGFDJ98DA,,68.25,本共有部分之項目有停車空間、機電空間、管委會、梯間、水箱等５項,鋼筋混凝土造,113年10月7日,八層,,持分移轉
RPQQMLQKJHKGFDJ78DA,,82.01,集合住宅,鋼筋混凝土造,113年10月7日,八層,六層 陽台,全筆移轉
RPQQMLQKJHKGFDJ78DA,,94.44,本共有部分之項目有停車空間、機電空間、管委會、梯間、水箱等５項,鋼筋混凝土造,113年10月7日,八層,,持分移轉
RPQPMLLLJHKGFBJ08DA,,137.44,集合住宅,鋼筋混凝土造,113年11月25日,二十層,十四層 陽台,全筆移轉
RPQPMLLLJHKGFBJ08DA,,109.06,本共有部分之項目有防空避難室兼停車空間、停車空間、公共服務空間、排煙室、樓梯間、水錶室、消防泵浦室、昇降機機房、水箱等九項。,鋼筋混凝土造,113年11月25日,二十層,,持分移轉
RPPPMLLLJHKGFBJ97DA,,137.44,集合住宅,鋼筋混凝土造,113年11月25日,二十層,七層 陽台,全筆移轉
RPPPMLLLJHKGFBJ97DA,,122.23,本共有部分之項目有防空避難室兼停車空間、停車空間、公共服務空間、排煙室、樓梯間、水錶室、消防泵浦室、昇降機機房、水箱等九項。,鋼筋混凝土造,113年11月25日,二十層,,持分移轉
RPTNMLNJKHKGFBJ28DA,,137.44,集合住宅,鋼筋混凝土造,113年11月25日,二十層,三層 陽台,全筆移轉
RPTNMLNJKHKGFBJ28DA,,125.65,本共有部分之項目有防空避難室兼停車空間、停車空間、公共服務空間、排煙室、樓梯間、水錶室、消防泵浦室、昇降機機房、水箱等九項。,鋼筋混凝土造,113年11月25日,二十層,,持分移轉
RPRPMLLLJHKGFBJ18DA,,137.44,集合住宅,鋼筋混凝土造,113年11月25日,二十層,十五層 陽台,全筆移轉
RPRPMLLLJHKGFBJ18DA,,72.05,本共有部分之項目有防空避難室兼停車空間、停車空間、公共服務空間、排煙室、樓梯間、水錶室、消防泵浦室、昇降機機房、水箱等九項。,鋼筋混凝土造,113年11月25日,二十層,,持分移轉
RPTOMLLLJHKGFBJ28DA,,158.14,集合住宅,鋼筋混凝土造,113年11月25日,二十層,十二層 陽台,全筆移轉
RPTOMLLLJHKGFBJ28DA,,156.92,本共有部分之項目有防空避難室兼停車空間、停車空間、公共服務空間、排煙室、樓梯間、水錶室、消防泵浦室、昇降機機房、水箱等九項。,鋼筋混凝土造,113年11月25日,二十層,,持分移轉
RPUNMLKLKIJGFDJ48DA,,58.04,集合住宅,鋼筋混凝土造,113年11月15日,十四層,七層 陽台,全筆移轉
RPUNMLKLKIJGFDJ48DA,,51.48,本共有部分之項目有停車空間、集合住宅（附屬管委會使用空間門廳）、集合住宅（附屬梯間）、梯間、機械室、水箱等６項,鋼筋混凝土造,113年11月15日,十四層,,持分移轉
RPXOMLOJKHKGFBJ88DA,,158.14,集合住宅,鋼筋混凝土造,113年11月25日,二十層,六層 陽台,全筆移轉
RPXOMLOJKHKGFBJ88DA,,156.92,本共有部分之項目有防空避難室兼停車空間、停車空間、公共服務空間、排煙室、樓梯間、水錶室、消防泵浦室、昇降機機房、水箱等九項。,鋼筋混凝土造,113年11月25日,二十層,,持分移轉
RPUNMLNJKHKGFBJ38DA,,137.44,集合住宅,鋼筋混凝土造,113年11月25日,二十層,六層 陽台,全筆移轉
RPUNMLNJKHKGFBJ38DA,,125.65,本共有部分之項目有防空避難室兼停車空間、停車空間、公共服務空間、排煙室、樓梯間、水錶室、消防泵浦室、昇降機機房、水箱等九項。,鋼筋混凝土造,113年11月25日,二十層,,持分移轉
RPUOMLLKKHKGFBJ38DA,,137.44,集合住宅,鋼筋混凝土造,113年11月25日,二十層,四層 陽台,全筆移轉
RPUOMLLKKHKGFBJ38DA,,125.65,本共有部分之項目有防空避難室兼停車空間、停車空間、公共服務空間、排煙室、樓梯間、水錶室、消防泵浦室、昇降機機房、水箱等九項。,鋼筋混凝土造,113年11月25日,二十層,,持分移轉
RPPNMLMKKHKGFBJ87DA,,137.44,集合住宅,鋼筋混凝土造,113年11月25日,二十層,十一層 陽台,全筆移轉
RPPNMLMKKHKGFBJ87DA,,125.65,本共有部分之項目有防空避難室兼停車空間、停車空間、公共服務空間、排煙室、樓梯間、水錶室、消防泵浦室、昇降機機房、水箱等九項。,鋼筋混凝土造,113年11月25日,二十層,,持分移轉
RPSRMLQKJHKGFDJ09DA,,78.33,集合住宅,鋼筋混凝土造,113年10月7日,八層,八層 陽台,全筆移轉
RPSRMLQKJHKGFDJ09DA,,64.31,本共有部分之項目有停車空間、機電空間、管委會、梯間、水箱等５項,鋼筋混凝土造,113年10月7日,八層,,持分移轉
RPQOMLLLJHKGFBJ97DA,,158.14,集合住宅,鋼筋混凝土造,113年11月25日,二十層,九層 陽台,全筆移轉
RPQOMLLLJHKGFBJ97DA,,156.92,本共有部分之項目有防空避難室兼停車空間、停車空間、公共服務空間、排煙室、樓梯間、水錶室、消防泵浦室、昇降機機房、水箱等九項。,鋼筋混凝土造,113年11月25日,二十層,,持分移轉
RPROMLLLJHKGFBJ08DA,,158.14,集合住宅,鋼筋混凝土造,113年11月25日,二十層,十一層 陽台,全筆移轉
RPROMLLLJHKGFBJ08DA,,173.51,本共有部分之項目有防空避難室兼停車空間、停車空間、公共服務空間、排煙室、樓梯間、水錶室、消防泵浦室、昇降機機房、水箱等九項。,鋼筋混凝土造,113年11月25日,二十層,,持分移轉
RPOOMLOKKHKGFCJ18DA,,201.14,停車空間、集合住宅,鋼筋混凝土造,113年3月4日,五層,一層 二層 三層 四層 五層 陽台,全筆移轉
RPVOMLKKKHKGFDJ58DA,,169.49,集合住宅、樓梯間,鋼筋混凝土造,113年8月9日,三層,一層 二層 三層 陽台 見其他登記事項,全筆移轉
RPXNMLQJKHKGFBJ98DA,,158.14,集合住宅,鋼筋混凝土造,113年11月25日,二十層,十層 陽台,全筆移轉
RPXNMLQJKHKGFBJ98DA,,156.92,本共有部分之項目有防空避難室兼停車空間、停車空間、公共服務空間、排煙室、樓梯間、水錶室、消防泵浦室、昇降機機房、水箱等九項。,鋼筋混凝土造,113年11月25日,二十層,,持分移轉
RPSNMLNJKHKGFBJ18DA,,100.51,集合住宅,鋼筋混凝土造,113年3月14日,十五層,八層 陽台,全筆移轉
RPSNMLNJKHKGFBJ18DA,,57.25,本共有部分之項目有停車空間、防空避難室兼停車空間、騎樓〈連續性前廊〉、樓電梯間、管委會空間等五項。,鋼筋混凝土造,113年3月14日,十五層,,持分移轉
RPSNMLNJKHKGFBJ18DA,,21.64,本共有部分之項目有梯間、消防水箱、電梯機械室、水箱等四項。,鋼筋混凝土造,113年3月14日,十五層,,持分移轉
RPPOMLQJKHKGFBJ28DA,,158.14,集合住宅,鋼筋混凝土造,113年11月25日,二十層,十五層 陽台,全筆移轉
RPPOMLQJKHKGFBJ28DA,,155.93,本共有部分之項目有防空避難室兼停車空間、停車空間、公共服務空間、排煙室、樓梯間、水錶室、消防泵浦室、昇降機機房、水箱等九項。,鋼筋混凝土造,113年11月25日,二十層,,持分移轉
RPPNMLPJKHKGFBJ08DA,,158.14,集合住宅,鋼筋混凝土造,113年11月25日,二十層,八層 陽台,全筆移轉
RPQNMLPJKHKGFBJ18DA,,164.00,集合住宅,鋼筋混凝土造,113年11月25日,二十層,十七層 陽台,全筆移轉
RPPNMLPJKHKGFBJ08DA,,155.93,本共有部分之項目有防空避難室兼停車空間、停車空間、公共服務空間、排煙室、樓梯間、水錶室、消防泵浦室、昇降機機房、水箱等九項。,鋼筋混凝土造,113年11月25日,二十層,,持分移轉
RPQNMLPJKHKGFBJ18DA,,159.12,本共有部分之項目有防空避難室兼停車空間、停車空間、公共服務空間、排煙室、樓梯間、水錶室、消防泵浦室、昇降機機房、水箱等九項。,鋼筋混凝土造,113年11月25日,二十層,,持分移轉
RPSNMLPJKHKGFBJ38DA,,137.44,集合住宅,鋼筋混凝土造,113年11月25日,二十層,九層 陽台,全筆移轉
RPSNMLPJKHKGFBJ38DA,,72.05,本共有部分之項目有防空避難室兼停車空間、停車空間、公共服務空間、排煙室、樓梯間、水錶室、消防泵浦室、昇降機機房、水箱等九項。,鋼筋混凝土造,113年11月25日,二十層,,持分移轉
RPTNMLNKIIJGFCJ28DA,,284.00,集合住宅,鋼筋混凝土造,113年5月30日,五層,一層 二層 三層 四層 五層 陽台,全筆移轉
RPRPMLQKKIJGFCJ78DA,,99.66,集合住宅,鋼筋混凝土造,113年11月7日,十五層,十五層 陽台,全筆移轉
RPRPMLQKKIJGFCJ78DA,,105.94,本共有部分之項目有停車空間、開放空間、公共服務空間、梯間、水箱、機械室,鋼筋混凝土造,113年11月7日,十五層,,持分移轉
RPUPMLQKKIJGFCJ09DA,,65.57,集合住宅,鋼筋混凝土造,113年11月7日,十五層,十五層 陽台,全筆移轉
RPUPMLQKKIJGFCJ09DA,,89.11,本共有部分之項目有停車空間、開放空間、公共服務空間、梯間、水箱、機械室,鋼筋混凝土造,113年11月7日,十五層,,持分移轉
RPPNNLRJKIJGFBJ38DA,,80.15,集合住宅,鋼筋混凝土造,113年11月7日,十四層,十層 陽台,全筆移轉
RPPNNLRJKIJGFBJ38DA,,74.89,本共有部分之項目有防空避難室兼停車空間、停車空間、公共服務空間、管委會空間、梯間、機房、水箱等七項。,鋼筋混凝土造,113年11月7日,十四層,,持分移轉
