﻿鄉鎮市區,交易標的,土地位置建物門牌,土地移轉總面積平方公尺,都市土地使用分區,非都市土地使用分區,非都市土地使用編定,交易年月日,交易筆棟數,移轉層次,總樓層數,建物型態,主要用途,主要建材,建築完成年月,建物移轉總面積平方公尺,建物現況格局-房,建物現況格局-廳,建物現況格局-衛,建物現況格局-隔間,有無管理組織,總價元,單價元平方公尺,車位類別,車位移轉總面積平方公尺,車位總價元,備註,編號,主建物面積,附屬建物面積,陽台面積,電梯,移轉編號
The villages and towns urban district,transaction sign,land sector position building sector house number plate,land shifting total area square meter,the use zoning or compiles and checks,the non-metropolis land use district,non-metropolis land use,transaction year month and day,transaction pen number,shifting level,total floor number,building state,main use,main building materials,construction to complete the years,building shifting total area,Building present situation pattern - room,building present situation pattern - hall,building present situation pattern - health,building present situation pattern - compartmented,Whether there is manages the organization,total price NTD,the unit price (NTD / square meter),the berth category,berth shifting total area square meter,the berth total price NTD,the note,serial number,main building area,auxiliary building area,balcony area,elevator,transaction number
新埔鎮,土地,和平段1183地號,263.06,都市：其他:道路用地,,,1140206,土地3建物0車位0,,,其他,,,,0.0,0,0,0,無,無,8210000,31210,,0.0,0,親友、員工、共有人或其他特殊關係間之交易；包含公共設施保留地用地；,RPPNMLQJKHKGFBJ18DA,0.0,0.0,0.0,無,001
芎林鄉,土地,倒別牛段燥坑小段88-5地號,13072.5,,山坡地保育區,林業用地,1140204,土地1建物0車位0,,,其他,,,,0.0,0,0,0,無,無,6500000,497,,0.0,0,,RPPNMLMKKHKGFCJ97DA,0.0,0.0,0.0,無,
新豐鄉,土地,坪頂段451地號,65.41,都市：其他:道路用地,,,1140204,土地1建物0車位0,,,其他,,,,0.0,0,0,0,無,無,780000,11925,,0.0,0,包含公共設施保留地用地；,RPVOMLRJKHKGFDJ56DA,0.0,0.0,0.0,無,
湖口鄉,土地,德興段293地號,25.66,住,,,1140210,土地2建物0車位0,,,其他,,,,0.0,0,0,0,無,無,400000,15588,,0.0,0,親友、員工、共有人或其他特殊關係間之交易；包含公共設施保留地用地；,RPQVMLOKKHKGFDJ56DA,0.0,0.0,0.0,無,002
新埔鎮,土地,福德段957地號,248.35,都市：其他:道路用地,,,1140203,土地4建物0車位0,,,其他,,,,0.0,0,0,0,無,無,1070000,4308,,0.0,0,包含公共設施保留地用地；,RPPOMLOJKHKGFBJ08DA,0.0,0.0,0.0,無,003
湖口鄉,房地(土地+建物),新竹縣湖口鄉中山路三段６１０巷２０弄２６號七樓,18.21,,特定農業區,甲種建築用地,1140207,土地1建物1車位0,七層,七層,華廈(10層含以下有電梯),住家用,鋼筋混凝土造,0930515,78.1,3,0,3,有,有,1750000,22407,,0.0,0,,RPQWMLRKKHKGFDJ96DA,36.39,1.14,10.79,有,004
芎林鄉,土地,上山壹段381地號,33.91,,山坡地保育區,農牧用地,1140207,土地1建物0車位0,,,其他,,,,0.0,0,0,0,無,無,150000,4423,,0.0,0,,RPVNMLLKKHKGFCJ48DA,0.0,0.0,0.0,無,005
竹北市,房地(土地+建物)+車位,新竹縣竹北市六家五路一段３１０號八樓,24.09,住,,,1140202,土地1建物1車位1,八層,十五層,住宅大樓(11層含以上有電梯),住家用,鋼筋混凝土造,1050923,139.31,2,2,1,有,有,25500000,183045,坡道平面,41.29,0,,RPUNMLPLKHKGFBJ78DA,57.96,0.0,7.72,有,006
湖口鄉,房地(土地+建物),新竹縣湖口鄉德和路７６巷１０號二樓之１,8.41,,鄉村區,乙種建築用地,1140210,土地1建物1車位0,二層,八層,華廈(10層含以下有電梯),住家用,鋼筋混凝土造,0930705,27.72,1,0,1,有,有,1000000,36075,,0.0,0,賣清價格土地增值稅849元由買方負擔.親友、員工、共有人或其他特殊關係間之交易；,RPRNMLLLKHKGFDJ28DA,18.38,0.0,2.32,有,007
湖口鄉,房地(土地+建物),新竹縣湖口鄉蘭州一街７２號三樓,21.69,,工業區,丁種建築用地,1140214,土地1建物1車位0,三層,五層,公寓(5樓含以下無電梯),住家用,鋼筋混凝土造,0850629,88.71,3,2,2,有,無,5500000,62000,,0.0,0,,RPOOMLLLKHKGFDJ08DA,72.91,0.0,8.3,無,008
湖口鄉,土地,德盛段659-1地號,32.0,,特定農業區,甲種建築用地,1140205,土地1建物0車位0,,,其他,,,,0.0,0,0,0,無,無,484000,15125,,0.0,0,含土地增值稅或其他稅費；親友、員工、共有人或其他特殊關係間之交易；,RPVNMLLLKHKGFDJ68DA,0.0,0.0,0.0,無,
新埔鎮,土地,南平段210-3地號,883.19,,山坡地保育區,農牧用地,1140122,土地1建物0車位0,,,其他,,,,0.0,0,0,0,無,無,4463074,5053,,0.0,0,,RPPNMLNLJHKGFBJ97DA,0.0,0.0,0.0,無,009
新埔鎮,土地,南平段210-1地號,74.95,,山坡地保育區,農牧用地,1140122,土地1建物0車位0,,,其他,,,,0.0,0,0,0,無,無,236926,3161,,0.0,0,,RPWNMLKKKHKGFBJ38DA,0.0,0.0,0.0,無,010
竹北市,房地(土地+建物),新竹縣竹北市新興路３８之７號,74.68,,鄉村區,乙種建築用地,1140101,土地2建物1車位0,全,四層,透天厝,住家用,鋼筋混凝土造,1070712,208.27,4,3,4,有,有,26560000,127527,,0.0,0,其他增建；,RPTNMLOKKHKGFBJ48DA,199.08,9.19,0.0,無,011
竹北市,土地,新庄子段1113地號,177.0,,特定農業區,農牧用地,1140116,土地2建物0車位0,,,其他,,,,0.0,0,0,0,無,無,1635000,9237,,0.0,0,未登記建物；農作物；,RPPNMLSKKHKGFBJ48DA,0.0,0.0,0.0,無,
竹北市,房地(土地+建物)+車位,新竹縣竹北市嘉政九街５６號十二樓,53.86,住,,,1140105,土地1建物1車位2,十二層,十四層,住宅大樓(11層含以上有電梯),住家用,鋼筋混凝土造,1130605,286.70000000000005,3,2,2,有,有,62650000,267686,坡道平面,72.83,5400000,,RPUNMLSKKHKGFBJ98DA,127.78,0.0,14.71,有,
竹北市,房地(土地+建物)+車位,新竹縣竹北市勝利十二街１１８號三樓,22.94,住,,,1140106,土地1建物1車位1,三層,十四層,住宅大樓(11層含以上有電梯),住家用,鋼筋混凝土造,1130308,154.34,3,2,2,有,有,28280000,183232,坡道平面,32.47,0,,RPWNMLSKKHKGFBJ56DA,73.2,0.0,7.23,有,012
湖口鄉,土地,力行段941地號,26.01,住,,,1140116,土地1建物0車位0,,,其他,,,,0.0,0,0,0,無,無,796998,30642,,0.0,0,包含公共設施保留地用地；,RPXRMLQKJHKGFDJ96DA,0.0,0.0,0.0,無,013
湖口鄉,土地,長威段930-6地號,7657.21,,特定農業區,農牧用地,1140123,土地6建物0車位0,,,其他,,,,0.0,0,0,0,無,無,57597450,7522,,0.0,0,,RPTNMLKKKHKGFDJ28DA,0.0,0.0,0.0,無,
湖口鄉,土地,勝利段1016地號,38.13,,鄉村區,乙種建築用地,1140119,土地1建物0車位0,,,其他,,,,0.0,0,0,0,無,無,1500000,39339,,0.0,0,未登記建物；,RPPSMLRKKHKGFDJ09DA,0.0,0.0,0.0,無,
湖口鄉,房地(土地+建物),新竹縣湖口鄉德興路５９號,132.75,住,,,1140112,土地1建物1車位0,全,二層,透天厝,住商用,加強磚造,,249.9,7,2,2,有,無,14536000,58167,,0.0,0,頂樓增建其他增建；,RPTPMLSKKHKGFDJ66DA,249.9,0.0,0.0,無,
竹北市,土地,三崁店段水坑口小段168地號,86.0,,特定農業區,水利用地,1140123,土地1建物0車位0,,,其他,,,,0.0,0,0,0,無,無,3652420,42470,,0.0,0,政府機關標讓售；,RPQNMLRKKHKGFBJ58EA,0.0,0.0,0.0,無,
新埔鎮,土地,南平段728地號,197.33,,山坡地保育區,丙種建築用地,1140120,土地1建物0車位0,,,其他,,,,0.0,0,0,0,無,無,1100000,5574,,0.0,0,,RPPNMLSKKHKGFBJ58EA,0.0,0.0,0.0,無,
竹北市,房地(土地+建物)+車位,新竹縣竹北市光明十八街１６號十一樓,37.54,住,,,1140118,土地1建物1車位1,十一層,十四層,住宅大樓(11層含以上有電梯),住家用,鋼筋混凝土造,1010318,218.54000000000002,3,2,2,有,有,30500000,139563,坡道平面,0.0,0,,RPRNMLSKKHKGFBJ68DA,122.41,7.23,12.07,有,
湖口鄉,土地,長嶺段932地號,2729.0,,特定農業區,農牧用地,1140113,土地1建物0車位0,,,其他,,,,0.0,0,0,0,無,無,11350000,4159,,0.0,0,,RPVOMLPJKHKGFDJ98DA,0.0,0.0,0.0,無,014
新豐鄉,房地(土地+建物)+車位,新竹縣新豐鄉振興街１３９之１６號二樓,28.66,,特定農業區,甲種建築用地,1140112,土地2建物1車位2,二層,七層,華廈(10層含以下有電梯),住家用,鋼筋混凝土造,1111118,143.3,3,2,2,有,有,16800000,117237,坡道平面,0.0,2000000,,RPUNMLRJKHKGFDJ98DA,68.96,0.0,5.96,有,
新豐鄉,房地(土地+建物)+車位,新竹縣新豐鄉振興街１３９之１８號三樓,21.6,,特定農業區,甲種建築用地,1140112,土地2建物1車位1,三層,七層,華廈(10層含以下有電梯),住家用,鋼筋混凝土造,1111118,101.19,2,2,1,有,有,12800000,126495,坡道平面,0.0,1500000,,RPXNMLRJKHKGFDJ66DA,49.58,0.0,5.98,有,
竹北市,房地(土地+建物)+車位,新竹縣竹北市光明六路東一段２９６之２號三樓,19.37,商,,,1140127,土地1建物1車位2,三層,二十三層,住宅大樓(11層含以上有電梯),住家用,鋼筋混凝土造,0960528,234.51,4,2,2,有,有,31050000,132409,坡道平面,0.0,0,,RPPNMLKLKHKGFBJ87EA,126.46,6.61,15.08,有,015
新豐鄉,土地,錦安段266地號,193.28,,,,1140115,土地1建物0車位0,,,其他,,,,0.0,0,0,0,無,無,1100000,5691,,0.0,0,包含公共設施保留地用地；,RPPNMLTKKHKGFDJ88EA,0.0,0.0,0.0,無,
竹北市,土地,豆子埔段891地號,137.62,住,,,1140112,土地1建物0車位0,,,其他,,,,0.0,0,0,0,無,無,16944046,123122,,0.0,0,,RPPNMLSKJHKGFBJ38DA,0.0,0.0,0.0,無,
關西鎮,土地,石光段701地號,289.7,,特定農業區,農牧用地,1140103,土地1建物0車位0,,,其他,,,,0.0,0,0,0,無,無,900000,3107,,0.0,0,,RPPNMLKLJHKGFBJ67DA,0.0,0.0,0.0,無,
竹北市,土地,竹仁段508地號,92.3,住,,,1140108,土地1建物0車位0,,,其他,,,,0.0,0,0,0,無,無,10596458,114805,,0.0,0,包含公共設施保留地用地；,RPSNMLLLKHKGFBJ18DA,0.0,0.0,0.0,無,016
竹東鎮,房地(土地+建物),新竹縣竹東鎮光武街９３號八樓,11.9,商,,,1140118,土地2建物1車位0,八層,九層,華廈(10層含以下有電梯),住家用,鋼筋混凝土造,0850506,84.67,3,2,1,有,有,4300000,50785,,0.0,0,,RPSNMLKLKHKGFCJ18DA,60.88,0.0,7.42,有,
關西鎮,房地(土地+建物),新竹縣關西鎮光復路２８５號,91.79,住,,,1140107,土地1建物1車位0,全,三層,透天厝,住家用,鋼筋混凝土造,,154.64,3,2,2,有,無,9760000,63114,,0.0,0,親友、員工、共有人或其他特殊關係間之交易；,RPVNMLPKJHKGFBJ68DA,147.43,7.21,0.0,無,
竹北市,房地(土地+建物),新竹縣竹北市中華路３４８號八樓之十一,3.25,住,,,1140115,土地2建物1車位0,八層,十三層,住宅大樓(11層含以上有電梯),住家用,鋼筋混凝土造,0850703,29.970000000000002,1,1,1,有,無,3500000,116783,,0.0,0,其他增建；,RPUNMLQKJHKGFBJ68DA,17.39,0.0,4.53,有,017
竹北市,房地(土地+建物)+車位,新竹縣竹北市莊敬北路５７１號五樓,4.88,住,,,1140112,土地1建物1車位1,五層,十三層,住宅大樓(11層含以上有電梯),住家用,鋼筋混凝土造,1041105,33.01,3,2,2,有,有,2400000,0,坡道平面,40.06,0,親友、員工、共有人或其他特殊關係間之交易；,RPURMLTKKHKGFBJ86DA,15.45,0.0,1.66,有,018
新豐鄉,土地,福興段十一股小段976地號,1965.0,,特定農業區,農牧用地,1140114,土地1建物0車位0,,,其他,,,,0.0,0,0,0,無,無,5950000,3028,,0.0,0,,RPSNMLKLKHKGFDJ28DA,0.0,0.0,0.0,無,
湖口鄉,房地(土地+建物),新竹縣湖口鄉榮光路９８號,94.88,,一般農業區,甲種建築用地,1140110,土地1建物1車位0,全,二層,透天厝,住家用,加強磚造,0721201,59.28,3,2,2,有,無,5300000,89406,,0.0,0,頂樓、一樓空地增建其他增建；,RPTNMLLLKHKGFDJ48DA,59.28,0.0,0.0,無,
竹北市,房地(土地+建物),新竹縣竹北市新溪街２９２巷６６弄４０號,92.29,,特定農業區,甲種建築用地,1140108,土地2建物1車位0,全,四層,透天厝,住家用,鋼筋混凝土造,0911129,189.35,4,3,2,有,無,16000000,84500,,0.0,0,其他增建；,RPPPMLOLKHKGFBJ38DA,177.57,6.98,4.8,無,019
竹東鎮,土地,旭光段531地號,2.97,都市：其他:兒童遊樂場,,,1140121,土地1建物0車位0,,,其他,,,,0.0,0,0,0,無,無,100000,33670,,0.0,0,,RPQNMLLLJHKGFCJ97DA,0.0,0.0,0.0,無,
竹東鎮,房地(土地+建物)+車位,新竹縣竹東鎮旭光一路２０５號四樓,23.64,都市：其他:科技商務服務專用區,,,1140110,土地1建物1車位1,四層,十四層,住宅大樓(11層含以上有電梯),辦公用,鋼筋混凝土造,1130729,153.37,3,2,2,有,有,20300000,132360,坡道平面,33.33,0,,RPUNMLPLKHKGFCJ88DA,79.8,0.0,5.2,有,020
湖口鄉,土地,竹九段1866-26地號,223.52,,鄉村區,乙種建築用地,1140122,土地3建物0車位0,,,其他,,,,0.0,0,0,0,無,無,12724000,56926,,0.0,0,,RPRPMLSKKHKGFDJ09DA,0.0,0.0,0.0,無,021
湖口鄉,土地,竹九段1866-3地號,104.96,,鄉村區,乙種建築用地,1140122,土地1建物0車位0,,,其他,,,,0.0,0,0,0,無,無,5976000,56936,,0.0,0,,RPSPMLSKKHKGFDJ56DA,0.0,0.0,0.0,無,
竹東鎮,土地,柯子湖段165-3地號,16.5,,山坡地保育區,林業用地,1140121,土地1建物0車位0,,,其他,,,,0.0,0,0,0,無,無,74800,4533,,0.0,0,,RPPNMLLKKHKGFCJ97EA,0.0,0.0,0.0,無,022
橫山鄉,土地,田洋段359地號,297.77,,山坡地保育區,丙種建築用地,1140114,土地1建物0車位0,,,其他,,,,0.0,0,0,0,無,無,300000,1007,,0.0,0,含土地增值稅或其他稅費44504元；親友、員工、共有人或其他特殊關係間之交易；,RPPNMLOLKHKGFCJ38EA,0.0,0.0,0.0,無,
新埔鎮,房地(土地+建物),新竹縣新埔鎮關埔路雲東段６５０號,1124.38,,特定農業區,農牧用地,1131214,土地4建物1車位0,一層,二層,公寓(5樓含以下無電梯),農業用,加強磚造,0690912,112.32,2,1,1,有,無,3000000,26709,,0.0,0,頂樓加蓋；,RPRNMLKLKIJGFBJ97DA,112.32,0.0,0.0,無,
竹北市,房地(土地+建物),新竹縣竹北市聯興三街１３６巷１５８弄５號,103.5,,特定農業區,甲種建築用地,1131205,土地3建物1車位0,全,三層,透天厝,住家用,鋼筋混凝土造,0861115,149.97,4,3,3,有,無,11000000,73348,,0.0,0,其他增建；,RPROMLQJKHKGFBJ48DA,134.73,5.08,10.16,無,
竹北市,土地,縣華段801地號,125.02,住,,,1131218,土地1建物0車位0,,,其他,,,,0.0,0,0,0,無,無,15128000,121005,,0.0,0,親友、員工、共有人或其他特殊關係間之交易；,RPSNMLKKKHKGFBJ97DA,0.0,0.0,0.0,無,023
竹北市,土地,舊港段漁寮小段562-7地號,132.0,,特定農業區,甲種建築用地,1131227,土地1建物0車位0,,,其他,,,,0.0,3,2,1,有,無,5000000,37879,,0.0,0,未登記建物；,RPPNMLPKKHKGFBJ18DA,0.0,0.0,0.0,無,
關西鎮,土地,新城段347-10地號,418.5,,山坡地保育區,農牧用地,1131230,土地2建物0車位0,,,其他,,,,0.0,0,0,0,無,無,1899000,4538,,0.0,0,,RPTNMLRKKHKGFBJ78DA,0.0,0.0,0.0,無,
竹北市,房地(土地+建物)+車位,新竹縣竹北市中山路６０５號十一樓之五,12.79,商,,,1131211,土地1建物1車位1,十一層,十五層,住宅大樓(11層含以上有電梯),住家用,鋼筋混凝土造,1121110,128.68,2,2,2,有,有,20380000,158377,坡道平面,29.6,0,,RPTOMLSKKHKGFBJ98DA,62.43,0.0,5.36,有,024
湖口鄉,土地,成功段851-30地號,564.21,,特定農業區,丁種建築用地,1131223,土地2建物0車位0,,,其他,,,,0.0,0,0,0,無,無,17055172,30228,,0.0,0,,RPQNMLOLKIJGFDJ48DA,0.0,0.0,0.0,無,025
湖口鄉,房地(土地+建物),新竹縣湖口鄉山葉路１１號五樓之２,7.65,,特定農業區,甲種建築用地,1131213,土地1建物1車位0,五層,六層,華廈(10層含以下有電梯),住家用,鋼筋混凝土造,0940610,26.400000000000002,0,0,0,無,有,1350000,51136,,0.0,0,,RPUNMLTJJHKGFDJ09DA,11.59,1.48,3.78,有,
新豐鄉,土地,崁頭段782地號,1926.8,,特定農業區,農牧用地,1131217,土地1建物0車位0,,,其他,,,,0.0,0,0,0,無,無,7000000,3633,,0.0,0,,RPSNMLKKKHKGFDJ18DA,0.0,0.0,0.0,無,
湖口鄉,房地(土地+建物),新竹縣湖口鄉德興路２４２巷６號五樓,24.33,,一般農業區,甲種建築用地,1131229,土地1建物1車位0,五層,五層,華廈(10層含以下有電梯),住家用,鋼筋混凝土造,0831130,86.07,4,1,2,有,有,3500000,40665,,0.0,0,親友、員工、共有人或其他特殊關係間之交易；夾層；,RPUPMLSKKHKGFDJ76DA,53.61,0.89,7.16,有,026
湖口鄉,房地(土地+建物),新竹縣湖口鄉興安街９６號四樓,31.4,,工業區,丁種建築用地,1131229,土地1建物1車位0,四層,五層,華廈(10層含以下有電梯),住家用,鋼筋混凝土造,0810907,89.48,3,2,2,有,無,5400000,60349,,0.0,0,陽台採光罩窗戶其他增建；,RPRNMLKLKHKGFDJ18DA,68.08,0.0,9.4,有,027
竹北市,房地(土地+建物),新竹縣竹北市長園一街７５巷１０７號,817.0,,特定農業區,農牧用地,1131223,土地1建物1車位0,一層,二層,公寓(5樓含以下無電梯),其他,鋼骨造,1050907,169.0,3,2,2,有,無,25000000,147929,,0.0,0,,RPVNMLOLKIJGFBJ78DA,169.0,0.0,0.0,無,
竹北市,房地(土地+建物)+車位,新竹縣竹北市科大二街１６３號三樓,24.64,住,,,1131224,土地1建物1車位1,三層,十四層,住宅大樓(11層含以上有電梯),住家用,鋼筋混凝土造,1050907,135.15,2,2,1,有,有,21800000,161302,坡道平面,34.86,0,,RPQNMLQJJHKGFBJ18DA,60.69,3.92,5.11,有,028
竹東鎮,土地,頭重埔段259-20地號,99.18,,,,1131225,土地1建物0車位0,,,其他,,,,0.0,0,0,0,無,無,3900000,39322,,0.0,0,,RPXNMLRKKHKGFCJ66DA,0.0,0.0,0.0,無,
竹東鎮,房地(土地+建物),新竹縣竹東鎮五豐街２３巷４１弄１２號,198.58,住,,,1131223,土地3建物1車位0,全,五層,透天厝,住家用,鋼筋混凝土造,0870126,318.76,4,2,4,有,有,15000000,47057,,0.0,0,親友、員工、共有人或其他特殊關係間之交易；,RPSNMLSKKHKGFCJ88DA,298.32,20.44,0.0,無,
竹東鎮,房地(土地+建物),新竹縣竹東鎮世界街９１巷５號,71.19,住,,,1131214,土地2建物1車位0,全,四層,透天厝,住家用,鋼筋混凝土造,0900801,209.57,4,2,3,有,有,12200000,58214,,0.0,0,,RPRNMLTKKHKGFCJ88DA,177.79,0.0,6.81,無,029
竹東鎮,土地,二重埔段274-30地號,155.0,都市：其他:保護區,,,1131212,土地2建物0車位0,,,其他,,,,0.0,0,0,0,無,無,1509324,9738,,0.0,0,親友、員工、共有人或其他特殊關係間之交易；未登記建物；,RPUNMLTKKHKGFCJ56DA,0.0,0.0,0.0,無,
竹東鎮,房地(土地+建物)+車位,新竹縣竹東鎮北興路一段５６０巷６號十樓,16.36,住,,,1131223,土地1建物1車位1,十層,十層,華廈(10層含以下有電梯),辦公用,鋼筋混凝土造,0991231,95.62,1,1,2,有,有,12200000,127588,坡道平面,0.0,0,,RPWNMLLLKHKGFCJ68DA,39.31,2.53,3.26,有,
湖口鄉,土地,八德段484-2地號,5303.03,,山坡地保育區,農牧用地,1131213,土地3建物0車位0,,,其他,,,,0.0,0,0,0,無,無,22458240,4235,,0.0,0,農作物；,RPQNMLOLKHKGFDJ48DA,0.0,0.0,0.0,無,
竹北市,房地(土地+建物),新竹縣竹北市文采街３９號五樓之十,8.09,住,,,1131228,土地1建物1車位0,五層,五層,華廈(10層含以下有電梯),商業用,鋼筋混凝土造,0961213,30.58,1,3,1,有,有,5500000,179856,,0.0,0,陽台外推；夾層；其他增建；,RPPPMLKKJHKGFBJ77DA,17.86,1.05,2.72,有,030
關西鎮,土地,馬武督段六畜小段32-5地號,640.0,,山坡地保育區,農牧用地,1131231,土地1建物0車位0,,,其他,,,,0.0,0,0,0,無,無,300000,469,,0.0,0,,RPRRMLTKKHKGFBJ56DA,0.0,0.0,0.0,無,
竹北市,房地(土地+建物),新竹縣竹北市博愛街３６７巷２之２號,11.05,住,,,1131227,土地1建物1車位0,一層,五層,華廈(10層含以下有電梯),住家用,鋼筋混凝土造,,36.61,1,1,1,有,無,3550000,96968,,0.0,0,其他增建；,RPTNMLKLKHKGFBJ18DA,25.29,2.73,0.0,有,
竹北市,房地(土地+建物),新竹縣竹北市國強街３５巷２號,65.23,住,,,1131201,土地1建物1車位0,全,二層,透天厝,住家用,加強磚造,0630202,84.63,4,2,3,有,無,14080000,166371,,0.0,0,頂樓加蓋；,RPPNMLNLKHKGFBJ08DA,84.63,0.0,0.0,無,031
新埔鎮,土地,正興段792地號,84.89,工,,,1131230,土地1建物0車位0,,,其他,,,,0.0,6,2,3,有,無,1040000,12251,,0.0,0,,RPQNMLOLKHKGFBJ28DA,0.0,0.0,0.0,無,
湖口鄉,土地,中美段1549-2地號,750.01,農,,,1131210,土地1建物0車位0,,,其他,,,,0.0,0,0,0,無,無,3630000,4840,,0.0,0,,RPSNMLOLKHKGFDJ68DA,0.0,0.0,0.0,無,
竹北市,房地(土地+建物)+車位,新竹縣竹北市復興三路二段１０６號十四樓,18.43,商,,,1131227,土地1建物1車位1,十四層,二十三層,住宅大樓(11層含以上有電梯),住家用,鋼筋混凝土造,1030924,213.95999999999998,4,2,2,有,有,39500000,184614,坡道平面,33.89,0,,RPSNMLNJJHKGFBJ08DA,114.11,0.0,14.65,有,032
新埔鎮,土地,照鏡段309-1地號,1030.0,,山坡地保育區,農牧用地,1131212,土地1建物0車位0,,,其他,,,,0.0,0,0,0,無,無,4200000,4078,,0.0,0,農作物；農業設施；,RPRPMLOLKHKGFBJ58DA,0.0,0.0,0.0,無,033
新埔鎮,土地,上旱坑段115地號,2892.43,,山坡地保育區,農牧用地,1131212,土地5建物0車位0,,,其他,,,,0.0,0,0,0,無,無,14000000,4840,,0.0,0,未登記建物；,RPSPMLOLKHKGFBJ68DA,0.0,0.0,0.0,無,034
橫山鄉,土地,濫子段尖筆窩小段329地號,9821.0,,山坡地保育區,林業用地,1131230,土地3建物0車位0,,,其他,,,,0.0,0,0,0,無,無,4500000,458,,0.0,0,,RPTNMLNKKHKGFCJ48DA,0.0,0.0,0.0,無,
峨眉鄉,房地(土地+建物),新竹縣峨眉鄉忠義街１８巷１弄９號,75.01,,鄉村區,乙種建築用地,1131223,土地1建物1車位0,全,二層,透天厝,住家用,加強磚造,0660701,105.72,2,1,1,有,無,3600000,34052,,0.0,0,,RPRNMLPLKHKGFCJ58DA,105.72,0.0,0.0,無,035
竹北市,房地(土地+建物)+車位,新竹縣竹北市成功一街５３號十四樓,16.05,商,,,1131118,土地1建物1車位1,十四層,十四層,住宅大樓(11層含以上有電梯),住家用,鋼筋混凝土造,0930524,170.01,3,2,2,有,有,27000000,158814,坡道平面,24.74,0,陽台外推；,RPPNMLSJJHKGFBJ28DA,99.58,2.19,9.09,有,
新埔鎮,房地(土地+建物),新竹縣新埔鎮義民路一段８０巷８弄２６號,85.24,住,,,1131113,土地3建物1車位0,全,四層,透天厝,住家用,鋼筋混凝土造,1040611,219.91,3,2,4,有,無,20580000,93584,,0.0,0,其他增建；,RPVNMLOKKHKGFBJ68DA,198.5,21.41,0.0,無,036
竹北市,房地(土地+建物),新竹縣竹北市文采街３９號五樓之十二,10.01,住,,,1131124,土地1建物1車位0,五層,五層,華廈(10層含以下有電梯),商業用,鋼筋混凝土造,0961213,38.38,1,1,1,有,有,7800000,203231,,0.0,0,夾層；,RPUOMLSKKHKGFBJ09DA,24.33,3.02,0.0,有,037
竹北市,房地(土地+建物)+車位,新竹縣竹北市勝利十五街１９８號三樓之一,34.21,住,,,1131102,土地1建物1車位1,三層,十二層,住宅大樓(11層含以上有電梯),住家用,鋼筋混凝土造,1100209,201.88,3,2,2,有,有,39700000,228193,坡道平面,38.86,2500000,,RPQNMLLJJHKGFBJ67DA,91.83,4.27,10.65,有,
竹北市,房地(土地+建物)+車位,新竹縣竹北市嘉興三街２８號二樓之二,21.11,住,,,1131118,土地1建物1車位1,二層,十四層,住宅大樓(11層含以上有電梯),住家用,鋼筋混凝土造,1060615,128.28,2,1,1,有,有,17500000,136420,坡道平面,33.91,0,,RPOOMLNJJHKGFBJ77DA,58.86,0.0,4.63,有,038
關西鎮,土地,東安段141-1地號,20.04,都市：其他:河川區,,,1131127,土地1建物0車位0,,,其他,,,,0.0,0,0,0,無,無,122244,6100,,0.0,0,協議價購；,RPQOMLLKKHKGFBJ97DA,0.0,0.0,0.0,無,
竹北市,房地(土地+建物)+車位,新竹縣竹北市光明六路５８８號十八樓,10.78,商,,,1131114,土地1建物1車位1,十八層,二十四層,住宅大樓(11層含以上有電梯),住家用,鋼筋混凝土造,1110930,129.9,2,2,1,有,有,20180000,155350,坡道平面,31.88,0,,RPVOMLSKKHKGFBJ56DA,61.26,0.0,4.49,有,039
竹東鎮,土地,柯子湖段66-4地號,1320.0,工,,,1131102,土地1建物0車位0,,,其他,,,,0.0,0,0,0,無,無,73870500,55963,,0.0,0,,RPVNMLOLKIJGFCJ88DA,0.0,0.0,0.0,無,
新豐鄉,房地(土地+建物),新竹縣新豐鄉建興路二段２０５巷２８號,106.02,,山坡地保育區,丙種建築用地,1131116,土地1建物1車位0,全,二層,透天厝,住家用,加強磚造,,114.6,6,2,2,有,無,7700000,67190,,0.0,0,,RPOSMLNKKHKGFDJ58DA,108.6,0.0,6.0,無,
關西鎮,土地,東安段585地號,1221.24,住,,,1131106,土地5建物0車位0,,,其他,,,,0.0,0,0,0,無,無,60730000,49728,,0.0,0,未登記建物；,RPSRMLTKKHKGFBJ66DA,0.0,0.0,0.0,無,
竹北市,房地(土地+建物)+車位,新竹縣竹北市新瀧三街３３號八樓,25.89,住,,,1131126,土地2建物1車位1,八層,十三層,住宅大樓(11層含以上有電梯),住家用,鋼筋混凝土造,1111030,139.37,3,2,2,有,有,23250000,166822,坡道平面,25.0,0,其他增建；,RPQNMLLLKHKGFBJ97DA,71.06,0.0,6.12,有,040
湖口鄉,房地(土地+建物),新竹縣湖口鄉光復東路１４６號,102.16,,工業區,丁種建築用地,1131129,土地1建物1車位0,全,五層,透天厝,住商用,鋼筋混凝土造,1130328,405.39,10,0,10,有,無,36860000,90925,,0.0,0,,RPTVMLRKKHKGFDJ17DA,375.5,0.0,29.89,有,
竹北市,房地(土地+建物)+車位,新竹縣竹北市白地街２８７號,46.89,,特定農業區,農牧用地,1131127,土地5建物1車位1,一層,十二層,住宅大樓(11層含以上有電梯),住家用,鋼筋混凝土造,1070409,122.35,3,2,2,有,有,14350000,117286,一樓平面,0.0,0,,RPSNMLKLJHKGFBJ97DA,82.71,2.22,8.4,有,041
竹北市,房地(土地+建物),新竹縣竹北市隘口一街５號四樓之三,8.18,住,,,1131114,土地1建物1車位0,四層,十層,華廈(10層含以下有電梯),商業用,鋼筋混凝土造,0970310,38.7,2,1,1,有,有,9380000,242377,,0.0,0,陽台外推；夾層；其他增建；,RPQNMLPLKHKGFBJ38DA,21.7,1.53,4.14,有,
竹東鎮,房地(土地+建物)+車位,新竹縣竹東鎮自由街１２０巷７號九樓之１,26.17,都市：其他:住一,,,1131120,土地1建物1車位1,九層,十一層,住宅大樓(11層含以上有電梯),住家用,鋼筋混凝土造,0851224,157.26,4,2,3,有,有,12500000,79486,坡道平面,0.0,0,夾層；,RPWOMLNKJHKGFCJ78DA,83.96,0.0,16.68,有,
五峰鄉,土地,花園段484-20地號,28608.0,,山坡地保育區,林業用地,1131127,土地5建物0車位0,,,其他,,,,0.0,0,0,0,無,無,10750000,376,,0.0,0,未登記建物；,RPQNMLOLKHKGFCJ38DA,0.0,0.0,0.0,無,
湖口鄉,房地(土地+建物),新竹縣湖口鄉安宅九街８１號三樓,19.58,,工業區,丁種建築用地,1131123,土地1建物1車位0,三層,五層,公寓(5樓含以下無電梯),住家用,鋼筋混凝土造,0990701,81.11,3,2,2,有,無,6780000,83590,,0.0,0,,RPOOMLKMKIJGFDJ08DA,63.89,0.0,3.2,無,042
新豐鄉,土地,福興段後湖子小段352-2地號,3577.0,,特定農業區,農牧用地,1131118,土地1建物0車位0,,,其他,,,,0.0,0,0,0,無,無,10600000,2963,,0.0,0,,RPQOMLPLKHKGFDJ68DA,0.0,0.0,0.0,無,043
竹東鎮,房地(土地+建物),新竹縣竹東鎮民族路５０巷２１號二樓,19.01,都市：其他:住一,,,1131108,土地1建物1車位0,二層,八層,華廈(10層含以下有電梯),住家用,鋼筋混凝土造,0841212,124.59,3,2,2,有,有,9000000,72237,,0.0,0,陽台外推；,RPPNMLPLKHKGFCJ48EA,80.06,1.51,8.81,有,
竹北市,房地(土地+建物)+車位,新竹縣竹北市新瀧一街１５號二十二樓,17.65,商,,,1131027,土地1建物1車位2,二十二層,二十四層,住宅大樓(11層含以上有電梯),住家用,鋼筋混凝土造,1050126,230.55,4,2,2,有,有,25100000,108870,坡道平面,72.84,0,,RPXOMLLJJIJGFBJ48DA,93.99,0.0,17.37,有,044
竹北市,房地(土地+建物),新竹縣竹北市中正西路２８０巷１弄１３號三樓,23.65,住,,,1131015,土地1建物1車位0,三層,四層,公寓(5樓含以下無電梯),住家用,鋼筋混凝土造,0720630,88.38,3,2,1,有,無,4500000,50916,,0.0,0,,RPUNMLRKIIJGFBJ68DA,82.32,0.0,0.0,無,
竹東鎮,房地(土地+建物)+車位,新竹縣竹東鎮工業一路８之６號十五樓,18.95,住,,,1131015,土地1建物1車位1,十五層,十五層,住宅大樓(11層含以上有電梯),住家用,鋼筋混凝土造,1090113,110.34,2,1,1,有,有,6000000,54377,坡道平面,27.34,0,親友、員工、共有人或其他特殊關係間之交易；,RPRNMLKLKHKGFCJ08DA,46.43,2.79,6.26,有,045
湖口鄉,房地(土地+建物),新竹縣湖口鄉德興路３４號,213.85,住,,,1131022,土地1建物1車位0,全,三層,透天厝,住家用,加強磚造,,197.52,6,3,3,有,無,8880000,44957,,0.0,0,依土地法34條之1規定辦理其他增建；,RPQNMLKKJHKGFDJ87DA,197.52,0.0,0.0,無,
竹北市,房地(土地+建物),新竹縣竹北市東興路一段７０號七樓之二,19.66,住,,,1131017,土地1建物1車位0,七層,七層,華廈(10層含以下有電梯),住家用,鋼筋混凝土造,0840817,89.93,3,1,2,有,有,10000000,111198,,0.0,0,親友、員工、共有人或其他特殊關係間之交易；頂樓加蓋；,RPSNMLKLKHKGFBJ08DA,64.82,0.0,1.88,有,046
芎林鄉,房地(土地+建物),新竹縣芎林鄉文山路１０００巷１１號六樓,40.75,,特定農業區,甲種建築用地,1131030,土地1建物1車位0,六層,六層,華廈(10層含以下有電梯),住家用,鋼筋混凝土造,0830401,138.68,4,2,2,有,有,8600000,62013,,0.0,0,,RPRNMLOLKHKGFCJ48DA,87.95,0.0,8.99,有,047
竹北市,房地(土地+建物)+車位,新竹縣竹北市莊敬北路２１６號二十二樓之二,15.88,商,,,1130920,土地1建物1車位1,二十二層,二十九層,住宅大樓(11層含以上有電梯),住家用,鋼筋混凝土造,1090221,210.91000000000003,4,2,2,有,有,39800000,206694,坡道平面,30.45,2500000,,RPUNMLRKKHKGFBJ88DA,105.4,6.01,9.82,有,048
竹北市,房地(土地+建物)+車位,新竹縣竹北市光明十八街６號七樓,27.53,住,,,1130910,土地1建物1車位1,七層,十四層,住宅大樓(11層含以上有電梯),住家用,鋼筋混凝土造,1010318,170.24,2,2,2,有,有,25800000,151551,坡道平面,0.0,0,其他增建；,RPWNMLNKJHKGFBJ58DA,86.14,9.61,8.81,有,
芎林鄉,土地,王爺坑段148-22地號,934.67,,特定農業區,農牧用地,1130925,土地2建物0車位0,,,其他,,,,0.0,0,0,0,無,無,12340000,13203,,0.0,0,親友、員工、共有人或其他特殊關係間之交易；農作物；,RPPNMLNLKHKGFCJ18DA,0.0,0.0,0.0,無,049
竹北市,房地(土地+建物)+車位,新竹縣竹北市光明六路東二段６３３號八樓之二,13.95,商,,,1130916,土地1建物1車位1,八層,十四層,住宅大樓(11層含以上有電梯),住家用,鋼筋混凝土造,1121215,110.25,2,2,1,有,有,12350000,112018,坡道平面,27.76,0,親友、員工、共有人或其他特殊關係間之交易；,RPVOMLLKKHKGFBJ48DA,51.04,0.0,4.11,有,050
竹東鎮,房地(土地+建物),新竹縣竹東鎮世界街７１巷４３號四樓,28.05,住,,,1130927,土地3建物1車位0,四層,八層,華廈(10層含以下有電梯),住家用,鋼筋混凝土造,0860616,98.66,4,2,2,有,有,6050000,61322,,0.0,0,夾層；,RPTNMLOLKHKGFCJ68DA,62.97,0.33,8.86,有,051
新豐鄉,房地(土地+建物)+車位,新竹縣新豐鄉榮華街３９巷１００弄１號十樓,22.44,,一般農業區,甲種建築用地,1130927,土地1建物1車位1,十層,十四層,住宅大樓(11層含以上有電梯),住家用,鋼筋混凝土造,1131115,109.52,2,2,1,有,有,10600000,102990,坡道平面,22.23,1610000,預售屋、或土地及建物分件登記案件；,RPUSMLMKKHKGFDJ09DA,50.99,0.0,7.05,有,
湖口鄉,土地,北安段354地號,419.0,,一般農業區,甲種建築用地,1130824,土地3建物0車位0,,,其他,,,,0.0,0,0,0,無,無,12420000,29642,,0.0,0,未登記建物；,RPRNMLKKJHKGFDJ97DA,0.0,0.0,0.0,無,
竹北市,房地(土地+建物)+車位,新竹縣竹北市莊敬三路２８０號二十六樓,21.75,商,,,1130818,土地1建物1車位2,二十六層,二十九層,住宅大樓(11層含以上有電梯),住家用,鋼筋混凝土造,1040417,277.03999999999996,4,2,2,有,有,42800000,154490,坡道平面,0.0,0,其他增建；,RPPOMLRJKHKGFBJ38DA,134.53,4.75,11.23,有,052
湖口鄉,土地,長威段286地號,2682.31,,特定農業區,甲種建築用地,1130801,土地1建物0車位0,,,其他,,,,0.0,0,0,0,無,無,83139878,30996,,0.0,0,未登記建物；,RPXNMLLKKHKGFDJ78DA,0.0,0.0,0.0,無,053
關西鎮,房地(土地+建物),新竹縣關西鎮育賢街２０７號,76.4,住,,,1130715,土地2建物1車位0,全,四層,透天厝,住家用,鋼筋混凝土造,1130412,197.31,4,2,5,有,無,20700000,104911,,0.0,0,,RPVNMLOJJIJGFBJ48DA,197.31,0.0,0.0,無,
竹北市,房地(土地+建物),新竹縣竹北市白地街１３０巷１３弄１８號,99.37,,特定農業區,甲種建築用地,1130628,土地2建物1車位0,全,五層,透天厝,住家用,鋼筋混凝土造,1000723,215.23,5,2,3,有,有,14850000,68996,,0.0,0,其他增建；,RPUNMLKLKHKGFBJ28DA,211.61,3.62,0.0,無,054
新豐鄉,房地(土地+建物)+車位,新竹縣新豐鄉振興街１３９之１１號五樓,21.6,,特定農業區,甲種建築用地,1130512,土地2建物1車位1,五層,六層,華廈(10層含以下有電梯),住家用,鋼筋混凝土造,1111118,102.16,2,2,1,有,有,12500000,122357,坡道平面,0.0,1100000,,RPSNMLRJKHKGFDJ78DA,49.28,0.0,5.96,有,
新豐鄉,房地(土地+建物),新竹縣新豐鄉埔頂２之１號,2333.0,,特定農業區,農牧用地,1130421,土地2建物1車位0,全,二層,透天厝,農業用,鋼筋混凝土加強磚造,0921006,277.34,5,3,2,有,無,20000000,72114,,0.0,0,其他增建；,RPUOMLKLKHKGFDJ58DA,270.9,0.0,6.44,無,055
新埔鎮,房地(土地+建物)+車位,新竹縣新埔鎮田新路１５６號八樓,16.98,商,,,1121207,土地1建物1車位1,八層,十五層,住宅大樓(11層含以上有電梯),住家用,鋼筋混凝土造,1130913,160.04,3,2,2,有,有,15070000,102812,坡道平面,29.51,1650000,預售屋、或土地及建物分件登記案件；,RPTOMLOJKHKGFBJ48DA,77.72,0.0,9.08,有,
新豐鄉,房地(土地+建物)+車位,新竹縣新豐鄉榮華街３９巷１００弄３號八樓,22.62,,一般農業區,甲種建築用地,1121216,土地1建物1車位1,八層,十四層,住宅大樓(11層含以上有電梯),住家用,鋼筋混凝土造,1131115,110.11,2,2,1,有,有,9280000,88985,坡道平面,22.23,1460000,預售屋、或土地及建物分件登記案件；,RPWNNLKLKIJGFDJ78DA,51.54,0.0,6.89,有,
新豐鄉,房地(土地+建物)+車位,新竹縣新豐鄉榮華街３９巷１００弄１８號二樓,22.35,,一般農業區,甲種建築用地,1121119,土地1建物1車位1,二層,十四層,住宅大樓(11層含以上有電梯),住家用,鋼筋混凝土造,1131115,109.52,2,2,1,有,有,8460000,80765,坡道平面,22.23,1410000,預售屋、或土地及建物分件登記案件；,RPUOMLNLJHKGFDJ78DA,50.99,0.0,7.05,有,
新豐鄉,房地(土地+建物)+車位,新竹縣新豐鄉榮華街３９巷１００弄２號四樓,22.44,,一般農業區,甲種建築用地,1120928,土地1建物1車位1,四層,十四層,住宅大樓(11層含以上有電梯),住家用,鋼筋混凝土造,1131115,109.52,2,2,1,有,有,8440000,79963,坡道平面,22.23,1460000,預售屋、或土地及建物分件登記案件；,RPSSMLMKKHKGFDJ88DA,50.99,0.0,7.05,有,
新豐鄉,房地(土地+建物)+車位,新竹縣新豐鄉榮華街３９巷１００弄５號五樓,20.66,,一般農業區,甲種建築用地,1120729,土地1建物1車位1,五層,十四層,住宅大樓(11層含以上有電梯),住家用,鋼筋混凝土造,1131115,101.56,2,2,1,有,有,7650000,77833,坡道平面,21.26,1400000,預售屋、或土地及建物分件登記案件；,RPOTMLMKKHKGFDJ58DA,48.65,0.0,4.74,有,
竹東鎮,土地,至善段57地號,168.05,住,,,1120412,土地2建物0車位0,,,其他,,,,0.0,0,0,0,無,無,17790500,105864,,0.0,0,,RPRNMLRKKHKGFCJ68DA,0.0,0.0,0.0,無,
新埔鎮,房地(土地+建物)+車位,新竹縣新埔鎮田新路１１６號七樓,16.98,商,,,1120214,土地1建物1車位1,七層,十五層,住宅大樓(11層含以上有電梯),住家用,鋼筋混凝土造,1130913,161.81,3,2,2,有,有,15350000,102948,坡道平面,29.51,1730000,預售屋、或土地及建物分件登記案件；,RPUNMLNKKHKGFBJ48DA,78.47,0.0,9.51,有,
竹北市,房地(土地+建物)+車位,新竹縣竹北市十興路一段３９２號七樓,47.57,住,,,1110712,土地1建物1車位2,七層,二十層,住宅大樓(11層含以上有電梯),住家用,鋼筋混凝土造,1131125,328.83,4,2,3,有,無,48680000,175450,坡道平面,73.03,3800000,預售屋、或土地及建物分件登記案件；,RPWNMLQJKHKGFBJ88DA,145.8,0.0,22.05,有,
竹北市,房地(土地+建物)+車位,新竹縣竹北市十興路一段３９２號十四樓,44.84,住,,,1110724,土地1建物1車位2,十四層,二十層,住宅大樓(11層含以上有電梯),住家用,鋼筋混凝土造,1131125,331.65,4,2,3,有,無,47630000,180592,坡道平面,90.61,4100000,預售屋、或土地及建物分件登記案件；,RPPNMLKLKHKGFBJ77DA,145.8,0.0,12.34,有,
芎林鄉,房地(土地+建物),新竹縣芎林鄉金獅八街４０巷３號,66.28,,鄉村區,乙種建築用地,1100402,土地2建物1車位0,全,五層,透天厝,住家用,鋼筋混凝土造,1130304,213.56,4,2,3,有,有,14800000,69301,,0.0,0,預售屋權利讓售，讓售日期:113年12月7日讓售價格2320萬。預售屋、或土地及建物分件登記案件；,RPUNMLSKKHKGFCJ09DA,190.52,0.0,23.04,有,
