﻿編號,屋齡,建物移轉面積平方公尺,主要用途,主要建材,建築完成日期,總層數,建物分層,移轉情形
The serial number,room age,building shifting area square meter,the main use,main building materials,construction completes the date,total layer,building lamination,
RPRNMLLLKHKGFDJ28DA,21,20.70,住家用,鋼筋混凝土造,93年7月5日,八層,二層 陽台,全筆移轉
RPRNMLLLKHKGFDJ28DA,21,3.55,停車空間,鋼筋混凝土造,93年7月5日,八層,,持分移轉
RPRNMLLLKHKGFDJ28DA,21,3.30,梯間、走道,鋼筋混凝土造,93年7月5日,八層,,持分移轉
RPRNMLLLKHKGFDJ28DA,21,.17,走道,鋼筋混凝土造,93年7月5日,八層,,持分移轉
RPOOMLLLKHKGFDJ08DA,29,7.50,共有部分,鋼筋混凝土造,85年6月29日,五層,,持分移轉
RPOOMLLLKHKGFDJ08DA,29,81.21,住家用,鋼筋混凝土造,85年6月29日,五層,三層 陽台,全筆移轉
RPTNMLOKKHKGFBJ48DA,6,208.27,停車空間、集合住宅、梯間,鋼筋混凝土造,107年7月12日,四層,一層 二層 三層 四層 屋頂突出物 屋簷,全筆移轉
RPUNMLSKKHKGFBJ98DA,1,142.49,集合住宅,鋼筋混凝土造,113年6月5日,十四層,十二層 陽台,全筆移轉
RPUNMLSKKHKGFBJ98DA,1,144.21,本共有部分之項目有防空避難室兼停車空間、停車空間、公共服務空間、管委會空間、樓梯間、機房、水箱、昇降機機房等八項。,鋼筋混凝土造,113年6月5日,十四層,,持分移轉
RPWNMLSKKHKGFBJ56DA,1,80.43,集合住宅,鋼筋混凝土造,113年3月8日,十四層,三層 陽台,全筆移轉
RPWNMLSKKHKGFBJ56DA,1,73.91,本共有部分之項目有防空避難室兼停車空間、停車空間、台電配電室、垃圾集中室、管委會使用空間、公共服務空間、樓梯間、梯間、排煙室、昇降機間、水箱、電梯機房等十二項。,鋼筋混凝土造,113年3月8日,十四層,,持分移轉
RPRNMLSKKHKGFBJ68DA,13,.05,管理員室,鋼筋混凝土造,101年3月18日,十四層,一層,持分移轉
RPRNMLSKKHKGFBJ68DA,13,141.66,住家用,鋼筋混凝土造,101年3月18日,十四層,十一層 陽台 雨遮,全筆移轉
RPRNMLSKKHKGFBJ68DA,13,22.53,本共有部分之項目有樓梯間，水箱，機械室等三項。,鋼筋混凝土造,101年3月18日,十四層,,持分移轉
RPRNMLSKKHKGFBJ68DA,13,27.10,本共有部分之項目有防空避難室，停車空間，廣場式開放空間，車道等四項。,鋼筋混凝土造,101年3月18日,十四層,,持分移轉
RPRNMLSKKHKGFBJ68DA,13,27.19,本共有部分之項目有防空避難室，停車空間，廣場式開放空間，車道等四項。,鋼筋混凝土造,101年3月18日,十四層,,持分移轉
RPUNMLPLKHKGFBJ78DA,8,65.68,住家用,鋼筋混凝土造,105年9月23日,十五層,八層 陽台,全筆移轉
RPUNMLPLKHKGFBJ78DA,8,73.63,本共有部分之項目有防空避難室兼停車空間、水箱、機械室、梯廳、樓梯間、停車空間、台電配電室、電信室、發電機室、門廳、公共服務空間、管委會使用空間、垃圾集中處、樓梯、防災中心、頂蓋式開放空間等十六項。,鋼筋混凝土造,105年9月23日,十五層,,持分移轉
RPTPMLSKKHKGFDJ66DA,,249.90,住商用,加強磚造,,二層,一層 二層 騎樓,全筆移轉
RPQWMLRKKHKGFDJ96DA,21,48.32,住宅．機電設備空間,鋼筋混凝土造,93年5月15日,七層,七層 陽台 雨遮,全筆移轉
RPQWMLRKKHKGFDJ96DA,21,16.63,防空避難室．停車空間,鋼筋混凝土造,93年5月15日,七層,,持分移轉
RPQWMLRKKHKGFDJ96DA,21,6.81,梯間,鋼筋混凝土造,93年5月15日,七層,,持分移轉
RPQWMLRKKHKGFDJ96DA,21,6.35,走道,鋼筋混凝土造,93年5月15日,七層,,持分移轉
RPUNMLRJKHKGFDJ98DA,4,.13,共有部分,鋼筋混凝土造,109年11月24日,六層,,持分移轉
RPXNMLRJKHKGFDJ66DA,4,.13,共有部分,鋼筋混凝土造,109年11月24日,六層,,持分移轉
RPUNMLRJKHKGFDJ98DA,2,74.92,集合住宅,鋼筋混凝土造,111年11月18日,七層,二層 陽台,全筆移轉
RPXNMLRJKHKGFDJ66DA,2,55.56,集合住宅,鋼筋混凝土造,111年11月18日,七層,三層 陽台,全筆移轉
RPUNMLRJKHKGFDJ98DA,2,8.97,本共有部分之項目有樓梯間、機械室等２項,鋼筋混凝土造,111年11月18日,七層,,持分移轉
RPXNMLRJKHKGFDJ66DA,2,7.18,本共有部分之項目有樓梯間、機械室等２項,鋼筋混凝土造,111年11月18日,七層,,持分移轉
RPUNMLRJKHKGFDJ98DA,2,59.28,本共有部分之項目有停車空間、梯間等２項,鋼筋混凝土造,111年11月18日,七層,,持分移轉
RPXNMLRJKHKGFDJ66DA,2,38.32,本共有部分之項目有停車空間、梯間等２項,鋼筋混凝土造,111年11月18日,七層,,持分移轉
RPURMLTKKHKGFBJ86DA,9,17.11,住家用,鋼筋混凝土造,104年11月5日,十三層,五層 陽台,持分移轉
RPURMLTKKHKGFBJ86DA,9,12.10,本共有部分之項目有停車空間、防空避難室、公共服務空間等三項,鋼筋混凝土造,104年11月5日,十四層,,持分移轉
RPURMLTKKHKGFBJ86DA,9,3.79,本共有部分之項目有樓梯間、機械室、水箱等三項,鋼筋混凝土造,104年11月5日,十三層,,持分移轉
RPTNMLLLKHKGFDJ48DA,41,59.28,住宅,加強磚造,72年12月1日,二層,一層 二層,全筆移轉
RPPPMLOLKHKGFBJ38DA,22,189.35,住家用,鋼筋混凝土造,91年11月29日,四層,一層 二層 三層 四層 陽台 雨遮,全筆移轉
RPPNMLKLKHKGFBJ87EA,18,148.14,住家用,鋼筋混凝土造,96年5月28日,二十三層,三層 陽台 雨遮,全筆移轉
RPPNMLKLKHKGFBJ87EA,18,.01,管理室,鋼筋混凝土造,96年5月28日,二十三層,一層,持分移轉
RPPNMLKLKHKGFBJ87EA,18,30.53,共有部分,鋼筋混凝土造,96年5月28日,二十三層,,持分移轉
RPPNMLKLKHKGFBJ87EA,18,.00,共有部分,鋼筋混凝土造,96年5月28日,二十三層,,持分移轉
RPPNMLKLKHKGFBJ87EA,18,.00,共有部分,鋼筋混凝土造,96年5月28日,二十三層,,持分移轉
RPPNMLKLKHKGFBJ87EA,18,19.27,共有部分,鋼筋混凝土造,96年5月28日,二十三層,,持分移轉
RPPNMLKLKHKGFBJ87EA,18,36.56,共有部分,鋼筋混凝土造,96年5月28日,二十三層,,持分移轉
RPUNMLQKJHKGFBJ68DA,29,21.92,住家用,鋼筋混凝土造,85年7月3日,十三層,八層 陽台,全筆移轉
RPUNMLQKJHKGFBJ68DA,29,2.76,共有部分,鋼筋混凝土造,85年7月3日,十三層,,持分移轉
RPUNMLQKJHKGFBJ68DA,29,5.29,共有部分,鋼筋混凝土造,85年7月3日,十三層,,持分移轉
RPVNMLPKJHKGFBJ68DA,,154.64,住家用,鋼筋混凝土造,,三層,一層 二層 三層 屋頂突出物,全筆移轉
RPTOMLSKKHKGFBJ98DA,1,67.79,集合住宅,鋼筋混凝土造,112年11月10日,十五層,十一層 陽台,全筆移轉
RPTOMLSKKHKGFBJ98DA,1,60.89,本共有部分之項目有停車空間、防空避難室兼停車空間、管委會空間、梯間、機房、水箱等六項。,鋼筋混凝土造,112年11月10日,十五層,,持分移轉
RPUPMLSKKHKGFDJ76DA,30,61.66,住家用,鋼筋混凝土造,83年11月30日,五層,五層 陽台 花台,全筆移轉
RPUPMLSKKHKGFDJ76DA,30,14.79,共有部分,鋼筋混凝土造,83年11月30日,六層,,持分移轉
RPUPMLSKKHKGFDJ76DA,30,9.62,梯間,鋼筋混凝土造,83年11月30日,五層,,持分移轉
RPRNMLKLKHKGFDJ18DA,32,77.48,住家用,鋼筋混凝土造,81年9月7日,五層,四層 陽台,全筆移轉
RPRNMLKLKHKGFDJ18DA,32,12.00,共有部分,鋼筋混凝土造,81年9月7日,五層,,持分移轉
RPSNMLKLKHKGFCJ18DA,29,68.30,住家用,鋼筋混凝土造,85年5月6日,九層,八層 陽台,全筆移轉
RPSNMLKLKHKGFCJ18DA,29,8.01,共有部分,鋼筋混凝土造,85年5月6日,九層,,持分移轉
RPSNMLKLKHKGFCJ18DA,29,8.36,共有部分,鋼筋混凝土造,85年5月6日,十層,,持分移轉
RPROMLQJKHKGFBJ48DA,27,149.97,住家用,鋼筋混凝土造,86年11月15日,三層,一層 二層 三層 陽台 平台,全筆移轉
RPWNMLLLKHKGFCJ68DA,14,45.10,辦公室,鋼筋混凝土造,99年12月31日,十層,十層 陽台 雨遮,全筆移轉
RPWNMLLLKHKGFCJ68DA,14,39.54,共有部分,鋼筋混凝土造,99年12月31日,十層,,持分移轉
RPWNMLLLKHKGFCJ68DA,14,10.97,共有部分,鋼筋混凝土造,99年12月31日,十層,,持分移轉
RPUNMLTJJHKGFDJ09DA,20,16.85,住家用,鋼筋混凝土造,94年6月10日,六層,五層 陽台 雨遮,全筆移轉
RPUNMLTJJHKGFDJ09DA,20,4.73,防空避難室,鋼筋混凝土造,94年6月10日,六層,,持分移轉
RPUNMLTJJHKGFDJ09DA,20,2.93,梯間．水箱．機械室,鋼筋混凝土造,94年6月10日,六層,,持分移轉
RPUNMLTJJHKGFDJ09DA,20,1.90,走道,鋼筋混凝土造,94年6月10日,六層,,持分移轉
RPUNMLPLKHKGFCJ88DA,,85.00,辦公室,鋼筋混凝土造,113年7月29日,十四層,四層 陽台,全筆移轉
RPUNMLPLKHKGFCJ88DA,,49.99,本共有部分之項目有停車空間、水箱、消防水箱、雨水回收槽、污水處理槽、消防機房、雨污水機房、台電配電室、電信室、發電機房、開放空間、管委會使用空間等１２項,鋼筋混凝土造,113年7月29日,十四層,,持分移轉
RPUNMLPLKHKGFCJ88DA,,18.38,本共有部分之項目有梯間、消防水箱、水箱、昇降機房等４項,鋼筋混凝土造,113年7月29日,十四層,,持分移轉
RPTNMLKLKHKGFBJ18DA,,8.59,共有部分,鋼筋混凝土造,,五層,,持分移轉
RPTNMLKLKHKGFBJ18DA,,28.02,住家用,鋼筋混凝土造,,五層,一層 平台,全筆移轉
RPRNMLTKKHKGFCJ88DA,23,184.60,住家用,鋼筋混凝土造,90年8月1日,四層,一層 二層 三層 四層 陽台 地下一層,全筆移轉
RPRNMLTKKHKGFCJ88DA,23,24.97,共有部分,鋼筋混凝土造,90年8月1日,一層,,持分移轉
RPPNMLNLKHKGFBJ08DA,51,84.63,住家用,加強磚造,63年2月2日,二層,一層 二層,全筆移轉
RPRNMLKLKIJGFBJ97DA,44,112.32,農舍,加強磚造,69年9月12日,二層,一層,全筆移轉
RPPNMLSJJHKGFBJ28DA,20,110.86,住家用,鋼筋混凝土造,93年5月24日,十四層,十四層 陽台 雨遮,全筆移轉
RPPNMLSJJHKGFBJ28DA,20,12.91,共有部分,鋼筋混凝土造,93年5月24日,十四層,,持分移轉
RPPNMLSJJHKGFBJ28DA,20,46.23,共有部分,鋼筋混凝土造,93年5月24日,十四層,,持分移轉
RPVNMLOKKHKGFBJ68DA,9,219.91,住家用,鋼筋混凝土造,104年6月11日,四層,一層 二層 三層 四層 屋頂突出物 雨遮 屋簷,全筆移轉
RPUOMLSKKHKGFBJ09DA,17,27.35,商業用,鋼筋混凝土造,96年12月13日,五層,五層 雨遮,全筆移轉
RPUOMLSKKHKGFBJ09DA,17,11.03,共有部分,鋼筋混凝土造,96年12月13日,五層,,持分移轉
RPQNMLQJJHKGFBJ18DA,8,69.72,住家用,鋼筋混凝土造,105年9月7日,十四層,三層 陽台 雨遮,全筆移轉
RPQNMLQJJHKGFBJ18DA,8,19.39,本共有部分之項目有管理員室、樓梯間、水箱、機械室等四項。,鋼筋混凝土造,105年9月7日,十四層,,持分移轉
RPQNMLQJJHKGFBJ18DA,8,46.04,本共有部分之項目有停車空間、防空避難室兼停車空間等二項。,鋼筋混凝土造,105年9月7日,十四層,,持分移轉
RPQNMLLJJHKGFBJ67DA,4,106.75,住家用,鋼筋混凝土造,110年2月9日,十二層,三層 陽台 雨遮,全筆移轉
RPQNMLLJJHKGFBJ67DA,4,68.97,本共有部分之項目有防空避難室兼停車空間、機房、消防機房、發電機室、梯間、水箱、停車空間、電信室、台電配電室、空調機械室、錶箱室、公共服務空間、垃圾室、頂蓋型開放空間、管理室、車道、排煙室、梯廳等十八項。,鋼筋混凝土造,110年2月9日,十三層,,持分移轉
RPQNMLLJJHKGFBJ67DA,4,26.16,本共有部分之項目有梯間、排煙室、梯廳、機房、水箱等五項。,鋼筋混凝土造,110年2月9日,十二層,,持分移轉
RPVOMLSKKHKGFBJ56DA,2,65.75,集合住宅,鋼筋混凝土造,111年9月30日,二十四層,十八層 陽台,全筆移轉
RPVOMLSKKHKGFBJ56DA,2,64.15,見其他登記事項,鋼筋混凝土造,111年9月30日,二十四層,,持分移轉
RPSNMLSKKHKGFCJ88DA,27,318.76,住家用,鋼筋混凝土造,87年1月26日,五層,一層 二層 三層 四層 五層 見其他登記事項,全筆移轉
RPOSMLNKKHKGFDJ58DA,,114.60,住家用,加強磚造,,二層,一層 二層 陽台,全筆移轉
RPQNMLLLKHKGFBJ97DA,2,77.18,集合住宅,鋼筋混凝土造,111年10月30日,十三層,八層 陽台,全筆移轉
RPQNMLLLKHKGFBJ97DA,2,62.19,本共有部分之項目有發電機室、消防泵浦室、汙水機房、雨水回收機房、機房、蓄水池、停車空間、車道、梯間、防空避難室兼停車空間、台電配電場所、電信室、管委會使用空間、公共服務空間、垃圾儲藏室、水箱等十六項。,鋼筋混凝土造,111年10月30日,十三層,,持分移轉
RPSNMLKLJHKGFBJ97DA,7,93.33,住家用,鋼筋混凝土造,107年4月9日,十二層,一層 陽台 雨遮,全筆移轉
RPSNMLKLJHKGFBJ97DA,7,29.02,本共有部分之項目有防空避難室兼停車空間、管委會、停車空間、樓梯間、水箱、機械室等６項。,鋼筋混凝土造,107年4月9日,十二層,,持分移轉
RPTVMLRKKHKGFDJ17DA,1,405.39,日常用品零售及服務設施、住宅、樓梯間,鋼筋混凝土造,113年3月28日,五層,一層 二層 三層 四層 五層 陽台 見其他登記事項,全筆移轉
RPQNMLPLKHKGFBJ38DA,17,27.37,商業用,鋼筋混凝土造,97年3月10日,十層,四層 陽台 雨遮,全筆移轉
RPQNMLPLKHKGFBJ38DA,17,11.33,共有部分,鋼筋混凝土造,97年3月10日,十層,,持分移轉
RPWOMLNKJHKGFCJ78DA,28,100.64,住家用,鋼筋混凝土造,85年12月24日,十一層,九層 陽台,全筆移轉
RPWOMLNKJHKGFCJ78DA,28,14.70,共有部分,鋼筋混凝土造,85年12月24日,十二層,,持分移轉
RPWOMLNKJHKGFCJ78DA,28,23.82,共有部分,鋼筋混凝土造,85年12月24日,十二層,,持分移轉
RPWOMLNKJHKGFCJ78DA,28,7.89,共有部分,鋼筋混凝土造,85年12月24日,十二層,,持分移轉
RPWOMLNKJHKGFCJ78DA,28,10.22,共有部分,鋼筋混凝土造,85年12月24日,十一層,,持分移轉
RPPNMLPLKHKGFCJ48EA,29,90.38,住家用,鋼筋混凝土造,84年12月12日,八層,二層 陽台 花台,全筆移轉
RPPNMLPLKHKGFCJ48EA,29,16.44,共有部分,鋼筋混凝土造,84年12月12日,七層,,持分移轉
RPPNMLPLKHKGFCJ48EA,29,17.77,共有部分,鋼筋混凝土造,84年12月12日,八層,,持分移轉
RPRNMLPLKHKGFCJ58DA,47,105.72,住家用,加強磚造,66年7月1日,二層,一層 二層,全筆移轉
RPSNMLNJJHKGFBJ08DA,10,128.76,住家用,鋼筋混凝土造,103年9月24日,二十三層,十四層 陽台,全筆移轉
RPSNMLNJJHKGFBJ08DA,10,10.52,本共有部分之項目有前廊、管理員室、管委會使用空間、機電空間，機械室、水箱等六項。,鋼筋混凝土造,103年9月24日,二十三層,,持分移轉
RPSNMLNJJHKGFBJ08DA,10,51.95,本共有部分之項目有防空避難室、停車空間、前廊、管委會空間、防災中心、管理員室等六項。,鋼筋混凝土造,103年9月24日,二十三層,,持分移轉
RPSNMLNJJHKGFBJ08DA,10,22.73,本共有部分之項目有梯間、機械室、水箱等三項。,鋼筋混凝土造,103年9月24日,二十三層,,持分移轉
RPRNMLKLKHKGFCJ08DA,5,55.48,集合住宅,鋼筋混凝土造,109年1月13日,十五層,十五層 陽台 雨遮,全筆移轉
RPRNMLKLKHKGFCJ08DA,5,54.86,本共有部分之項目有停車空間、管委會使用空間、門廊、樓電梯間、車道、其他、樓梯間、機械室、水箱等９項,鋼筋混凝土造,109年1月13日,十五層,,持分移轉
RPSNMLKLKHKGFBJ08DA,29,66.70,住家用,鋼筋混凝土造,84年8月17日,七層,七層 陽台,全筆移轉
RPSNMLKLKHKGFBJ08DA,29,23.23,共有部分,鋼筋混凝土造,84年8月17日,七層,,持分移轉
RPQNMLKKJHKGFDJ87DA,,197.52,住家用,加強磚造,,三層,一層 二層 三層,全筆移轉
RPUNMLRKKHKGFBJ88DA,5,.03,辦公室,鋼筋混凝土造,109年2月21日,二十九層,一層,持分移轉
RPUNMLRKKHKGFBJ88DA,5,121.20,住家用,鋼筋混凝土造,109年2月21日,二十九層,二十二層 陽台 雨遮,全筆移轉
RPUNMLRKKHKGFBJ88DA,5,30.42,本共有部分之項目有停車空間、機房、消防機房、汙水機房、梯廳、梯間、排煙室、水箱、機械室、中繼機房、防空避難室兼停車空間、台電配電室、發電機房、安全梯、電信機房、社區中心、防災中心、前廊、門廊、污水處理室、特別安全梯、頂蓋型開放空間、社區游泳池等二十三項。,鋼筋混凝土造,109年2月21日,二十九層,,持分移轉
RPUNMLRKKHKGFBJ88DA,5,29.58,本共有部分之項目有停車空間、機房、消防機房、汙水機房、梯廳、梯間、排煙室、水箱、機械室、中繼機房、防空避難室兼停車空間、台電配電室、發電機房、安全梯、電信機房、社區中心、防災中心、前廊、門廊、污水處理室、特別安全梯、頂蓋型開放空間、社區游泳池等二十三項。,鋼筋混凝土造,109年2月21日,二十九層,,持分移轉
RPUNMLRKKHKGFBJ88DA,5,29.67,本共有部分之項目有梯廳、特別安全梯、排煙室、梯間、機械室、中繼機房、水箱等七項。,鋼筋混凝土造,109年2月21日,二十九層,,持分移轉
RPUNMLRKIIJGFBJ68DA,41,82.32,住家用,鋼筋混凝土造,72年6月30日,四層,三層,全筆移轉
RPUNMLRKIIJGFBJ68DA,41,6.06,共有部分,鋼筋混凝土造,72年6月30日,五層,,持分移轉
RPVNMLOLKIJGFBJ78DA,8,169.00,網室,鋼骨造,105年9月7日,二層,一層,全筆移轉
RPOOMLNJJHKGFBJ77DA,7,63.49,住家用,鋼筋混凝土造,106年6月15日,十四層,二層 陽台,全筆移轉
RPOOMLNJJHKGFBJ77DA,7,51.69,本共有部分之項目有停車空間、防空避難室兼停車空間、公共服務空間等三項,鋼筋混凝土造,106年6月15日,十四層,,持分移轉
RPOOMLNJJHKGFBJ77DA,7,13.10,本共有部分之項目有梯間、機房、水箱等三項,鋼筋混凝土造,106年6月15日,十四層,,持分移轉
RPRNMLOLKHKGFCJ48DA,31,96.94,住家用,鋼筋混凝土造,83年4月1日,六層,六層 陽台,全筆移轉
RPRNMLOLKHKGFCJ48DA,31,29.52,共有部分,鋼筋混凝土造,83年4月1日,六層,,持分移轉
RPRNMLOLKHKGFCJ48DA,31,12.22,共有部分,鋼筋混凝土造,83年4月1日,六層,,持分移轉
RPOOMLKMKIJGFDJ08DA,14,67.09,住家用,鋼筋混凝土造,99年7月1日,五層,三層 陽台,全筆移轉
RPOOMLKMKIJGFDJ08DA,14,14.02,停車空間、樓梯間、機械室,鋼筋混凝土造,99年7月1日,五層,,持分移轉
RPTNMLOLKHKGFCJ68DA,28,16.00,共有部分,鋼筋混凝土造,85年12月31日,四層,,持分移轉
RPTNMLOLKHKGFCJ68DA,27,72.16,住家用,鋼筋混凝土造,86年6月16日,八層,四層 陽台 雨遮,全筆移轉
RPTNMLOLKHKGFCJ68DA,27,9.64,共有部分,鋼筋混凝土造,86年6月16日,八層,,持分移轉
RPTNMLOLKHKGFCJ68DA,27,.86,共有部分,鋼筋混凝土造,86年6月16日,八層,,持分移轉
RPPPMLKKJHKGFBJ77DA,17,21.63,商業用,鋼筋混凝土造,96年12月13日,五層,五層 陽台 雨遮,全筆移轉
RPPPMLKKJHKGFBJ77DA,17,8.95,共有部分,鋼筋混凝土造,96年12月13日,五層,,持分移轉
RPUSMLMKKHKGFDJ09DA,,58.04,集合住宅,鋼筋混凝土造,113年11月15日,十四層,十層 陽台,全筆移轉
RPUSMLMKKHKGFDJ09DA,,51.48,本共有部分之項目有停車空間、集合住宅（附屬管委會使用空間門廳）、集合住宅（附屬梯間）、梯間、機械室、水箱等６項,鋼筋混凝土造,113年11月15日,十四層,,持分移轉
RPVNMLOJJIJGFBJ48DA,,197.31,集合住宅、停車空間、樓梯間,鋼筋混凝土造,113年4月12日,四層,一層 二層 三層 四層 見其他登記事項,全筆移轉
RPUNMLKLKHKGFBJ28DA,13,215.23,住家用,鋼筋混凝土造,100年7月23日,五層,一層 二層 三層 四層 五層 雨遮,全筆移轉
RPTOMLOJKHKGFBJ48DA,,86.80,集合住宅,鋼筋混凝土造,113年9月13日,十五層,八層 陽台,全筆移轉
RPTOMLOJKHKGFBJ48DA,,73.24,本共有部分之項目有停車空間、集合住宅（附屬管委會使用空間、垃圾處理空間）、梯間、機械室、水箱等五項。,鋼筋混凝土造,113年9月13日,十五層,,持分移轉
RPSNMLRJKHKGFDJ78DA,3,.13,共有部分,鋼筋混凝土造,109年11月24日,六層,,持分移轉
RPSNMLRJKHKGFDJ78DA,1,55.24,集合住宅,鋼筋混凝土造,111年11月18日,六層,五層 陽台,全筆移轉
RPSNMLRJKHKGFDJ78DA,1,7.87,本共有部分之項目有樓梯間、機械室等２項,鋼筋混凝土造,111年11月18日,六層,,持分移轉
RPSNMLRJKHKGFDJ78DA,1,38.92,本共有部分之項目有停車空間、梯間等２項,鋼筋混凝土造,111年11月18日,七層,,持分移轉
RPWNMLNKJHKGFBJ58DA,12,.05,管理員室,鋼筋混凝土造,101年3月18日,十四層,一層,持分移轉
RPWNMLNKJHKGFBJ58DA,12,104.51,住家用,鋼筋混凝土造,101年3月18日,十四層,七層 陽台 雨遮,全筆移轉
RPWNMLNKJHKGFBJ58DA,12,19.48,本共有部分之項目有樓梯間，水箱，機械室等三項。,鋼筋混凝土造,101年3月18日,十四層,,持分移轉
RPWNMLNKJHKGFBJ58DA,12,27.08,本共有部分之項目有防空避難室，停車空間，廣場式開放空間，車道等四項。,鋼筋混凝土造,101年3月18日,十四層,,持分移轉
RPWNMLNKJHKGFBJ58DA,12,19.13,本共有部分之項目有防空避難室，停車空間，廣場式開放空間，車道等四項。,鋼筋混凝土造,101年3月18日,十四層,,持分移轉
RPUNMLNKKHKGFBJ48DA,,87.98,集合住宅,鋼筋混凝土造,113年9月13日,十五層,七層 陽台,全筆移轉
RPUNMLNKKHKGFBJ48DA,,73.83,本共有部分之項目有停車空間、集合住宅（附屬管委會使用空間、垃圾處理空間）、梯間、機械室、水箱等五項。,鋼筋混凝土造,113年9月13日,十五層,,持分移轉
RPXOMLLJJIJGFBJ48DA,9,111.36,住家用,鋼筋混凝土造,105年1月26日,二十四層,二十二層 陽台,全筆移轉
RPXOMLLJJIJGFBJ48DA,9,119.19,本共有部分之項目有防空避難室兼停車空間、停車空間、機車停車空間、電信室、中繼水箱、機房、水箱、樓梯間、梯間、消防機房、開放空間、垃圾室、走廊、管理員室、防災中心等十五項。,鋼筋混凝土造,105年1月26日,二十四層,,持分移轉
RPOTMLMKKHKGFDJ58DA,,53.39,集合住宅,鋼筋混凝土造,113年11月15日,十四層,五層 陽台,全筆移轉
RPOTMLMKKHKGFDJ58DA,,48.17,本共有部分之項目有停車空間、集合住宅（附屬管委會使用空間門廳）、集合住宅（附屬梯間）、梯間、機械室、水箱等６項,鋼筋混凝土造,113年11月15日,十四層,,持分移轉
RPUOMLKLKHKGFDJ58DA,21,277.34,農舍,鋼筋混凝土加強磚造,92年10月6日,二層,一層 二層 陽台 屋頂突出物,全筆移轉
RPSSMLMKKHKGFDJ88DA,,58.04,集合住宅,鋼筋混凝土造,113年11月15日,十四層,四層 陽台,全筆移轉
RPSSMLMKKHKGFDJ88DA,,51.48,本共有部分之項目有停車空間、集合住宅（附屬管委會使用空間門廳）、集合住宅（附屬梯間）、梯間、機械室、水箱等６項,鋼筋混凝土造,113年11月15日,十四層,,持分移轉
RPWNMLQJKHKGFBJ88DA,,167.85,集合住宅,鋼筋混凝土造,113年11月25日,二十層,七層 陽台,全筆移轉
RPWNMLQJKHKGFBJ88DA,,160.98,本共有部分之項目有防空避難室兼停車空間、停車空間、公共服務空間、排煙室、樓梯間、水錶室、消防泵浦室、昇降機機房、水箱等九項。,鋼筋混凝土造,113年11月25日,二十層,,持分移轉
RPPNMLKLKHKGFBJ77DA,,158.14,集合住宅,鋼筋混凝土造,113年11月25日,二十層,十四層 陽台,全筆移轉
RPPNMLKLKHKGFBJ77DA,,173.51,本共有部分之項目有防空避難室兼停車空間、停車空間、公共服務空間、排煙室、樓梯間、水錶室、消防泵浦室、昇降機機房、水箱等九項。,鋼筋混凝土造,113年11月25日,二十層,,持分移轉
RPUNMLSKKHKGFCJ09DA,,213.56,停車空間、集合住宅,鋼筋混凝土造,113年3月4日,五層,一層 二層 三層 四層 五層 陽台,全筆移轉
RPVOMLLKKHKGFBJ48DA,1,55.15,集合住宅,鋼筋混凝土造,112年12月15日,十四層,八層 陽台,全筆移轉
RPVOMLLKKHKGFBJ48DA,1,55.10,本共有部分之項目有防空避難室兼停車空間、消防泵浦室、汙雨水機房、儲藏室、蓄水池、梯間、停車空間、發電機房、台電配電場所、垃圾冷藏空間、資源回收儲藏空間、電信室、管委會使用空間、機械室、水箱等十五項。,鋼筋混凝土造,112年12月15日,十五層,,持分移轉
RPUOMLNLJHKGFDJ78DA,,58.04,集合住宅,鋼筋混凝土造,113年11月15日,十四層,二層 陽台,全筆移轉
RPUOMLNLJHKGFDJ78DA,,51.48,本共有部分之項目有停車空間、集合住宅（附屬管委會使用空間門廳）、集合住宅（附屬梯間）、梯間、機械室、水箱等６項,鋼筋混凝土造,113年11月15日,十四層,,持分移轉
RPPOMLRJKHKGFBJ38DA,9,.09,住家用,鋼筋混凝土造,104年4月17日,二十九層,一層,持分移轉
RPPOMLRJKHKGFBJ38DA,9,150.42,住家用,鋼筋混凝土造,104年4月17日,二十九層,二十六層 陽台 雨遮,全筆移轉
RPPOMLRJKHKGFBJ38DA,9,59.50,本共有部分之項目有停車空間、防災中心、台電配電室、車道、梯廳、排煙室、安全梯、升降機道、游泳池機房、消防中繼機房、電信室、水箱、發電機房、配電室、防空避難室兼停車空間、消防機房、泵浦機房、汙水機房等十八項。,鋼筋混凝土造,104年4月17日,二十九層,,持分移轉
RPPOMLRJKHKGFBJ38DA,9,25.98,本共有部分之項目有停車空間、防災中心、台電配電室、車道、梯廳、排煙室、安全梯、升降機道、游泳池機房、消防中繼機房、電信室、水箱、發電機房、配電室、防空避難室兼停車空間、消防機房、泵浦機房、汙水機房等十八項。,鋼筋混凝土造,104年4月17日,二十九層,,持分移轉
RPPOMLRJKHKGFBJ38DA,9,.00,本共有部分之項目有開放空間、管委會空間、集中式垃圾貯存空間、車道、梯廳、排煙室、安全梯、升降機道、公共服務空間、室內游泳池、浴室、機房等十二項。,鋼筋混凝土造,104年4月17日,二十九層,,持分移轉
RPPOMLRJKHKGFBJ38DA,9,9.28,本共有部分之項目有開放空間、管委會空間、集中式垃圾貯存空間、車道、梯廳、排煙室、安全梯、升降機道、公共服務空間、室內游泳池、浴室、機房等十二項。,鋼筋混凝土造,104年4月17日,二十九層,,持分移轉
RPPOMLRJKHKGFBJ38DA,9,31.77,本共有部分之項目有梯廳、排煙室、安全梯、升降機道、機械室、連結中繼泵機房、水箱等七項。,鋼筋混凝土造,104年4月17日,二十九層,,持分移轉
RPWNNLKLKIJGFDJ78DA,,58.43,集合住宅,鋼筋混凝土造,113年11月15日,十四層,八層 陽台,全筆移轉
RPWNNLKLKIJGFDJ78DA,,51.68,本共有部分之項目有停車空間、集合住宅（附屬管委會使用空間門廳）、集合住宅（附屬梯間）、梯間、機械室、水箱等６項,鋼筋混凝土造,113年11月15日,十四層,,持分移轉
