﻿鄉鎮市區,交易標的,土地位置建物門牌,土地移轉總面積平方公尺,都市土地使用分區,非都市土地使用分區,非都市土地使用編定,交易年月日,交易筆棟數,移轉層次,總樓層數,建物型態,主要用途,主要建材,建築完成年月,建物移轉總面積平方公尺,建物現況格局-房,建物現況格局-廳,建物現況格局-衛,建物現況格局-隔間,有無管理組織,總價元,單價元平方公尺,車位類別,車位移轉總面積平方公尺,車位總價元,備註,編號,建案名稱,棟及號,解約情形
The villages and towns urban district,transaction sign,land sector position building sector house number plate,land shifting total area square meter,the use zoning or compiles and checks,the non-metropolis land use district,non-metropolis land use,transaction year month and day,transaction pen number,shifting level,total floor number,building state,main use,main building materials,construction to complete the years,building shifting total area,Building present situation pattern - room,building present situation pattern - hall,building present situation pattern - health,building present situation pattern - compartmented,Whether there is manages the organization,total price NTD,the unit price (NTD / square meter),the berth category,berth shifting total area square meter,the berth total price NTD,the note,serial number,build case,buildings,termination type
新豐鄉,房地(土地+建物)+車位,新竹縣新豐鄉新市路,25.77,商,,,1140122,土地1建物1車位1,六層,15,住宅大樓(11層含以上有電梯),住家用,鋼筋混凝土造,,155.72,3,2,2,有,無,14460000,105896,坡道平面,33.43,1510000,,RPPNMLMJKHKGFDJ97CB,森祐傳承,A棟0號,
竹北市,房地(土地+建物)+車位,新竹縣竹北市福興路,34.03,住,,,1140123,土地6建物1車位2,二層,14,住宅大樓(11層含以上有電梯),住家用,鋼筋混凝土造,,249.89,4,2,2,有,無,32820000,181385,坡道平面,98.72,5400000,,RPPNMLNJKHKGFBJ87CB,臻研?研,B棟2F號,
竹北市,房地(土地+建物)+車位,新竹縣竹北市中華路1226號,31.68,,特定農業區,甲種建築用地,1140123,土地1建物1車位1,四層,11,住宅大樓(11層含以上有電梯),住家用,鋼筋混凝土造,,162.26,3,2,2,有,無,18800000,144199,坡道平面,42.98,1600000,,RPOOMLNJKHKGFBJ87CB,知心畫,C棟4F號,
湖口鄉,房地(土地+建物)+車位,新竹縣湖口鄉嘉興路一段,18.97,,特定農業區,甲種建築用地,1140125,土地3建物1車位0,十層,12,住宅大樓(11層含以上有電梯),住家用,鋼筋混凝土造,,64.79,2,1,1,有,無,6750000,104183,,0.0,0,,RPPNMLNJKHKGFDJ08CB,耀時代,10C號,
寶山鄉,房地(土地+建物)+車位,新竹縣寶山鄉環城西路,69.31,,山坡地保育區,丙種建築用地,1140124,土地6建物1車位2,七層,7,華廈(10層含以下有電梯),住家用,鋼筋混凝土造,,227.17,5,4,4,有,無,36720000,169705,坡道平面,30.24,3300000,不計價聯合社區土地總面積22523.59㎡，買家持分為十萬分之25.00。,RPSNMLQJKHKGFCJ58CB,宏道新竹帝寶7區2號,F1棟7F號,
竹北市,房地(土地+建物)+車位,新竹縣竹北市長園一街83號,28.1,,特定農業區,甲種建築用地,1140126,土地1建物1車位1,六層,11,住宅大樓(11層含以上有電梯),住家用,鋼筋混凝土造,,133.08,3,2,2,有,無,16700000,139749,一樓平面,26.46,1800000,,RPQNMLRJKHKGFBJ38CB,青溪賦,A棟6號,
竹北市,房地(土地+建物),新竹縣竹北市長園一街83號,24.75,,特定農業區,甲種建築用地,1140124,土地1建物1車位0,六層,11,住宅大樓(11層含以上有電梯),住家用,鋼筋混凝土造,,93.6,2,2,2,有,無,13300000,142094,,0.0,0,,RPRNMLRJKHKGFBJ48CB,青溪賦,D棟6號,
竹北市,房地(土地+建物),新竹縣竹北市長園一街83號,30.71,,特定農業區,甲種建築用地,1140125,土地1建物1車位0,八層,11,住宅大樓(11層含以上有電梯),住家用,鋼筋混凝土造,,117.67,3,2,2,有,無,17700000,150421,,0.0,0,,RPSNMLRJKHKGFBJ58CB,青溪賦,F棟8號,
湖口鄉,房地(土地+建物)+車位,新竹縣湖口鄉八德路二段160號旁,27.86,住,,,1140121,土地1建物1車位1,九層,13,住宅大樓(11層含以上有電梯),住家用,鋼筋混凝土造,,150.31,3,2,2,有,無,14300000,103502,坡道平面,28.09,1650000,,RPQNMLRJKHKGFDJ58CB,佳群城真,B1-09F號,
竹北市,房地(土地+建物)+車位,新竹縣竹北市嘉仁街,18.9,住,,,1140121,土地1建物1車位1,十層,15,住宅大樓(11層含以上有電梯),住家用,鋼筋混凝土造,,120.62,2,2,1,有,無,22860000,232975,坡道平面,32.37,2300000,,RPSNMLLKKHKGFBJ08CB,今天之外,A2棟10F號,
湖口鄉,房地(土地+建物)+車位,新竹縣湖口鄉德興路242巷68弄15號旁,45.95,,一般農業區,甲種建築用地,1140124,土地3建物1車位2,十二層,13,住宅大樓(11層含以上有電梯),住家用,鋼筋混凝土造,,188.03,3,2,2,有,無,16830000,98455,坡道平面,47.56,3000000,,RPQNMLNKKHKGFDJ28CB,湖心繪,B2棟12F號,
湖口鄉,房地(土地+建物)+車位,新竹縣湖口鄉德興路242巷68弄15號旁,32.65,,一般農業區,甲種建築用地,1140125,土地3建物1車位1,一層,13,住宅大樓(11層含以上有電梯),住家用,鋼筋混凝土造,,112.56,2,2,2,有,無,10900000,105880,坡道平面,23.78,1500000,,RPRNMLNKKHKGFDJ38CB,湖心繪,A6棟1F號,
新埔鎮,房地(土地+建物)+車位,新竹縣新埔鎮田新路,37.39,住,,,1140123,土地1建物1車位1,四層,14,住宅大樓(11層含以上有電梯),住家用,鋼筋混凝土造,,175.51,2,2,2,有,無,20480000,134851,坡道平面,38.47,2000000,,RPPNMLSKKHKGFBJ48CB,甜柿,B棟4F號,
新埔鎮,房地(土地+建物)+車位,新竹縣新埔鎮田新路,36.7,住,,,1140123,土地1建物1車位1,三層,14,住宅大樓(11層含以上有電梯),住家用,鋼筋混凝土造,,170.4,2,2,2,有,無,18660000,124619,坡道平面,35.91,1900000,,RPQNMLSKKHKGFBJ58CB,甜柿,E棟3F號,
新埔鎮,房地(土地+建物)+車位,新竹縣新埔鎮田新路,36.7,住,,,1140123,土地1建物1車位1,五層,14,住宅大樓(11層含以上有電梯),住家用,鋼筋混凝土造,,166.55,2,2,2,有,無,18820000,127296,坡道平面,32.06,1700000,,RPRNMLSKKHKGFBJ68CB,甜柿,E棟5F號,
新埔鎮,房地(土地+建物)+車位,新竹縣新埔鎮田新路,36.7,住,,,1140125,土地1建物1車位1,六層,14,住宅大樓(11層含以上有電梯),住家用,鋼筋混凝土造,,166.55,2,2,2,有,無,18880000,127742,坡道平面,32.06,1700000,,RPSNMLSKKHKGFBJ78CB,甜柿,D棟6F號,
新埔鎮,房地(土地+建物)+車位,新竹縣新埔鎮田新路,36.7,住,,,1140126,土地1建物1車位1,二層,14,住宅大樓(11層含以上有電梯),住家用,鋼筋混凝土造,,167.83,2,2,2,有,無,18430000,124024,坡道平面,33.34,1750000,,RPTNMLSKKHKGFBJ88CB,甜柿,D棟2F號,
寶山鄉,房地(土地+建物)+車位,新竹縣寶山鄉環城南路,18.53,,山坡地保育區,丙種建築用地,1140125,土地6建物1車位1,五層,6,華廈(10層含以下有電梯),商業用,鋼筋混凝土造,,69.05,0,0,1,有,無,12400000,221836,坡道平面,20.14,1550000,不計價聯合社區土地總面積22523.59㎡，買家持分為十萬分之7.97。,RPQNMLSKKHKGFCJ68CB,宏道新竹帝寶中央廣場,A1-3棟5F號,
寶山鄉,房地(土地+建物)+車位,新竹縣寶山鄉環城西路,49.59,,山坡地保育區,丙種建築用地,1140124,土地15建物1車位1,二層,7,華廈(10層含以下有電梯),住家用,鋼筋混凝土造,,150.76,3,2,2,有,無,23660000,170352,坡道平面,20.97,1550000,不計價聯合社區土地總面積22523.59㎡，買家持分為十萬分之17.86。,RPSNMLSKKHKGFCJ88CB,宏道新竹帝寶7區1號,F2棟2F號,
