﻿編號,土地位置,土地移轉面積平方公尺,使用分區或編定,權利人持分分母,權利人持分分子,移轉情形,地號
The serial number, land position,land shifting area square meter,the use zoning or compiles and checks,,,,land parcel
RPRNMLPKJHKGFDK58CB,光復段,16.22,都市：商,1000000,2767,持分移轉,14320000
RPQNMLSKJHKGFDK78CB,龍椅段,90.78,都市：住,1,1,全筆移轉,02530014
RPQNMLSKJHKGFDK78CB,龍椅段,7.66,都市：住,100000,6588,持分移轉,02530000
RPQNMLSKJHKGFDK78CB,龍椅段,13.04,都市：住,100000,6588,持分移轉,02530002
RPTNMLPKJHKGFDK78CB,光復段,16.22,都市：商,1000000,2767,持分移轉,14320000
RPUNMLNKJHKGFFK88CB,八德段,32.75,都市：住,100000,1092,持分移轉,00310000
RPRNMLKLJHKGFDK18CB,光復段,15.74,都市：商,1000000,2685,持分移轉,14320000
RPPNMLKLJHKGFDK97CB,光復段,10.75,都市：商,1000000,1834,持分移轉,14320000
RPQNMLKLJHKGFDK08CB,光復段,15.74,都市：商,1000000,2685,持分移轉,14320000
RPPNMLLLJHKGFDK08CB,光復段,13.53,都市：商,1000000,2308,持分移轉,14320000
RPUNMLKLJHKGFFK68CB,中央段,13.18,都市：住,100000,561,持分移轉,10630000
RPUNMLMLJHKGFDK68CB,中興段博愛小段,8.10,都市：住,1000000,30120,持分移轉,00580000
RPUNMLMLJHKGFDK68CB,中興段博愛小段,3.06,都市：住,1000000,30120,持分移轉,00590000
RPUNMLMLJHKGFDK68CB,中興段博愛小段,19.61,都市：住,1000000,30120,持分移轉,00610000
RPVNMLMLJHKGFDK78CB,中興段博愛小段,5.30,都市：住,1000000,19718,持分移轉,00580000
RPVNMLMLJHKGFDK78CB,中興段博愛小段,2.00,都市：住,1000000,19718,持分移轉,00590000
RPVNMLMLJHKGFDK78CB,中興段博愛小段,12.84,都市：住,1000000,19718,持分移轉,00610000
RPWNMLMLJHKGFDK88CB,中興段博愛小段,5.26,都市：住,1000000,19567,持分移轉,00580000
RPWNMLMLJHKGFDK88CB,中興段博愛小段,1.99,都市：住,1000000,19567,持分移轉,00590000
RPWNMLMLJHKGFDK88CB,中興段博愛小段,12.74,都市：住,1000000,19567,持分移轉,00610000
RPPNMLMLJHKGFFK38CB,義民段,13.95,都市：商,100000,281,持分移轉,10780000
RPQNMLPLJHKGFFK78CB,義民段,14.30,都市：商,100000,288,持分移轉,10780000
RPPNMLQJKHKGFFK68CB,光華段,32.78,都市：住,100000,3379,持分移轉,01090000
RPPNMLRKJHKGFCK48CB,苑西段,26.38,都市：住,100000,1007,持分移轉,06210000
RPRNMLRKJHKGFCK68CB,苑西段,26.74,都市：住,100000,1021,持分移轉,06210000
RPPNMLKKKHKGFFK18CB,中央段,23.92,都市：住,100000,1018,持分移轉,10630000
RPQNMLKLJHKGFBK87CB,文聖段,33.48,都市：住,100000,2950,持分移轉,10110000
RPPNMLPKJHKGFBK18CB,文聖段,33.48,都市：住,100000,2950,持分移轉,10110000
RPPNMLKLJHKGFBK77CB,豐年段,31.00,都市：住,100000,2022,持分移轉,12570000
RPRNMLOKKHKGFDK58CB,龍椅段,44.34,都市：住,100000,7100,持分移轉,02230002
RPQNMLMLJHKGFBK18DB,館明段,29.02,都市：住,100000,4032,持分移轉,03870000
RPPNMLLKKHKGFDK08CB,龍椅段,70.06,都市：住,1,1,全筆移轉,02350001
RPPNMLLKKHKGFDK08CB,龍椅段,31.01,都市：住,22,1,持分移轉,02350006
RPPNMLNKKHKGFDK28CB,龍椅段,24.35,都市：住,10000,163,持分移轉,05320000
RPPNMLOJKHKGFDK28CB,光復段,6.25,都市：住,1,1,全筆移轉,00040001
RPPNMLOJKHKGFDK28CB,光復段,3.02,都市：住,10000,1161,持分移轉,00040000
RPPNMLOJKHKGFDK28CB,光復段,.61,都市：住,10000,1161,持分移轉,00040012
RPPNMLOJKHKGFDK28CB,光復段,80.94,都市：住,1,1,全筆移轉,00040002
RPQNMLNKKHKGFDK38CB,龍椅段,24.35,都市：住,10000,163,持分移轉,05320000
RPSNMLOKKHKGFDK68CB,龍椅段,45.84,都市：住,100000,7340,持分移轉,02230002
RPPNMLRKKHKGFDK68CB,龍椅段,44.34,都市：住,100000,7100,持分移轉,02230002
RPQNMLKLJHKGFEK18CB,八股段,22.95,都市：住,100000,2947,持分移轉,05070000
RPQNMLKLJHKGFEK18CB,八股段,4.67,都市：住,100000,2947,持分移轉,05180000
RPPNMLSKJHKGFCK68DB,苑中段,15.34,都市：商,100000,3454,持分移轉,08120000
RPRNMLSJKHKGFCK78CB,苑西段,82.43,都市：住,1,1,全筆移轉,08340015
RPRNMLSJKHKGFCK78CB,苑西段,22.46,都市：住,10000,1662,持分移轉,08340012
RPRNMLSJKHKGFCK78CB,苑西段,2.90,都市：住,16,1,持分移轉,08340019
RPPNMLKKKHKGFBK77CB,南勢坑段上南勢坑小段,85.00,非都市：山坡地保育區 ; 非都市編定：丙種建築用地,1,1,全筆移轉,08080028
RPPNMLKKKHKGFBK77CB,南勢坑段上南勢坑小段,1.52,非都市：山坡地保育區 ; 非都市編定：丙種建築用地,10000,316,持分移轉,08080024
RPPNMLKKKHKGFBK77CB,南勢坑段上南勢坑小段,.54,非都市：山坡地保育區 ; 非都市編定：丙種建築用地,10000,316,持分移轉,08080025
RPPNMLKKKHKGFBK77CB,南勢坑段上南勢坑小段,1.58,非都市：山坡地保育區 ; 非都市編定：丙種建築用地,10000,316,持分移轉,08080026
RPPNMLKKKHKGFBK77CB,南勢坑段上南勢坑小段,17.22,非都市：山坡地保育區 ; 非都市編定：丙種建築用地,10000,316,持分移轉,08080000
RPPNMLKKKHKGFBK77CB,南勢坑段上南勢坑小段,5.06,非都市：山坡地保育區 ; 非都市編定：交通用地,10000,316,持分移轉,08080009
