﻿編號,屋齡,建物移轉面積平方公尺,主要用途,主要建材,建築完成日期,總層數,建物分層,移轉情形
The serial number,room age,building shifting area square meter,the main use,main building materials,construction completes the date,total layer,building lamination,
RPRNMLLKKHKGFCK18DA,29,259.60,住家用,鋼筋混凝土造,85年6月12日,三層,一層 二層 三層 陽台 平台,全筆移轉
RPPNMLMJKHKGFDK08DA,29,96.20,住家用,鋼筋混凝土造,84年8月26日,七層,三層 陽台,全筆移轉
RPPNMLMJKHKGFDK08DA,29,12.42,梯間,鋼筋混凝土造,84年8月26日,七層,,持分移轉
RPPNMLMJKHKGFDK08DA,29,26.24,防空避難室，停車場，守衛室，交誼廳，通道,鋼筋混凝土造,84年8月26日,七層,,持分移轉
RPPNMLQJKHKGFFK68DA,44,167.52,住家用,鋼筋混凝土造,69年8月25日,三層,一層 二層 三層 地下層,全筆移轉
RPTNMLQJKHKGFFK09DA,,65.37,集合住宅,鋼筋混凝土造,113年11月22日,七層,三層 陽台,全筆移轉
RPTNMLQJKHKGFFK09DA,,45.59,防空避難室兼停車空間、停車空間、水箱、台電配電室、電信室、發電機房、管理委員會使用空間,鋼筋混凝土造,113年11月22日,七層,,持分移轉
RPTNMLQJKHKGFFK09DA,,12.20,梯廳、樓梯間、昇降機間、水箱、機械室,鋼筋混凝土造,113年11月22日,七層,,持分移轉
RPVNMLQJKHKGFFK66DA,,92.13,集合住宅,鋼筋混凝土造,113年11月22日,七層,七層 陽台,全筆移轉
RPVNMLQJKHKGFFK66DA,,82.14,防空避難室兼停車空間、停車空間、水箱、台電配電室、電信室、發電機房、管理委員會使用空間,鋼筋混凝土造,113年11月22日,七層,,持分移轉
RPVNMLQJKHKGFFK66DA,,17.19,梯廳、樓梯間、昇降機間、水箱、機械室,鋼筋混凝土造,113年11月22日,七層,,持分移轉
RPWNMLQJKHKGFFK76DA,,65.10,集合住宅,鋼筋混凝土造,113年11月22日,七層,七層 陽台,全筆移轉
RPWNMLQJKHKGFFK76DA,,73.15,防空避難室兼停車空間、停車空間、水箱、台電配電室、電信室、發電機房、管理委員會使用空間,鋼筋混凝土造,113年11月22日,七層,,持分移轉
RPWNMLQJKHKGFFK76DA,,12.15,梯廳、樓梯間、昇降機間、水箱、機械室,鋼筋混凝土造,113年11月22日,七層,,持分移轉
RPXNMLQJKHKGFFK86DA,,88.46,集合住宅,鋼筋混凝土造,113年11月22日,七層,七層 陽台,全筆移轉
RPXNMLQJKHKGFFK86DA,,53.43,防空避難室兼停車空間、停車空間、水箱、台電配電室、電信室、發電機房、管理委員會使用空間,鋼筋混凝土造,113年11月22日,七層,,持分移轉
RPXNMLQJKHKGFFK86DA,,16.51,梯廳、樓梯間、昇降機間、水箱、機械室,鋼筋混凝土造,113年11月22日,七層,,持分移轉
RPRNMLOJKHKGFBK28DA,33,30.99,商業用,鋼筋混凝土造,81年5月10日,六層,三層 陽台,全筆移轉
RPRNMLOJKHKGFBK28DA,33,38.83,防空避難室兼停車場,鋼筋混凝土造,81年5月10日,六層,地下二層,持分移轉
RPRNMLOJKHKGFBK28DA,33,4.12,走道，梯間，廁所，水箱，機械室，發電機,鋼筋混凝土造,81年5月10日,六層,,持分移轉
RPRNMLOJKHKGFBK28DA,33,4.12,走道，梯間，廁所，水箱，機械室，發電機,鋼筋混凝土造,81年5月10日,六層,,持分移轉
RPRNMLOJKHKGFBK28DA,33,1.77,走道，梯間,鋼筋混凝土造,81年5月10日,六層,,持分移轉
RPRNMLOJKHKGFBK28DA,33,.06,走道，梯間,鋼筋混凝土造,81年5月10日,六層,,持分移轉
RPRNMLOJKHKGFBK28DA,33,14.09,走道，梯間，廁所,鋼筋混凝土造,81年5月10日,六層,,持分移轉
RPRNMLOJKHKGFBK28DA,33,9.02,走道，梯間,鋼筋混凝土造,81年5月10日,六層,,持分移轉
RPRNMLOJKHKGFBK28DA,33,29.45,住家用,鋼筋混凝土造,81年5月10日,六層,五層 陽台,全筆移轉
RPPNMLTJKHKGFEK88DA,48,119.60,住家用,加強磚造,65年11月14日,二層,一層 二層,全筆移轉
RPUNMLQJKHKGFFK56DA,,92.14,集合住宅,鋼筋混凝土造,113年11月22日,七層,三層 陽台,全筆移轉
RPUNMLQJKHKGFFK56DA,,54.53,防空避難室兼停車空間、停車空間、水箱、台電配電室、電信室、發電機房、管理委員會使用空間,鋼筋混凝土造,113年11月22日,七層,,持分移轉
RPUNMLQJKHKGFFK56DA,,17.19,梯廳、樓梯間、昇降機間、水箱、機械室,鋼筋混凝土造,113年11月22日,七層,,持分移轉
RPPNMLOKKHKGFAK08DA,27,28.77,農舍,鋼造,86年8月18日,一層,一層,持分移轉
RPSNMLSJKHKGFFK56DA,31,84.96,住家用,鋼筋混凝土造,82年9月15日,八層,二層 陽台,全筆移轉
RPSNMLSJKHKGFFK56DA,31,7.77,樓梯間，電梯,鋼筋混凝土造,82年9月15日,八層,,持分移轉
RPSNMLSJKHKGFFK56DA,31,16.89,防空避難及停車空間,鋼筋混凝土造,82年9月15日,,,持分移轉
RPSNMLMLJHKGFDK48DA,28,87.16,住宅、停車空間,鋼筋混凝土造,86年2月1日,三層,一層 二層 三層 陽台 平台 屋頂突出物,持分移轉
RPSNMLMLJHKGFDK48DA,28,87.16,住宅、停車空間,鋼筋混凝土造,86年2月1日,三層,一層 二層 三層 陽台 平台 屋頂突出物,持分移轉
RPRNMLOKKHKGFBK38DA,17,157.84,住家用,鋼筋混凝土造,97年2月1日,三層,一層 二層 三層 陽台,全筆移轉
RPTNMLOJKHKGFBK48DA,2,73.84,住家用,鋼筋混凝土造,111年10月6日,八層,六層 陽台,全筆移轉
RPTNMLOJKHKGFBK48DA,2,23.94,本共有部分之項目有集合住宅、樓梯間及停車空間（室內２０輛）等３項。,鋼筋混凝土造,111年10月6日,八層,,持分移轉
RPSNMLQJKHKGFBK58DA,11,203.83,住家用,鋼筋混凝土造,103年1月20日,四層,一層 二層 三層 四層 陽台 屋簷,全筆移轉
RPRNMLRJKHKGFBK58DA,30,8.16,停車空間,鋼筋混凝土造,83年9月7日,十二層,地下一層,持分移轉
RPRNMLRJKHKGFBK58DA,30,88.62,住家用,鋼筋混凝土造,83年9月7日,十二層,五層 陽台,全筆移轉
RPRNMLRJKHKGFBK58DA,30,14.40,樓梯間，機械間，水箱,鋼筋混凝土造,83年9月7日,十二層,,持分移轉
RPRNMLRJKHKGFBK58DA,30,15.59,防空避難室，公共休息室，機械室，水箱，有頂蓋開放空間,鋼筋混凝土造,83年9月7日,十二層,,持分移轉
RPTNMLOKKHKGFBK58DA,31,84.24,住家用,鋼筋混凝土造,82年12月2日,六層,四層 陽台 花台,全筆移轉
RPTNMLOKKHKGFBK58DA,31,9.27,屋頂突出物，水塔，機房,鋼筋混凝土造,82年12月2日,六層,,持分移轉
RPTNMLOKKHKGFBK58DA,31,22.25,避難室，停車空間,鋼筋混凝土造,82年12月2日,六層,,持分移轉
RPQNMLRJKHKGFAK38DA,13,121.29,住家用,鋼鐵造有牆,100年9月21日,二層,一層 二層,全筆移轉
RPWNMLOJKHKGFBK78DA,50,31.78,住家用,磚造,64年5月1日,一層,一層,全筆移轉
RPRNMLNLJHKGFBK28DA,10,77.92,住家用,鋼筋混凝土造,103年11月24日,十層,七層 陽台 雨遮,全筆移轉
RPRNMLNLJHKGFBK28DA,10,67.04,本共有部分之項目有防空避難室兼停車空間，台電受電室，電信室，發電機室，管委會空間，機械室，樓梯間，水箱等８項。,鋼筋混凝土造,103年11月24日,十層,,持分移轉
RPPNMLKLJHKGFCK87DA,41,96.82,住家用,加強磚造,72年6月28日,二層,一層 二層 電梯樓梯間,全筆移轉
RPQNMLPKJHKGFDK48DA,17,216.00,店舖，住宅,鋼筋混凝土造,96年9月5日,三層,一層 二層 三層 陽台 平台 屋頂突出物 騎樓 雨遮,全筆移轉
RPRNMLQJKHKGFFK88DA,8,93.61,集合住宅,鋼筋混凝土造,105年12月22日,七層,四層 陽台,全筆移轉
RPRNMLQJKHKGFFK88DA,8,16.77,樓梯間、水箱、機械室,鋼筋混凝土造,105年12月22日,七層,,持分移轉
RPRNMLQJKHKGFFK88DA,8,.98,管委會使用空間,鋼筋混凝土造,105年12月22日,七層,,持分移轉
RPRNMLQJKHKGFFK88DA,8,48.01,停車空間、防空避難室兼停車空間,鋼筋混凝土造,105年12月22日,七層,,持分移轉
RPTNMLQKKIJGFBK78DA,30,179.71,住家用,鋼筋混凝土造,84年2月15日,五層,一層 二層 三層 四層 五層 陽台 平台,全筆移轉
RPXNMLNJJHKGFDK88DA,1,183.23,集合住宅、停車空間,鋼筋混凝土造,113年4月26日,四層,一層 二層 三層 四層 陽台,全筆移轉
RPVNMLNKJHKGFDK78DA,43,130.16,住家用,加強磚造,70年9月3日,二層,一層 二層 騎樓,全筆移轉
RPQNMLLKKHKGFBK97DA,45,112.62,住家用,加強磚造,69年3月30日,二層,一層 二層,全筆移轉
RPWNMLKKKHKGFDK68DA,54,100.10,住家用,鋼筋混凝土加強磚造,59年7月2日,二層,一層 二層,全筆移轉
RPSNMLRJKHKGFBK68DA,21,122.50,住家用,鋼筋混凝土造,93年4月5日,三層,一層 二層 三層 屋頂突出物,全筆移轉
RPQNMLPJKHKGFFK68DA,5,93.35,集合住宅,鋼筋混凝土造,108年8月21日,七層,一層,全筆移轉
RPQNMLPJKHKGFFK68DA,5,19.41,樓梯間、機房,鋼筋混凝土造,108年8月21日,七層,,持分移轉
RPQNMLPJKHKGFFK68DA,5,92.33,停車空間、防空避難室、車道、管委會,鋼筋混凝土造,108年8月21日,七層,,持分移轉
RPRNMLLMKIJGFDK48DA,16,111.27,一般服務業、一般事務所、運動休閒設施,鋼筋混凝土造,98年4月13日,三層,一層 二層 三層 陽台 平台 雨遮 見其他登記事項,持分移轉
RPRNMLLMKIJGFDK48DA,16,111.27,一般服務業、一般事務所、運動休閒設施,鋼筋混凝土造,98年4月13日,三層,一層 二層 三層 陽台 平台 雨遮 見其他登記事項,持分移轉
RPQNMLOKKHKGFBK28DA,32,137.75,住家用,鋼筋混凝土造,82年1月15日,四層,一層 二層 三層 四層 陽台 平台 屋頂突出物 雨遮,全筆移轉
RPQOMLNJJHKGFDK28DA,1,2.62,店舖,鋼筋混凝土造,113年4月26日,四層,一層,全筆移轉
RPTNMLNJKHKGFBK38DA,5,77.81,住家用,鋼筋混凝土造,109年5月7日,十層,三層 陽台,全筆移轉
RPTNMLNJKHKGFBK38DA,5,47.73,本共有部分之項目有防空避難室兼、停車空間（室內７２輛）、消防泵浦室、台電配電室、管委會使用空間、車道、梯廳、樓梯間、昇降機間及水箱等１０項。,鋼筋混凝土造,109年5月7日,十層,,持分移轉
RPTNMLNKKHKGFBK48DA,40,91.98,住家用,鋼筋混凝土造,73年7月15日,5,三層 陽台,全筆移轉
RPTNMLNKKHKGFBK48DA,40,91.98,住家用,鋼筋混凝土造,73年7月15日,5,四層 陽台,全筆移轉
RPTNMLNKKHKGFBK48DA,40,4.72,防空避難室,鋼筋混凝土造,73年7月15日,5,,持分移轉
RPTNMLNKKHKGFBK48DA,40,4.72,防空避難室,鋼筋混凝土造,73年7月15日,5,,持分移轉
RPPNMLRJKHKGFBK38DA,8,93.90,住家用,鋼筋混凝土造,106年3月15日,五層,三層 陽台,全筆移轉
RPPNMLRJKHKGFBK38DA,8,28.13,本共有部分之項目有樓梯間，機械室，水箱及停車空間（室內３２輛）等４項。,鋼筋混凝土造,106年3月15日,五層,,持分移轉
RPPNMLRJKHKGFBK38DA,8,10.39,樓梯間,鋼筋混凝土造,106年3月15日,五層,,持分移轉
RPSNMLOKKHKGFBK48DA,34,148.95,住商用,鋼筋混凝土造,79年11月16日,四層,一層 二層 三層 四層 騎樓,全筆移轉
RPWNMLPLKIJGFDK66DA,16,220.23,一般事務所、運動休閒設施,鋼筋混凝土造,98年4月15日,三層,一層 二層 三層 陽台 平台 雨遮 見其他登記事項,全筆移轉
RPSNMLRKKHKGFCK88DA,32,139.74,住家用,鋼筋混凝土造,81年6月23日,三層,一層 二層 三層,全筆移轉
RPQNMLOKJHKGFDK38DA,22,133.42,住家用,鋼筋混凝土造,91年8月22日,四層,四層 陽台,全筆移轉
RPQNMLOKJHKGFDK38DA,22,21.41,走廊、梯間、消防機械房、管理員室,鋼筋混凝土造,91年8月22日,,,持分移轉
SPQNMLOKJHKGFDK48DA,22,91.71,住家用,鋼筋混凝土造,91年8月22日,四層,四層 陽台,全筆移轉
SPQNMLOKJHKGFDK48DA,22,14.80,走廊、梯間、消防機械房、管理員室,鋼筋混凝土造,91年8月22日,,,持分移轉
RPSNMLPJKHKGFDK68DA,29,112.96,住家用,鋼筋混凝土造,84年8月26日,七層,一層 二層 陽台 平台 騎樓,全筆移轉
RPSNMLPJKHKGFDK68DA,29,12.75,梯間,鋼筋混凝土造,84年8月26日,七層,,持分移轉
RPSNMLPJKHKGFDK68DA,29,26.24,防空避難室，停車場，守衛室，交誼廳，通道,鋼筋混凝土造,84年8月26日,七層,,持分移轉
RPPNMLKMKIJGFEK28DA,28,171.30,農機具室,磚造,86年3月15日,一層,一層,全筆移轉
RPPNMLNKKHKGFEK38DA,57,114.00,住商用,加強磚造,57年3月7日,二層,一層 二層 騎樓,全筆移轉
RPTNMLOKKHKGFDK78DA,29,109.29,住家用,鋼筋混凝土造,84年10月5日,四層,一層 二層 三層 四層 陽台 平台,持分移轉
RPTNMLOKKHKGFDK78DA,29,109.29,住家用,鋼筋混凝土造,84年10月5日,四層,一層 二層 三層 四層 陽台 平台,持分移轉
RPSNMLNJKHKGFBK28DA,47,110.30,住家用,加強磚造,66年11月21日,二層,一層 二層,全筆移轉
RPPNMLLKKHKGFBK87DA,42,88.35,住家用,鋼筋混凝土造,71年9月3日,五層,五層 陽台,全筆移轉
RPOOMLNKJHKGFBK97DA,4,167.81,住家用,鋼筋混凝土造,109年12月9日,四層,一層 二層 三層 四層 陽台,全筆移轉
RPROMLTJKIJGFDK09DA,69,111.14,住商用,鐵筋混凝土及磚造,45年2月28日,二層,一層 二層 騎樓,全筆移轉
RPROMLTJKIJGFDK09DA,,21.12,住家用,磚造,,一層,一層,全筆移轉
RPQNMLOLKIJGFBK38DA,,174.29,住宅、停車空間,鋼筋混凝土造,113年10月16日,三層,一層 二層 三層 屋頂突出物,全筆移轉
RPQNMLKKKHKGFDK08DA,44,112.24,住家用,鋼筋混凝土造,69年11月4日,二層,一層 二層 騎樓,全筆移轉
RPSNMLOJKHKGFBK38DA,,39.98,店鋪、騎樓,鋼筋混凝土造,113年7月18日,五層,一層 騎樓,全筆移轉
RPSNMLOJKHKGFBK38DA,,10.56,本共有部分之項目有樓梯間、機道、梯廳、及直通梯等４項。,鋼筋混凝土造,113年7月18日,五層,,持分移轉
RPTNMLMLJHKGFDK58DA,31,120.69,住家用,鋼筋混凝土造,82年6月22日,七層,一層 陽台,全筆移轉
RPTNMLMLJHKGFDK58DA,31,15.09,防空避難室，停車場,鋼筋混凝土造,82年6月22日,七層,地下二層,持分移轉
RPTNMLMLJHKGFDK58DA,31,19.46,樓梯間，受電室,鋼筋混凝土造,82年6月22日,七層,,持分移轉
RPTNMLMLJHKGFDK58DA,31,.62,樓梯間，受電室,鋼筋混凝土造,82年6月22日,七層,,持分移轉
RPSNMLKKKHKGFDK28DA,29,195.97,住家用,鋼造,84年10月9日,一層,一層 騎樓,全筆移轉
RPUNMLKMKIJGFDK68DA,,44.81,集合住宅,鋼筋混凝土造,113年9月10日,五層,三層 陽台,全筆移轉
RPUNMLKMKIJGFDK68DA,,17.27,共有部分,鋼筋混凝土造,113年9月10日,五層,,持分移轉
RPQPMLMLJIJGFDK48DA,34,140.36,廠房、辦公室、單身宿舍,鋼筋混凝土造,79年11月30日,三層,一層 二層 三層 陽台,全筆移轉
RPQPMLMLJIJGFDK48DA,34,17.88,防空避難室,鋼筋混凝土造,79年11月30日,,,持分移轉
RPWNMLQJKHKGFDK56DA,,231.16,集合住宅、停車空間,鋼筋混凝土造,113年10月18日,四層,一層 二層 三層 四層 陽台 見其他登記事項,全筆移轉
RPPNMLKKKHKGFAK67DA,9,176.63,住家用,鋼筋混凝土造,104年7月20日,三層,一層 二層 三層 陽台 屋頂突出物,全筆移轉
RPSNMLNKKHKGFBK38DA,,102.82,住家用,加強磚造,,二層,一層 二層,全筆移轉
RPQNMLKLJHKGFFK28DA,6,98.34,住家用,鋼筋混凝土造,107年12月6日,九層,六層 陽台,全筆移轉
RPQNMLKLJHKGFFK28DA,6,57.04,停車空間、機房、水箱、樓梯間,鋼筋混凝土造,107年12月6日,九層,,持分移轉
RPQNMLKLJHKGFFK28DA,6,13.22,樓梯間,鋼筋混凝土造,107年12月6日,九層,,持分移轉
RPPNMLQJKHKGFBK28DA,43,99.51,住家用,加強磚造,70年12月16日,二層,一層 二層 陽台,全筆移轉
RPTNMLQJKHKGFDK88DA,,211.68,店舖、集合住宅、停車空間,鋼筋混凝土造,113年10月18日,四層,一層 二層 三層 四層 陽台 見其他登記事項,全筆移轉
RPVNMLQJKHKGFDK09DA,,208.63,集合住宅、停車空間,鋼筋混凝土造,113年10月18日,四層,一層 二層 三層 四層 陽台 見其他登記事項,全筆移轉
RPRNMLRKJHKGFDK78DA,20,20.69,住家用,鋼筋混凝土造,93年5月13日,三層,一層 平台 雨遮,全筆移轉
RPRNMLRKJHKGFDK78DA,20,6.14,樓梯間，走廊,鋼筋混凝土造,93年5月13日,三層,,持分移轉
RPTNMLRJKHKGFFK56DA,,94.26,集合住宅,鋼筋混凝土造,113年12月2日,五層,四層 陽台,全筆移轉
RPTNMLRJKHKGFFK56DA,,36.03,集合住宅、停車空間、樓梯間、電梯機房,鋼筋混凝土造,113年12月2日,五層,,持分移轉
RPSNMLQJKHKGFFK98DA,,41.36,集合住宅,鋼筋混凝土造,113年12月2日,五層,五層 陽台,全筆移轉
RPSNMLQJKHKGFFK98DA,,10.22,集合住宅、停車空間、樓梯間、電梯機房,鋼筋混凝土造,113年12月2日,五層,,持分移轉
RPPNMLRJKHKGFFK78DA,,94.26,集合住宅,鋼筋混凝土造,113年12月2日,五層,三層 陽台,全筆移轉
RPPNMLRJKHKGFFK78DA,,36.03,集合住宅、停車空間、樓梯間、電梯機房,鋼筋混凝土造,113年12月2日,五層,,持分移轉
RPTPMLKKKHKGFBK38DA,,72.04,集合住宅,鋼筋混凝土造,113年11月26日,五層,三層 陽台,全筆移轉
RPTPMLKKKHKGFBK38DA,,40.96,本共有部分之項目有安全梯、梯廳、管道、電信室、電錶室、樓梯間、水錶室、電梯機房、水箱及停車空間（室內９輛）等十項。,鋼筋混凝土造,113年11月26日,五層,,持分移轉
RPQNMLRJKHKGFFK88DA,,41.40,集合住宅,鋼筋混凝土造,113年12月2日,五層,四層 陽台,全筆移轉
RPQNMLRJKHKGFFK88DA,,10.26,集合住宅、停車空間、樓梯間、電梯機房,鋼筋混凝土造,113年12月2日,五層,,持分移轉
RPRNMLRJKHKGFFK98DA,,95.42,集合住宅,鋼筋混凝土造,113年12月2日,五層,二層 陽台,全筆移轉
RPRNMLRJKHKGFFK98DA,,36.58,集合住宅、停車空間、樓梯間、電梯機房,鋼筋混凝土造,113年12月2日,五層,,持分移轉
RPUPMLKKKHKGFBK48DA,,66.72,集合住宅,鋼筋混凝土造,113年11月26日,五層,三層 陽台,全筆移轉
RPUPMLKKKHKGFBK48DA,,37.67,本共有部分之項目有安全梯、梯廳、管道、電信室、電錶室、樓梯間、水錶室、電梯機房、水箱及停車空間（室內９輛）等十項。,鋼筋混凝土造,113年11月26日,五層,,持分移轉
RPOOMLQLKIJGFDK68DA,47,131.92,住家用,加強磚造,66年8月12日,二層,一層 二層 騎樓,全筆移轉
RPWNMLQLKIJGFDK76DA,43,83.27,住家用,加強磚造,70年8月21日,二層,一層 二層,全筆移轉
RPSNMLLKKHKGFBK18DA,,52.56,集合住宅,鋼筋混凝土造,113年11月26日,五層,四層 陽台,全筆移轉
RPSNMLLKKHKGFBK18DA,,29.60,本共有部分之項目有安全梯、梯廳、管道、電信室、電錶室、無障礙廁所、資源回收室、信箱室、外廊、樓梯間、水錶室、電梯機房、水箱、機械室及停車空間（室內２３輛）等十五項。,鋼筋混凝土造,113年11月26日,五層,,持分移轉
RPPOMLKKKHKGFFK28DA,,41.36,集合住宅,鋼筋混凝土造,113年12月2日,五層,二層 陽台,全筆移轉
RPPOMLKKKHKGFFK28DA,,10.22,集合住宅、停車空間、樓梯間、電梯機房,鋼筋混凝土造,113年12月2日,五層,,持分移轉
RPQPMLKKKHKGFBK08DA,,47.17,集合住宅,鋼筋混凝土造,113年11月26日,五層,二層 陽台,全筆移轉
RPQPMLKKKHKGFBK08DA,,26.21,本共有部分之項目有安全梯、梯廳、管道、電信室、電錶室、無障礙廁所、資源回收室、信箱室、外廊、樓梯間、水錶室、電梯機房、水箱、機械室及停車空間（室內２３輛）等十五項。,鋼筋混凝土造,113年11月26日,五層,,持分移轉
RPVTMLPJIIJGFFK96DA,,108.11,集合住宅,鋼筋混凝土造,113年11月20日,十五層,六層 陽台,全筆移轉
RPRUMLPJIIJGFFK66DA,,108.11,集合住宅,鋼筋混凝土造,113年11月20日,十五層,十一層 陽台,全筆移轉
RPVTMLPJIIJGFFK96DA,,85.59,防空避難室兼停車空間、管委會使用空間,鋼筋混凝土造,113年11月20日,十五層,,持分移轉
RPRUMLPJIIJGFFK66DA,,57.30,防空避難室兼停車空間、管委會使用空間,鋼筋混凝土造,113年11月20日,十五層,,持分移轉
RPVTMLPJIIJGFFK96DA,,25.34,樓梯間、梯廳,鋼筋混凝土造,113年11月20日,十五層,,持分移轉
RPRUMLPJIIJGFFK66DA,,25.34,樓梯間、梯廳,鋼筋混凝土造,113年11月20日,十五層,,持分移轉
RPVNMLTJKHKGFBK56DA,,63.18,集合住宅,鋼筋混凝土造,113年11月26日,五層,二層 陽台,全筆移轉
RPVNMLTJKHKGFBK56DA,,35.57,本共有部分之項目有安全梯、梯廳、管道、電信室、電錶室、無障礙廁所、資源回收室、信箱室、外廊、樓梯間、水錶室、電梯機房、水箱、機械室及停車空間（室內２３輛）等十五項。,鋼筋混凝土造,113年11月26日,五層,,持分移轉
RPQNMLTJKHKGFBK68DA,,52.56,集合住宅,鋼筋混凝土造,113年11月26日,五層,二層 陽台,全筆移轉
RPQNMLTJKHKGFBK68DA,,29.60,本共有部分之項目有安全梯、梯廳、管道、電信室、電錶室、無障礙廁所、資源回收室、信箱室、外廊、樓梯間、水錶室、電梯機房、水箱、機械室及停車空間（室內２３輛）等十五項。,鋼筋混凝土造,113年11月26日,五層,,持分移轉
RPWNMLLLJHKGFBK58DA,,216.93,住宅,鋼筋混凝土造,113年8月21日,四層,一層 二層 三層 四層 陽台,全筆移轉
RPSPNLPJIIJGFFK98DA,,107.78,集合住宅,鋼筋混凝土造,113年11月20日,十五層,七層 陽台,全筆移轉
RPSPNLPJIIJGFFK98DA,,85.59,防空避難室兼停車空間、管委會使用空間,鋼筋混凝土造,113年11月20日,十五層,,持分移轉
RPSPNLPJIIJGFFK98DA,,25.25,樓梯間、梯廳,鋼筋混凝土造,113年11月20日,十五層,,持分移轉
RPWPNLPJIIJGFFK76DA,,107.78,集合住宅,鋼筋混凝土造,113年11月20日,十五層,十一層 陽台,全筆移轉
RPWPNLPJIIJGFFK76DA,,85.59,防空避難室兼停車空間、管委會使用空間,鋼筋混凝土造,113年11月20日,十五層,,持分移轉
RPWPNLPJIIJGFFK76DA,,25.25,樓梯間、梯廳,鋼筋混凝土造,113年11月20日,十五層,,持分移轉
RPUTMLPJIIJGFFK86DA,,108.11,集合住宅,鋼筋混凝土造,113年11月20日,十五層,五層 陽台,全筆移轉
RPUTMLPJIIJGFFK86DA,,85.59,防空避難室兼停車空間、管委會使用空間,鋼筋混凝土造,113年11月20日,十五層,,持分移轉
RPUTMLPJIIJGFFK86DA,,25.34,樓梯間、梯廳,鋼筋混凝土造,113年11月20日,十五層,,持分移轉
RPQONLRJIIJGFFK88DA,,83.75,集合住宅,鋼筋混凝土造,113年11月20日,十五層,十四層 陽台,全筆移轉
RPQONLRJIIJGFFK88DA,,50.72,防空避難室兼停車空間、管委會使用空間,鋼筋混凝土造,113年11月20日,十五層,,持分移轉
RPQTNLRJIIJGFFK76DA,,74.03,集合住宅,鋼筋混凝土造,113年11月20日,十五層,十層 陽台,全筆移轉
RPQONLRJIIJGFFK88DA,,19.58,樓梯間、梯廳,鋼筋混凝土造,113年11月20日,十五層,,持分移轉
RPQTNLRJIIJGFFK76DA,,48.04,防空避難室兼停車空間、管委會使用空間,鋼筋混凝土造,113年11月20日,十五層,,持分移轉
RPQTNLRJIIJGFFK76DA,,17.35,樓梯間、梯廳,鋼筋混凝土造,113年11月20日,十五層,,持分移轉
RPSNMLQJKHKGFDK78DA,,218.47,店舖、集合住宅、停車空間,鋼筋混凝土造,113年10月18日,四層,一層 二層 三層 四層 陽台 見其他登記事項,全筆移轉
RPXUNLPJIIJGFFK37DA,,71.64,集合住宅,鋼筋混凝土造,113年11月20日,十五層,六層 陽台,全筆移轉
RPXUNLPJIIJGFFK37DA,,47.55,防空避難室兼停車空間、管委會使用空間,鋼筋混凝土造,113年11月20日,十五層,,持分移轉
RPXUNLPJIIJGFFK37DA,,16.75,樓梯間、梯廳,鋼筋混凝土造,113年11月20日,十五層,,持分移轉
RPUOMLLLJHKGFBK48DA,,212.00,住宅,鋼筋混凝土造,113年8月21日,四層,一層 二層 三層 四層 陽台,全筆移轉
RPRTNLRJIIJGFFK86DA,,74.03,集合住宅,鋼筋混凝土造,113年11月20日,十五層,十三層 陽台,全筆移轉
RPRTNLRJIIJGFFK86DA,,48.04,防空避難室兼停車空間、管委會使用空間,鋼筋混凝土造,113年11月20日,十五層,,持分移轉
RPRTNLRJIIJGFFK86DA,,17.35,樓梯間、梯廳,鋼筋混凝土造,113年11月20日,十五層,,持分移轉
RPURMLPJIIJGFFK66DA,,72.43,集合住宅,鋼筋混凝土造,113年11月20日,十五層,九層 陽台,全筆移轉
RPURMLPJIIJGFFK66DA,,46.57,防空避難室兼停車空間、管委會使用空間,鋼筋混凝土造,113年11月20日,十五層,,持分移轉
RPURMLPJIIJGFFK66DA,,17.00,樓梯間、梯廳,鋼筋混凝土造,113年11月20日,十五層,,持分移轉
RPRSMLPJIIJGFFK09DA,,107.78,集合住宅,鋼筋混凝土造,113年11月20日,十五層,五層 陽台,全筆移轉
RPRSMLPJIIJGFFK09DA,,57.30,防空避難室兼停車空間、管委會使用空間,鋼筋混凝土造,113年11月20日,十五層,,持分移轉
RPRSMLPJIIJGFFK09DA,,25.25,樓梯間、梯廳,鋼筋混凝土造,113年11月20日,十五層,,持分移轉
RPSNMLTJKHKGFBK88DA,,53.14,集合住宅,鋼筋混凝土造,113年11月26日,五層,二層 陽台,全筆移轉
RPSNMLTJKHKGFBK88DA,,29.52,本共有部分之項目有安全梯、梯廳、管道、電信室、電錶室、無障礙廁所、資源回收室、信箱室、外廊、樓梯間、水錶室、電梯機房、水箱、機械室及停車空間（室內２３輛）等十五項。,鋼筋混凝土造,113年11月26日,五層,,持分移轉
RPVPMLKKKHKGFBK58DA,,55.86,集合住宅,鋼筋混凝土造,113年11月26日,五層,四層 陽台,全筆移轉
RPVPMLKKKHKGFBK58DA,,31.64,本共有部分之項目有安全梯、梯廳、管道、電信室、電錶室、樓梯間、水錶室、電梯機房、水箱及停車空間（室內９輛）等十項。,鋼筋混凝土造,113年11月26日,五層,,持分移轉
RPVOMLKKKHKGFBK48DA,,56.79,集合住宅,鋼筋混凝土造,113年11月26日,五層,五層 陽台,全筆移轉
RPVOMLKKKHKGFBK48DA,,31.75,本共有部分之項目有安全梯、梯廳、管道、電信室、電錶室、無障礙廁所、資源回收室、信箱室、外廊、樓梯間、水錶室、電梯機房、水箱、機械室及停車空間（室內２３輛）等十五項。,鋼筋混凝土造,113年11月26日,五層,,持分移轉
RPPNNLOJIIJGFFK38DA,,79.44,集合住宅,鋼筋混凝土造,113年11月20日,十五層,十三層 陽台,全筆移轉
RPPNNLOJIIJGFFK38DA,,49.50,防空避難室兼停車空間、管委會使用空間,鋼筋混凝土造,113年11月20日,十五層,,持分移轉
RPPNNLOJIIJGFFK38DA,,18.64,樓梯間、梯廳,鋼筋混凝土造,113年11月20日,十五層,,持分移轉
RPVOMLLLJHKGFBK58DA,,199.94,住宅,鋼筋混凝土造,113年8月21日,四層,一層 二層 三層 四層 陽台,全筆移轉
RPSTNLRJIIJGFFK96DA,,74.03,集合住宅,鋼筋混凝土造,113年11月20日,十五層,十四層 陽台,全筆移轉
RPSTNLRJIIJGFFK96DA,,48.04,防空避難室兼停車空間、管委會使用空間,鋼筋混凝土造,113年11月20日,十五層,,持分移轉
RPSTNLRJIIJGFFK96DA,,17.35,樓梯間、梯廳,鋼筋混凝土造,113年11月20日,十五層,,持分移轉
RPVVNLPJIIJGFFK27DA,,71.64,集合住宅,鋼筋混凝土造,113年11月20日,十五層,十四層 陽台,全筆移轉
RPVVNLPJIIJGFFK27DA,,47.55,防空避難室兼停車空間、管委會使用空間,鋼筋混凝土造,113年11月20日,十五層,,持分移轉
RPVVNLPJIIJGFFK27DA,,16.75,樓梯間、梯廳,鋼筋混凝土造,113年11月20日,十五層,,持分移轉
RPTQNLRJIIJGFFK76DA,,56.82,集合住宅,鋼筋混凝土造,113年11月20日,十五層,九層 陽台,全筆移轉
RPTQNLRJIIJGFFK76DA,,43.65,防空避難室兼停車空間、管委會使用空間,鋼筋混凝土造,113年11月20日,十五層,,持分移轉
RPTQNLRJIIJGFFK76DA,,13.31,樓梯間、梯廳,鋼筋混凝土造,113年11月20日,十五層,,持分移轉
RPTNMLLLJHKGFBK28DA,,217.09,住宅,鋼筋混凝土造,113年8月21日,四層,一層 二層 三層 四層 陽台,全筆移轉
RPSPMLKKKHKGFBK28DA,,72.04,集合住宅,鋼筋混凝土造,113年11月26日,五層,二層 陽台,全筆移轉
RPSPMLKKKHKGFBK28DA,,40.96,本共有部分之項目有安全梯、梯廳、管道、電信室、電錶室、樓梯間、水錶室、電梯機房、水箱及停車空間（室內９輛）等十項。,鋼筋混凝土造,113年11月26日,五層,,持分移轉
RPPOMLRJIIJGFFK68DA,,79.44,集合住宅,鋼筋混凝土造,113年11月20日,十五層,九層 陽台,全筆移轉
RPPOMLRJIIJGFFK68DA,,49.50,防空避難室兼停車空間、管委會使用空間,鋼筋混凝土造,113年11月20日,十五層,,持分移轉
RPPOMLRJIIJGFFK68DA,,18.64,樓梯間、梯廳,鋼筋混凝土造,113年11月20日,十五層,,持分移轉
RPXWMLOJIIJGFFK37DA,,79.44,集合住宅,鋼筋混凝土造,113年11月20日,十五層,十一層 陽台,全筆移轉
RPXWMLOJIIJGFFK37DA,,49.50,防空避難室兼停車空間、管委會使用空間,鋼筋混凝土造,113年11月20日,十五層,,持分移轉
RPXWMLOJIIJGFFK37DA,,18.64,樓梯間、梯廳,鋼筋混凝土造,113年11月20日,十五層,,持分移轉
RPQNNLPJIIJGFFK58DA,,57.01,集合住宅,鋼筋混凝土造,113年11月20日,十五層,十三層 陽台,全筆移轉
RPQNNLPJIIJGFFK58DA,,43.65,防空避難室兼停車空間、管委會使用空間,鋼筋混凝土造,113年11月20日,十五層,,持分移轉
RPQNNLPJIIJGFFK58DA,,13.40,樓梯間、梯廳,鋼筋混凝土造,113年11月20日,十五層,,持分移轉
RPTONLOJIIJGFFK88DA,,74.03,集合住宅,鋼筋混凝土造,113年11月20日,十五層,十三層 陽台,全筆移轉
RPTONLOJIIJGFFK88DA,,48.04,防空避難室兼停車空間、管委會使用空間,鋼筋混凝土造,113年11月20日,十五層,,持分移轉
RPTONLOJIIJGFFK88DA,,17.35,樓梯間、梯廳,鋼筋混凝土造,113年11月20日,十五層,,持分移轉
RPVNMLLLJHKGFBK48DA,,216.93,住宅,鋼筋混凝土造,113年8月21日,四層,一層 二層 三層 四層 陽台,全筆移轉
RPVQNLRJIIJGFFK96DA,,56.82,集合住宅,鋼筋混凝土造,113年11月20日,十五層,十二層 陽台,全筆移轉
RPVQNLRJIIJGFFK96DA,,43.65,防空避難室兼停車空間、管委會使用空間,鋼筋混凝土造,113年11月20日,十五層,,持分移轉
RPVQNLRJIIJGFFK96DA,,13.31,樓梯間、梯廳,鋼筋混凝土造,113年11月20日,十五層,,持分移轉
RPSNMLKKKHKGFBK08DA,,56.79,集合住宅,鋼筋混凝土造,113年11月26日,五層,三層 陽台,全筆移轉
RPSNMLKKKHKGFBK08DA,,31.75,本共有部分之項目有安全梯、梯廳、管道、電信室、電錶室、無障礙廁所、資源回收室、信箱室、外廊、樓梯間、水錶室、電梯機房、水箱、機械室及停車空間（室內２３輛）等十五項。,鋼筋混凝土造,113年11月26日,五層,,持分移轉
RPQQNLRJIIJGFFK09DA,,56.82,集合住宅,鋼筋混凝土造,113年11月20日,十五層,六層 陽台,全筆移轉
RPQQNLRJIIJGFFK09DA,,43.65,防空避難室兼停車空間、管委會使用空間,鋼筋混凝土造,113年11月20日,十五層,,持分移轉
RPQQNLRJIIJGFFK09DA,,13.31,樓梯間、梯廳,鋼筋混凝土造,113年11月20日,十五層,,持分移轉
RPWQMLOJIIJGFFK66DA,,56.82,集合住宅,鋼筋混凝土造,113年11月20日,十五層,十層 陽台,全筆移轉
RPWQMLOJIIJGFFK66DA,,43.65,防空避難室兼停車空間、管委會使用空間,鋼筋混凝土造,113年11月20日,十五層,,持分移轉
RPWQMLOJIIJGFFK66DA,,13.31,樓梯間、梯廳,鋼筋混凝土造,113年11月20日,十五層,,持分移轉
RPXOMLLLJHKGFBK78DA,,198.50,住宅,鋼筋混凝土造,113年8月21日,四層,一層 二層 三層 四層 陽台,全筆移轉
RPWSNLRJIIJGFFK27DA,,74.03,集合住宅,鋼筋混凝土造,113年11月20日,十五層,五層 陽台,全筆移轉
RPWSNLRJIIJGFFK27DA,,48.04,防空避難室兼停車空間、管委會使用空間,鋼筋混凝土造,113年11月20日,十五層,,持分移轉
RPWSNLRJIIJGFFK27DA,,17.35,樓梯間、梯廳,鋼筋混凝土造,113年11月20日,十五層,,持分移轉
RPWPMLKKKHKGFBK68DA,,66.72,集合住宅,鋼筋混凝土造,113年11月26日,五層,四層 陽台,全筆移轉
RPWPMLKKKHKGFBK68DA,,37.67,本共有部分之項目有安全梯、梯廳、管道、電信室、電錶室、樓梯間、水錶室、電梯機房、水箱及停車空間（室內９輛）等十項。,鋼筋混凝土造,113年11月26日,五層,,持分移轉
RPTNMLRKIIJGFFK09DA,,72.43,集合住宅,鋼筋混凝土造,113年11月20日,十五層,三層 陽台,全筆移轉
RPTNMLRKIIJGFFK09DA,,47.79,防空避難室兼停車空間、管委會使用空間,鋼筋混凝土造,113年11月20日,十五層,,持分移轉
RPTNMLRKIIJGFFK09DA,,17.00,樓梯間、梯廳,鋼筋混凝土造,113年11月20日,十五層,,持分移轉
RPRWMLOJIIJGFFK76DA,,79.44,集合住宅,鋼筋混凝土造,113年11月20日,十五層,五層 陽台,全筆移轉
RPRWMLOJIIJGFFK76DA,,49.50,防空避難室兼停車空間、管委會使用空間,鋼筋混凝土造,113年11月20日,十五層,,持分移轉
RPRWMLOJIIJGFFK76DA,,18.64,樓梯間、梯廳,鋼筋混凝土造,113年11月20日,十五層,,持分移轉
RPTNMLKKKHKGFBK18DA,,53.14,集合住宅,鋼筋混凝土造,113年11月26日,五層,三層 陽台,全筆移轉
RPTNMLKKKHKGFBK18DA,,29.52,本共有部分之項目有安全梯、梯廳、管道、電信室、電錶室、無障礙廁所、資源回收室、信箱室、外廊、樓梯間、水錶室、電梯機房、水箱、機械室及停車空間（室內２３輛）等十五項。,鋼筋混凝土造,113年11月26日,五層,,持分移轉
RPQNMLQJKHKGFBK38DA,,98.83,集合住宅,鋼筋混凝土造,113年9月10日,五層,五層 陽台,全筆移轉
RPQNMLQJKHKGFBK38DA,,24.83,本共有部分之項目有防空避難室兼停車空間（室內７輛）等１項。,鋼筋混凝土造,113年9月10日,五層,,持分移轉
RPQNMLQJKHKGFBK38DA,,19.15,本共有部分之項目有電梯間、安全梯梯間、梯廳、電梯機房、樓梯間等５項。,鋼筋混凝土造,113年9月10日,五層,,持分移轉
RPWNMLTJKHKGFBK66DA,,70.70,集合住宅,鋼筋混凝土造,113年11月26日,五層,二層 陽台,全筆移轉
RPWNMLTJKHKGFBK66DA,,39.51,本共有部分之項目有安全梯、梯廳、管道、電信室、電錶室、無障礙廁所、資源回收室、信箱室、外廊、樓梯間、水錶室、電梯機房、水箱、機械室及停車空間（室內２３輛）等十五項。,鋼筋混凝土造,113年11月26日,五層,,持分移轉
RPROMLKKKHKGFBK08DA,,47.17,集合住宅,鋼筋混凝土造,113年11月26日,五層,四層 陽台,全筆移轉
RPROMLKKKHKGFBK08DA,,26.21,本共有部分之項目有安全梯、梯廳、管道、電信室、電錶室、無障礙廁所、資源回收室、信箱室、外廊、樓梯間、水錶室、電梯機房、水箱、機械室及停車空間（室內２３輛）等十五項。,鋼筋混凝土造,113年11月26日,五層,,持分移轉
RPUNMLKKKHKGFBK28DA,,64.87,集合住宅,鋼筋混凝土造,113年11月26日,五層,三層 陽台,全筆移轉
RPUNMLKKKHKGFBK28DA,,36.22,本共有部分之項目有安全梯、梯廳、管道、電信室、電錶室、無障礙廁所、資源回收室、信箱室、外廊、樓梯間、水錶室、電梯機房、水箱、機械室及停車空間（室內２３輛）等十五項。,鋼筋混凝土造,113年11月26日,五層,,持分移轉
RPOVMLRJIIJGFFK66DA,,80.41,集合住宅,鋼筋混凝土造,113年11月20日,十五層,十四層 陽台,全筆移轉
RPOVMLRJIIJGFFK66DA,,49.99,防空避難室兼停車空間、管委會使用空間,鋼筋混凝土造,113年11月20日,十五層,,持分移轉
RPOVMLRJIIJGFFK66DA,,18.81,樓梯間、梯廳,鋼筋混凝土造,113年11月20日,十五層,,持分移轉
RPXNMLRJJIJGFFK86DA,,56.82,集合住宅,鋼筋混凝土造,113年11月20日,十五層,十層 陽台,全筆移轉
RPXNMLRJJIJGFFK86DA,,43.65,防空避難室兼停車空間、管委會使用空間,鋼筋混凝土造,113年11月20日,十五層,,持分移轉
RPXNMLRJJIJGFFK86DA,,13.31,樓梯間、梯廳,鋼筋混凝土造,113年11月20日,十五層,,持分移轉
RPPNMLTJKHKGFBK58DA,,76.98,集合住宅,鋼筋混凝土造,113年11月26日,五層,二層 陽台,全筆移轉
RPPNMLTJKHKGFBK58DA,,42.64,本共有部分之項目有安全梯、梯廳、管道、電信室、電錶室、無障礙廁所、資源回收室、信箱室、外廊、樓梯間、水錶室、電梯機房、水箱、機械室及停車空間（室內２３輛）等十五項。,鋼筋混凝土造,113年11月26日,五層,,持分移轉
RPTNMLTJKHKGFBK98DA,,59.72,集合住宅,鋼筋混凝土造,113年11月26日,五層,二層 陽台,全筆移轉
RPTNMLTJKHKGFBK98DA,,33.34,本共有部分之項目有安全梯、梯廳、管道、電信室、電錶室、無障礙廁所、資源回收室、信箱室、外廊、樓梯間、水錶室、電梯機房、水箱、機械室及停車空間（室內２３輛）等十五項。,鋼筋混凝土造,113年11月26日,五層,,持分移轉
RPUNMLTJKHKGFBK09DA,,64.87,集合住宅,鋼筋混凝土造,113年11月26日,五層,二層 陽台,全筆移轉
RPUNMLTJKHKGFBK09DA,,36.22,本共有部分之項目有安全梯、梯廳、管道、電信室、電錶室、無障礙廁所、資源回收室、信箱室、外廊、樓梯間、水錶室、電梯機房、水箱、機械室及停車空間（室內２３輛）等十五項。,鋼筋混凝土造,113年11月26日,五層,,持分移轉
RPVNMLKKKHKGFBK38DA,,78.58,集合住宅,鋼筋混凝土造,113年11月26日,五層,三層 陽台,全筆移轉
RPVNMLKKKHKGFBK38DA,,43.62,本共有部分之項目有安全梯、梯廳、管道、電信室、電錶室、無障礙廁所、資源回收室、信箱室、外廊、樓梯間、水錶室、電梯機房、水箱、機械室及停車空間（室內２３輛）等十五項。,鋼筋混凝土造,113年11月26日,五層,,持分移轉
RPSOMLKKKHKGFBK18DA,,53.14,集合住宅,鋼筋混凝土造,113年11月26日,五層,四層 陽台,全筆移轉
RPUOMLKKKHKGFBK38DA,,53.22,集合住宅,鋼筋混凝土造,113年11月26日,五層,四層 陽台,全筆移轉
RPSOMLKKKHKGFBK18DA,,29.52,本共有部分之項目有安全梯、梯廳、管道、電信室、電錶室、無障礙廁所、資源回收室、信箱室、外廊、樓梯間、水錶室、電梯機房、水箱、機械室及停車空間（室內２３輛）等十五項。,鋼筋混凝土造,113年11月26日,五層,,持分移轉
RPUOMLKKKHKGFBK38DA,,29.73,本共有部分之項目有安全梯、梯廳、管道、電信室、電錶室、無障礙廁所、資源回收室、信箱室、外廊、樓梯間、水錶室、電梯機房、水箱、機械室及停車空間（室內２３輛）等十五項。,鋼筋混凝土造,113年11月26日,五層,,持分移轉
RPRPMLPJIIJGFFK78DA,,57.04,集合住宅,鋼筋混凝土造,113年11月20日,十五層,十五層 陽台,全筆移轉
RPRPMLPJIIJGFFK78DA,,43.65,防空避難室兼停車空間、管委會使用空間,鋼筋混凝土造,113年11月20日,十五層,,持分移轉
RPRPMLPJIIJGFFK78DA,,13.40,樓梯間、梯廳,鋼筋混凝土造,113年11月20日,十五層,,持分移轉
RPTOMLKKKHKGFBK28DA,,50.19,集合住宅,鋼筋混凝土造,113年11月26日,五層,四層 陽台,全筆移轉
RPTOMLKKKHKGFBK28DA,,27.96,本共有部分之項目有安全梯、梯廳、管道、電信室、電錶室、無障礙廁所、資源回收室、信箱室、外廊、樓梯間、水錶室、電梯機房、水箱、機械室及停車空間（室內２３輛）等十五項。,鋼筋混凝土造,113年11月26日,五層,,持分移轉
RPXOMLKKKHKGFBK68DA,,70.70,集合住宅,鋼筋混凝土造,113年11月26日,五層,五層 陽台,全筆移轉
RPXOMLKKKHKGFBK68DA,,39.51,本共有部分之項目有安全梯、梯廳、管道、電信室、電錶室、無障礙廁所、資源回收室、信箱室、外廊、樓梯間、水錶室、電梯機房、水箱、機械室及停車空間（室內２３輛）等十五項。,鋼筋混凝土造,113年11月26日,五層,,持分移轉
RPUNMLLLJHKGFBK38DA,,216.93,住宅,鋼筋混凝土造,113年8月21日,四層,一層 二層 三層 四層 陽台,全筆移轉
RPQNMLKKKHKGFBK87DA,,76.98,集合住宅,鋼筋混凝土造,113年11月26日,五層,三層 陽台,全筆移轉
RPQNMLKKKHKGFBK87DA,,42.64,本共有部分之項目有安全梯、梯廳、管道、電信室、電錶室、無障礙廁所、資源回收室、信箱室、外廊、樓梯間、水錶室、電梯機房、水箱、機械室及停車空間（室內２３輛）等十五項。,鋼筋混凝土造,113年11月26日,五層,,持分移轉
RPTWNLPJIIJGFFK17DA,,54.60,集合住宅,鋼筋混凝土造,113年11月20日,十五層,八層 陽台,全筆移轉
RPTWNLPJIIJGFFK17DA,,42.92,防空避難室兼停車空間、管委會使用空間,鋼筋混凝土造,113年11月20日,十五層,,持分移轉
RPTWNLPJIIJGFFK17DA,,12.80,樓梯間、梯廳,鋼筋混凝土造,113年11月20日,十五層,,持分移轉
RPXPNLRJIIJGFFK07DA,,56.82,集合住宅,鋼筋混凝土造,113年11月20日,十五層,三層 陽台,全筆移轉
RPXPNLRJIIJGFFK07DA,,43.65,防空避難室兼停車空間、管委會使用空間,鋼筋混凝土造,113年11月20日,十五層,,持分移轉
RPXPNLRJIIJGFFK07DA,,13.31,樓梯間、梯廳,鋼筋混凝土造,113年11月20日,十五層,,持分移轉
RPQRNLRJIIJGFFK56DA,,79.55,集合住宅,鋼筋混凝土造,113年11月20日,十五層,三層 陽台,全筆移轉
RPQRNLRJIIJGFFK56DA,,49.74,防空避難室兼停車空間、管委會使用空間,鋼筋混凝土造,113年11月20日,十五層,,持分移轉
RPQRNLRJIIJGFFK56DA,,18.64,樓梯間、梯廳,鋼筋混凝土造,113年11月20日,十五層,,持分移轉
RPTONLRJIIJGFFK56DA,,89.37,集合住宅,鋼筋混凝土造,113年11月20日,十五層,四層 陽台,全筆移轉
RPTONLRJIIJGFFK56DA,,52.18,防空避難室兼停車空間、管委會使用空間,鋼筋混凝土造,113年11月20日,十五層,,持分移轉
RPTONLRJIIJGFFK56DA,,20.96,樓梯間、梯廳,鋼筋混凝土造,113年11月20日,十五層,,持分移轉
RPPNMLLMKIJGFFK48DA,,56.82,集合住宅,鋼筋混凝土造,113年11月20日,十五層,十一層 陽台,全筆移轉
RPPNMLLMKIJGFFK48DA,,43.65,防空避難室兼停車空間、管委會使用空間,鋼筋混凝土造,113年11月20日,十五層,,持分移轉
RPPNMLLMKIJGFFK48DA,,13.31,樓梯間、梯廳,鋼筋混凝土造,113年11月20日,十五層,,持分移轉
RPSOMLLLJHKGFBK28DA,,211.99,住宅,鋼筋混凝土造,113年8月21日,四層,一層 二層 三層 四層 陽台,全筆移轉
RPOTMLOJIIJGFFK78DA,,74.03,集合住宅,鋼筋混凝土造,113年11月20日,十五層,四層 陽台,全筆移轉
RPOTMLOJIIJGFFK78DA,,48.04,防空避難室兼停車空間、管委會使用空間,鋼筋混凝土造,113年11月20日,十五層,,持分移轉
RPOTMLOJIIJGFFK78DA,,17.35,樓梯間、梯廳,鋼筋混凝土造,113年11月20日,十五層,,持分移轉
RPPOMLPKJHKGFBK28DA,,91.66,住宅,鋼筋混凝土造,113年11月14日,五層,三層 陽台,全筆移轉
RPPOMLPKJHKGFBK28DA,,17.59,本共有部分之項目有無障礙電梯、門廊、樓梯間、騎樓等４項。,鋼筋混凝土造,113年11月14日,五層,,持分移轉
RPQOMLPKJHKGFBK38DA,,91.22,住宅,鋼筋混凝土造,113年11月14日,五層,五層 陽台,全筆移轉
RPQOMLPKJHKGFBK38DA,,17.71,本共有部分之項目有無障礙電梯、門廊、樓梯間、騎樓等４項。,鋼筋混凝土造,113年11月14日,五層,,持分移轉
RPXNNLPJIIJGFFK66DA,,71.64,集合住宅,鋼筋混凝土造,113年11月20日,十五層,五層 陽台,全筆移轉
RPXNNLPJIIJGFFK66DA,,47.55,防空避難室兼停車空間、管委會使用空間,鋼筋混凝土造,113年11月20日,十五層,,持分移轉
RPXNNLPJIIJGFFK66DA,,16.75,樓梯間、梯廳,鋼筋混凝土造,113年11月20日,十五層,,持分移轉
RPXOMLPJIIJGFFK66DA,,57.04,集合住宅,鋼筋混凝土造,113年11月20日,十五層,十一層 陽台,全筆移轉
RPXOMLPJIIJGFFK66DA,,43.65,防空避難室兼停車空間、管委會使用空間,鋼筋混凝土造,113年11月20日,十五層,,持分移轉
RPXOMLPJIIJGFFK66DA,,13.40,樓梯間、梯廳,鋼筋混凝土造,113年11月20日,十五層,,持分移轉
RPSVMLOJIIJGFFK76DA,,54.60,集合住宅,鋼筋混凝土造,113年11月20日,十五層,十層 陽台,全筆移轉
RPSVMLOJIIJGFFK76DA,,42.92,防空避難室兼停車空間、管委會使用空間,鋼筋混凝土造,113年11月20日,十五層,,持分移轉
RPSVMLOJIIJGFFK76DA,,12.80,樓梯間、梯廳,鋼筋混凝土造,113年11月20日,十五層,,持分移轉
RPPVMLPJIIJGFFK56DA,,71.64,集合住宅,鋼筋混凝土造,113年11月20日,十五層,六層 陽台,全筆移轉
RPPVMLPJIIJGFFK56DA,,47.55,防空避難室兼停車空間、管委會使用空間,鋼筋混凝土造,113年11月20日,十五層,,持分移轉
RPPVMLPJIIJGFFK56DA,,16.75,樓梯間、梯廳,鋼筋混凝土造,113年11月20日,十五層,,持分移轉
RPQOMLPJIIJGFFK58DA,,57.04,集合住宅,鋼筋混凝土造,113年11月20日,十五層,四層 陽台,全筆移轉
RPQOMLPJIIJGFFK58DA,,43.65,防空避難室兼停車空間、管委會使用空間,鋼筋混凝土造,113年11月20日,十五層,,持分移轉
RPQOMLPJIIJGFFK58DA,,13.40,樓梯間、梯廳,鋼筋混凝土造,113年11月20日,十五層,,持分移轉
RPVVMLRJIIJGFFK37DA,,72.43,集合住宅,鋼筋混凝土造,113年11月20日,十五層,五層 陽台,全筆移轉
RPVVMLRJIIJGFFK37DA,,47.79,防空避難室兼停車空間、管委會使用空間,鋼筋混凝土造,113年11月20日,十五層,,持分移轉
RPVVMLRJIIJGFFK37DA,,17.00,樓梯間、梯廳,鋼筋混凝土造,113年11月20日,十五層,,持分移轉
RPUUMLOJIIJGFFK86DA,,54.60,集合住宅,鋼筋混凝土造,113年11月20日,十五層,二層 陽台,全筆移轉
RPUUMLOJIIJGFFK86DA,,42.92,防空避難室兼停車空間、管委會使用空間,鋼筋混凝土造,113年11月20日,十五層,,持分移轉
RPUUMLOJIIJGFFK86DA,,12.80,樓梯間、梯廳,鋼筋混凝土造,113年11月20日,十五層,,持分移轉
RPTVMLOJIIJGFFK86DA,,54.60,集合住宅,鋼筋混凝土造,113年11月20日,十五層,十一層 陽台,全筆移轉
RPTVMLOJIIJGFFK86DA,,41.70,防空避難室兼停車空間、管委會使用空間,鋼筋混凝土造,113年11月20日,十五層,,持分移轉
RPTVMLOJIIJGFFK86DA,,12.80,樓梯間、梯廳,鋼筋混凝土造,113年11月20日,十五層,,持分移轉
RPWTMLOJIIJGFFK96DA,,74.03,集合住宅,鋼筋混凝土造,113年11月20日,十五層,十二層 陽台,全筆移轉
RPWTMLOJIIJGFFK96DA,,48.04,防空避難室兼停車空間、管委會使用空間,鋼筋混凝土造,113年11月20日,十五層,,持分移轉
RPWTMLOJIIJGFFK96DA,,17.35,樓梯間、梯廳,鋼筋混凝土造,113年11月20日,十五層,,持分移轉
RPURNLPJIIJGFFK76DA,,71.65,集合住宅,鋼筋混凝土造,113年11月20日,十五層,三層 陽台,全筆移轉
RPURNLPJIIJGFFK76DA,,47.55,防空避難室兼停車空間、管委會使用空間,鋼筋混凝土造,113年11月20日,十五層,,持分移轉
RPURNLPJIIJGFFK76DA,,16.75,樓梯間、梯廳,鋼筋混凝土造,113年11月20日,十五層,,持分移轉
RPRQMLOJIIJGFFK78DA,,56.82,集合住宅,鋼筋混凝土造,113年11月20日,十五層,五層 陽台,全筆移轉
RPRQMLOJIIJGFFK78DA,,43.65,防空避難室兼停車空間、管委會使用空間,鋼筋混凝土造,113年11月20日,十五層,,持分移轉
RPRQMLOJIIJGFFK78DA,,13.31,樓梯間、梯廳,鋼筋混凝土造,113年11月20日,十五層,,持分移轉
RPSTNLPJIIJGFFK76DA,,57.01,集合住宅,鋼筋混凝土造,113年11月20日,十五層,六層 陽台,全筆移轉
RPSTNLPJIIJGFFK76DA,,43.65,防空避難室兼停車空間、管委會使用空間,鋼筋混凝土造,113年11月20日,十五層,,持分移轉
RPSTNLPJIIJGFFK76DA,,13.40,樓梯間、梯廳,鋼筋混凝土造,113年11月20日,十五層,,持分移轉
RPSVNLPJIIJGFFK96DA,,71.64,集合住宅,鋼筋混凝土造,113年11月20日,十五層,十一層 陽台,全筆移轉
RPSVNLPJIIJGFFK96DA,,47.55,防空避難室兼停車空間、管委會使用空間,鋼筋混凝土造,113年11月20日,十五層,,持分移轉
RPSVNLPJIIJGFFK96DA,,16.75,樓梯間、梯廳,鋼筋混凝土造,113年11月20日,十五層,,持分移轉
RPSWMLRJIIJGFFK17DA,,72.43,集合住宅,鋼筋混凝土造,113年11月20日,十五層,十二層 陽台,全筆移轉
RPSWMLRJIIJGFFK17DA,,49.01,防空避難室兼停車空間、管委會使用空間,鋼筋混凝土造,113年11月20日,十五層,,持分移轉
RPSWMLRJIIJGFFK17DA,,17.00,樓梯間、梯廳,鋼筋混凝土造,113年11月20日,十五層,,持分移轉
RPUNMLSJIIJGFFK56DA,,74.03,集合住宅,鋼筋混凝土造,113年11月20日,十五層,十一層 陽台,全筆移轉
RPUNMLSJIIJGFFK56DA,,48.04,防空避難室兼停車空間、管委會使用空間,鋼筋混凝土造,113年11月20日,十五層,,持分移轉
RPUNMLSJIIJGFFK56DA,,17.35,樓梯間、梯廳,鋼筋混凝土造,113年11月20日,十五層,,持分移轉
RPWWNLPJIIJGFFK47DA,,54.60,集合住宅,鋼筋混凝土造,113年11月20日,十五層,十層 陽台,全筆移轉
RPWWNLPJIIJGFFK47DA,,42.92,防空避難室兼停車空間、管委會使用空間,鋼筋混凝土造,113年11月20日,十五層,,持分移轉
RPWWNLPJIIJGFFK47DA,,12.80,樓梯間、梯廳,鋼筋混凝土造,113年11月20日,十五層,,持分移轉
RPOUNLPJIIJGFFK09DA,,57.01,集合住宅,鋼筋混凝土造,113年11月20日,十五層,十一層 陽台,全筆移轉
RPOUNLPJIIJGFFK09DA,,43.65,防空避難室兼停車空間、管委會使用空間,鋼筋混凝土造,113年11月20日,十五層,,持分移轉
RPOUNLPJIIJGFFK09DA,,13.40,樓梯間、梯廳,鋼筋混凝土造,113年11月20日,十五層,,持分移轉
RPVNMLOJIIJGFFK88DA,,83.75,集合住宅,鋼筋混凝土造,113年11月20日,十五層,七層 陽台,全筆移轉
RPVNMLOJIIJGFFK88DA,,79.01,防空避難室兼停車空間、管委會使用空間,鋼筋混凝土造,113年11月20日,十五層,,持分移轉
RPVNMLOJIIJGFFK88DA,,19.58,樓梯間、梯廳,鋼筋混凝土造,113年11月20日,十五層,,持分移轉
RPVPMLOJIIJGFFK09DA,,89.37,集合住宅,鋼筋混凝土造,113年11月20日,十五層,十三層 陽台,全筆移轉
RPVPMLOJIIJGFFK09DA,,52.18,防空避難室兼停車空間、管委會使用空間,鋼筋混凝土造,113年11月20日,十五層,,持分移轉
RPVPMLOJIIJGFFK09DA,,20.96,樓梯間、梯廳,鋼筋混凝土造,113年11月20日,十五層,,持分移轉
RPSSNLPJIIJGFFK66DA,,71.65,集合住宅,鋼筋混凝土造,113年11月20日,十五層,十一層 陽台,全筆移轉
RPSSNLPJIIJGFFK66DA,,47.55,防空避難室兼停車空間、管委會使用空間,鋼筋混凝土造,113年11月20日,十五層,,持分移轉
RPSSNLPJIIJGFFK66DA,,16.75,樓梯間、梯廳,鋼筋混凝土造,113年11月20日,十五層,,持分移轉
RPTNMLSKIIJGFFK56DA,,71.65,集合住宅,鋼筋混凝土造,113年11月20日,十五層,十五層 陽台,全筆移轉
RPTNMLSKIIJGFFK56DA,,47.55,防空避難室兼停車空間、管委會使用空間,鋼筋混凝土造,113年11月20日,十五層,,持分移轉
RPTNMLSKIIJGFFK56DA,,16.75,樓梯間、梯廳,鋼筋混凝土造,113年11月20日,十五層,,持分移轉
RPVNMLSJIIJGFFK66DA,,74.03,集合住宅,鋼筋混凝土造,113年11月20日,十五層,十二層 陽台,全筆移轉
RPVNMLSJIIJGFFK66DA,,48.04,防空避難室兼停車空間、管委會使用空間,鋼筋混凝土造,113年11月20日,十五層,,持分移轉
RPVNMLSJIIJGFFK66DA,,17.35,樓梯間、梯廳,鋼筋混凝土造,113年11月20日,十五層,,持分移轉
