﻿編號,土地位置,土地移轉面積平方公尺,使用分區或編定,權利人持分分母,權利人持分分子,移轉情形,地號
The serial number, land position,land shifting area square meter,the use zoning or compiles and checks,,,,land parcel
RPPOMLOKKHKGFBK28DA,聯合段,.97,,100000,173,持分移轉,00750000
RPPOMLOKKHKGFBK28DA,聯合段,1.93,,100000,173,持分移轉,00760000
RPPOMLOKKHKGFBK28DA,聯合段,1.06,,100000,173,持分移轉,00770000
RPPNMLKLKHKGFFK28DA,正興段,114.34,都市：其他:農業區,1,1,全筆移轉,18960000
RPPNMLTJKHKGFDK78DA,灣瓦段,824.13,非都市：特定農業區 ; 非都市編定：農牧用地,1,1,全筆移轉,10310000
RPPNMLLLKHKGFDK18DA,新生段,95.69,都市：其他:住宅區,1,1,全筆移轉,02050000
RPQNMLLKKHKGFAK87DA,梅園段,9900.00,非都市：山坡地保育區 ; 非都市編定：林業用地,1,1,全筆移轉,01850000
RPPNMLTKKHKGFDK98EA,光華段,233.96,都市：其他:商業區,1,1,全筆移轉,00400000
RPRNMLKLKHKGFCK18DA,通西段,16.74,都市：其他:住宅區,10000,130,持分移轉,12120000
RPPNMLRKKHKGFFK88DA,湳湖段,27.30,都市：其他:商業區,10000,93,持分移轉,12310000
RPPNMLOLKHKGFAK18DA,梅園段,1232.00,非都市：山坡地保育區 ; 非都市編定：農牧用地,1,1,全筆移轉,03550000
RPVNMLOKKHKGFFK56DA,中興段,120.88,都市：其他:住宅區,1,1,全筆移轉,00050000
RPPNMLNKKHKGFFK48DA,信義段,.67,都市：其他:道路用地,1,1,全筆移轉,09030001
RPPNMLNKKHKGFFK48DA,信義段,10.01,都市：其他:住宅區,1,1,全筆移轉,09040000
RPPNMLNKKHKGFFK48DA,信義段,.01,都市：其他:道路用地,1,1,全筆移轉,09310008
RPXNMLOKKHKGFBK98DA,新福麗段,84.82,非都市：山坡地保育區 ; 非都市編定：丙種建築用地,1,1,全筆移轉,11090000
RPUNMLPKKHKGFBK78DA,尖山段,65.00,非都市：山坡地保育區 ; 非都市編定：丙種建築用地,1,1,全筆移轉,04540010
RPPNMLLLKHKGFAK97EA,梅園段,8496.00,非都市：山坡地保育區 ; 非都市編定：林業用地,1,1,全筆移轉,01140000
RPPNMLLLKHKGFAK97EA,梅園段,2770.00,非都市：山坡地保育區 ; 非都市編定：林業用地,1,1,全筆移轉,01140001
RPQNMLKLKHKGFCK08DA,火炎山段,1608.13,非都市：特定農業區 ; 非都市編定：農牧用地,1,1,全筆移轉,06940000
RPQNMLOJKHKGFFK58DA,蟠桃段忠孝小段,3.09,都市：其他:住宅區,10000,232,持分移轉,02650000
RPQNMLOJKHKGFFK58DA,蟠桃段忠孝小段,5.64,都市：其他:住宅區,10000,232,持分移轉,02650001
RPRNMLNKKHKGFDK48DA,龍南段,43.50,都市：其他:住宅區,4,2,持分移轉,04070000
SPRNMLNKKHKGFDK58DA,龍南段,51.00,都市：其他:住宅區,4,2,持分移轉,04080000
RPQNMLRJKHKGFBK48DA,芒埔段,2.54,非都市：鄉村區 ; 非都市編定：乙種建築用地,600,6,持分移轉,06700007
RPQNMLPJKHKGFAK18DA,卓蘭段,3105.00,非都市：山坡地保育區 ; 非都市編定：農牧用地,1,1,全筆移轉,37740000
RPQNMLPJKHKGFAK18DA,卓蘭段,1218.00,非都市：山坡地保育區 ; 非都市編定：農牧用地,1,1,全筆移轉,37740001
RPQNMLTKKHKGFBK78DA,大倫段,77.53,非都市：特定農業區 ; 非都市編定：甲種建築用地,1,1,全筆移轉,02410041
RPQNMLTKKHKGFDK98DA,大桃坪段,92.00,非都市：山坡地保育區 ; 非都市編定：農牧用地,1,1,全筆移轉,05110000
RPQNMLTKKHKGFDK98DA,大桃坪段,466.00,非都市：山坡地保育區 ; 非都市編定：農牧用地,1,1,全筆移轉,09230000
RPQNMLTKKHKGFDK98DA,大桃坪段,39.00,非都市：山坡地保育區 ; 非都市編定：農牧用地,1,1,全筆移轉,09240000
RPUNMLRKKHKGFDK56DA,外埔段,1240.00,非都市：特定農業區 ; 非都市編定：農牧用地,1,1,全筆移轉,21360000
RPUNMLRKKHKGFDK56DA,外埔段,814.00,非都市：特定農業區 ; 非都市編定：農牧用地,1,1,全筆移轉,21370000
RPPNMLTKKHKGFBK68DA,枋寮坑段,6333.00,非都市：山坡地保育區 ; 非都市編定：林業用地,1,1,全筆移轉,03470048
RPPNMLTKKHKGFBK68DA,枋寮坑段,3847.00,非都市：山坡地保育區 ; 非都市編定：林業用地,1,1,全筆移轉,03470057
RPPNMLMLJHKGFCK08DA,苑南段,24.98,都市：其他:住宅區,1,1,全筆移轉,06320002
RPRNMLMLJHKGFBK18DA,文昌段,3.93,都市：其他:住宅區,160,31,持分移轉,03900000
RPRNMLMLJHKGFBK18DA,文昌段,.62,都市：其他:住宅區,4,1,持分移轉,03910000
RPRNMLMLJHKGFBK18DA,文昌段,57.32,都市：其他:商業區,4,1,持分移轉,04250000
RPRNMLMLJHKGFBK18DA,文昌段,5.52,都市：其他:商業區,160,31,持分移轉,04260000
RPTNMLQJKHKGFBK68DA,大坑段,8619.00,非都市：山坡地保育區 ; 非都市編定：農牧用地,1,1,全筆移轉,04340021
RPTNMLQJKHKGFBK68DA,大坑段,82.00,非都市：山坡地保育區 ; 非都市編定：丙種建築用地,1,1,全筆移轉,04390000
RPRNMLTKKHKGFBK88DA,聯合段,1.17,,100000,208,持分移轉,00750000
RPRNMLTKKHKGFBK88DA,聯合段,2.32,,100000,208,持分移轉,00760000
RPRNMLTKKHKGFBK88DA,聯合段,1.27,,100000,208,持分移轉,00770000
RPSNMLTKKHKGFBK98DA,聯合段,1.17,,100000,208,持分移轉,00750000
RPSNMLTKKHKGFBK98DA,聯合段,2.32,,100000,208,持分移轉,00760000
RPSNMLTKKHKGFBK98DA,聯合段,1.27,,100000,208,持分移轉,00770000
RPQNMLRKKHKGFCK68DA,內湖西段,38.03,非都市：一般農業區 ; 非都市編定：農牧用地,1920,70,持分移轉,07310000
SPQNMLRKKHKGFCK78DA,內湖西段,38.03,非都市：一般農業區 ; 非都市編定：農牧用地,1920,70,持分移轉,07310000
RPRNMLQLKHKGFAK58DA,新厝段,992.00,都市：其他:農業區,1,1,全筆移轉,01710000
RPRNMLQLKHKGFAK58DA,新厝段,66.00,都市：其他:機關用地,1,1,全筆移轉,01710016
RPPNMLOJKHKGFDK28DA,延平段,47.83,都市：其他:住宅區,12,1,持分移轉,11780000
RPPNMLPKKHKGFDK48DA,公園段,44.10,都市：其他:商業區,25000000,360000,持分移轉,01980000
RPRNMLLKKHKGFEK38DA,褔興段,.80,都市：其他:道路用地,6,1,持分移轉,03460000
RPRNMLLKKHKGFEK38DA,褔興段,21.76,都市：其他:住宅區,6,1,持分移轉,03520000
RPRNMLPJKHKGFEK68DA,雙湖段,35.27,都市：其他:住宅區,1,1,全筆移轉,02870000
RPRNMLPJKHKGFEK68DA,雙湖段,10.98,都市：其他:住宅區,1,1,全筆移轉,02880000
RPRNMLPJKHKGFEK68DA,雙湖段,52.02,都市：其他:住宅區,1,1,全筆移轉,02890000
RPPNMLSKKHKGFEK88DA,新雞隆段,407.00,非都市：山坡地保育區 ; 非都市編定：農牧用地,1,1,全筆移轉,19150000
RPQNMLKLKHKGFEK28DA,雙峰段,130.21,非都市：山坡地保育區 ; 非都市編定：丙種建築用地,1,1,全筆移轉,02800018
RPPNMLSKKHKGFEK88DA,新雞隆段,970.00,非都市：山坡地保育區 ; 非都市編定：農牧用地,1,1,全筆移轉,19170005
RPPNMLSKKHKGFEK88DA,新雞隆段,92.00,非都市：山坡地保育區 ; 非都市編定：農牧用地,1,1,全筆移轉,19170020
RPQNMLOLJHKGFEK58DA,高埔段,1835.75,非都市：山坡地保育區 ; 非都市編定：農牧用地,4,1,持分移轉,09290001
RPRNMLQJKHKGFBK48DA,館興段,218.52,都市：其他:住宅區,1,1,全筆移轉,03690000
RPTNMLTKKHKGFBK09DA,關爺埔段,70.25,非都市：特定農業區 ; 非都市編定：農牧用地,1,1,全筆移轉,13580001
RPQNMLRKKHKGFBK58DA,文峰段,6.66,都市：其他:商業區,9,2,持分移轉,00780000
RPUNMLRKKHKGFFK76DA,親民段,41.90,非都市：山坡地保育區 ; 非都市編定：丙種建築用地,10,1,持分移轉,02380000
RPPNMLKLKHKGFBK87DA,新福麗段,69.54,非都市：鄉村區 ; 非都市編定：乙種建築用地,1,1,全筆移轉,02130000
RPPNMLKLKHKGFAK77DA,神明段,4784.08,非都市：山坡地保育區 ; 非都市編定：農牧用地,1,1,全筆移轉,03940000
RPTNMLPKKHKGFBK68DA,頭屋段二小段,118.00,都市：其他:住宅區,1,1,全筆移轉,09680000
RPPNMLOLKHKGFEK68EA,魚藤坪段,617.00,非都市：森林區 ; 非都市編定：農牧用地,2,1,持分移轉,00590004
RPPNMLOLKHKGFEK68EA,魚藤坪段,991.50,非都市：森林區 ; 非都市編定：農牧用地,2,1,持分移轉,00590005
RPXNMLRJJHKGFDK66DA,東興段,115.78,非都市：鄉村區 ; 非都市編定：乙種建築用地,1,1,全筆移轉,04480000
RPPNMLSKKHKGFEK98EA,老雞隆段,58.50,非都市：山坡地保育區 ; 非都市編定：林業用地,2,1,持分移轉,10480002
RPRNMLNJKHKGFBK18DA,尖山段,2840.00,非都市：特定農業區 ; 非都市編定：農牧用地,1,1,全筆移轉,14590000
RPQNMLLKJHKGFDK08DA,大西段,12.12,非都市：山坡地保育區 ; 非都市編定：丙種建築用地,1,1,全筆移轉,06450000
RPQNMLLKJHKGFDK08DA,大西段,26.28,非都市：山坡地保育區 ; 非都市編定：丙種建築用地,1,1,全筆移轉,06460000
RPQNMLLKJHKGFDK08DA,大西段,22.17,非都市：山坡地保育區 ; 非都市編定：丙種建築用地,1,1,全筆移轉,06470000
RPQNMLTLKIJGFDK09DA,中興段博愛小段,407.00,都市：其他:住宅區,1,1,全筆移轉,00350000
RPTNMLNLJHKGFDK68DA,龍山段,73.62,都市：其他:住宅區,1,1,全筆移轉,00660038
RPTNMLNLJHKGFDK68DA,龍山段,24.85,都市：其他:住宅區,47,1,持分移轉,00660045
RPOQMLMKKHKGFDK38DA,西赤崎段,2931.81,非都市：山坡地保育區 ; 非都市編定：農牧用地,1,1,全筆移轉,01170000
RPPNMLLLJHKGFFK28DA,湳湖段,67.45,非都市：山坡地保育區 ; 非都市編定：丙種建築用地,10000,36,持分移轉,00150001
RPPNMLNKKHKGFDK28DA,頂埔段,977.95,都市：其他:農業區,1,1,全筆移轉,10370000
RPPNMLSKKHKGFDK78DA,天聲段,236.87,都市：其他:住宅區,1,1,全筆移轉,08860003
RPPNMLSJKHKGFFK88DA,蟠桃段忠孝小段,7.68,都市：其他:商業區,10000,71,持分移轉,05910000
RPPNMLSJKHKGFFK88DA,蟠桃段忠孝小段,.62,都市：其他:商業區,10000,71,持分移轉,05920001
RPROMLNLJHKGFBK38DA,文新段,58.00,非都市：特定農業區 ; 非都市編定：甲種建築用地,1,1,全筆移轉,03190009
RPROMLNLJHKGFBK38DA,文新段,21.45,非都市：特定農業區 ; 非都市編定：甲種建築用地,11,1,持分移轉,03190013
RPSNMLRKKHKGFBK78DA,高苗段,58.29,非都市：山坡地保育區 ; 非都市編定：丙種建築用地,1,1,全筆移轉,15400000
RPVNMLSJKHKGFDK66DA,龍坑段,224.11,非都市：山坡地保育區 ; 非都市編定：農牧用地,320,3,持分移轉,09680000
RPVNMLSJKHKGFDK66DA,龍坑段,3006.33,非都市：山坡地保育區 ; 非都市編定：農牧用地,1,1,全筆移轉,10760164
RPVNMLSJKHKGFDK66DA,龍坑段,307.19,非都市：山坡地保育區 ; 非都市編定：丙種建築用地,1,1,全筆移轉,10790000
RPVNMLSJKHKGFDK66DA,龍坑段,472.00,非都市：山坡地保育區 ; 非都市編定：丙種建築用地,1,1,全筆移轉,10800000
RPQNMLOKKHKGFFK68DA,湳湖段,371.60,都市：其他:農業區,1,1,全筆移轉,03830005
RPQNMLOKKHKGFFK68DA,湳湖段,470.31,都市：其他:農業區,1,1,全筆移轉,04410000
RPSNMLQJKIJGFDK78DA,新博愛段,10.72,都市：其他:住宅區,10000,68,持分移轉,10000000
RPPNMLMKKHKGFBK97DA,石墻段,331.48,非都市：特定農業區 ; 非都市編定：農牧用地,1,1,全筆移轉,03030001
RPQOMLLKKHKGFBK08DA,嘉福段,22.11,都市：其他:住宅區,10000,860,持分移轉,01270000
RPPOMLQJKHKGFDK58DA,大埔段中大埔小段,333.33,非都市：特定農業區 ; 非都市編定：農牧用地,6,1,持分移轉,11300000
RPPOMLQJKHKGFDK58DA,大埔段中大埔小段,333.33,非都市：特定農業區 ; 非都市編定：農牧用地,6,1,持分移轉,11300000
RPQNMLSKKHKGFDK88DA,苦苓腳段,868.00,非都市：特定農業區 ; 非都市編定：農牧用地,5,2,持分移轉,45710000
RPQNMLSKKHKGFDK88DA,苦苓腳段,868.00,非都市：特定農業區 ; 非都市編定：農牧用地,5,2,持分移轉,45710000
RPQNMLSKKHKGFDK88DA,苦苓腳段,434.00,非都市：特定農業區 ; 非都市編定：農牧用地,5,1,持分移轉,45710000
RPUNMLTKKHKGFFK96DA,觀音段,267.66,非都市：一般農業區 ; 非都市編定：丁種建築用地,1000000,480200,持分移轉,02310000
RPUNMLTKKHKGFFK96DA,觀音段,199.60,非都市：一般農業區 ; 非都市編定：丁種建築用地,1000000,743250,持分移轉,02310006
RPUNMLTKKHKGFFK96DA,觀音段,280.21,非都市：一般農業區 ; 非都市編定：丁種建築用地,1,1,全筆移轉,02310007
RPUNMLTKKHKGFFK96DA,觀音段,1005.48,非都市：一般農業區 ; 非都市編定：丁種建築用地,1,1,全筆移轉,02310008
RPUNMLTKKHKGFFK96DA,觀音段,1345.97,非都市：一般農業區 ; 非都市編定：丁種建築用地,1,1,全筆移轉,02310009
RPUNMLTKKHKGFFK96DA,觀音段,1357.38,非都市：一般農業區 ; 非都市編定：丁種建築用地,1,1,全筆移轉,02310011
RPQNMLQLKHKGFAK48DA,新厝段,14.50,,2,1,持分移轉,01710017
RPQNMLKMJIJGFFK38DA,湳湖段,1033.04,都市：其他:農業區,246960,26526,持分移轉,03260000
RPVNMLNLJHKGFBK68DA,文新段,60.00,非都市：特定農業區 ; 非都市編定：甲種建築用地,1,1,全筆移轉,03190005
RPVNMLNLJHKGFBK68DA,文新段,21.45,非都市：特定農業區 ; 非都市編定：甲種建築用地,11,1,持分移轉,03190013
RPRNMLOKKHKGFFK78DA,興隆段上埔小段,3306.00,都市：其他:農業區,1,1,全筆移轉,02920000
RPQNMLOLJHKGFBK28DA,福全段,20.56,都市：其他:工業區,1,1,全筆移轉,09760000
RPQNMLOLJHKGFBK28DA,福全段,143.01,都市：其他:工業區,1,1,全筆移轉,09770000
RPQNMLOLJHKGFBK28DA,福全段,3.53,都市：其他:工業區,1,1,全筆移轉,09780000
RPQNMLOLJHKGFBK28DA,福全段,7.90,都市：其他:工業區,1,1,全筆移轉,09790000
RPVOMLRLKIJGFDK86DA,立達段,46.86,都市：其他:住宅區,100000,1727,持分移轉,00100025
RPQNMLQKJHKGFCK48DA,福田段,142.32,都市：其他:住宅區,1,1,全筆移轉,11490002
RPQNMLQJKHKGFFK78DA,湳湖段,397.92,都市：其他:農業區,204,48,持分移轉,03300000
RPQNMLQJKHKGFFK78DA,湳湖段,143.34,都市：其他:農業區,204,48,持分移轉,03310000
RPQNMLQJKHKGFFK78DA,湳湖段,1401.75,都市：其他:農業區,300,156,持分移轉,03320000
RPRNMLOLKHKGFBK48DA,新岡段,1108.54,都市：其他:農業區,1,1,全筆移轉,03800012
RPRNMLOLKHKGFBK48DA,新岡段,50.55,都市：其他:農業區,3,1,持分移轉,03800013
RPRNMLOLKHKGFBK48DA,新岡段,1000.43,都市：其他:農業區,1,1,全筆移轉,03800021
RPRNMLOLKHKGFBK48DA,新岡段,401.85,都市：其他:農業區,1,1,全筆移轉,03800022
RPQNMLKLKHKGFBK97DA,豐年段,7.92,都市：其他:住宅區,100000,463,持分移轉,15060000
RPQNMLKLKHKGFBK97DA,豐年段,.62,都市：其他:農業區,100000,463,持分移轉,15070000
RPQNMLQJJHKGFBK28DA,尖山段,277.00,非都市：特定農業區 ; 非都市編定：甲種建築用地,1,1,全筆移轉,07730016
RPUNMLNKKIJGFFK98DA,山下段,77.05,都市：其他:農業區,1,1,全筆移轉,03350000
RPUNMLNKKIJGFFK98DA,山下段,981.76,都市：其他:農業區,1,1,全筆移轉,03490000
SPSNMLLKKIJGFFK68DA,八德段,39.67,都市：其他:人行步道用地,3,1,持分移轉,11190000
RPSNMLLKKIJGFFK58DA,八德段,143.04,都市：其他:住宅區,1,1,全筆移轉,11350000
RPSNMLLKKIJGFFK58DA,八德段,143.89,都市：其他:住宅區,1,1,全筆移轉,11360000
RPSNMLLKKIJGFFK58DA,八德段,44.80,都市：其他:住宅區,1,1,全筆移轉,11370000
RPSNMLLKKIJGFFK58DA,八德段,100.78,都市：其他:住宅區,1,1,全筆移轉,11380000
RPSNMLLKKIJGFFK58DA,八德段,147.32,都市：其他:住宅區,1,1,全筆移轉,11390000
RPUNMLTJKIJGFFK86DA,上興段,20.08,非都市：山坡地保育區 ; 非都市編定：丙種建築用地,100000,264,持分移轉,10800000
RPSNMLNLJHKGFBK38DA,芒埔段,16.46,非都市：特定農業區 ; 非都市編定：甲種建築用地,286,11,持分移轉,07650000
RPSNMLNLJHKGFBK38DA,芒埔段,134.00,非都市：特定農業區 ; 非都市編定：甲種建築用地,1,1,全筆移轉,07650004
RPSNMLNLJHKGFBK38DA,芒埔段,17.33,非都市：特定農業區 ; 非都市編定：甲種建築用地,3,2,持分移轉,07650021
RPSNMLNLJHKGFBK38DA,芒埔段,9.08,非都市：特定農業區 ; 非都市編定：甲種建築用地,26,1,持分移轉,07660017
RPTNMLLKKIJGFFK68DA,山下段,3517.20,都市：其他:農業區,1,1,全筆移轉,07240000
RPSNMLKLKHKGFDK38DA,龍椅段,16.70,都市：其他:第一種住宅區,38,1,持分移轉,02600000
RPSNMLKLKHKGFDK38DA,龍椅段,59.50,都市：其他:第一種住宅區,1,1,全筆移轉,02600028
RPSNMLKLKHKGFDK38DA,龍椅段,.22,都市：其他:第一種住宅區,60,1,持分移轉,02600061
RPSNMLKLKHKGFDK38DA,龍椅段,.22,都市：其他:第一種住宅區,60,1,持分移轉,02600062
RPSNMLKLKHKGFDK38DA,龍椅段,1.36,都市：其他:第一種住宅區,60,1,持分移轉,02600063
RPRNMLTKKHKGFDK09DA,苦苓腳段,1912.00,非都市：特定農業區 ; 非都市編定：農牧用地,1,1,全筆移轉,45520000
RPRNMLTKKHKGFDK09DA,苦苓腳段,1912.00,非都市：特定農業區 ; 非都市編定：農牧用地,1,1,全筆移轉,45530000
RPRNMLTKKHKGFDK09DA,苦苓腳段,1678.00,非都市：特定農業區 ; 非都市編定：農牧用地,1,1,全筆移轉,45630002
RPUNMLNLJHKGFBK58DA,文新段,62.00,非都市：特定農業區 ; 非都市編定：甲種建築用地,1,1,全筆移轉,03190006
RPUNMLNLJHKGFBK58DA,文新段,21.45,非都市：特定農業區 ; 非都市編定：甲種建築用地,11,1,持分移轉,03190013
RPTNMLMJJHKGFDK38DA,大同段,33.15,都市：其他:第一種住宅區,100000,1267,持分移轉,11860000
RPQNMLLLKHKGFDK28DA,平安段,20.54,都市：其他:住宅區,1,1,全筆移轉,11120000
RPQNMLLLKHKGFDK28DA,平安段,132.99,都市：其他:住宅區,1,1,全筆移轉,11130000
RPQNMLLLKHKGFDK28DA,平安段,781.92,都市：其他:住宅區,1,1,全筆移轉,11140000
RPQNMLLLKHKGFDK28DA,平安段,38.96,都市：其他:住宅區,1,1,全筆移轉,11150000
RPQNMLLLKHKGFDK28DA,平安段,299.54,都市：其他:住宅區,1,1,全筆移轉,11170000
RPTNMLNLJHKGFBK48DA,文新段,70.00,非都市：特定農業區 ; 非都市編定：甲種建築用地,1,1,全筆移轉,03190007
RPTNMLNLJHKGFBK48DA,文新段,21.45,非都市：特定農業區 ; 非都市編定：甲種建築用地,11,1,持分移轉,03190013
RPRNMLLLKHKGFDK38DA,平安段,20.55,都市：其他:道路用地,1,1,全筆移轉,13280000
RPRNMLLLKHKGFDK38DA,平安段,1.65,都市：其他:道路用地,1,1,全筆移轉,13280001
RPRNMLKLKHKGFDK28DA,龍椅段,16.70,都市：其他:第一種住宅區,38,1,持分移轉,02600000
RPRNMLKLKHKGFDK28DA,龍椅段,59.50,都市：其他:第一種住宅區,1,1,全筆移轉,02600031
RPRNMLKLKHKGFDK28DA,龍椅段,.22,都市：其他:第一種住宅區,60,1,持分移轉,02600061
RPRNMLKLKHKGFDK28DA,龍椅段,.22,都市：其他:第一種住宅區,60,1,持分移轉,02600062
RPRNMLKLKHKGFDK28DA,龍椅段,1.36,都市：其他:第一種住宅區,60,1,持分移轉,02600063
RPTOMLMLIIJGFDK58DA,西崎頂段,37.36,非都市：森林區 ; 非都市編定：丙種建築用地,1,1,全筆移轉,05480000
RPTOMLMLIIJGFDK58DA,西崎頂段,227.79,非都市：森林區 ; 非都市編定：丙種建築用地,1,1,全筆移轉,05490001
RPXNMLNLJHKGFBK88DA,文新段,57.00,非都市：特定農業區 ; 非都市編定：甲種建築用地,1,1,全筆移轉,03190011
RPXNMLNLJHKGFBK88DA,文新段,21.45,非都市：特定農業區 ; 非都市編定：甲種建築用地,11,1,持分移轉,03190013
RPPNMLTKKHKGFFK56EA,觀音段,100.30,非都市：鄉村區 ; 非都市編定：乙種建築用地,1,1,全筆移轉,11050000
RPPNMLTKKHKGFFK56EA,觀音段,99.80,非都市：鄉村區 ; 非都市編定：乙種建築用地,1,1,全筆移轉,11060000
RPSOMLNLJHKGFBK48DA,文新段,60.00,非都市：特定農業區 ; 非都市編定：甲種建築用地,1,1,全筆移轉,03190008
RPSOMLNLJHKGFBK48DA,文新段,21.45,非都市：特定農業區 ; 非都市編定：甲種建築用地,11,1,持分移轉,03190013
RPXNMLMKKHKGFDK98DA,淡文湖段,93.29,非都市：特定農業區 ; 非都市編定：甲種建築用地,100000,2315,持分移轉,02470003
RPXNMLMKKHKGFDK98DA,淡文湖段,40.46,非都市：特定農業區 ; 非都市編定：農牧用地,100000,2988,持分移轉,02490001
RPOOMLMKKHKGFDK18DA,淡文湖段,99.06,非都市：特定農業區 ; 非都市編定：甲種建築用地,100000,2458,持分移轉,02470003
RPOOMLMKKHKGFDK18DA,淡文湖段,40.38,非都市：特定農業區 ; 非都市編定：農牧用地,100000,2982,持分移轉,02490001
RPVNMLKLJHKGFDK58DA,光復段,8.70,都市：其他:商業區,120,2,持分移轉,14460000
RPVNMLKLJHKGFDK58DA,光復段,3.85,都市：其他:商業區,120,2,持分移轉,15150000
RPTPMLMKKHKGFDK78DA,淡文湖段,114.45,非都市：特定農業區 ; 非都市編定：甲種建築用地,100000,2840,持分移轉,02470003
RPTPMLMKKHKGFDK78DA,淡文湖段,62.22,非都市：特定農業區 ; 非都市編定：農牧用地,100000,4595,持分移轉,02490001
RPXOMLMKKHKGFDK09DA,淡文湖段,123.44,非都市：特定農業區 ; 非都市編定：甲種建築用地,100000,3063,持分移轉,02470003
RPXOMLMKKHKGFDK09DA,淡文湖段,9.67,非都市：特定農業區 ; 非都市編定：農牧用地,100000,714,持分移轉,02490001
RPQNMLKLKHKGFDK18DA,龍椅段,16.70,都市：其他:第一種住宅區,38,1,持分移轉,02600000
RPQNMLKLKHKGFDK18DA,龍椅段,59.50,都市：其他:第一種住宅區,1,1,全筆移轉,02600035
RPQNMLKLKHKGFDK18DA,龍椅段,.22,都市：其他:第一種住宅區,60,1,持分移轉,02600061
RPQNMLKLKHKGFDK18DA,龍椅段,.22,都市：其他:第一種住宅區,60,1,持分移轉,02600062
RPQNMLKLKHKGFDK18DA,龍椅段,1.36,都市：其他:第一種住宅區,60,1,持分移轉,02600063
RPRPMLMKKHKGFDK58DA,淡文湖段,113.24,非都市：特定農業區 ; 非都市編定：甲種建築用地,100000,2810,持分移轉,02470003
RPRPMLMKKHKGFDK58DA,淡文湖段,16.25,非都市：特定農業區 ; 非都市編定：農牧用地,100000,1200,持分移轉,02490001
RPUNMLNJKIJGFFK88DA,民族段,35.22,都市：其他:住宅區,10000,206,持分移轉,00510000
RPPPMLMKKHKGFDK38DA,淡文湖段,113.20,非都市：特定農業區 ; 非都市編定：甲種建築用地,100000,2809,持分移轉,02470003
RPPPMLMKKHKGFDK38DA,淡文湖段,13.36,非都市：特定農業區 ; 非都市編定：農牧用地,100000,987,持分移轉,02490001
RPPQMLMKKHKGFDK48DA,淡文湖段,111.07,非都市：特定農業區 ; 非都市編定：甲種建築用地,100000,2756,持分移轉,02470003
RPPQMLMKKHKGFDK48DA,淡文湖段,9.67,非都市：特定農業區 ; 非都市編定：農牧用地,100000,714,持分移轉,02490001
RPPOMLMKKHKGFDK28DA,淡文湖段,102.40,非都市：特定農業區 ; 非都市編定：甲種建築用地,100000,2541,持分移轉,02470003
RPPOMLMKKHKGFDK28DA,淡文湖段,40.35,非都市：特定農業區 ; 非都市編定：農牧用地,100000,2980,持分移轉,02490001
RPROMLMKKHKGFDK48DA,淡文湖段,102.24,非都市：特定農業區 ; 非都市編定：甲種建築用地,100000,2537,持分移轉,02470003
RPROMLMKKHKGFDK48DA,淡文湖段,40.51,非都市：特定農業區 ; 非都市編定：農牧用地,100000,2992,持分移轉,02490001
RPQQMLMKKHKGFDK58DA,淡文湖段,109.58,非都市：特定農業區 ; 非都市編定：甲種建築用地,100000,2719,持分移轉,02470003
RPQQMLMKKHKGFDK58DA,淡文湖段,9.67,非都市：特定農業區 ; 非都市編定：農牧用地,100000,714,持分移轉,02490001
RPSQMLMKKHKGFDK78DA,淡文湖段,146.33,非都市：特定農業區 ; 非都市編定：甲種建築用地,100000,3631,持分移轉,02470003
RPSQMLMKKHKGFDK78DA,淡文湖段,9.67,非都市：特定農業區 ; 非都市編定：農牧用地,100000,714,持分移轉,02490001
RPTOMLKLKHKGFDK58DA,龍椅段,82.50,都市：其他:第一種住宅區,1,1,全筆移轉,02600046
RPTOMLKLKHKGFDK58DA,龍椅段,.22,都市：其他:第一種住宅區,60,1,持分移轉,02600061
RPTOMLKLKHKGFDK58DA,龍椅段,.22,都市：其他:第一種住宅區,60,1,持分移轉,02600062
RPTOMLKLKHKGFDK58DA,龍椅段,1.36,都市：其他:第一種住宅區,60,1,持分移轉,02600063
RPROMLKLKHKGFDK38DA,龍椅段,16.70,都市：其他:第一種住宅區,38,1,持分移轉,02600000
RPROMLKLKHKGFDK38DA,龍椅段,63.51,都市：其他:第一種住宅區,1,1,全筆移轉,02600005
RPROMLKLKHKGFDK38DA,龍椅段,.22,都市：其他:第一種住宅區,60,1,持分移轉,02600061
RPROMLKLKHKGFDK38DA,龍椅段,.22,都市：其他:第一種住宅區,60,1,持分移轉,02600062
RPROMLKLKHKGFDK38DA,龍椅段,1.36,都市：其他:第一種住宅區,60,1,持分移轉,02600063
RPWNMLKLKHKGFDK78DA,龍椅段,16.70,都市：其他:第一種住宅區,38,1,持分移轉,02600000
RPWNMLKLKHKGFDK78DA,龍椅段,59.50,都市：其他:第一種住宅區,1,1,全筆移轉,02600025
RPWNMLKLKHKGFDK78DA,龍椅段,.22,都市：其他:第一種住宅區,60,1,持分移轉,02600061
RPWNMLKLKHKGFDK78DA,龍椅段,.22,都市：其他:第一種住宅區,60,1,持分移轉,02600062
RPWNMLKLKHKGFDK78DA,龍椅段,1.36,都市：其他:第一種住宅區,60,1,持分移轉,02600063
RPSOMLKLKHKGFDK48DA,龍椅段,16.70,都市：其他:第一種住宅區,38,1,持分移轉,02600000
RPSOMLKLKHKGFDK48DA,龍椅段,68.18,都市：其他:第一種住宅區,1,1,全筆移轉,02600007
RPSOMLKLKHKGFDK48DA,龍椅段,.22,都市：其他:第一種住宅區,60,1,持分移轉,02600061
RPSOMLKLKHKGFDK48DA,龍椅段,.22,都市：其他:第一種住宅區,60,1,持分移轉,02600062
RPUNMLKLKHKGFDK58DA,龍椅段,16.70,都市：其他:第一種住宅區,38,1,持分移轉,02600000
RPSOMLKLKHKGFDK48DA,龍椅段,1.36,都市：其他:第一種住宅區,60,1,持分移轉,02600063
RPTNMLKLKHKGFDK48DA,龍椅段,16.70,都市：其他:第一種住宅區,38,1,持分移轉,02600000
RPOOMLKLKHKGFDK08DA,龍椅段,16.70,都市：其他:第一種住宅區,38,1,持分移轉,02600000
RPUNMLKLKHKGFDK58DA,龍椅段,59.50,都市：其他:第一種住宅區,1,1,全筆移轉,02600026
RPTNMLKLKHKGFDK48DA,龍椅段,59.50,都市：其他:第一種住宅區,1,1,全筆移轉,02600027
RPUNMLKLKHKGFDK58DA,龍椅段,.22,都市：其他:第一種住宅區,60,1,持分移轉,02600061
RPTNMLKLKHKGFDK48DA,龍椅段,.22,都市：其他:第一種住宅區,60,1,持分移轉,02600061
RPUNMLKLKHKGFDK58DA,龍椅段,.22,都市：其他:第一種住宅區,60,1,持分移轉,02600062
RPTNMLKLKHKGFDK48DA,龍椅段,.22,都市：其他:第一種住宅區,60,1,持分移轉,02600062
RPOOMLKLKHKGFDK08DA,龍椅段,59.50,都市：其他:第一種住宅區,1,1,全筆移轉,02600024
RPUNMLKLKHKGFDK58DA,龍椅段,1.36,都市：其他:第一種住宅區,60,1,持分移轉,02600063
RPOOMLKLKHKGFDK08DA,龍椅段,.22,都市：其他:第一種住宅區,60,1,持分移轉,02600061
RPOOMLKLKHKGFDK08DA,龍椅段,.22,都市：其他:第一種住宅區,60,1,持分移轉,02600062
RPTNMLKLKHKGFDK48DA,龍椅段,1.36,都市：其他:第一種住宅區,60,1,持分移轉,02600063
RPOOMLKLKHKGFDK08DA,龍椅段,1.36,都市：其他:第一種住宅區,60,1,持分移轉,02600063
RPQOMLKLKHKGFDK28DA,龍椅段,16.70,都市：其他:第一種住宅區,38,1,持分移轉,02600000
RPPOMLKLKHKGFDK18DA,龍椅段,16.70,都市：其他:第一種住宅區,38,1,持分移轉,02600000
RPQOMLKLKHKGFDK28DA,龍椅段,60.42,都市：其他:第一種住宅區,1,1,全筆移轉,02600003
RPPOMLKLKHKGFDK18DA,龍椅段,59.50,都市：其他:第一種住宅區,1,1,全筆移轉,02600023
RPQOMLKLKHKGFDK28DA,龍椅段,.22,都市：其他:第一種住宅區,60,1,持分移轉,02600061
RPPOMLKLKHKGFDK18DA,龍椅段,.22,都市：其他:第一種住宅區,60,1,持分移轉,02600061
RPQOMLKLKHKGFDK28DA,龍椅段,.22,都市：其他:第一種住宅區,60,1,持分移轉,02600062
RPPOMLKLKHKGFDK18DA,龍椅段,.22,都市：其他:第一種住宅區,60,1,持分移轉,02600062
RPQOMLKLKHKGFDK28DA,龍椅段,1.36,都市：其他:第一種住宅區,60,1,持分移轉,02600063
RPPOMLKLKHKGFDK18DA,龍椅段,1.36,都市：其他:第一種住宅區,60,1,持分移轉,02600063
RPWNMLNLJHKGFBK78DA,文新段,69.00,非都市：特定農業區 ; 非都市編定：甲種建築用地,1,1,全筆移轉,03190003
RPWNMLNLJHKGFBK78DA,文新段,21.45,非都市：特定農業區 ; 非都市編定：甲種建築用地,11,1,持分移轉,03190013
RPQNMLKLKHKGFFK38DA,尖山段,42.42,非都市：鄉村區 ; 非都市編定：乙種建築用地,1,1,全筆移轉,02220000
RPUPMLMKKHKGFDK88DA,淡文湖段,119.65,非都市：特定農業區 ; 非都市編定：甲種建築用地,100000,2969,持分移轉,02470003
RPUPMLMKKHKGFDK88DA,淡文湖段,68.50,非都市：特定農業區 ; 非都市編定：農牧用地,100000,5059,持分移轉,02490001
RPVPMLMKKHKGFDK98DA,淡文湖段,122.71,非都市：特定農業區 ; 非都市編定：甲種建築用地,100000,3045,持分移轉,02470003
RPVPMLMKKHKGFDK98DA,淡文湖段,67.85,非都市：特定農業區 ; 非都市編定：農牧用地,100000,5011,持分移轉,02490001
RPOPMLMKKHKGFDK28DA,淡文湖段,116.27,非都市：特定農業區 ; 非都市編定：甲種建築用地,100000,2885,持分移轉,02470003
RPOPMLMKKHKGFDK28DA,淡文湖段,9.67,非都市：特定農業區 ; 非都市編定：農牧用地,100000,714,持分移轉,02490001
RPQOMLMKKHKGFDK38DA,淡文湖段,102.77,非都市：特定農業區 ; 非都市編定：甲種建築用地,100000,2550,持分移轉,02470003
RPVOMLMKKHKGFDK88DA,淡文湖段,103.41,非都市：特定農業區 ; 非都市編定：甲種建築用地,100000,2566,持分移轉,02470003
RPVOMLMKKHKGFDK88DA,淡文湖段,40.34,非都市：特定農業區 ; 非都市編定：農牧用地,100000,2979,持分移轉,02490001
RPPOMLNLJHKGFBK18DA,文新段,57.00,非都市：特定農業區 ; 非都市編定：甲種建築用地,1,1,全筆移轉,03190010
RPQOMLMKKHKGFDK38DA,淡文湖段,40.53,非都市：特定農業區 ; 非都市編定：農牧用地,100000,2993,持分移轉,02490001
RPPOMLNLJHKGFBK18DA,文新段,21.45,非都市：特定農業區 ; 非都市編定：甲種建築用地,11,1,持分移轉,03190013
RPUOMLMKKHKGFDK78DA,淡文湖段,103.41,非都市：特定農業區 ; 非都市編定：甲種建築用地,100000,2566,持分移轉,02470003
RPUOMLMKKHKGFDK78DA,淡文湖段,40.35,非都市：特定農業區 ; 非都市編定：農牧用地,100000,2980,持分移轉,02490001
RPSOMLMKKHKGFDK58DA,淡文湖段,102.89,非都市：特定農業區 ; 非都市編定：甲種建築用地,100000,2553,持分移轉,02470003
RPSOMLMKKHKGFDK58DA,淡文湖段,40.43,非都市：特定農業區 ; 非都市編定：農牧用地,100000,2986,持分移轉,02490001
RPTOMLMKKHKGFDK68DA,淡文湖段,103.17,非都市：特定農業區 ; 非都市編定：甲種建築用地,100000,2560,持分移轉,02470003
RPTOMLMKKHKGFDK68DA,淡文湖段,40.38,非都市：特定農業區 ; 非都市編定：農牧用地,100000,2982,持分移轉,02490001
RPWOMLMKKHKGFDK98DA,淡文湖段,103.49,非都市：特定農業區 ; 非都市編定：甲種建築用地,100000,2568,持分移轉,02470003
RPWOMLMKKHKGFDK98DA,淡文湖段,40.40,非都市：特定農業區 ; 非都市編定：農牧用地,100000,2984,持分移轉,02490001
RPQNMLLKKHKGFDK18DA,頂埔段,72.75,都市：其他:農業區,1,1,全筆移轉,02770000
RPQNMLLKKHKGFDK18DA,頂埔段,3.76,都市：其他:農業區,1,1,全筆移轉,02800000
RPXPMLMKKHKGFDK56DA,淡文湖段,151.53,非都市：特定農業區 ; 非都市編定：甲種建築用地,100000,3760,持分移轉,02470003
RPXPMLMKKHKGFDK56DA,淡文湖段,52.81,非都市：特定農業區 ; 非都市編定：農牧用地,100000,3900,持分移轉,02490001
RPRQMLMKKHKGFDK68DA,淡文湖段,107.88,非都市：特定農業區 ; 非都市編定：甲種建築用地,100000,2677,持分移轉,02470003
RPRQMLMKKHKGFDK68DA,淡文湖段,9.67,非都市：特定農業區 ; 非都市編定：農牧用地,100000,714,持分移轉,02490001
RPWPMLMKKHKGFDK09DA,淡文湖段,132.22,非都市：特定農業區 ; 非都市編定：甲種建築用地,100000,3281,持分移轉,02470003
RPWPMLMKKHKGFDK09DA,淡文湖段,67.16,非都市：特定農業區 ; 非都市編定：農牧用地,100000,4960,持分移轉,02490001
RPSPMLMKKHKGFDK68DA,淡文湖段,152.05,非都市：特定農業區 ; 非都市編定：甲種建築用地,100000,3773,持分移轉,02470003
RPSPMLMKKHKGFDK68DA,淡文湖段,11.21,非都市：特定農業區 ; 非都市編定：農牧用地,100000,828,持分移轉,02490001
RPQNMLLJJHKGFDK97DA,淡文湖段,111.00,非都市：特定農業區 ; 非都市編定：甲種建築用地,1,1,全筆移轉,13080012
RPQNMLLJJHKGFDK97DA,淡文湖段,24.00,非都市：特定農業區 ; 非都市編定：甲種建築用地,12,1,持分移轉,13080013
RPTOMLNLJHKGFBK58DA,文新段,138.00,非都市：特定農業區 ; 非都市編定：甲種建築用地,1,1,全筆移轉,03190000
RPTOMLNLJHKGFBK58DA,文新段,7.00,非都市：特定農業區 ; 非都市編定：甲種建築用地,1,1,全筆移轉,03190002
RPTOMLNLJHKGFBK58DA,文新段,21.45,非都市：特定農業區 ; 非都市編定：甲種建築用地,11,1,持分移轉,03190013
RPPOMLKLJIJGFDK08DA,海口段海口小段,25.83,都市：其他:住宅區,12,1,持分移轉,05280000
RPPOMLKLJIJGFDK08DA,海口段海口小段,1.08,都市：其他:住宅區,12,1,持分移轉,05280007
RPPOMLKLJIJGFDK08DA,海口段海口小段,59.00,都市：其他:住宅區,1,1,全筆移轉,05280009
RPWOMLNJJHKGFBK68DA,文發段,28.50,都市：其他:住宅區,100000,1947,持分移轉,06260000
RPVNMLQJJHKGFBK78DA,文發段,28.50,都市：其他:住宅區,100000,1947,持分移轉,06260000
RPTNMLNJJHKGFBK28DA,文發段,28.50,都市：其他:住宅區,100000,1947,持分移轉,06260000
RPSNMLKKKHKGFFK48DA,蟠桃段忠孝小段,39.47,都市：其他:住宅區,1000,86,持分移轉,05560000
RPWNMLRLJIJGFDK76DA,新山佳段,24.03,都市：其他:住宅區,100000,4317,持分移轉,09390000
RPPPMLNJJHKGFBK08DA,文發段,28.50,都市：其他:住宅區,200000,3894,持分移轉,06260000
RPQPMLNJJHKGFBK18DA,文發段,28.50,都市：其他:住宅區,100000,1947,持分移轉,06260000
RPUNMLQJJHKGFBK68DA,文發段,28.50,都市：其他:住宅區,100000,1947,持分移轉,06260000
RPPOMLRJJHKGFBK38DA,文發段,14.70,都市：其他:住宅區,100000,1004,持分移轉,06260000
RPVOMLRJJHKGFBK98DA,文發段,28.50,都市：其他:住宅區,100000,1947,持分移轉,06260000
RPSNMLQJJHKGFBK48DA,文發段,27.11,都市：其他:住宅區,100000,1852,持分移轉,06260000
RPUOMLNJJHKGFBK48DA,文發段,27.11,都市：其他:住宅區,100000,1852,持分移轉,06260000
RPVOMLNJJHKGFBK58DA,文發段,28.50,都市：其他:住宅區,100000,1947,持分移轉,06260000
RPSOMLNJJHKGFBK28DA,文發段,28.50,都市：其他:住宅區,100000,1947,持分移轉,06260000
RPPOMLNJJHKGFBK97DA,文發段,28.95,都市：其他:住宅區,100000,1978,持分移轉,06260000
RPXNMLNJJHKGFBK68DA,文發段,28.50,都市：其他:住宅區,100000,1947,持分移轉,06260000
RPOOMLNJJHKGFBK87DA,文發段,28.50,都市：其他:住宅區,100000,1947,持分移轉,06260000
RPWNMLQJJHKGFBK88DA,文發段,28.95,都市：其他:住宅區,100000,1978,持分移轉,06260000
RPROMLNJJHKGFBK18DA,文發段,28.50,都市：其他:住宅區,100000,1947,持分移轉,06260000
RPUOMLRJJHKGFBK88DA,文發段,28.50,都市：其他:住宅區,100000,1947,持分移轉,06260000
RPSNMLNJJHKGFBK18DA,文發段,28.50,都市：其他:住宅區,100000,1947,持分移轉,06260000
RPRNMLNJJHKGFBK08DA,文發段,23.80,都市：其他:住宅區,100000,1626,持分移轉,06260000
RPQOMLNJJHKGFBK08DA,文發段,29.20,都市：其他:住宅區,100000,1995,持分移轉,06260000
RPUNMLNJJHKGFBK38DA,文發段,29.20,都市：其他:住宅區,100000,1995,持分移轉,06260000
RPSOMLQJJHKGFBK58DA,文發段,28.50,都市：其他:住宅區,200000,3894,持分移轉,06260000
RPUOMLQJJHKGFBK78DA,文發段,28.50,都市：其他:住宅區,100000,1947,持分移轉,06260000
RPOPMLQJJHKGFBK28DA,文發段,28.50,都市：其他:住宅區,100000,1947,持分移轉,06260000
RPSNMLQKJHKGFFK98DA,八德段,28.06,都市：其他:住宅區,100000,1984,持分移轉,16020000
RPQOMLRJJHKGFBK48DA,文發段,28.50,都市：其他:住宅區,100000,1947,持分移轉,06260000
RPPOMLQJJHKGFBK28DA,文發段,43.18,都市：其他:住宅區,100000,2950,持分移轉,06260000
RPVNMLNJJHKGFBK48DA,文發段,27.11,都市：其他:住宅區,100000,1852,持分移轉,06260000
RPXOMLNJJHKGFBK78DA,文發段,28.95,都市：其他:住宅區,100000,1978,持分移轉,06260000
RPSOMLRJJHKGFBK68DA,文發段,14.70,都市：其他:住宅區,100000,1004,持分移轉,06260000
RPXOMLQJJHKGFBK09DA,文發段,14.70,都市：其他:住宅區,100000,1004,持分移轉,06260000
RPOOMLQJJHKGFBK18DA,文發段,43.18,都市：其他:住宅區,100000,2950,持分移轉,06260000
RPTOMLRJJHKGFBK78DA,文發段,14.70,都市：其他:住宅區,100000,1004,持分移轉,06260000
RPOPMLRJJHKGFBK38DA,文發段,42.65,都市：其他:住宅區,100000,2914,持分移轉,06260000
RPWOMLRJJHKGFBK09DA,文發段,14.70,都市：其他:住宅區,100000,1004,持分移轉,06260000
RPXOMLRJJHKGFBK56DA,文發段,42.65,都市：其他:住宅區,100000,2914,持分移轉,06260000
RPQNMLTLJIJGFDK98DA,新山佳段,24.03,都市：其他:住宅區,100000,4317,持分移轉,09390000
RPOOMLRJJHKGFBK28DA,文發段,43.18,都市：其他:住宅區,100000,2950,持分移轉,06260000
RPWNMLRJJHKGFBK98DA,文發段,28.50,都市：其他:住宅區,100000,1947,持分移轉,06260000
RPQPMLRJJHKGFBK58DA,文發段,42.65,都市：其他:住宅區,100000,2914,持分移轉,06260000
RPRPMLRJJHKGFBK68DA,文發段,28.95,都市：其他:住宅區,100000,1978,持分移轉,06260000
