﻿編號,土地位置,土地移轉面積平方公尺,使用分區或編定,權利人持分分母,權利人持分分子,移轉情形,地號
The serial number, land position,land shifting area square meter,the use zoning or compiles and checks,,,,land parcel
RPQNMLMKKHKGFCK18DA,內島段,22.95,非都市：一般農業區 ; 非都市編定：農牧用地,2,1,持分移轉,10850001
RPQNMLOJKHKGFCK28DA,白沙段,43.23,非都市：一般農業區 ; 非都市編定：農牧用地,12000,296,持分移轉,11710002
RPQNMLOJKHKGFCK28DA,白沙段,90.54,非都市：一般農業區 ; 非都市編定：農牧用地,1512000,78120,持分移轉,11710002
RPQNMLOJKHKGFCK28DA,白沙段,73.02,非都市：一般農業區 ; 非都市編定：農牧用地,1512000,63000,持分移轉,11710002
RPQNMLOJKHKGFCK28DA,白沙段,5.86,非都市：一般農業區 ; 非都市編定：農牧用地,12000,296,持分移轉,11710003
RPQNMLOJKHKGFCK28DA,白沙段,12.28,非都市：一般農業區 ; 非都市編定：農牧用地,1512000,78120,持分移轉,11710003
RPQNMLOJKHKGFCK28DA,白沙段,9.90,非都市：一般農業區 ; 非都市編定：農牧用地,1512000,63000,持分移轉,11710003
RPRNMLLKKHKGFCK18DA,五里牌段五福小段,114.00,非都市：特定農業區 ; 非都市編定：甲種建築用地,1,1,全筆移轉,02270001
RPRNMLMKKHKGFCK28DA,內島段,103.72,非都市：一般農業區 ; 非都市編定：農牧用地,2,1,持分移轉,10710002
RPRNMLMKKHKGFCK28DA,內島段,117.38,非都市：一般農業區 ; 非都市編定：水利用地,2,1,持分移轉,10840001
RPSNMLMKKHKGFCK38DA,白沙段,81.13,非都市：一般農業區 ; 非都市編定：農牧用地,1512000,70000,持分移轉,11710002
RPSNMLMKKHKGFCK38DA,白沙段,11.00,非都市：一般農業區 ; 非都市編定：農牧用地,1512000,70000,持分移轉,11710003
RPTNMLMKKHKGFCK48DA,內島段,3.35,非都市：一般農業區 ; 非都市編定：農牧用地,16,1,持分移轉,12110002
RPTOMLSJKHKGFDK56DA,龍坑段,150.69,非都市：山坡地保育區 ; 非都市編定：農牧用地,2,1,持分移轉,04160000
RPPNMLMJKHKGFDK08DA,龍山段,24.75,都市：其他:住宅區,587720,2475,持分移轉,01380000
RPVNMLMKKHKGFCK68DA,內島段,103.72,非都市：一般農業區 ; 非都市編定：農牧用地,2,1,持分移轉,10710002
RPVNMLMKKHKGFCK68DA,內島段,563.12,非都市：一般農業區 ; 非都市編定：農牧用地,4,2,持分移轉,10930002
RPUNMLMKKHKGFCK58DA,內島段,3.35,非都市：一般農業區 ; 非都市編定：農牧用地,16,1,持分移轉,12110002
RPQPMLMKKHKGFDK48DA,苦苓腳段,1689.00,非都市：特定農業區 ; 非都市編定：農牧用地,1,1,全筆移轉,17150000
RPRNMLRJKHKGFDK78DA,苦苓腳段,2159.33,非都市：特定農業區 ; 非都市編定：農牧用地,3,2,持分移轉,35000000
RPRNMLRJKHKGFDK78DA,苦苓腳段,539.83,非都市：特定農業區 ; 非都市編定：農牧用地,6,1,持分移轉,35000000
RPRNMLRJKHKGFDK78DA,苦苓腳段,539.83,非都市：特定農業區 ; 非都市編定：農牧用地,6,1,持分移轉,35000000
RPPNMLKKKHKGFBK77DA,南苗段,3.95,,1,1,全筆移轉,08160001
RPPNMLKKKHKGFBK77DA,南苗段,9.74,,1,1,全筆移轉,08170001
RPPNMLQJKHKGFFK68DA,六合段,67.44,都市：其他:第三種住宅區。,1,1,全筆移轉,12480000
RPTNMLQJKHKGFFK09DA,湳湖段,45.27,非都市：山坡地保育區 ; 非都市編定：丙種建築用地,10000,105,持分移轉,00620015
RPVNMLOJKHKGFFK09DA,信義段,66.32,都市：其他:農業區,1,1,全筆移轉,02710001
RPVNMLOJKHKGFFK09DA,信義段,42.97,都市：其他:農業區,1,1,全筆移轉,02720001
RPTNMLOJKHKGFFK88DA,八德段,1.06,都市：其他:住宅區,1,1,全筆移轉,01560001
RPUNMLOJKHKGFFK98DA,信義段,236.39,都市：其他:農業區,1,1,全筆移轉,02760004
RPTNMLOJKHKGFFK88DA,八德段,4.23,都市：其他:住宅區,1,1,全筆移轉,01570001
RPVNMLQJKHKGFFK66DA,湳湖段,63.37,非都市：山坡地保育區 ; 非都市編定：丙種建築用地,10000,147,持分移轉,00620015
RPTNMLOJKHKGFFK88DA,八德段,3.78,都市：其他:住宅區,1,1,全筆移轉,01580001
RPWNMLQJKHKGFFK76DA,湳湖段,44.84,非都市：山坡地保育區 ; 非都市編定：丙種建築用地,10000,104,持分移轉,00620015
RPXNMLQJKHKGFFK86DA,湳湖段,61.22,非都市：山坡地保育區 ; 非都市編定：丙種建築用地,10000,142,持分移轉,00620015
RPPNMLNJKHKGFFK38DA,水源段,1315.31,非都市：山坡地保育區 ; 非都市編定：林業用地,1,1,全筆移轉,03410000
RPPNMLNJKHKGFFK38DA,水源段,1586.21,非都市：山坡地保育區 ; 非都市編定：農牧用地,1,1,全筆移轉,03420000
RPRNMLOJKHKGFBK28DA,南苗段,6.35,都市：其他:商業區,10000,176,持分移轉,03260000
RPRNMLOJKHKGFBK28DA,南苗段,5.05,都市：其他:住宅區,10000,176,持分移轉,03270000
RPRNMLOJKHKGFBK28DA,南苗段,4.70,都市：其他:住宅區,10000,176,持分移轉,03280000
RPRNMLOJKHKGFBK28DA,南苗段,5.14,都市：其他:住宅區,10000,176,持分移轉,03290000
RPPOMLRKJHKGFCK58DA,白沙段,18.25,非都市：一般農業區 ; 非都市編定：農牧用地,1512000,15750,持分移轉,11710002
RPPOMLRKJHKGFCK58DA,白沙段,2.48,非都市：一般農業區 ; 非都市編定：農牧用地,1512000,15750,持分移轉,11710003
RPVPMLRKJHKGFCK66DA,白沙段,40.56,非都市：一般農業區 ; 非都市編定：農牧用地,1512000,35000,持分移轉,11710002
RPVPMLRKJHKGFCK66DA,白沙段,5.50,非都市：一般農業區 ; 非都市編定：農牧用地,1512000,35000,持分移轉,11710003
RPWPMLRKJHKGFCK76DA,白沙段,40.56,非都市：一般農業區 ; 非都市編定：農牧用地,1512000,35000,持分移轉,11710002
RPWPMLRKJHKGFCK76DA,白沙段,5.50,非都市：一般農業區 ; 非都市編定：農牧用地,1512000,35000,持分移轉,11710003
RPOQMLRKJHKGFCK68DA,白沙段,347.48,非都市：一般農業區 ; 非都市編定：農牧用地,1512000,299815,持分移轉,11710002
RPOQMLRKJHKGFCK68DA,白沙段,47.13,非都市：一般農業區 ; 非都市編定：農牧用地,1512000,299815,持分移轉,11710003
RPOQMLRKJHKGFCK68DA,內島段,86.36,非都市：一般農業區 ; 非都市編定：農牧用地,150,19,持分移轉,12130002
RPOQMLRKJHKGFCK68DA,內島段,201.53,非都市：一般農業區 ; 非都市編定：農牧用地,50,23,持分移轉,12140002
RPOQMLRKJHKGFCK68DA,內島段,96.50,非都市：一般農業區 ; 非都市編定：農牧用地,50,23,持分移轉,12150002
RPOQMLRKJHKGFCK68DA,內島段,360.39,非都市：一般農業區 ; 非都市編定：農牧用地,50,23,持分移轉,12160002
RPRNMLOLJHKGFCK48DA,水尾段,2521.63,非都市：山坡地保育區 ; 非都市編定：農牧用地,1,1,全筆移轉,00010023
RPPNMLRKKHKGFAK48EA,細道邦段,380.00,非都市：山坡地保育區 ; 非都市編定：農牧用地,1,1,全筆移轉,09360000
RPPNMLLKKHKGFAK87EA,興榮段,442.67,非都市：山坡地保育區 ; 非都市編定：農牧用地,3,1,持分移轉,01670731
RPPNMLLKKHKGFAK87EA,興榮段,505.67,非都市：山坡地保育區 ; 非都市編定：農牧用地,3,1,持分移轉,01670732
RPQNMLLLJHKGFAK87DA,獅潭段新店小段,9354.00,非都市：山坡地保育區 ; 非都市編定：林業用地,1,1,全筆移轉,01580148
RPQNMLRJKHKGFDK68DA,外埔段,40.00,都市：其他:住宅區,1,1,全筆移轉,05110001
RPQNMLRKJHKGFCK58DA,白沙段,54.76,非都市：一般農業區 ; 非都市編定：農牧用地,1512000,47250,持分移轉,11710002
RPQNMLRKJHKGFCK58DA,白沙段,7.43,非都市：一般農業區 ; 非都市編定：農牧用地,1512000,47250,持分移轉,11710003
RPSNMLRKJHKGFCK78DA,白沙段,13.69,非都市：一般農業區 ; 非都市編定：農牧用地,3024000,23625,持分移轉,11710002
RPSNMLRKJHKGFCK78DA,白沙段,1.86,非都市：一般農業區 ; 非都市編定：農牧用地,3024000,23625,持分移轉,11710003
RPUNMLRKJHKGFCK98DA,白沙段,13.69,非都市：一般農業區 ; 非都市編定：農牧用地,3024000,23625,持分移轉,11710002
RPUNMLRKJHKGFCK98DA,白沙段,1.86,非都市：一般農業區 ; 非都市編定：農牧用地,3024000,23625,持分移轉,11710003
RPWNMLRKJHKGFCK56DA,白沙段,27.38,非都市：一般農業區 ; 非都市編定：農牧用地,1512000,23625,持分移轉,11710002
RPWNMLRKJHKGFCK56DA,白沙段,3.71,非都市：一般農業區 ; 非都市編定：農牧用地,1512000,23625,持分移轉,11710003
RPOOMLRKJHKGFCK48DA,內島段,68.28,非都市：一般農業區 ; 非都市編定：農牧用地,48,7,持分移轉,10790002
RPOOMLRKJHKGFCK48DA,內島段,72.76,非都市：一般農業區 ; 非都市編定：農牧用地,48,7,持分移轉,12060002
RPOOMLRKJHKGFCK48DA,內島段,69.27,非都市：一般農業區 ; 非都市編定：農牧用地,48,7,持分移轉,12100002
RPQOMLRKJHKGFCK68DA,白沙段,18.25,非都市：一般農業區 ; 非都市編定：農牧用地,1512000,15750,持分移轉,11710002
RPQOMLRKJHKGFCK68DA,白沙段,2.48,非都市：一般農業區 ; 非都市編定：農牧用地,1512000,15750,持分移轉,11710003
RPROMLRKJHKGFCK78DA,內島段,68.28,非都市：一般農業區 ; 非都市編定：農牧用地,48,7,持分移轉,10790002
RPROMLRKJHKGFCK78DA,內島段,72.76,非都市：一般農業區 ; 非都市編定：農牧用地,48,7,持分移轉,12060002
RPROMLRKJHKGFCK78DA,內島段,69.27,非都市：一般農業區 ; 非都市編定：農牧用地,48,7,持分移轉,12100002
RPSOMLRKJHKGFCK88DA,內島段,68.28,非都市：一般農業區 ; 非都市編定：農牧用地,48,7,持分移轉,10790002
RPSOMLRKJHKGFCK88DA,內島段,72.76,非都市：一般農業區 ; 非都市編定：農牧用地,48,7,持分移轉,12060002
RPSOMLRKJHKGFCK88DA,內島段,69.27,非都市：一般農業區 ; 非都市編定：農牧用地,48,7,持分移轉,12100002
RPTOMLRKJHKGFCK98DA,白沙段,18.25,非都市：一般農業區 ; 非都市編定：農牧用地,1512000,15750,持分移轉,11710002
RPTOMLRKJHKGFCK98DA,白沙段,2.48,非都市：一般農業區 ; 非都市編定：農牧用地,1512000,15750,持分移轉,11710003
RPUOMLRKJHKGFCK09DA,內島段,68.28,非都市：一般農業區 ; 非都市編定：農牧用地,48,7,持分移轉,10790002
RPUOMLRKJHKGFCK09DA,內島段,72.76,非都市：一般農業區 ; 非都市編定：農牧用地,48,7,持分移轉,12060002
RPUOMLRKJHKGFCK09DA,內島段,69.27,非都市：一般農業區 ; 非都市編定：農牧用地,48,7,持分移轉,12100002
RPVOMLRKJHKGFCK56DA,內島段,14.63,非都市：一般農業區 ; 非都市編定：農牧用地,96,3,持分移轉,10790002
RPVOMLRKJHKGFCK56DA,內島段,15.59,非都市：一般農業區 ; 非都市編定：農牧用地,96,3,持分移轉,12060002
RPVOMLRKJHKGFCK56DA,內島段,14.84,非都市：一般農業區 ; 非都市編定：農牧用地,96,3,持分移轉,12100002
RPWOMLRKJHKGFCK66DA,內島段,19.41,非都市：一般農業區 ; 非都市編定：交通用地,2,1,持分移轉,10830001
RPWOMLRKJHKGFCK66DA,內島段,15.29,非都市：一般農業區 ; 非都市編定：交通用地,2,1,持分移轉,10880001
RPWOMLRKJHKGFCK66DA,內島段,45.47,非都市：一般農業區 ; 非都市編定：農牧用地,4,1,持分移轉,10920001
RPWOMLRKJHKGFCK66DA,內島段,281.56,非都市：一般農業區 ; 非都市編定：農牧用地,4,1,持分移轉,10930002
RPOPMLRKJHKGFCK58DA,內島段,22.95,非都市：一般農業區 ; 非都市編定：農牧用地,2,1,持分移轉,10850001
RPOPMLRKJHKGFCK58DA,內島段,15.29,非都市：一般農業區 ; 非都市編定：交通用地,2,1,持分移轉,10880001
RPOPMLRKJHKGFCK58DA,內島段,90.93,非都市：一般農業區 ; 非都市編定：農牧用地,2,1,持分移轉,10920001
RPXOMLRKJHKGFCK76DA,內島段,14.63,非都市：一般農業區 ; 非都市編定：農牧用地,96,3,持分移轉,10790002
RPXOMLRKJHKGFCK76DA,內島段,15.59,非都市：一般農業區 ; 非都市編定：農牧用地,96,3,持分移轉,12060002
RPXOMLRKJHKGFCK76DA,內島段,14.84,非都市：一般農業區 ; 非都市編定：農牧用地,96,3,持分移轉,12100002
RPPPMLRKJHKGFCK68DA,內島段,7.80,非都市：一般農業區 ; 非都市編定：農牧用地,240,4,持分移轉,10790002
RPPPMLRKJHKGFCK68DA,內島段,8.32,非都市：一般農業區 ; 非都市編定：農牧用地,240,4,持分移轉,12060002
RPPPMLRKJHKGFCK68DA,內島段,7.92,非都市：一般農業區 ; 非都市編定：農牧用地,240,4,持分移轉,12100002
RPRPMLRKJHKGFCK88DA,內島段,26.84,非都市：一般農業區 ; 非都市編定：農牧用地,2,1,持分移轉,12110002
RPTPMLRKJHKGFCK09DA,內島段,6.71,非都市：一般農業區 ; 非都市編定：農牧用地,8,1,持分移轉,12110002
RPQNMLOLJHKGFDK48DA,灣瓦段,544.75,非都市：特定農業區 ; 非都市編定：農牧用地,4,1,持分移轉,01810003
RPRNMLLKKHKGFBK08DA,新福麗段,40.95,都市：其他:住宅區,1,1,全筆移轉,14920001
RPPNMLTJKHKGFEK88DA,褔興段,94.32,都市：其他:住宅區,1,1,全筆移轉,08440000
RPQNMLPLJHKGFEK68DA,竹森段,67.00,非都市：山坡地保育區 ; 非都市編定：農牧用地,1,1,全筆移轉,09030001
RPSNMLOLJHKGFDK68DA,水尾子段,2474.00,非都市：特定農業區 ; 非都市編定：農牧用地,1,1,全筆移轉,11920000
RPQOMLNKJHKGFDK38DA,東興段,111.44,非都市：山坡地保育區 ; 非都市編定：農牧用地,2,1,持分移轉,09320001
RPQOMLNKJHKGFDK38DA,東興段,1.39,非都市：山坡地保育區 ; 非都市編定：農牧用地,2,1,持分移轉,09360001
SPQOMLNKJHKGFDK48DA,東興段,156.13,非都市：山坡地保育區 ; 非都市編定：丙種建築用地,2,1,持分移轉,09390001
RPPNMLNJKHKGFBK97DA,枋寮坑段,330.71,非都市：山坡地保育區 ; 非都市編定：農牧用地,1000000,20310,持分移轉,04810002
RPPNMLSKJHKGFDK68DA,苦苓腳段,333.33,非都市：特定農業區 ; 非都市編定：農牧用地,12,2,持分移轉,47310001
RPPNMLSKJHKGFDK68DA,苦苓腳段,333.33,非都市：特定農業區 ; 非都市編定：農牧用地,12,2,持分移轉,47310001
RPPNMLSKJHKGFDK68DA,苦苓腳段,166.67,非都市：特定農業區 ; 非都市編定：農牧用地,12,1,持分移轉,47310001
RPPNMLSKJHKGFDK68DA,苦苓腳段,166.67,非都市：特定農業區 ; 非都市編定：農牧用地,12,1,持分移轉,47310001
RPPNMLRJKHKGFFK88EA,慶華段,562.43,非都市：山坡地保育區 ; 非都市編定：農牧用地,1,1,全筆移轉,05710000
RPPNMLRJKHKGFFK88EA,慶華段,291.02,非都市：山坡地保育區 ; 非都市編定：農牧用地,1,1,全筆移轉,05720000
RPPNMLRJKHKGFFK88EA,慶華段,964.19,非都市：山坡地保育區 ; 非都市編定：農牧用地,1,1,全筆移轉,05810000
RPSNMLRJKHKGFFK56EA,慶華段,735.98,非都市：山坡地保育區 ; 非都市編定：農牧用地,3,1,持分移轉,05080000
RPRNMLRJKHKGFFK09EA,慶華段,1471.96,非都市：山坡地保育區 ; 非都市編定：農牧用地,3,2,持分移轉,05080000
RPSNMLRJKHKGFFK56EA,慶華段,701.24,非都市：山坡地保育區 ; 非都市編定：農牧用地,3,1,持分移轉,05730000
RPRNMLRJKHKGFFK09EA,慶華段,1402.47,非都市：山坡地保育區 ; 非都市編定：農牧用地,3,2,持分移轉,05730000
RPQNMLRJKHKGFFK98EA,慶華段,1549.61,非都市：山坡地保育區 ; 非都市編定：農牧用地,1,1,全筆移轉,05770000
RPRNMLRKKHKGFCK78DA,玉山段,98.00,非都市：鄉村區 ; 非都市編定：乙種建築用地,1,1,全筆移轉,17530000
RPRNMLOLJHKGFFK78DA,大化段,4.78,非都市：鄉村區 ; 非都市編定：交通用地,171,6,持分移轉,09150000
RPUNMLQJKHKGFFK56DA,湳湖段,63.37,非都市：山坡地保育區 ; 非都市編定：丙種建築用地,10000,147,持分移轉,00620015
RPROMLNKJHKGFDK48DA,合興段,13.14,都市：其他:道路用地,3,1,持分移轉,10580000
RPROMLNKJHKGFDK48DA,合興段,62.65,都市：其他:住宅區,1,1,全筆移轉,10590000
RPROMLNKJHKGFDK48DA,合興段,2.36,都市：其他:道路用地,1,1,全筆移轉,10590001
RPROMLNKJHKGFDK48DA,合興段,9.18,都市：其他:道路用地,3,1,持分移轉,10630000
RPROMLNKJHKGFDK48DA,合興段,187.83,都市：其他:住宅區,1,1,全筆移轉,10650000
RPROMLNKJHKGFDK48DA,合興段,6.87,都市：其他:道路用地,1,1,全筆移轉,10650001
RPROMLNKJHKGFDK48DA,合興段,24.07,都市：其他:道路用地,3,1,持分移轉,10660000
RPROMLNKJHKGFDK48DA,合興段,5.27,都市：其他:道路用地,12,1,持分移轉,10670000
RPROMLNKJHKGFDK48DA,合興段,6.59,都市：其他:道路用地,12,1,持分移轉,10670001
RPROMLNKJHKGFDK48DA,合興段,1.08,都市：其他:道路用地,12,1,持分移轉,10700000
RPWNMLMKKHKGFDK88DA,造橋段,91.88,非都市：山坡地保育區 ; 非都市編定：農牧用地,200,5,持分移轉,17140023
RPWNMLMKKHKGFDK88DA,造橋段,2765.00,非都市：山坡地保育區 ; 非都市編定：農牧用地,1,1,全筆移轉,17140036
RPPNMLOKKHKGFAK08DA,新庄段,365.76,都市：其他:農業區,4,1,持分移轉,07810000
RPPNMLSJKHKGFAK38DA,薑麻段,2507.55,非都市：山坡地保育區 ; 非都市編定：農牧用地,1,1,全筆移轉,10740000
RPSNMLSJKHKGFFK56DA,顯會段,19.66,都市：其他:住宅區,10000,139,持分移轉,00980000
RPSNMLMLJHKGFDK48DA,平安段,15.34,都市：其他:住宅區,2,1,持分移轉,10450000
RPSNMLMLJHKGFDK48DA,平安段,15.34,都市：其他:住宅區,2,1,持分移轉,10450000
RPSNMLMLJHKGFDK48DA,平安段,23.92,都市：其他:住宅區,2,1,持分移轉,10460000
RPSNMLMLJHKGFDK48DA,平安段,23.92,都市：其他:住宅區,2,1,持分移轉,10460000
RPOPMLLLJHKGFBK97DA,館聖段,90.64,都市：其他:道路用地,1,1,全筆移轉,03450000
RPRNMLOKKHKGFBK38DA,鶴崗段,102.81,非都市：鄉村區 ; 非都市編定：乙種建築用地,1,1,全筆移轉,09020000
RPTNMLOJKHKGFBK48DA,頭屋段一小段,23.90,都市：其他:住宅區,1000000,23314,持分移轉,04590025
RPSNMLQJKHKGFBK58DA,文發段,85.44,都市：其他:住宅區,1,1,全筆移轉,00700000
RPSNMLQJKHKGFBK58DA,文發段,19.53,都市：其他:住宅區,28,1,持分移轉,01030000
RPSNMLQJKHKGFBK58DA,文發段,7.01,都市：其他:商業區,28,1,持分移轉,01040000
RPRNMLRJKHKGFBK58DA,玉清段,2.92,都市：其他:住宅區,10000,93,持分移轉,01780000
RPRNMLRJKHKGFBK58DA,建功段,20.52,都市：其他:住宅區,10000,93,持分移轉,09840000
RPTNMLOKKHKGFBK58DA,建功段,23.70,都市：其他:住宅區,1583,24,持分移轉,08660000
RPTNMLOKKHKGFBK58DA,建功段,.98,都市：其他:住宅區,10000,149,持分移轉,08670000
RPQNMLRJKHKGFAK38DA,獅潭段新店小段,2642.00,非都市：山坡地保育區 ; 非都市編定：農牧用地,1,1,全筆移轉,01580323
RPQNMLRJKHKGFAK38DA,獅潭段新店小段,199.00,非都市：山坡地保育區 ; 非都市編定：丙種建築用地,1,1,全筆移轉,02630006
RPQNMLQJKHKGFDK58DA,慈裕段,7.23,都市：其他:住宅區,1,1,全筆移轉,10410001
RPQNMLQJKHKGFDK58DA,慈裕段,10.64,都市：其他:住宅區,1,1,全筆移轉,10520002
RPPNMLLKKHKGFAK77DA,南昌段,377.95,非都市：山坡地保育區 ; 非都市編定：農牧用地,10000,2660,持分移轉,07310000
RPWNMLOJKHKGFBK78DA,勝利段,92.00,都市：其他:農業區,1,1,全筆移轉,03180000
RPXNMLLLJHKGFDK88DA,北豐湖段,154.90,非都市：山坡地保育區 ; 非都市編定：農牧用地,3,1,持分移轉,13340000
RPXNMLLLJHKGFDK88DA,北豐湖段,154.90,非都市：山坡地保育區 ; 非都市編定：農牧用地,3,1,持分移轉,13340000
RPXNMLLLJHKGFDK88DA,北豐湖段,154.90,非都市：山坡地保育區 ; 非都市編定：農牧用地,3,1,持分移轉,13340000
RPRNMLNLJHKGFBK28DA,豐年段,32.14,都市：其他:住宅區,10000,160,持分移轉,13010000
RPRNMLNLJHKGFBK28DA,豐年段,.93,都市：其他:住宅區,10000,160,持分移轉,13030000
RPPNMLKLJHKGFCK87DA,內島段,95.94,非都市：山坡地保育區 ; 非都市編定：丙種建築用地,1,1,全筆移轉,03790000
RPQNMLNLKIJGFCK38DA,湖內段,452.31,非都市：一般農業區 ; 非都市編定：農牧用地,1,1,全筆移轉,07660000
RPQNMLPKJHKGFDK48DA,新生段,112.78,都市：其他:住宅區,1,1,全筆移轉,06600000
RPOOMLKKKHKGFDK97DA,天聲段,53.48,都市：其他:住宅區,25,5,持分移轉,05050000
RPPNMLPLKIJGFAK28DA,獅潭段三洽坑小段,2612.00,非都市：山坡地保育區 ; 非都市編定：農牧用地,1,1,全筆移轉,00760063
RPRNMLNLJHKGFEK58DA,朝陽段,229.71,都市：其他:商業區,1,1,全筆移轉,03350000
RPRNMLNLJHKGFEK58DA,朝陽段,130.10,都市：其他:商業區,1,1,全筆移轉,03600000
RPSNMLNLJHKGFEK68DA,朝陽段,5.92,都市：其他:道路用地,1,1,全筆移轉,03140000
RPSNMLNLJHKGFEK68DA,朝陽段,154.33,都市：其他:商業區,1,1,全筆移轉,03410000
RPRNMLQJKHKGFFK88DA,湳湖段,56.21,非都市：山坡地保育區 ; 非都市編定：丙種建築用地,10000,30,持分移轉,00150001
RPTNMLQKKIJGFBK78DA,文山段,98.67,非都市：山坡地保育區 ; 非都市編定：丙種建築用地,10000,87,持分移轉,01950005
RPVNMLLKKHKGFBK58EA,南勢坑段上南勢坑小段,2519.00,非都市：山坡地保育區 ; 非都市編定：農牧用地,1,1,全筆移轉,00040007
RPVNMLLKKHKGFBK58EA,南勢坑段上南勢坑小段,172.00,非都市：山坡地保育區 ; 非都市編定：交通用地,304,172,持分移轉,07930008
RPUNMLLKKHKGFBK48EA,南勢坑段上南勢坑小段,2519.00,非都市：山坡地保育區 ; 非都市編定：農牧用地,1,1,全筆移轉,00040006
RPUNMLLKKHKGFBK48EA,南勢坑段上南勢坑小段,15.00,非都市：山坡地保育區 ; 非都市編定：交通用地,1,1,全筆移轉,00050001
RPUNMLLKKHKGFBK48EA,南勢坑段上南勢坑小段,132.00,非都市：山坡地保育區 ; 非都市編定：交通用地,304,132,持分移轉,07930008
RPUNMLLKKHKGFBK48EA,南勢坑段上南勢坑小段,24.00,非都市：山坡地保育區 ; 非都市編定：交通用地,1,1,全筆移轉,07950001
RPRNMLLKKHKGFBK18EA,南勢坑段上南勢坑小段,30.00,非都市：山坡地保育區 ; 非都市編定：農牧用地,237,30,持分移轉,00040000
RPRNMLLKKHKGFBK18EA,南勢坑段上南勢坑小段,331.00,非都市：山坡地保育區 ; 非都市編定：農牧用地,1,1,全筆移轉,00040002
RPRNMLLKKHKGFBK18EA,南勢坑段上南勢坑小段,50.00,非都市：山坡地保育區 ; 非都市編定：交通用地,388,50,持分移轉,07940002
RPSNMLLKKHKGFBK28EA,南勢坑段上南勢坑小段,30.00,非都市：山坡地保育區 ; 非都市編定：農牧用地,237,30,持分移轉,00040000
RPSNMLLKKHKGFBK28EA,南勢坑段上南勢坑小段,342.00,非都市：山坡地保育區 ; 非都市編定：農牧用地,1,1,全筆移轉,00040005
RPSNMLLKKHKGFBK28EA,南勢坑段上南勢坑小段,50.00,非都市：山坡地保育區 ; 非都市編定：交通用地,388,50,持分移轉,07940002
RPTNMLLKKHKGFBK38EA,南勢坑段上南勢坑小段,30.00,非都市：山坡地保育區 ; 非都市編定：農牧用地,237,30,持分移轉,00040000
RPTNMLLKKHKGFBK38EA,南勢坑段上南勢坑小段,331.00,非都市：山坡地保育區 ; 非都市編定：農牧用地,1,1,全筆移轉,00040003
RPTNMLLKKHKGFBK38EA,南勢坑段上南勢坑小段,50.00,非都市：山坡地保育區 ; 非都市編定：交通用地,388,50,持分移轉,07940002
RPPNMLLKKHKGFBK97EA,南勢坑段上南勢坑小段,117.00,非都市：山坡地保育區 ; 非都市編定：農牧用地,237,117,持分移轉,00040000
RPPNMLLKKHKGFBK97EA,南勢坑段上南勢坑小段,1010.00,非都市：山坡地保育區 ; 非都市編定：農牧用地,1,1,全筆移轉,00040001
RPPNMLLKKHKGFBK97EA,南勢坑段上南勢坑小段,188.00,非都市：山坡地保育區 ; 非都市編定：交通用地,388,188,持分移轉,07940002
RPQNMLLKKHKGFBK08EA,南勢坑段上南勢坑小段,30.00,非都市：山坡地保育區 ; 非都市編定：農牧用地,237,30,持分移轉,00040000
RPQNMLLKKHKGFBK08EA,南勢坑段上南勢坑小段,662.00,非都市：山坡地保育區 ; 非都市編定：農牧用地,1,1,全筆移轉,00040004
RPQNMLLKKHKGFBK08EA,南勢坑段上南勢坑小段,50.00,非都市：山坡地保育區 ; 非都市編定：交通用地,388,50,持分移轉,07940002
RPTNMLLKKHKGFCK38DA,平元段,241.09,都市：其他:道路用地,2,1,持分移轉,02880001
RPTNMLLKKHKGFCK38DA,平元段,236.24,都市：其他:道路用地,2,1,持分移轉,03060001
RPTNMLLKKHKGFCK38DA,平元段,40.31,都市：其他:道路用地,2,1,持分移轉,04430001
RPXNMLNJJHKGFDK88DA,大同段,81.27,都市：其他:第一種住宅區,1,1,全筆移轉,12170002
RPXNMLNJJHKGFDK88DA,大同段,3.65,都市：其他:第一種住宅區,18,1,持分移轉,12170019
RPVNMLNKJHKGFDK78DA,西赤崎段,1.94,非都市：山坡地保育區 ; 非都市編定：丙種建築用地,1,1,全筆移轉,06520000
RPVNMLNKJHKGFDK78DA,西赤崎段,95.49,非都市：山坡地保育區 ; 非都市編定：丙種建築用地,1,1,全筆移轉,06530000
RPQNMLLKKHKGFBK97DA,福安段,91.06,,1,1,全筆移轉,02450000
RPXNMLKKKHKGFDK78DA,天聲段,45.84,都市：其他:住宅區,35,6,持分移轉,05050000
RPSNMLPJKHKGFFK88DA,湳湖段,475.33,都市：其他:農業區,386,193,持分移轉,04120000
RPSNMLPJKHKGFFK88DA,湳湖段,359.65,都市：其他:農業區,386,193,持分移轉,04310000
RPWNMLKKKHKGFDK68DA,光復段,82.58,都市：其他:住宅區,1,1,全筆移轉,00780000
RPSNMLRJKHKGFBK68DA,大倫段,76.24,非都市：特定農業區 ; 非都市編定：甲種建築用地,1,1,全筆移轉,04310000
RPQNMLLLJHKGFCK08DA,藍田段,65.05,非都市：特定農業區 ; 非都市編定：甲種建築用地,1,1,全筆移轉,03230000
RPQNMLLLJHKGFCK08DA,藍田段,66.70,非都市：特定農業區 ; 非都市編定：甲種建築用地,1,1,全筆移轉,03230006
RPQNMLLLJHKGFCK08DA,藍田段,77.62,非都市：特定農業區 ; 非都市編定：甲種建築用地,1,1,全筆移轉,03230007
RPQNMLLLJHKGFCK08DA,藍田段,99.26,非都市：特定農業區 ; 非都市編定：甲種建築用地,1,1,全筆移轉,03230008
RPPNMLOKKHKGFCK28DA,中溝段,104.83,非都市：特定農業區 ; 非都市編定：甲種建築用地,1,1,全筆移轉,05140007
RPQNMLOKKHKGFCK38DA,中溝段,96.46,非都市：特定農業區 ; 非都市編定：甲種建築用地,1,1,全筆移轉,05140004
RPTNMLNKJHKGFDK58DA,苦苓腳段,1346.00,非都市：特定農業區 ; 非都市編定：農牧用地,1,1,全筆移轉,16520000
RPTNMLNKJHKGFDK58DA,苦苓腳段,1338.00,非都市：特定農業區 ; 非都市編定：農牧用地,1,1,全筆移轉,16600000
RPTNMLNKJHKGFDK58DA,苦苓腳段,500.00,非都市：特定農業區 ; 非都市編定：農牧用地,1,1,全筆移轉,16650000
RPPNMLOLJHKGFDK38DA,苦苓腳段,94.17,非都市：特定農業區 ; 非都市編定：農牧用地,72,6,持分移轉,02720000
RPPNMLOLJHKGFDK38DA,苦苓腳段,122.50,非都市：特定農業區 ; 非都市編定：農牧用地,8,2,持分移轉,05510000
RPPNMLOLJHKGFDK38DA,苦苓腳段,41.00,非都市：特定農業區 ; 非都市編定：農牧用地,8,2,持分移轉,05560004
RPPNMLOLJHKGFDK38DA,苦苓腳段,238.00,非都市：特定農業區 ; 非都市編定：農牧用地,8,2,持分移轉,05560006
RPPNMLOLJHKGFDK38DA,苦苓腳段,188.50,非都市：特定農業區 ; 非都市編定：農牧用地,72,6,持分移轉,05960001
RPPNMLOLJHKGFDK38DA,苦苓腳段,213.75,非都市：特定農業區 ; 非都市編定：農牧用地,72,6,持分移轉,05960002
RPPNMLOLJHKGFDK38DA,苦苓腳段,22.50,非都市：特定農業區 ; 非都市編定：農牧用地,72,6,持分移轉,05960009
RPPNMLOLJHKGFDK38DA,苦苓腳段,8.19,非都市：特定農業區 ; 非都市編定：農牧用地,2592,36,持分移轉,05970000
RPPNMLOLJHKGFDK38DA,苦苓腳段,606.50,非都市：特定農業區 ; 非都市編定：農牧用地,2,1,持分移轉,31550000
RPPNMLOLJHKGFDK38DA,苦苓腳段,1011.56,非都市：特定農業區 ; 非都市編定：農牧用地,100,44,持分移轉,32340000
RPPNMLOLJHKGFDK38DA,苦苓腳段,24.69,非都市：特定農業區 ; 非都市編定：農牧用地,2592,36,持分移轉,33730000
RPQNMLPJKHKGFFK68DA,興埔段,50.89,都市：其他:第一種住宅區,10000,147,持分移轉,12010000
RPQNMLPJKHKGFFK68DA,興埔段,.16,都市：其他:第一種住宅區,77,1,持分移轉,12010116
RPQNMLPJKHKGFFK68DA,興埔段,.18,都市：其他:第一種住宅區,77,1,持分移轉,12010127
RPRNMLLMKIJGFDK48DA,延平段,25.20,都市：其他:工業區,20000,110,持分移轉,02120000
RPRNMLLMKIJGFDK48DA,延平段,25.20,都市：其他:工業區,20000,110,持分移轉,02120000
RPRNMLLMKIJGFDK48DA,延平段,69.93,都市：其他:工業區,2,1,持分移轉,02770000
RPRNMLLMKIJGFDK48DA,延平段,69.93,都市：其他:工業區,2,1,持分移轉,02770000
RPRNMLLMKIJGFDK48DA,延平段,.11,都市：其他:工業區,172,1,持分移轉,02900000
RPRNMLLMKIJGFDK48DA,延平段,.11,都市：其他:工業區,172,1,持分移轉,02900000
RPQNMLMJJHKGFEK18DA,龍騰段,3572.49,非都市：山坡地保育區 ; 非都市編定：農牧用地,12,10,持分移轉,10450003
RPQNMLMJJHKGFEK18DA,龍騰段,4523.77,非都市：山坡地保育區 ; 非都市編定：農牧用地,1,1,全筆移轉,10450012
RPPNMLNLJHKGFAK97DA,大湖段,6.00,非都市：特定農業區 ; 非都市編定：甲種建築用地,1,1,全筆移轉,07050005
RPQNMLNLJHKGFAK08DA,大湖段,34.00,非都市：特定農業區 ; 非都市編定：甲種建築用地,1,1,全筆移轉,07050006
RPRNMLNKKHKGFBK28DA,北河段,4403.00,非都市：山坡地保育區 ; 非都市編定：農牧用地,1,1,全筆移轉,07570000
RPRNMLNKKHKGFBK28DA,北河段,6914.00,非都市：山坡地保育區 ; 非都市編定：林業用地,1,1,全筆移轉,07610000
RPRNMLNKKHKGFBK28DA,北河段,2840.00,非都市：山坡地保育區 ; 非都市編定：農牧用地,1,1,全筆移轉,07610002
RPRNMLNKKHKGFBK28DA,北河段,14.00,非都市：山坡地保育區 ; 非都市編定：林業用地,1,1,全筆移轉,07610007
RPTNMLOKJHKGFDK68DA,環市段,.95,都市：其他:道路用地,589824,1536,持分移轉,08140000
RPTNMLOKJHKGFDK68DA,環市段,.04,都市：其他:道路用地,589824,1536,持分移轉,10200000
RPTNMLOKJHKGFDK68DA,環市段,.66,都市：其他:道路用地,589824,1536,持分移轉,10290000
RPTNMLOKJHKGFDK68DA,環市段,.02,都市：其他:道路用地,589824,1536,持分移轉,10290001
RPTNMLOKJHKGFDK68DA,環市段,.01,都市：其他:道路用地,589824,1536,持分移轉,10290002
RPTNMLOKJHKGFDK68DA,環市段,.02,都市：其他:道路用地,589824,1536,持分移轉,10290003
RPTNMLOKJHKGFDK68DA,環市段,.02,都市：其他:道路用地,589824,1536,持分移轉,10290004
RPTNMLOKJHKGFDK68DA,環市段,.02,都市：其他:道路用地,589824,1536,持分移轉,10290005
RPTNMLOKJHKGFDK68DA,環市段,.01,都市：其他:道路用地,589824,1536,持分移轉,10290006
RPTNMLOKJHKGFDK68DA,環市段,.02,都市：其他:道路用地,589824,1536,持分移轉,10290007
RPTNMLOKJHKGFDK68DA,環市段,.02,都市：其他:道路用地,589824,1536,持分移轉,10290008
RPTNMLOKJHKGFDK68DA,環市段,.01,都市：其他:道路用地,589824,1536,持分移轉,10290009
RPTNMLOKJHKGFDK68DA,環市段,.00,都市：其他:道路用地,589824,1536,持分移轉,10290010
RPTNMLOKJHKGFDK68DA,環市段,.36,都市：其他:道路用地,9216,192,持分移轉,12070000
RPTNMLOKJHKGFDK68DA,環市段,.09,都市：其他:道路用地,589824,1536,持分移轉,12080000
RPQNMLOKKHKGFBK28DA,南勢段,63.07,非都市：山坡地保育區 ; 非都市編定：丙種建築用地,1,1,全筆移轉,02160000
RPUNMLOKJHKGFAK48DA,興榮段,218.00,非都市：山坡地保育區 ; 非都市編定：農牧用地,1,1,全筆移轉,02820000
RPUNMLOKJHKGFAK48DA,興榮段,97.00,非都市：山坡地保育區 ; 非都市編定：農牧用地,1,1,全筆移轉,02830000
RPRNMLOKKHKGFCK48DA,中溝段,85.61,非都市：特定農業區 ; 非都市編定：甲種建築用地,1,1,全筆移轉,05140006
RPUNMLOKJHKGFAK48DA,興榮段,2502.00,非都市：山坡地保育區 ; 非都市編定：農牧用地,1,1,全筆移轉,02840000
RPUNMLOKJHKGFAK48DA,興榮段,422.00,非都市：山坡地保育區 ; 非都市編定：農牧用地,1,1,全筆移轉,02850000
SPRNMLRJKHKGFEK98DA,新盛段,58.08,非都市：山坡地保育區 ; 非都市編定：暫未編定,2,1,持分移轉,02620000
RPTNMLNJKHKGFBK38DA,文聖段,22.88,都市：其他:住宅區,100000,715,持分移轉,20120000
RPTNMLNKKHKGFBK48DA,福安段,52.37,,50,4,持分移轉,04250000
RPPNMLRJKHKGFBK38DA,福安段,44.02,都市：其他:住宅區,100000,3112,持分移轉,13440000
RPSNMLOKKHKGFBK48DA,南苗段,21.54,都市：其他:商業區,1,1,全筆移轉,02830000
RPSNMLOKKHKGFBK48DA,南苗段,24.14,都市：其他:商業區,1,1,全筆移轉,02840000
RPWNMLPLKIJGFDK66DA,延平段,5.96,都市：其他:工業區,10000,13,持分移轉,02120000
RPWNMLPLKIJGFDK66DA,延平段,.53,都市：其他:工業區,22,1,持分移轉,04620000
RPWNMLPLKIJGFDK66DA,延平段,31.41,都市：其他:工業區,22,1,持分移轉,04630000
RPWNMLPLKIJGFDK66DA,延平段,146.55,都市：其他:工業區,1,1,全筆移轉,04710000
RPSNMLRKKHKGFCK88DA,通平段,120.59,非都市：鄉村區 ; 非都市編定：乙種建築用地,1,1,全筆移轉,09060000
RPQNMLOKJHKGFDK38DA,大山腳段,7.54,非都市：特定農業區 ; 非都市編定：甲種建築用地,10000,314,持分移轉,06800456
RPQNMLOKJHKGFDK38DA,大山腳段,3.39,非都市：特定農業區 ; 非都市編定：甲種建築用地,10000,314,持分移轉,06800470
RPQNMLOKJHKGFDK38DA,大山腳段,26.34,非都市：特定農業區 ; 非都市編定：甲種建築用地,10000,314,持分移轉,06800471
RPQNMLOKJHKGFDK38DA,大山腳段,1.10,非都市：特定農業區 ; 非都市編定：甲種建築用地,10000,314,持分移轉,06800473
RPQNMLOKJHKGFDK38DA,大山腳段,3.74,非都市：特定農業區 ; 非都市編定：甲種建築用地,10000,314,持分移轉,06801253
RPQNMLOKJHKGFDK38DA,大山腳段,20.00,非都市：特定農業區 ; 非都市編定：甲種建築用地,10000,314,持分移轉,23690000
RPQNMLOKJHKGFDK38DA,大山腳段,3.23,非都市：特定農業區 ; 非都市編定：甲種建築用地,10000,314,持分移轉,23690001
RPQNMLOKJHKGFDK38DA,大山腳段,7.54,都市：其他:,10000,314,持分移轉,06800456
SPQNMLOKJHKGFDK48DA,大山腳段,5.21,非都市：特定農業區 ; 非都市編定：甲種建築用地,10000,217,持分移轉,06800456
SPQNMLOKJHKGFDK48DA,大山腳段,2.34,非都市：特定農業區 ; 非都市編定：甲種建築用地,10000,217,持分移轉,06800470
SPQNMLOKJHKGFDK48DA,大山腳段,18.21,非都市：特定農業區 ; 非都市編定：甲種建築用地,10000,217,持分移轉,06800471
SPQNMLOKJHKGFDK48DA,大山腳段,.76,非都市：特定農業區 ; 非都市編定：甲種建築用地,10000,217,持分移轉,06800473
SPQNMLOKJHKGFDK48DA,大山腳段,2.58,非都市：特定農業區 ; 非都市編定：甲種建築用地,10000,217,持分移轉,06801253
SPQNMLOKJHKGFDK48DA,大山腳段,13.82,非都市：特定農業區 ; 非都市編定：甲種建築用地,10000,217,持分移轉,23690000
SPQNMLOKJHKGFDK48DA,大山腳段,2.24,非都市：特定農業區 ; 非都市編定：甲種建築用地,10000,217,持分移轉,23690001
RPSNMLPJKHKGFDK68DA,龍山段,28.65,都市：其他:住宅區,587720,2865,持分移轉,01380000
RPPNMLKMKIJGFEK28DA,鯉魚段,583.16,非都市：特定農業區 ; 非都市編定：農牧用地,1,1,全筆移轉,07780000
RPWNMLLKKHKGFDK78DA,龍昇段,172.69,非都市：山坡地保育區 ; 非都市編定：交通用地,1,1,全筆移轉,09140001
RPWNMLLKKHKGFDK78DA,龍昇段,293.54,非都市：山坡地保育區 ; 非都市編定：交通用地,1,1,全筆移轉,09170000
RPWNMLLKKHKGFDK78DA,龍昇段,132.61,非都市：山坡地保育區 ; 非都市編定：交通用地,1,1,全筆移轉,09190000
RPWNMLLKKHKGFDK78DA,龍昇段,401.50,非都市：山坡地保育區 ; 非都市編定：交通用地,1,1,全筆移轉,09200000
RPWNMLLKKHKGFDK78DA,龍昇段,443.03,非都市：山坡地保育區 ; 非都市編定：交通用地,1,1,全筆移轉,09220000
RPWNMLLKKHKGFDK78DA,龍昇段,284.52,非都市：山坡地保育區 ; 非都市編定：交通用地,1,1,全筆移轉,09230000
RPWNMLLKKHKGFDK78DA,龍昇段,198.49,非都市：山坡地保育區 ; 非都市編定：交通用地,1,1,全筆移轉,09240000
RPPNMLNKKHKGFEK38DA,中心段,109.66,都市：其他:住宅區,1,1,全筆移轉,02380000
RPPNMLNKKHKGFEK38DA,中心段,14.73,都市：其他:道路用地,1,1,全筆移轉,02390000
RPTNMLOKKHKGFDK78DA,廣源段,82.09,非都市：山坡地保育區 ; 非都市編定：丙種建築用地,2,1,持分移轉,05550000
RPTNMLOKKHKGFDK78DA,廣源段,82.09,非都市：山坡地保育區 ; 非都市編定：丙種建築用地,2,1,持分移轉,05550000
RPTNMLOKKHKGFDK78DA,廣源段,9.16,非都市：山坡地保育區 ; 非都市編定：丙種建築用地,1148,19,持分移轉,05710000
RPTNMLOKKHKGFDK78DA,廣源段,9.16,非都市：山坡地保育區 ; 非都市編定：丙種建築用地,1148,19,持分移轉,05710000
RPQNMLOKKHKGFEK58DA,新五湖段,2800.00,非都市：特定農業區 ; 非都市編定：農牧用地,1,1,全筆移轉,04990000
RPSNMLNJKHKGFBK28DA,文發段,1.33,都市：其他:道路用地,2300,22,持分移轉,01180000
RPSNMLNJKHKGFBK28DA,文發段,.05,都市：其他:道路用地,2300,22,持分移轉,01190000
RPSNMLNJKHKGFBK28DA,文發段,.54,都市：其他:道路用地,2300,22,持分移轉,01210000
RPSNMLNJKHKGFBK28DA,文發段,118.32,都市：其他:住宅區,1,1,全筆移轉,06900000
RPPNMLOLJHKGFFK58DA,興隆段興隆小段,1067.00,都市：其他:農業區,1,1,全筆移轉,08020002
RPRNMLOKKHKGFDK58DA,龍天段,24.96,都市：其他:工業區,4,1,持分移轉,01950000
RPRNMLOKKHKGFDK58DA,龍天段,24.96,都市：其他:工業區,4,1,持分移轉,01950000
RPRNMLOKKHKGFDK58DA,龍天段,24.96,都市：其他:工業區,4,1,持分移轉,01950000
RPRNMLQKKIJGFAK48DA,大湖段,450.38,非都市：山坡地保育區 ; 非都市編定：農牧用地,8,1,持分移轉,11510000
RPRNMLQKKIJGFAK48DA,大湖段,40.62,非都市：山坡地保育區 ; 非都市編定：丙種建築用地,8,1,持分移轉,11510001
RPRNMLQKKIJGFAK48DA,大湖段,58.75,非都市：山坡地保育區 ; 非都市編定：農牧用地,8,1,持分移轉,16530000
RPRNMLQKKIJGFAK48DA,大湖段,107.50,非都市：山坡地保育區 ; 非都市編定：農牧用地,8,1,持分移轉,16540000
RPRNMLQKKIJGFAK48DA,大湖段,518.00,非都市：山坡地保育區 ; 非都市編定：林業用地,8,1,持分移轉,16680000
RPRNMLQKKIJGFAK48DA,大湖段,940.38,非都市：山坡地保育區 ; 非都市編定：農牧用地,8,1,持分移轉,16790000
RPRNMLQKKIJGFAK48DA,大湖段,1575.38,非都市：山坡地保育區 ; 非都市編定：林業用地,8,1,持分移轉,16790001
RPVNMLQJKHKGFBK88DA,出礦坑段,107.00,非都市：山坡地保育區 ; 非都市編定：水利用地,1,1,全筆移轉,00060001
RPVNMLQJKHKGFBK88DA,出礦坑段,167.00,非都市：山坡地保育區 ; 非都市編定：交通用地,1,1,全筆移轉,00060002
RPPNMLLKKHKGFBK87DA,北苗段,21.68,都市：其他:商業區,1136,61,持分移轉,05520000
RPPNMLKKKHKGFCK87DA,玉山段,1209.43,非都市：特定農業區 ; 非都市編定：甲種建築用地,1,1,全筆移轉,19050000
RPOOMLNKJHKGFBK97DA,維祥段維祥小段,65.00,非都市：鄉村區 ; 非都市編定：乙種建築用地,1,1,全筆移轉,01360030
RPXNMLQJKHKGFDK66DA,五福段,65.80,非都市：特定農業區 ; 非都市編定：農牧用地,3,1,持分移轉,05090000
RPXNMLQJKHKGFDK66DA,五福段,65.80,非都市：特定農業區 ; 非都市編定：農牧用地,3,1,持分移轉,05090000
RPXNMLQJKHKGFDK66DA,五福段,65.80,非都市：特定農業區 ; 非都市編定：農牧用地,3,1,持分移轉,05090000
RPXNMLQJKHKGFDK66DA,五福段,45.57,非都市：特定農業區 ; 非都市編定：農牧用地,3,1,持分移轉,05100000
RPXNMLQJKHKGFDK66DA,五福段,45.57,非都市：特定農業區 ; 非都市編定：農牧用地,3,1,持分移轉,05100000
RPXNMLQJKHKGFDK66DA,五福段,45.57,非都市：特定農業區 ; 非都市編定：農牧用地,3,1,持分移轉,05100000
RPPNMLSJKHKGFEK78DA,東田洋段,1032.09,非都市：特定農業區 ; 非都市編定：農牧用地,1,1,全筆移轉,05780002
RPROMLTJKIJGFDK09DA,光復段,148.89,都市：其他:商業區,1,1,全筆移轉,09890000
RPUNMLLMKIJGFBK58DA,福東段,117.35,非都市：鄉村區 ; 非都市編定：乙種建築用地,1,1,全筆移轉,03430000
RPUNMLLMKIJGFBK58DA,福東段,44.49,非都市：特定農業區 ; 非都市編定：甲種建築用地,1,1,全筆移轉,03450000
SPRNMLPJKHKGFBK48DA,勝利段,330.53,非都市：特定農業區 ; 非都市編定：農牧用地,15,2,持分移轉,07580002
TPRNMLPJKHKGFBK58DA,勝利段,330.53,非都市：特定農業區 ; 非都市編定：農牧用地,15,2,持分移轉,07580002
RPQNMLKKKHKGFDK08DA,平安段,77.62,非都市：鄉村區 ; 非都市編定：乙種建築用地,1,1,全筆移轉,00960000
RPRNMLPJKHKGFBK38DA,勝利段,330.53,非都市：特定農業區 ; 非都市編定：農牧用地,15,2,持分移轉,07580002
RPXNMLLKKHKGFBK68DA,外獅潭段,1924.00,都市：其他:農業區,1,1,全筆移轉,13700000
RPWNMLMLJHKGFFK09DA,中山段,113.40,都市：其他:乙種工業區,1,1,全筆移轉,11440002
SPWNMLMLJHKGFFK56DA,中山段,1389.59,都市：其他:乙種工業區,1,1,全筆移轉,11440003
SPWNMLMLJHKGFFK56DA,中山段,15.45,都市：其他:乙種工業區,1,1,全筆移轉,11450001
RPSNMLOJKHKGFBK38DA,嘉福段,12.92,都市：其他:商業區,10000,1148,持分移轉,10870000
RPSNMLOJKHKGFBK38DA,嘉福段,.33,都市：其他:住宅區,10000,1148,持分移轉,10870001
RPPNMLSKKHKGFAK48DA,大湖段,650.00,非都市：特定農業區 ; 非都市編定：甲種建築用地,1,1,全筆移轉,04450000
RPPNMLSKKHKGFAK48DA,大湖段,862.00,非都市：特定農業區 ; 非都市編定：農牧用地,1,1,全筆移轉,04460001
RPPNMLSKKHKGFAK48DA,大湖段,4129.00,非都市：特定農業區 ; 非都市編定：農牧用地,1,1,全筆移轉,04460005
RPPNMLSKKHKGFAK48DA,大湖段,277.00,非都市：特定農業區 ; 非都市編定：農牧用地,1,1,全筆移轉,04460010
RPPNMLSKKHKGFAK48DA,大湖段,119.00,非都市：特定農業區 ; 非都市編定：交通用地,1,1,全筆移轉,04460011
RPPNMLSKKHKGFAK48DA,大湖段,914.00,非都市：特定農業區 ; 非都市編定：農牧用地,1,1,全筆移轉,04480019
RPTNMLNJJHKGFFK68DA,山下段,1051.43,都市：其他:農業區,1,1,全筆移轉,00760000
RPRNMLKLJHKGFAK87DA,麻必浩段,6780.00,非都市：山坡地保育區 ; 非都市編定：林業用地,1,1,全筆移轉,00760000
RPOOMLPJKIJGFFK58DA,隆興段,177.11,都市：其他:農業區,1,1,全筆移轉,02870000
RPOOMLPJKIJGFFK58DA,隆興段,2240.23,都市：其他:道路用地,1,1,全筆移轉,02870001
RPOOMLPJKIJGFFK58DA,隆興段,492.80,都市：其他:農業區,1,1,全筆移轉,09940000
RPTNMLMLJHKGFDK58DA,新山佳段,29.70,都市：其他:住宅區,10000,238,持分移轉,09860000
RPSNMLKKKHKGFDK28DA,環市段,118.00,都市：其他:住宅區,1,1,全筆移轉,09200000
RPSNMLKKKHKGFDK28DA,環市段,156.63,都市：其他:住宅區,1,1,全筆移轉,09210000
RPSNMLKKKHKGFDK28DA,環市段,2.37,都市：其他:道路用地,1,1,全筆移轉,09210001
RPSNMLKKKHKGFDK28DA,環市段,12.29,都市：其他:住宅區,1,1,全筆移轉,09220000
RPSNMLKKKHKGFDK28DA,環市段,4.71,都市：其他:道路用地,1,1,全筆移轉,09220001
RPUNMLKMKIJGFDK68DA,復興段,18.50,非都市：鄉村區 ; 非都市編定：乙種建築用地,10000,582,持分移轉,00530000
RPPNMLOKKHKGFEK48DA,僑成段,1404.97,非都市：山坡地保育區 ; 非都市編定：林業用地,1,1,全筆移轉,07750001
RPPNMLOKKHKGFEK48DA,僑成段,533.53,非都市：山坡地保育區 ; 非都市編定：丙種建築用地,1,1,全筆移轉,07750005
RPQPMLMLJIJGFDK48DA,龍天段,83.25,都市：其他:工業區,2,1,持分移轉,08220000
RPQPMLMLJIJGFDK48DA,龍天段,.86,都市：其他:工業區,76,2,持分移轉,08230000
RPQPMLMLJIJGFDK48DA,龍天段,.86,都市：其他:工業區,76,2,持分移轉,08250000
RPRNMLQJKIJGFBK48DA,館聖段,26.96,都市：其他:住宅區,1,1,全筆移轉,07080013
RPSNMLQJKIJGFBK58DA,館聖段,70.39,都市：其他:住宅區,1,1,全筆移轉,06980001
RPWNMLQJKHKGFDK56DA,龍椅段,16.70,都市：其他:第一種住宅區,38,1,持分移轉,02600000
RPWNMLQJKHKGFDK56DA,龍椅段,80.71,都市：其他:第一種住宅區,1,1,全筆移轉,02600019
RPWNMLQJKHKGFDK56DA,龍椅段,.22,都市：其他:第一種住宅區,60,1,持分移轉,02600061
RPWNMLQJKHKGFDK56DA,龍椅段,.22,都市：其他:第一種住宅區,60,1,持分移轉,02600062
RPWNMLQJKHKGFDK56DA,龍椅段,1.36,都市：其他:第一種住宅區,60,1,持分移轉,02600063
RPPNMLLKKHKGFCK97DA,北勢窩段,451.00,非都市：山坡地保育區 ; 非都市編定：丁種建築用地,1,1,全筆移轉,06620000
RPPNMLLKKHKGFCK97DA,北勢窩段,834.00,非都市：山坡地保育區 ; 非都市編定：丁種建築用地,1,1,全筆移轉,06620001
RPPNMLLKKHKGFCK97DA,北勢窩段,752.00,非都市：山坡地保育區 ; 非都市編定：窯業用地,1,1,全筆移轉,06630000
RPPNMLLKKHKGFCK97DA,北勢窩段,1862.00,非都市：山坡地保育區 ; 非都市編定：丁種建築用地,1,1,全筆移轉,12930002
RPPNMLLKKHKGFCK97DA,北勢窩段,9964.00,非都市：山坡地保育區 ; 非都市編定：窯業用地,1,1,全筆移轉,12930004
RPPNMLLKKHKGFCK97DA,北勢窩段,1921.00,非都市：山坡地保育區 ; 非都市編定：丙種建築用地,1,1,全筆移轉,12930019
RPPNMLLKKHKGFCK97DA,北勢窩段,7121.00,非都市：山坡地保育區 ; 非都市編定：丁種建築用地,1,1,全筆移轉,12930020
RPPNMLLKKHKGFCK97DA,北勢窩段,4371.00,非都市：山坡地保育區 ; 非都市編定：窯業用地,1,1,全筆移轉,12930021
RPPNMLLKKHKGFCK97DA,北勢窩段,6022.00,非都市：山坡地保育區 ; 非都市編定：丁種建築用地,1,1,全筆移轉,12930022
RPPNMLLKKHKGFCK97DA,北勢窩段,471.00,非都市：山坡地保育區 ; 非都市編定：丁種建築用地,1,1,全筆移轉,12930023
RPPNMLLKKHKGFCK97DA,北勢窩段,231.00,非都市：山坡地保育區 ; 非都市編定：丙種建築用地,1,1,全筆移轉,12930025
RPPNMLLKKHKGFCK97DA,北勢窩段,1696.00,非都市：山坡地保育區 ; 非都市編定：丙種建築用地,1,1,全筆移轉,12930026
RPPNMLLKKHKGFCK97DA,北勢窩段,366.00,非都市：山坡地保育區 ; 非都市編定：丁種建築用地,1,1,全筆移轉,12930042
RPPNMLLKKHKGFCK97DA,北勢窩段,466.00,非都市：山坡地保育區 ; 非都市編定：丙種建築用地,1,1,全筆移轉,12980000
RPPNMLKKKHKGFAK67DA,富興段,18.36,都市：其他:保護區,12,1,持分移轉,06230000
RPPNMLKKKHKGFAK67DA,富興段,8.52,都市：其他:道路用地,9,1,持分移轉,06330000
RPPNMLKKKHKGFAK67DA,富興段,84.92,都市：其他:住宅區,1,1,全筆移轉,06350009
RPPNMLOKKHKGFFK58DA,蘆竹湳段流水潭小段,679.00,都市：其他:綠地,1,1,全筆移轉,01740000
RPPNMLOKKHKGFFK58DA,蘆竹湳段流水潭小段,35.00,都市：其他:綠地,1,1,全筆移轉,01740005
RPPNMLOKKHKGFFK58DA,蘆竹湳段流水潭小段,31.00,都市：其他:液化天然氣專用區,1,1,全筆移轉,01740009
RPSNMLNKKHKGFBK38DA,芒埔段,88.00,非都市：鄉村區 ; 非都市編定：乙種建築用地,1,1,全筆移轉,06920004
RPQNMLKLJHKGFFK28DA,僑善段,37.02,非都市：鄉村區 ; 非都市編定：乙種建築用地,20000,172,持分移轉,06050000
RPRNMLLLJIJGFCK18DA,鎮安段,1581.89,非都市：特定農業區 ; 非都市編定：農牧用地,1,1,全筆移轉,14140000
RPSNMLLLJHKGFCK28DA,通平段,317.79,非都市：一般農業區 ; 非都市編定：農牧用地,2,1,持分移轉,13410005
RPSNMLLLJHKGFCK28DA,通平段,8487.28,非都市：一般農業區 ; 非都市編定：農牧用地,1,1,全筆移轉,13410006
RPTNMLSJJHKGFDK98DA,大山段,639.17,非都市：鄉村區 ; 非都市編定：乙種建築用地,1,1,全筆移轉,00950000
RPPNMLQJKHKGFBK28DA,高苗段,114.18,非都市：鄉村區 ; 非都市編定：乙種建築用地,1,1,全筆移轉,11170000
RPVNMLRJJHKGFFK66DA,興隆段上埔小段,658.00,都市：其他:農業區,60,12,持分移轉,01650010
RPSNMLKKJHKGFFK38DA,觀音段,3321.05,非都市：山坡地保育區 ; 非都市編定：農牧用地,1,1,全筆移轉,07700000
RPQNMLSJJHKGFFK88DA,湳湖段,58.93,都市：其他:農業區,1,1,全筆移轉,06680002
RPQNMLSJJHKGFFK88DA,湳湖段,2569.59,都市：其他:農業區,1,1,全筆移轉,06920000
RPQNMLSJJHKGFFK88DA,湳湖段,2569.62,都市：其他:農業區,1,1,全筆移轉,06920004
RPUNMLRJJHKGFFK56DA,湳湖段,487.88,都市：其他:農業區,25,5,持分移轉,03660000
RPTNMLLLJHKGFCK38DA,通平段,5500.00,非都市：一般農業區 ; 非都市編定：農牧用地,1,1,全筆移轉,13410004
RPTNMLLLJHKGFCK38DA,通平段,317.79,非都市：一般農業區 ; 非都市編定：農牧用地,2,1,持分移轉,13410005
RPQNMLSJKHKGFFK98DA,東興段,57.04,非都市：山坡地保育區 ; 非都市編定：農牧用地,25,2,持分移轉,02510000
RPQNMLSJKHKGFFK98DA,東興段,13.60,非都市：山坡地保育區 ; 非都市編定：農牧用地,25,2,持分移轉,02520000
RPQNMLSJKHKGFFK98DA,東興段,22.40,非都市：山坡地保育區 ; 非都市編定：農牧用地,25,2,持分移轉,07990002
RPQNMLSJKHKGFFK98DA,東興段,169.52,非都市：山坡地保育區 ; 非都市編定：農牧用地,25,2,持分移轉,08000001
RPQNMLSJKHKGFFK98DA,東興段,1804.88,非都市：山坡地保育區 ; 非都市編定：林業用地,25,2,持分移轉,08940000
RPQNMLSJKHKGFFK98DA,東興段,178.48,非都市：山坡地保育區 ; 非都市編定：農牧用地,25,2,持分移轉,08950000
RPQNMLSJKHKGFFK98DA,東興段,31.04,非都市：山坡地保育區 ; 非都市編定：農牧用地,25,2,持分移轉,08960000
RPQNMLSJKHKGFFK98DA,東興段,77.20,非都市：山坡地保育區 ; 非都市編定：林業用地,25,2,持分移轉,08980000
SPQNMLSJKHKGFFK09DA,東興段,57.04,非都市：山坡地保育區 ; 非都市編定：農牧用地,25,2,持分移轉,02510000
SPQNMLSJKHKGFFK09DA,東興段,13.60,非都市：山坡地保育區 ; 非都市編定：農牧用地,25,2,持分移轉,02520000
SPQNMLSJKHKGFFK09DA,新興段,71.42,非都市：特定農業區 ; 非都市編定：農牧用地,25,2,持分移轉,02720000
SPQNMLSJKHKGFFK09DA,東興段,22.40,非都市：山坡地保育區 ; 非都市編定：農牧用地,25,2,持分移轉,07990002
SPQNMLSJKHKGFFK09DA,東興段,169.52,非都市：山坡地保育區 ; 非都市編定：農牧用地,25,2,持分移轉,08000001
SPQNMLSJKHKGFFK09DA,東興段,1804.88,非都市：山坡地保育區 ; 非都市編定：林業用地,25,2,持分移轉,08940000
SPQNMLSJKHKGFFK09DA,東興段,178.48,非都市：山坡地保育區 ; 非都市編定：農牧用地,25,2,持分移轉,08950000
SPQNMLSJKHKGFFK09DA,東興段,31.04,非都市：山坡地保育區 ; 非都市編定：農牧用地,25,2,持分移轉,08960000
SPQNMLSJKHKGFFK09DA,東興段,77.20,非都市：山坡地保育區 ; 非都市編定：林業用地,25,2,持分移轉,08980000
RPTNMLQJKHKGFDK88DA,龍椅段,74.81,都市：其他:第一種住宅區,1,1,全筆移轉,02600002
RPTNMLQJKHKGFDK88DA,龍椅段,.22,都市：其他:第一種住宅區,60,1,持分移轉,02600061
RPTNMLQJKHKGFDK88DA,龍椅段,.22,都市：其他:第一種住宅區,60,1,持分移轉,02600062
RPTNMLQJKHKGFDK88DA,龍椅段,1.36,都市：其他:第一種住宅區,60,1,持分移轉,02600063
RPVNMLQJKHKGFDK09DA,龍椅段,16.70,都市：其他:第一種住宅區,38,1,持分移轉,02600000
RPVNMLQJKHKGFDK09DA,龍椅段,59.50,都市：其他:第一種住宅區,1,1,全筆移轉,02600036
RPVNMLQJKHKGFDK09DA,龍椅段,.22,都市：其他:第一種住宅區,60,1,持分移轉,02600061
RPVNMLQJKHKGFDK09DA,龍椅段,.22,都市：其他:第一種住宅區,60,1,持分移轉,02600062
RPVNMLQJKHKGFDK09DA,龍椅段,1.36,都市：其他:第一種住宅區,60,1,持分移轉,02600063
RPRNMLRJKHKGFEK88DA,新盛段,58.08,非都市：山坡地保育區 ; 非都市編定：暫未編定,2,1,持分移轉,02620000
RPRNMLRKJHKGFDK78DA,淡文湖段,20.05,非都市：山坡地保育區 ; 非都市編定：丙種建築用地,10000,258,持分移轉,09240041
RPTNMLRJKHKGFFK56DA,蟠桃段忠孝小段,39.47,都市：其他:住宅區,1000,86,持分移轉,05560000
RPSNMLQJKHKGFFK98DA,蟠桃段忠孝小段,17.44,都市：其他:住宅區,1000,38,持分移轉,05560000
RPTNMLSJKHKGFFK66DA,尖山下段,1031.00,非都市：山坡地保育區 ; 非都市編定：農牧用地,1,1,全筆移轉,00010005
RPTNMLSJKHKGFFK66DA,尖山下段,1395.00,非都市：山坡地保育區 ; 非都市編定：農牧用地,1,1,全筆移轉,00020000
RPTNMLSJKHKGFFK66DA,尖山下段,564.00,非都市：山坡地保育區 ; 非都市編定：農牧用地,1,1,全筆移轉,00020001
RPTNMLSJKHKGFFK66DA,尖山下段,1330.00,非都市：山坡地保育區 ; 非都市編定：農牧用地,1,1,全筆移轉,00020003
RPTNMLSJKHKGFFK66DA,尖山下段,373.00,非都市：山坡地保育區 ; 非都市編定：農牧用地,1,1,全筆移轉,00070000
RPTNMLSJKHKGFFK66DA,尖山下段,3531.00,非都市：山坡地保育區 ; 非都市編定：農牧用地,1,1,全筆移轉,10220002
RPTNMLSJKHKGFFK66DA,尖山下段,2012.00,非都市：山坡地保育區 ; 非都市編定：農牧用地,1,1,全筆移轉,10220004
RPTNMLSJKHKGFFK66DA,尖山下段,949.00,非都市：山坡地保育區 ; 非都市編定：農牧用地,1,1,全筆移轉,10220010
RPTNMLSJKHKGFFK66DA,尖山下段,3876.00,非都市：山坡地保育區 ; 非都市編定：農牧用地,1,1,全筆移轉,10220011
RPTNMLSJKHKGFFK66DA,尖山下段,200.00,非都市：山坡地保育區 ; 非都市編定：農牧用地,1,1,全筆移轉,10220012
RPPNMLRJKHKGFFK78DA,蟠桃段忠孝小段,39.47,都市：其他:住宅區,1000,86,持分移轉,05560000
RPPNMLKKKHKGFFK28EA,南下林坪段,63.25,非都市：山坡地保育區 ; 非都市編定：林業用地,1,1,全筆移轉,07560000
RPPNMLKKKHKGFFK28EA,南下林坪段,7671.52,非都市：山坡地保育區 ; 非都市編定：林業用地,1,1,全筆移轉,07570000
RPPNMLKKKHKGFFK28EA,南下林坪段,499.55,非都市：山坡地保育區 ; 非都市編定：林業用地,1,1,全筆移轉,07650000
RPPNMLKKKHKGFFK28EA,南下林坪段,150.68,非都市：山坡地保育區 ; 非都市編定：林業用地,1,1,全筆移轉,07650001
RPTPMLKKKHKGFBK38DA,巨蛋段,38.56,都市：其他:住宅區,100000,5224,持分移轉,16040000
RPQNMLRJKHKGFFK88DA,蟠桃段忠孝小段,17.44,都市：其他:住宅區,1000,38,持分移轉,05560000
RPRNMLRJKHKGFFK98DA,蟠桃段忠孝小段,40.39,都市：其他:住宅區,1000,88,持分移轉,05560000
RPUPMLKKKHKGFBK48DA,巨蛋段,35.46,都市：其他:住宅區,100000,4805,持分移轉,16040000
RPOOMLQLKIJGFDK68DA,后厝段,571.39,都市：其他:住宅區,1,1,全筆移轉,02830005
RPWNMLQLKIJGFDK76DA,五福段,52.25,非都市：鄉村區 ; 非都市編定：乙種建築用地,1,1,全筆移轉,00900000
RPSNMLLKKHKGFBK18DA,巨蛋段,29.42,都市：其他:住宅區,100000,1824,持分移轉,15890000
RPXNMLKKKHKGFFK98DA,觀音段,84.77,非都市：一般農業區 ; 非都市編定：丁種建築用地,1000000,152080,持分移轉,02310000
RPXNMLKKKHKGFFK98DA,觀音段,67.30,非都市：一般農業區 ; 非都市編定：丁種建築用地,1000000,250600,持分移轉,02310006
RPXNMLKKKHKGFFK98DA,觀音段,1283.05,非都市：一般農業區 ; 非都市編定：丁種建築用地,1,1,全筆移轉,02310010
RPPOMLKKKHKGFFK28DA,蟠桃段忠孝小段,17.44,都市：其他:住宅區,1000,38,持分移轉,05560000
RPTNMLPLIIJGFDK78DA,龍富段,147.05,都市：其他:第一種住宅區,1,1,全筆移轉,05030000
RPQPMLKKKHKGFBK08DA,巨蛋段,26.05,都市：其他:住宅區,100000,1615,持分移轉,15890000
RPRUMLPJIIJGFFK66DA,仁愛段,34.71,都市：其他:住宅區,10000,29,持分移轉,00360000
RPVTMLPJIIJGFFK96DA,仁愛段,34.71,都市：其他:住宅區,10000,29,持分移轉,00360000
RPVNMLTJKHKGFBK56DA,巨蛋段,35.35,都市：其他:住宅區,100000,2192,持分移轉,15890000
RPQNMLTJKHKGFBK68DA,巨蛋段,29.42,都市：其他:住宅區,100000,1824,持分移轉,15890000
RPWNMLLLJHKGFBK58DA,維祥段維祥小段,89.00,非都市：鄉村區 ; 非都市編定：乙種建築用地,1,1,全筆移轉,03100003
RPWNMLLLJHKGFBK58DA,維祥段維祥小段,14.00,非都市：鄉村區 ; 非都市編定：乙種建築用地,1,1,全筆移轉,03100010
RPSPNLPJIIJGFFK98DA,仁愛段,34.71,都市：其他:住宅區,20000,58,持分移轉,00360000
RPWPNLPJIIJGFFK76DA,仁愛段,34.71,都市：其他:住宅區,10000,29,持分移轉,00360000
RPUTMLPJIIJGFFK86DA,仁愛段,34.71,都市：其他:住宅區,10000,29,持分移轉,00360000
RPQONLRJIIJGFFK88DA,仁愛段,27.53,都市：其他:住宅區,10000,23,持分移轉,00360000
RPQTNLRJIIJGFFK76DA,仁愛段,23.94,都市：其他:住宅區,10000,20,持分移轉,00360000
RPSNMLQJKHKGFDK78DA,龍椅段,82.50,都市：其他:第一種住宅區,1,1,全筆移轉,02600049
RPSNMLQJKHKGFDK78DA,龍椅段,.22,都市：其他:第一種住宅區,60,1,持分移轉,02600061
RPSNMLQJKHKGFDK78DA,龍椅段,.22,都市：其他:第一種住宅區,60,1,持分移轉,02600062
RPSNMLQJKHKGFDK78DA,龍椅段,1.36,都市：其他:第一種住宅區,60,1,持分移轉,02600063
RPXUNLPJIIJGFFK37DA,仁愛段,23.94,都市：其他:住宅區,10000,20,持分移轉,00360000
RPUOMLLLJHKGFBK48DA,維祥段維祥小段,22.00,非都市：鄉村區 ; 非都市編定：乙種建築用地,1,1,全筆移轉,03100018
RPUOMLLLJHKGFBK48DA,維祥段維祥小段,85.00,非都市：鄉村區 ; 非都市編定：乙種建築用地,1,1,全筆移轉,03100025
RPRTNLRJIIJGFFK86DA,仁愛段,23.94,都市：其他:住宅區,10000,20,持分移轉,00360000
RPURMLPJIIJGFFK66DA,仁愛段,23.94,都市：其他:住宅區,10000,20,持分移轉,00360000
RPRSMLPJIIJGFFK09DA,仁愛段,34.71,都市：其他:住宅區,10000,29,持分移轉,00360000
RPRNMLSKKHKGFAK68DA,西坪段,1959.95,非都市：特定農業區 ; 非都市編定：農牧用地,1,1,全筆移轉,07970001
RPSNMLSKKHKGFAK78DA,西坪段,632.12,非都市：特定農業區 ; 非都市編定：農牧用地,1392,195,持分移轉,07890000
RPSNMLSKKHKGFAK78DA,西坪段,903.32,非都市：特定農業區 ; 非都市編定：農牧用地,1,1,全筆移轉,07900000
RPSNMLTJKHKGFBK88DA,巨蛋段,29.34,都市：其他:住宅區,100000,1819,持分移轉,15890000
RPVPMLKKKHKGFBK58DA,巨蛋段,29.78,都市：其他:住宅區,100000,4035,持分移轉,16040000
RPVOMLKKKHKGFBK48DA,巨蛋段,31.56,都市：其他:住宅區,100000,1957,持分移轉,15890000
RPPNNLOJIIJGFFK38DA,仁愛段,26.33,都市：其他:住宅區,10000,22,持分移轉,00360000
RPVOMLLLJHKGFBK58DA,維祥段維祥小段,17.00,非都市：鄉村區 ; 非都市編定：乙種建築用地,1,1,全筆移轉,01670043
RPVOMLLLJHKGFBK58DA,維祥段維祥小段,6.00,非都市：鄉村區 ; 非都市編定：乙種建築用地,1,1,全筆移轉,01670044
RPVOMLLLJHKGFBK58DA,維祥段維祥小段,8.80,非都市：鄉村區 ; 非都市編定：乙種建築用地,5,1,持分移轉,01670046
RPVOMLLLJHKGFBK58DA,維祥段維祥小段,4.00,非都市：鄉村區 ; 非都市編定：乙種建築用地,1,1,全筆移轉,03100017
RPVOMLLLJHKGFBK58DA,維祥段維祥小段,79.00,非都市：鄉村區 ; 非都市編定：乙種建築用地,1,1,全筆移轉,03100024
RPSTNLRJIIJGFFK96DA,仁愛段,23.94,都市：其他:住宅區,10000,20,持分移轉,00360000
RPSNMLNKJHKGFBK28DA,文峰段,540.54,都市：其他:商業區,1,1,全筆移轉,00490000
RPVVNLPJIIJGFFK27DA,仁愛段,23.94,都市：其他:住宅區,10000,20,持分移轉,00360000
RPTQNLRJIIJGFFK76DA,仁愛段,17.95,都市：其他:住宅區,10000,15,持分移轉,00360000
RPTNMLLLJHKGFBK28DA,維祥段維祥小段,87.00,非都市：鄉村區 ; 非都市編定：乙種建築用地,1,1,全筆移轉,03100006
RPTNMLLLJHKGFBK28DA,維祥段維祥小段,14.00,非都市：鄉村區 ; 非都市編定：乙種建築用地,1,1,全筆移轉,03100013
RPSPMLKKKHKGFBK28DA,巨蛋段,38.56,都市：其他:住宅區,100000,5224,持分移轉,16040000
RPPOMLRJIIJGFFK68DA,仁愛段,26.33,都市：其他:住宅區,10000,22,持分移轉,00360000
RPXWMLOJIIJGFFK37DA,仁愛段,26.33,都市：其他:住宅區,10000,22,持分移轉,00360000
RPQNNLPJIIJGFFK58DA,仁愛段,19.15,都市：其他:住宅區,10000,16,持分移轉,00360000
RPTONLOJIIJGFFK88DA,仁愛段,23.94,都市：其他:住宅區,10000,20,持分移轉,00360000
RPVNMLLLJHKGFBK48DA,維祥段維祥小段,89.00,非都市：鄉村區 ; 非都市編定：乙種建築用地,1,1,全筆移轉,03100004
RPVNMLLLJHKGFBK48DA,維祥段維祥小段,14.00,非都市：鄉村區 ; 非都市編定：乙種建築用地,1,1,全筆移轉,03100011
RPVQNLRJIIJGFFK96DA,仁愛段,17.95,都市：其他:住宅區,10000,15,持分移轉,00360000
RPSNMLKKKHKGFBK08DA,巨蛋段,31.56,都市：其他:住宅區,100000,1957,持分移轉,15890000
RPQQNLRJIIJGFFK09DA,仁愛段,17.95,都市：其他:住宅區,10000,15,持分移轉,00360000
RPWQMLOJIIJGFFK66DA,仁愛段,17.95,都市：其他:住宅區,10000,15,持分移轉,00360000
RPXOMLLLJHKGFBK78DA,維祥段維祥小段,9.00,非都市：鄉村區 ; 非都市編定：乙種建築用地,1,1,全筆移轉,01670036
RPXOMLLLJHKGFBK78DA,維祥段維祥小段,8.80,非都市：鄉村區 ; 非都市編定：乙種建築用地,5,1,持分移轉,01670046
RPXOMLLLJHKGFBK78DA,維祥段維祥小段,83.00,非都市：鄉村區 ; 非都市編定：乙種建築用地,1,1,全筆移轉,03100022
RPWSNLRJIIJGFFK27DA,仁愛段,23.94,都市：其他:住宅區,10000,20,持分移轉,00360000
RPWPMLKKKHKGFBK68DA,巨蛋段,35.46,都市：其他:住宅區,100000,4805,持分移轉,16040000
RPTNMLRKIIJGFFK09DA,仁愛段,23.94,都市：其他:住宅區,10000,20,持分移轉,00360000
RPRWMLOJIIJGFFK76DA,仁愛段,26.33,都市：其他:住宅區,10000,22,持分移轉,00360000
RPTNMLKKKHKGFBK18DA,巨蛋段,29.34,都市：其他:住宅區,100000,1819,持分移轉,15890000
RPQNMLQJKHKGFBK38DA,南苗段,.24,都市：其他:住宅區,1280000,3792,持分移轉,00440000
RPQNMLQJKHKGFBK38DA,南苗段,.19,都市：其他:商業區,1280000,3792,持分移轉,00450000
RPQNMLQJKHKGFBK38DA,南苗段,40.64,都市：其他:商業區,10000,1264,持分移轉,00550000
RPQNMLQJKHKGFBK38DA,南苗段,1.23,都市：其他:住宅區,10000,1264,持分移轉,00560000
RPQNMLQJKHKGFBK38DA,南苗段,.00,都市：其他:商業區,1280000,3792,持分移轉,00600000
RPWNMLTJKHKGFBK66DA,巨蛋段,39.27,都市：其他:住宅區,100000,2435,持分移轉,15890000
RPROMLKKKHKGFBK08DA,巨蛋段,26.05,都市：其他:住宅區,100000,1615,持分移轉,15890000
RPUNMLKKKHKGFBK28DA,巨蛋段,36.00,都市：其他:住宅區,100000,2232,持分移轉,15890000
RPOVMLRJIIJGFFK66DA,仁愛段,26.33,都市：其他:住宅區,10000,22,持分移轉,00360000
RPXNMLRJJIJGFFK86DA,仁愛段,17.95,都市：其他:住宅區,10000,15,持分移轉,00360000
RPPNMLTJKHKGFBK58DA,巨蛋段,42.39,都市：其他:住宅區,100000,2628,持分移轉,15890000
RPTNMLTJKHKGFBK98DA,巨蛋段,33.14,都市：其他:住宅區,100000,2055,持分移轉,15890000
RPUNMLTJKHKGFBK09DA,巨蛋段,36.00,都市：其他:住宅區,100000,2232,持分移轉,15890000
RPVNMLKKKHKGFBK38DA,巨蛋段,43.35,都市：其他:住宅區,100000,2688,持分移轉,15890000
RPSOMLKKKHKGFBK18DA,巨蛋段,29.34,都市：其他:住宅區,100000,1819,持分移轉,15890000
RPUOMLKKKHKGFBK38DA,巨蛋段,29.55,都市：其他:住宅區,100000,1832,持分移轉,15890000
RPRPMLPJIIJGFFK78DA,仁愛段,19.15,都市：其他:住宅區,10000,16,持分移轉,00360000
RPTOMLKKKHKGFBK28DA,巨蛋段,27.79,都市：其他:住宅區,100000,1723,持分移轉,15890000
RPXOMLKKKHKGFBK68DA,巨蛋段,39.27,都市：其他:住宅區,100000,2435,持分移轉,15890000
RPUNMLLLJHKGFBK38DA,維祥段維祥小段,88.00,非都市：鄉村區 ; 非都市編定：乙種建築用地,1,1,全筆移轉,03100005
RPUNMLLLJHKGFBK38DA,維祥段維祥小段,14.00,非都市：鄉村區 ; 非都市編定：乙種建築用地,1,1,全筆移轉,03100012
RPQNMLKKKHKGFBK87DA,巨蛋段,42.39,都市：其他:住宅區,100000,2628,持分移轉,15890000
RPTWNLPJIIJGFFK17DA,仁愛段,16.76,都市：其他:住宅區,10000,14,持分移轉,00360000
RPXPNLRJIIJGFFK07DA,仁愛段,17.95,都市：其他:住宅區,10000,15,持分移轉,00360000
RPQRNLRJIIJGFFK56DA,仁愛段,26.33,都市：其他:住宅區,10000,22,持分移轉,00360000
RPTONLRJIIJGFFK56DA,仁愛段,28.73,都市：其他:住宅區,10000,24,持分移轉,00360000
RPPNMLLMKIJGFFK48DA,仁愛段,17.95,都市：其他:住宅區,10000,15,持分移轉,00360000
RPSOMLLLJHKGFBK28DA,維祥段維祥小段,22.00,非都市：鄉村區 ; 非都市編定：乙種建築用地,1,1,全筆移轉,03100020
RPSOMLLLJHKGFBK28DA,維祥段維祥小段,85.00,非都市：鄉村區 ; 非都市編定：乙種建築用地,1,1,全筆移轉,03100027
RPOTMLOJIIJGFFK78DA,仁愛段,23.94,都市：其他:住宅區,10000,20,持分移轉,00360000
RPPOMLPKJHKGFBK28DA,縣府段,23.37,都市：其他:商業區,10000,1024,持分移轉,01560000
RPQOMLPKJHKGFBK38DA,縣府段,23.53,都市：其他:商業區,10000,1031,持分移轉,01560000
RPXNNLPJIIJGFFK66DA,仁愛段,23.94,都市：其他:住宅區,10000,20,持分移轉,00360000
RPXOMLPJIIJGFFK66DA,仁愛段,19.15,都市：其他:住宅區,10000,16,持分移轉,00360000
RPSVMLOJIIJGFFK76DA,仁愛段,16.76,都市：其他:住宅區,10000,14,持分移轉,00360000
RPPVMLPJIIJGFFK56DA,仁愛段,23.94,都市：其他:住宅區,10000,20,持分移轉,00360000
RPQOMLPJIIJGFFK58DA,仁愛段,19.15,都市：其他:住宅區,10000,16,持分移轉,00360000
RPVVMLRJIIJGFFK37DA,仁愛段,23.94,都市：其他:住宅區,10000,20,持分移轉,00360000
RPUUMLOJIIJGFFK86DA,仁愛段,16.76,都市：其他:住宅區,10000,14,持分移轉,00360000
RPTVMLOJIIJGFFK86DA,仁愛段,16.76,都市：其他:住宅區,10000,14,持分移轉,00360000
RPWTMLOJIIJGFFK96DA,仁愛段,23.94,都市：其他:住宅區,10000,20,持分移轉,00360000
RPURNLPJIIJGFFK76DA,仁愛段,23.94,都市：其他:住宅區,10000,20,持分移轉,00360000
RPRQMLOJIIJGFFK78DA,仁愛段,17.95,都市：其他:住宅區,10000,15,持分移轉,00360000
RPSTNLPJIIJGFFK76DA,仁愛段,19.15,都市：其他:住宅區,10000,16,持分移轉,00360000
RPSVNLPJIIJGFFK96DA,仁愛段,23.94,都市：其他:住宅區,10000,20,持分移轉,00360000
RPSWMLRJIIJGFFK17DA,仁愛段,23.94,都市：其他:住宅區,10000,20,持分移轉,00360000
RPUNMLSJIIJGFFK56DA,仁愛段,23.94,都市：其他:住宅區,10000,20,持分移轉,00360000
RPWWNLPJIIJGFFK47DA,仁愛段,16.76,都市：其他:住宅區,10000,14,持分移轉,00360000
RPOUNLPJIIJGFFK09DA,仁愛段,19.15,都市：其他:住宅區,10000,16,持分移轉,00360000
RPVNMLOJIIJGFFK88DA,仁愛段,27.53,都市：其他:住宅區,10000,23,持分移轉,00360000
RPVPMLOJIIJGFFK09DA,仁愛段,28.73,都市：其他:住宅區,10000,24,持分移轉,00360000
RPSSNLPJIIJGFFK66DA,仁愛段,23.94,都市：其他:住宅區,10000,20,持分移轉,00360000
RPTNMLSKIIJGFFK56DA,仁愛段,23.94,都市：其他:住宅區,10000,20,持分移轉,00360000
RPVNMLSJIIJGFFK66DA,仁愛段,23.94,都市：其他:住宅區,10000,20,持分移轉,00360000
