﻿鄉鎮市區,交易標的,土地位置建物門牌,土地移轉總面積平方公尺,都市土地使用分區,非都市土地使用分區,非都市土地使用編定,交易年月日,交易筆棟數,移轉層次,總樓層數,建物型態,主要用途,主要建材,建築完成年月,建物移轉總面積平方公尺,建物現況格局-房,建物現況格局-廳,建物現況格局-衛,建物現況格局-隔間,有無管理組織,總價元,單價元平方公尺,車位類別,車位移轉總面積平方公尺,車位總價元,備註,編號,主建物面積,附屬建物面積,陽台面積,電梯,移轉編號
The villages and towns urban district,transaction sign,land sector position building sector house number plate,land shifting total area square meter,the use zoning or compiles and checks,the non-metropolis land use district,non-metropolis land use,transaction year month and day,transaction pen number,shifting level,total floor number,building state,main use,main building materials,construction to complete the years,building shifting total area,Building present situation pattern - room,building present situation pattern - hall,building present situation pattern - health,building present situation pattern - compartmented,Whether there is manages the organization,total price NTD,the unit price (NTD / square meter),the berth category,berth shifting total area square meter,the berth total price NTD,the note,serial number,main building area,auxiliary building area,balcony area,elevator,transaction number
通霄鎮,房地(土地+建物),苗栗縣通霄鎮五南里６鄰中山路６８１號,114.0,,特定農業區,甲種建築用地,1140207,土地1建物1車位0,全,三層,透天厝,住家用,鋼筋混凝土造,0850612,259.6,6,3,3,有,無,5300000,20416,,0.0,0,,RPRNMLLKKHKGFCK18DA,248.51,5.27,5.82,無,
通霄鎮,土地,白沙段1171-2地號,234.83,,一般農業區,農牧用地,1140204,土地2建物0車位0,,,其他,,,,0.0,0,0,0,無,無,208232,887,,0.0,0,協議價購；,RPQNMLOJKHKGFCK28DA,0.0,0.0,0.0,無,001
後龍鎮,土地,龍坑段416地號,150.69,,山坡地保育區,農牧用地,1140204,土地1建物0車位0,,,其他,,,,0.0,0,0,0,無,無,65000,431,,0.0,0,地清或未辦繼承標售；,RPTOMLSJKHKGFDK56DA,0.0,0.0,0.0,無,
頭份市,土地,八德段157-1地號,9.07,住,,,1140207,土地3建物0車位0,,,其他,,,,0.0,0,0,0,無,無,781407,86153,,0.0,0,協議價購；,RPTNMLOJKHKGFFK88DA,0.0,0.0,0.0,無,
頭份市,土地,信義段276-4地號,236.39,農,,,1140207,土地1建物0車位0,,,其他,,,,0.0,0,0,0,無,無,4106567,17372,,0.0,0,協議價購；,RPUNMLOJKHKGFFK98DA,0.0,0.0,0.0,無,
頭份市,土地,信義段271-1地號,109.29,農,,,1140207,土地2建物0車位0,,,其他,,,,0.0,0,0,0,無,無,1898586,17372,,0.0,0,協議價購；,RPVNMLOJKHKGFFK09DA,0.0,0.0,0.0,無,
泰安鄉,土地,細道邦段936地號,380.0,,山坡地保育區,農牧用地,1140211,土地1建物0車位0,,,其他,,,,0.0,0,0,0,無,無,130000,342,,0.0,0,,RPPNMLRKKHKGFAK48EA,0.0,0.0,0.0,無,
通霄鎮,土地,內島段1085-1地號,22.95,,一般農業區,農牧用地,1140212,土地1建物0車位0,,,其他,,,,0.0,0,0,0,無,無,88082,3838,,0.0,0,協議價購；,RPQNMLMKKHKGFCK18DA,0.0,0.0,0.0,無,
通霄鎮,土地,內島段1084-1地號,221.09,,一般農業區,水利用地,1140212,土地2建物0車位0,,,其他,,,,0.0,0,0,0,無,無,861798,3898,,0.0,0,協議價購；,RPRNMLMKKHKGFCK28DA,0.0,0.0,0.0,無,
通霄鎮,土地,白沙段1171-2地號,92.13,,一般農業區,農牧用地,1140213,土地2建物0車位0,,,其他,,,,0.0,0,0,0,無,無,390826,4242,,0.0,0,協議價購；,RPSNMLMKKHKGFCK38DA,0.0,0.0,0.0,無,001
通霄鎮,土地,內島段1211-2地號,3.35,,一般農業區,農牧用地,1140213,土地1建物0車位0,,,其他,,,,0.0,0,0,0,無,無,12876,3844,,0.0,0,協議價購；,RPTNMLMKKHKGFCK48DA,0.0,0.0,0.0,無,003
苗栗市,土地,南苗段817-1地號,13.69,,,,1140210,土地2建物0車位0,,,其他,,,,0.0,0,0,0,無,無,1500000,109569,,0.0,0,,RPPNMLKKKHKGFBK77DA,0.0,0.0,0.0,無,
通霄鎮,土地,內島段1211-2地號,3.35,,一般農業區,農牧用地,1140213,土地1建物0車位0,,,其他,,,,0.0,0,0,0,無,無,12876,3844,,0.0,0,協議價購；,RPUNMLMKKHKGFCK58DA,0.0,0.0,0.0,無,
通霄鎮,土地,內島段1093-2地號,666.84,,一般農業區,農牧用地,1140213,土地2建物0車位0,,,其他,,,,0.0,0,0,0,無,無,2605732,3908,,0.0,0,協議價購；,RPVNMLMKKHKGFCK68DA,0.0,0.0,0.0,無,
後龍鎮,土地,苦苓腳段1715地號,1689.0,,特定農業區,農牧用地,1140206,土地1建物0車位0,,,其他,,,,0.0,0,0,0,無,無,3040200,1800,,0.0,0,親友、員工、共有人或其他特殊關係間之交易；,RPQPMLMKKHKGFDK48DA,0.0,0.0,0.0,無,
竹南鎮,房地(土地+建物)+車位,苗栗縣竹南鎮龍山里１１鄰龍泉街５０巷３號三樓,24.75,住,,,1140102,土地1建物1車位1,三層,七層,華廈(10層含以下有電梯),住家用,鋼筋混凝土造,0840826,134.85,3,2,2,有,有,6797777,50410,坡道機械,0.0,300000,,RPPNMLMJKHKGFDK08DA,88.25,0.0,7.95,有,
頭份市,房地(土地+建物),苗栗縣頭份市新華里９鄰中正一路２３１巷４８號,67.44,住,,,1140114,土地1建物1車位0,全,三層,透天厝,住家用,鋼筋混凝土造,0690825,167.52,4,2,3,有,無,1120000,6686,,0.0,0,,RPPNMLQJKHKGFFK68DA,167.52,0.0,0.0,無,
頭份市,房地(土地+建物)+車位,苗栗縣頭份市興隆里５鄰花園東路１００巷７６號三樓,45.27,,山坡地保育區,丙種建築用地,1140120,土地1建物1車位1,三層,七層,華廈(10層含以下有電梯),住家用,鋼筋混凝土造,1131122,123.16,2,2,1,有,有,10380000,92433,坡道平面,26.55,1450000,,RPTNMLQJKHKGFFK09DA,60.82,0.0,4.55,有,
頭份市,房地(土地+建物)+車位,苗栗縣頭份市興隆里５鄰花園東路１００巷９２號七樓,63.37,,山坡地保育區,丙種建築用地,1140120,土地1建物1車位2,七層,七層,華廈(10層含以下有電梯),住家用,鋼筋混凝土造,1131122,191.45999999999998,3,2,2,有,有,16900000,101351,坡道平面,55.3,3100000,,RPVNMLQJKHKGFFK66DA,81.57,0.0,10.56,有,
獅潭鄉,土地,獅潭段新店小段158-148地號,9354.0,,山坡地保育區,林業用地,1140121,土地1建物0車位0,,,其他,,,,0.0,0,0,0,無,無,600000,64,,0.0,0,親友、員工、共有人或其他特殊關係間之交易；,RPQNMLLLJHKGFAK87DA,0.0,0.0,0.0,無,
後龍鎮,土地,苦苓腳段3500地號,3239.0,,特定農業區,農牧用地,1140103,土地1建物0車位0,,,其他,,,,0.0,0,0,0,無,無,42000000,12967,,0.0,0,,RPRNMLRJKHKGFDK78DA,0.0,0.0,0.0,無,
銅鑼鄉,土地,竹森段903-1地號,67.0,,山坡地保育區,農牧用地,1140125,土地1建物0車位0,,,其他,,,,0.0,0,0,0,無,無,100000,1493,,0.0,0,,RPQNMLPLJHKGFEK68DA,0.0,0.0,0.0,無,
頭份市,土地,水源段342地號,2901.52,,山坡地保育區,農牧用地,1140114,土地2建物0車位0,,,其他,,,,0.0,0,0,0,無,無,1000000,345,,0.0,0,,RPPNMLNJKHKGFFK38DA,0.0,0.0,0.0,無,
頭份市,房地(土地+建物)+車位,苗栗縣頭份市興隆里５鄰花園東路１００巷９６號七樓,44.84,,山坡地保育區,丙種建築用地,1140120,土地1建物1車位2,七層,七層,華廈(10層含以下有電梯),住家用,鋼筋混凝土造,1131122,150.39999999999998,2,2,1,有,有,12500000,98753,坡道平面,54.2,3000000,,RPWNMLQJKHKGFFK76DA,60.82,0.0,4.28,有,
頭份市,房地(土地+建物)+車位,苗栗縣頭份市興隆里５鄰花園東路１００巷９０號七樓,61.22,,山坡地保育區,丙種建築用地,1140112,土地1建物1車位1,七層,七層,華廈(10層含以下有電梯),住家用,鋼筋混凝土造,1131122,158.39999999999998,3,2,2,有,有,14700000,100574,坡道平面,27.65,1550000,,RPXNMLQJKHKGFFK86DA,77.97,0.0,10.49,有,
大湖鄉,土地,興榮段167-732地號,948.33,,山坡地保育區,農牧用地,1140124,土地2建物0車位0,,,其他,,,,0.0,0,0,0,無,無,550000,580,,0.0,0,,RPPNMLLKKHKGFAK87EA,0.0,0.0,0.0,無,
頭份市,土地,慶華段581地號,1817.64,,山坡地保育區,農牧用地,1140113,土地3建物0車位0,,,其他,,,,0.0,0,0,0,無,無,3848853,2118,,0.0,0,,RPPNMLRJKHKGFFK88EA,0.0,0.0,0.0,無,
頭份市,土地,慶華段577地號,1549.61,,山坡地保育區,農牧用地,1140113,土地1建物0車位0,,,其他,,,,0.0,0,0,0,無,無,3281300,2118,,0.0,0,,RPQNMLRJKHKGFFK98EA,0.0,0.0,0.0,無,
頭份市,土地,慶華段508地號,2874.43,,山坡地保育區,農牧用地,1140113,土地2建物0車位0,,,其他,,,,0.0,0,0,0,無,無,6086626,2118,,0.0,0,,RPRNMLRJKHKGFFK09EA,0.0,0.0,0.0,無,004
頭份市,土地,慶華段508地號,1437.22,,山坡地保育區,農牧用地,1140113,土地2建物0車位0,,,其他,,,,0.0,0,0,0,無,無,3043313,2117,,0.0,0,,RPSNMLRJKHKGFFK56EA,0.0,0.0,0.0,無,004
苗栗市,房地(土地+建物)+車位,苗栗縣苗栗市高苗里６鄰日新街４９號三樓之四,21.24,商,,,1140120,土地4建物2車位1,地下二層,六層,華廈(10層含以下有電梯),其他,鋼筋混凝土造,0810510,132.44,0,0,0,無,有,1500000,11326,升降機械,0.0,0,,RPRNMLOJKHKGFBK28DA,51.24,0.0,9.2,有,006
苗栗市,土地,新福麗段1492-1地號,40.95,住,,,1140108,土地1建物0車位0,,,其他,,,,0.0,0,0,0,無,無,4816539,117620,,0.0,0,,RPRNMLLKKHKGFBK08DA,0.0,0.0,0.0,無,
通霄鎮,土地,白沙段1171-2地號,20.73,,一般農業區,農牧用地,1140117,土地2建物0車位0,,,其他,,,,0.0,0,0,0,無,無,87936,4242,,0.0,0,協議價購；,RPPOMLRKJHKGFCK58DA,0.0,0.0,0.0,無,001
通霄鎮,土地,白沙段1171-2地號,46.07,,一般農業區,農牧用地,1140117,土地2建物0車位0,,,其他,,,,0.0,0,0,0,無,無,195413,4242,,0.0,0,協議價購；,RPVPMLRKJHKGFCK66DA,0.0,0.0,0.0,無,001
通霄鎮,土地,白沙段1171-2地號,46.07,,一般農業區,農牧用地,1140117,土地2建物0車位0,,,其他,,,,0.0,0,0,0,無,無,195413,4242,,0.0,0,協議價購；,RPWPMLRKJHKGFCK76DA,0.0,0.0,0.0,無,001
通霄鎮,土地,內島段1216-2地號,1139.39,,一般農業區,農牧用地,1140117,土地6建物0車位0,,,其他,,,,0.0,0,0,0,無,無,4644024,4076,,0.0,0,協議價購；,RPOQMLRKJHKGFCK68DA,0.0,0.0,0.0,無,001
通霄鎮,土地,水尾段1-23地號,2521.63,,山坡地保育區,農牧用地,1140110,土地1建物0車位0,,,其他,,,,0.0,0,0,0,無,無,5500000,2181,,0.0,0,,RPRNMLOLJHKGFCK48DA,0.0,0.0,0.0,無,
後龍鎮,土地,合興段1065地號,319.03,住,,,1140103,土地10建物0車位0,,,其他,,,,0.0,0,0,0,無,無,2800000,8777,,0.0,0,,RPROMLNKJHKGFDK48DA,0.0,0.0,0.0,無,011
後龍鎮,土地,外埔段511-1地號,40.0,住,,,1140102,土地1建物0車位0,,,其他,,,,0.0,0,0,0,無,無,568400,14210,,0.0,0,政府機關標讓售；,RPQNMLRJKHKGFDK68DA,0.0,0.0,0.0,無,
銅鑼鄉,房地(土地+建物),苗栗縣銅鑼鄉朝東８５號,94.32,住,,,1140120,土地1建物1車位0,全,二層,透天厝,住家用,加強磚造,0651114,119.6,2,2,2,有,無,2000000,16722,,0.0,0,親友、員工、共有人或其他特殊關係間之交易；,RPPNMLTJKHKGFEK88DA,119.6,0.0,0.0,無,
通霄鎮,土地,白沙段1171-2地號,62.19,,一般農業區,農牧用地,1140117,土地2建物0車位0,,,其他,,,,0.0,0,0,0,無,無,263808,4242,,0.0,0,協議價購；,RPQNMLRKJHKGFCK58DA,0.0,0.0,0.0,無,001
通霄鎮,土地,白沙段1171-2地號,15.55,,一般農業區,農牧用地,1140117,土地2建物0車位0,,,其他,,,,0.0,0,0,0,無,無,65952,4241,,0.0,0,協議價購；,RPSNMLRKJHKGFCK78DA,0.0,0.0,0.0,無,001
通霄鎮,土地,白沙段1171-2地號,15.55,,一般農業區,農牧用地,1140117,土地2建物0車位0,,,其他,,,,0.0,0,0,0,無,無,65952,4241,,0.0,0,協議價購；,RPUNMLRKJHKGFCK98DA,0.0,0.0,0.0,無,001
通霄鎮,土地,白沙段1171-2地號,31.09,,一般農業區,農牧用地,1140117,土地2建物0車位0,,,其他,,,,0.0,0,0,0,無,無,131903,4243,,0.0,0,協議價購；,RPWNMLRKJHKGFCK56DA,0.0,0.0,0.0,無,001
通霄鎮,土地,內島段1206-2地號,210.31,,一般農業區,農牧用地,1140117,土地3建物0車位0,,,其他,,,,0.0,0,0,0,無,無,828419,3939,,0.0,0,協議價購；,RPOOMLRKJHKGFCK48DA,0.0,0.0,0.0,無,016
通霄鎮,土地,白沙段1171-2地號,20.73,,一般農業區,農牧用地,1140117,土地2建物0車位0,,,其他,,,,0.0,0,0,0,無,無,87936,4242,,0.0,0,協議價購；,RPQOMLRKJHKGFCK68DA,0.0,0.0,0.0,無,001
通霄鎮,土地,內島段1206-2地號,210.31,,一般農業區,農牧用地,1140117,土地3建物0車位0,,,其他,,,,0.0,0,0,0,無,無,828419,3939,,0.0,0,協議價購；,RPROMLRKJHKGFCK78DA,0.0,0.0,0.0,無,016
通霄鎮,土地,內島段1206-2地號,210.31,,一般農業區,農牧用地,1140117,土地3建物0車位0,,,其他,,,,0.0,0,0,0,無,無,828419,3939,,0.0,0,協議價購；,RPSOMLRKJHKGFCK88DA,0.0,0.0,0.0,無,016
通霄鎮,土地,白沙段1171-2地號,20.73,,一般農業區,農牧用地,1140117,土地2建物0車位0,,,其他,,,,0.0,0,0,0,無,無,87936,4242,,0.0,0,協議價購；,RPTOMLRKJHKGFCK98DA,0.0,0.0,0.0,無,001
通霄鎮,土地,內島段1206-2地號,210.31,,一般農業區,農牧用地,1140117,土地3建物0車位0,,,其他,,,,0.0,0,0,0,無,無,828419,3939,,0.0,0,協議價購；,RPUOMLRKJHKGFCK09DA,0.0,0.0,0.0,無,016
通霄鎮,土地,內島段1206-2地號,45.07,,一般農業區,農牧用地,1140117,土地3建物0車位0,,,其他,,,,0.0,0,0,0,無,無,177519,3939,,0.0,0,協議價購；,RPVOMLRKJHKGFCK56DA,0.0,0.0,0.0,無,016
通霄鎮,土地,內島段1093-2地號,361.73,,一般農業區,農牧用地,1140117,土地4建物0車位0,,,其他,,,,0.0,0,0,0,無,無,1438621,3977,,0.0,0,協議價購；,RPWOMLRKJHKGFCK66DA,0.0,0.0,0.0,無,023
通霄鎮,土地,內島段1206-2地號,45.07,,一般農業區,農牧用地,1140117,土地3建物0車位0,,,其他,,,,0.0,0,0,0,無,無,177519,3939,,0.0,0,協議價購；,RPXOMLRKJHKGFCK76DA,0.0,0.0,0.0,無,016
通霄鎮,土地,內島段1092-1地號,129.18,,一般農業區,農牧用地,1140117,土地3建物0車位0,,,其他,,,,0.0,0,0,0,無,無,534054,4134,,0.0,0,協議價購；,RPOPMLRKJHKGFCK58DA,0.0,0.0,0.0,無,023
通霄鎮,土地,內島段1206-2地號,24.04,,一般農業區,農牧用地,1140117,土地3建物0車位0,,,其他,,,,0.0,0,0,0,無,無,94677,3938,,0.0,0,協議價購；,RPPPMLRKJHKGFCK68DA,0.0,0.0,0.0,無,016
通霄鎮,土地,內島段1211-2地號,26.84,,一般農業區,農牧用地,1140117,土地1建物0車位0,,,其他,,,,0.0,0,0,0,無,無,103012,3838,,0.0,0,協議價購；,RPRPMLRKJHKGFCK88DA,0.0,0.0,0.0,無,003
通霄鎮,土地,內島段1211-2地號,6.71,,一般農業區,農牧用地,1140117,土地1建物0車位0,,,其他,,,,0.0,0,0,0,無,無,25753,3838,,0.0,0,協議價購；,RPTPMLRKJHKGFCK09DA,0.0,0.0,0.0,無,003
後龍鎮,土地,灣瓦段181-3地號,544.75,,特定農業區,農牧用地,1140124,土地1建物0車位0,,,其他,,,,0.0,0,0,0,無,無,210000,385,,0.0,0,土地增值稅由買方負擔。,RPQNMLOLJHKGFDK48DA,0.0,0.0,0.0,無,
頭屋鄉,土地,枋寮坑段481-2地號,330.71,,山坡地保育區,農牧用地,1140128,土地1建物0車位0,,,其他,,,,0.0,0,0,0,無,無,200000,605,,0.0,0,,RPPNMLNJKHKGFBK97DA,0.0,0.0,0.0,無,029
造橋鄉,土地,東興段932-1地號,112.83,,山坡地保育區,農牧用地,1140103,土地2建物0車位0,,,其他,,,,0.0,0,0,0,無,無,315924,2800,,0.0,0,協議價購；,RPQOMLNKJHKGFDK38DA,0.0,0.0,0.0,無,030
造橋鄉,土地,東興段939-1地號,156.13,,山坡地保育區,丙種建築用地,1140103,土地1建物0車位0,,,其他,,,,0.0,0,0,0,無,無,2076596,13300,,0.0,0,協議價購；,SPQOMLNKJHKGFDK48DA,0.0,0.0,0.0,無,031
後龍鎮,土地,苦苓腳段4731-1地號,1000.0,,特定農業區,農牧用地,1140117,土地1建物0車位0,,,其他,,,,0.0,0,0,0,無,無,10000000,10000,,0.0,0,,RPPNMLSKJHKGFDK68DA,0.0,0.0,0.0,無,
後龍鎮,土地,水尾子段1192地號,2474.0,,特定農業區,農牧用地,1140124,土地1建物0車位0,,,其他,,,,0.0,0,0,0,無,無,4860000,1964,,0.0,0,,RPSNMLOLJHKGFDK68DA,0.0,0.0,0.0,無,
頭份市,房地(土地+建物)+車位,苗栗縣頭份市頭份里２１鄰武昌街３８號二樓,19.66,住,,,1140113,土地1建物1車位1,二層,八層,華廈(10層含以下有電梯),住家用,鋼筋混凝土造,0820915,109.61999999999999,3,2,2,有,有,5500000,50173,坡道機械,0.0,0,,RPSNMLSJKHKGFFK56DA,76.11,0.0,8.85,有,
大湖鄉,土地,薑麻段1074地號,2507.55,,山坡地保育區,農牧用地,1140117,土地1建物0車位0,,,其他,,,,0.0,0,0,0,無,無,9500000,3789,,0.0,0,,RPPNMLSJKHKGFAK38DA,0.0,0.0,0.0,無,
卓蘭鎮,房地(土地+建物),苗栗縣卓蘭鎮中正路２之２３號,365.76,農,,,1140106,土地1建物1車位0,全,一層,透天厝,農業用,鋼造,0860818,28.77,3,2,1,有,無,2600000,90372,,0.0,0,親友、員工、共有人或其他特殊關係間之交易；其他增建；,RPPNMLOKKHKGFAK08DA,28.77,0.0,0.0,無,032
造橋鄉,土地,造橋段1714-36地號,2856.88,,山坡地保育區,農牧用地,1140119,土地2建物0車位0,,,其他,,,,0.0,0,0,0,無,無,3060000,1071,,0.0,0,,RPWNMLMKKHKGFDK88DA,0.0,0.0,0.0,無,033
公館鄉,土地,館聖段345地號,90.64,都市：其他:道路用地,,,1140121,土地1建物0車位0,,,其他,,,,0.0,0,0,0,無,無,2895404,31944,,0.0,0,協議價購；,RPOPMLLLJHKGFBK97DA,0.0,0.0,0.0,無,
苗栗市,房地(土地+建物)+車位,苗栗縣苗栗市上苗里１７鄰長安街１０６之４號四樓,24.67,住,,,1140105,土地2建物1車位1,四層,六層,華廈(10層含以下有電梯),住家用,鋼筋混凝土造,0821202,115.75999999999999,3,2,2,有,有,5560000,48030,坡道機械,0.0,0,,RPTNMLOKKHKGFBK58DA,73.41,0.75,10.08,有,
苑裡鎮,土地,玉山段1753地號,98.0,,鄉村區,乙種建築用地,1140116,土地1建物0車位0,,,其他,,,,0.0,0,0,0,無,無,2300000,23469,,0.0,0,,RPRNMLRKKHKGFCK78DA,0.0,0.0,0.0,無,034
造橋鄉,房地(土地+建物),苗栗縣造橋鄉造橋村７鄰平仁路１５０巷９號,78.52,住,,,1140119,土地2建物1車位0,全,三層,透天厝,住家用,鋼筋混凝土造,0860201,174.31,3,3,3,有,無,7000000,40158,,0.0,0,頂樓加蓋；其他增建；,RPSNMLMLJHKGFDK48DA,158.75,3.89,11.67,無,035
頭份市,土地,大化段915地號,4.78,,鄉村區,交通用地,1140124,土地1建物0車位0,,,其他,,,,0.0,0,0,0,無,無,86000,17992,,0.0,0,,RPRNMLOLJHKGFFK78DA,0.0,0.0,0.0,無,
頭份市,房地(土地+建物)+車位,苗栗縣頭份市興隆里５鄰花園東路１００巷８０號三樓,63.37,,山坡地保育區,丙種建築用地,1140120,土地1建物1車位1,三層,七層,華廈(10層含以下有電梯),住家用,鋼筋混凝土造,1131122,163.87,3,2,2,有,有,13700000,89194,坡道平面,27.65,1550000,,RPUNMLQJKHKGFFK56DA,81.58,0.0,10.56,有,
苗栗市,土地,南勢坑段上南勢坑小段4-1地號,1315.0,,山坡地保育區,農牧用地,1140121,土地3建物0車位0,,,其他,,,,0.0,0,0,0,無,無,2117500,1610,,0.0,0,含仲介費；含地政士服務費；其他；,RPPNMLLKKHKGFBK97EA,0.0,0.0,0.0,無,036
苗栗市,土地,南勢坑段上南勢坑小段4-4地號,742.0,,山坡地保育區,農牧用地,1140121,土地3建物0車位0,,,其他,,,,0.0,0,0,0,無,無,1100000,1482,,0.0,0,含仲介費；含地政士服務費；其他；,RPQNMLLKKHKGFBK08EA,0.0,0.0,0.0,無,036
苗栗市,土地,南勢坑段上南勢坑小段4-2地號,411.0,,山坡地保育區,農牧用地,1140121,土地3建物0車位0,,,其他,,,,0.0,0,0,0,無,無,5500000,13382,,0.0,0,含仲介費；含地政士服務費；其他；,RPRNMLLKKHKGFBK18EA,0.0,0.0,0.0,無,036
苗栗市,土地,南勢坑段上南勢坑小段4-5地號,422.0,,山坡地保育區,農牧用地,1140121,土地3建物0車位0,,,其他,,,,0.0,0,0,0,無,無,550000,1303,,0.0,0,含仲介費；含地政士服務費；其他；,RPSNMLLKKHKGFBK28EA,0.0,0.0,0.0,無,036
苗栗市,土地,南勢坑段上南勢坑小段4-3地號,411.0,,山坡地保育區,農牧用地,1140121,土地3建物0車位0,,,其他,,,,0.0,0,0,0,無,無,550000,1338,,0.0,0,含仲介費；含地政士服務費；其他；,RPTNMLLKKHKGFBK38EA,0.0,0.0,0.0,無,036
苗栗市,土地,南勢坑段上南勢坑小段4-6地號,2690.0,,山坡地保育區,農牧用地,1140120,土地4建物0車位0,,,其他,,,,0.0,0,0,0,無,無,4180000,1554,,0.0,0,含仲介費；含地政士服務費；其他；,RPUNMLLKKHKGFBK48EA,0.0,0.0,0.0,無,
苗栗市,土地,南勢坑段上南勢坑小段4-7地號,2691.0,,山坡地保育區,農牧用地,1140121,土地2建物0車位0,,,其他,,,,0.0,0,0,0,無,無,4180000,1553,,0.0,0,含仲介費；含地政士服務費；其他；,RPVNMLLKKHKGFBK58EA,0.0,0.0,0.0,無,
公館鄉,房地(土地+建物),苗栗縣公館鄉鶴山村６鄰鶴山２２３之６號,102.81,,鄉村區,乙種建築用地,1140107,土地1建物1車位0,全,三層,透天厝,住家用,鋼筋混凝土造,0970201,157.84,4,1,4,有,無,10800000,68424,,0.0,0,,RPRNMLOKKHKGFBK38DA,149.13,0.0,8.71,無,
頭屋鄉,房地(土地+建物),苗栗縣頭屋鄉頭屋村１４鄰中華街６３巷２０號六樓之六,23.9,住,,,1131223,土地1建物1車位0,六層,八層,華廈(10層含以下有電梯),住家用,鋼筋混凝土造,1111006,97.78,2,2,1,有,有,6580000,67294,,0.0,0,,RPTNMLOJKHKGFBK48DA,61.96,0.0,11.88,有,041
苗栗市,房地(土地+建物),苗栗縣苗栗市文山里８鄰文發路１５９之１０號,111.98,住,,,1131215,土地3建物1車位0,全,四層,透天厝,住家用,鋼筋混凝土造,1030120,203.83,5,2,3,有,無,14700000,72119,,0.0,0,頂樓加蓋；其他增建；,RPSNMLQJKHKGFBK58DA,186.44,3.04,14.35,無,042
苗栗市,房地(土地+建物)+車位,苗栗縣苗栗市上苗里２１鄰長安街１０９之２號五樓,23.44,住,,,1131215,土地2建物1車位1,五層,十二層,住宅大樓(11層含以上有電梯),住家用,鋼筋混凝土造,0830907,126.76,3,2,1,有,有,5470000,43149,坡道機械,0.0,0,其他增建；,RPRNMLRJKHKGFBK58DA,78.4,0.0,10.22,有,
通霄鎮,土地,湖內段766地號,452.31,,一般農業區,農牧用地,1131222,土地1建物0車位0,,,其他,,,,0.0,0,0,0,無,無,5500000,12160,,0.0,0,未登記建物；,RPQNMLNLKIJGFCK38DA,0.0,0.0,0.0,無,043
竹南鎮,土地,慈裕段1052-2地號,17.87,住,,,1131220,土地2建物0車位0,,,其他,,,,0.0,0,0,0,無,無,954258,53400,,0.0,0,政府機關標讓售；,RPQNMLQJKHKGFDK58DA,0.0,0.0,0.0,無,
獅潭鄉,房地(土地+建物),苗栗縣獅潭鄉新店村１５鄰大東勢２０之１號,2841.0,,山坡地保育區,農牧用地,1131207,土地2建物1車位0,全,二層,透天厝,住家用,鋼鐵造有牆,1000921,121.29,3,2,3,有,無,10200000,84096,,0.0,0,,RPQNMLRJKHKGFAK38DA,121.29,0.0,0.0,無,
大湖鄉,土地,南昌段731地號,377.95,,山坡地保育區,農牧用地,1131210,土地1建物0車位0,,,其他,,,,0.0,0,0,0,無,無,571600,1512,,0.0,0,,RPPNMLLKKHKGFAK77DA,0.0,0.0,0.0,無,
苗栗市,房地(土地+建物),苗栗縣苗栗市勝利里２９鄰新東街大昌４２號,92.0,農,,,1131212,土地1建物1車位0,全,一層,透天厝,住家用,磚造,0640501,31.78,1,1,1,有,無,1463300,46045,,0.0,0,親友、員工、共有人或其他特殊關係間之交易；,RPWNMLOJKHKGFBK78DA,31.78,0.0,0.0,無,
造橋鄉,土地,北豐湖段1334地號,464.71,,山坡地保育區,農牧用地,1131204,土地1建物0車位0,,,其他,,,,0.0,0,0,0,無,無,2272432,4890,,0.0,0,政府機關標讓售；,RPXNMLLLJHKGFDK88DA,0.0,0.0,0.0,無,
獅潭鄉,土地,獅潭段三洽坑小段76-63地號,2612.0,,山坡地保育區,農牧用地,1131208,土地1建物0車位0,,,其他,,,,0.0,0,0,0,無,無,6300000,2412,,0.0,0,,RPPNMLPLKIJGFAK28DA,0.0,0.0,0.0,無,
苗栗市,房地(土地+建物)+車位,苗栗縣苗栗市清華里５鄰福星街２６之６號七樓,33.07,住,,,1131220,土地2建物1車位1,七層,十層,華廈(10層含以下有電梯),住家用,鋼筋混凝土造,1031124,144.96,2,2,2,有,有,9000000,62086,坡道平面,29.75,0,,RPRNMLNLJHKGFBK28DA,62.06,4.86,11.0,有,
通霄鎮,房地(土地+建物),苗栗縣通霄鎮白東里１９鄰福泰路１０４巷３５號,95.94,,山坡地保育區,丙種建築用地,1131216,土地1建物1車位0,全,二層,透天厝,住家用,加強磚造,0720628,96.82,3,2,3,有,無,4800000,49577,,0.0,0,,RPPNMLKLJHKGFCK87DA,96.82,0.0,0.0,無,044
竹南鎮,房地(土地+建物),苗栗縣竹南鎮照南里２５鄰立達街７９巷２號,190.48,工,,,1131211,土地3建物1車位0,全,三層,透天厝,辦公用,鋼筋混凝土造,0980413,222.53,4,2,4,有,有,25500000,114591,,0.0,0,一樓後陽台及側院增建其他增建；,RPRNMLLMKIJGFDK48DA,194.61,25.89,2.03,無,
竹南鎮,房地(土地+建物),苗栗縣竹南鎮大厝里４鄰真如路５８７號,112.78,住,,,1131202,土地1建物1車位0,全,三層,透天厝,住商用,鋼筋混凝土造,0960905,216.0,5,0,5,有,無,19000000,87963,,0.0,0,頂樓加蓋；,RPQNMLPKJHKGFDK48DA,196.47,10.35,9.18,無,045
竹南鎮,土地,天聲段505地號,53.48,住,,,1131228,土地1建物0車位0,,,其他,,,,0.0,0,0,0,無,無,4150000,77599,,0.0,0,,RPOOMLKKKHKGFDK97DA,0.0,0.0,0.0,無,046
三義鄉,土地,龍騰段1045-12地號,8096.26,,山坡地保育區,農牧用地,1131211,土地2建物0車位0,,,其他,,,,0.0,0,0,0,無,無,6000000,741,,0.0,0,,RPQNMLMJJHKGFEK18DA,0.0,0.0,0.0,無,047
銅鑼鄉,土地,朝陽段335地號,359.81,商,,,1131220,土地2建物0車位0,,,其他,,,,0.0,0,0,0,無,無,7500000,20844,,0.0,0,親友、員工、共有人或其他特殊關係間之交易；,RPRNMLNLJHKGFEK58DA,0.0,0.0,0.0,無,
銅鑼鄉,土地,朝陽段341地號,160.25,商,,,1131220,土地2建物0車位0,,,其他,,,,0.0,0,0,0,無,無,4200000,26209,,0.0,0,親友、員工、共有人或其他特殊關係間之交易；,RPSNMLNLJHKGFEK68DA,0.0,0.0,0.0,無,
頭份市,房地(土地+建物)+車位,苗栗縣頭份市興隆里５鄰花園東路１７８號四樓,56.21,,山坡地保育區,丙種建築用地,1131231,土地1建物1車位1,四層,七層,華廈(10層含以下有電梯),住家用,鋼筋混凝土造,1051222,159.37,3,2,2,有,有,10600000,66512,坡道平面,28.48,0,,RPRNMLQJKHKGFFK88DA,84.38,0.0,9.23,有,048
苗栗市,房地(土地+建物),苗栗縣苗栗市文聖里２１鄰祥雲３５號,98.67,,山坡地保育區,丙種建築用地,1131209,土地1建物1車位0,全,五層,透天厝,住家用,鋼筋混凝土造,0840215,179.71,4,2,3,有,無,6200000,34500,,0.0,0,頂樓加蓋；,RPTNMLQKKIJGFBK78DA,164.45,5.09,10.17,無,049
公館鄉,建物,苗栗縣公館鄉館南村３鄰通明街１００之１２號,0.0,,,,1131203,土地0建物1車位0,全,三層,透天厝,住家用,鋼筋混凝土造,1131016,174.29,5,1,6,有,無,4160000,23868,,0.0,0,建物坐落地號：館聖段698-1地號；,RPQNMLOLKIJGFBK38DA,174.29,0.0,0.0,無,
公館鄉,土地,福東段343地號,161.84,,鄉村區,乙種建築用地,1131217,土地2建物0車位0,,,其他,,,,0.0,0,0,0,無,無,1530000,9454,,0.0,0,二親等間買賣親友、員工、共有人或其他特殊關係間之交易；未登記建物；,RPUNMLLMKIJGFBK58DA,0.0,0.0,0.0,無,
苗栗市,房地(土地+建物),苗栗縣苗栗市鴻福６５號,91.06,,,,1131231,土地1建物1車位0,全,二層,透天厝,住家用,加強磚造,0690330,112.62,2,1,1,有,無,3820000,33919,,0.0,0,親友、員工、共有人或其他特殊關係間之交易；,RPQNMLLKKHKGFBK97DA,112.62,0.0,0.0,無,050
通霄鎮,土地,平元段288-1地號,517.64,都市：其他:道路用地,,,1131227,土地3建物0車位0,,,其他,,,,0.0,0,0,0,無,無,5694095,11000,,0.0,0,,RPTNMLLKKHKGFCK38DA,0.0,0.0,0.0,無,
竹南鎮,房地(土地+建物),苗栗縣竹南鎮竹南里７鄰中山路５７號,148.89,商,,,1131209,土地1建物2車位0,全,二層,透天厝,住商用,鐵筋混凝土及磚造,0450228,132.26,5,3,3,有,無,13061600,98757,,0.0,0,,RPROMLTJKIJGFDK09DA,132.26,0.0,0.0,無,
竹南鎮,房地(土地+建物),苗栗縣竹南鎮大埔里２鄰科專六路２０７號,84.92,住,,,1131214,土地2建物1車位0,全,四層,透天厝,住家用,鋼筋混凝土造,1130426,183.23,4,2,4,有,無,25200000,137532,,0.0,0,,RPXNMLNJJHKGFDK88DA,165.3,0.0,17.93,無,
竹南鎮,建物,苗栗縣竹南鎮大埔里２鄰科專六路２０５號,0.0,,,,1131214,土地0建物1車位0,全,四層,透天厝,商業用,鋼筋混凝土造,1130426,2.62,0,0,0,無,無,180000,68702,,0.0,0,建物坐落地號：大同段1217-2地號；,RPQOMLNJJHKGFDK28DA,2.62,0.0,0.0,無,
造橋鄉,房地(土地+建物),苗栗縣造橋鄉大西村８鄰尖豐路１７０號,97.43,,山坡地保育區,丙種建築用地,1131210,土地2建物1車位0,全,二層,透天厝,住家用,加強磚造,0700903,130.16,3,2,2,有,無,6300000,48402,,0.0,0,,RPVNMLNKJHKGFDK78DA,130.16,0.0,0.0,無,051
竹南鎮,土地,環市段814地號,2.26,都市：其他:道路用地,,,1131205,土地15建物0車位0,,,其他,,,,0.0,0,0,0,無,無,32000,14159,,0.0,0,親友、員工、共有人或其他特殊關係間之交易；包含公共設施保留地用地；,RPTNMLOKJHKGFDK68DA,0.0,0.0,0.0,無,052
竹南鎮,房地(土地+建物),苗栗縣竹南鎮照南里１９鄰光復路２４０巷１７號,82.58,住,,,1131227,土地1建物1車位0,全,二層,透天厝,住家用,鋼筋混凝土加強磚造,0590702,100.1,0,0,0,無,無,5000000,49950,,0.0,0,,RPWNMLKKKHKGFDK68DA,100.1,0.0,0.0,無,
竹南鎮,土地,天聲段505地號,45.84,住,,,1131224,土地1建物0車位0,,,其他,,,,0.0,0,0,0,無,無,3480000,75916,,0.0,0,,RPXNMLKKKHKGFDK78DA,0.0,0.0,0.0,無,046
頭份市,土地,湳湖段412地號,834.98,農,,,1131227,土地2建物0車位0,,,其他,,,,0.0,0,0,0,無,無,19300000,23114,,0.0,0,,RPSNMLPJKHKGFFK88DA,0.0,0.0,0.0,無,054
苗栗市,房地(土地+建物),苗栗縣苗栗市嘉盛里１６鄰為公路５５３號,76.24,,特定農業區,甲種建築用地,1131224,土地1建物1車位0,全,三層,透天厝,住家用,鋼筋混凝土造,0930405,122.5,2,2,2,有,無,8000000,65306,,0.0,0,,RPSNMLRJKHKGFBK68DA,122.5,0.0,0.0,無,
苑裡鎮,土地,藍田段323-8地號,308.63,,特定農業區,甲種建築用地,1131220,土地4建物0車位0,,,其他,,,,0.0,0,0,0,無,無,7935600,25712,,0.0,0,,RPQNMLLLJHKGFCK08DA,0.0,0.0,0.0,無,055
苑裡鎮,土地,中溝段514-7地號,104.83,,特定農業區,甲種建築用地,1131220,土地1建物0車位0,,,其他,,,,0.0,0,0,0,無,無,1902000,18144,,0.0,0,親友、員工、共有人或其他特殊關係間之交易；,RPPNMLOKKHKGFCK28DA,0.0,0.0,0.0,無,
苑裡鎮,土地,中溝段514-4地號,96.46,,特定農業區,甲種建築用地,1131220,土地1建物0車位0,,,其他,,,,0.0,0,0,0,無,無,1750200,18144,,0.0,0,親友、員工、共有人或其他特殊關係間之交易；,RPQNMLOKKHKGFCK38DA,0.0,0.0,0.0,無,
竹南鎮,房地(土地+建物),苗栗縣竹南鎮照南里２６鄰立達街１２９巷２７號,184.45,工,,,1131202,土地4建物1車位0,全,三層,透天厝,辦公用,鋼筋混凝土造,0980415,220.23,5,2,4,有,有,25200000,114426,,0.0,0,其他增建；,RPWNMLPLKIJGFDK66DA,192.57,25.63,2.03,無,
後龍鎮,土地,苦苓腳段1652地號,3184.0,,特定農業區,農牧用地,1131219,土地3建物0車位0,,,其他,,,,0.0,0,0,0,無,無,37500000,11778,,0.0,0,,RPTNMLNKJHKGFDK58DA,0.0,0.0,0.0,無,056
後龍鎮,土地,苦苓腳段3234地號,2571.37,,特定農業區,農牧用地,1131230,土地11建物0車位0,,,其他,,,,0.0,0,0,0,無,無,4512288,1755,,0.0,0,親友、員工、共有人或其他特殊關係間之交易；,RPPNMLOLJHKGFDK38DA,0.0,0.0,0.0,無,
造橋鄉,土地,龍昇段922地號,1926.38,,山坡地保育區,交通用地,1131218,土地7建物0車位0,,,其他,,,,0.0,0,0,0,無,無,7500000,3893,,0.0,0,,RPWNMLLKKHKGFDK78DA,0.0,0.0,0.0,無,
頭份市,房地(土地+建物)+車位,苗栗縣頭份市興隆里８鄰隆頂街３８號,51.23,住,,,1131205,土地3建物1車位2,一層,七層,華廈(10層含以下有電梯),住家用,鋼筋混凝土造,1080821,205.07999999999998,3,2,2,有,有,15500000,75580,坡道平面,0.0,0,,RPQNMLPJKHKGFFK68DA,93.35,0.0,0.0,有,057
大湖鄉,土地,大湖段1679-1地號,3691.0,,山坡地保育區,林業用地,1131216,土地7建物0車位0,,,其他,,,,0.0,0,0,0,無,無,1800000,488,,0.0,0,,RPRNMLQKKIJGFAK48DA,0.0,0.0,0.0,無,058
大湖鄉,土地,興榮段284地號,3239.0,,山坡地保育區,農牧用地,1131214,土地4建物0車位0,,,其他,,,,0.0,0,0,0,無,無,1800000,556,,0.0,0,,RPUNMLOKJHKGFAK48DA,0.0,0.0,0.0,無,
大湖鄉,土地,大湖段705-5地號,6.0,,特定農業區,甲種建築用地,1131217,土地1建物0車位0,,,其他,,,,0.0,0,0,0,無,無,90750,15125,,0.0,0,,RPPNMLNLJHKGFAK97DA,0.0,0.0,0.0,無,
大湖鄉,土地,大湖段705-6地號,34.0,,特定農業區,甲種建築用地,1131217,土地1建物0車位0,,,其他,,,,0.0,0,0,0,無,無,514250,15125,,0.0,0,,RPQNMLNLJHKGFAK08DA,0.0,0.0,0.0,無,
公館鄉,土地,北河段761地號,14171.0,,山坡地保育區,林業用地,1131213,土地4建物0車位0,,,其他,,,,0.0,0,0,0,無,無,3600000,254,,0.0,0,,RPRNMLNKKHKGFBK28DA,0.0,0.0,0.0,無,059
苗栗市,房地(土地+建物),苗栗縣苗栗市南勢里２０鄰國馨４３號,63.07,,山坡地保育區,丙種建築用地,1131219,土地1建物1車位0,全,四層,透天厝,住家用,鋼筋混凝土造,0820115,137.75,3,1,4,有,無,2800000,20327,,0.0,0,土地增值稅由買方繳款其他增建；,RPQNMLOKKHKGFBK28DA,107.84,10.2,19.71,無,
苗栗市,房地(土地+建物),苗栗縣苗栗市維祥里１７鄰四維街７４巷５弄２號,65.0,,鄉村區,乙種建築用地,1131214,土地1建物1車位0,全,四層,透天厝,住家用,鋼筋混凝土造,1091209,167.81,5,2,3,有,無,11800000,70318,,0.0,0,其他增建；,RPOOMLNKJHKGFBK97DA,140.41,0.0,27.4,無,060
苑裡鎮,土地,中溝段514-6地號,85.61,,特定農業區,甲種建築用地,1131220,土地1建物0車位0,,,其他,,,,0.0,0,0,0,無,無,1553400,18145,,0.0,0,親友、員工、共有人或其他特殊關係間之交易；,RPRNMLOKKHKGFCK48DA,0.0,0.0,0.0,無,
竹南鎮,房地(土地+建物),苗栗縣竹南鎮公義里１１鄰公義路１６８７巷３號,182.51,,山坡地保育區,丙種建築用地,1131231,土地2建物1車位0,全,四層,透天厝,住家用,鋼筋混凝土造,0841005,218.58,6,2,3,有,無,12800000,58560,,0.0,0,親友、員工、共有人或其他特殊關係間之交易；,RPTNMLOKKHKGFDK78DA,197.44,5.95,15.19,無,061
銅鑼鄉,土地,新盛段262地號,58.08,,山坡地保育區,暫未編定,1131214,土地1建物0車位0,,,其他,,,,0.0,0,0,0,無,無,75000,1291,,0.0,0,,SPRNMLRJKHKGFEK98DA,0.0,0.0,0.0,無,062
苗栗市,房地(土地+建物)+車位,苗栗縣苗栗市文山里２３鄰國華路７９７號三樓之五,22.88,住,,,1131228,土地1建物1車位1,三層,十層,華廈(10層含以下有電梯),住家用,鋼筋混凝土造,1090507,125.53999999999999,2,2,1,有,有,9500000,75673,坡道平面,0.0,0,,RPTNMLNJKHKGFBK38DA,69.63,0.0,8.18,有,
苗栗市,房地(土地+建物)+車位,苗栗縣苗栗市福安里１鄰中華東街１６６巷１弄２２號三樓,44.02,住,,,1131201,土地1建物1車位1,三層,五層,華廈(10層含以下有電梯),住家用,鋼筋混凝土造,1060315,132.41,3,2,2,有,有,9000000,67971,一樓平面,0.0,0,,RPPNMLRJKHKGFBK38DA,86.58,0.0,7.32,有,
苗栗市,房地(土地+建物),苗栗縣苗栗市福安里２０鄰中華東街４７０號三樓,52.37,,,,1131227,土地1建物2車位0,三層,五層,公寓(5樓含以下無電梯),住家用,鋼筋混凝土造,0730715,193.4,3,4,4,有,無,4090000,21148,,0.0,0,陽台加窗三樓價格205萬、四樓價格204萬,RPTNMLNKKHKGFBK48DA,162.54,0.0,21.42,無,
苗栗市,房地(土地+建物),苗栗縣苗栗市高苗里５鄰光復路７１號,45.68,商,,,1131231,土地2建物1車位0,全,四層,透天厝,住商用,鋼筋混凝土造,0791116,148.95,0,0,0,無,無,11000000,73850,,0.0,0,土地建物拆分價格如下:土地價格為:10645400元建物價格為:354600元,RPSNMLOKKHKGFBK48DA,148.95,0.0,0.0,無,
通霄鎮,房地(土地+建物),苗栗縣通霄鎮通灣里１２鄰通灣１１５之２號,120.59,,鄉村區,乙種建築用地,1131205,土地1建物1車位0,全,三層,透天厝,住家用,鋼筋混凝土造,0810623,139.74,4,1,3,有,無,3250000,23257,,0.0,0,,RPSNMLRKKHKGFCK88DA,139.74,0.0,0.0,無,
後龍鎮,房地(土地+建物),苗栗縣後龍鎮溪洲里４鄰四份仔３２之１３號四樓,72.88,,特定農業區,甲種建築用地,1131229,土地7建物1車位0,四層,四層,公寓(5樓含以下無電梯),住家用,鋼筋混凝土造,0910822,154.82999999999998,3,2,2,有,無,1900000,12272,,0.0,0,,RPQNMLOKJHKGFDK38DA,128.13,0.0,5.29,無,
後龍鎮,房地(土地+建物),苗栗縣後龍鎮溪洲里４鄰四份仔３２之１４號四樓,45.16,,特定農業區,甲種建築用地,1131229,土地7建物1車位0,四層,四層,公寓(5樓含以下無電梯),住家用,鋼筋混凝土造,0910822,106.50999999999999,3,2,2,有,無,1300000,12205,,0.0,0,,SPQNMLOKJHKGFDK48DA,88.17,0.0,3.54,無,
竹南鎮,房地(土地+建物)+車位,苗栗縣竹南鎮龍山里９鄰龍泉街１２號,28.65,住,,,1131225,土地1建物1車位1,一層，二層，騎樓,七層,華廈(10層含以下有電梯),住家用,鋼筋混凝土造,0840826,151.94,2,1,2,有,有,6050000,39818,坡道平面,0.0,0,買方承租中.買賣方原為承租關係.親友、員工、共有人或其他特殊關係間之交易；,RPSNMLPJKHKGFDK68DA,98.32,7.32,7.32,有,
竹南鎮,土地,龍天段195地號,74.87,工,,,1131209,土地1建物0車位0,,,其他,,,,0.0,0,0,0,無,無,1800000,24042,,0.0,0,親友、員工、共有人或其他特殊關係間之交易；,RPRNMLOKKHKGFDK58DA,0.0,0.0,0.0,無,
三義鄉,房地(土地+建物),苗栗縣三義鄉鯉魚潭村３鄰鯉魚口６０之３號,583.16,,特定農業區,農牧用地,1131225,土地1建物1車位0,全,一層,透天厝,其他,磚造,0860315,171.3,0,0,0,無,無,4410000,25744,,0.0,0,二親等買賣。,RPPNMLKMKIJGFEK28DA,171.3,0.0,0.0,無,
三義鄉,房地(土地+建物),苗栗縣三義鄉廣盛村中正路４１號,124.39,住,,,1131212,土地2建物1車位0,全,二層,透天厝,住商用,加強磚造,0570307,114.0,5,2,2,有,無,7000000,61404,,0.0,0,,RPPNMLNKKHKGFEK38DA,114.0,0.0,0.0,無,
西湖鄉,土地,新五湖段499地號,2800.0,,特定農業區,農牧用地,1131221,土地1建物0車位0,,,其他,,,,0.0,0,0,0,無,無,5500000,1964,,0.0,0,,RPQNMLOKKHKGFEK58DA,0.0,0.0,0.0,無,
頭份市,土地,隆興段287-1地號,2910.14,都市：其他:農業區,,,1131111,土地3建物0車位0,,,其他,,,,0.0,0,0,0,無,無,63000000,21648,,0.0,0,,RPOOMLPJKIJGFFK58DA,0.0,0.0,0.0,無,
頭份市,土地,興隆段上埔小段165-10地號,658.0,農,,,1131117,土地1建物0車位0,,,其他,,,,0.0,0,0,0,無,無,16500000,25076,,0.0,0,,RPVNMLRJJHKGFFK66DA,0.0,0.0,0.0,無,063
苗栗市,房地(土地+建物),苗栗縣苗栗市文山里６鄰正展路２０巷１０號,120.24,住,,,1131129,土地4建物1車位0,全,二層,透天厝,住家用,加強磚造,0661121,110.3,4,2,2,有,無,8100000,73436,,0.0,0,,RPSNMLNJKHKGFBK28DA,110.3,0.0,0.0,無,
頭份市,土地,興隆段興隆小段802-2地號,1067.0,農,,,1131120,土地1建物0車位0,,,其他,,,,0.0,0,0,0,無,無,17750000,16635,,0.0,0,,RPPNMLOLJHKGFFK58DA,0.0,0.0,0.0,無,
苗栗市,土地,勝利段758-2地號,330.53,,特定農業區,農牧用地,1131115,土地1建物0車位0,,,其他,,,,0.0,0,0,0,無,無,7000000,21178,,0.0,0,,RPRNMLPJKHKGFBK38DA,0.0,0.0,0.0,無,064
苗栗市,土地,勝利段758-2地號,330.53,,特定農業區,農牧用地,1131115,土地1建物0車位0,,,其他,,,,0.0,0,0,0,無,無,7000000,21178,,0.0,0,,SPRNMLPJKHKGFBK48DA,0.0,0.0,0.0,無,064
苗栗市,土地,勝利段758-2地號,330.53,,特定農業區,農牧用地,1131115,土地1建物0車位0,,,其他,,,,0.0,0,0,0,無,無,7000000,21178,,0.0,0,,TPRNMLPJKHKGFBK58DA,0.0,0.0,0.0,無,064
公館鄉,土地,出礦坑段6-2地號,274.0,,山坡地保育區,交通用地,1131109,土地2建物0車位0,,,其他,,,,0.0,0,0,0,無,無,180000,657,,0.0,0,,RPVNMLQJKHKGFBK88DA,0.0,0.0,0.0,無,
苗栗市,房地(土地+建物),苗栗縣苗栗市北苗里２０鄰中山北路７８號五樓,21.68,商,,,1131111,土地1建物1車位0,五層,五層,公寓(5樓含以下無電梯),住家用,鋼筋混凝土造,0710903,88.35,2,2,2,有,無,1400000,15846,,0.0,0,親友、員工、共有人或其他特殊關係間之交易；,RPPNMLLKKHKGFBK87DA,81.43,0.0,6.92,無,067
苑裡鎮,土地,玉山段1905地號,1209.43,,特定農業區,甲種建築用地,1131102,土地1建物0車位0,,,其他,,,,0.0,0,0,0,無,無,44580000,36860,,0.0,0,,RPPNMLKKKHKGFCK87DA,0.0,0.0,0.0,無,
竹南鎮,房地(土地+建物)+車位,苗栗縣竹南鎮聖福里２０鄰建國路２８８巷７９弄４２號,84.96,工,,,1131110,土地3建物2車位1,全,三層,透天厝,辦公用,鋼筋混凝土造,0791130,158.24,4,2,3,有,無,12200000,77098,坡道平面,0.0,0,,RPQPMLMLJIJGFDK48DA,137.45,0.0,2.91,無,068
竹南鎮,土地,五福段509地號,334.12,,特定農業區,農牧用地,1131105,土地2建物0車位0,,,其他,,,,0.0,0,0,0,無,無,7000000,20951,,0.0,0,,RPXNMLQJKHKGFDK66DA,0.0,0.0,0.0,無,069
銅鑼鄉,土地,東田洋段578-2地號,1032.09,,特定農業區,農牧用地,1131115,土地1建物0車位0,,,其他,,,,0.0,0,0,0,無,無,2279060,2208,,0.0,0,,RPPNMLSJKHKGFEK78DA,0.0,0.0,0.0,無,
公館鄉,土地,館聖段708-13地號,26.96,住,,,1131106,土地1建物0車位0,,,其他,,,,0.0,0,0,0,無,無,2160000,80119,,0.0,0,未登記建物；,RPRNMLQJKIJGFBK48DA,0.0,0.0,0.0,無,
公館鄉,土地,館聖段698-1地號,70.39,住,,,1131106,土地1建物0車位0,,,其他,,,,0.0,0,0,0,無,無,5560000,78988,,0.0,0,未登記建物；,RPSNMLQJKIJGFBK58DA,0.0,0.0,0.0,無,
頭屋鄉,土地,外獅潭段1370地號,1924.0,農,,,1131129,土地1建物0車位0,,,其他,,,,0.0,0,0,0,無,無,22700000,11798,,0.0,0,,RPXNMLLKKHKGFBK68DA,0.0,0.0,0.0,無,070
造橋鄉,房地(土地+建物),苗栗縣造橋鄉朝陽村１２鄰頭家城路仁愛巷２１號,77.62,,鄉村區,乙種建築用地,1131113,土地1建物1車位0,全,二層,透天厝,住家用,鋼筋混凝土造,0691104,112.24,4,2,3,有,無,7600000,67712,,0.0,0,其他增建；,RPQNMLKKKHKGFDK08DA,112.24,0.0,0.0,無,071
竹南鎮,房地(土地+建物)+車位,苗栗縣竹南鎮竹興里７鄰復興路３８６號三樓之三,18.5,,鄉村區,乙種建築用地,1131105,土地1建物1車位1,三層,五層,華廈(10層含以下有電梯),住家用,鋼筋混凝土造,1130910,62.08,1,1,1,有,有,5700000,91817,一樓平面,0.0,0,,RPUNMLKMKIJGFDK68DA,40.52,0.0,4.29,有,
頭份市,土地,山下段76地號,1051.43,農,,,1131106,土地1建物0車位0,,,其他,,,,0.0,0,0,0,無,無,36880000,35076,,0.0,0,,RPTNMLNJJHKGFFK68DA,0.0,0.0,0.0,無,072
頭份市,土地,湳湖段366地號,487.88,農,,,1131115,土地1建物0車位0,,,其他,,,,0.0,0,0,0,無,無,10920000,22383,,0.0,0,,RPUNMLRJJHKGFFK56DA,0.0,0.0,0.0,無,073
頭份市,土地,觀音段770地號,3321.05,,山坡地保育區,農牧用地,1131104,土地1建物0車位0,,,其他,,,,0.0,0,0,0,無,無,15000000,4517,,0.0,0,,RPSNMLKKJHKGFFK38DA,0.0,0.0,0.0,無,
三灣鄉,土地,中山段1144-2地號,113.4,工,山坡地保育區,暫未編定,1131114,土地1建物0車位0,,,其他,,,,0.0,0,0,0,無,無,100000,882,,0.0,0,,RPWNMLMLJHKGFFK09DA,0.0,0.0,0.0,無,
三灣鄉,土地,中山段1144-3地號,1405.04,工,,,1131114,土地2建物0車位0,,,其他,,,,0.0,0,0,0,無,無,19900000,14163,,0.0,0,,SPWNMLMLJHKGFFK56DA,0.0,0.0,0.0,無,074
苗栗市,房地(土地+建物),苗栗縣苗栗市嘉新里２１鄰國華路１０９號,13.25,商,,,1131127,土地2建物1車位0,一層，騎樓,五層,華廈(10層含以下有電梯),其他,鋼筋混凝土造,1130718,50.54,1,1,1,有,有,4800000,94974,,0.0,0,,RPSNMLOJKHKGFBK38DA,39.98,0.0,0.0,有,
大湖鄉,土地,大湖段446-5地號,6951.0,,特定農業區,農牧用地,1131114,土地6建物0車位0,,,其他,,,,0.0,0,0,0,無,無,16500000,2374,,0.0,0,未登記建物；,RPPNMLSKKHKGFAK48DA,0.0,0.0,0.0,無,
苑裡鎮,土地,鎮安段1414地號,1581.89,,特定農業區,農牧用地,1131109,土地1建物0車位0,,,其他,,,,0.0,0,0,0,無,無,4700000,2971,,0.0,0,農作物；,RPRNMLLLJIJGFCK18DA,0.0,0.0,0.0,無,
泰安鄉,土地,麻必浩段76地號,6780.0,,山坡地保育區,林業用地,1131118,土地1建物0車位0,,,其他,,,,0.0,0,0,0,無,無,250000,37,,0.0,0,,RPRNMLKLJHKGFAK87DA,0.0,0.0,0.0,無,
後龍鎮,土地,大山段95地號,639.17,,鄉村區,乙種建築用地,1131129,土地1建物0車位0,,,其他,,,,0.0,0,0,0,無,無,14880000,23280,,0.0,0,,RPTNMLSJJHKGFDK98DA,0.0,0.0,0.0,無,
竹南鎮,房地(土地+建物)+車位,苗栗縣竹南鎮山佳里３０鄰四維街１７號之１,29.7,住,,,1131121,土地1建物1車位1,一層,七層,華廈(10層含以下有電梯),住家用,鋼筋混凝土造,0820622,155.86,3,2,2,有,有,7350000,47158,坡道平面,0.0,0,,RPTNMLMLJHKGFDK58DA,107.87,0.0,12.82,有,
竹南鎮,房地(土地+建物),苗栗縣竹南鎮竹南里１３鄰民治街５２號,294.0,住,,,1131101,土地5建物1車位0,全,一層,透天厝,住家用,鋼造,0841009,195.97,0,0,0,無,無,44000000,224524,,0.0,0,包含公共設施保留地用地；,RPSNMLKKKHKGFDK28DA,195.97,0.0,0.0,無,
三義鄉,土地,僑成段775-1地號,1938.5,,山坡地保育區,林業用地,1131118,土地2建物0車位0,,,其他,,,,0.0,0,0,0,無,無,23800000,12278,,0.0,0,買賣雙方另有協議民宿經營規劃合作事項,RPPNMLOKKHKGFEK48DA,0.0,0.0,0.0,無,
頭份市,房地(土地+建物)+車位,苗栗縣頭份市新華里３鄰中正一路５０９號六樓,37.02,,鄉村區,乙種建築用地,1131123,土地1建物1車位1,六層,九層,華廈(10層含以下有電梯),住家用,鋼筋混凝土造,1071206,168.60000000000002,3,2,2,有,有,13000000,77106,坡道平面,30.92,0,,RPQNMLKLJHKGFFK28DA,89.41,0.0,8.93,有,
頭份市,土地,蘆竹湳段流水潭小段174地號,745.0,都市：其他:綠地,,,1131129,土地3建物0車位0,,,其他,,,,0.0,0,0,0,無,無,3280000,4403,,0.0,0,親友、員工、共有人或其他特殊關係間之交易；包含公共設施保留地用地；,RPPNMLOKKHKGFFK58DA,0.0,0.0,0.0,無,
後龍鎮,土地,龍富段503地號,147.05,住,,,1131022,土地1建物0車位0,,,其他,,,,0.0,0,0,0,無,無,8900000,60524,,0.0,0,,RPTNMLPLIIJGFDK78DA,0.0,0.0,0.0,無,
通霄鎮,土地,北勢窩段1293-4地號,36528.0,,山坡地保育區,窯業用地,1131025,土地14建物0車位0,,,其他,,,,0.0,0,0,0,無,無,598000000,16371,,0.0,0,同段1293-38、1293-41不動產役權併同移轉。,RPPNMLLKKHKGFCK97DA,0.0,0.0,0.0,無,075
後龍鎮,房地(土地+建物),苗栗縣後龍鎮校椅里１２鄰頂椅七街２４８巷３３號,99.22,住,,,1131019,土地5建物1車位0,全,四層,透天厝,住家用,鋼筋混凝土造,1131018,231.16,3,2,3,有,有,23500000,101661,,0.0,0,預售屋、或土地及建物分件登記案件；,RPWNMLQJKHKGFDK56DA,214.28,0.0,16.88,有,
大湖鄉,房地(土地+建物),苗栗縣大湖鄉靜湖村５鄰和平路１０號,111.8,住,,,1131027,土地3建物1車位0,全,三層,透天厝,住家用,鋼筋混凝土造,1040720,176.63,5,2,5,有,無,7650000,43311,,0.0,0,,RPPNMLKKKHKGFAK67DA,159.75,0.0,16.88,無,076
頭份市,土地,湳湖段692-4地號,5198.14,農,,,1131023,土地3建物0車位0,,,其他,,,,0.0,0,0,0,無,無,114650000,22056,,0.0,0,,RPQNMLSJJHKGFFK88DA,0.0,0.0,0.0,無,
三灣鄉,土地,南下林坪段757地號,8385.0,,山坡地保育區,林業用地,1131028,土地4建物0車位0,,,其他,,,,0.0,0,0,0,無,無,1500000,179,,0.0,0,親友、員工、共有人或其他特殊關係間之交易；,RPPNMLKKKHKGFFK28EA,0.0,0.0,0.0,無,
苗栗市,房地(土地+建物),苗栗縣苗栗市玉華里２２鄰莒光街２０巷４號,88.0,,鄉村區,乙種建築用地,1131014,土地1建物1車位0,全,二層,透天厝,住家用,加強磚造,,102.82,3,2,2,有,無,3800000,36958,,0.0,0,其他增建；,RPSNMLNKKHKGFBK38DA,102.82,0.0,0.0,無,
頭份市,土地,觀音段231-10地號,1435.12,,一般農業區,丁種建築用地,1131019,土地3建物0車位0,,,其他,,,,0.0,0,0,0,無,無,49923800,34787,,0.0,0,,RPXNMLKKKHKGFFK98DA,0.0,0.0,0.0,無,
竹南鎮,房地(土地+建物),苗栗縣竹南鎮大埔里１９鄰五福新村５４號,52.25,,鄉村區,乙種建築用地,1130913,土地1建物1車位0,全,二層,透天厝,住家用,加強磚造,0700821,83.27,3,2,2,有,無,4200000,50438,,0.0,0,,RPWNMLQLKIJGFDK76DA,83.27,0.0,0.0,無,077
通霄鎮,土地,通平段1341-6地號,8805.07,,一般農業區,農牧用地,1130928,土地2建物0車位0,,,其他,,,,0.0,0,0,0,無,無,17377420,1974,,0.0,0,,RPSNMLLLJHKGFCK28DA,0.0,0.0,0.0,無,078
通霄鎮,土地,通平段1341-4地號,5817.78,,一般農業區,農牧用地,1130928,土地2建物0車位0,,,其他,,,,0.0,0,0,0,無,無,11254490,1934,,0.0,0,,RPTNMLLLJHKGFCK38DA,0.0,0.0,0.0,無,078
苗栗市,房地(土地+建物),苗栗縣苗栗市高苗里２４鄰松園１２２號,114.18,,鄉村區,乙種建築用地,1130922,土地1建物1車位0,全,二層,透天厝,住家用,加強磚造,0701216,99.51,4,2,3,有,無,4268000,42890,,0.0,0,其他增建: 壹樓廚房及廁所其他增建；,RPPNMLQJKHKGFBK28DA,90.6,0.0,8.91,無,080
頭份市,土地,東興段894地號,2354.16,,山坡地保育區,林業用地,1130922,土地8建物0車位0,,,其他,,,,0.0,0,0,0,無,無,500000,212,,0.0,0,親友、員工、共有人或其他特殊關係間之交易；,RPQNMLSJKHKGFFK98DA,0.0,0.0,0.0,無,
頭份市,土地,東興段894地號,2425.58,,山坡地保育區,林業用地,1130922,土地9建物0車位0,,,其他,,,,0.0,0,0,0,無,無,600000,247,,0.0,0,親友、員工、共有人或其他特殊關係間之交易；,SPQNMLSJKHKGFFK09DA,0.0,0.0,0.0,無,
卓蘭鎮,土地,西坪段797-1地號,1959.95,,特定農業區,農牧用地,1130803,土地1建物0車位0,,,其他,,,,0.0,0,0,0,無,無,2700000,1378,,0.0,0,農作物；,RPRNMLSKKHKGFAK68DA,0.0,0.0,0.0,無,
卓蘭鎮,土地,西坪段790地號,1535.44,,特定農業區,農牧用地,1130803,土地2建物0車位0,,,其他,,,,0.0,0,0,0,無,無,2050000,1335,,0.0,0,農作物；,RPSNMLSKKHKGFAK78DA,0.0,0.0,0.0,無,
造橋鄉,房地(土地+建物),苗栗縣造橋鄉談文村５鄰育英三街１５號一樓之六,20.05,,山坡地保育區,丙種建築用地,1130702,土地1建物1車位0,一層,三層,公寓(5樓含以下無電梯),住家用,鋼筋混凝土造,0930513,26.830000000000002,1,0,1,有,有,1300000,48453,,0.0,0,陽台外推；,RPRNMLRKJHKGFDK78DA,17.94,2.75,0.0,無,081
後龍鎮,房地(土地+建物),苗栗縣後龍鎮校椅里１２鄰頂椅七街２５０號,76.62,住,,,1130603,土地4建物1車位0,全,四層,透天厝,住商用,鋼筋混凝土造,1131018,211.68,3,2,3,有,有,19080000,90136,,0.0,0,預售屋、或土地及建物分件登記案件；,RPTNMLQJKHKGFDK88DA,194.14,0.0,17.54,無,
後龍鎮,房地(土地+建物),苗栗縣後龍鎮校椅里１２鄰頂椅七街２４８巷１０號,78.01,住,,,1130615,土地5建物1車位0,全,四層,透天厝,住家用,鋼筋混凝土造,1131018,208.63,3,2,3,有,有,17400000,83401,,0.0,0,預售屋、或土地及建物分件登記案件；,RPVNMLQJKHKGFDK09DA,191.75,0.0,16.88,無,
銅鑼鄉,土地,新盛段262地號,58.08,,山坡地保育區,暫未編定,1130622,土地1建物0車位0,,,其他,,,,0.0,0,0,0,無,無,150000,2583,,0.0,0,,RPRNMLRJKHKGFEK88DA,0.0,0.0,0.0,無,062
竹南鎮,房地(土地+建物),苗栗縣竹南鎮天文里１２鄰龍昇街４５號,571.39,住,,,1130508,土地1建物1車位0,全,二層,透天厝,住家用,加強磚造,0660812,131.92,5,3,2,有,無,41000000,310794,,0.0,0,,RPOOMLQLKIJGFDK68DA,131.92,0.0,0.0,無,
頭份市,房地(土地+建物)+車位,苗栗縣頭份市忠孝里２鄰光明街８２號四樓,39.47,住,,,1130405,土地1建物1車位1,四層,五層,華廈(10層含以下有電梯),住家用,鋼筋混凝土造,1131202,130.29000000000002,3,2,2,有,無,14980000,114974,一樓平面,0.0,0,土地價款:新臺幣捌佰零玖萬元整房屋價款:新臺幣伍佰參拾玖萬元整車位價款:新臺幣壹佰伍拾萬元整預售屋、或土地及建物分件登記案件；,RPTNMLRJKHKGFFK56DA,87.29,0.0,6.97,有,
頭份市,房地(土地+建物),苗栗縣頭份市忠孝里２鄰光明街８８號二樓,17.44,住,,,1130423,土地1建物1車位0,二層,五層,華廈(10層含以下有電梯),住家用,鋼筋混凝土造,1131202,51.58,1,1,1,有,無,6080000,117875,,0.0,0,土地價款:新臺幣參佰陸拾伍萬元整房屋價款:新臺幣貳佰肆拾參萬元整預售屋、或土地及建物分件登記案件；,RPPOMLKKKHKGFFK28DA,34.87,0.0,6.49,有,
頭份市,房地(土地+建物),苗栗縣頭份市忠孝里２鄰光明街８８號五樓,17.44,住,,,1130315,土地1建物1車位0,五層,五層,華廈(10層含以下有電梯),住家用,鋼筋混凝土造,1131202,51.58,1,1,1,有,無,6380000,123691,,0.0,0,1.於民國114年1月13日登記名義人變更2.妻子讓售給丈夫3.土地價款: 參佰捌拾參萬元整    建物價款:貳佰伍拾伍萬元整預售屋、或土地及建物分件登記案件；,RPSNMLQJKHKGFFK98DA,34.87,0.0,6.49,有,
頭份市,土地,尖山下段1022-11地號,15261.0,,山坡地保育區,農牧用地,1130323,土地10建物0車位0,,,其他,,,,0.0,0,0,0,無,無,10000000,655,,0.0,0,,RPTNMLSJKHKGFFK66DA,0.0,0.0,0.0,無,
頭份市,房地(土地+建物)+車位,苗栗縣頭份市忠孝里２鄰光明街８２號三樓,39.47,住,,,1130111,土地1建物1車位1,三層,五層,華廈(10層含以下有電梯),住家用,鋼筋混凝土造,1131202,130.29000000000002,3,2,2,有,無,14880000,114207,一樓平面,0.0,0,土地價款:新臺幣捌佰零參萬元整建物價款:新臺幣伍佰參拾伍萬元整車位價款:新臺幣壹佰伍拾萬元整預售屋、或土地及建物分件登記案件；,RPPNMLRJKHKGFFK78DA,87.29,0.0,6.97,有,
頭份市,房地(土地+建物)+車位,苗栗縣頭份市東庄里１９鄰昌隆一街１４２號七樓,34.71,住,,,1130108,土地1建物1車位2,七層,十五層,住宅大樓(11層含以上有電梯),住家用,鋼筋混凝土造,1131120,218.62,3,2,3,有,有,20770000,109047,坡道平面,56.58,3100000,預售屋、或土地及建物分件登記案件；,RPSPNLPJIIJGFFK98DA,97.78,0.0,10.0,有,
苗栗市,房地(土地+建物)+車位,苗栗縣苗栗市福麗里３８鄰國華路１１３８巷７號三樓之三,38.56,住,,,1130125,土地1建物1車位1,三層,五層,華廈(10層含以下有電梯),住家用,鋼筋混凝土造,1131126,113.0,2,2,2,有,有,8350000,73894,一樓平面,11.5,0,預售屋、或土地及建物分件登記案件；,RPTPMLKKKHKGFBK38DA,65.12,0.0,6.92,有,
頭份市,房地(土地+建物)+車位,苗栗縣頭份市東庄里１９鄰昌隆一街１３０號六樓,34.71,住,,,1121113,土地1建物1車位2,六層,十五層,住宅大樓(11層含以上有電梯),住家用,鋼筋混凝土造,1131120,219.04000000000002,3,2,3,有,有,19900000,103410,坡道平面,56.58,3100000,預售屋、或土地及建物分件登記案件；,RPVTMLPJIIJGFFK96DA,98.19,0.0,9.92,有,
頭份市,房地(土地+建物),苗栗縣頭份市忠孝里２鄰光明街８６號四樓,17.44,住,,,1121122,土地1建物1車位0,四層,五層,華廈(10層含以下有電梯),住家用,鋼筋混凝土造,1131202,51.66,1,1,1,有,無,5800000,112273,,0.0,0,土地價款:新臺幣參佰肆拾捌萬元整房屋價款:新臺幣貳佰參拾貳萬元整預售屋、或土地及建物分件登記案件；,RPQNMLRJKHKGFFK88DA,36.06,0.0,5.34,有,
頭份市,房地(土地+建物)+車位,苗栗縣頭份市忠孝里２鄰光明街９０號二樓,40.39,住,,,1121102,土地1建物1車位1,二層,五層,華廈(10層含以下有電梯),住家用,鋼筋混凝土造,1131202,132.0,3,2,2,有,無,14580000,110455,一樓平面,0.0,0,土地價款:新臺幣柒佰捌拾伍萬元整房屋價款:新臺幣伍佰貳拾參萬元整車位價款:新臺幣壹佰伍拾萬元整預售屋、或土地及建物分件登記案件；,RPRNMLRJKHKGFFK98DA,86.17,0.0,9.25,有,
苗栗市,房地(土地+建物)+車位,苗栗縣苗栗市福麗里３８鄰國華路１１３８巷９號三樓之一,35.46,住,,,1121105,土地1建物1車位1,三層,五層,華廈(10層含以下有電梯),住家用,鋼筋混凝土造,1131126,104.39,2,2,1,有,有,8080000,77402,一樓平面,18.2,0,預售屋、或土地及建物分件登記案件；,RPUPMLKKKHKGFBK48DA,59.51,0.0,7.21,有,
苗栗市,房地(土地+建物)+車位,苗栗縣苗栗市福麗里３８鄰國華路１１３８巷１５號二樓之五,26.05,住,,,1121117,土地1建物1車位1,二層,五層,華廈(10層含以下有電梯),住家用,鋼筋混凝土造,1131126,73.38,1,2,1,有,有,6680000,91033,一樓平面,19.7,0,預售屋、或土地及建物分件登記案件；,RPQPMLKKKHKGFBK08DA,44.14,0.0,3.03,有,
苗栗市,房地(土地+建物)+車位,苗栗縣苗栗市福麗里３８鄰國華路１１３８巷１５號四樓之二,29.42,住,,,1121101,土地1建物1車位1,四層,五層,華廈(10層含以下有電梯),住家用,鋼筋混凝土造,1131126,82.16,2,2,1,有,有,6800000,82765,一樓平面,11.0,0,預售屋、或土地及建物分件登記案件；,RPSNMLLKKHKGFBK18DA,48.68,0.0,3.88,有,
頭份市,房地(土地+建物)+車位,苗栗縣頭份市東庄里１９鄰昌隆一街１３２號五樓,34.71,住,,,1121023,土地1建物1車位1,五層,十五層,住宅大樓(11層含以上有電梯),住家用,鋼筋混凝土造,1131120,190.32999999999998,3,2,3,有,有,17820000,101024,坡道平面,28.29,1450000,預售屋、或土地及建物分件登記案件；,RPRSMLPJIIJGFFK09DA,97.78,0.0,10.0,有,
頭份市,房地(土地+建物)+車位,苗栗縣頭份市東庄里１９鄰昌隆一街１４２號十一樓,34.71,住,,,1121016,土地1建物1車位2,十一層,十五層,住宅大樓(11層含以上有電梯),住家用,鋼筋混凝土造,1131120,218.62,3,2,3,有,有,19380000,101703,坡道平面,56.58,2900000,預售屋、或土地及建物分件登記案件；,RPWPNLPJIIJGFFK76DA,97.78,0.0,10.0,有,
頭份市,房地(土地+建物)+車位,苗栗縣頭份市東庄里１９鄰昌隆一街１３０號十一樓,34.71,住,,,1120918,土地1建物1車位1,十一層,十五層,住宅大樓(11層含以上有電梯),住家用,鋼筋混凝土造,1131120,190.75,3,2,3,有,有,18100000,101871,坡道平面,28.29,1550000,親友、員工、共有人或其他特殊關係間之交易；預售屋、或土地及建物分件登記案件；,RPRUMLPJIIJGFFK66DA,98.19,0.0,9.92,有,
頭份市,房地(土地+建物)+車位,苗栗縣頭份市東庄里１９鄰昌隆一街１７２號十四樓,27.53,住,,,1120918,土地1建物1車位1,十四層,十五層,住宅大樓(11層含以上有電梯),住家用,鋼筋混凝土造,1131120,154.05,3,2,2,有,有,14700000,104564,坡道平面,28.29,1550000,預售屋、或土地及建物分件登記案件；,RPQONLRJIIJGFFK88DA,77.66,0.0,6.09,有,
頭份市,房地(土地+建物)+車位,苗栗縣頭份市東庄里１９鄰昌隆一街１８２號十樓,23.94,住,,,1120918,土地1建物1車位1,十層,十五層,住宅大樓(11層含以上有電梯),住家用,鋼筋混凝土造,1131120,139.42000000000002,3,2,2,有,有,13300000,105732,坡道平面,28.29,1550000,預售屋、或土地及建物分件登記案件；,RPQTNLRJIIJGFFK76DA,68.56,0.0,5.47,有,
苗栗市,房地(土地+建物),苗栗縣苗栗市維祥里１８鄰復興路二段３４５巷１２號,103.0,,鄉村區,乙種建築用地,1120915,土地2建物1車位0,全,四層,透天厝,住家用,鋼筋混凝土造,1130821,216.93,5,3,4,有,無,15999406,73754,,0.0,0,本交易已於民國114年1月13日找補金額預售屋、或土地及建物分件登記案件；,RPWNMLLLJHKGFBK58DA,209.03,0.0,7.9,無,
苗栗市,房地(土地+建物)+車位,苗栗縣苗栗市福麗里３８鄰國華路１１３８巷１５號二樓之二,29.42,住,,,1120916,土地1建物1車位1,二層,五層,華廈(10層含以下有電梯),住家用,鋼筋混凝土造,1131126,82.16,2,2,1,有,有,6850000,83374,一樓平面,19.7,0,預售屋、或土地及建物分件登記案件；,RPQNMLTJKHKGFBK68DA,48.68,0.0,3.88,有,
苗栗市,房地(土地+建物)+車位,苗栗縣苗栗市福麗里３８鄰國華路１１３８巷１１號二樓之一,35.35,住,,,1120910,土地1建物1車位1,二層,五層,華廈(10層含以下有電梯),住家用,鋼筋混凝土造,1131126,98.75,2,2,1,有,有,7960000,80608,一樓平面,11.0,0,預售屋、或土地及建物分件登記案件；,RPVNMLTJKHKGFBK56DA,57.74,0.0,5.44,有,
頭份市,房地(土地+建物)+車位,苗栗縣頭份市東庄里１９鄰昌隆一街１３０號五樓,34.71,住,,,1120828,土地1建物1車位2,五層,十五層,住宅大樓(11層含以上有電梯),住家用,鋼筋混凝土造,1131120,219.04000000000002,3,2,3,有,有,19570000,101379,坡道平面,56.58,3100000,預售屋、或土地及建物分件登記案件；,RPUTMLPJIIJGFFK86DA,98.19,0.0,9.92,有,
頭份市,房地(土地+建物)+車位,苗栗縣頭份市東庄里１９鄰昌隆一街１８２號十四樓,23.94,住,,,1120814,土地1建物1車位1,十四層,十五層,住宅大樓(11層含以上有電梯),住家用,鋼筋混凝土造,1131120,139.42000000000002,3,2,2,有,有,12450000,99883,坡道平面,28.29,1350000,預售屋、或土地及建物分件登記案件；,RPSTNLRJIIJGFFK96DA,68.56,0.0,5.47,有,
頭份市,房地(土地+建物)+車位,苗栗縣頭份市東庄里１９鄰昌隆一街１５２號十四樓,23.94,住,,,1120814,土地1建物1車位1,十四層,十五層,住宅大樓(11層含以上有電梯),住家用,鋼筋混凝土造,1131120,135.94,3,2,2,有,有,12260000,100418,坡道平面,28.29,1450000,預售屋、或土地及建物分件登記案件；,RPVVNLPJIIJGFFK27DA,65.65,0.0,5.99,有,
頭份市,房地(土地+建物)+車位,苗栗縣頭份市東庄里１９鄰昌隆一街１２８號九樓,23.94,住,,,1120828,土地1建物1車位1,九層,十五層,住宅大樓(11層含以上有電梯),住家用,鋼筋混凝土造,1131120,136.01,3,2,2,有,有,12930000,106297,坡道平面,27.07,1350000,預售屋、或土地及建物分件登記案件；,RPURMLPJIIJGFFK66DA,67.57,0.0,4.86,有,
苗栗市,房地(土地+建物),苗栗縣苗栗市維祥里１８鄰復興路二段３４５巷５號,107.0,,鄉村區,乙種建築用地,1120810,土地2建物1車位0,全,四層,透天厝,住家用,鋼筋混凝土造,1130821,212.0,5,3,5,有,無,16288940,76835,,0.0,0,本交易已於民國114年1月7日找補金額預售屋、或土地及建物分件登記案件；,RPUOMLLLJHKGFBK48DA,206.24,0.0,5.76,無,
後龍鎮,房地(土地+建物),苗栗縣後龍鎮校椅里１２鄰校椅一路３３６號,84.31,住,,,1120731,土地4建物1車位0,全,四層,透天厝,住商用,鋼筋混凝土造,1131018,218.47,3,2,3,有,有,18490000,84634,,0.0,0,預售屋、或土地及建物分件登記案件；,RPSNMLQJKHKGFDK78DA,201.59,0.0,16.88,無,
頭份市,房地(土地+建物)+車位,苗栗縣頭份市東庄里１９鄰昌隆一街１１６號十三樓,26.33,住,,,1120703,土地1建物1車位1,十三層,十五層,住宅大樓(11層含以上有電梯),住家用,鋼筋混凝土造,1131120,147.57999999999998,3,2,2,有,有,13500000,101014,坡道平面,28.29,1450000,預售屋、或土地及建物分件登記案件；,RPPNNLOJIIJGFFK38DA,73.35,0.0,6.09,有,
頭份市,房地(土地+建物)+車位,苗栗縣頭份市東庄里１９鄰昌隆一街１５２號六樓,23.94,住,,,1120731,土地1建物1車位1,六層,十五層,住宅大樓(11層含以上有電梯),住家用,鋼筋混凝土造,1131120,135.94,3,2,2,有,有,12720000,104691,坡道平面,28.29,1450000,預售屋、或土地及建物分件登記案件；,RPXUNLPJIIJGFFK37DA,65.65,0.0,5.99,有,
頭份市,房地(土地+建物)+車位,苗栗縣頭份市東庄里１９鄰昌隆一街１５８號九樓,26.33,住,,,1120724,土地1建物1車位1,九層,十五層,住宅大樓(11層含以上有電梯),住家用,鋼筋混凝土造,1131120,147.57999999999998,3,2,2,有,有,14030000,105457,坡道平面,28.29,1450000,預售屋、或土地及建物分件登記案件；,RPPOMLRJIIJGFFK68DA,73.35,0.0,6.09,有,
頭份市,房地(土地+建物)+車位,苗栗縣頭份市東庄里１９鄰昌隆一街１８２號五樓,23.94,住,,,1120724,土地1建物1車位1,五層,十五層,住宅大樓(11層含以上有電梯),住家用,鋼筋混凝土造,1131120,139.42000000000002,3,2,2,有,有,12400000,98533,坡道平面,28.29,1450000,預售屋、或土地及建物分件登記案件；,RPWSNLRJIIJGFFK27DA,68.56,0.0,5.47,有,
頭份市,房地(土地+建物)+車位,苗栗縣頭份市東庄里１９鄰昌隆一街１８２號十三樓,23.94,住,,,1120717,土地1建物1車位1,十三層,十五層,住宅大樓(11層含以上有電梯),住家用,鋼筋混凝土造,1131120,139.42000000000002,3,2,2,有,有,12430000,98803,坡道平面,28.29,1450000,預售屋、或土地及建物分件登記案件；,RPRTNLRJIIJGFFK86DA,68.56,0.0,5.47,有,
頭份市,房地(土地+建物)+車位,苗栗縣頭份市東庄里１９鄰昌隆一街１２８號三樓,23.94,住,,,1120710,土地1建物1車位1,三層,十五層,住宅大樓(11層含以上有電梯),住家用,鋼筋混凝土造,1131120,137.23000000000002,3,2,2,有,有,11900000,96842,坡道平面,28.29,1350000,預售屋、或土地及建物分件登記案件；,RPTNMLRKIIJGFFK09DA,67.57,0.0,4.86,有,
苗栗市,房地(土地+建物)+車位,苗栗縣苗栗市福麗里３８鄰國華路１１３８巷７號四樓之二,29.78,住,,,1120705,土地1建物1車位1,四層,五層,華廈(10層含以下有電梯),住家用,鋼筋混凝土造,1131126,87.5,2,2,1,有,有,6700000,76571,一樓平面,11.5,0,預售屋、或土地及建物分件登記案件；,RPVPMLKKKHKGFBK58DA,49.48,0.0,6.38,有,
苗栗市,房地(土地+建物)+車位,苗栗縣苗栗市福麗里３８鄰國華路１１３８巷１３號二樓之一,29.34,住,,,1120707,土地1建物1車位1,二層,五層,華廈(10層含以下有電梯),住家用,鋼筋混凝土造,1131126,82.66,2,2,1,有,有,6880000,83233,一樓平面,11.0,0,預售屋、或土地及建物分件登記案件；,RPSNMLTJKHKGFBK88DA,49.29,0.0,3.85,有,
苗栗市,房地(土地+建物)+車位,苗栗縣苗栗市福麗里３８鄰國華路１１３８巷１５號三樓之三,31.56,住,,,1120722,土地1建物1車位1,三層,五層,華廈(10層含以下有電梯),住家用,鋼筋混凝土造,1131126,88.53999999999999,2,2,1,有,有,6700000,75672,一樓平面,11.0,0,預售屋、或土地及建物分件登記案件；,RPSNMLKKKHKGFBK08DA,53.65,0.0,3.14,有,
苗栗市,房地(土地+建物)+車位,苗栗縣苗栗市福麗里３８鄰國華路１１３８巷１５號五樓之三,31.56,住,,,1120707,土地1建物1車位1,五層,五層,華廈(10層含以下有電梯),住家用,鋼筋混凝土造,1131126,88.53999999999999,2,2,1,有,有,6600000,74543,一樓平面,11.0,0,預售屋、或土地及建物分件登記案件；,RPVOMLKKKHKGFBK48DA,53.65,0.0,3.14,有,
頭份市,房地(土地+建物)+車位,苗栗縣頭份市東庄里１９鄰昌隆一街１７８號十樓,17.95,住,,,1120612,土地1建物1車位1,十層,十五層,住宅大樓(11層含以上有電梯),住家用,鋼筋混凝土造,1131120,113.78,2,2,2,有,有,10550000,107615,坡道平面,28.29,1350000,預售屋、或土地及建物分件登記案件；,RPXNMLRJJIJGFFK86DA,52.34,0.0,4.48,有,
苗栗市,房地(土地+建物),苗栗縣苗栗市維祥里１８鄰復興路二段３４５巷６號,114.8,,鄉村區,乙種建築用地,1120615,土地5建物1車位0,全,四層,透天厝,住家用,鋼筋混凝土造,1130821,199.94,5,3,5,有,無,16358304,81816,,0.0,0,本交易已於民國113年12月26日找補金額預售屋、或土地及建物分件登記案件；,RPVOMLLLJHKGFBK58DA,194.18,0.0,5.76,無,
苗栗市,土地,文峰段49地號,540.54,商,,,1120630,土地1建物0車位0,,,其他,,,,0.0,0,0,0,無,無,53500000,98975,,0.0,0,,RPSNMLNKJHKGFBK28DA,0.0,0.0,0.0,無,
頭份市,房地(土地+建物)+車位,苗栗縣頭份市東庄里１９鄰昌隆一街１１８號十三樓,23.94,住,,,1120522,土地1建物1車位1,十三層,十五層,住宅大樓(11層含以上有電梯),住家用,鋼筋混凝土造,1131120,139.42000000000002,3,2,2,有,有,12530000,99703,坡道平面,28.29,1450000,預售屋、或土地及建物分件登記案件；,RPTONLOJIIJGFFK88DA,68.56,0.0,5.47,有,
頭份市,房地(土地+建物)+車位,苗栗縣頭份市東庄里１９鄰昌隆一街１０６號十樓,17.95,住,,,1120522,土地1建物1車位1,十層,十五層,住宅大樓(11層含以上有電梯),住家用,鋼筋混凝土造,1131120,113.78,2,2,2,有,有,10580000,107966,坡道平面,28.29,1350000,預售屋、或土地及建物分件登記案件；,RPWQMLOJIIJGFFK66DA,52.34,0.0,4.48,有,
頭份市,房地(土地+建物)+車位,苗栗縣頭份市東庄里１９鄰昌隆一街１７８號六樓,17.95,住,,,1120502,土地1建物1車位1,六層,十五層,住宅大樓(11層含以上有電梯),住家用,鋼筋混凝土造,1131120,113.78,2,2,2,有,有,10560000,106562,坡道平面,28.29,1450000,預售屋、或土地及建物分件登記案件；,RPQQNLRJIIJGFFK09DA,52.34,0.0,4.48,有,
頭份市,房地(土地+建物)+車位,苗栗縣頭份市東庄里１９鄰昌隆一街１７８號九樓,17.95,住,,,1120522,土地1建物1車位1,九層,十五層,住宅大樓(11層含以上有電梯),住家用,鋼筋混凝土造,1131120,113.78,2,2,2,有,有,10650000,107615,坡道平面,28.29,1450000,預售屋、或土地及建物分件登記案件；,RPTQNLRJIIJGFFK76DA,52.34,0.0,4.48,有,
頭份市,房地(土地+建物)+車位,苗栗縣頭份市東庄里１９鄰昌隆一街１８２號十二樓,23.94,住,,,1120529,土地1建物1車位1,十二層,十五層,住宅大樓(11層含以上有電梯),住家用,鋼筋混凝土造,1131120,139.42000000000002,3,2,2,有,有,12450000,99883,坡道平面,28.29,1350000,預售屋、或土地及建物分件登記案件；,RPVNMLSJIIJGFFK66DA,68.56,0.0,5.47,有,
苗栗市,房地(土地+建物),苗栗縣苗栗市維祥里１８鄰復興路二段３４５巷１６號,101.0,,鄉村區,乙種建築用地,1120529,土地2建物1車位0,全,四層,透天厝,住家用,鋼筋混凝土造,1130821,217.09,5,3,4,有,無,15929532,73378,,0.0,0,本交易已於民國114年1月2日找補金額預售屋、或土地及建物分件登記案件；,RPTNMLLLJHKGFBK28DA,206.69,0.0,10.4,無,
苗栗市,房地(土地+建物)+車位,苗栗縣苗栗市福麗里３８鄰國華路１１３８巷７號二樓之三,38.56,住,,,1120527,土地1建物1車位1,二層,五層,華廈(10層含以下有電梯),住家用,鋼筋混凝土造,1131126,113.0,2,2,2,有,有,8500000,75221,一樓平面,18.2,0,預售屋、或土地及建物分件登記案件；,RPSPMLKKKHKGFBK28DA,65.12,0.0,6.92,有,
頭份市,房地(土地+建物)+車位,苗栗縣頭份市東庄里１９鄰昌隆一街１７８號十一樓,17.95,住,,,1120417,土地1建物1車位1,十一層,十五層,住宅大樓(11層含以上有電梯),住家用,鋼筋混凝土造,1131120,113.78,2,2,2,有,有,10280000,104457,坡道平面,28.29,1350000,113年12月12日更名登記關係:夫妻預售屋、或土地及建物分件登記案件；,RPPNMLLMKIJGFFK48DA,52.34,0.0,4.48,有,
頭份市,房地(土地+建物)+車位,苗栗縣頭份市東庄里１９鄰昌隆一街１１６號十一樓,26.33,住,,,1120406,土地1建物1車位1,十一層,十五層,住宅大樓(11層含以上有電梯),住家用,鋼筋混凝土造,1131120,147.57999999999998,3,2,2,有,有,13450000,100595,坡道平面,28.29,1450000,預售屋、或土地及建物分件登記案件；,RPXWMLOJIIJGFFK37DA,73.35,0.0,6.09,有,
頭份市,房地(土地+建物)+車位,苗栗縣頭份市東庄里１９鄰昌隆一街１３８號十三樓,19.15,住,,,1120409,土地1建物1車位1,十三層,十五層,住宅大樓(11層含以上有電梯),住家用,鋼筋混凝土造,1131120,114.06,2,2,1,有,有,10300000,104349,坡道平面,28.29,1350000,預售屋、或土地及建物分件登記案件；,RPQNNLPJIIJGFFK58DA,52.9,0.0,4.11,有,
頭份市,房地(土地+建物)+車位,苗栗縣頭份市東庄里１９鄰昌隆一街１６８號十四樓,26.33,住,,,1120406,土地1建物1車位1,十四層,十五層,住宅大樓(11層含以上有電梯),住家用,鋼筋混凝土造,1131120,149.20999999999998,3,2,2,有,有,13450000,99239,坡道平面,28.29,1450000,民國113年5月5日更名登記關係:夫妻預售屋、或土地及建物分件登記案件；,RPOVMLRJIIJGFFK66DA,74.53,0.0,5.88,有,
苗栗市,房地(土地+建物),苗栗縣苗栗市維祥里１８鄰復興路二段３４５巷１３號,103.0,,鄉村區,乙種建築用地,1120428,土地2建物1車位0,全,四層,透天厝,住家用,鋼筋混凝土造,1130821,216.93,5,3,4,有,無,15979894,73664,,0.0,0,本交易已於民國114年1月18日找補金額預售屋、或土地及建物分件登記案件；,RPVNMLLLJHKGFBK48DA,209.03,0.0,7.9,無,
頭份市,房地(土地+建物)+車位,苗栗縣頭份市東庄里１９鄰昌隆一街１７８號十二樓,17.95,住,,,1120327,土地1建物1車位1,十二層,十五層,住宅大樓(11層含以上有電梯),住家用,鋼筋混凝土造,1131120,113.78,2,2,2,有,有,10250000,104106,坡道平面,28.29,1350000,預售屋、或土地及建物分件登記案件；,RPVQNLRJIIJGFFK96DA,52.34,0.0,4.48,有,
頭份市,房地(土地+建物)+車位,苗栗縣頭份市東庄里１９鄰昌隆一街１１６號五樓,26.33,住,,,1120320,土地1建物1車位1,五層,十五層,住宅大樓(11層含以上有電梯),住家用,鋼筋混凝土造,1131120,147.57999999999998,3,2,2,有,有,13350000,99757,坡道平面,28.29,1450000,民國113年8月18日更名登記關係:夫妻預售屋、或土地及建物分件登記案件；,RPRWMLOJIIJGFFK76DA,73.35,0.0,6.09,有,
苗栗市,房地(土地+建物),苗栗縣苗栗市建功里３２鄰自治路１４１號五樓之二,23.53,商,,,1120306,土地1建物1車位0,五層,五層,華廈(10層含以下有電梯),住家用,鋼筋混凝土造,1131114,108.93,3,2,2,有,有,7810000,71697,,0.0,0,預售屋、或土地及建物分件登記案件；,RPQOMLPKJHKGFBK38DA,77.78,0.0,13.44,有,
苗栗市,房地(土地+建物),苗栗縣苗栗市建功里３２鄰自治路１４１號三樓之一,23.37,商,,,1120314,土地1建物1車位0,三層,五層,華廈(10層含以下有電梯),住家用,鋼筋混凝土造,1131114,109.25,3,2,2,有,有,7910000,72403,,0.0,0,預售屋、或土地及建物分件登記案件；,RPPOMLPKJHKGFBK28DA,83.85,0.0,7.81,有,
苗栗市,房地(土地+建物),苗栗縣苗栗市維祥里１８鄰復興路二段３４５巷８號,100.8,,鄉村區,乙種建築用地,1120306,土地3建物1車位0,全,四層,透天厝,住家用,鋼筋混凝土造,1130821,198.5,5,2,4,有,無,15581894,78498,,0.0,0,本交易已於民國113年12月31日找補金額預售屋、或土地及建物分件登記案件；,RPXOMLLLJHKGFBK78DA,191.55,0.0,6.95,無,
苗栗市,房地(土地+建物)+車位,苗栗縣苗栗市福麗里３８鄰國華路１１３８巷９號四樓之一,35.46,住,,,1120318,土地1建物1車位1,四層,五層,華廈(10層含以下有電梯),住家用,鋼筋混凝土造,1131126,104.39,2,2,1,有,有,7780000,74528,一樓平面,11.5,0,預售屋、或土地及建物分件登記案件；,RPWPMLKKKHKGFBK68DA,59.51,0.0,7.21,有,
苗栗市,房地(土地+建物)+車位,苗栗縣苗栗市福麗里３８鄰國華路１１３８巷１３號三樓之一,29.34,住,,,1120306,土地1建物1車位1,三層,五層,華廈(10層含以下有電梯),住家用,鋼筋混凝土造,1131126,82.66,2,2,1,有,有,6380000,77184,一樓平面,18.6,0,預售屋、或土地及建物分件登記案件；,RPTNMLKKKHKGFBK18DA,49.29,0.0,3.85,有,
苗栗市,房地(土地+建物)+車位,苗栗縣苗栗市大同里１鄰中山路７８３巷６號五樓之二,42.31,商,,,1120210,土地5建物1車位1,五層,五層,華廈(10層含以下有電梯),住家用,鋼筋混凝土造,1130910,142.81,3,2,2,有,有,8950000,62671,其他,10.01,0,土地:4027500元、建物:4922500元汽、機車位各一預售屋、或土地及建物分件登記案件；,RPQNMLQJKHKGFBK38DA,88.87,0.0,9.96,有,
頭份市,房地(土地+建物)+車位,苗栗縣頭份市東庄里１９鄰昌隆一街１２２號十五樓,19.15,住,,,1120206,土地1建物1車位1,十五層,十五層,住宅大樓(11層含以上有電梯),住家用,鋼筋混凝土造,1131120,114.09,2,2,2,有,有,10280000,104079,坡道平面,28.29,1350000,預售屋、或土地及建物分件登記案件；,RPRPMLPJIIJGFFK78DA,52.56,0.0,4.48,有,
苗栗市,房地(土地+建物)+車位,苗栗縣苗栗市福麗里３８鄰國華路１１３８巷１１號二樓之二,39.27,住,,,1120219,土地1建物1車位1,二層,五層,華廈(10層含以下有電梯),住家用,鋼筋混凝土造,1131126,110.21000000000001,2,2,2,有,有,8480000,76944,一樓平面,19.7,0,預售屋、或土地及建物分件登記案件；,RPWNMLTJKHKGFBK66DA,60.32,0.0,10.38,有,
苗栗市,房地(土地+建物)+車位,苗栗縣苗栗市福麗里３８鄰國華路１１３８巷１５號四樓之五,26.05,住,,,1120225,土地1建物1車位1,四層,五層,華廈(10層含以下有電梯),住家用,鋼筋混凝土造,1131126,73.38,1,2,1,有,有,6000000,81766,一樓平面,11.0,0,預售屋、或土地及建物分件登記案件；,RPROMLKKKHKGFBK08DA,44.14,0.0,3.03,有,
苗栗市,房地(土地+建物)+車位,苗栗縣苗栗市福麗里３８鄰國華路１１３８巷１３號三樓之三,36.0,住,,,1120107,土地1建物1車位1,三層,五層,華廈(10層含以下有電梯),住家用,鋼筋混凝土造,1131126,101.09,2,2,2,有,有,7550000,74686,一樓平面,19.7,0,預售屋、或土地及建物分件登記案件；,RPUNMLKKKHKGFBK28DA,58.75,0.0,6.12,有,
頭份市,房地(土地+建物)+車位,苗栗縣頭份市東庄里１９鄰昌隆一街１００號七樓,27.53,住,,,1111226,土地1建物1車位2,七層,十五層,住宅大樓(11層含以上有電梯),住家用,鋼筋混凝土造,1131120,182.34,3,2,2,有,有,15920000,105121,坡道平面,56.58,2700000,預售屋、或土地及建物分件登記案件；,RPVNMLOJIIJGFFK88DA,77.66,0.0,6.09,有,
苗栗市,房地(土地+建物)+車位,苗栗縣苗栗市福麗里３８鄰國華路１１３８巷１５號二樓之一,42.39,住,,,1111217,土地1建物1車位1,二層,五層,華廈(10層含以下有電梯),住家用,鋼筋混凝土造,1131126,119.62,2,2,2,有,有,8880000,74235,一樓平面,19.7,0,預售屋、或土地及建物分件登記案件；,RPPNMLTJKHKGFBK58DA,70.35,0.0,6.63,有,
苗栗市,房地(土地+建物)+車位,苗栗縣苗栗市福麗里３８鄰國華路１１３８巷１３號二樓之二,33.14,住,,,1111207,土地1建物1車位1,二層,五層,華廈(10層含以下有電梯),住家用,鋼筋混凝土造,1131126,93.06,2,2,1,有,有,7060000,75865,一樓平面,11.0,0,預售屋、或土地及建物分件登記案件；,RPTNMLTJKHKGFBK98DA,53.51,0.0,6.21,有,
苗栗市,房地(土地+建物)+車位,苗栗縣苗栗市福麗里３８鄰國華路１１３８巷１３號二樓之三,36.0,住,,,1111207,土地1建物1車位1,二層,五層,華廈(10層含以下有電梯),住家用,鋼筋混凝土造,1131126,101.09,2,2,2,有,有,7420000,73400,一樓平面,11.0,0,預售屋、或土地及建物分件登記案件；,RPUNMLTJKHKGFBK09DA,58.75,0.0,6.12,有,
苗栗市,房地(土地+建物)+車位,苗栗縣苗栗市福麗里３８鄰國華路１１３８巷１１號三樓之三,43.35,住,,,1111224,土地1建物1車位1,三層,五層,華廈(10層含以下有電梯),住家用,鋼筋混凝土造,1131126,122.19999999999999,3,2,2,有,有,8760000,71686,一樓平面,19.7,0,預售屋、或土地及建物分件登記案件；,RPVNMLKKKHKGFBK38DA,72.45,0.0,6.13,有,
苗栗市,房地(土地+建物)+車位,苗栗縣苗栗市福麗里３８鄰國華路１１３８巷１３號四樓之一,29.34,住,,,1111227,土地1建物1車位1,四層,五層,華廈(10層含以下有電梯),住家用,鋼筋混凝土造,1131126,82.66,2,2,1,有,有,6160000,74522,一樓平面,11.0,0,預售屋、或土地及建物分件登記案件；,RPSOMLKKKHKGFBK18DA,49.29,0.0,3.85,有,
苗栗市,房地(土地+建物)+車位,苗栗縣苗栗市福麗里３８鄰國華路１１３８巷１１號四樓之五,27.79,住,,,1111211,土地1建物1車位1,四層,五層,華廈(10層含以下有電梯),住家用,鋼筋混凝土造,1131126,78.15,2,2,1,有,有,5720000,73193,一樓平面,11.0,0,預售屋、或土地及建物分件登記案件；,RPTOMLKKKHKGFBK28DA,47.31,0.0,2.88,有,
苗栗市,房地(土地+建物)+車位,苗栗縣苗栗市福麗里３８鄰國華路１１３８巷１１號四樓之六,29.55,住,,,1111208,土地1建物1車位1,四層,五層,華廈(10層含以下有電梯),住家用,鋼筋混凝土造,1131126,82.95,2,2,1,有,有,5450000,65702,一樓平面,11.0,0,預售屋、或土地及建物分件登記案件；,RPUOMLKKKHKGFBK38DA,49.01,0.0,4.21,有,
頭份市,房地(土地+建物)+車位,苗栗縣頭份市東庄里１９鄰昌隆一街１５６號八樓,16.76,住,,,1111128,土地1建物1車位1,八層,十五層,住宅大樓(11層含以上有電梯),住家用,鋼筋混凝土造,1131120,110.31,2,2,1,有,有,9680000,101561,坡道平面,28.29,1350000,預售屋、或土地及建物分件登記案件；,RPTWNLPJIIJGFFK17DA,50.01,0.0,4.59,有,
苗栗市,房地(土地+建物)+車位,苗栗縣苗栗市福麗里３８鄰國華路１１３８巷１５號三樓之一,42.39,住,,,1111130,土地1建物1車位1,三層,五層,華廈(10層含以下有電梯),住家用,鋼筋混凝土造,1131126,119.62,2,2,2,有,有,8520000,71226,一樓平面,18.0,0,預售屋、或土地及建物分件登記案件；,RPQNMLKKKHKGFBK87DA,70.35,0.0,6.63,有,
苗栗市,房地(土地+建物)+車位,苗栗縣苗栗市福麗里３８鄰國華路１１３８巷１１號五樓之二,39.27,住,,,1111122,土地1建物1車位1,五層,五層,華廈(10層含以下有電梯),住家用,鋼筋混凝土造,1131126,110.21000000000001,2,2,2,有,有,8080000,73315,一樓平面,19.7,0,預售屋、或土地及建物分件登記案件；,RPXOMLKKKHKGFBK68DA,60.32,0.0,10.38,有,
苗栗市,房地(土地+建物),苗栗縣苗栗市維祥里１８鄰復興路二段３４５巷１５號,102.0,,鄉村區,乙種建築用地,1111014,土地2建物1車位0,全,四層,透天厝,住家用,鋼筋混凝土造,1130821,216.93,5,3,4,有,無,15977900,73655,,0.0,0,本交易已於民國114年1月10日找補金額預售屋、或土地及建物分件登記案件；,RPUNMLLLJHKGFBK38DA,209.03,0.0,7.9,無,
頭份市,房地(土地+建物)+車位,苗栗縣頭份市東庄里１９鄰昌隆一街１８０號三樓,26.33,住,,,1110919,土地1建物1車位1,三層,十五層,住宅大樓(11層含以上有電梯),住家用,鋼筋混凝土造,1131120,147.93,3,2,2,有,有,13680000,102223,坡道平面,28.29,1450000,預售屋、或土地及建物分件登記案件；,RPQRNLRJIIJGFFK56DA,73.46,0.0,6.09,有,
頭份市,房地(土地+建物)+車位,苗栗縣頭份市東庄里１９鄰昌隆一街１０２號十三樓,28.73,住,,,1110829,土地1建物1車位1,十三層,十五層,住宅大樓(11層含以上有電梯),住家用,鋼筋混凝土造,1131120,162.51,3,2,2,有,有,15280000,103040,坡道平面,28.29,1450000,預售屋、或土地及建物分件登記案件；,RPVPMLOJIIJGFFK09DA,82.86,0.0,6.51,有,
頭份市,房地(土地+建物)+車位,苗栗縣頭份市東庄里１９鄰昌隆一街１２２號十一樓,19.15,住,,,1110822,土地1建物1車位1,十一層,十五層,住宅大樓(11層含以上有電梯),住家用,鋼筋混凝土造,1131120,114.09,2,2,2,有,有,10180000,102914,坡道平面,28.29,1350000,民國113年4月14日更名登記關係:夫妻預售屋、或土地及建物分件登記案件；,RPXOMLPJIIJGFFK66DA,52.56,0.0,4.48,有,
頭份市,房地(土地+建物)+車位,苗栗縣頭份市東庄里１９鄰昌隆一街１７０號五樓,23.94,住,,,1110822,土地1建物1車位1,五層,十五層,住宅大樓(11層含以上有電梯),住家用,鋼筋混凝土造,1131120,137.23000000000002,3,2,2,有,有,12400000,101432,坡道平面,28.29,1350000,預售屋、或土地及建物分件登記案件；,RPVVMLRJIIJGFFK37DA,67.57,0.0,4.86,有,
頭份市,房地(土地+建物)+車位,苗栗縣頭份市東庄里１９鄰昌隆一街１７８號三樓,17.95,住,,,1110801,土地1建物1車位1,三層,十五層,住宅大樓(11層含以上有電梯),住家用,鋼筋混凝土造,1131120,113.78,2,2,2,有,有,10280000,104457,坡道平面,28.29,1350000,預售屋、或土地及建物分件登記案件；,RPXPNLRJIIJGFFK07DA,52.34,0.0,4.48,有,
頭份市,房地(土地+建物)+車位,苗栗縣頭份市東庄里１９鄰昌隆一街１１０號四樓,23.94,住,,,1110704,土地1建物1車位1,四層,十五層,住宅大樓(11層含以上有電梯),住家用,鋼筋混凝土造,1131120,139.42000000000002,3,2,2,有,有,12020000,96014,坡道平面,28.29,1350000,預售屋、或土地及建物分件登記案件；,RPOTMLOJIIJGFFK78DA,68.56,0.0,5.47,有,
頭份市,房地(土地+建物)+車位,苗栗縣頭份市東庄里１９鄰昌隆一街１７６號四樓,28.73,住,,,1110613,土地1建物1車位1,四層,十五層,住宅大樓(11層含以上有電梯),住家用,鋼筋混凝土造,1131120,162.51,3,2,2,有,有,14360000,96930,坡道平面,28.29,1350000,預售屋、或土地及建物分件登記案件；,RPTONLRJIIJGFFK56DA,82.86,0.0,6.51,有,
頭份市,房地(土地+建物)+車位,苗栗縣頭份市東庄里１９鄰昌隆一街１３６號五樓,23.94,住,,,1110509,土地1建物1車位1,五層,十五層,住宅大樓(11層含以上有電梯),住家用,鋼筋混凝土造,1131120,135.94,3,2,2,有,有,12200000,100790,坡道平面,28.29,1350000,預售屋、或土地及建物分件登記案件；,RPXNNLPJIIJGFFK66DA,65.65,0.0,5.99,有,
苗栗市,房地(土地+建物),苗栗縣苗栗市維祥里１８鄰復興路二段３４５巷２號,107.0,,鄉村區,乙種建築用地,1110509,土地2建物1車位0,全,四層,透天厝,住家用,鋼筋混凝土造,1130821,211.99,5,3,5,有,無,16163005,76244,,0.0,0,本交易已於民國114年1月6日找補金額預售屋、或土地及建物分件登記案件；,RPSOMLLLJHKGFBK28DA,206.2,0.0,5.79,無,
頭份市,房地(土地+建物)+車位,苗栗縣頭份市東庄里１９鄰昌隆一街１１２號二樓,16.76,住,,,1110411,土地1建物1車位1,二層,十五層,住宅大樓(11層含以上有電梯),住家用,鋼筋混凝土造,1131120,110.31,2,2,1,有,有,9100000,94489,坡道平面,28.29,1350000,包含露臺預售屋、或土地及建物分件登記案件；,RPUUMLOJIIJGFFK86DA,50.01,0.0,4.59,有,
頭份市,房地(土地+建物)+車位,苗栗縣頭份市東庄里１９鄰昌隆一街１１２號十樓,16.76,住,,,1110411,土地1建物1車位1,十層,十五層,住宅大樓(11層含以上有電梯),住家用,鋼筋混凝土造,1131120,110.31,2,2,1,有,有,9350000,97537,坡道平面,28.29,1350000,民國113年5月5日更名登記關係:母子預售屋、或土地及建物分件登記案件；,RPSVMLOJIIJGFFK76DA,50.01,0.0,4.59,有,
頭份市,房地(土地+建物)+車位,苗栗縣頭份市東庄里１９鄰昌隆一街１５０號十一樓,19.15,住,,,1110418,土地1建物1車位1,十一層,十五層,住宅大樓(11層含以上有電梯),住家用,鋼筋混凝土造,1131120,114.06,2,2,2,有,有,10020000,101084,坡道平面,28.29,1350000,預售屋、或土地及建物分件登記案件；,RPOUNLPJIIJGFFK09DA,52.9,0.0,4.11,有,
頭份市,房地(土地+建物)+車位,苗栗縣頭份市東庄里１９鄰昌隆一街１５２號十一樓,23.94,住,,,1110425,土地1建物1車位1,十一層,十五層,住宅大樓(11層含以上有電梯),住家用,鋼筋混凝土造,1131120,135.94,3,2,2,有,有,12180000,100604,坡道平面,28.29,1350000,預售屋、或土地及建物分件登記案件；,RPSVNLPJIIJGFFK96DA,65.65,0.0,5.99,有,
頭份市,房地(土地+建物)+車位,苗栗縣頭份市東庄里１９鄰昌隆一街１４０號六樓,23.94,住,,,1110411,土地1建物1車位1,六層,十五層,住宅大樓(11層含以上有電梯),住家用,鋼筋混凝土造,1131120,135.94,3,2,2,有,有,12320000,101904,坡道平面,28.29,1350000,預售屋、或土地及建物分件登記案件；,RPPVMLPJIIJGFFK56DA,66.06,0.0,5.58,有,
頭份市,房地(土地+建物)+車位,苗栗縣頭份市東庄里１９鄰昌隆一街１２２號四樓,19.15,住,,,1110321,土地1建物1車位1,四層,十五層,住宅大樓(11層含以上有電梯),住家用,鋼筋混凝土造,1131120,114.09,2,2,2,有,有,9640000,96620,坡道平面,28.29,1350000,預售屋、或土地及建物分件登記案件；,RPQOMLPJIIJGFFK58DA,52.56,0.0,4.48,有,
頭份市,房地(土地+建物)+車位,苗栗縣頭份市東庄里１９鄰昌隆一街１０６號五樓,17.95,住,,,1110307,土地1建物1車位1,五層,十五層,住宅大樓(11層含以上有電梯),住家用,鋼筋混凝土造,1131120,113.78,2,2,2,有,有,10080000,102117,坡道平面,28.29,1350000,預售屋、或土地及建物分件登記案件；,RPRQMLOJIIJGFFK78DA,52.34,0.0,4.48,有,
頭份市,房地(土地+建物)+車位,苗栗縣頭份市東庄里１９鄰昌隆一街１１０號十二樓,23.94,住,,,1110314,土地1建物1車位1,十二層,十五層,住宅大樓(11層含以上有電梯),住家用,鋼筋混凝土造,1131120,139.42000000000002,3,2,2,有,有,12180000,97453,坡道平面,28.29,1350000,預售屋、或土地及建物分件登記案件；,RPWTMLOJIIJGFFK96DA,68.56,0.0,5.47,有,
頭份市,房地(土地+建物)+車位,苗栗縣頭份市東庄里１９鄰昌隆一街１５６號十樓,16.76,住,,,1110321,土地1建物1車位1,十層,十五層,住宅大樓(11層含以上有電梯),住家用,鋼筋混凝土造,1131120,110.31,2,2,1,有,有,9380000,97903,坡道平面,28.29,1350000,預售屋、或土地及建物分件登記案件；,RPWWNLPJIIJGFFK47DA,50.01,0.0,4.59,有,
頭份市,房地(土地+建物)+車位,苗栗縣頭份市東庄里１９鄰昌隆一街１１２號十一樓,16.76,住,,,1110214,土地1建物1車位1,十一層,十五層,住宅大樓(11層含以上有電梯),住家用,鋼筋混凝土造,1131120,109.09,2,2,1,有,有,8850000,92660,坡道平面,27.07,1250000,民國113年4月14日更名登記關係:夫妻預售屋、或土地及建物分件登記案件；,RPTVMLOJIIJGFFK86DA,50.01,0.0,4.59,有,
頭份市,房地(土地+建物)+車位,苗栗縣頭份市東庄里１９鄰昌隆一街１４８號三樓,23.94,住,,,1110221,土地1建物1車位1,三層,十五層,住宅大樓(11層含以上有電梯),住家用,鋼筋混凝土造,1131120,135.95,3,2,2,有,有,11420000,93535,坡道平面,28.29,1350000,預售屋、或土地及建物分件登記案件；,RPURNLPJIIJGFFK76DA,66.07,0.0,5.58,有,
頭份市,房地(土地+建物)+車位,苗栗縣頭份市東庄里１９鄰昌隆一街１７０號十二樓,23.94,住,,,1110221,土地1建物1車位1,十二層,十五層,住宅大樓(11層含以上有電梯),住家用,鋼筋混凝土造,1131120,138.45,3,2,2,有,有,12130000,98036,坡道平面,29.51,1450000,預售屋、或土地及建物分件登記案件；,RPSWMLRJIIJGFFK17DA,67.57,0.0,4.86,有,
頭份市,房地(土地+建物)+車位,苗栗縣頭份市東庄里１９鄰昌隆一街１４８號十一樓,23.94,住,,,1110214,土地1建物1車位1,十一層,十五層,住宅大樓(11層含以上有電梯),住家用,鋼筋混凝土造,1131120,135.95,3,2,2,有,有,11720000,94464,坡道平面,28.29,1550000,預售屋、或土地及建物分件登記案件；,RPSSNLPJIIJGFFK66DA,66.07,0.0,5.58,有,
頭份市,房地(土地+建物)+車位,苗栗縣頭份市東庄里１９鄰昌隆一街１５０號六樓,19.15,住,,,1110221,土地1建物1車位1,六層,十五層,住宅大樓(11層含以上有電梯),住家用,鋼筋混凝土造,1131120,114.06,2,2,2,有,有,10100000,102017,坡道平面,28.29,1350000,預售屋、或土地及建物分件登記案件；,RPSTNLPJIIJGFFK76DA,52.9,0.0,4.11,有,
頭份市,房地(土地+建物)+車位,苗栗縣頭份市東庄里１９鄰昌隆一街１４８號十五樓,23.94,住,,,1110221,土地1建物1車位1,十五層,十五層,住宅大樓(11層含以上有電梯),住家用,鋼筋混凝土造,1131120,135.95,3,2,2,有,有,11400000,93349,坡道平面,28.29,1350000,預售屋、或土地及建物分件登記案件；,RPTNMLSKIIJGFFK56DA,66.07,0.0,5.58,有,
頭份市,房地(土地+建物)+車位,苗栗縣頭份市東庄里１９鄰昌隆一街１８２號十一樓,23.94,住,,,1110214,土地1建物1車位1,十一層,十五層,住宅大樓(11層含以上有電梯),住家用,鋼筋混凝土造,1131120,139.42000000000002,3,2,2,有,有,11830000,94304,坡道平面,28.29,1350000,預售屋、或土地及建物分件登記案件；,RPUNMLSJIIJGFFK56DA,68.56,0.0,5.47,有,
