﻿鄉鎮市區,交易標的,土地位置建物門牌,土地移轉總面積平方公尺,都市土地使用分區,非都市土地使用分區,非都市土地使用編定,交易年月日,交易筆棟數,移轉層次,總樓層數,建物型態,主要用途,主要建材,建築完成年月,建物移轉總面積平方公尺,建物現況格局-房,建物現況格局-廳,建物現況格局-衛,建物現況格局-隔間,有無管理組織,總價元,單價元平方公尺,車位類別,車位移轉總面積平方公尺,車位總價元,備註,編號,建案名稱,棟及號,解約情形
The villages and towns urban district,transaction sign,land sector position building sector house number plate,land shifting total area square meter,the use zoning or compiles and checks,the non-metropolis land use district,non-metropolis land use,transaction year month and day,transaction pen number,shifting level,total floor number,building state,main use,main building materials,construction to complete the years,building shifting total area,Building present situation pattern - room,building present situation pattern - hall,building present situation pattern - health,building present situation pattern - compartmented,Whether there is manages the organization,total price NTD,the unit price (NTD / square meter),the berth category,berth shifting total area square meter,the berth total price NTD,the note,serial number,build case,buildings,termination type
頭份市,房地(土地+建物)+車位,苗栗縣頭份市八德二路,32.75,住,,,1140111,土地1建物1車位1,二層,12,住宅大樓(11層含以上有電梯),住家用,鋼筋混凝土造,,172.73,3,2,2,有,無,16880000,107699,坡道平面,29.46,1450000,交易總價內含機車位1個,RPUNMLNKJHKGFFK88CB,亮漾地中海,A1棟2F號,
苗栗市,房地(土地+建物)+車位,苗栗縣苗栗市文聖里橫車路352巷126號附近,33.48,住,,,1140112,土地1建物1車位2,四層,10,華廈(10層含以下有電梯),住家用,鋼筋混凝土造,,184.2,3,2,2,有,無,12600000,78907,坡道平面,52.4,2200000,,RPPNMLPKJHKGFBK18CB,瀧淳天玥,D-4F號,
竹南鎮,房地(土地+建物)+車位,苗栗縣竹南鎮天文路,16.22,商,,,1140113,土地1建物1車位1,十七層,24,住宅大樓(11層含以上有電梯),住家用,鋼筋混凝土造,,177.76,3,2,2,有,無,23700000,140061,坡道平面,23.97,2160000,光復段1432地號等19筆,RPRNMLPKJHKGFDK58CB,新業恆一,丙棟17F-M號,
竹南鎮,房地(土地+建物)+車位,苗栗縣竹南鎮天文路,16.22,商,,,1140114,土地1建物1車位1,十八層,24,住宅大樓(11層含以上有電梯),住家用,鋼筋混凝土造,,177.76,3,2,2,有,無,23640000,140646,坡道平面,23.97,2010000,光復段1432地號等19筆,RPTNMLPKJHKGFDK78CB,新業恆一,丙棟18F-M號,
苑裡鎮,房地(土地+建物)+車位,苗栗縣苑裡鎮 西勢里九鄰西勢65對面,26.38,住,,,1140113,土地1建物1車位1,三層,10,華廈(10層含以下有電梯),住家用,鋼筋混凝土造,,99.31,3,2,2,有,無,6960000,67179,坡道機械,6.87,750000,,RPPNMLRKJHKGFCK48CB,幸福灣麗Ⅱ,A2棟3F號,
苑裡鎮,房地(土地+建物)+車位,苗栗縣苑裡鎮 西勢里九鄰西勢65對面,26.74,住,,,1140113,土地1建物1車位1,六層,10,華廈(10層含以下有電梯),住家用,鋼筋混凝土造,,100.61,3,2,2,有,無,7130000,68061,坡道機械,6.87,750000,,RPRNMLRKJHKGFCK68CB,幸福灣麗Ⅱ,C1棟6F號,
後龍鎮,房地(土地+建物),苗栗縣後龍鎮?榔二街,111.48,住,,,1140115,土地3建物1車位0,全,4,透天厝,住家用,鋼筋混凝土造,,203.92,4,3,3,有,無,19930000,97734,,0.0,0,,RPQNMLSKJHKGFDK78CB,高鐵名邸2,B棟2號,
苑裡鎮,房地(土地+建物)+車位,苗栗縣苑裡鎮世界路一段,15.34,商,,,1140118,土地1建物1車位1,七層,11,住宅大樓(11層含以上有電梯),住家用,鋼筋混凝土造,,105.25,3,2,2,有,無,8580000,82730,升降機械,10.0,700000,,RPPNMLSKJHKGFCK68DB,尊爵名門-苑中段,第一棟7B號,
苗栗市,房地(土地+建物)+車位,苗栗縣苗栗市源林街,31.0,住,,,1140113,土地1建物1車位1,三層,5,華廈(10層含以下有電梯),住家用,鋼筋混凝土造,,95.13,3,2,2,有,無,9200000,96710,一樓平面,15.24,0,,RPPNMLKLJHKGFBK77CB,日和豐穗Ⅱ,K棟3號,
苗栗市,房地(土地+建物)+車位,苗栗縣苗栗市文聖里橫車路352巷126號附近,33.48,住,,,1140116,土地1建物1車位1,六層,10,華廈(10層含以下有電梯),住家用,鋼筋混凝土造,,158.0,3,2,2,有,無,11550000,79287,坡道平面,26.2,1100000,,RPQNMLKLJHKGFBK87CB,瀧淳天玥,C-6F號,
竹南鎮,房地(土地+建物)+車位,苗栗縣竹南鎮天文路,10.75,商,,,1140118,土地1建物1車位1,十層,24,住宅大樓(11層含以上有電梯),住家用,鋼筋混凝土造,,125.88,2,2,2,有,無,17100000,151506,坡道平面,23.97,1660000,光復段1432地號等19筆,RPPNMLKLJHKGFDK97CB,新業恆一,乙棟10F-I號,
竹南鎮,房地(土地+建物)+車位,苗栗縣竹南鎮天文路,15.74,商,,,1140117,土地1建物1車位1,二十層,24,住宅大樓(11層含以上有電梯),住家用,鋼筋混凝土造,,173.24,3,2,2,有,無,23910000,145709,坡道平面,23.97,2160000,光復段1432地號等19筆,RPQNMLKLJHKGFDK08CB,新業恆一,丙棟20F-Q號,
竹南鎮,房地(土地+建物)+車位,苗栗縣竹南鎮天文路,15.74,商,,,1140119,土地1建物1車位1,十九層,24,住宅大樓(11層含以上有電梯),住家用,鋼筋混凝土造,,178.03,3,2,2,有,無,23880000,145106,坡道平面,28.76,2220000,光復段1432地號等19筆,RPRNMLKLJHKGFDK18CB,新業恆一,丙棟19F-Q號,
三義鄉,房地(土地+建物)+車位,苗栗縣三義鄉八股路,27.62,住,,,1140115,土地2建物1車位1,七層,10,華廈(10層含以下有電梯),住家用,鋼筋混凝土造,,132.97,2,2,2,有,無,10960000,94685,坡道平面,33.06,1500000,,RPQNMLKLJHKGFEK18CB,安山居,C棟7號,
頭份市,房地(土地+建物)+車位,苗栗縣頭份市中央路186號,13.18,住,,,1140112,土地1建物1車位1,十五層,15,住宅大樓(11層含以上有電梯),住家用,鋼筋混凝土造,,107.65,2,2,1,有,無,13570000,160398,坡道平面,34.27,1800000,,RPUNMLKLJHKGFFK68CB,亞昕中央大道,A08棟15F號,
竹南鎮,房地(土地+建物)+車位,苗栗縣竹南鎮天文路,13.53,商,,,1140120,土地1建物1車位1,十層,24,住宅大樓(11層含以上有電梯),住家用,鋼筋混凝土造,,152.29,3,2,2,有,無,21150000,150327,坡道平面,23.97,1860000,光復段1432地號等19筆,RPPNMLLLJHKGFDK08CB,新業恆一,甲棟10F-E號,
竹南鎮,房地(土地+建物)+車位,苗栗縣竹南鎮自由街131號旁,30.77,住,,,1140116,土地3建物1車位1,十層,12,住宅大樓(11層含以上有電梯),住家用,鋼筋混凝土造,,166.58,3,2,2,有,無,23980000,155908,坡道平面,25.92,2050000,,RPUNMLMLJHKGFDK68CB,朋晨和心,A-10號,
竹南鎮,房地(土地+建物)+車位,苗栗縣竹南鎮自由街131號旁,20.14,住,,,1140115,土地3建物1車位1,二層,12,住宅大樓(11層含以上有電梯),住家用,鋼筋混凝土造,,118.0,2,2,2,有,無,14890000,141616,坡道平面,25.92,1850000,,RPVNMLMLJHKGFDK78CB,朋晨和心,B-2號,
竹南鎮,房地(土地+建物)+車位,苗栗縣竹南鎮自由街131號旁,19.99,住,,,1140117,土地3建物1車位1,四層,12,住宅大樓(11層含以上有電梯),住家用,鋼筋混凝土造,,117.31,2,2,2,有,無,14550000,137871,坡道平面,25.92,1950000,,RPWNMLMLJHKGFDK88CB,朋晨和心,B-4號,
頭份市,房地(土地+建物)+車位,苗栗縣頭份市日新街,13.95,商,,,1140119,土地1建物1車位1,十一層,15,住宅大樓(11層含以上有電梯),住家用,鋼筋混凝土造,,145.61,3,2,2,有,無,20790000,155315,坡道平面,24.63,2000000,,RPPNMLMLJHKGFFK38CB,築上惠友,D2棟11F號,
公館鄉,房地(土地+建物),苗栗縣公館鄉大同路,29.02,住,,,1140112,土地1建物1車位0,六層,7,華廈(10層含以下有電梯),住家用,鋼筋混凝土造,,85.76,2,1,2,有,無,6900000,80457,,0.0,0,,RPQNMLMLJHKGFBK18DB,新福居華廈三期,B棟6樓號,
頭份市,房地(土地+建物)+車位,苗栗縣頭份市日新街,14.3,商,,,1140117,土地1建物1車位1,十三層,15,住宅大樓(11層含以上有電梯),住家用,鋼筋混凝土造,,148.9,3,2,2,有,無,21250000,155709,坡道平面,24.63,1900000,,RPQNMLPLJHKGFFK78CB,築上惠友,D1棟13F號,
竹南鎮,房地(土地+建物),苗栗縣竹南鎮華東街,90.82,住,,,1140115,土地4建物1車位0,全,5,透天厝,住家用,鋼筋混凝土造,,256.7,4,2,4,有,無,27280000,106272,,0.0,0,,RPPNMLOJKHKGFDK28CB,倚天,A1棟0號,
頭份市,房地(土地+建物)+車位,苗栗縣頭份市光華北路,32.78,住,,,1140117,土地1建物1車位1,二層,5,華廈(10層含以下有電梯),住家用,鋼筋混凝土造,,108.94,3,2,2,有,無,15560000,142831,一樓平面,0.0,2200000,部分車位位於法定空地上,RPPNMLQJKHKGFFK68CB,光華盛璟,2F-B號,
苑裡鎮,房地(土地+建物)+車位,苗栗縣苑裡鎮西勢里5鄰32之5號旁,107.79,住,,,1140118,土地3建物1車位1,全,3,透天厝,住家用,鋼筋混凝土造,,144.74,4,2,3,有,無,12380000,85533,一樓平面,0.0,0,,RPRNMLSJKHKGFCK78CB,綠意秧然三期,A棟15號,
苗栗市,房地(土地+建物),苗栗縣苗栗市龍岡道,110.91,,山坡地保育區,丙種建築用地,1140120,土地6建物1車位0,全,4,透天厝,住家用,鋼筋混凝土造,,170.0,4,2,3,有,無,12680000,74588,,0.0,0,,RPPNMLKKKHKGFBK77CB,馥靚,B棟2號,
頭份市,房地(土地+建物)+車位,苗栗縣頭份市中央路186號,23.92,住,,,1140117,土地1建物1車位2,五層,15,住宅大樓(11層含以上有電梯),住家用,鋼筋混凝土造,,201.82,3,2,2,有,無,25310000,162890,坡道平面,68.54,3600000,,RPPNMLKKKHKGFFK18CB,亞昕中央大道,A01棟5F號,
後龍鎮,房地(土地+建物),苗栗縣後龍鎮?榔一街,101.07,住,,,1140113,土地2建物1車位0,全,5,透天厝,住家用,鋼筋混凝土造,,261.08,3,3,5,有,無,26000000,99586,,0.0,0,,RPPNMLLKKHKGFDK08CB,新站帝寶No.2,A棟2號,
後龍鎮,房地(土地+建物)+車位,苗栗縣後龍鎮校椅二路,24.35,住,,,1140116,土地1建物1車位1,二層,7,華廈(10層含以下有電梯),住家用,鋼筋混凝土造,,70.7,2,2,1,有,無,6720000,95050,其他,6.33,0,,RPPNMLNKKHKGFDK28CB,新世代2,B-2F號,
後龍鎮,房地(土地+建物)+車位,苗栗縣後龍鎮校椅二路,24.35,住,,,1140119,土地1建物1車位1,三層,7,華廈(10層含以下有電梯),住家用,鋼筋混凝土造,,70.7,2,2,1,有,無,6700000,94767,其他,6.33,0,,RPQNMLNKKHKGFDK38CB,新世代2,C-3F號,
後龍鎮,房地(土地+建物)+車位,苗栗縣後龍鎮頂椅七街,44.34,住,,,1140119,土地1建物1車位1,二層,5,華廈(10層含以下有電梯),住家用,鋼筋混凝土造,,102.33,3,2,1,有,無,11360000,113776,一樓平面,14.35,1350000,,RPRNMLOKKHKGFDK58CB,厚琚,2F-C號,
後龍鎮,房地(土地+建物)+車位,苗栗縣後龍鎮頂椅七街,45.84,住,,,1140119,土地1建物1車位1,二層,5,華廈(10層含以下有電梯),住家用,鋼筋混凝土造,,105.37,3,2,1,有,無,12200000,119205,一樓平面,14.35,1350000,,RPSNMLOKKHKGFDK68CB,厚琚,2F-D號,
後龍鎮,房地(土地+建物)+車位,苗栗縣後龍鎮頂椅七街,44.34,住,,,1140118,土地1建物1車位1,三層,5,華廈(10層含以下有電梯),住家用,鋼筋混凝土造,,102.33,3,2,1,有,無,11500000,115367,一樓平面,14.35,1350000,,RPPNMLRKKHKGFDK68CB,厚琚,3F-C號,
