﻿鄉鎮市區,交易標的,土地位置建物門牌,土地面積平方公尺,都市土地使用分區,非都市土地使用分區,非都市土地使用編定,租賃年月日,租賃筆棟數,租賃層次,總樓層數,建物型態,主要用途,主要建材,建築完成年月,建物總面積平方公尺,建物現況格局-房,建物現況格局-廳,建物現況格局-衛,建物現況格局-隔間,有無管理組織,有無附傢俱,總額元,單價元平方公尺,車位類別,車位面積平方公尺,車位總額元,備註,編號,出租型態,有無管理員,租賃期間,有無電梯,附屬設備,租賃住宅服務
The villages and towns urban district,transaction sign,land sector position building sector house number plate,land shifting total area square meter,the use zoning or compiles and checks,the non-metropolis land use district,non-metropolis land use,transaction year month and day,transaction pen number,shifting level,total floor number,building state,main use,main building materials,construction to complete the years,building shifting total area,Building present situation pattern - room,building present situation pattern - hall,building present situation pattern - health,building present situation pattern - compartmented,Whether there is manages the organization,Whether there is attaches the furniture,total price NTD,the unit price (NTD / square meter),the berth category,berth shifting total area square meter,the berth total price NTD,the note,serial number,Rental type,Residential Manager,Rental period,elevator,equipment,Rental residential services
竹南鎮,租賃房屋,苗栗縣竹南鎮山佳里２６鄰店仔１１１號,0.0,,,,1140111,土地0建物1車位0,全,2,透天厝,住家用,加強磚造,0691015,114.58,4,2,3,有,無,有,9000,79,,0.0,0,,RPXNMLOKJHKGFDK56CC,整棟(戶)出租,無,1140221~1150220,無,冷氣、熱水器、洗衣機、電視機、冰箱、瓦斯或天然氣,社會住宅代管
後龍鎮,租賃房屋,苗栗縣後龍鎮新港一路２９３巷６號,68.44,住,,,1140112,土地1建物1車位0,全,4,透天厝,停車空間、集合住宅,鋼筋混凝土造,1120609,178.63,4,3,3,有,無,無,28000,157,,0.0,0,,RPQNMLQKJHKGFDK68CC,整棟(戶)出租,無,1140216~1160215,無,冷氣、熱水器、瓦斯或天然氣,
竹南鎮,租賃房屋+車位,苗栗縣竹南鎮大埔一街１９７號９樓之２,0.0,,,,1140116,土地0建物1車位1,九層,10,華廈(10層含以下有電梯),商業用,鋼筋混凝土造,1050421,86.47,2,1,2,有,有,有,20000,231,坡道機械,0.0,0,租金總額含管理費；,RPSNMLQKJHKGFDK88CC,整棟(戶)出租,有,1140120~1150119,有,冷氣、熱水器、洗衣機、電視機、冰箱、瓦斯或天然氣,
後龍鎮,土地,龍頂段295地號,1064.11,住,,,1140119,土地1建物0車位0,,,其他,,,,0.0,0,0,0,無,無,無,15000,14,,0.0,0,,RPTNMLLLJHKGFDK58CC,,,1140120~1150119,,,
竹南鎮,租賃房屋+車位,苗栗縣竹南鎮崎頂里１３鄰崎?５之２號三樓之五,0.0,,,,1140115,土地0建物1車位1,三層,5,華廈(10層含以下有電梯),集合住宅,鋼筋混凝土造,1130205,126.97999999999999,3,2,2,有,有,有,17600,139,一樓平面,0.0,0,,RPUNMLLLJHKGFDK68CC,整棟(戶)出租,無,1140115~1150114,有,冷氣、熱水器、洗衣機、冰箱、瓦斯或天然氣,社會住宅包租轉租
竹南鎮,租賃房屋,苗栗縣竹南鎮中華里１６鄰萬大街７８號三樓之七,0.0,,,,1140120,土地0建物1車位0,三層,5,華廈(10層含以下有電梯),住家用,鋼筋混凝土造,0961112,24.17,1,0,1,有,無,有,6200,257,,0.0,0,租金總額含網路費；續租案件；,RPPNMLNLJHKGFDK38CC,獨立套房,無,1140201~1150131,有,冷氣、熱水器、洗衣機、電視機、冰箱、有線電視、網路,社會住宅包租轉租
頭份市,租賃房屋,苗栗縣頭份市興隆里１３鄰隆頂街３９７號,0.0,,,,1140117,土地0建物1車位0,全,2,透天厝,住家用,加強磚造,0700624,139.86,2,1,1,有,無,有,7500,54,,0.0,0,續租案件；,RPTNMLNLJHKGFFK98CC,整棟(戶)出租,無,1140201~1150131,無,冷氣、熱水器、洗衣機、電視機、冰箱、瓦斯或天然氣,社會住宅包租轉租
頭份市,租賃房屋+車位,苗栗縣頭份市上興里２４鄰永昌街１巷３號六樓,0.0,,,,1140120,土地0建物1車位1,六層,7,華廈(10層含以下有電梯),住家用,鋼筋混凝土造,0860827,100.1,2,2,1,有,有,有,9500,95,坡道平面,13.56,0,租金總額含管理費；續租案件；,RPWNMLNLJHKGFFK66CC,整棟(戶)出租,有,1140201~1150131,有,冷氣、熱水器、洗衣機、電視機、冰箱、瓦斯或天然氣,社會住宅代管
竹南鎮,租賃房屋,苗栗縣竹南鎮大埔里２鄰科專七路３１６號,0.0,,,,1140113,土地0建物1車位0,一層,9,華廈(10層含以下有電梯),住商用、停車空間,鋼筋混凝土造,1050115,108.46000000000001,0,0,0,無,有,無,11000,101,,0.0,0,水費電費收到帳單自行繳費租金總額含管理費；,RPPNMLRLJHKGFDK78CC,,有,1140210~1160209,有,,
苗栗市,租賃房屋,苗栗縣苗栗市建功里３２鄰自治路１５１號４樓,0.0,,,,1140116,土地0建物1車位0,四層,4,公寓(5樓含以下無電梯),住家用,鋼筋混凝土造,0701230,108.27,3,2,1,有,無,有,9000,83,,0.0,0,,RPRNMLNJKHKGFBK28CC,整棟(戶)出租,無,1140129~1150128,無,冷氣、熱水器、洗衣機、電視機、冰箱、瓦斯或天然氣,社會住宅代管
竹南鎮,租賃房屋,苗栗縣竹南鎮大厝里４鄰真如路５６１巷２０弄１５號５樓,0.0,,,,1140116,土地0建物1車位0,五層,5,華廈(10層含以下有電梯),住家用,鋼筋混凝土造,0980612,37.17,1,0,1,有,無,有,6300,169,,0.0,0,租金總額含水費；網路費；,RPPNMLNJKHKGFDK28CC,獨立套房,無,1140201~1150131,有,冷氣、熱水器、洗衣機、電視機、冰箱、網路,社會住宅包租轉租
竹南鎮,租賃房屋,苗栗縣竹南鎮中華里１８鄰文林街４５號９樓之２,0.0,,,,1140113,土地0建物1車位0,九層,16,住宅大樓(11層含以上有電梯),住家用,鋼筋混凝土造,0830521,120.13,3,2,2,有,有,有,15000,125,,0.0,0,,RPRNMLNJKHKGFDK48CC,整棟(戶)出租,有,1140201~1150131,有,冷氣、熱水器、洗衣機、冰箱、瓦斯或天然氣,社會住宅代管
竹南鎮,租賃房屋,苗栗縣竹南鎮大厝里４鄰真如路５６１巷２０弄１號４樓,0.0,,,,1140120,土地0建物1車位0,四層,5,華廈(10層含以下有電梯),住家用,鋼筋混凝土造,0980612,38.71,1,0,1,有,無,有,6300,163,,0.0,0,租金總額含水費；網路費；,RPTNMLNJKHKGFDK68CC,獨立套房,無,1140201~1150131,有,冷氣、熱水器、洗衣機、電視機、冰箱、網路,社會住宅包租轉租
竹南鎮,租賃房屋,苗栗縣竹南鎮山佳里２２鄰佳北二街９７巷３５弄１號五樓之三,0.0,,,,1140117,土地0建物1車位0,五層,6,華廈(10層含以下有電梯),住家用,鋼筋混凝土造,0840714,110.66999999999999,3,2,2,有,有,有,17000,154,,0.0,0,租金總額含管理費；,RPVNMLNJKHKGFDK88CC,整棟(戶)出租,有,1140206~1150205,有,冷氣、熱水器、洗衣機、冰箱、瓦斯或天然氣,社會住宅代管
苗栗市,租賃房屋+車位,苗栗縣苗栗市福麗里２７鄰國華路１０１５巷５１號８樓之５,0.0,,,,1140120,土地0建物1車位1,八層,11,住宅大樓(11層含以上有電梯),住家用,鋼筋混凝土造,1071207,101.58000000000001,1,1,1,有,有,有,13000,128,坡道平面,33.84,0,租金總額含管理費；,RPQNMLOJKHKGFBK28CC,獨立套房,有,1140120~1150119,有,冷氣、熱水器、洗衣機、冰箱、瓦斯或天然氣,社會住宅代管
苗栗市,租賃房屋,苗栗縣苗栗市文山里１３鄰祥發街２８號６樓,0.0,,,,1140116,土地0建物1車位0,六層,7,華廈(10層含以下有電梯),住家用,鋼筋混凝土造,1050415,118.91,2,2,1,有,有,有,17000,143,,0.0,0,租金總額含管理費；未租賃車位，建物登記含有車位面積；,RPPNMLPJKHKGFBK28CC,整棟(戶)出租,無,1140126~1150125,有,冷氣、熱水器、洗衣機、冰箱、瓦斯或天然氣,社會住宅包租轉租
竹南鎮,租賃房屋,苗栗縣竹南鎮大埔五街１２５巷１９號５０房,0.0,,,,1140119,土地0建物0車位0,全,5,透天厝,住商用、停車空間,鋼筋混凝土造,1040410,14.02,16,16,16,有,無,有,8000,571,,0.0,0,租金總額含水費；網路費；,RPPNMLPJKHKGFDK48CC,分租套房,無,1140201~1150131,有,冷氣、熱水器、洗衣機、電視機、冰箱、網路,一般代管
竹南鎮,租賃房屋,苗栗縣竹南鎮大埔五街１２５巷１９號５１房,0.0,,,,1140113,土地0建物0車位0,全,5,透天厝,住商用、停車空間,鋼筋混凝土造,1040410,14.02,16,16,16,有,無,有,8500,606,,0.0,0,租金總額含水費；網路費；,RPQNMLPJKHKGFDK58CC,分租套房,無,1140113~1140531,有,冷氣、熱水器、洗衣機、電視機、冰箱、網路,一般代管
竹南鎮,租賃房屋,苗栗縣竹南鎮大埔五街１２５巷１９號３１房,0.0,,,,1140113,土地0建物0車位0,全,5,透天厝,住商用、停車空間,鋼筋混凝土造,1040410,14.02,16,16,16,有,無,有,8000,571,,0.0,0,租金總額含水費；網路費；,RPRNMLPJKHKGFDK68CC,分租套房,無,1140115~1150114,有,冷氣、熱水器、洗衣機、電視機、冰箱、網路,一般代管
竹南鎮,租賃房屋,苗栗縣竹南鎮大埔五街１２１號６１房,0.0,,,,1140112,土地0建物0車位0,全,5,透天厝,住商用、停車空間,鋼筋混凝土造,1040410,14.02,13,13,13,有,無,有,8500,606,,0.0,0,租金總額含水費；網路費；,RPSNMLPJKHKGFDK78CC,分租套房,無,1140115~1140714,有,冷氣、熱水器、洗衣機、電視機、冰箱、網路,一般代管
後龍鎮,租賃房屋+車位,苗栗縣後龍鎮?榔八街２９號２樓之１,0.0,,,,1140118,土地0建物1車位1,二層,7,華廈(10層含以下有電梯),集合住宅,鋼筋混凝土造,1130723,127.87,3,2,2,有,無,有,20000,156,一樓平面,19.61,0,管理費500元,RPTNMLPJKHKGFDK88CC,整棟(戶)出租,無,1140120~1150119,有,冷氣、熱水器、洗衣機、冰箱、瓦斯或天然氣,
竹南鎮,租賃房屋+車位,苗栗縣竹南鎮南大路１２６號４樓之２,0.0,,,,1140113,土地0建物1車位1,四層,5,華廈(10層含以下有電梯),集合住宅,鋼筋混凝土造,1130912,93.64,2,2,1,有,有,無,15000,160,一樓平面,20.3,0,,RPPNMLQJKHKGFDK58CC,整棟(戶)出租,無,1140301~1160228,有,冷氣、熱水器,
後龍鎮,租賃房屋+車位,苗栗縣後龍鎮?榔八街２９號五樓之三,0.0,,,,1140115,土地0建物1車位1,五層,7,華廈(10層含以下有電梯),集合住宅,鋼筋混凝土造,1130723,103.48,2,1,1,有,有,有,18000,191,坡道平面,19.61,2000,,RPQNMLKKKHKGFDK18CC,整棟(戶)出租,無,1140120~1150119,有,冷氣、熱水器、洗衣機、冰箱、瓦斯或天然氣,社會住宅包租轉租
銅鑼鄉,租賃房屋+車位,苗栗縣銅鑼鄉東田洋６７之２２號３樓之２,0.0,,,,1140119,土地0建物1車位1,三層,7,華廈(10層含以下有電梯),集合住宅,RC造,1130502,137.7,2,2,1,有,有,有,18000,131,坡道平面,43.49,0,,RPPNMLKKKHKGFEK18CC,整棟(戶)出租,有,1140125~1150124,有,冷氣、熱水器、洗衣機、電視機、冰箱、瓦斯或天然氣,
頭份市,租賃房屋,苗栗縣頭份市頭份里１９鄰中山路２９６號,0.0,,,,1140115,土地0建物1車位0,一層,7,華廈(10層含以下有電梯),住家用,鋼筋混凝土造,0820311,98.49,3,2,2,有,有,有,15000,152,,0.0,0,租金總額含管理費；,RPQNMLKKKHKGFFK38CC,整棟(戶)出租,有,1140115~1150114,有,冷氣、熱水器、洗衣機、電視機、冰箱、瓦斯或天然氣,社會住宅包租轉租
頭份市,租賃房屋,苗栗縣頭份市上興里２１鄰永昌街１１巷２號三樓,0.0,,,,1140120,土地0建物1車位0,三層,7,華廈(10層含以下有電梯),住家用,鋼筋混凝土造,0860827,99.73,2,2,1,有,有,有,11000,110,,0.0,0,續租案件；,RPSNMLKKKHKGFFK58CC,整棟(戶)出租,有,1140201~1150131,有,冷氣、熱水器、洗衣機、電視機、冰箱、瓦斯或天然氣,社會住宅包租轉租
