﻿編號,車位類別,車位價格,車位面積平方公尺,車位所在樓層
Serial number,berth category,berth price,berth area square meter,
RPUNMLLLJHKGFDK68CC,一樓平面,0,,一樓
RPSNMLQKJHKGFDK88CC,坡道機械,0,,地下一樓
RPTNMLPJKHKGFDK88CC,一樓平面,0,19.61,一樓
RPPNMLQJKHKGFDK58CC,一樓平面,0,20.30,一樓
RPQNMLKKKHKGFDK18CC,坡道平面,2000,19.61,一樓
RPWNMLNLJHKGFFK66CC,坡道平面,0,13.56,地下一樓
RPQNMLOJKHKGFBK28CC,坡道平面,0,33.84,地下二樓
RPPNMLKKKHKGFEK18CC,坡道平面,0,43.49,地下一樓
