﻿編號,土地位置,土地移轉面積平方公尺,使用分區或編定,權利人持分分母,權利人持分分子,移轉情形,地號
The serial number, land position,land shifting area square meter,the use zoning or compiles and checks,,,,land parcel
RPSNMLMLJHKGFBM48CB,中原段,15.51,非都市：鄉村區 ; 非都市編定：乙種建築用地,100000,532,持分移轉,03940000
RPSNMLMLJHKGFBM48CB,中原段,.16,非都市：鄉村區 ; 非都市編定：乙種建築用地,100000,532,持分移轉,03940018
RPQNMLMLJHKGFBM28CB,中原段,22.13,非都市：鄉村區 ; 非都市編定：乙種建築用地,100000,759,持分移轉,03940000
RPQNMLMLJHKGFBM28CB,中原段,.22,非都市：鄉村區 ; 非都市編定：乙種建築用地,100000,759,持分移轉,03940018
RPPNMLTKJHKGFBM78CB,新富功段,11.37,都市：住,100000,516,持分移轉,01940000
RPPNMLTKJHKGFBM78CB,新富功段,9.78,都市：住,100000,516,持分移轉,01950000
RPPNMLTKJHKGFBM78CB,新富功段,4.61,都市：住,100000,516,持分移轉,01960000
RPRNMLMLJHKGFBM38CB,中原段,20.14,非都市：鄉村區 ; 非都市編定：乙種建築用地,100000,691,持分移轉,03940000
RPRNMLMLJHKGFBM38CB,中原段,.20,非都市：鄉村區 ; 非都市編定：乙種建築用地,100000,691,持分移轉,03940018
RPPNMLMLJHKGFBM18CB,中原段,20.14,非都市：鄉村區 ; 非都市編定：乙種建築用地,100000,691,持分移轉,03940000
RPPNMLMLJHKGFBM18CB,中原段,.20,非都市：鄉村區 ; 非都市編定：乙種建築用地,100000,691,持分移轉,03940018
RPQNMLOJKHKGFDM58CB,菩提段,27.36,都市：住,100000,2744,持分移轉,15330000
RPPNMLKKKHKGFDM18CB,吉祥段,24.82,都市：住,10000,228,持分移轉,07780028
RPPNMLKKKHKGFDM18CB,吉祥段,4.28,都市：住,10000,106,持分移轉,07780027
RPPNMLNKKHKGFCM38CB,東潤段,68.08,非都市：特定農業區 ; 非都市編定：甲種建築用地,1,1,全筆移轉,12150002
RPPNMLNKKHKGFCM38CB,東潤段,32.37,非都市：特定農業區 ; 非都市編定：甲種建築用地,20,1,持分移轉,12150004
RPQNMLPJKHKGFCM58CB,榮光段,14.90,非都市：鄉村區 ; 非都市編定：乙種建築用地,10000,443,持分移轉,01650000
RPQNMLPJKHKGFCM58CB,榮光段,16.89,非都市：鄉村區 ; 非都市編定：乙種建築用地,10000,443,持分移轉,01670000
RPRNMLNLJHKGFCM58CB,南興段,16.57,都市：商,100000,842,持分移轉,02040000
RPPNMLPJKHKGFCM48CB,榮光段,14.33,非都市：鄉村區 ; 非都市編定：乙種建築用地,10000,426,持分移轉,01650000
RPPNMLPJKHKGFCM48CB,榮光段,16.24,非都市：鄉村區 ; 非都市編定：乙種建築用地,10000,426,持分移轉,01670000
RPPNMLLLJHKGFAM97CB,新廍段,21.09,都市：住,100000,354,持分移轉,06870000
RPPNMLMKKHKGFDM38CB,大統段,43.19,都市：住,100000,1542,持分移轉,02720002
RPPNMLNLJHKGFAM18CB,牛運堀段,71.00,都市：住,1,1,全筆移轉,02780070
RPPNMLNLJHKGFAM18CB,牛運堀段,.27,都市：住,97,1,持分移轉,02780114
RPPNMLNLJHKGFAM18CB,牛運堀段,.21,都市：住,34,1,持分移轉,02780073
RPPNMLNLJHKGFAM18CB,牛運堀段,.24,都市：住,34,1,持分移轉,02780055
RPPNMLNLJHKGFAM18CB,牛運堀段,18.85,都市：住,34,1,持分移轉,02780076
