﻿鄉鎮市區,交易標的,土地位置建物門牌,土地移轉總面積平方公尺,都市土地使用分區,非都市土地使用分區,非都市土地使用編定,交易年月日,交易筆棟數,移轉層次,總樓層數,建物型態,主要用途,主要建材,建築完成年月,建物移轉總面積平方公尺,建物現況格局-房,建物現況格局-廳,建物現況格局-衛,建物現況格局-隔間,有無管理組織,總價元,單價元平方公尺,車位類別,車位移轉總面積平方公尺,車位總價元,備註,編號,主建物面積,附屬建物面積,陽台面積,電梯,移轉編號
The villages and towns urban district,transaction sign,land sector position building sector house number plate,land shifting total area square meter,the use zoning or compiles and checks,the non-metropolis land use district,non-metropolis land use,transaction year month and day,transaction pen number,shifting level,total floor number,building state,main use,main building materials,construction to complete the years,building shifting total area,Building present situation pattern - room,building present situation pattern - hall,building present situation pattern - health,building present situation pattern - compartmented,Whether there is manages the organization,total price NTD,the unit price (NTD / square meter),the berth category,berth shifting total area square meter,the berth total price NTD,the note,serial number,main building area,auxiliary building area,balcony area,elevator,transaction number
埔里鎮,土地,牛眠段1067地號,267.53,,鄉村區,乙種建築用地,1140207,土地1建物0車位0,,,其他,,,,0.0,0,0,0,無,無,6312540,23596,,0.0,0,,RPSNMLRJKHKGFCM98DA,0.0,0.0,0.0,無,
竹山鎮,房地(土地+建物),南投縣竹山鎮枋坪巷２之３５弄２號五樓之７,10.55,住,,,1140207,土地2建物1車位0,五層,七層,華廈(10層含以下有電梯),住家用,鋼筋混凝土造,0850309,37.64,1,0,1,有,有,830000,22051,,0.0,0,含土地增值稅或其他稅費；,RPPNMLMKKHKGFDM38DA,22.22,1.25,4.14,有,
竹山鎮,土地,大鞍段620地號,1002.26,,山坡地保育區,林業用地,1140207,土地1建物0車位0,,,其他,,,,0.0,0,0,0,無,無,60000,60,,0.0,0,本件未繕寫私人買賣契約書申報價為雙方告知.,RPQNMLKLKHKGFDM38DA,0.0,0.0,0.0,無,
草屯鎮,土地,新南坪段621地號,32.46,,山坡地保育區,交通用地,1140209,土地1建物0車位0,,,其他,,,,0.0,0,0,0,無,無,116856,3600,,0.0,0,,RPPNMLSKKHKGFBM88EA,0.0,0.0,0.0,無,
南投市,土地,三塊厝段151地號,1771.11,住,,,1140205,土地1建物0車位0,,,其他,,,,0.0,0,0,0,無,無,58163252,32840,,0.0,0,政府機關標讓售；,RPPNMLKLKHKGFAM97DA,0.0,0.0,0.0,無,001
鹿谷鄉,土地,初鄉段823地號,10165.0,,山坡地保育區,農牧用地,1140211,土地1建物0車位0,,,其他,,,,0.0,0,0,0,無,無,3380000,333,,0.0,0,,RPSNMLLLKHKGFDM68DA,0.0,0.0,0.0,無,
信義鄉,土地,同富段301地號,99.0,,鄉村區,乙種建築用地,1140207,土地3建物0車位0,,,其他,,,,0.0,0,0,0,無,無,4350000,43939,,0.0,0,,RPQNMLLLKHKGFEM58DA,0.0,0.0,0.0,無,
仁愛鄉,土地,翠巒段332地號,5370.0,,森林區,林業用地,1140207,土地1建物0車位0,,,其他,,,,0.0,0,0,0,無,無,300000,56,,0.0,0,,RPQOMLLKKHKGFCM38DA,0.0,0.0,0.0,無,
仁愛鄉,土地,萬大段3070地號,10319.0,,森林區,林業用地,1140207,土地4建物0車位0,,,其他,,,,0.0,0,0,0,無,無,660000,64,,0.0,0,,RPROMLLKKHKGFCM48DA,0.0,0.0,0.0,無,
埔里鎮,房地(土地+建物),南投縣埔里鎮青田一街５７號,127.72,住,,,1140210,土地1建物1車位0,全,三層,透天厝,住家用,鋼筋混凝土造,1041211,222.55,8,2,9,有,無,26060000,117097,,0.0,0,其他增建；,RPTNMLKLKHKGFCM58DA,211.47,0.0,11.08,有,
埔里鎮,土地,光明段390-1地號,63.12,商,,,1140205,土地3建物0車位0,,,其他,,,,0.0,0,0,0,無,無,4950000,78422,,0.0,0,親友、員工、共有人或其他特殊關係間之交易；未登記建物；,RPQNMLLLKHKGFCM38DA,0.0,0.0,0.0,無,
竹山鎮,土地,文田段1223地號,1100.0,,山坡地保育區,農牧用地,1140220,土地1建物0車位0,,,其他,,,,0.0,0,0,0,無,無,490000,445,,0.0,0,,RPQNMLOLKHKGFDM78DA,0.0,0.0,0.0,無,002
竹山鎮,土地,文田段1223地號,1100.0,,山坡地保育區,農牧用地,1140212,土地1建物0車位0,,,其他,,,,0.0,0,0,0,無,無,470000,427,,0.0,0,,RPRNMLOLKHKGFDM88DA,0.0,0.0,0.0,無,002
竹山鎮,土地,文田段1223地號,1100.0,,山坡地保育區,農牧用地,1140217,土地1建物0車位0,,,其他,,,,0.0,0,0,0,無,無,470000,427,,0.0,0,,RPSNMLOLKHKGFDM98DA,0.0,0.0,0.0,無,002
竹山鎮,土地,大鞍段486-1地號,9193.3,,山坡地保育區,林業用地,1140205,土地4建物0車位0,,,其他,,,,0.0,0,0,0,無,無,4000000,435,,0.0,0,親友、員工、共有人或其他特殊關係間之交易；,RPPNMLLLKHKGFDM38DA,0.0,0.0,0.0,無,
草屯鎮,房地(土地+建物),南投縣草屯鎮草溪路１０７０號十一樓之２,21.48,商,,,1140108,土地1建物1車位0,十一層,十一層,住宅大樓(11層含以上有電梯),住家用,鋼筋混凝土造,1070502,123.14,3,2,2,有,有,9500000,77148,,0.0,0,,RPSNMLOJKHKGFBM58DA,75.15,0.0,4.93,有,005
鹿谷鄉,房地(土地+建物),南投縣鹿谷鄉愛鄉路５５之６號,1476.86,,山坡地保育區,農牧用地,1140114,土地5建物1車位0,全,二層,透天厝,農業用,鋼筋混凝土造,0880304,336.53,7,2,4,有,無,40500000,120346,,0.0,0,未登記建物；,RPPNMLSKKHKGFDM98DA,332.68,0.0,3.85,無,006
竹山鎮,土地,南雲段440地號,2257.0,,特定農業區,農牧用地,1140103,土地1建物0車位0,,,其他,,,,0.0,0,0,0,無,無,29000000,12849,,0.0,0,未登記建物；,RPSNMLSKKHKGFDM66DA,0.0,0.0,0.0,無,
名間鄉,房地(土地+建物),南投縣名間鄉員集路３４之６號,91.24,,鄉村區,乙種建築用地,1140107,土地1建物1車位0,全,二層,透天厝,住商用,鋼筋混凝土加強磚造,0710700,107.24,3,1,2,有,無,3000000,27975,,0.0,0,,RPPNMLOKKHKGFAM28DA,107.24,0.0,0.0,無,
埔里鎮,土地,桃米坑段234-408地號,1016.0,,山坡地保育區,林業用地,1140101,土地1建物0車位0,,,其他,,,,0.0,0,0,0,無,無,2600000,2559,,0.0,0,未登記建物；,RPPNMLKKKHKGFCM08DA,0.0,0.0,0.0,無,
埔里鎮,房地(土地+建物),南投縣埔里鎮東榮路２１９號三樓,45.23,住,,,1140121,土地2建物1車位0,三層,四層,公寓(5樓含以下無電梯),住家用,鋼筋混凝土造,0730119,72.24,3,2,2,有,無,3800000,52602,,0.0,0,其他增建；,RPSNMLMKKHKGFCM58DA,72.24,0.0,0.0,無,
南投市,房地(土地+建物)+車位,南投縣南投市東山路４４３巷３１號四樓之５,38.5,,鄉村區,乙種建築用地,1140105,土地2建物1車位1,四層,十四層,住宅大樓(11層含以上有電梯),住家用,鋼筋混凝土造,0860919,123.61,3,2,2,有,有,6250000,50562,坡道平面,0.0,0,陽台外推；,RPPNMLOJKHKGFAM18DA,77.0,0.0,9.72,有,
南投市,土地,新段1344-2地號,2162.58,農,,,1140108,土地1建物0車位0,,,其他,,,,0.0,0,0,0,無,無,9812000,4537,,0.0,0,農業設施；,RPPNMLPJKHKGFAM28DA,0.0,0.0,0.0,無,
南投市,土地,施厝坪段252地號,1070.0,農,,,1140123,土地2建物0車位0,,,其他,,,,0.0,0,0,0,無,無,3980000,3720,,0.0,0,農業設施；,RPWOMLLKKHKGFAM78DA,0.0,0.0,0.0,無,
草屯鎮,房地(土地+建物),南投縣草屯鎮中正路富國巷１３號,76.23,住,,,1140101,土地1建物1車位0,全,二層,透天厝,住商用,鋼筋混凝土加強磚造,0670605,86.38,4,2,3,有,無,7800000,90299,,0.0,0,,RPUNMLOJKHKGFBM78DA,86.38,0.0,0.0,無,007
草屯鎮,房地(土地+建物),南投縣草屯鎮石川路３８之１０號,1471.0,,特定農業區,農牧用地,1140121,土地2建物1車位0,全,一層,透天厝,農業用,鋼鐵造有牆,1011119,12.0,0,0,0,無,無,11600000,966667,,0.0,0,,RPQNMLRJKHKGFBM68DA,12.0,0.0,0.0,無,
國姓鄉,土地,石門段63地號,2341.16,農,,,1140117,土地1建物0車位0,,,其他,,,,0.0,0,0,0,無,無,4000000,1709,,0.0,0,未登記建物；,RPRNMLKLKHKGFCM38DA,0.0,0.0,0.0,無,
魚池鄉,土地,東池段464-3地號,1104.97,農,,,1140108,土地1建物0車位0,,,其他,,,,0.0,0,0,0,無,無,6000000,5430,,0.0,0,親友、員工、共有人或其他特殊關係間之交易；,RPUNMLKLKHKGFCM68DA,0.0,0.0,0.0,無,
國姓鄉,土地,北港溪段3-7地號,95.0,,山坡地保育區,丙種建築用地,1140122,土地1建物0車位0,,,其他,,,,0.0,0,0,0,無,無,2550000,26842,,0.0,0,未登記建物；,RPPNMLLLKHKGFCM28DA,0.0,0.0,0.0,無,008
水里鄉,土地,城中段1231地號,1684.0,都市：其他:遊憩區(附三),,,1140121,土地2建物0車位0,,,其他,,,,0.0,0,0,0,無,無,16555825,9831,,0.0,0,每坪以新台幣32500元計算。,RPPNMLRKKHKGFEM98DA,0.0,0.0,0.0,無,
水里鄉,土地,新郡坑段733-2地號,2500.0,,山坡地保育區,農牧用地,1140117,土地1建物0車位0,,,其他,,,,0.0,0,0,0,無,無,2500000,1000,,0.0,0,,RPPNMLLLKHKGFEM48DA,0.0,0.0,0.0,無,009
南投市,土地,光榮段569地號,145.24,住,,,1140122,土地2建物0車位0,,,其他,,,,0.0,0,0,0,無,無,9580000,65960,,0.0,0,,RPRNMLOJKHKGFAM38DA,0.0,0.0,0.0,無,010
仁愛鄉,土地,發祥段495地號,2160.0,,山坡地保育區,農牧用地,1140106,土地1建物0車位0,,,其他,,,,0.0,0,0,0,無,無,450000,208,,0.0,0,此標的為原住民保留地。,RPPNMLTKKHKGFCM98DA,0.0,0.0,0.0,無,011
埔里鎮,土地,仁愛段314地號,141.19,商,,,1140114,土地2建物0車位0,,,其他,,,,0.0,0,0,0,無,無,7480000,52978,,0.0,0,,RPQNMLOLKHKGFCM68DA,0.0,0.0,0.0,無,012
埔里鎮,土地,仁愛段320地號,574.01,商,,,1140114,土地1建物0車位0,,,其他,,,,0.0,0,0,0,無,無,24250000,42247,,0.0,0,未登記建物；,RPSNMLOLKHKGFCM88DA,0.0,0.0,0.0,無,
埔里鎮,土地,仁愛段313地號,144.86,商,,,1140114,土地1建物0車位0,,,其他,,,,0.0,0,0,0,無,無,7670000,52948,,0.0,0,,RPTNMLOLKHKGFCM98DA,0.0,0.0,0.0,無,013
竹山鎮,房地(土地+建物),南投縣竹山鎮延和巷２６之４８號,121.66,住,,,1140104,土地2建物1車位0,全,三層,透天厝,住家用,鋼筋混凝土造,1020507,180.85,4,2,4,有,無,8600000,47553,,0.0,0,頂樓加蓋；其他增建；,RPRNMLQKJHKGFDM88DA,172.47,0.0,8.38,無,014
鹿谷鄉,土地,初鄉段658地號,5899.0,,山坡地保育區,農牧用地,1140122,土地2建物0車位0,,,其他,,,,0.0,0,0,0,無,無,4250000,720,,0.0,0,,RPRNMLPLKHKGFDM98DA,0.0,0.0,0.0,無,
鹿谷鄉,土地,彰雅段325地號,1367.2,,山坡地保育區,農牧用地,1140101,土地1建物0車位0,,,其他,,,,0.0,0,0,0,無,無,11000000,8046,,0.0,0,含農業產銷設施,RPUNMLSKKHKGFDM96EA,0.0,0.0,0.0,無,015
竹山鎮,土地,坪林段267地號,77551.89,,森林區,林業用地,1140109,土地1建物0車位0,,,其他,,,,0.0,0,0,0,無,無,3000000,39,,0.0,0,,RPQNMLSKKHKGFDM09DA,0.0,0.0,0.0,無,
南投市,房地(土地+建物),南投縣南投市彰南路三段８０６巷６１號,166.52,農,,,1131205,土地4建物1車位0,全,二層,透天厝,住商用,鋼筋混凝土加強磚造,0690527,114.76,10,0,3,有,無,5880000,51237,,0.0,0,頂樓加蓋；其他增建；,RPSNMLNJKHKGFAM38DA,114.76,0.0,0.0,無,016
國姓鄉,房地(土地+建物),南投縣國姓鄉中正路一段７９之２１號,120.36,,鄉村區,乙種建築用地,1131212,土地1建物1車位0,全,二層,透天厝,住商用,加強磚造,0690301,116.04,5,3,3,有,無,4700000,40503,,0.0,0,其他增建；,RPSNMLKLJHKGFCM38DA,116.04,0.0,0.0,無,017
竹山鎮,房地(土地+建物),南投縣竹山鎮集山路三段５０巷２０號,118.56,住,,,1131225,土地1建物1車位0,全,二層,透天厝,住商用,鋼筋混凝土加強磚造,0711109,121.66,3,2,2,有,無,4200000,34522,,0.0,0,頂樓加蓋；其他增建；,RPQNMLSJJHKGFDM88DA,121.66,0.0,0.0,無,018
竹山鎮,土地,大坑段頂林小段103-682地號,2590.0,,山坡地保育區,林業用地,1131214,土地1建物0車位0,,,其他,,,,0.0,0,0,0,無,無,1400000,541,,0.0,0,,RPRNMLKLKHKGFDM48DA,0.0,0.0,0.0,無,
竹山鎮,土地,中崎段173-1地號,4005.27,,一般農業區,農牧用地,1131211,土地1建物0車位0,,,其他,,,,0.0,0,0,0,無,無,6700000,1673,,0.0,0,農作物；,RPSNMLSKKHKGFDM76EA,0.0,0.0,0.0,無,
草屯鎮,房地(土地+建物),南投縣草屯鎮加老路３１７號,277.86,,鄉村區,乙種建築用地,1131221,土地1建物1車位0,全,一層,透天厝,住家用,加強磚造,0760616,84.25,2,2,1,有,無,10000000,118694,,0.0,0,親友、員工、共有人或其他特殊關係間之交易；,RPQNMLKLKHKGFBM18DA,84.25,0.0,0.0,無,
魚池鄉,土地,內凹仔段73地號,573.09,,鄉村區,乙種建築用地,1131228,土地2建物0車位0,,,其他,,,,0.0,0,0,0,無,無,14000000,24429,,0.0,0,,RPPNMLSLKIJGFCM98DA,0.0,0.0,0.0,無,019
埔里鎮,房地(土地+建物),南投縣埔里鎮蘭陽街７２巷２２號,60.52,,鄉村區,乙種建築用地,1131213,土地2建物1車位0,全,二層,透天厝,住家用,鋼筋混凝土加強磚造,0700113,93.36,5,1,5,有,無,6200000,66410,,0.0,0,頂樓加蓋；其他增建；含租約；,RPQNMLMKKHKGFCM38DA,93.36,0.0,0.0,無,020
埔里鎮,房地(土地+建物),南投縣埔里鎮北平街１１７號,48.38,商,,,1131230,土地1建物1車位0,一層，二層，三層，四層，五層，屋頂突出物，騎樓,六層,華廈(10層含以下有電梯),住商用,鋼筋混凝土造,0800412,294.71,6,2,4,有,無,9500000,32235,,0.0,0,,RPSNMLKLKHKGFCM48DA,276.03,0.0,0.0,有,
南投市,房地(土地+建物),南投縣南投市同源路九街２２巷５號三樓之２,18.5,,工業區,丁種建築用地,1131230,土地1建物1車位0,三層,五層,華廈(10層含以下有電梯),住家用,鋼筋混凝土造,1120728,79.32,2,1,1,有,有,4900000,61775,,0.0,0,,RPRNMLSKKHKGFAM88DA,58.35,0.0,6.56,有,021
埔里鎮,房地(土地+建物),南投縣埔里鎮水裡巷６８號六樓之５,20.71,住,,,1131228,土地1建物1車位0,六層,七層,華廈(10層含以下有電梯),住家用,ＲＣ造,1130925,61.32,2,2,1,有,有,5560000,90672,,0.0,0,,RPWNMLNJJHKGFCM88DA,36.5,0.0,3.43,有,
國姓鄉,土地,廣源段1008地號,6625.0,,山坡地保育區,農牧用地,1131218,土地1建物0車位0,,,其他,,,,0.0,0,0,0,無,無,1050000,158,,0.0,0,農作物；,RPTOMLPKJHKGFCM98DA,0.0,0.0,0.0,無,022
埔里鎮,房地(土地+建物),南投縣埔里鎮民有三街２號,258.0,住,,,1131228,土地3建物2車位0,全,一層,透天厝,商業用,鋼造,0740723,171.76,0,0,0,無,無,15000000,87331,,0.0,0,門牌埔里鎮民有三街2號總價為新台幣柒佰伍拾萬元整門牌埔里鎮民有三街4號總價為新台幣柒佰伍拾萬元整買方同意賣方補貼新台幣伍萬元整,RPQNMLTKKHKGFCM09DA,171.76,0.0,0.0,無,
信義鄉,土地,人和段328地號,310.0,,山坡地保育區,農牧用地,1131212,土地1建物0車位0,,,其他,,,,0.0,0,0,0,無,無,220000,710,,0.0,0,,RPPNMLTKKHKGFEM66EA,0.0,0.0,0.0,無,023
草屯鎮,土地,新富寮段495地號,159.5,住,,,1131205,土地2建物0車位0,,,其他,,,,0.0,0,0,0,無,無,5350000,33542,,0.0,0,,RPPNMLOLKHKGFBM48DA,0.0,0.0,0.0,無,
埔里鎮,房地(土地+建物),南投縣埔里鎮南安路４２號,272.0,住,,,1131228,土地2建物1車位0,全,一層,透天厝,商業用,鋼造,0740723,169.5,3,2,1,有,無,15000000,88496,,0.0,0,,RPRNMLTKKHKGFCM56DA,169.5,0.0,0.0,無,
埔里鎮,房地(土地+建物),南投縣埔里鎮大坑巷２之１號,4435.0,,山坡地保育區,農牧用地,1131212,土地2建物1車位0,全,二層,透天厝,農業用,ＲＣ造,0860505,438.19,9,2,4,有,無,36800000,83982,,0.0,0,土地增值稅計新台幣773228元由買方負擔。其他增建；,RPRNMLPLKHKGFCM88DA,438.19,0.0,0.0,無,
埔里鎮,土地,福興段544地號,1631.0,,山坡地保育區,農牧用地,1131212,土地2建物0車位0,,,其他,,,,0.0,0,0,0,無,無,20000000,12262,,0.0,0,1.本買賣範圍包含福興段544地號地下水權使用證明、未登記建物之附屬建物與增建部分及建物以外之其他地上物。2.土地增值稅費計新台幣286534元由買方負擔。未登記建物；,RPSNMLPLKHKGFCM98DA,0.0,0.0,0.0,無,
南投市,房地(土地+建物),南投縣南投市同源路８５號五樓之１,24.14,,工業區,丁種建築用地,1131118,土地1建物1車位0,五層,五層,華廈(10層含以下有電梯),住家用,鋼筋混凝土造,1111212,85.74,3,1,2,有,有,5400000,62981,,0.0,0,,RPRNMLRKKHKGFAM78DA,68.12,0.0,6.27,有,024
草屯鎮,房地(土地+建物),南投縣草屯鎮玉屏路濟公巷２弄８５號,2185.69,,特定農業區,農牧用地,1131114,土地1建物1車位0,全,一層,透天厝,農業用,鋼鐵造有牆,1000714,12.0,0,0,0,無,無,13600000,1133333,,0.0,0,農作物；,RPRNMLOKKHKGFBM58DA,12.0,0.0,0.0,無,
埔里鎮,房地(土地+建物),南投縣埔里鎮樹人一街２４３巷６號二樓,11.85,住,,,1131130,土地1建物1車位0,二層,十五層,住宅大樓(11層含以上有電梯),住家用,鋼筋混凝土造,0850209,105.83,2,2,2,有,有,4800000,45356,,0.0,0,,RPWNMLLKKHKGFCM88DA,73.23,1.26,10.68,有,025
中寮鄉,土地,分水寮段998地號,12640.0,,山坡地保育區,農牧用地,1131121,土地1建物0車位0,,,其他,,,,0.0,0,0,0,無,無,9200000,728,,0.0,0,未登記建物；農作物；,RPRNMLNJJHKGFAM18DA,0.0,0.0,0.0,無,
埔里鎮,房地(土地+建物),南投縣埔里鎮水裡巷６８號六樓之６,22.65,住,,,1131128,土地1建物1車位0,六層,七層,華廈(10層含以下有電梯),住家用,ＲＣ造,1130925,67.17,2,2,1,有,有,6200000,92303,,0.0,0,,RPRNMLLMKIJGFCM58DA,40.04,0.0,3.7,有,
國姓鄉,土地,北港溪段9-12地號,480.5,,鄉村區,乙種建築用地,1131122,土地2建物0車位0,,,其他,,,,0.0,0,0,0,無,無,7320000,15234,,0.0,0,,RPPNMLNKJHKGFCM28DA,0.0,0.0,0.0,無,
南投市,房地(土地+建物)+車位,南投縣南投市中興路４６８巷４號,13.87,住,,,1131115,土地1建物1車位1,一層，二層，騎樓,十六層,住宅大樓(11層含以上有電梯),住商用,鋼筋混凝土造,0831109,130.21,2,2,2,有,有,4500000,34560,坡道機械,0.0,0,,RPTNMLKKJHKGFAM18DA,97.68,3.12,5.76,有,
竹山鎮,土地,圓山段49-2地號,10870.48,,山坡地保育區,林業用地,1131126,土地5建物0車位0,,,其他,,,,0.0,0,0,0,無,無,1600000,147,,0.0,0,,RPQNMLLKKHKGFDM38DA,0.0,0.0,0.0,無,026
埔里鎮,房地(土地+建物),南投縣埔里鎮水裡巷６８號七樓之２,23.52,住,,,1131128,土地1建物1車位0,七層,七層,華廈(10層含以下有電梯),住家用,ＲＣ造,1130925,69.62,2,2,1,有,有,6550000,94082,,0.0,0,,RPPNMLLMKIJGFCM38DA,41.89,0.0,3.44,有,
國姓鄉,土地,北港溪段65-23地號,722.0,,山坡地保育區,農牧用地,1131109,土地1建物0車位0,,,其他,,,,0.0,0,0,0,無,無,1965600,2722,,0.0,0,,RPTNMLRKKHKGFCM56DA,0.0,0.0,0.0,無,
埔里鎮,房地(土地+建物),南投縣埔里鎮水裡巷６８號七樓之６,22.65,住,,,1131115,土地1建物1車位0,七層,七層,華廈(10層含以下有電梯),住家用,ＲＣ造,1130925,67.17,2,2,1,有,有,6160000,91708,,0.0,0,,RPPNMLRLKIJGFCM88DA,40.04,0.0,3.7,有,
埔里鎮,房地(土地+建物),南投縣埔里鎮珠生路７８巷６７號,277.17,,山坡地保育區,丙種建築用地,1131011,土地4建物1車位0,全,三層,透天厝,住家用,ＲＣ造,1120313,183.22,3,2,4,有,有,14200000,77502,,0.0,0,,RPOOMLLKKHKGFCM18DA,165.47,0.0,16.32,無,
埔里鎮,土地,南村段376地號,4448.15,,特定農業區,農牧用地,1131018,土地2建物0車位0,,,其他,,,,0.0,0,0,0,無,無,43000000,9667,,0.0,0,農作物；,RPRNMLQJJHKGFCM68DA,0.0,0.0,0.0,無,
埔里鎮,土地,水源段721地號,167.46,,特定農業區,甲種建築用地,1131015,土地2建物0車位0,,,其他,,,,0.0,0,0,0,無,無,2500000,14929,,0.0,0,,RPQNMLKLKHKGFCM28DA,0.0,0.0,0.0,無,
南投市,房地(土地+建物),南投縣南投市信義街２５０巷４１號三樓之３,5.25,住,,,1131016,土地1建物1車位0,三層,四層,公寓(5樓含以下無電梯),住家用,鋼筋混凝土造,0920821,68.51,3,2,2,有,無,3000000,43789,,0.0,0,,RPWNMLTKKHKGFAM86DA,58.61,0.0,3.31,無,027
名間鄉,房地(土地+建物),南投縣名間鄉南田路２６０之６號,184.99,,一般農業區,丙種建築用地,1131031,土地2建物1車位0,全,一層,透天厝,住家用,加強磚造,0690100,104.36,6,2,4,有,無,6660000,63818,,0.0,0,其他增建；,RPQNMLKLKHKGFAM08DA,104.36,0.0,0.0,無,
魚池鄉,房地(土地+建物),南投縣魚池鄉中山路２７４號,221.1,住,,,1131028,土地3建物1車位0,全,二層,透天厝,住家用,鋼筋混凝土造,0850401,168.04,4,2,2,有,無,24500000,145799,,0.0,0,,RPTNMLPLKHKGFCM09DA,158.07,0.0,9.97,無,028
竹山鎮,土地,照鏡段589地號,5440.39,,一般農業區,農牧用地,1131030,土地1建物0車位0,,,其他,,,,0.0,0,0,0,無,無,3000000,551,,0.0,0,,RPSNMLPLKHKGFDM09DA,0.0,0.0,0.0,無,
埔里鎮,土地,忠義段478地號,1314.03,住,,,1130925,土地9建物0車位0,,,其他,,,,0.0,0,0,0,無,無,83600000,63621,,0.0,0,,RPPNMLRKKHKGFCM78DA,0.0,0.0,0.0,無,
竹山鎮,土地,沙東段385-1地號,1329.02,農,,,1130910,土地1建物0車位0,,,其他,,,,0.0,0,0,0,無,無,20880000,15711,,0.0,0,,RPQNMLLLKHKGFDM48DA,0.0,0.0,0.0,無,
南投市,房地(土地+建物),南投縣南投市復興路６４號,85.0,商,,,1130916,土地1建物1車位0,全,四層,透天厝,住商用,鋼筋混凝土造,0741231,244.05,7,2,4,有,無,15800000,64741,,0.0,0,,RPQNMLLLKHKGFAM28EA,244.05,0.0,0.0,無,
竹山鎮,土地,安定段523地號,215.09,住,,,1130916,土地6建物0車位0,,,其他,,,,0.0,0,0,0,無,無,15000000,69738,,0.0,0,未登記建物；,RPRNMLLJIIJGFDM18DA,0.0,0.0,0.0,無,
埔里鎮,房地(土地+建物),南投縣埔里鎮珠生路７８巷５８號,256.9,,山坡地保育區,丙種建築用地,1130815,土地4建物1車位0,全,三層,透天厝,住家用,ＲＣ造,1120313,183.22,3,2,4,有,有,14000000,76411,,0.0,0,,RPVNMLLKKHKGFCM78DA,165.47,0.0,16.32,無,
南投市,房地(土地+建物),南投縣南投市自強三路４號,13586.61,工,,,1130802,土地1建物2車位0,全,二層,透天厝,工業用,鋼架有牆,0880701,11445.96,29,0,12,有,無,803000000,70156,,0.0,0,土地交易價格:69300萬元，建物交易價格:11000萬元。此建物為工廠其他增建；,RPTNMLOKJHKGFAM58DA,11445.96,0.0,0.0,有,
南投市,房地(土地+建物),南投縣南投市彰南路二段５９６巷５６弄１１號三樓之２,21.71,都市：其他:住宅區,,,1130723,土地2建物1車位0,三層,五層,華廈(10層含以下有電梯),住家用,鋼筋混凝土造,1131014,61.230000000000004,2,1,1,有,有,5520000,90152,,0.0,0,預售屋、或土地及建物分件登記案件；,RPPNMLOLJHKGFAM28DA,41.85,0.0,0.0,有,
草屯鎮,土地,新南埔段458地號,401.85,,山坡地保育區,丙種建築用地,1130722,土地1建物0車位0,,,其他,,,,0.0,0,0,0,無,無,9220000,22944,,0.0,0,,RPQNMLSKKHKGFBM88DA,0.0,0.0,0.0,無,029
南投市,房地(土地+建物)+車位,南投縣南投市文化路７０７巷１弄６８號一樓之３,31.85,住,,,1130701,土地4建物1車位3,一層,七層,華廈(10層含以下有電梯),住家用,鋼筋混凝土造,1131216,188.69,3,2,2,有,有,11530000,83575,坡道平面,92.01,3450000,預售屋、或土地及建物分件登記案件；,RPSNMLSJKHKGFAM88DA,59.21,0.0,6.64,有,
南投市,房地(土地+建物)+車位,南投縣南投市文化路７０７巷１弄６８號七樓之５,31.71,住,,,1130526,土地4建物1車位1,七層,七層,華廈(10層含以下有電梯),住家用,鋼筋混凝土造,1131216,127.43,3,2,2,有,有,8990000,80508,坡道平面,30.67,1200000,預售屋、或土地及建物分件登記案件；,RPPPMLLKKHKGFAM18DA,62.77,0.0,3.13,有,
南投市,房地(土地+建物)+車位,南投縣南投市文化路７０７巷１弄６６號四樓之１,32.31,住,,,1130408,土地4建物1車位1,四層,七層,華廈(10層含以下有電梯),住家用,鋼筋混凝土造,1131216,128.94,3,2,2,有,有,8570000,76015,坡道平面,30.67,1100000,預售屋、或土地及建物分件登記案件；,RPQPMLKKKHKGFAM18DA,59.04,0.0,7.9,有,
南投市,房地(土地+建物)+車位,南投縣南投市文化路７０７巷１弄６８號六樓之５,31.82,住,,,1130430,土地4建物1車位1,六層,七層,華廈(10層含以下有電梯),住家用,鋼筋混凝土造,1131216,127.42,3,2,2,有,有,8750000,78036,坡道平面,30.67,1200000,預售屋、或土地及建物分件登記案件；,RPOOMLLKKHKGFAM97DA,58.7,0.0,7.19,有,
南投市,房地(土地+建物)+車位,南投縣南投市文化路７０７巷１弄６８號一樓之１,31.85,住,,,1130315,土地4建物1車位1,一層,七層,華廈(10層含以下有電梯),住家用,鋼筋混凝土造,1131216,127.13,3,2,2,有,有,9060000,82521,坡道平面,30.67,1100000,預售屋、或土地及建物分件登記案件；,RPQNMLSJKHKGFAM68DA,58.98,0.0,6.73,有,
南投市,房地(土地+建物)+車位,南投縣南投市文化路７０７巷１弄６７號六樓之５,25.57,住,,,1130116,土地4建物1車位1,六層,七層,華廈(10層含以下有電梯),住家用,鋼筋混凝土造,1131216,108.58000000000001,2,2,1,有,有,7300000,78295,坡道平面,30.67,1200000,預售屋、或土地及建物分件登記案件；,RPUOMLLKKHKGFAM58DA,45.94,0.0,7.15,有,
草屯鎮,土地,南坪段607地號,298.0,,鄉村區,乙種建築用地,1121224,土地1建物0車位0,,,其他,,,,0.0,0,0,0,無,無,3600000,12081,,0.0,0,未登記建物；,RPSNMLOLKHKGFBM78DA,0.0,0.0,0.0,無,030
南投市,房地(土地+建物)+車位,南投縣南投市文化路７０７巷１弄６７號四樓之５,25.57,住,,,1121208,土地4建物1車位1,四層,七層,華廈(10層含以下有電梯),住家用,鋼筋混凝土造,1131216,108.58000000000001,2,2,1,有,有,6830000,73546,坡道平面,30.67,1100000,預售屋、或土地及建物分件登記案件；,RPTQMLKKKHKGFAM58DA,45.94,0.0,7.15,有,
南投市,房地(土地+建物)+車位,南投縣南投市文化路７０７巷１弄６７號七樓之５,25.57,住,,,1121130,土地4建物1車位1,七層,七層,華廈(10層含以下有電梯),住家用,鋼筋混凝土造,1131216,108.58000000000001,2,2,1,有,有,7300000,79579,坡道平面,30.67,1100000,預售屋、或土地及建物分件登記案件；,RPSPMLLKKHKGFAM48DA,45.94,0.0,7.15,有,
南投市,房地(土地+建物)+車位,南投縣南投市文化路７０７巷１弄６８號七樓之１,31.71,住,,,1121012,土地4建物1車位2,七層,七層,華廈(10層含以下有電梯),住家用,鋼筋混凝土造,1131216,158.16,3,2,2,有,有,10000000,78496,坡道平面,61.34,2400000,預售屋、或土地及建物分件登記案件；,RPVPMLLKKHKGFAM78DA,62.82,0.0,3.13,有,
南投市,房地(土地+建物)+車位,南投縣南投市彰南路二段５９６巷５６弄１１號二樓之１,31.66,都市：其他:住宅區,,,1120920,土地2建物1車位1,二層,五層,華廈(10層含以下有電梯),住家用,鋼筋混凝土造,1131014,107.71000000000001,3,1,2,有,有,8830000,87305,坡道平面,19.17,1100000,預售屋、或土地及建物分件登記案件；,RPVNMLOLJHKGFAM88DA,52.38,0.0,8.64,有,
南投市,房地(土地+建物)+車位,南投縣南投市文化路７０７巷１弄６７號三樓之２,37.89,住,,,1120916,土地4建物1車位2,三層,七層,華廈(10層含以下有電梯),住家用,鋼筋混凝土造,1131216,177.3,3,2,2,有,有,10360000,70369,坡道平面,61.34,2200000,預售屋、或土地及建物分件登記案件；,RPVOMLKKKHKGFAM58DA,70.2,0.0,8.81,有,
南投市,房地(土地+建物)+車位,南投縣南投市文化路７０７巷１弄６８號一樓之５,25.46,住,,,1120806,土地4建物1車位1,一層,七層,華廈(10層含以下有電梯),住家用,鋼筋混凝土造,1131216,107.95,2,2,2,有,有,6600000,71170,坡道平面,30.67,1100000,預售屋、或土地及建物分件登記案件；,RPTNMLSJKHKGFAM98DA,49.13,0.0,3.51,有,
南投市,房地(土地+建物)+車位,南投縣南投市文化路７０７巷１弄６７號五樓之１,37.89,住,,,1120805,土地4建物1車位1,五層,七層,華廈(10層含以下有電梯),住家用,鋼筋混凝土造,1131216,146.62,3,2,2,有,有,9380000,71410,坡道平面,30.67,1100000,預售屋、或土地及建物分件登記案件；,RPXRMLKKKHKGFAM09DA,70.2,0.0,8.81,有,
竹山鎮,房地(土地+建物),南投縣竹山鎮集山路一段１６３３巷２９號三樓之３,25.08,,鄉村區,乙種建築用地,1120603,土地4建物1車位0,三層,七層,華廈(10層含以下有電梯),住家用,鋼筋混凝土造,1140103,85.83,2,2,2,有,有,4750000,55342,,0.0,0,預售屋、或土地及建物分件登記案件；,RPUNMLQJKHKGFDM56DA,59.47,0.0,6.81,有,
南投市,房地(土地+建物)+車位,南投縣南投市文化路７０７巷１弄６９號四樓之１,40.07,都市：其他:住宅區,,,1120618,土地4建物1車位1,四層,七層,華廈(10層含以下有電梯),住家用,鋼筋混凝土造,1131216,153.2,3,2,2,有,有,9750000,69779,坡道平面,30.67,1200000,預售屋、或土地及建物分件登記案件；,RPXPMLKKKHKGFAM88DA,74.69,0.0,8.79,有,
南投市,房地(土地+建物)+車位,南投縣南投市文化路７０７巷１弄６７號四樓之２,37.89,住,,,1120516,土地4建物1車位1,四層,七層,華廈(10層含以下有電梯),住家用,鋼筋混凝土造,1131216,146.62,3,2,2,有,有,9340000,70203,坡道平面,30.67,1200000,預售屋、或土地及建物分件登記案件；,RPRQMLKKKHKGFAM38DA,70.2,0.0,8.81,有,
南投市,房地(土地+建物)+車位,南投縣南投市文化路７０７巷１弄６８號五樓之３,31.82,住,,,1120507,土地4建物1車位1,五層,七層,華廈(10層含以下有電梯),住家用,鋼筋混凝土造,1131216,127.42,3,2,2,有,有,8190000,72248,坡道平面,30.67,1200000,預售屋、或土地及建物分件登記案件；,RPTRMLKKKHKGFAM68DA,58.7,0.0,7.19,有,
南投市,房地(土地+建物)+車位,南投縣南投市文化路７０７巷１弄６９號六樓之１,40.07,住,,,1120501,土地4建物1車位2,六層,七層,華廈(10層含以下有電梯),住家用,鋼筋混凝土造,1131216,183.87,3,2,2,有,有,11790000,76634,坡道平面,61.34,2400000,預售屋、或土地及建物分件登記案件；,RPPOMLLKKHKGFAM08DA,74.69,0.0,8.79,有,
草屯鎮,房地(土地+建物),南投縣草屯鎮加老路２５３號,39.57,,鄉村區,乙種建築用地,1120531,土地2建物1車位0,一層，見其他登記事項,五層,華廈(10層含以下有電梯),住家用,鋼筋混凝土造,1131017,112.64,0,0,0,無,有,7150000,63477,,0.0,0,預售屋、或土地及建物分件登記案件；,RPPNMLRJKHKGFBM58DA,88.44,0.0,0.0,有,
竹山鎮,房地(土地+建物),南投縣竹山鎮集山路一段１６３３巷２９號四樓之３,25.08,,鄉村區,乙種建築用地,1120305,土地4建物1車位0,四層,七層,華廈(10層含以下有電梯),住家用,鋼筋混凝土造,1140103,85.83,2,2,2,有,有,4780000,55691,,0.0,0,預售屋、或土地及建物分件登記案件；,RPXNMLQJKHKGFDM86DA,59.47,0.0,6.81,有,
南投市,房地(土地+建物)+車位,南投縣南投市文化路７０７巷１弄６７號二樓之５,25.57,住,,,1120305,土地4建物1車位1,二層,七層,華廈(10層含以下有電梯),住家用,鋼筋混凝土造,1131216,108.58000000000001,2,2,1,有,有,6390000,67899,坡道平面,30.67,1100000,預售屋、或土地及建物分件登記案件；,RPPNMLKKKHKGFAM87DA,45.94,0.0,7.15,有,
南投市,房地(土地+建物)+車位,南投縣南投市文化路７０７巷１弄６７號七樓之１,37.89,住,,,1120327,土地4建物1車位1,七層,七層,華廈(10層含以下有電梯),住家用,鋼筋混凝土造,1131216,146.62,3,2,2,有,有,9890000,75809,坡道平面,30.67,1100000,預售屋、或土地及建物分件登記案件；,RPQPMLLKKHKGFAM28DA,70.2,0.0,8.81,有,
南投市,房地(土地+建物)+車位,南投縣南投市文化路７０７巷１弄６６號五樓之２,32.31,住,,,1120227,土地4建物1車位1,五層,七層,華廈(10層含以下有電梯),住家用,鋼筋混凝土造,1131216,128.94,3,2,2,有,有,8160000,71843,坡道平面,30.67,1100000,預售屋、或土地及建物分件登記案件；,RPORMLKKKHKGFAM18DA,59.04,0.0,7.9,有,
南投市,房地(土地+建物)+車位,南投縣南投市文化路７０７巷１弄６７號五樓之２,37.89,住,,,1120208,土地4建物1車位1,五層,七層,華廈(10層含以下有電梯),住家用,鋼筋混凝土造,1131216,146.62,3,2,2,有,有,9380000,71410,坡道平面,30.67,1100000,預售屋、或土地及建物分件登記案件；,RPOSMLKKKHKGFAM28DA,70.2,0.0,8.81,有,
南投市,房地(土地+建物)+車位,南投縣南投市文化路７０７巷１弄６８號七樓之３,35.05,住,,,1120227,土地4建物1車位1,七層,七層,華廈(10層含以下有電梯),住家用,鋼筋混凝土造,1131216,137.82,3,2,2,有,有,11260000,94820,坡道平面,30.67,1100000,預售屋、或土地及建物分件登記案件；,RPOPMLLKKHKGFAM08DA,68.33,0.0,4.65,有,
南投市,房地(土地+建物)+車位,南投縣南投市文化路７０７巷１弄６５號七樓之２,26.62,住,,,1120227,土地4建物1車位1,七層,七層,華廈(10層含以下有電梯),住家用,鋼筋混凝土造,1131216,111.67,2,2,2,有,有,7470000,78642,坡道平面,30.67,1100000,預售屋、或土地及建物分件登記案件；,RPTPMLLKKHKGFAM58DA,51.98,0.0,3.2,有,
南投市,房地(土地+建物)+車位,南投縣南投市文化路７０７巷１弄６５號七樓之３,26.62,住,,,1120213,土地4建物1車位1,七層,七層,華廈(10層含以下有電梯),住家用,鋼筋混凝土造,1131216,111.92,2,2,2,有,有,7530000,77908,坡道平面,30.67,1200000,預售屋、或土地及建物分件登記案件；,RPUPMLLKKHKGFAM68DA,52.14,0.0,3.2,有,
草屯鎮,房地(土地+建物),南投縣草屯鎮加老路２５５號五樓之１,31.11,,鄉村區,乙種建築用地,1120104,土地2建物1車位0,五層,五層,華廈(10層含以下有電梯),住家用,鋼筋混凝土造,1131017,91.33,2,2,2,有,有,6070000,66462,,0.0,0,預售屋、或土地及建物分件登記案件；,RPPPMLRJKHKGFBM78DA,66.74,0.0,2.97,有,
南投市,房地(土地+建物)+車位,南投縣南投市文化路７０７巷１弄６７號五樓之５,25.57,都市：其他:住宅區,,,1120117,土地4建物1車位1,五層,七層,華廈(10層含以下有電梯),住家用,鋼筋混凝土造,1131216,108.58000000000001,2,2,1,有,有,6660000,72648,坡道平面,30.67,1000000,預售屋、或土地及建物分件登記案件；,RPQNMLLKKHKGFAM08DA,45.94,0.0,7.15,有,
南投市,房地(土地+建物)+車位,南投縣南投市文化路７０７巷１弄６９號一樓之２,26.62,住,,,1111208,土地4建物1車位1,一層,七層,華廈(10層含以下有電梯),住家用,鋼筋混凝土造,1131216,111.91,2,2,2,有,有,7530000,77917,坡道平面,30.67,1200000,預售屋、或土地及建物分件登記案件；,RPVNMLSJKHKGFAM56DA,52.14,0.0,3.2,有,
南投市,房地(土地+建物)+車位,南投縣南投市文化路７０７巷１弄６５號三樓之１,38.81,住,,,1111208,土地4建物1車位1,三層,七層,華廈(10層含以下有電梯),住家用,鋼筋混凝土造,1131216,149.37,3,2,2,有,有,9150000,67818,坡道平面,30.67,1100000,預售屋、或土地及建物分件登記案件；,RPOPMLKKKHKGFAM97DA,72.07,0.0,8.79,有,
南投市,房地(土地+建物)+車位,南投縣南投市文化路７０７巷１弄６６號四樓之２,32.31,住,,,1111203,土地4建物1車位1,四層,七層,華廈(10層含以下有電梯),住家用,鋼筋混凝土造,1131216,128.94,3,2,2,有,有,8000000,70215,坡道平面,30.67,1100000,預售屋、或土地及建物分件登記案件；,RPRPMLKKKHKGFAM28DA,59.04,0.0,7.9,有,
南投市,房地(土地+建物)+車位,南投縣南投市文化路７０７巷１弄６９號五樓之３,26.62,住,,,1111203,土地4建物1車位1,五層,七層,華廈(10層含以下有電梯),住家用,鋼筋混凝土造,1131216,111.67,2,2,2,有,有,6820000,70617,坡道平面,30.67,1100000,預售屋、或土地及建物分件登記案件；,RPWRMLKKKHKGFAM98DA,51.98,0.0,3.2,有,
南投市,房地(土地+建物)+車位,南投縣南投市文化路７０７巷１弄６５號六樓之１,38.81,住,,,1111204,土地4建物1車位1,六層,七層,華廈(10層含以下有電梯),住家用,鋼筋混凝土造,1131216,149.38,3,2,2,有,有,9620000,71772,坡道平面,30.67,1100000,於113.04.13權利讓渡取得。預售屋、或土地及建物分件登記案件；,RPVOMLLKKHKGFAM68DA,72.07,0.0,8.79,有,
南投市,房地(土地+建物)+車位,南投縣南投市文化路７０７巷１弄６７號七樓之３,25.57,住,,,1111229,土地4建物1車位1,七層,七層,華廈(10層含以下有電梯),住家用,鋼筋混凝土造,1131216,108.58000000000001,2,2,1,有,有,7180000,76755,坡道平面,30.67,1200000,預售屋、或土地及建物分件登記案件；,RPRPMLLKKHKGFAM38DA,45.94,0.0,7.15,有,
南投市,房地(土地+建物)+車位,南投縣南投市彰南路二段５９６巷５６弄１１號四樓之５,32.71,都市：其他:住宅區,,,1111010,土地2建物1車位1,四層,五層,華廈(10層含以下有電梯),住家用,鋼筋混凝土造,1131014,107.77000000000001,2,1,2,有,有,8000000,76749,坡道平面,19.17,1200000,,RPRNMLOLJHKGFAM48DA,54.24,0.0,8.78,有,
草屯鎮,房地(土地+建物),南投縣草屯鎮加老路２５５號三樓之６,32.96,,鄉村區,乙種建築用地,1111009,土地2建物1車位0,三層,五層,華廈(10層含以下有電梯),住家用,鋼筋混凝土造,1131017,96.49,2,2,2,有,有,6100000,63219,,0.0,0,預售屋、或土地及建物分件登記案件；,RPTOMLRJKHKGFBM09DA,67.59,0.0,6.02,有,
草屯鎮,房地(土地+建物),南投縣草屯鎮加老路２５５號五樓之７,39.38,,鄉村區,乙種建築用地,1111026,土地2建物1車位0,五層,五層,華廈(10層含以下有電梯),住家用,鋼筋混凝土造,1131017,115.11,3,2,2,有,有,7150000,62114,,0.0,0,預售屋、或土地及建物分件登記案件；,RPUPMLRJKHKGFBM66DA,81.13,0.0,6.67,有,
竹山鎮,房地(土地+建物),南投縣竹山鎮集山路一段１６３３巷２９號四樓之２,24.81,,鄉村區,乙種建築用地,1111022,土地4建物1車位0,四層,七層,華廈(10層含以下有電梯),住家用,鋼筋混凝土造,1140103,84.58,2,2,2,有,有,4680000,55332,,0.0,0,預售屋、或土地及建物分件登記案件；,RPWNMLQJKHKGFDM76DA,57.55,0.0,7.48,有,
竹山鎮,房地(土地+建物)+車位,南投縣竹山鎮集山路一段１６３３巷２９號七樓之２,24.81,,鄉村區,乙種建築用地,1111016,土地4建物1車位1,七層,七層,華廈(10層含以下有電梯),住家用,鋼筋混凝土造,1140103,100.68,2,2,2,有,有,5620000,55820,一樓平面,0.0,0,預售屋、或土地及建物分件登記案件；,RPUOMLQJKHKGFDM66DA,57.55,0.0,7.48,有,
南投市,房地(土地+建物)+車位,南投縣南投市文化路７０７巷１弄６８號六樓之３,63.64,都市：其他:住宅區,,,1110918,土地4建物1車位2,六層,七層,華廈(10層含以下有電梯),住家用,鋼筋混凝土造,1131216,254.84,3,2,3,有,有,16160000,72145,坡道平面,61.34,2200000,預售屋、或土地及建物分件登記案件；,RPXNMLLKKHKGFAM78DA,117.4,0.0,14.44,有,
南投市,房地(土地+建物)+車位,南投縣南投市文化路７０７巷１弄６７號二樓之２,37.89,住,,,1110707,土地4建物1車位1,二層,七層,華廈(10層含以下有電梯),住家用,鋼筋混凝土造,1131216,146.62,3,2,2,有,有,9030000,69254,坡道平面,30.67,1000000,於112.12.10權利讓渡取得。預售屋、或土地及建物分件登記案件；,RPTOMLSJKHKGFAM09DA,70.2,0.0,8.81,有,
竹山鎮,房地(土地+建物)+車位,南投縣竹山鎮集山路一段１６３３巷２９號三樓之２,45.63,,鄉村區,乙種建築用地,1110619,土地4建物1車位1,三層,七層,華廈(10層含以下有電梯),住家用,鋼筋混凝土造,1140103,84.58,2,2,2,有,有,5370000,63490,一樓平面,0.0,0,預售屋、或土地及建物分件登記案件；,RPSNMLRKKHKGFDM66EA,57.55,0.0,7.48,有,
竹山鎮,房地(土地+建物)+車位,南投縣竹山鎮集山路一段１６３３巷２９號五樓之２,24.81,,鄉村區,乙種建築用地,1110617,土地4建物1車位1,五層,七層,華廈(10層含以下有電梯),住家用,鋼筋混凝土造,1140103,100.67,2,2,2,有,有,5380000,53442,一樓平面,0.0,0,預售屋、或土地及建物分件登記案件；,RPPOMLQJKHKGFDM78DA,57.55,0.0,7.48,有,
竹山鎮,房地(土地+建物),南投縣竹山鎮集山路一段１６３３巷２９號六樓之２,24.81,,鄉村區,乙種建築用地,1110617,土地4建物1車位0,六層,七層,華廈(10層含以下有電梯),住家用,鋼筋混凝土造,1140103,84.54,2,2,2,有,有,4580000,54176,,0.0,0,預售屋、或土地及建物分件登記案件；,RPROMLQJKHKGFDM98DA,57.55,0.0,7.48,有,
竹山鎮,房地(土地+建物)+車位,南投縣竹山鎮集山路一段１６３３巷２９號五樓之３,25.08,,鄉村區,乙種建築用地,1110629,土地4建物1車位1,五層,七層,華廈(10層含以下有電梯),住家用,鋼筋混凝土造,1140103,101.93,2,2,2,有,有,5690000,55823,一樓平面,0.0,0,預售屋、或土地及建物分件登記案件；,RPRNMLRKKHKGFDM56EA,59.47,0.0,6.81,有,
竹山鎮,房地(土地+建物)+車位,南投縣竹山鎮集山路一段１６３３巷２９號六樓之３,45.9,,鄉村區,乙種建築用地,1110614,土地4建物1車位1,六層,七層,華廈(10層含以下有電梯),住家用,鋼筋混凝土造,1140103,85.79,2,2,2,有,有,5080000,59214,一樓平面,0.0,0,預售屋、或土地及建物分件登記案件；,RPPNMLSKKHKGFDM09EA,59.47,0.0,6.81,有,
南投市,房地(土地+建物)+車位,南投縣南投市文化路７０７巷１弄６８號二樓之１,31.85,住,,,1110630,土地4建物1車位1,二層,七層,華廈(10層含以下有電梯),住家用,鋼筋混凝土造,1131216,127.48,3,2,2,有,有,7740000,69621,坡道平面,30.67,1000000,預售屋、或土地及建物分件登記案件；,RPOOMLSJKHKGFAM58DA,58.7,0.0,7.25,有,
南投市,房地(土地+建物)+車位,南投縣南投市文化路７０７巷１弄６５號二樓之３,26.62,住,,,1110615,土地4建物1車位1,二層,七層,華廈(10層含以下有電梯),住家用,鋼筋混凝土造,1131216,111.92,2,2,2,有,有,6140000,63877,坡道平面,30.67,950000,預售屋、或土地及建物分件登記案件；,RPSNMLKKKHKGFAM18DA,52.14,0.0,3.2,有,
竹山鎮,房地(土地+建物)+車位,南投縣竹山鎮集山路一段１６３３巷２９號七樓之３,25.08,,鄉村區,乙種建築用地,1110622,土地4建物1車位1,七層,七層,華廈(10層含以下有電梯),住家用,鋼筋混凝土造,1140103,101.93,2,2,2,有,有,5770000,56607,一樓平面,0.0,0,預售屋、或土地及建物分件登記案件；,RPQNMLKKKHKGFDM28DA,59.47,0.0,6.81,有,
南投市,房地(土地+建物)+車位,南投縣南投市文化路７０７巷１弄６７號一樓之５,25.57,住,,,1110530,土地4建物1車位1,一層,七層,華廈(10層含以下有電梯),住家用,鋼筋混凝土造,1131216,108.41,2,2,1,有,有,7350000,80396,坡道平面,30.67,1100000,預售屋、或土地及建物分件登記案件；,RPXNMLSJKHKGFAM76DA,45.94,0.0,7.03,有,
南投市,房地(土地+建物)+車位,南投縣南投市文化路７０７巷１弄６８號二樓之３,31.85,住,,,1110528,土地4建物1車位1,二層,七層,華廈(10層含以下有電梯),住家用,鋼筋混凝土造,1131216,127.36,3,2,2,有,有,7180000,64433,坡道平面,30.67,950000,預售屋、或土地及建物分件登記案件；,RPQOMLSJKHKGFAM78DA,58.7,0.0,7.19,有,
南投市,房地(土地+建物)+車位,南投縣南投市文化路７０７巷１弄６９號三樓之１,40.07,住,,,1110509,土地4建物1車位2,三層,七層,華廈(10層含以下有電梯),住家用,鋼筋混凝土造,1131216,183.87,3,2,2,有,有,10180000,65127,坡道平面,61.34,2200000,預售屋、或土地及建物分件登記案件；,RPROMLKKKHKGFAM18DA,74.69,0.0,8.79,有,
南投市,房地(土地+建物)+車位,南投縣南投市文化路７０７巷１弄６９號六樓之３,26.62,住,,,1110411,土地4建物1車位2,六層,七層,華廈(10層含以下有電梯),住家用,鋼筋混凝土造,1131216,142.34,2,2,2,有,有,7890000,70247,坡道平面,61.34,2200000,預售屋、或土地及建物分件登記案件；,RPQOMLLKKHKGFAM18DA,51.98,0.0,3.2,有,
南投市,房地(土地+建物)+車位,南投縣南投市文化路７０７巷１弄６６號三樓之１,32.31,住,,,1110329,土地4建物1車位1,三層,七層,華廈(10層含以下有電梯),住家用,鋼筋混凝土造,1131216,128.94,3,2,2,有,有,7390000,65025,坡道平面,30.67,1000000,預售屋、或土地及建物分件登記案件；,RPTNMLKKKHKGFAM28DA,59.04,0.0,7.9,有,
南投市,房地(土地+建物)+車位,南投縣南投市文化路７０７巷１弄６９號五樓之１,40.07,住,,,1110327,土地4建物1車位1,五層,七層,華廈(10層含以下有電梯),住家用,鋼筋混凝土造,1131216,153.2,3,2,2,有,有,9480000,68391,坡道平面,30.67,1100000,預售屋、或土地及建物分件登記案件；,RPVRMLKKKHKGFAM88DA,74.69,0.0,8.79,有,
南投市,房地(土地+建物)+車位,南投縣南投市文化路７０７巷１弄６５號六樓之２,26.62,住,,,1110329,土地4建物1車位1,六層,七層,華廈(10層含以下有電梯),住家用,鋼筋混凝土造,1131216,111.67,2,2,2,有,有,6690000,70247,坡道平面,30.67,1000000,預售屋、或土地及建物分件登記案件；,RPXOMLLKKHKGFAM88DA,51.98,0.0,3.2,有,
南投市,房地(土地+建物)+車位,南投縣南投市文化路７０７巷１弄６８號二樓之２,31.85,住,,,1110120,土地4建物1車位1,二層,七層,華廈(10層含以下有電梯),住家用,鋼筋混凝土造,1131216,127.48,3,2,2,有,有,6820000,60118,坡道平面,30.67,1000000,預售屋、或土地及建物分件登記案件；,RPPOMLSJKHKGFAM68DA,58.7,0.0,7.25,有,
南投市,房地(土地+建物)+車位,南投縣南投市文化路７０７巷１弄６８號二樓之５,31.85,住,,,1110111,土地4建物1車位1,二層,七層,華廈(10層含以下有電梯),住家用,鋼筋混凝土造,1131216,127.36,3,2,2,有,有,7060000,62675,坡道平面,30.67,1000000,預售屋、或土地及建物分件登記案件；,RPROMLSJKHKGFAM88DA,58.7,0.0,7.19,有,
南投市,房地(土地+建物)+車位,南投縣南投市文化路７０７巷１弄６５號二樓之１,38.81,住,,,1110118,土地4建物1車位1,二層,七層,華廈(10層含以下有電梯),住家用,鋼筋混凝土造,1131216,149.37,3,2,2,有,有,8350000,61921,坡道平面,30.67,1000000,預售屋、或土地及建物分件登記案件；,RPQNMLKKKHKGFAM97DA,72.07,0.0,8.79,有,
南投市,房地(土地+建物)+車位,南投縣南投市文化路７０７巷１弄６６號三樓之２,32.31,住,,,1110116,土地4建物1車位1,三層,七層,華廈(10層含以下有電梯),住家用,鋼筋混凝土造,1131216,128.94,3,2,2,有,有,7250000,63600,坡道平面,30.67,1000000,於113.08.07權利讓渡取得。預售屋、或土地及建物分件登記案件；,RPUNMLKKKHKGFAM38DA,59.04,0.0,7.9,有,
南投市,房地(土地+建物),南投縣南投市文化路７０７巷１弄６７號二樓之３,25.57,住,,,1110117,土地4建物1車位0,二層,七層,華廈(10層含以下有電梯),住家用,鋼筋混凝土造,1131216,77.9,2,2,1,有,有,4760000,61104,,0.0,0,於113.11.01權利讓渡取得。預售屋、或土地及建物分件登記案件；,RPWPMLLKKHKGFAM88DA,45.94,0.0,7.15,有,
南投市,房地(土地+建物)+車位,南投縣南投市文化路７０７巷１弄６６號三樓之５,32.31,住,,,1110117,土地4建物1車位1,三層,七層,華廈(10層含以下有電梯),住家用,鋼筋混凝土造,1131216,128.94,3,2,2,有,有,7370000,64821,坡道平面,30.67,1000000,預售屋、或土地及建物分件登記案件；,RPWNMLKKKHKGFAM58DA,59.04,0.0,7.9,有,
南投市,房地(土地+建物)+車位,南投縣南投市文化路７０７巷１弄６９號三樓之３,26.62,住,,,1110116,土地4建物1車位2,三層,七層,華廈(10層含以下有電梯),住家用,鋼筋混凝土造,1131216,142.34,2,2,2,有,有,6930000,60864,坡道平面,61.34,2000000,預售屋、或土地及建物分件登記案件；,RPTOMLKKKHKGFAM38DA,51.98,0.0,3.2,有,
南投市,房地(土地+建物)+車位,南投縣南投市文化路７０７巷１弄６６號四樓之３,32.31,住,,,1110120,土地4建物1車位1,四層,七層,華廈(10層含以下有電梯),住家用,鋼筋混凝土造,1131216,128.94,3,2,2,有,有,7380000,63906,坡道平面,30.67,1100000,預售屋、或土地及建物分件登記案件；,RPSPMLKKKHKGFAM38DA,59.04,0.0,7.9,有,
南投市,房地(土地+建物)+車位,南投縣南投市文化路７０７巷１弄６７號四樓之１,37.89,住,,,1110117,土地4建物1車位2,四層,七層,華廈(10層含以下有電梯),住家用,鋼筋混凝土造,1131216,177.3,3,2,2,有,有,9570000,63556,坡道平面,61.34,2200000,於112.03.28加購車位。預售屋、或土地及建物分件登記案件；,RPQQMLKKKHKGFAM28DA,70.2,0.0,8.81,有,
南投市,房地(土地+建物)+車位,南投縣南投市文化路７０７巷１弄６７號四樓之３,25.57,住,,,1110124,土地4建物1車位1,四層,七層,華廈(10層含以下有電梯),住家用,鋼筋混凝土造,1131216,108.58000000000001,2,2,1,有,有,6100000,64177,坡道平面,30.67,1100000,預售屋、或土地及建物分件登記案件；,RPSQMLKKKHKGFAM48DA,45.94,0.0,7.15,有,
南投市,房地(土地+建物)+車位,南投縣南投市文化路７０７巷１弄６５號四樓之２,26.62,都市：其他:住宅區,,,1110120,土地4建物1車位1,四層,七層,華廈(10層含以下有電梯),住家用,鋼筋混凝土造,1131216,111.67,2,2,2,有,有,6160000,62469,坡道平面,30.67,1100000,於111.11.12加購車位。預售屋、或土地及建物分件登記案件；,RPVQMLKKKHKGFAM78DA,51.98,0.0,3.2,有,
南投市,房地(土地+建物)+車位,南投縣南投市文化路７０７巷１弄６５號四樓之３,26.62,住,,,1110104,土地4建物1車位1,四層,七層,華廈(10層含以下有電梯),住家用,鋼筋混凝土造,1131216,111.92,2,2,2,有,有,6060000,62277,坡道平面,30.67,1000000,預售屋、或土地及建物分件登記案件；,RPWQMLKKKHKGFAM88DA,52.14,0.0,3.2,有,
南投市,房地(土地+建物)+車位,南投縣南投市文化路７０７巷１弄６５號五樓之２,26.62,住,,,1110105,土地4建物1車位1,五層,七層,華廈(10層含以下有電梯),住家用,鋼筋混凝土造,1131216,111.67,2,2,2,有,有,6280000,65185,坡道平面,30.67,1000000,預售屋、或土地及建物分件登記案件；,RPSNMLLKKHKGFAM28DA,51.98,0.0,3.2,有,
南投市,房地(土地+建物)+車位,南投縣南投市文化路７０７巷１弄６５號五樓之３,26.62,住,,,1110105,土地4建物1車位1,五層,七層,華廈(10層含以下有電梯),住家用,鋼筋混凝土造,1131216,111.92,2,2,2,有,有,6280000,64985,坡道平面,30.67,1000000,預售屋、或土地及建物分件登記案件；,RPTNMLLKKHKGFAM38DA,52.14,0.0,3.2,有,
南投市,房地(土地+建物)+車位,南投縣南投市文化路７０７巷１弄６７號一樓之３,25.57,住,,,1101230,土地4建物1車位2,一層,七層,華廈(10層含以下有電梯),住家用,鋼筋混凝土造,1131216,139.09,2,2,1,有,有,7990000,77042,坡道平面,61.34,2000000,預售屋、或土地及建物分件登記案件；,RPWNMLSJKHKGFAM66DA,45.94,0.0,7.03,有,
南投市,房地(土地+建物)+車位,南投縣南投市文化路７０７巷１弄６６號三樓之３,32.31,住,,,1101203,土地4建物1車位1,三層,七層,華廈(10層含以下有電梯),住家用,鋼筋混凝土造,1131216,128.94,3,2,2,有,有,7200000,63091,坡道平面,30.67,1000000,預售屋、或土地及建物分件登記案件；,RPVNMLKKKHKGFAM48DA,59.04,0.0,7.9,有,
南投市,房地(土地+建物)+車位,南投縣南投市文化路７０７巷１弄６８號三樓之３,31.82,住,,,1101203,土地4建物1車位1,三層,七層,華廈(10層含以下有電梯),住家用,鋼筋混凝土造,1131216,127.36,3,2,2,有,有,6820000,60192,坡道平面,30.67,1000000,於112.02.10權利讓渡取得。預售屋、或土地及建物分件登記案件；,RPPOMLKKKHKGFAM97DA,58.7,0.0,7.19,有,
南投市,房地(土地+建物)+車位,南投縣南投市文化路７０７巷１弄６９號三樓之２,26.62,住,,,1101213,土地4建物1車位1,三層,七層,華廈(10層含以下有電梯),住家用,鋼筋混凝土造,1131216,111.92,2,2,2,有,有,5960000,61046,坡道平面,30.67,1000000,預售屋、或土地及建物分件登記案件；,RPSOMLKKKHKGFAM28DA,52.14,0.0,3.2,有,
南投市,房地(土地+建物)+車位,南投縣南投市文化路７０７巷１弄６５號三樓之２,26.62,住,,,1101217,土地4建物1車位1,三層,七層,華廈(10層含以下有電梯),住家用,鋼筋混凝土造,1131216,111.67,2,2,2,有,有,5990000,61605,坡道平面,30.67,1000000,預售屋、或土地及建物分件登記案件；,RPPPMLKKKHKGFAM08DA,51.98,0.0,3.2,有,
南投市,房地(土地+建物)+車位,南投縣南投市文化路７０７巷１弄６８號四樓之２,31.82,住,,,1101222,土地4建物1車位1,四層,七層,華廈(10層含以下有電梯),住家用,鋼筋混凝土造,1131216,127.48,3,2,2,有,有,7110000,62080,坡道平面,30.67,1100000,預售屋、或土地及建物分件登記案件；,RPUPMLKKKHKGFAM58DA,58.7,0.0,7.25,有,
南投市,房地(土地+建物)+車位,南投縣南投市文化路７０７巷１弄６８號四樓之３,31.82,住,,,1101206,土地4建物1車位1,四層,七層,華廈(10層含以下有電梯),住家用,鋼筋混凝土造,1131216,127.42,3,2,2,有,有,7080000,62842,坡道平面,30.67,1000000,預售屋、或土地及建物分件登記案件；,RPVPMLKKKHKGFAM68DA,58.7,0.0,7.19,有,
南投市,房地(土地+建物)+車位,南投縣南投市文化路７０７巷１弄６８號四樓之５,31.82,住,,,1101206,土地4建物1車位2,四層,七層,華廈(10層含以下有電梯),住家用,鋼筋混凝土造,1131216,158.1,3,2,2,有,有,8080000,62836,坡道平面,61.34,2000000,預售屋、或土地及建物分件登記案件；,RPWPMLKKKHKGFAM78DA,58.7,0.0,7.19,有,
南投市,房地(土地+建物)+車位,南投縣南投市文化路７０７巷１弄６６號五樓之１,32.31,住,,,1101225,土地4建物1車位2,五層,七層,華廈(10層含以下有電梯),住家用,鋼筋混凝土造,1131216,159.62,3,2,2,有,有,8670000,65832,坡道平面,61.34,2200000,預售屋、或土地及建物分件登記案件；,RPXQMLKKKHKGFAM98DA,59.04,0.0,7.9,有,
南投市,房地(土地+建物)+車位,南投縣南投市文化路７０７巷１弄６７號五樓之３,25.57,都市：其他:住宅區,,,1101201,土地4建物1車位2,五層,七層,華廈(10層含以下有電梯),住家用,鋼筋混凝土造,1131216,139.26,2,2,1,有,有,7110000,65580,坡道平面,61.34,2000000,於111年加購車位預售屋、或土地及建物分件登記案件；,RPPNMLLKKHKGFAM97DA,45.94,0.0,7.15,有,
南投市,房地(土地+建物)+車位,南投縣南投市文化路７０７巷１弄６９號二樓之３,26.62,住,,,1101121,土地4建物1車位1,二層,七層,華廈(10層含以下有電梯),住家用,鋼筋混凝土造,1131216,111.67,2,2,2,有,有,5520000,54568,坡道平面,30.67,1100000,預售屋、或土地及建物分件登記案件；,RPSOMLSJKHKGFAM98DA,51.98,0.0,3.2,有,
南投市,房地(土地+建物)+車位,南投縣南投市文化路７０７巷１弄６５號二樓之２,26.62,住,,,1101119,土地4建物1車位1,二層,七層,華廈(10層含以下有電梯),住家用,鋼筋混凝土造,1131216,111.67,2,2,2,有,有,5370000,53951,坡道平面,30.67,1000000,預售屋、或土地及建物分件登記案件；,RPRNMLKKKHKGFAM08DA,51.98,0.0,3.2,有,
南投市,房地(土地+建物)+車位,南投縣南投市文化路７０７巷１弄６８號三樓之１,31.82,住,,,1101126,土地4建物1車位1,三層,七層,華廈(10層含以下有電梯),住家用,鋼筋混凝土造,1131216,127.48,3,2,2,有,有,6660000,58465,坡道平面,30.67,1000000,預售屋、或土地及建物分件登記案件；,RPXNMLKKKHKGFAM68DA,58.7,0.0,7.25,有,
南投市,房地(土地+建物)+車位,南投縣南投市文化路７０７巷１弄６８號三樓之２,31.82,住,,,1101122,土地4建物1車位1,三層,七層,華廈(10層含以下有電梯),住家用,鋼筋混凝土造,1131216,127.48,3,2,2,有,有,6360000,55366,坡道平面,30.67,1000000,預售屋、或土地及建物分件登記案件；,RPOOMLKKKHKGFAM87DA,58.7,0.0,7.25,有,
南投市,房地(土地+建物)+車位,南投縣南投市文化路７０７巷１弄６８號三樓之５,31.82,住,,,1101123,土地4建物1車位1,三層,七層,華廈(10層含以下有電梯),住家用,鋼筋混凝土造,1131216,127.42,3,2,2,有,有,6870000,59638,坡道平面,30.67,1100000,於111.04.20權利讓渡取得。預售屋、或土地及建物分件登記案件；,RPQOMLKKKHKGFAM08DA,58.7,0.0,7.19,有,
南投市,房地(土地+建物)+車位,南投縣南投市文化路７０７巷１弄６７號三樓之１,37.89,住,,,1101125,土地4建物1車位1,三層,七層,華廈(10層含以下有電梯),住家用,鋼筋混凝土造,1131216,146.62,3,2,2,有,有,8000000,59508,坡道平面,30.67,1100000,預售屋、或土地及建物分件登記案件；,RPUOMLKKKHKGFAM48DA,70.2,0.0,8.81,有,
南投市,房地(土地+建物)+車位,南投縣南投市文化路７０７巷１弄６７號三樓之３,25.57,住,,,1101119,土地4建物1車位1,三層,七層,華廈(10層含以下有電梯),住家用,鋼筋混凝土造,1131216,108.58000000000001,2,2,1,有,有,5260000,54678,坡道平面,30.67,1000000,於113.04.26權利讓渡取得。預售屋、或土地及建物分件登記案件；,RPWOMLKKKHKGFAM68DA,45.94,0.0,7.15,有,
南投市,房地(土地+建物)+車位,南投縣南投市文化路７０７巷１弄６７號三樓之５,25.57,住,,,1101121,土地4建物1車位1,三層,七層,華廈(10層含以下有電梯),住家用,鋼筋混凝土造,1131216,108.58000000000001,2,2,1,有,有,5600000,59042,坡道平面,30.67,1000000,預售屋、或土地及建物分件登記案件；,RPXOMLKKKHKGFAM78DA,45.94,0.0,7.15,有,
南投市,房地(土地+建物)+車位,南投縣南投市文化路７０７巷１弄６８號四樓之１,31.82,住,,,1101125,土地4建物1車位2,四層,七層,華廈(10層含以下有電梯),住家用,鋼筋混凝土造,1131216,158.16,3,2,2,有,有,8090000,59802,坡道平面,61.34,2300000,於113.06.11加購車位。預售屋、或土地及建物分件登記案件；,RPTPMLKKKHKGFAM48DA,58.7,0.0,7.25,有,
南投市,房地(土地+建物)+車位,南投縣南投市文化路７０７巷１弄６９號四樓之２,26.62,都市：其他:住宅區,,,1101118,土地4建物1車位1,四層,七層,華廈(10層含以下有電梯),住家用,鋼筋混凝土造,1131216,111.92,2,2,2,有,有,5850000,59692,坡道平面,30.67,1000000,預售屋、或土地及建物分件登記案件；,RPOQMLKKKHKGFAM08DA,52.14,0.0,3.2,有,
南投市,房地(土地+建物)+車位,南投縣南投市文化路７０７巷１弄６９號四樓之３,26.62,住,,,1101130,土地4建物1車位1,四層,七層,華廈(10層含以下有電梯),住家用,鋼筋混凝土造,1131216,111.67,2,2,2,有,有,5910000,60617,坡道平面,30.67,1000000,預售屋、或土地及建物分件登記案件；,RPPQMLKKKHKGFAM18DA,51.98,0.0,3.2,有,
南投市,房地(土地+建物)+車位,南投縣南投市文化路７０７巷１弄６５號四樓之１,38.81,住,,,1101119,土地4建物1車位1,四層,七層,華廈(10層含以下有電梯),住家用,鋼筋混凝土造,1131216,149.37,3,2,2,有,有,8170000,60404,坡道平面,30.67,1000000,預售屋、或土地及建物分件登記案件；,RPUQMLKKKHKGFAM68DA,72.07,0.0,8.79,有,
南投市,房地(土地+建物)+車位,南投縣南投市文化路７０７巷１弄６６號五樓之３,32.31,住,,,1101118,土地4建物1車位1,五層,七層,華廈(10層含以下有電梯),住家用,鋼筋混凝土造,1131216,128.94,3,2,2,有,有,6630000,57291,坡道平面,30.67,1000000,預售屋、或土地及建物分件登記案件；,RPPRMLKKKHKGFAM28DA,59.04,0.0,7.9,有,
南投市,房地(土地+建物)+車位,南投縣南投市文化路７０７巷１弄６６號五樓之５,32.31,住,,,1101129,土地4建物1車位1,五層,七層,華廈(10層含以下有電梯),住家用,鋼筋混凝土造,1131216,128.94,3,2,2,有,有,7180000,62888,坡道平面,30.67,1000000,預售屋、或土地及建物分件登記案件；,RPQRMLKKKHKGFAM38DA,59.04,0.0,7.9,有,
南投市,房地(土地+建物)+車位,南投縣南投市文化路７０７巷１弄６８號五樓之１,31.82,住,,,1101118,土地4建物1車位1,五層,七層,華廈(10層含以下有電梯),住家用,鋼筋混凝土造,1131216,127.48,3,2,2,有,有,6550000,57329,坡道平面,30.67,1000000,預售屋、或土地及建物分件登記案件；,RPRRMLKKKHKGFAM48DA,58.7,0.0,7.25,有,
南投市,房地(土地+建物)+車位,南投縣南投市文化路７０７巷１弄６８號五樓之２,31.82,住,,,1101122,土地4建物1車位1,五層,七層,華廈(10層含以下有電梯),住家用,鋼筋混凝土造,1131216,127.48,3,2,2,有,有,7030000,61254,坡道平面,30.67,1100000,預售屋、或土地及建物分件登記案件；,RPSRMLKKKHKGFAM58DA,58.7,0.0,7.25,有,
南投市,房地(土地+建物)+車位,南投縣南投市文化路７０７巷１弄６５號五樓之１,38.81,住,,,1101125,土地4建物1車位1,五層,七層,華廈(10層含以下有電梯),住家用,鋼筋混凝土造,1131216,149.37,3,2,2,有,有,8500000,62342,坡道平面,30.67,1100000,預售屋、或土地及建物分件登記案件；,RPRNMLLKKHKGFAM18DA,72.07,0.0,8.79,有,
南投市,房地(土地+建物)+車位,南投縣南投市文化路７０７巷１弄６６號六樓之２,32.31,住,,,1101126,土地4建物1車位1,六層,七層,華廈(10層含以下有電梯),住家用,鋼筋混凝土造,1131216,128.94,3,2,2,有,有,7560000,65737,坡道平面,30.67,1100000,預售屋、或土地及建物分件登記案件；,RPUNMLLKKHKGFAM48DA,59.04,0.0,7.9,有,
南投市,房地(土地+建物)+車位,南投縣南投市文化路７０７巷１弄６６號六樓之３,32.31,住,,,1101120,土地4建物1車位1,六層,七層,華廈(10層含以下有電梯),住家用,鋼筋混凝土造,1131216,128.94,3,2,2,有,有,7480000,64923,坡道平面,30.67,1100000,預售屋、或土地及建物分件登記案件；,RPVNMLLKKHKGFAM58DA,59.04,0.0,7.9,有,
南投市,房地(土地+建物)+車位,南投縣南投市文化路７０７巷１弄６８號六樓之１,31.82,住,,,1101116,土地4建物1車位1,六層,七層,華廈(10層含以下有電梯),住家用,鋼筋混凝土造,1131216,127.48,3,2,2,有,有,6800000,58878,坡道平面,30.67,1100000,預售屋、或土地及建物分件登記案件；,RPWNMLLKKHKGFAM68DA,58.7,0.0,7.25,有,
南投市,房地(土地+建物)+車位,南投縣南投市文化路７０７巷１弄６７號六樓之１,37.89,住,,,1101116,土地4建物1車位1,六層,七層,華廈(10層含以下有電梯),住家用,鋼筋混凝土造,1131216,146.62,3,2,2,有,有,7980000,59336,坡道平面,30.67,1100000,預售屋、或土地及建物分件登記案件；,RPROMLLKKHKGFAM28DA,70.2,0.0,8.81,有,
南投市,房地(土地+建物)+車位,南投縣南投市文化路７０７巷１弄６７號六樓之２,37.89,住,,,1101116,土地4建物1車位2,六層,七層,華廈(10層含以下有電梯),住家用,鋼筋混凝土造,1131216,177.3,3,2,2,有,有,9080000,59331,坡道平面,61.34,2200000,預售屋、或土地及建物分件登記案件；,RPTOMLLKKHKGFAM48DA,70.2,0.0,8.81,有,
南投市,房地(土地+建物)+車位,南投縣南投市文化路７０７巷１弄６８號五樓之５,31.82,住,,,1101119,土地4建物1車位1,五層,七層,華廈(10層含以下有電梯),住家用,鋼筋混凝土造,1131216,127.42,3,2,2,有,有,6550000,57364,坡道平面,30.67,1000000,預售屋、或土地及建物分件登記案件；,RPPNMLMKKHKGFAM08DA,58.7,0.0,7.19,有,
