﻿編號,屋齡,建物移轉面積平方公尺,主要用途,主要建材,建築完成日期,總層數,建物分層,移轉情形
The serial number,room age,building shifting area square meter,the main use,main building materials,construction completes the date,total layer,building lamination,
RPPNMLQKJHKGFCM68CC,40,166.18,農舍,鋼筋混凝土加強磚造,73年11月10日,二層,,
RPRNMLOKJHKGFCM68CC,39,106.98,店舖、住宅、人行道,鋼筋混凝土造,74年11月27日,二層,,
RPPNMLRJKHKGFCM78CC,53,59.60,住商用,鋼筋混凝土加強磚造,61年3月31日,二層,,
RPWNMLRKJHKGFBM76CC,9,23.72,集合住宅,鋼筋混凝土造,104年8月25日,七層,,
RPWNMLRKJHKGFBM76CC,9,14.03,人行道、台電配電室、電信室、發電機室、梯間、機房、管委會空間、防空避難室兼停車空間、水箱,鋼筋混凝土造,104年8月25日,七層,,
RPRNMLRKJHKGFBM88CC,9,23.72,集合住宅,鋼筋混凝土造,104年8月25日,七層,,
RPRNMLRKJHKGFBM88CC,9,13.68,人行道、台電配電室、電信室、發電機室、梯間、機房、管委會空間、防空避難室兼停車空間、水箱,鋼筋混凝土造,104年8月25日,七層,,
RPPNMLRKJHKGFBM68CC,36,170.53,住商用,鋼筋混凝土造,78年2月20日,三層,,
RPPNMLRJKHKGFAM58CC,27,85.48,住家用,鋼筋混凝土造,86年9月19日,十四層,,
RPPNMLQKJHKGFAM48CC,30,157.38,住家用,鋼筋混凝土造,84年3月11日,三層,,
RPPNMLRJKHKGFAM58CC,27,21.83,梯廳、走道、防空避難室、水箱受電室、機房,鋼筋混凝土造,86年9月19日,十四層,,
RPPNMLRJKHKGFAM58CC,27,16.90,停車空間,鋼筋混凝土造,86年9月19日,十四層,,
RPPNMLSJKHKGFAM68CC,1,717.92,農業設施〔菇類栽培場〕,鋼骨造,113年3月27日,一層,,
