﻿編號,屋齡,建物移轉面積平方公尺,主要用途,主要建材,建築完成日期,總層數,建物分層,移轉情形
The serial number,room age,building shifting area square meter,the main use,main building materials,construction completes the date,total layer,building lamination,
RPPNMLSJKHKGFCM78DA,36,99.49,人行道、住宅,鋼筋混凝土造,77年8月15日,二層,一層 二層 騎樓,持分移轉
RPPNMLLKKHKGFCM18DA,1,68.29,集合住宅,ＲＣ造,112年9月5日,十五層,三層 陽台,全筆移轉
RPPNMLLKKHKGFCM18DA,1,61.98,本共有部分之項目有停車空間、發電機房、電信室、台電配電室、樓梯間、電梯間、消防機房、汙水機房、水箱、Ｈ２管理委員會空間、公共服務空間、資源回收室、機房、電梯機房等１４項,ＲＣ造,112年9月5日,十五層,,持分移轉
RPWNMLQKJHKGFDM76DA,44,99.82,住商用,鋼筋混凝土加強磚造,69年12月27日,二層,一層 二層 騎樓,全筆移轉
RPSNMLLLJHKGFCM48DA,34,14.63,商業用,鋼筋混凝土造,80年4月12日,六層,二層,全筆移轉
RPSNMLLLJHKGFCM48DA,34,8.01,商業用,鋼筋混凝土造,80年4月12日,六層,二層,全筆移轉
RPSNMLLLJHKGFCM48DA,34,14.02,商業用,混凝土造,80年4月12日,六層,三層,全筆移轉
RPSNMLLLJHKGFCM48DA,34,16.06,商業用,鋼筋混凝土造,80年4月12日,六層,三層,全筆移轉
RPSNMLLLJHKGFCM48DA,34,8.63,公共設施,鋼筋混凝土造,80年4月12日,六層,,持分移轉
RPSNMLLLJHKGFCM48DA,34,9.96,公共設施,鋼筋混凝土造,80年4月12日,六層,,持分移轉
RPSNMLLLJHKGFCM48DA,34,6.37,公共設施,鋼筋混凝土造,80年4月12日,六層,,持分移轉
RPSNMLLLJHKGFCM48DA,34,9.20,公共設施,鋼筋混凝土造,80年4月12日,六層,,持分移轉
RPSNMLLLJHKGFCM48DA,34,14.18,走道,鋼筋混凝土造,80年4月12日,六層,,持分移轉
RPSNMLLLJHKGFCM48DA,34,12.38,走道,鋼筋混凝土造,80年4月12日,六層,,持分移轉
RPSNMLLLJHKGFCM48DA,34,13.55,走道,鋼筋混凝土造,80年4月12日,六層,,持分移轉
RPSNMLLLJHKGFCM48DA,34,7.39,走道,鋼筋混凝土造,80年4月12日,六層,,持分移轉
RPWNMLNKKHKGFAM88DA,32,161.16,住家用,鋼筋混凝土造,82年3月20日,四層,一層 二層 三層 四層,全筆移轉
RPPNMLNKKHKGFAM18DA,28,68.75,住家用,鋼筋混凝土造,85年11月30日,七層,五層 陽台,全筆移轉
RPPNMLNKKHKGFAM18DA,28,15.56,,鋼筋混凝土造,85年11月30日,七層,,持分移轉
RPPNMLNKKHKGFAM18DA,28,5.96,,鋼筋混凝土造,85年11月30日,七層,,持分移轉
RPQNMLPJKHKGFAM38DA,31,14.15,住家用,鋼筋混凝土造,83年4月27日,五層,一層 見其他登記事項,全筆移轉
RPQNMLPJKHKGFAM38DA,31,4.20,住家用,鋼筋混凝土造,83年4月27日,五層,,持分移轉
RPQNMLOKKHKGFCM58DA,39,60.13,住家用,鋼筋混凝土造,74年12月18日,二層,一層 二層 騎樓,持分移轉
RPPNMLOKKHKGFAM38EA,2,193.76,住宅、停車空間,鋼筋混凝土造,112年5月30日,四層,一層 二層 三層 四層 陽台,全筆移轉
RPSNMLKLJHKGFAM18DA,1,88.71,集合住宅,鋼筋混凝土造,113年3月26日,十五層,七層 陽台,全筆移轉
RPSNMLKLJHKGFAM18DA,1,73.34,停車空間、車道、污水機房、水箱、消防機房、排煙室、一般昇降機（無障礙）、緊急昇降機、丙梯、防空避難室兼停車空間、台電配電室、電信室、緊急發電機室、管委會空間、梯廳、甲梯（戶外安全，無障礙）、乙梯（戶外安全）、水錶室、乙梯、機械室、樓梯間等２１項。,鋼筋混凝土造,113年3月26日,十五層,,持分移轉
RPPNMLSKKHKGFAM68DA,16,29.16,住家用,鋼骨造,98年1月21日,三層,三層,全筆移轉
RPPNMLSKKHKGFAM68DA,16,18.62,住家用,鋼骨造,98年1月21日,四層,,持分移轉
RPRNMLRKKHKGFDM09DA,26,94.37,國民住宅,鋼筋混凝土造,87年11月17日,八層,七層 陽台,全筆移轉
RPRNMLRKKHKGFDM09DA,26,31.52,防空避難室，停車空間梯間，門廳，社區辦公室,鋼筋混凝土造,87年11月17日,八層,,持分移轉
RPPNMLNKKHKGFCM38DA,51,90.77,住家用,鋼筋混凝土加強磚造,62年7月30日,二層,一層 二層 騎樓,全筆移轉
RPSNMLRLKIJGFCM56DA,,45.48,集合住宅,ＲＣ造,113年9月25日,七層,四層 陽台,全筆移轉
RPSNMLRLKIJGFCM56DA,,42.62,消防機房兼發電機室、電信室、台電配電室、水箱、停車空間、樓梯間、梯廳、電梯機房等８項,ＲＣ造,113年9月25日,七層,,持分移轉
RPUNMLRJKHKGFBM09DA,41,193.87,住家用,鋼筋混凝土造,72年9月27日,二層,一層 二層 陽台 屋頂突出物,全筆移轉
RPWNMLOKJHKGFAM88DA,33,186.75,住商用,鋼筋混凝土造,80年9月26日,三層,一層 二層 三層 騎樓,全筆移轉
RPPNMLSJKHKGFAM58DA,31,1.39,辦公室,鋼筋混凝土造,83年3月31日,四層,,持分移轉
RPPNMLSJKHKGFAM58DA,31,169.59,住家用,鋼筋混凝土造,83年3月31日,四層,一層 二層 三層 四層 陽台 平台,全筆移轉
RPSNMLRJJHKGFBM78DA,42,119.08,住商用,鋼筋混凝土造,71年12月13日,二層,一層 二層 騎樓,全筆移轉
RPSNMLQJJHKGFBM68DA,33,120.69,住家用,鋼筋混凝土造,81年6月3日,三層,一層 二層 三層 陽台,全筆移轉
RPRNMLRJKHKGFEM09DA,34,181.29,住家用,鋼筋混凝土造,80年3月14日,二層,一層 二層 騎樓,全筆移轉
RPTNMLLKJHKGFCM48DA,20,153.52,住家用,鋼筋混凝土造,93年10月1日,四層,一層 二層 三層 四層 陽台,全筆移轉
RPTNMLKKKHKGFCM48DA,31,132.84,住家用,鋼筋混凝土造,82年12月23日,三層,一層 二層 三層,全筆移轉
RPRNMLRJKHKGFCM88DA,49,56.88,住家用,磚造,65年6月17日,一層,一層,全筆移轉
RPPNMLQLKIJGFCM78DA,31,74.64,集合住宅,鋼筋混凝土造,83年1月14日,十一層,七層 陽台 花台,全筆移轉
RPPNMLQLKIJGFCM78DA,31,37.38,１﹒停車空間、防空避難室  ２﹒梯間、機械室、水箱,鋼筋混凝土造,83年1月14日,十一層,,持分移轉
RPPNMLOKKHKGFBM38DA,47,121.50,住家用,加強磚造,,二層,一層 二層,全筆移轉
RPUOMLSJKHKGFAM56DA,30,172.05,農舍,鋼筋混凝土造,83年10月24日,三層,一層 二層 三層,全筆移轉
RPRNMLNJKHKGFBM38DA,33,181.78,住商用,鋼筋混凝土造,80年10月22日,四層,一層 二層 三層 四層 陽台 騎樓,全筆移轉
RPRNMLLKJHKGFCM28DA,1,73.88,集合住宅、樓梯間,ＲＣ造,113年4月25日,五層,五層 陽台,全筆移轉
RPRNMLLKJHKGFCM28DA,1,49.77,本共有部分之項目有停車空間及樓梯間等２項,ＲＣ造,113年4月25日,五層,,持分移轉
RPPNMLRJKHKGFEM88DA,44,92.10,住家用,鋼筋混凝土加強磚造,69年9月16日,二層,一層 二層,全筆移轉
RPUNMLLKKHKGFCM68DA,37,103.74,住商用,鋼筋混凝土造,77年2月11日,二層,一層 二層 騎樓,全筆移轉
RPUNMLLLJHKGFCM68DA,50,89.53,住家用,鋼筋混凝土加強磚造,64年5月13日,二層,一層 二層,全筆移轉
RPPNMLOKKHKGFEM78EA,30,143.39,住家用,鋼筋混凝土造,83年11月21日,三層,一層 二層 三層,全筆移轉
RPSNMLNLJHKGFAM48DA,45,85.32,住家用,鋼筋混凝土加強磚造,69年1月21日,二層,一層 二層,全筆移轉
RPUNMLLKJHKGFCM58DA,36,540.62,住商用,鋼筋混凝土造,78年4月18日,五層,一層 二層 三層 四層 五層 騎樓,全筆移轉
RPSNMLNKKHKGFCM68DA,55,48.85,住家用,鋼筋混凝土加強磚造,58年5月15日,一層,一層,全筆移轉
RPQNMLOLJHKGFAM38DA,,65.38,集合住宅,鋼筋混凝土造,113年10月14日,五層,三層 陽台,全筆移轉
RPQNMLOLJHKGFAM38DA,,47.97,停車空間、發電機房、汙水機房、消防機房、電信室、樓梯間、電梯間、機房、水箱、台電配電室,鋼筋混凝土造,113年10月14日,五層,,持分移轉
RPSNMLNLJHKGFBM58DA,32,99.21,住家用,鋼筋混凝土造,81年10月30日,三層,一層 二層 三層 陽台 平台 花台,全筆移轉
RPPNMLRKKHKGFAM58DA,29,88.39,住家用,鋼筋混凝土造,84年2月16日,十三層,十三層 陽台,全筆移轉
RPPNMLRKKHKGFAM58DA,29,23.37,辦公室、康樂室、電梯、門廳、機房、水箱、平臺、瞭望臺、梯間、變電室、機械室,鋼筋混凝土造,84年2月16日,十三層,,持分移轉
RPPNMLTKKHKGFEM56DA,2,151.60,住家用,ＲＣ造,111年7月15日,四層,一層 二層 三層 四層 陽台,全筆移轉
RPQNMLKMKIJGFBM28DA,,229.94,住宅、樓梯間、電梯間、水箱,鋼筋混凝土造,113年7月18日,三層,一層 二層 三層 陽台 見其他登記事項,全筆移轉
RPRNMLQJKHKGFDM88DA,,66.28,集合住宅,鋼筋混凝土造,114年1月3日,七層,二層 陽台,全筆移轉
RPRNMLQJKHKGFDM88DA,,19.55,本共有部分之項目有梯廳、私設通路、外廊、電信室、樓梯間、電梯、消防機房兼發電機室等８項,鋼筋混凝土造,114年1月3日,七層,,持分移轉
RPQNMLNKJHKGFCM38DA,2,2245.76,畜牧設施（雞舍、管理室、倉儲、堆肥舍）,鋼骨造有牆,111年5月27日,一層,一層,全筆移轉
RPUNMLOLJHKGFAM78DA,,41.85,集合住宅,鋼筋混凝土造,113年10月14日,五層,四層,全筆移轉
RPUNMLOLJHKGFAM78DA,,38.79,停車空間、發電機房、汙水機房、消防機房、電信室、樓梯間、電梯間、機房、水箱、台電配電室,鋼筋混凝土造,113年10月14日,五層,,持分移轉
RPSNMLOLJHKGFAM58DA,,57.41,集合住宅,鋼筋混凝土造,113年10月14日,五層,五層 陽台,全筆移轉
RPSNMLOLJHKGFAM58DA,,62.95,停車空間、發電機房、汙水機房、消防機房、電信室、樓梯間、電梯間、機房、水箱、台電配電室,鋼筋混凝土造,113年10月14日,五層,,持分移轉
RPTNMLOLJHKGFAM68DA,,51.51,集合住宅,鋼筋混凝土造,113年10月14日,五層,三層 陽台,全筆移轉
RPTNMLOLJHKGFAM68DA,,42.41,停車空間、發電機房、汙水機房、消防機房、電信室、樓梯間、電梯間、機房、水箱、台電配電室,鋼筋混凝土造,113年10月14日,五層,,持分移轉
RPTPMLRJKHKGFBM56DA,,73.82,集合住宅,鋼筋混凝土造,113年10月17日,五層,五層 陽台,全筆移轉
RPTPMLRJKHKGFBM56DA,,22.88,本共有部分之項目有管理委員會空間、機電空間、樓梯間及水箱間等４項,鋼筋混凝土造,113年10月17日,五層,,持分移轉
RPSNMLQJKHKGFDM98DA,,65.57,集合住宅,鋼筋混凝土造,114年1月3日,七層,三層 陽台,全筆移轉
RPSNMLQJKHKGFDM98DA,,19.55,本共有部分之項目有梯廳、私設通路、外廊、電信室、樓梯間、電梯、消防機房兼發電機室等８項,鋼筋混凝土造,114年1月3日,七層,,持分移轉
RPSPMLRJKHKGFBM09DA,,74.11,集合住宅,鋼筋混凝土造,113年10月17日,五層,五層 陽台,全筆移轉
RPSPMLRJKHKGFBM09DA,,22.95,本共有部分之項目有管理委員會空間、機電空間、樓梯間及水箱間等４項,鋼筋混凝土造,113年10月17日,五層,,持分移轉
RPQNMLQJKHKGFDM78DA,,65.03,集合住宅,鋼筋混凝土造,114年1月3日,七層,二層 陽台,全筆移轉
RPQNMLQJKHKGFDM78DA,,19.55,本共有部分之項目有梯廳、私設通路、外廊、電信室、樓梯間、電梯、消防機房兼發電機室等８項,鋼筋混凝土造,114年1月3日,七層,,持分移轉
RPXNMLNJJHKGFCM98DA,,43.74,集合住宅,ＲＣ造,113年9月25日,七層,五層 陽台,全筆移轉
RPXNMLNJJHKGFCM98DA,,23.43,消防機房兼發電機室、電信室、台電配電室、水箱、停車空間、樓梯間、梯廳、電梯機房等８項,ＲＣ造,113年9月25日,七層,,持分移轉
RPRNMLRJKHKGFBM78DA,,88.44,集合住宅,鋼筋混凝土造,113年10月17日,五層,一層 見其他登記事項,全筆移轉
RPRNMLRJKHKGFBM78DA,,24.20,本共有部分之項目有管理委員會空間、機電空間、樓梯間及水箱間等４項,鋼筋混凝土造,113年10月17日,五層,,持分移轉
RPWNMLNJKHKGFBM88DA,,60.04,集合住宅,鋼筋混凝土造,113年11月6日,十五層,十三層 陽台,全筆移轉
RPWNMLNJKHKGFBM88DA,,66.23,本共有部分之項目有停車空間、機電空間、防空避難室、台電配電室、梯廳、排煙室、公共服務空間、管委會、車道及機械室等１０項,鋼筋混凝土造,113年11月6日,十五層,,持分移轉
RPSNMLRJKHKGFBM88DA,,96.34,集合住宅,鋼筋混凝土造,113年10月17日,五層,一層 見其他登記事項,全筆移轉
RPSNMLRJKHKGFBM88DA,,26.32,本共有部分之項目有管理委員會空間、機電空間、樓梯間及水箱間等４項,鋼筋混凝土造,113年10月17日,五層,,持分移轉
RPTNMLRJKHKGFBM98DA,,69.46,集合住宅,鋼筋混凝土造,113年10月17日,五層,二層 陽台,全筆移轉
RPTNMLRJKHKGFBM98DA,,21.62,本共有部分之項目有管理委員會空間、機電空間、樓梯間及水箱間等４項,鋼筋混凝土造,113年10月17日,五層,,持分移轉
RPRNMLQJJHKGFAM48DA,37,133.40,住家用,鋼筋混凝土造,76年9月5日,二層,一層 二層,全筆移轉
RPPNMLPKJHKGFBM38DA,29,63.09,住家用,鋼筋混凝土造,85年3月12日,八層,四層 陽台 花台,全筆移轉
RPPNMLPKJHKGFBM38DA,29,35.14,停車空間、防空避難室、梯間、門廳、機械室、水箱,鋼筋混凝土造,85年3月12日,八層,,持分移轉
RPQNMLRKJHKGFBM68DA,29,76.24,住家用,鋼筋混凝土造,84年12月20日,七層,六層 陽台 花台,全筆移轉
RPQNMLRKJHKGFBM68DA,29,31.36,防空避難室、停車間、梯間、機械室、水箱,鋼筋混凝土造,84年12月20日,七層,,持分移轉
RPWNMLRJKHKGFBM66DA,,73.90,集合住宅,鋼筋混凝土造,113年10月17日,五層,二層 陽台,全筆移轉
RPWNMLRJKHKGFBM66DA,,22.95,本共有部分之項目有管理委員會空間、機電空間、樓梯間及水箱間等４項,鋼筋混凝土造,113年10月17日,五層,,持分移轉
RPXNMLRJKHKGFBM76DA,,73.61,集合住宅,鋼筋混凝土造,113年10月17日,五層,二層 陽台,全筆移轉
RPXNMLRJKHKGFBM76DA,,22.88,本共有部分之項目有管理委員會空間、機電空間、樓梯間及水箱間等４項,鋼筋混凝土造,113年10月17日,五層,,持分移轉
RPVPMLRJKHKGFBM76DA,,69.46,集合住宅,鋼筋混凝土造,113年10月17日,五層,四層 陽台,全筆移轉
RPVPMLRJKHKGFBM76DA,,21.62,本共有部分之項目有管理委員會空間、機電空間、樓梯間及水箱間等４項,鋼筋混凝土造,113年10月17日,五層,,持分移轉
RPSOMLRJKHKGFBM98DA,,73.90,集合住宅,鋼筋混凝土造,113年10月17日,五層,三層 陽台,全筆移轉
RPSOMLRJKHKGFBM98DA,,22.95,本共有部分之項目有管理委員會空間、機電空間、樓梯間及水箱間等４項,鋼筋混凝土造,113年10月17日,五層,,持分移轉
RPROMLRJKHKGFBM88DA,,74.56,集合住宅,鋼筋混凝土造,113年10月17日,五層,三層 陽台,全筆移轉
RPROMLRJKHKGFBM88DA,,23.21,本共有部分之項目有管理委員會空間、機電空間、樓梯間及水箱間等４項,鋼筋混凝土造,113年10月17日,五層,,持分移轉
RPPOMLRJKHKGFBM68DA,,69.46,集合住宅,鋼筋混凝土造,113年10月17日,五層,三層 陽台,全筆移轉
RPPOMLRJKHKGFBM68DA,,21.62,本共有部分之項目有管理委員會空間、機電空間、樓梯間及水箱間等４項,鋼筋混凝土造,113年10月17日,五層,,持分移轉
RPOOMLRJKHKGFBM58DA,,87.80,集合住宅,鋼筋混凝土造,113年10月17日,五層,二層 陽台,全筆移轉
RPOOMLRJKHKGFBM58DA,,27.31,本共有部分之項目有管理委員會空間、機電空間、樓梯間及水箱間等４項,鋼筋混凝土造,113年10月17日,五層,,持分移轉
RPQOMLRJKHKGFBM78DA,,71.27,集合住宅,鋼筋混凝土造,113年10月17日,五層,三層 陽台,全筆移轉
RPQOMLRJKHKGFBM78DA,,22.09,本共有部分之項目有管理委員會空間、機電空間、樓梯間及水箱間等４項,鋼筋混凝土造,113年10月17日,五層,,持分移轉
RPXOMLRJKHKGFBM86DA,,73.90,集合住宅,鋼筋混凝土造,113年10月17日,五層,四層 陽台,全筆移轉
RPXOMLRJKHKGFBM86DA,,22.95,本共有部分之項目有管理委員會空間、機電空間、樓梯間及水箱間等４項,鋼筋混凝土造,113年10月17日,五層,,持分移轉
RPVNMLRJKHKGFBM56DA,,71.27,集合住宅,鋼筋混凝土造,113年10月17日,五層,二層 陽台,全筆移轉
RPVNMLRJKHKGFBM56DA,,22.09,本共有部分之項目有管理委員會空間、機電空間、樓梯間及水箱間等４項,鋼筋混凝土造,113年10月17日,五層,,持分移轉
RPVOMLRJKHKGFBM66DA,,71.27,集合住宅,鋼筋混凝土造,113年10月17日,五層,四層 陽台,全筆移轉
RPVOMLRJKHKGFBM66DA,,22.09,本共有部分之項目有管理委員會空間、機電空間、樓梯間及水箱間等４項,鋼筋混凝土造,113年10月17日,五層,,持分移轉
RPOPMLRJKHKGFBM68DA,,73.61,集合住宅,鋼筋混凝土造,113年10月17日,五層,四層 陽台,全筆移轉
RPOPMLRJKHKGFBM68DA,,22.88,本共有部分之項目有管理委員會空間、機電空間、樓梯間及水箱間等４項,鋼筋混凝土造,113年10月17日,五層,,持分移轉
RPRPMLRJKHKGFBM98DA,,74.56,集合住宅,鋼筋混凝土造,113年10月17日,五層,五層 陽台,全筆移轉
RPUOMLRJKHKGFBM56DA,,87.80,集合住宅,鋼筋混凝土造,113年10月17日,五層,三層 陽台,全筆移轉
RPRPMLRJKHKGFBM98DA,,23.21,本共有部分之項目有管理委員會空間、機電空間、樓梯間及水箱間等４項,鋼筋混凝土造,113年10月17日,五層,,持分移轉
RPUOMLRJKHKGFBM56DA,,27.31,本共有部分之項目有管理委員會空間、機電空間、樓梯間及水箱間等４項,鋼筋混凝土造,113年10月17日,五層,,持分移轉
RPQPMLRJKHKGFBM88DA,,71.51,集合住宅,鋼筋混凝土造,113年10月17日,五層,五層,全筆移轉
RPQPMLRJKHKGFBM88DA,,22.09,本共有部分之項目有管理委員會空間、機電空間、樓梯間及水箱間等４項,鋼筋混凝土造,113年10月17日,五層,,持分移轉
RPWOMLRJKHKGFBM76DA,,74.56,集合住宅,鋼筋混凝土造,113年10月17日,五層,四層 陽台,全筆移轉
RPWOMLRJKHKGFBM76DA,,23.21,本共有部分之項目有管理委員會空間、機電空間、樓梯間及水箱間等４項,鋼筋混凝土造,113年10月17日,五層,,持分移轉
RPWPMLRJKHKGFBM86DA,,87.80,集合住宅,鋼筋混凝土造,113年10月17日,五層,四層 陽台,全筆移轉
RPWPMLRJKHKGFBM86DA,,27.31,本共有部分之項目有管理委員會空間、機電空間、樓梯間及水箱間等４項,鋼筋混凝土造,113年10月17日,五層,,持分移轉
RPVNMLNJKHKGFBM78DA,,60.04,集合住宅,鋼筋混凝土造,113年11月6日,十五層,七層 陽台,全筆移轉
RPVNMLNJKHKGFBM78DA,,66.23,本共有部分之項目有停車空間、機電空間、防空避難室、台電配電室、梯廳、排煙室、公共服務空間、管委會、車道及機械室等１０項,鋼筋混凝土造,113年11月6日,十五層,,持分移轉
RPXNMLNJKHKGFBM98DA,,79.72,集合住宅,鋼筋混凝土造,113年11月6日,十五層,十二層 陽台,全筆移轉
RPXNMLNJKHKGFBM98DA,,76.31,本共有部分之項目有停車空間、機電空間、防空避難室、台電配電室、梯廳、排煙室、公共服務空間、管委會、車道及機械室等１０項,鋼筋混凝土造,113年11月6日,十五層,,持分移轉
RPUNMLNJKHKGFBM68DA,,79.72,集合住宅,鋼筋混凝土造,113年11月6日,十五層,七層 陽台,全筆移轉
RPUNMLNJKHKGFBM68DA,,76.31,本共有部分之項目有停車空間、機電空間、防空避難室、台電配電室、梯廳、排煙室、公共服務空間、管委會、車道及機械室等１０項,鋼筋混凝土造,113年11月6日,十五層,,持分移轉
RPOOMLNJKHKGFBM18DA,,53.00,集合住宅,鋼筋混凝土造,113年11月6日,十五層,十四層 陽台,全筆移轉
RPOOMLNJKHKGFBM18DA,,62.68,本共有部分之項目有停車空間、機電空間、防空避難室、台電配電室、梯廳、排煙室、公共服務空間、管委會、車道及機械室等１０項,鋼筋混凝土造,113年11月6日,十五層,,持分移轉
RPTNMLNJKHKGFBM58DA,,53.00,集合住宅,鋼筋混凝土造,113年11月6日,十五層,六層 陽台,全筆移轉
RPTNMLNJKHKGFBM58DA,,62.68,本共有部分之項目有停車空間、機電空間、防空避難室、台電配電室、梯廳、排煙室、公共服務空間、管委會、車道及機械室等１０項,鋼筋混凝土造,113年11月6日,十五層,,持分移轉
RPPOMLNJKHKGFBM28DA,,60.09,集合住宅,鋼筋混凝土造,113年11月6日,十五層,十五層 陽台,全筆移轉
RPPOMLNJKHKGFBM28DA,,66.32,本共有部分之項目有停車空間、機電空間、防空避難室、台電配電室、梯廳、排煙室、公共服務空間、管委會、車道及機械室等１０項,鋼筋混凝土造,113年11月6日,十五層,,持分移轉
RPSNMLSJKHKGFBM98DA,,64.92,集合住宅,鋼筋混凝土造,113年10月16日,十五層,四層 陽台,全筆移轉
RPSNMLSJKHKGFBM98DA,,61.06,本共有部分之項目有機電空間、台電配電室、防空避難室兼停車空間、梯間、水箱、梯廳、停車空間、管委會空間、樓梯間、機械室及電梯機房等１１項,鋼筋混凝土造,113年10月16日,十五層,,持分移轉
RPPNMLMLJHKGFAM08DA,,65.83,集合住宅,鋼筋混凝土造,113年3月19日,五層,五層 陽台,全筆移轉
RPPNMLMLJHKGFAM08DA,,21.24,台電配電室、機房、樓梯間、水箱,鋼筋混凝土造,113年3月19日,五層,,持分移轉
RPTNMLMLJHKGFAM48DA,,63.95,集合住宅,鋼筋混凝土造,113年3月19日,五層,三層 陽台,全筆移轉
RPTNMLMLJHKGFAM48DA,,20.65,台電配電室、機房、樓梯間、水箱,鋼筋混凝土造,113年3月19日,五層,,持分移轉
RPQNMLMLJHKGFAM18DA,,63.95,集合住宅,鋼筋混凝土造,113年3月19日,五層,五層 陽台,全筆移轉
RPRNMLMLJHKGFAM28DA,,72.50,集合住宅,鋼筋混凝土造,113年3月19日,五層,一層 陽台 見其他登記事項,全筆移轉
RPQNMLMLJHKGFAM18DA,,20.65,台電配電室、機房、樓梯間、水箱,鋼筋混凝土造,113年3月19日,五層,,持分移轉
RPRNMLMLJHKGFAM28DA,,25.99,台電配電室、機房、樓梯間、水箱,鋼筋混凝土造,113年3月19日,五層,,持分移轉
RPRNMLMLJHKGFAM28DA,,7.63,集合住宅,鋼筋混凝土造,113年3月19日,五層,,持分移轉
RPSNMLMLJHKGFAM38DA,,89.71,集合住宅,鋼筋混凝土造,113年3月19日,五層,五層 陽台,全筆移轉
RPSNMLMLJHKGFAM38DA,,28.95,台電配電室、機房、樓梯間、水箱,鋼筋混凝土造,113年3月19日,五層,,持分移轉
RPVNMLMLJHKGFAM68DA,,67.17,集合住宅,鋼筋混凝土造,113年3月19日,五層,四層 陽台,全筆移轉
RPVNMLMLJHKGFAM68DA,,21.69,台電配電室、機房、樓梯間、水箱,鋼筋混凝土造,113年3月19日,五層,,持分移轉
RPWNMLMLJHKGFAM78DA,,89.71,集合住宅,鋼筋混凝土造,113年3月19日,五層,四層 陽台,全筆移轉
RPWNMLMLJHKGFAM78DA,,28.95,台電配電室、機房、樓梯間、水箱,鋼筋混凝土造,113年3月19日,五層,,持分移轉
RPUNMLMLJHKGFAM58DA,,63.95,集合住宅,鋼筋混凝土造,113年3月19日,五層,四層 陽台,全筆移轉
RPUNMLMLJHKGFAM58DA,,20.65,台電配電室、機房、樓梯間、水箱,鋼筋混凝土造,113年3月19日,五層,,持分移轉
RPQNMLTKJIJGFAM78DA,,750.00,農業設施（溫室及植物環控栽培設施）,鋼鐵造有牆,113年9月20日,一層,一層,全筆移轉
