﻿鄉鎮市區,交易標的,土地位置建物門牌,土地移轉總面積平方公尺,都市土地使用分區,非都市土地使用分區,非都市土地使用編定,交易年月日,交易筆棟數,移轉層次,總樓層數,建物型態,主要用途,主要建材,建築完成年月,建物移轉總面積平方公尺,建物現況格局-房,建物現況格局-廳,建物現況格局-衛,建物現況格局-隔間,有無管理組織,總價元,單價元平方公尺,車位類別,車位移轉總面積平方公尺,車位總價元,備註,編號,主建物面積,附屬建物面積,陽台面積,電梯,移轉編號
The villages and towns urban district,transaction sign,land sector position building sector house number plate,land shifting total area square meter,the use zoning or compiles and checks,the non-metropolis land use district,non-metropolis land use,transaction year month and day,transaction pen number,shifting level,total floor number,building state,main use,main building materials,construction to complete the years,building shifting total area,Building present situation pattern - room,building present situation pattern - hall,building present situation pattern - health,building present situation pattern - compartmented,Whether there is manages the organization,total price NTD,the unit price (NTD / square meter),the berth category,berth shifting total area square meter,the berth total price NTD,the note,serial number,main building area,auxiliary building area,balcony area,elevator,transaction number
竹山鎮,土地,大坪段437地號,678.75,,山坡地保育區,農牧用地,1140204,土地1建物0車位0,,,其他,,,,0.0,0,0,0,無,無,800000,1179,,0.0,0,,RPQNMLOJKHKGFDM58DA,0.0,0.0,0.0,無,
鹿谷鄉,土地,廣興段885地號,393.37,住,,,1140206,土地7建物0車位0,,,其他,,,,0.0,0,0,0,無,無,5127472,13035,,0.0,0,含土地增值稅或其他稅費127472元；未登記建物；,RPQNMLMKKHKGFDM48DA,0.0,0.0,0.0,無,
竹山鎮,土地,社崇段494地號,59.55,,特定農業區,甲種建築用地,1140204,土地1建物0車位0,,,其他,,,,0.0,0,0,0,無,無,750000,12594,,0.0,0,未登記建物；,RPQNMLKKKHKGFDM38EA,0.0,0.0,0.0,無,
南投市,房地(土地+建物),南投縣南投市自立一路１巷２弄４０號,83.89,住,,,1140205,土地1建物1車位0,全,四層,透天厝,住家用,鋼筋混凝土造,0820320,161.16,6,2,3,有,無,1700000,10549,,0.0,0,親友、員工、共有人或其他特殊關係間之交易；,RPWNMLNKKHKGFAM88DA,161.16,0.0,0.0,無,
鹿谷鄉,土地,新初鄉段1175地號,29.9,,一般農業區,農牧用地,1140208,土地1建物0車位0,,,其他,,,,0.0,0,0,0,無,無,81360,2721,,0.0,0,,RPPNMLKKKHKGFDM18DA,0.0,0.0,0.0,無,001
埔里鎮,土地,忠義段167地號,101.08,住,,,1140205,土地1建物0車位0,,,其他,,,,0.0,0,0,0,無,無,6570000,64998,,0.0,0,,RPQNMLKKKHKGFCM18DA,0.0,0.0,0.0,無,002
魚池鄉,土地,九族段978-5地號,12.23,,一般農業區,農牧用地,1140208,土地1建物0車位0,,,其他,,,,0.0,0,0,0,無,無,53812,4400,,0.0,0,,RPPNMLOKKHKGFCM48DA,0.0,0.0,0.0,無,
南投市,土地,施厝坪段60地號,3135.9,,山坡地保育區,農牧用地,1140110,土地1建物0車位0,,,其他,,,,0.0,0,0,0,無,無,2195130,700,,0.0,0,,RPPNMLRJKHKGFAM48DA,0.0,0.0,0.0,無,003
魚池鄉,土地,東池段487-3地號,671.83,農,,,1140104,土地3建物0車位0,,,其他,,,,0.0,0,0,0,無,無,13080000,19469,,0.0,0,農作物；,RPSNMLKKKHKGFCM38DA,0.0,0.0,0.0,無,
竹山鎮,房地(土地+建物),南投縣竹山鎮裕農新村２４號,70.03,住,,,1140110,土地1建物1車位0,全,二層,透天厝,住商用,鋼筋混凝土加強磚造,0691227,99.82,2,1,2,有,無,1800000,18032,,0.0,0,,RPWNMLQKJHKGFDM76DA,99.82,0.0,0.0,無,
水里鄉,土地,鹿寮段274-1地號,1079.69,,山坡地保育區,農牧用地,1140114,土地1建物0車位0,,,其他,,,,0.0,0,0,0,無,無,300000,278,,0.0,0,,RPPNMLRJKHKGFEM98EA,0.0,0.0,0.0,無,
埔里鎮,房地(土地+建物),南投縣埔里鎮樹人三街３５１號,85.34,住,,,1140110,土地1建物1車位0,全,二層,透天厝,住家用,鋼筋混凝土造,0770815,99.49,5,2,2,有,無,4000000,40205,,0.0,0,親友、員工、共有人或其他特殊關係間之交易；其他增建；,RPPNMLSJKHKGFCM78DA,99.49,0.0,0.0,無,
埔里鎮,房地(土地+建物)+車位,南投縣埔里鎮中華路５８之１１號三樓,20.38,住,,,1140114,土地1建物1車位1,三層,十五層,住宅大樓(11層含以上有電梯),住家用,ＲＣ造,1120905,130.27,2,2,1,有,有,8700000,66784,坡道平面,0.0,0,,RPPNMLLKKHKGFCM18DA,63.33,0.0,4.96,有,004
埔里鎮,土地,水源段289地號,577.72,,特定農業區,甲種建築用地,1140104,土地2建物0車位0,,,其他,,,,0.0,0,0,0,無,無,17800000,30811,,0.0,0,未登記建物；,RPRNMLLKKHKGFCM38DA,0.0,0.0,0.0,無,
鹿谷鄉,土地,石城段922地號,99.73,住,,,1140120,土地3建物0車位0,,,其他,,,,0.0,0,0,0,無,無,6419621,64370,,0.0,0,畸零地或有合併使用效益；政府機關標讓售；,RPUNMLKKKHKGFDM78EA,0.0,0.0,0.0,無,
鹿谷鄉,土地,內樹皮段512地號,19.0,,山坡地保育區,林業用地,1140103,土地1建物0車位0,,,其他,,,,0.0,0,0,0,無,無,476520,25080,,0.0,0,政府機關標讓售；,RPVNMLKKKHKGFDM88EA,0.0,0.0,0.0,無,
草屯鎮,土地,新南埔段594地號,12.33,,山坡地保育區,農牧用地,1140102,土地1建物0車位0,,,其他,,,,0.0,0,0,0,無,無,44500,3609,,0.0,0,,RPQNMLRJJHKGFBM58DA,0.0,0.0,0.0,無,
草屯鎮,土地,新將軍段374地號,30.52,,鄉村區,乙種建築用地,1140121,土地1建物0車位0,,,其他,,,,0.0,1,1,1,無,無,1040000,34076,,0.0,0,未登記建物；,RPSNMLLKKHKGFBM38DA,0.0,0.0,0.0,無,
埔里鎮,房地(土地+建物),南投縣埔里鎮中山路二段２８９號三樓之１３,45.6,商,,,1140107,土地1建物4車位0,三層,六層,華廈(10層含以下有電梯),商業用,鋼筋混凝土造,0800412,134.38,0,0,0,無,無,1150000,8558,,0.0,0,,RPSNMLLLJHKGFCM48DA,52.72,0.0,0.0,有,
草屯鎮,土地,北投埔段2020地號,897.0,,特定農業區,農牧用地,1140104,土地1建物0車位0,,,其他,,,,0.0,0,0,0,無,無,7100000,7915,,0.0,0,,RPPNMLMKKHKGFBM18DA,0.0,0.0,0.0,無,005
埔里鎮,土地,忠義段818地號,44.74,住,,,1140111,土地1建物0車位0,,,其他,,,,0.0,0,0,0,無,無,500000,11176,,0.0,0,賣方土地增值稅、代書費等費用均由買方負擔。畸零地或有合併使用效益；,RPQNMLLKKHKGFCM28DA,0.0,0.0,0.0,無,
南投市,房地(土地+建物),南投縣南投市南崗二路４６６號五樓之１,17.15,住,,,1140101,土地1建物1車位0,五層,七層,華廈(10層含以下有電梯),住家用,鋼筋混凝土造,0851130,90.27,2,2,1,有,有,3500000,38773,,0.0,0,,RPPNMLNKKHKGFAM18DA,61.48,0.0,7.27,有,
埔里鎮,土地,寶湖窟段5-1地號,206.66,農,,,1140116,土地2建物0車位0,,,其他,,,,0.0,0,0,0,無,無,3100000,15000,,0.0,0,,RPTNMLMKKHKGFCM68DA,0.0,0.0,0.0,無,006
埔里鎮,房地(土地+建物),南投縣埔里鎮北辰街４６號,61.0,住,,,1140103,土地1建物1車位0,全,二層,透天厝,住家用,鋼筋混凝土加強磚造,0620730,90.77,2,2,2,有,無,6150000,67754,,0.0,0,親友間交易。,RPPNMLNKKHKGFCM38DA,90.77,0.0,0.0,無,
鹿谷鄉,土地,新初鄉段1177地號,299.71,,一般農業區,農牧用地,1140106,土地2建物0車位0,,,其他,,,,0.0,0,0,0,無,無,1600000,5338,,0.0,0,,RPWOMLQJKHKGFDM86DA,0.0,0.0,0.0,無,001
南投市,房地(土地+建物),南投縣南投市祖祠路７７巷６４號一樓之２,7.2,住,,,1140123,土地1建物1車位0,一層,五層,公寓(5樓含以下無電梯),住家用,鋼筋混凝土造,0830427,18.35,1,0,1,有,無,1800000,98093,,0.0,0,,RPQNMLPJKHKGFAM38DA,8.61,5.54,0.0,無,008
中寮鄉,土地,後寮段747-5地號,2500.0,,山坡地保育區,農牧用地,1140106,土地1建物0車位0,,,其他,,,,0.0,0,0,0,無,無,750000,300,,0.0,0,,RPUNMLMKKHKGFAM58DA,0.0,0.0,0.0,無,
埔里鎮,土地,南村段415地號,1574.88,,特定農業區,農牧用地,1140122,土地1建物0車位0,,,其他,,,,0.0,0,0,0,無,無,2100000,1333,,0.0,0,,RPQNMLNKKHKGFCM48DA,0.0,0.0,0.0,無,
埔里鎮,房地(土地+建物),南投縣埔里鎮中華路２６２號,58.0,住,,,1140106,土地1建物1車位0,全,二層,透天厝,住家用,鋼筋混凝土造,0741218,60.13,5,3,3,有,無,2000000,33261,,0.0,0,二親等間之交易親友、員工、共有人或其他特殊關係間之交易；其他增建；,RPQNMLOKKHKGFCM58DA,60.13,0.0,0.0,無,
鹿谷鄉,土地,中湖段1191地號,1302.0,,一般農業區,農牧用地,1140103,土地2建物0車位0,,,其他,,,,0.0,0,0,0,無,無,4135478,3176,,0.0,0,,RPPNMLPKJHKGFDM58DA,0.0,0.0,0.0,無,
南投市,房地(土地+建物)+車位,南投縣南投市南新路１２０巷２６號,68.94,住,,,1140106,土地2建物1車位1,全,四層,透天厝,住家用,鋼筋混凝土造,1120530,193.76,4,3,4,有,有,19430000,100279,一樓平面,0.0,0,其他增建；,RPPNMLOKKHKGFAM38EA,173.5,0.0,20.26,無,
草屯鎮,土地,北勢段472地號,86.57,,鄉村區,乙種建築用地,1140120,土地1建物0車位0,,,其他,,,,0.0,0,0,0,無,無,458803,5300,,0.0,0,親友、員工、共有人或其他特殊關係間之交易；,RPPNMLNKKHKGFBM38EA,0.0,0.0,0.0,無,
草屯鎮,土地,新將軍段604地號,25.96,,鄉村區,交通用地,1140109,土地1建物0車位0,,,其他,,,,0.0,0,0,0,無,無,36490,1406,,0.0,0,地清或未辦繼承標售；,RPPNMLRKKHKGFBM78EA,0.0,0.0,0.0,無,
竹山鎮,土地,圓山段371-75地號,2020.0,,森林區,林業用地,1140123,土地1建物0車位0,,,其他,,,,0.0,0,0,0,無,無,600000,297,,0.0,0,,RPPNMLRKKHKGFDM98EA,0.0,0.0,0.0,無,
竹山鎮,土地,圓山段371-76地號,2020.0,,森林區,林業用地,1140122,土地1建物0車位0,,,其他,,,,0.0,0,0,0,無,無,600000,297,,0.0,0,,RPQNMLRKKHKGFDM09EA,0.0,0.0,0.0,無,
南投市,房地(土地+建物),南投縣南投市仁德路２３號,126.75,住,,,1140106,土地1建物1車位0,全,三層,透天厝,住商用,鋼筋混凝土造,0800926,186.75,6,2,5,有,無,4800000,25703,,0.0,0,親友、員工、共有人或其他特殊關係間之交易；,RPWNMLOKJHKGFAM88DA,186.75,0.0,0.0,無,009
南投市,房地(土地+建物)+車位,南投縣南投市彰南路一段８６３號七樓之３,36.9,住,,,1140103,土地2建物1車位1,七層,十五層,住宅大樓(11層含以上有電梯),住家用,鋼筋混凝土造,1130326,162.05,3,2,2,有,有,12600000,77754,坡道平面,29.9,0,,RPSNMLKLJHKGFAM18DA,81.76,0.0,6.95,有,010
竹山鎮,土地,新桶頭段388地號,1105.92,,山坡地保育區,農牧用地,1140123,土地1建物0車位0,,,其他,,,,0.0,0,0,0,無,無,3450000,3120,,0.0,0,,RPPNMLNKKHKGFDM48DA,0.0,0.0,0.0,無,
南投市,土地,三塊厝段4地號,4489.1,,,,1140114,土地55建物0車位0,,,其他,,,,0.0,0,0,0,無,無,475283462,105875,,0.0,0,協議價購；,RPRNMLOKKHKGFAM58EA,0.0,0.0,0.0,無,
南投市,土地,永新段1342地號,11.94,住,,,1140118,土地1建物0車位0,,,其他,,,,0.0,0,0,0,無,無,288800,24188,,0.0,0,親友、員工、共有人或其他特殊關係間之交易；,RPRNMLOKKHKGFAM48DA,0.0,0.0,0.0,無,
名間鄉,房地(土地+建物),南投縣名間鄉大埔巷３８之２號三樓,29.01,,一般農業區,甲種建築用地,1140120,土地1建物1車位0,三層,三層,華廈(10層含以下有電梯),住家用,鋼骨造,0980121,47.78,1,1,1,有,無,1696000,35496,,0.0,0,,RPPNMLSKKHKGFAM68DA,29.16,0.0,0.0,有,
草屯鎮,土地,草屯段59-17地號,122.0,,,,1140108,土地2建物0車位0,,,其他,,,,0.0,0,0,0,無,無,30260000,248033,,0.0,0,未登記建物一併移轉。未登記建物；,RPSNMLMKKHKGFBM48DA,0.0,0.0,0.0,無,
埔里鎮,土地,南光段421地號,129.0,住,,,1140118,土地2建物0車位0,,,其他,,,,0.0,0,0,0,無,無,7500000,58140,,0.0,0,,RPSNMLLKKHKGFCM48DA,0.0,0.0,0.0,無,
竹山鎮,房地(土地+建物)+車位,南投縣竹山鎮大禮路２２９之６號七樓,24.38,住,,,1140104,土地1建物1車位1,七層,八層,華廈(10層含以下有電梯),住家用,鋼筋混凝土造,0871117,125.89,4,2,2,有,有,4150000,32965,坡道機械,0.0,0,,RPRNMLRKKHKGFDM09DA,82.5,0.0,11.87,有,
南投市,土地,三塊厝段4地號,1923.9,,,,1140114,土地55建物0車位0,,,其他,,,,0.0,0,0,0,無,無,203692913,105875,,0.0,0,協議價購；,RPSNMLOKKHKGFAM68EA,0.0,0.0,0.0,無,
草屯鎮,土地,新興段375地號,1112.0,,特定農業區,農牧用地,1131231,土地1建物0車位0,,,其他,,,,0.0,0,0,0,無,無,3600000,3237,,0.0,0,,RPQNMLNJJHKGFBM18DA,0.0,0.0,0.0,無,
埔里鎮,房地(土地+建物)+車位,南投縣埔里鎮水裡巷６８號四樓之１,23.58,住,,,1131222,土地1建物1車位1,四層,七層,華廈(10層含以下有電梯),住家用,ＲＣ造,1130925,88.1,2,2,1,有,有,6950000,80899,一樓平面,18.26,1300000,,RPSNMLRLKIJGFCM56DA,40.95,0.0,4.53,有,
集集鎮,房地(土地+建物),南投縣集集鎮民生路１６之３７號,134.41,住,,,1131222,土地1建物1車位0,全,二層,透天厝,住家用,鋼筋混凝土造,0800314,181.29,4,1,2,有,無,4650000,25650,,0.0,0,房屋破舊從未整理修繕過,RPRNMLRJKHKGFEM09DA,181.29,0.0,0.0,無,
竹山鎮,土地,延和段1008-5地號,6.88,住,,,1131220,土地1建物0車位0,,,其他,,,,0.0,0,0,0,無,無,339253,49310,,0.0,0,政府機關標讓售；,RPPNMLKKKHKGFDM28EA,0.0,0.0,0.0,無,
鹿谷鄉,土地,茅埔段132地號,1529.26,,山坡地保育區,農牧用地,1131220,土地1建物0車位0,,,其他,,,,0.0,0,0,0,無,無,1300000,850,,0.0,0,農業設施；,RPTNMLKKKHKGFDM68EA,0.0,0.0,0.0,無,
南投市,房地(土地+建物),南投縣南投市中興路２４９巷１弄１２號,85.64,,鄉村區,乙種建築用地,1131208,土地4建物1車位0,全,四層,透天厝,住家用,鋼筋混凝土造,0830331,170.98,4,2,3,有,無,6900000,40356,,0.0,0,其他增建；,RPPNMLSJKHKGFAM58DA,151.42,7.44,10.73,無,
中寮鄉,土地,後寮段1004-102地號,1833.0,,山坡地保育區,農牧用地,1131229,土地1建物0車位0,,,其他,,,,0.0,0,0,0,無,無,1500000,818,,0.0,0,,RPPNMLTJKHKGFAM68DA,0.0,0.0,0.0,無,
草屯鎮,房地(土地+建物),南投縣草屯鎮復興路６６５、６６５之１號,189.15,,鄉村區,乙種建築用地,1131201,土地2建物1車位0,全,二層,透天厝,住家用,鋼筋混凝土造,0720927,193.87,7,3,4,有,無,7980000,41162,,0.0,0,頂樓加蓋；其他增建；,RPUNMLRJKHKGFBM09DA,181.87,0.0,12.0,無,
埔里鎮,房地(土地+建物),南投縣埔里鎮水裡巷６８號五樓之６,22.65,住,,,1131228,土地1建物1車位0,五層,七層,華廈(10層含以下有電梯),住家用,ＲＣ造,1130925,67.17,2,2,1,有,有,6040000,89921,,0.0,0,,RPXNMLNJJHKGFCM98DA,40.04,0.0,3.7,有,
埔里鎮,房地(土地+建物)+車位,南投縣埔里鎮河南路３４２號五樓,45.23,住,,,1131222,土地1建物1車位1,五層,五層,華廈(10層含以下有電梯),住家用,ＲＣ造,1130425,123.65,2,1,2,有,無,8500000,68742,一樓平面,20.78,0,,RPRNMLLKJHKGFCM28DA,67.54,0.0,6.34,有,
竹山鎮,土地,番子田段255-1地號,3610.53,,山坡地保育區,農牧用地,1131227,土地1建物0車位0,,,其他,,,,0.0,0,0,0,無,無,3980000,1102,,0.0,0,,RPQNMLPJKHKGFDM68DA,0.0,0.0,0.0,無,011
名間鄉,房地(土地+建物),南投縣名間鄉小崎巷３９之４３號,1102.58,農,,,1131230,土地1建物1車位0,全,三層,透天厝,農業用,鋼筋混凝土造,0831024,172.05,2,1,3,有,無,12800000,74397,,0.0,0,,RPUOMLSJKHKGFAM56DA,172.05,0.0,0.0,無,012
草屯鎮,土地,頂園段336-1地號,527.61,,,,1131203,土地2建物0車位0,,,其他,,,,0.0,0,0,0,無,無,7834629,14849,,0.0,0,協議價購；,RPPNMLLKKIJGFBM08DA,0.0,0.0,0.0,無,
草屯鎮,房地(土地+建物),南投縣草屯鎮民權東街２０巷１１弄２２號,91.52,住,,,1131230,土地1建物1車位0,全,三層,透天厝,住家用,鋼筋混凝土造,0810603,120.69,2,2,2,有,無,9500000,78714,,0.0,0,頂樓加蓋；其他增建；,RPSNMLQJJHKGFBM68DA,116.35,0.0,4.34,無,
草屯鎮,房地(土地+建物),南投縣草屯鎮虎山路６３１巷１５弄３６號,91.41,住,,,1131219,土地1建物1車位0,全,二層,透天厝,住商用,鋼筋混凝土造,0711213,119.08,3,2,2,有,無,7050000,59204,,0.0,0,,RPSNMLRJJHKGFBM78DA,119.08,0.0,0.0,無,
魚池鄉,土地,大林段60地號,1599.0,,鄉村區,乙種建築用地,1131227,土地2建物0車位0,,,其他,,,,0.0,0,0,0,無,無,16900000,10569,,0.0,0,未登記建物；農作物；,RPRNMLKKKHKGFCM28DA,0.0,0.0,0.0,無,013
水里鄉,土地,北埔段156-1地號,93.31,住,,,1131225,土地1建物0車位0,,,其他,,,,0.0,0,0,0,無,無,2500000,26792,,0.0,0,親友、員工、共有人或其他特殊關係間之交易；,RPPNMLLKKHKGFEM38DA,0.0,0.0,0.0,無,
南投市,房地(土地+建物),南投縣南投市文化路７２３巷１９號,71.0,住,,,1131227,土地1建物1車位0,全,二層,透天厝,住家用,鋼筋混凝土加強磚造,0690121,85.32,4,2,3,有,無,8000000,93765,,0.0,0,其他增建；,RPSNMLNLJHKGFAM48DA,85.32,0.0,0.0,無,014
草屯鎮,土地,光華段1259地號,1189.0,,特定農業區,農牧用地,1131212,土地1建物0車位0,,,其他,,,,0.0,0,0,0,無,無,19780000,16636,,0.0,0,,RPQNMLSJKHKGFBM78DA,0.0,0.0,0.0,無,015
草屯鎮,土地,新光段1187-10地號,88.0,,鄉村區,乙種建築用地,1131227,土地1建物0車位0,,,其他,,,,0.0,0,0,0,無,無,1640467,18642,,0.0,0,含土地增值稅或其他稅費69887元；,RPRNMLMKKHKGFBM38DA,0.0,0.0,0.0,無,
埔里鎮,房地(土地+建物),南投縣埔里鎮西安路一段５３７巷３５７號,102.13,,鄉村區,乙種建築用地,1131228,土地1建物1車位0,全,四層,透天厝,住家用,鋼筋混凝土造,0931001,153.52,4,2,3,有,無,7500000,48854,,0.0,0,陽台外推；其他增建；,RPTNMLLKJHKGFCM48DA,136.76,0.0,16.76,無,016
埔里鎮,房地(土地+建物),南投縣埔里鎮榮光路８之７號,118.91,,鄉村區,乙種建築用地,1131227,土地1建物1車位0,全,三層,透天厝,住家用,鋼筋混凝土造,0821223,132.84,4,2,3,有,無,5500000,41403,,0.0,0,,RPTNMLKKKHKGFCM48DA,132.84,0.0,0.0,無,
埔里鎮,土地,忠信段17-2地號,263.16,,鄉村區,乙種建築用地,1131227,土地2建物0車位0,,,其他,,,,0.0,0,0,0,無,無,5310994,20182,,0.0,0,親友、員工、共有人或其他特殊關係間之交易；,RPXNMLLKKHKGFCM98DA,0.0,0.0,0.0,無,017
埔里鎮,房地(土地+建物),南投縣埔里鎮枇杷二巷４號,82.89,,特定農業區,甲種建築用地,1131217,土地1建物1車位0,全,一層,透天厝,住家用,磚造,0650617,56.88,3,2,1,有,無,3550000,62412,,0.0,0,其他增建；,RPRNMLRJKHKGFCM88DA,56.88,0.0,0.0,無,018
名間鄉,土地,新赤水段993地號,3109.98,,一般農業區,農牧用地,1131226,土地1建物0車位0,,,其他,,,,0.0,0,0,0,無,無,3840000,1235,,0.0,0,,RPVNMLNKKHKGFAM78DA,0.0,0.0,0.0,無,
埔里鎮,房地(土地+建物)+車位,南投縣埔里鎮南安路７４３巷４號七樓之２,20.05,住,,,1131225,土地3建物1車位1,七層,十一層,住宅大樓(11層含以上有電梯),住家用,鋼筋混凝土造,0830114,112.02000000000001,2,2,1,有,有,3800000,33923,坡道平面,0.0,0,親友、員工、共有人或其他特殊關係間之交易；,RPPNMLQLKIJGFCM78DA,65.94,0.7,8.0,有,
水里鄉,土地,南湖段93地號,5452.0,,特定農業區,農牧用地,1131208,土地1建物0車位0,,,其他,,,,0.0,0,0,0,無,無,7500000,1376,,0.0,0,,RPPNMLNKJHKGFEM48DA,0.0,0.0,0.0,無,
草屯鎮,房地(土地+建物),南投縣草屯鎮芬草路二段２２６號,168.0,,鄉村區,乙種建築用地,1131226,土地1建物1車位0,全,二層,透天厝,住家用,加強磚造,067,121.5,3,1,2,有,無,13100000,107819,,0.0,0,,RPPNMLOKKHKGFBM38DA,121.5,0.0,0.0,無,
魚池鄉,土地,中池段337-1地號,1311.59,農,,,1131230,土地1建物0車位0,,,其他,,,,0.0,0,0,0,無,無,2000000,1525,,0.0,0,,RPRNMLNKKHKGFCM58DA,0.0,0.0,0.0,無,
鹿谷鄉,土地,興產段401地號,17.08,商,,,1131231,土地3建物0車位0,,,其他,,,,0.0,0,0,0,無,無,1800000,105386,,0.0,0,未登記建物；,RPRNMLSKKHKGFDM56DA,0.0,0.0,0.0,無,
草屯鎮,房地(土地+建物)+車位,南投縣草屯鎮虎山路４３２號四樓之３,18.49,住,,,1131227,土地1建物1車位1,四層,八層,華廈(10層含以下有電梯),住家用,鋼筋混凝土造,0850312,98.23,2,2,1,有,有,5800000,59045,坡道平面,0.0,0,,RPPNMLPKJHKGFBM38DA,54.94,0.75,7.4,有,
埔里鎮,土地,福興段1587地號,273.0,,一般農業區,農牧用地,1131224,土地1建物0車位0,,,其他,,,,0.0,0,0,0,無,無,1500000,5495,,0.0,0,,RPTNMLQJKHKGFCM98DA,0.0,0.0,0.0,無,
水里鄉,房地(土地+建物),南投縣水里鄉永豐一路４７巷９號,97.0,,鄉村區,乙種建築用地,1131230,土地2建物1車位0,全,四層,透天厝,住家用,ＲＣ造,1110715,151.6,4,2,5,有,無,8800000,58047,,0.0,0,買賣售價分別如下：土地款新台幣540萬元+建物新台幣340萬元，合計共新台幣880萬元整。,RPPNMLTKKHKGFEM56DA,147.97,0.0,3.63,無,
南投市,房地(土地+建物),南投縣南投市光明一路３３２號,147.62,住,,,1131123,土地1建物1車位0,全,二層,透天厝,住家用,鋼筋混凝土造,0760905,133.4,4,2,3,有,無,14500000,108696,,0.0,0,,RPRNMLQJJHKGFAM48DA,133.4,0.0,0.0,無,
草屯鎮,房地(土地+建物),南投縣草屯鎮和興二街２之１號,65.94,住,,,1131127,土地1建物1車位0,全,四層,透天厝,住商用,鋼筋混凝土造,0801022,181.78,5,2,4,有,無,16000000,88018,,0.0,0,,RPRNMLNJKHKGFBM38DA,172.93,0.0,8.85,無,
埔里鎮,土地,四角城段261地號,2390.01,,特定農業區,農牧用地,1131123,土地2建物0車位0,,,其他,,,,0.0,0,0,0,無,無,29950000,12531,,0.0,0,,RPUNMLRJKHKGFCM56DA,0.0,0.0,0.0,無,
水里鄉,房地(土地+建物),南投縣水里鄉水里一路６巷１８弄１號,162.0,,鄉村區,乙種建築用地,1131130,土地1建物1車位0,全,二層,透天厝,住家用,鋼筋混凝土加強磚造,0690916,92.1,3,2,2,有,無,3000000,32573,,0.0,0,親友、員工、共有人或其他特殊關係間之交易；頂樓加蓋；,RPPNMLRJKHKGFEM88DA,92.1,0.0,0.0,無,
集集鎮,土地,玉映段269地號,641.93,住,,,1131116,土地1建物0車位0,,,其他,,,,0.0,0,0,0,無,無,13107408,20419,,0.0,0,本土地買賣包含地上未登記物一棟（鐵皮屋）未登記建物；,RPQNMLRJKHKGFEM98DA,0.0,0.0,0.0,無,
草屯鎮,土地,將軍段668地號,760.56,,特定農業區,農牧用地,1131110,土地1建物0車位0,,,其他,,,,0.0,0,0,0,無,無,7880000,10361,,0.0,0,未登記建物；,RPPNMLLKKHKGFBM08DA,0.0,0.0,0.0,無,019
埔里鎮,房地(土地+建物),南投縣埔里鎮民富路５７之２５號,94.0,住,,,1131108,土地1建物1車位0,全,二層,透天厝,住商用,鋼筋混凝土造,0770211,103.74,5,3,3,有,無,9500000,91575,,0.0,0,頂樓加蓋；,RPUNMLLKKHKGFCM68DA,103.74,0.0,0.0,無,
水里鄉,土地,水里段164地號,157.0,商,,,1131108,土地2建物0車位0,,,其他,,,,0.0,0,0,0,無,無,7000000,44586,,0.0,0,,RPQNMLLKKHKGFEM48DA,0.0,0.0,0.0,無,
草屯鎮,房地(土地+建物)+車位,南投縣草屯鎮碧山路３１６號六樓之６,19.07,住,,,1131119,土地1建物1車位1,六層,七層,華廈(10層含以下有電梯),住家用,鋼筋混凝土造,0841220,107.6,3,2,2,有,有,6000000,55762,坡道機械,0.0,0,,RPQNMLRKJHKGFBM68DA,64.55,1.63,10.06,有,
埔里鎮,房地(土地+建物),南投縣埔里鎮育德二街２０號,76.94,住,,,1131130,土地2建物1車位0,全,二層,透天厝,住家用,鋼筋混凝土加強磚造,0640513,89.53,5,2,3,有,無,6500000,72601,,0.0,0,,RPUNMLLLJHKGFCM68DA,89.53,0.0,0.0,無,
集集鎮,房地(土地+建物),南投縣集集鎮文心街１５０巷１０號,93.13,住,,,1131126,土地1建物1車位0,全,三層,透天厝,住家用,鋼筋混凝土造,0831121,143.39,4,3,2,有,無,3300000,23014,,0.0,0,,RPPNMLOKKHKGFEM78EA,143.39,0.0,0.0,無,
埔里鎮,房地(土地+建物),南投縣埔里鎮南盛街１２６號,153.34,商,,,1131020,土地1建物1車位0,全,五層,透天厝,住商用,鋼筋混凝土造,0780418,540.62,15,4,7,有,無,19000000,35145,,0.0,0,頂樓加蓋；其他增建；,RPUNMLLKJHKGFCM58DA,540.62,0.0,0.0,無,
埔里鎮,房地(土地+建物),南投縣埔里鎮大成三巷２０號,91.16,,鄉村區,乙種建築用地,1131028,土地1建物1車位0,全,一層,透天厝,住家用,鋼筋混凝土加強磚造,0580515,48.85,3,2,2,有,無,6380000,130604,,0.0,0,其他增建；,RPSNMLNKKHKGFCM68DA,48.85,0.0,0.0,無,020
南投市,房地(土地+建物)+車位,南投縣南投市彰南路二段５９６巷５６弄１１號三樓之６,33.93,都市：其他:住宅區,,,1131011,土地2建物1車位1,三層,五層,華廈(10層含以下有電梯),住家用,鋼筋混凝土造,1131014,113.35,3,1,2,有,有,9500000,87067,坡道平面,19.17,1300000,,RPQNMLOLJHKGFAM38DA,60.15,0.0,5.23,有,
南投市,房地(土地+建物)+車位,南投縣南投市彰南路二段５９６巷５６弄１１號四樓之２,21.71,都市：其他:住宅區,,,1131011,土地2建物1車位1,四層,五層,華廈(10層含以下有電梯),住家用,鋼筋混凝土造,1131014,80.64,2,1,1,有,有,6700000,91101,坡道平面,19.17,1100000,,RPUNMLOLJHKGFAM78DA,41.85,0.0,0.0,有,
草屯鎮,土地,中興段155地號,278.0,住,,,1130906,土地1建物0車位0,,,其他,,,,0.0,0,0,0,無,無,19490000,70108,,0.0,0,,RPPNMLQJKHKGFBM48DA,0.0,0.0,0.0,無,
埔里鎮,土地,共和段431-2地號,102.0,,特定農業區,農牧用地,1130801,土地3建物0車位0,,,其他,,,,0.0,0,0,0,無,無,866000,8490,,0.0,0,畸零地或有合併使用效益；,RPPNMLSJJHKGFCM68DA,0.0,0.0,0.0,無,
草屯鎮,房地(土地+建物),南投縣草屯鎮嘉興街１７號,113.0,住,,,1130803,土地1建物1車位0,全,三層,透天厝,住家用,鋼筋混凝土造,1130718,229.94,4,3,5,有,無,22500000,97852,,0.0,0,,RPQNMLKMKIJGFBM28DA,219.99,0.0,9.95,有,
草屯鎮,房地(土地+建物),南投縣草屯鎮富中路１０９巷２弄８號,90.74,住,,,1130728,土地2建物1車位0,全,三層,透天厝,住家用,鋼筋混凝土造,0811030,99.21,6,2,3,有,無,7300000,73581,,0.0,0,增建違建或占用部分：頂樓增建、其他：一樓空地增建到三樓。頂樓加蓋；其他增建；,RPSNMLNLJHKGFBM58DA,89.55,5.16,4.5,無,
南投市,房地(土地+建物),南投縣南投市南陽路３４３之１７號十三樓,14.76,住,,,1130705,土地1建物1車位0,十三層,十三層,住宅大樓(11層含以上有電梯),住家用,鋼筋混凝土造,0840216,111.76,3,2,2,有,有,6000000,53686,,0.0,0,,RPPNMLRKKHKGFAM58DA,79.54,0.0,8.85,有,
中寮鄉,土地,清水段516-2地號,2500.0,,山坡地保育區,農牧用地,1130622,土地1建物0車位0,,,其他,,,,0.0,0,0,0,無,無,967643,387,,0.0,0,,RPQNMLOKKHKGFAM48EA,0.0,0.0,0.0,無,
南投市,土地,茄苳腳段552-39地號,864.0,都市：其他:保護區,,,1130415,土地2建物0車位0,,,其他,,,,0.0,0,0,0,無,無,11250000,13021,,0.0,0,未登記建物；,RPROMLMJKIJGFAM28DA,0.0,0.0,0.0,無,
魚池鄉,土地,九族段259-1地號,195.99,,一般農業區,特定目的事業用地,1130423,土地2建物0車位0,,,其他,,,,0.0,0,0,0,無,無,1195539,6100,,0.0,0,台電高壓鐵塔用地協議價購；,RPPNMLQKJHKGFCM58DA,0.0,0.0,0.0,無,
南投市,房地(土地+建物)+車位,南投縣南投市彰南路二段５９６巷５６弄１１號五樓之８,29.8,都市：其他:住宅區,,,1130418,土地2建物1車位2,五層,五層,華廈(10層含以下有電梯),住家用,鋼筋混凝土造,1131014,120.36,3,1,2,有,有,9950000,89612,坡道平面,38.34,2600000,預售屋、或土地及建物分件登記案件；,RPSNMLOLJHKGFAM58DA,45.6,0.0,11.81,有,
南投市,房地(土地+建物)+車位,南投縣南投市彰南路二段５９６巷５６弄１１號三樓之７,26.74,都市：其他:住宅區,,,1130328,土地2建物1車位1,三層,五層,華廈(10層含以下有電梯),住家用,鋼筋混凝土造,1131014,93.91999999999999,2,1,2,有,有,7950000,91639,坡道平面,19.17,1100000,預售屋、或土地及建物分件登記案件；,RPTNMLOLJHKGFAM68DA,45.07,0.0,6.44,有,
竹山鎮,房地(土地+建物),南投縣竹山鎮集山路一段１６３３巷２９號二樓之３,25.08,,鄉村區,乙種建築用地,1130225,土地4建物1車位0,二層,七層,華廈(10層含以下有電梯),住家用,鋼筋混凝土造,1140103,85.83,2,2,2,有,有,4860000,56624,,0.0,0,預售屋、或土地及建物分件登記案件；,RPRNMLQJKHKGFDM88DA,59.47,0.0,6.81,有,
埔里鎮,房地(土地+建物),南投縣埔里鎮武界路９２號,6019.37,,山坡地保育區,農牧用地,1121213,土地2建物1車位0,全,一層,透天厝,工業用,鋼骨造有牆,1110527,2245.76,0,0,0,無,無,60000000,26717,,0.0,0,合約價格包含埔里鎮東埔段1344、1344-2、1283地號及328建號，本次先行移轉標的為埔里鎮東埔段1344、1344-2地號及328建號。本移轉標的建物格局為畜牧設施雞舍、管理室、倉儲、堆肥舍,RPQNMLNKJHKGFCM38DA,2245.76,0.0,0.0,無,
草屯鎮,房地(土地+建物)+車位,南投縣草屯鎮博愛路２７９號十三樓之５,22.27,住,,,1121007,土地1建物1車位1,十三層,十五層,住宅大樓(11層含以上有電梯),住家用,鋼筋混凝土造,1131106,126.27000000000001,2,2,1,有,有,9300000,86769,坡道平面,35.8,1450000,民國113年9月5日讓渡讓渡金額930萬元整預售屋、或土地及建物分件登記案件；,RPWNMLNJKHKGFBM88DA,54.61,0.0,5.43,有,
草屯鎮,房地(土地+建物),南投縣草屯鎮加老路２５５號二樓之６,32.96,,鄉村區,乙種建築用地,1120317,土地2建物1車位0,二層,五層,華廈(10層含以下有電梯),住家用,鋼筋混凝土造,1131017,96.49,2,2,2,有,有,5750000,59592,,0.0,0,預售屋、或土地及建物分件登記案件；,RPXNMLRJKHKGFBM76DA,67.59,0.0,6.02,有,
草屯鎮,房地(土地+建物),南投縣草屯鎮加老路２５５號三樓之１,31.11,,鄉村區,乙種建築用地,1120323,土地2建物1車位0,三層,五層,華廈(10層含以下有電梯),住家用,鋼筋混凝土造,1131017,91.08,2,2,2,有,有,6000000,65876,,0.0,0,預售屋、或土地及建物分件登記案件；,RPPOMLRJKHKGFBM68DA,63.46,0.0,6.0,有,
草屯鎮,房地(土地+建物),南投縣草屯鎮加老路２５５號三樓之５,33.06,,鄉村區,乙種建築用地,1120303,土地2建物1車位0,三層,五層,華廈(10層含以下有電梯),住家用,鋼筋混凝土造,1131017,96.85000000000001,2,2,2,有,有,6330000,65359,,0.0,0,預售屋、或土地及建物分件登記案件；,RPSOMLRJKHKGFBM98DA,67.59,0.0,6.31,有,
草屯鎮,房地(土地+建物),南投縣草屯鎮加老路２５５號五樓之６,32.96,,鄉村區,乙種建築用地,1120303,土地2建物1車位0,五層,五層,華廈(10層含以下有電梯),住家用,鋼筋混凝土造,1131017,96.69999999999999,2,2,2,有,有,6330000,65460,,0.0,0,預售屋、或土地及建物分件登記案件；,RPTPMLRJKHKGFBM56DA,71.33,0.0,2.49,有,
竹山鎮,房地(土地+建物),南投縣竹山鎮集山路一段１６３３巷２９號三樓之１,24.83,,鄉村區,乙種建築用地,1120321,土地4建物1車位0,三層,七層,華廈(10層含以下有電梯),住家用,鋼筋混凝土造,1140103,85.11999999999999,2,2,2,有,有,4880000,57331,,0.0,0,預售屋、或土地及建物分件登記案件；,RPSNMLQJKHKGFDM98DA,58.79,0.0,6.78,有,
草屯鎮,房地(土地+建物),南投縣草屯鎮加老路２５５號五樓之５,33.06,,鄉村區,乙種建築用地,1120225,土地2建物1車位0,五層,五層,華廈(10層含以下有電梯),住家用,鋼筋混凝土造,1131017,97.06,2,2,2,有,有,6380000,65733,,0.0,0,預售屋、或土地及建物分件登記案件；,RPSPMLRJKHKGFBM09DA,71.33,0.0,2.78,有,
竹山鎮,房地(土地+建物),南投縣竹山鎮集山路一段１６３３巷２９號二樓之２,24.81,,鄉村區,乙種建築用地,1111218,土地4建物1車位0,二層,七層,華廈(10層含以下有電梯),住家用,鋼筋混凝土造,1140103,84.58,2,2,2,有,有,4600000,54386,,0.0,0,預售屋、或土地及建物分件登記案件；,RPQNMLQJKHKGFDM78DA,57.55,0.0,7.48,有,
草屯鎮,房地(土地+建物),南投縣草屯鎮加老路２５１號,39.57,,鄉村區,乙種建築用地,1111105,土地2建物1車位0,一層，見其他登記事項,五層,華廈(10層含以下有電梯),住家用,鋼筋混凝土造,1131017,112.64,0,0,0,無,有,7150000,63477,,0.0,0,預售屋、或土地及建物分件登記案件；,RPRNMLRJKHKGFBM78DA,88.44,0.0,0.0,有,
草屯鎮,房地(土地+建物),南投縣草屯鎮加老路３５７號,43.07,,鄉村區,乙種建築用地,1111104,土地2建物1車位0,一層，見其他登記事項,五層,華廈(10層含以下有電梯),住家用,鋼筋混凝土造,1131017,122.66,0,0,0,無,有,7950000,64813,,0.0,0,預售屋、或土地及建物分件登記案件；,RPSNMLRJKHKGFBM88DA,96.34,0.0,0.0,有,
草屯鎮,房地(土地+建物),南投縣草屯鎮加老路２５５號二樓之１,31.11,,鄉村區,乙種建築用地,1111113,土地2建物1車位0,二層,五層,華廈(10層含以下有電梯),住家用,鋼筋混凝土造,1131017,91.08,2,2,2,有,有,5580000,61265,,0.0,0,預售屋、或土地及建物分件登記案件；,RPTNMLRJKHKGFBM98DA,63.46,0.0,6.0,有,
草屯鎮,房地(土地+建物),南投縣草屯鎮加老路２５５號三樓之３,33.45,,鄉村區,乙種建築用地,1111105,土地2建物1車位0,三層,五層,華廈(10層含以下有電梯),住家用,鋼筋混凝土造,1131017,97.77000000000001,2,2,2,有,有,6000000,61369,,0.0,0,預售屋、或土地及建物分件登記案件；,RPROMLRJKHKGFBM88DA,67.99,0.0,6.57,有,
草屯鎮,房地(土地+建物),南投縣草屯鎮加老路２５５號二樓之５,33.06,,鄉村區,乙種建築用地,1111015,土地2建物1車位0,二層,五層,華廈(10層含以下有電梯),住家用,鋼筋混凝土造,1131017,96.85000000000001,2,2,2,有,有,5700000,58854,,0.0,0,預售屋、或土地及建物分件登記案件；,RPWNMLRJKHKGFBM66DA,67.59,0.0,6.31,有,
草屯鎮,房地(土地+建物),南投縣草屯鎮加老路２５５號二樓之７,39.38,,鄉村區,乙種建築用地,1111009,土地2建物1車位0,二層,五層,華廈(10層含以下有電梯),住家用,鋼筋混凝土造,1131017,115.11,3,2,2,有,有,6430000,55860,,0.0,0,預售屋、或土地及建物分件登記案件；,RPOOMLRJKHKGFBM58DA,81.13,0.0,6.67,有,
草屯鎮,房地(土地+建物),南投縣草屯鎮加老路２５５號三樓之２,31.79,,鄉村區,乙種建築用地,1111009,土地2建物1車位0,三層,五層,華廈(10層含以下有電梯),住家用,鋼筋混凝土造,1131017,93.36,2,2,2,有,有,5870000,62875,,0.0,0,預售屋、或土地及建物分件登記案件；,RPQOMLRJKHKGFBM78DA,68.43,0.0,2.84,有,
草屯鎮,房地(土地+建物),南投縣草屯鎮加老路２５５號三樓之７,39.38,,鄉村區,乙種建築用地,1111009,土地2建物1車位0,三層,五層,華廈(10層含以下有電梯),住家用,鋼筋混凝土造,1131017,115.11,3,2,2,有,有,7100000,61680,,0.0,0,預售屋、或土地及建物分件登記案件；,RPUOMLRJKHKGFBM56DA,81.13,0.0,6.67,有,
草屯鎮,房地(土地+建物),南投縣草屯鎮加老路２５５號四樓之２,31.79,,鄉村區,乙種建築用地,1111013,土地2建物1車位0,四層,五層,華廈(10層含以下有電梯),住家用,鋼筋混凝土造,1131017,93.36,2,2,2,有,有,5780000,61911,,0.0,0,預售屋、或土地及建物分件登記案件；,RPVOMLRJKHKGFBM66DA,68.43,0.0,2.84,有,
草屯鎮,房地(土地+建物),南投縣草屯鎮加老路２５５號四樓之５,33.06,,鄉村區,乙種建築用地,1111014,土地2建物1車位0,四層,五層,華廈(10層含以下有電梯),住家用,鋼筋混凝土造,1131017,96.85000000000001,2,2,2,有,有,5880000,60712,,0.0,0,預售屋、或土地及建物分件登記案件；,RPXOMLRJKHKGFBM86DA,67.59,0.0,6.31,有,
草屯鎮,房地(土地+建物),南投縣草屯鎮加老路２５５號四樓之１,31.11,,鄉村區,乙種建築用地,1111022,土地2建物1車位0,四層,五層,華廈(10層含以下有電梯),住家用,鋼筋混凝土造,1131017,91.08,2,2,2,有,有,5720000,62802,,0.0,0,預售屋、或土地及建物分件登記案件；,RPVPMLRJKHKGFBM76DA,63.46,0.0,6.0,有,
草屯鎮,房地(土地+建物),南投縣草屯鎮加老路２５５號四樓之６,32.96,,鄉村區,乙種建築用地,1111014,土地2建物1車位0,四層,五層,華廈(10層含以下有電梯),住家用,鋼筋混凝土造,1131017,96.49,2,2,2,有,有,5930000,61457,,0.0,0,預售屋、或土地及建物分件登記案件；,RPOPMLRJKHKGFBM68DA,67.59,0.0,6.02,有,
草屯鎮,房地(土地+建物),南投縣草屯鎮加老路２５５號五樓之２,31.79,,鄉村區,乙種建築用地,1111016,土地2建物1車位0,五層,五層,華廈(10層含以下有電梯),住家用,鋼筋混凝土造,1131017,93.60000000000001,2,2,2,有,有,6060000,64744,,0.0,0,預售屋、或土地及建物分件登記案件；,RPQPMLRJKHKGFBM88DA,71.51,0.0,0.0,有,
草屯鎮,房地(土地+建物),南投縣草屯鎮加老路２５５號五樓之３,33.45,,鄉村區,乙種建築用地,1111015,土地2建物1車位0,五層,五層,華廈(10層含以下有電梯),住家用,鋼筋混凝土造,1131017,97.77000000000001,2,2,2,有,有,5860000,59937,,0.0,0,預售屋、或土地及建物分件登記案件；,RPRPMLRJKHKGFBM98DA,67.99,0.0,6.57,有,
草屯鎮,房地(土地+建物),南投縣草屯鎮加老路２５５號二樓之２,31.79,,鄉村區,乙種建築用地,1111022,土地2建物1車位0,二層,五層,華廈(10層含以下有電梯),住家用,鋼筋混凝土造,1131017,93.36,2,2,2,有,有,5650000,60518,,0.0,0,預售屋、或土地及建物分件登記案件；,RPVNMLRJKHKGFBM56DA,68.43,0.0,2.84,有,
草屯鎮,房地(土地+建物),南投縣草屯鎮加老路２５５號四樓之３,33.45,,鄉村區,乙種建築用地,1111011,土地2建物1車位0,四層,五層,華廈(10層含以下有電梯),住家用,鋼筋混凝土造,1131017,97.77000000000001,2,2,2,有,有,5610000,57380,,0.0,0,預售屋、或土地及建物分件登記案件；,RPWOMLRJKHKGFBM76DA,67.99,0.0,6.57,有,
草屯鎮,房地(土地+建物),南投縣草屯鎮加老路２５５號四樓之７,39.38,,鄉村區,乙種建築用地,1111017,土地2建物1車位0,四層,五層,華廈(10層含以下有電梯),住家用,鋼筋混凝土造,1131017,115.11,3,2,2,有,有,6780000,58900,,0.0,0,預售屋、或土地及建物分件登記案件；,RPWPMLRJKHKGFBM86DA,81.13,0.0,6.67,有,
草屯鎮,房地(土地+建物)+車位,南投縣草屯鎮博愛路２７９號十二樓之３,29.52,住,,,1110807,土地1建物1車位1,十二層,十五層,住宅大樓(11層含以上有電梯),住家用,鋼筋混凝土造,1131106,156.03,3,2,2,有,有,12000000,86917,坡道平面,35.8,1550000,預售屋、或土地及建物分件登記案件；,RPXNMLNJKHKGFBM98DA,70.64,0.0,9.08,有,
草屯鎮,房地(土地+建物)+車位,南投縣草屯鎮博愛路２７９號十四樓之２,19.69,住,,,1110312,土地1建物1車位1,十四層,十五層,住宅大樓(11層含以上有電梯),住家用,鋼筋混凝土造,1131106,115.68,2,1,1,有,有,7930000,81122,坡道平面,35.8,1450000,民國113年3月23日讓渡讓渡金額850萬元整預售屋、或土地及建物分件登記案件；,RPOOMLNJKHKGFBM18DA,47.51,0.0,5.49,有,
南投市,房地(土地+建物),南投縣南投市彰南路三段１１２８號,1502.56,農,,,1101109,土地4建物1車位0,全,一層,透天厝,農業用,鋼鐵造有牆,1130920,750.0,0,0,0,無,無,16000000,21333,,0.0,0,建物係以賣方名義申請之農業設施，由買方出資興建，價格新台幣412萬5000元整，於辦理保存登記為賣方名義後，再登記過戶予買方，本買賣之總價款未包含建物之價金。,RPQNMLTKJIJGFAM78DA,750.0,0.0,0.0,無,
草屯鎮,房地(土地+建物)+車位,南投縣草屯鎮博愛路２７７號七樓之６,22.27,住,,,1100801,土地1建物1車位1,七層,十五層,住宅大樓(11層含以上有電梯),住家用,鋼筋混凝土造,1131106,126.27000000000001,2,2,1,有,有,7720000,70410,坡道平面,35.8,1350000,民國113年11月20日讓渡讓渡金額772萬元整預售屋、或土地及建物分件登記案件；,RPVNMLNJKHKGFBM78DA,54.61,0.0,5.43,有,
南投市,房地(土地+建物),南投縣南投市順溪北路一段８８２巷７號三樓之２,49.76,,鄉村區,乙種建築用地,1100720,土地3建物1車位0,三層,五層,華廈(10層含以下有電梯),住家用,鋼筋混凝土造,1130319,84.6,2,2,1,有,有,4950000,58511,,0.0,0,預售屋、或土地及建物分件登記案件；,RPTNMLMLJHKGFAM48DA,56.32,0.0,7.63,有,
南投市,房地(土地+建物),南投縣南投市順溪北路一段８８２巷３號五樓之２,49.76,,鄉村區,乙種建築用地,1100624,土地3建物1車位0,五層,五層,華廈(10層含以下有電梯),住家用,鋼筋混凝土造,1130319,84.6,2,2,1,有,有,4890000,57801,,0.0,0,預售屋、或土地及建物分件登記案件；,RPQNMLMLJHKGFAM18DA,56.32,0.0,7.63,有,
草屯鎮,房地(土地+建物)+車位,南投縣草屯鎮博愛路２７７號七樓之１,29.62,住,,,1100514,土地1建物1車位1,七層,十五層,住宅大樓(11層含以上有電梯),住家用,鋼筋混凝土造,1131106,156.03,3,2,2,有,有,9280000,66789,坡道平面,35.8,1250000,民國112年11月13日讓渡讓渡金額928萬元整預售屋、或土地及建物分件登記案件；,RPUNMLNJKHKGFBM68DA,70.64,0.0,9.08,有,
草屯鎮,房地(土地+建物)+車位,南投縣草屯鎮中山街１１９號四樓之３,18.28,商,,,1100506,土地1建物1車位1,四層,十五層,住宅大樓(11層含以上有電梯),住家用,鋼筋混凝土造,1131016,125.98,2,2,2,有,有,6900000,60086,坡道平面,28.62,1050000,預售屋、或土地及建物分件登記案件；,RPSNMLSJKHKGFBM98DA,60.58,0.0,4.34,有,
草屯鎮,房地(土地+建物)+車位,南投縣草屯鎮博愛路２７７號六樓之２,19.69,住,,,1100331,土地1建物1車位1,六層,十五層,住宅大樓(11層含以上有電梯),住家用,鋼筋混凝土造,1131106,115.68,2,1,1,有,有,6380000,65473,坡道平面,35.8,1150000,預售屋、或土地及建物分件登記案件；,RPTNMLNJKHKGFBM58DA,47.51,0.0,5.49,有,
南投市,房地(土地+建物),南投縣南投市順溪北路一段８８２巷１號五樓之１,60.12,,鄉村區,乙種建築用地,1100221,土地3建物1車位0,五層,五層,華廈(10層含以下有電梯),住家用,鋼筋混凝土造,1130319,118.66,3,2,2,有,有,6880000,57981,,0.0,0,預售屋、或土地及建物分件登記案件；,RPSNMLMLJHKGFAM38DA,82.72,0.0,6.99,有,
草屯鎮,房地(土地+建物)+車位,南投縣草屯鎮博愛路２７７號十五樓之５,22.31,住,,,1100204,土地1建物1車位1,十五層,十五層,住宅大樓(11層含以上有電梯),住家用,鋼筋混凝土造,1131106,126.41,2,2,1,有,有,7460000,69639,坡道平面,35.8,1150000,預售屋、或土地及建物分件登記案件；,RPPOMLNJKHKGFBM28DA,54.66,0.0,5.43,有,
南投市,房地(土地+建物),南投縣南投市順溪北路一段８８２巷７號四樓之１,49.76,,鄉村區,乙種建築用地,1100105,土地3建物1車位0,四層,五層,華廈(10層含以下有電梯),住家用,鋼筋混凝土造,1130319,84.6,2,2,1,有,有,4830000,57092,,0.0,0,預售屋、或土地及建物分件登記案件；,RPUNMLMLJHKGFAM58DA,56.32,0.0,7.63,有,
南投市,房地(土地+建物),南投縣南投市順溪北路一段８８２巷１號四樓之３,51.05,,鄉村區,乙種建築用地,1091204,土地3建物1車位0,四層,五層,華廈(10層含以下有電梯),住家用,鋼筋混凝土造,1130319,88.86,2,2,1,有,有,4830000,54355,,0.0,0,預售屋、或土地及建物分件登記案件；,RPVNMLMLJHKGFAM68DA,59.54,0.0,7.63,有,
南投市,房地(土地+建物),南投縣南投市順溪北路一段８８２巷１號四樓之１,60.12,,鄉村區,乙種建築用地,1090719,土地3建物1車位0,四層,五層,華廈(10層含以下有電梯),住家用,鋼筋混凝土造,1130319,118.66,3,2,2,有,有,6350000,53514,,0.0,0,預售屋、或土地及建物分件登記案件；,RPWNMLMLJHKGFAM78DA,82.72,0.0,6.99,有,
南投市,房地(土地+建物),南投縣南投市順溪北路一段８８２巷１號一樓,56.42,,鄉村區,乙種建築用地,1090621,土地3建物1車位0,一層，見其他登記事項,五層,華廈(10層含以下有電梯),住家用,鋼筋混凝土造,1130319,106.12,3,2,2,有,有,6600000,62194,,0.0,0,預售屋、或土地及建物分件登記案件；,RPRNMLMLJHKGFAM28DA,69.59,0.0,2.91,有,
南投市,房地(土地+建物),南投縣南投市順溪北路一段８８２巷１號五樓之２,50.5,,鄉村區,乙種建築用地,1090504,土地3建物1車位0,五層,五層,華廈(10層含以下有電梯),住家用,鋼筋混凝土造,1130319,87.07,2,2,1,有,有,4600000,52831,,0.0,0,預售屋、或土地及建物分件登記案件；,RPPNMLMLJHKGFAM08DA,55.5,0.0,10.33,有,
國姓鄉,土地,北山坑段313-4地號,17.83,,山坡地保育區,農牧用地,851113,土地1建物0車位0,,,其他,,,,0.0,0,0,0,無,無,100000,5609,,0.0,0,早期買賣，至今過戶。,RPPNMLMKKHKGFCM28DA,0.0,0.0,0.0,無,021
