﻿編號,車位類別,車位價格,車位面積平方公尺,車位所在樓層
Serial number,berth category,berth price,berth area square meter,
RPPNMLLKKHKGFCM18DA,坡道平面,0,,地下二樓
RPPNMLOKKHKGFAM38EA,一樓平面,0,,一樓
RPSNMLKLJHKGFAM18DA,坡道平面,0,29.90,地下二樓
RPRNMLRKKHKGFDM09DA,坡道機械,0,,地下一樓
RPSNMLRLKIJGFCM56DA,一樓平面,1300000,18.26,一樓
RPPNMLQLKIJGFCM78DA,坡道平面,0,,地下一樓
RPRNMLLKJHKGFCM28DA,一樓平面,0,20.78,一樓
RPQNMLOLJHKGFAM38DA,坡道平面,1300000,19.17,一樓
RPUNMLOLJHKGFAM78DA,坡道平面,1100000,19.17,地下一樓
RPSNMLOLJHKGFAM58DA,坡道平面,1300000,19.17,一樓
RPSNMLOLJHKGFAM58DA,坡道平面,1300000,19.17,一樓
RPTNMLOLJHKGFAM68DA,坡道平面,1100000,19.17,地下一樓
RPWNMLNJKHKGFBM88DA,坡道平面,1450000,35.80,地下二樓
RPPNMLPKJHKGFBM38DA,坡道平面,0,,地下一樓
RPQNMLRKJHKGFBM68DA,坡道機械,0,,地下一樓
RPVNMLNJKHKGFBM78DA,坡道平面,1350000,35.80,地下二樓
RPXNMLNJKHKGFBM98DA,坡道平面,1550000,35.80,地下一樓
RPUNMLNJKHKGFBM68DA,坡道平面,1250000,35.80,地下二樓
RPOOMLNJKHKGFBM18DA,坡道平面,1450000,35.80,地下一樓
RPTNMLNJKHKGFBM58DA,坡道平面,1150000,35.80,地下三樓
RPPOMLNJKHKGFBM28DA,坡道平面,1150000,35.80,地下二樓
RPSNMLSJKHKGFBM98DA,坡道平面,1050000,28.62,地下二樓
