﻿鄉鎮市區,交易標的,土地位置建物門牌,土地移轉總面積平方公尺,都市土地使用分區,非都市土地使用分區,非都市土地使用編定,交易年月日,交易筆棟數,移轉層次,總樓層數,建物型態,主要用途,主要建材,建築完成年月,建物移轉總面積平方公尺,建物現況格局-房,建物現況格局-廳,建物現況格局-衛,建物現況格局-隔間,有無管理組織,總價元,單價元平方公尺,車位類別,車位移轉總面積平方公尺,車位總價元,備註,編號,建案名稱,棟及號,解約情形
The villages and towns urban district,transaction sign,land sector position building sector house number plate,land shifting total area square meter,the use zoning or compiles and checks,the non-metropolis land use district,non-metropolis land use,transaction year month and day,transaction pen number,shifting level,total floor number,building state,main use,main building materials,construction to complete the years,building shifting total area,Building present situation pattern - room,building present situation pattern - hall,building present situation pattern - health,building present situation pattern - compartmented,Whether there is manages the organization,total price NTD,the unit price (NTD / square meter),the berth category,berth shifting total area square meter,the berth total price NTD,the note,serial number,build case,buildings,termination type
草屯鎮,房地(土地+建物)+車位,南投縣草屯鎮富春路,25.76,住,,,1140114,土地3建物1車位1,十四層,14,住宅大樓(11層含以上有電梯),住家用,鋼筋混凝土造,,142.58,3,2,2,有,無,14000000,111427,坡道平面,33.54,1850000,,RPPNMLTKJHKGFBM78CB,富森林,A3棟14F號,
南投市,房地(土地+建物)+車位,南投縣南投市光明南路,21.09,住,,,1140115,土地1建物1車位1,十層,13,住宅大樓(11層含以上有電梯),住家用,鋼筋混凝土造,,127.22,3,2,2,有,無,11300000,95763,坡道平面,26.45,1650000,,RPPNMLLLJHKGFAM97CB,三銳世紀,G棟6號,
草屯鎮,房地(土地+建物)+車位,南投縣草屯鎮中和路,20.35,,鄉村區,乙種建築用地,1140112,土地2建物1車位1,五層,14,住宅大樓(11層含以上有電梯),住家用,鋼筋混凝土造,,126.29,2,2,2,有,無,8820000,78191,升降機械,24.36,850000,,RPPNMLMLJHKGFBM18CB,廣宣-水琉璃,A5棟05號,
草屯鎮,房地(土地+建物)+車位,南投縣草屯鎮中和路,22.35,,鄉村區,乙種建築用地,1140111,土地2建物1車位1,十層,14,住宅大樓(11層含以上有電梯),住家用,鋼筋混凝土造,,160.64,3,2,2,有,無,10250000,79067,坡道平面,48.71,1400000,,RPQNMLMLJHKGFBM28CB,廣宣-水琉璃,A1棟10號,
草屯鎮,房地(土地+建物)+車位,南投縣草屯鎮中和路,20.35,,鄉村區,乙種建築用地,1140111,土地2建物1車位2,八層,14,住宅大樓(11層含以上有電梯),住家用,鋼筋混凝土造,,150.65,2,2,2,有,無,9720000,80153,升降機械,48.72,1550000,,RPRNMLMLJHKGFBM38CB,廣宣-水琉璃,B5棟08號,
草屯鎮,房地(土地+建物)+車位,南投縣草屯鎮中和路,15.67,,鄉村區,乙種建築用地,1140120,土地2建物1車位1,二層,14,住宅大樓(11層含以上有電梯),住家用,鋼筋混凝土造,,127.05,2,2,1,有,無,7100000,74036,坡道平面,48.71,1300000,,RPSNMLMLJHKGFBM48CB,廣宣-水琉璃,B3棟02號,
南投市,房地(土地+建物)+車位,南投縣南投市文化路707巷,90.56,住,,,1140115,土地5建物1車位1,全,3,透天厝,住家用,鋼筋混凝土造,,151.35,4,2,3,有,無,12800000,84572,一樓平面,0.0,0,,RPPNMLNLJHKGFAM18CB,文化一綻,A棟3號,
埔里鎮,房地(土地+建物)+車位,南投縣埔里鎮南昌街,16.57,商,,,1140120,土地1建物1車位1,三層,15,住宅大樓(11層含以上有電梯),住家用,鋼筋混凝土造,,129.5,3,2,2,有,無,10000000,82126,坡道平面,26.0,1500000,,RPRNMLNLJHKGFCM58CB,三銳富城,B棟3號,
竹山鎮,房地(土地+建物),南投縣竹山鎮大禮路,27.36,住,,,1140115,土地1建物1車位0,四層,5,華廈(10層含以下有電梯),住家用,鋼筋混凝土造,,66.95,2,1,1,有,無,4300000,64227,,0.0,0,,RPQNMLOJKHKGFDM58CB,竹山靜好,A棟4A1號,
埔里鎮,房地(土地+建物),南投縣埔里鎮蜈蚣路,30.56,,鄉村區,乙種建築用地,1140111,土地2建物1車位0,三層,9,華廈(10層含以下有電梯),住家用,鋼筋混凝土造,,103.01,3,2,2,有,無,8600000,83487,,0.0,0,,RPPNMLPJKHKGFCM48CB,東方璞美,B棟03號,
埔里鎮,房地(土地+建物),南投縣埔里鎮蜈蚣路,31.78,,鄉村區,乙種建築用地,1140112,土地2建物1車位0,五層,9,華廈(10層含以下有電梯),住家用,鋼筋混凝土造,,107.3,3,2,2,有,無,9000000,83877,,0.0,0,交易總價含下列非屬預售屋價格之費用:裝潢費；傢俱設備費；,RPQNMLPJKHKGFCM58CB,東方璞美,A棟05號,
竹山鎮,房地(土地+建物)+車位,南投縣竹山鎮大和街126巷1號,29.1,住,,,1140118,土地2建物1車位1,六層,7,華廈(10層含以下有電梯),住家用,鋼筋混凝土造,,103.62,3,1,2,有,無,8590000,82786,一樓平面,13.75,1150000,,RPPNMLKKKHKGFDM18CB,大和青森,G棟6號,
竹山鎮,房地(土地+建物)+車位,南投縣竹山鎮大禮路,43.19,住,,,1140115,土地1建物1車位1,四層,10,華廈(10層含以下有電梯),住家用,鋼筋混凝土造,,112.74,3,2,2,有,無,7880000,82943,坡道平面,29.55,980000,原由弟石耀鈞權利轉讓給姐姐石馨喻並加購車位,RPPNMLMKKHKGFDM38CB,竹山恆美,B棟4B3號,
埔里鎮,房地(土地+建物)+車位,南投縣埔里鎮東潤路,100.45,,特定農業區,甲種建築用地,1140120,土地2建物1車位1,全,3,透天厝,住家用,鋼筋混凝土造,,138.7,3,2,4,有,無,10280000,74117,一樓平面,0.0,0,停車位位於法定空地上未單獨計價,RPPNMLNKKHKGFCM38CB,謙原墅,A棟3號,
