﻿編號,屋齡,建物移轉面積平方公尺,主要用途,主要建材,建築完成日期,總層數,建物分層,移轉情形
The serial number,room age,building shifting area square meter,the main use,main building materials,construction completes the date,total layer,building lamination,
RPPNMLMKKHKGFDM38DA,29,27.61,集合住宅,鋼筋混凝土造,85年3月9日,七層,五層 陽台 花台,全筆移轉
RPPNMLMKKHKGFDM38DA,29,4.32,防空避難室、停車空間、門廳、屋頂突出物等公共設施,鋼筋混凝土造,85年3月9日,七層,,持分移轉
RPPNMLMKKHKGFDM38DA,29,5.71,梯間、走道,鋼筋混凝土造,85年3月9日,七層,,持分移轉
RPPNMLSKKHKGFDM98DA,26,336.53,農舍,鋼筋混凝土造,88年3月4日,二層,一層 二層 陽台 地下一層,全筆移轉
RPSNMLMKKHKGFCM58DA,41,72.24,住家用,鋼筋混凝土造,73年1月19日,四層,三層,全筆移轉
RPPNMLOKKHKGFAM28DA,,107.24,住商用,鋼筋混凝土加強磚造,71年7月0日,二層,一層 二層 騎樓,全筆移轉
RPUNMLOJKHKGFBM78DA,47,86.38,住商用,鋼筋混凝土加強磚造,67年6月5日,二層,一層 二層,全筆移轉
RPSNMLOJKHKGFBM58DA,7,80.08,集合住宅,鋼筋混凝土造,107年5月2日,十一層,十一層 陽台,全筆移轉
RPSNMLOJKHKGFBM58DA,7,43.06,本共有部分之項目有停車空間、昇降機間、梯廳、無障礙安全梯、消防機房、發電機房、水箱間、防空避難室兼停車空間、台電配電場所、電信機房、管委會使用空間、戶外安全梯、機械室及樓梯間等１４項,鋼筋混凝土造,107年5月2日,十一層,,持分移轉
RPQNMLRJKHKGFBM68DA,12,12.00,農舍,鋼鐵造有牆,101年11月19日,一層,一層,全筆移轉
RPPNMLOJKHKGFAM18DA,27,86.72,住家用,鋼筋混凝土造,86年9月19日,十四層,四層 陽台,全筆移轉
RPPNMLOJKHKGFAM18DA,27,21.62,水箱受電室、機房、梯廳、走道、防空避難室,鋼筋混凝土造,86年9月19日,十四層,,持分移轉
RPPNMLOJKHKGFAM18DA,27,15.27,停車空間,鋼筋混凝土造,86年9月19日,十四層,,持分移轉
RPRNMLQKJHKGFDM88DA,12,180.85,住家用,鋼筋混凝土造,102年5月7日,三層,一層 二層 三層 陽台,全筆移轉
RPTNMLKLKHKGFCM58DA,9,222.55,住宅、水箱,鋼筋混凝土造,104年12月11日,三層,一層 二層 三層 陽台 見其他登記事項,全筆移轉
RPSNMLNJKHKGFAM38DA,45,114.76,住商用,鋼筋混凝土加強磚造,69年5月27日,二層,一層 二層 騎樓,全筆移轉
RPSNMLKLKHKGFCM48DA,34,276.03,住商用,鋼筋混凝土造,80年4月12日,六層,一層 二層 三層 四層 五層 屋頂突出物 騎樓,全筆移轉
RPSNMLKLKHKGFCM48DA,34,18.68,公共設施,鋼筋混凝土造,80年4月12日,六層,,持分移轉
RPQNMLMKKHKGFCM38DA,44,93.36,住家用,鋼筋混凝土加強磚造,70年1月13日,二層,一層 二層,全筆移轉
RPRNMLSKKHKGFAM88DA,1,64.91,集合住宅,鋼筋混凝土造,112年7月28日,五層,三層 陽台,全筆移轉
RPRNMLSKKHKGFAM88DA,1,14.41,停車空間、樓梯間、電梯間、梯廳、機械室,鋼筋混凝土造,112年7月28日,五層,,持分移轉
RPQNMLTKKHKGFCM09DA,39,85.88,商業用,鋼造,74年7月23日,一層,一層 騎樓,全筆移轉
RPQNMLTKKHKGFCM09DA,39,85.88,商業用,鋼造,74年7月23日,一層,一層 騎樓,全筆移轉
RPSNMLKLJHKGFCM38DA,45,116.04,住商用,加強磚造,69年3月1日,二層,一層 二層 騎樓,全筆移轉
RPRNMLPLKHKGFCM88DA,28,438.19,自用農舍,ＲＣ造,86年5月5日,二層,一層 二層,全筆移轉
RPRNMLRKKHKGFAM78DA,2,74.39,集合住宅,鋼筋混凝土造,111年12月12日,五層,五層 陽台,全筆移轉
RPRNMLRKKHKGFAM78DA,2,11.35,停車空間、樓梯間、機電設備室,鋼筋混凝土造,111年12月12日,五層,,持分移轉
RPWNMLLKKHKGFCM88DA,29,20.66,走道、機械房、門廳、騎樓、防空避難室兼停車場、梯間,鋼筋混凝土造,85年2月9日,十五層,,持分移轉
RPWNMLLKKHKGFCM88DA,29,85.17,集合住宅,鋼筋混凝土造,85年2月9日,十五層,二層 陽台 露台,全筆移轉
RPQNMLSJJHKGFDM88DA,42,121.66,住商用,鋼筋混凝土加強磚造,71年11月9日,二層,一層 二層 騎樓,全筆移轉
RPRNMLLMKIJGFCM58DA,,43.74,集合住宅,ＲＣ造,113年9月25日,七層,六層 陽台,全筆移轉
RPRNMLLMKIJGFCM58DA,,23.43,消防機房兼發電機室、電信室、台電配電室、水箱、停車空間、樓梯間、梯廳、電梯機房等８項,ＲＣ造,113年9月25日,七層,,持分移轉
RPTNMLKKJHKGFAM18DA,30,106.56,店舖、集合住宅,鋼筋混凝土造,83年11月9日,十六層,一層 二層 陽台 平台 騎樓,全筆移轉
RPTNMLKKJHKGFAM18DA,30,23.65,騎樓、人行道、梯間、避難室、機械室,鋼筋混凝土造,83年11月9日,十六層,,持分移轉
RPRNMLTKKHKGFCM56DA,39,169.50,商業用,鋼造,74年7月23日,一層,一層 騎樓,全筆移轉
RPPNMLLMKIJGFCM38DA,,45.33,集合住宅,ＲＣ造,113年9月25日,七層,七層 陽台,全筆移轉
RPPNMLLMKIJGFCM38DA,,24.29,消防機房兼發電機室、電信室、台電配電室、水箱、停車空間、樓梯間、梯廳、電梯機房等８項,ＲＣ造,113年9月25日,七層,,持分移轉
RPPNMLRLKIJGFCM88DA,,43.74,集合住宅,ＲＣ造,113年9月25日,七層,七層 陽台,全筆移轉
RPPNMLRLKIJGFCM88DA,,23.43,消防機房兼發電機室、電信室、台電配電室、水箱、停車空間、樓梯間、梯廳、電梯機房等８項,ＲＣ造,113年9月25日,七層,,持分移轉
RPOOMLLKKHKGFCM18DA,2,181.79,住家用,ＲＣ造,112年3月13日,三層,一層 二層 三層 陽台,全筆移轉
RPOOMLLKKHKGFCM18DA,2,1.43,管委會使用空間,ＲＣ造,112年3月13日,一層,,持分移轉
RPWNMLTKKHKGFAM86DA,21,61.92,住家用,鋼筋混凝土造,92年8月21日,四層,三層 陽台,全筆移轉
RPWNMLTKKHKGFAM86DA,21,6.59,住家用,鋼筋混凝土造,92年8月21日,四層,,持分移轉
RPTNMLPLKHKGFCM09DA,29,168.04,住家用,鋼筋混凝土造,85年4月1日,二層,一層 二層 陽台,全筆移轉
RPVNMLLKKHKGFCM78DA,1,181.79,住家用,ＲＣ造,112年3月13日,三層,一層 二層 三層 陽台,全筆移轉
RPVNMLLKKHKGFCM78DA,1,1.43,管委會使用空間,ＲＣ造,112年3月13日,一層,,持分移轉
RPTNMLOKJHKGFAM58DA,25,7607.09,防空避難室、廠房、配電室、守衛室、更衣、浴室、水箱、儲藏室,鋼架有牆,88年7月1日,二層,一層 二層 地下層 見其他登記事項,全筆移轉
RPTNMLOKJHKGFAM58DA,25,3838.87,辦公室、宿舍、梯間、機房、水箱,鋼骨造,88年11月15日,四層,一層 二層 三層 四層 屋頂突出物,全筆移轉
RPPNMLOLJHKGFAM28DA,,41.85,集合住宅,鋼筋混凝土造,113年10月14日,五層,三層,全筆移轉
RPPNMLOLJHKGFAM28DA,,19.38,停車空間、發電機房、汙水機房、消防機房、電信室、樓梯間、電梯間、機房、水箱、台電配電室,鋼筋混凝土造,113年10月14日,五層,,持分移轉
RPSNMLSJKHKGFAM88DA,,65.85,集合住宅,鋼筋混凝土造,113年12月16日,七層,一層 陽台,全筆移轉
RPSNMLSJKHKGFAM88DA,,122.84,公共設施〔梯廳、梯間、停車空間、消防發電機室、水箱、雨汙水機房、防空避難室兼停車空間、電信室、台電配電室、管理委員會使用空間、門廳、停車空間、車道、公共設施、水箱、電梯機械室等１６項〕,鋼筋混凝土造,113年12月16日,七層,,持分移轉
RPWNMLNJJHKGFCM88DA,,39.93,集合住宅,ＲＣ造,113年9月25日,七層,六層 陽台,全筆移轉
RPWNMLNJJHKGFCM88DA,,21.39,消防機房兼發電機室、電信室、台電配電室、水箱、停車空間、樓梯間、梯廳、電梯機房等８項,ＲＣ造,113年9月25日,七層,,持分移轉
RPPPMLLKKHKGFAM18DA,,65.90,集合住宅,鋼筋混凝土造,113年12月16日,七層,七層 陽台,全筆移轉
RPPPMLLKKHKGFAM18DA,,52.99,公共設施〔梯廳、梯間、停車空間、消防發電機室、水箱、雨汙水機房、防空避難室兼停車空間、電信室、台電配電室、管理委員會使用空間、門廳、停車空間、車道、公共設施、水箱、電梯機械室等１６項〕,鋼筋混凝土造,113年12月16日,七層,,持分移轉
RPPPMLLKKHKGFAM18DA,,8.55,梯廳、梯間,鋼筋混凝土造,113年12月16日,七層,,持分移轉
RPQPMLKKKHKGFAM18DA,,66.94,集合住宅,鋼筋混凝土造,113年12月16日,七層,四層 陽台,全筆移轉
RPQPMLKKKHKGFAM18DA,,53.32,公共設施〔梯廳、梯間、停車空間、消防發電機室、水箱、雨汙水機房、防空避難室兼停車空間、電信室、台電配電室、管理委員會使用空間、門廳、停車空間、車道、公共設施、水箱、電梯機械室等１６項〕,鋼筋混凝土造,113年12月16日,七層,,持分移轉
RPQPMLKKKHKGFAM18DA,,8.68,梯廳、梯間,鋼筋混凝土造,113年12月16日,七層,,持分移轉
RPOOMLLKKHKGFAM97DA,,65.89,集合住宅,鋼筋混凝土造,113年12月16日,七層,六層 陽台,全筆移轉
RPOOMLLKKHKGFAM97DA,,52.99,公共設施〔梯廳、梯間、停車空間、消防發電機室、水箱、雨汙水機房、防空避難室兼停車空間、電信室、台電配電室、管理委員會使用空間、門廳、停車空間、車道、公共設施、水箱、電梯機械室等１６項〕,鋼筋混凝土造,113年12月16日,七層,,持分移轉
RPOOMLLKKHKGFAM97DA,,8.55,梯廳、梯間,鋼筋混凝土造,113年12月16日,七層,,持分移轉
RPQNMLSJKHKGFAM68DA,,65.71,集合住宅,鋼筋混凝土造,113年12月16日,七層,一層 陽台,全筆移轉
RPQNMLSJKHKGFAM68DA,,61.42,公共設施〔梯廳、梯間、停車空間、消防發電機室、水箱、雨汙水機房、防空避難室兼停車空間、電信室、台電配電室、管理委員會使用空間、門廳、停車空間、車道、公共設施、水箱、電梯機械室等１６項〕,鋼筋混凝土造,113年12月16日,七層,,持分移轉
RPUOMLLKKHKGFAM58DA,,53.09,集合住宅,鋼筋混凝土造,113年12月16日,七層,六層 陽台,全筆移轉
RPUOMLLKKHKGFAM58DA,,48.60,公共設施〔梯廳、梯間、停車空間、消防發電機室、水箱、雨汙水機房、防空避難室兼停車空間、電信室、台電配電室、管理委員會使用空間、門廳、停車空間、車道、公共設施、水箱、電梯機械室等１６項〕,鋼筋混凝土造,113年12月16日,七層,,持分移轉
RPUOMLLKKHKGFAM58DA,,6.89,梯廳、梯間,鋼筋混凝土造,113年12月16日,七層,,持分移轉
RPQNMLKLKHKGFAM08DA,,104.36,住家用,加強磚造,69年1月0日,一層,一層 騎樓,全筆移轉
RPVPMLLKKHKGFAM78DA,,65.95,集合住宅,鋼筋混凝土造,113年12月16日,七層,七層 陽台,全筆移轉
RPVPMLLKKHKGFAM78DA,,83.66,公共設施〔梯廳、梯間、停車空間、消防發電機室、水箱、雨汙水機房、防空避難室兼停車空間、電信室、台電配電室、管理委員會使用空間、門廳、停車空間、車道、公共設施、水箱、電梯機械室等１６項〕,鋼筋混凝土造,113年12月16日,七層,,持分移轉
RPVPMLLKKHKGFAM78DA,,8.55,梯廳、梯間,鋼筋混凝土造,113年12月16日,七層,,持分移轉
RPQNMLLLKHKGFAM28EA,39,244.05,住商用,鋼筋混凝土造,74年12月31日,四層,一層 二層 三層 四層 騎樓,全筆移轉
RPVOMLKKKHKGFAM58DA,,79.01,集合住宅,鋼筋混凝土造,113年12月16日,七層,三層 陽台,全筆移轉
RPVOMLKKKHKGFAM58DA,,88.05,公共設施〔梯廳、梯間、停車空間、消防發電機室、水箱、雨汙水機房、防空避難室兼停車空間、電信室、台電配電室、管理委員會使用空間、門廳、停車空間、車道、公共設施、水箱、電梯機械室等１６項〕,鋼筋混凝土造,113年12月16日,七層,,持分移轉
RPVOMLKKKHKGFAM58DA,,10.24,梯廳、梯間,鋼筋混凝土造,113年12月16日,七層,,持分移轉
RPQNMLKLKHKGFBM18DA,38,84.25,住家用,加強磚造,76年6月16日,一層,一層,全筆移轉
RPUNMLQJKHKGFDM56DA,,66.28,集合住宅,鋼筋混凝土造,114年1月3日,七層,三層 陽台,全筆移轉
RPUNMLQJKHKGFDM56DA,,19.55,本共有部分之項目有梯廳、私設通路、外廊、電信室、樓梯間、電梯、消防機房兼發電機室等８項,鋼筋混凝土造,114年1月3日,七層,,持分移轉
RPPOMLLKKHKGFAM08DA,,83.48,集合住宅,鋼筋混凝土造,113年12月16日,七層,六層 陽台,全筆移轉
RPPOMLLKKHKGFAM08DA,,89.57,公共設施〔梯廳、梯間、停車空間、消防發電機室、水箱、雨汙水機房、防空避難室兼停車空間、電信室、台電配電室、管理委員會使用空間、門廳、停車空間、車道、公共設施、水箱、電梯機械室等１６項〕,鋼筋混凝土造,113年12月16日,七層,,持分移轉
RPPOMLLKKHKGFAM08DA,,10.82,梯廳、梯間,鋼筋混凝土造,113年12月16日,七層,,持分移轉
RPSPMLLKKHKGFAM48DA,,53.09,集合住宅,鋼筋混凝土造,113年12月16日,七層,七層 陽台,全筆移轉
RPSPMLLKKHKGFAM48DA,,48.60,公共設施〔梯廳、梯間、停車空間、消防發電機室、水箱、雨汙水機房、防空避難室兼停車空間、電信室、台電配電室、管理委員會使用空間、門廳、停車空間、車道、公共設施、水箱、電梯機械室等１６項〕,鋼筋混凝土造,113年12月16日,七層,,持分移轉
RPSPMLLKKHKGFAM48DA,,6.89,梯廳、梯間,鋼筋混凝土造,113年12月16日,七層,,持分移轉
RPPNMLRJKHKGFBM58DA,,88.44,集合住宅,鋼筋混凝土造,113年10月17日,五層,一層 見其他登記事項,全筆移轉
RPPNMLRJKHKGFBM58DA,,24.20,本共有部分之項目有管理委員會空間、機電空間、樓梯間及水箱間等４項,鋼筋混凝土造,113年10月17日,五層,,持分移轉
RPTQMLKKKHKGFAM58DA,,53.09,集合住宅,鋼筋混凝土造,113年12月16日,七層,四層 陽台,全筆移轉
RPTQMLKKKHKGFAM58DA,,48.60,公共設施〔梯廳、梯間、停車空間、消防發電機室、水箱、雨汙水機房、防空避難室兼停車空間、電信室、台電配電室、管理委員會使用空間、門廳、停車空間、車道、公共設施、水箱、電梯機械室等１６項〕,鋼筋混凝土造,113年12月16日,七層,,持分移轉
RPTQMLKKKHKGFAM58DA,,6.89,梯廳、梯間,鋼筋混凝土造,113年12月16日,七層,,持分移轉
RPRNMLOKKHKGFBM58DA,13,12.00,農舍,鋼鐵造有牆,100年7月14日,一層,一層,全筆移轉
RPQPMLLKKHKGFAM28DA,,79.01,集合住宅,鋼筋混凝土造,113年12月16日,七層,七層 陽台,全筆移轉
RPQPMLLKKHKGFAM28DA,,57.37,公共設施〔梯廳、梯間、停車空間、消防發電機室、水箱、雨汙水機房、防空避難室兼停車空間、電信室、台電配電室、管理委員會使用空間、門廳、停車空間、車道、公共設施、水箱、電梯機械室等１６項〕,鋼筋混凝土造,113年12月16日,七層,,持分移轉
RPQPMLLKKHKGFAM28DA,,10.24,梯廳、梯間,鋼筋混凝土造,113年12月16日,七層,,持分移轉
RPXNMLQJKHKGFDM86DA,,66.28,集合住宅,鋼筋混凝土造,114年1月3日,七層,四層 陽台,全筆移轉
RPXNMLQJKHKGFDM86DA,,19.55,本共有部分之項目有梯廳、私設通路、外廊、電信室、樓梯間、電梯、消防機房兼發電機室等８項,鋼筋混凝土造,114年1月3日,七層,,持分移轉
RPOPMLLKKHKGFAM08DA,,72.98,集合住宅,鋼筋混凝土造,113年12月16日,七層,七層 陽台,全筆移轉
RPOPMLLKKHKGFAM08DA,,55.38,公共設施〔梯廳、梯間、停車空間、消防發電機室、水箱、雨汙水機房、防空避難室兼停車空間、電信室、台電配電室、管理委員會使用空間、門廳、停車空間、車道、公共設施、水箱、電梯機械室等１６項〕,鋼筋混凝土造,113年12月16日,七層,,持分移轉
RPOPMLLKKHKGFAM08DA,,9.47,梯廳、梯間,鋼筋混凝土造,113年12月16日,七層,,持分移轉
RPTPMLLKKHKGFAM58DA,,55.18,集合住宅,鋼筋混凝土造,113年12月16日,七層,七層 陽台,全筆移轉
RPTPMLLKKHKGFAM58DA,,49.34,公共設施〔梯廳、梯間、停車空間、消防發電機室、水箱、雨汙水機房、防空避難室兼停車空間、電信室、台電配電室、管理委員會使用空間、門廳、停車空間、車道、公共設施、水箱、電梯機械室等１６項〕,鋼筋混凝土造,113年12月16日,七層,,持分移轉
RPTPMLLKKHKGFAM58DA,,7.15,梯廳、梯間,鋼筋混凝土造,113年12月16日,七層,,持分移轉
RPUPMLLKKHKGFAM68DA,,55.34,集合住宅,鋼筋混凝土造,113年12月16日,七層,七層 陽台,全筆移轉
RPUPMLLKKHKGFAM68DA,,49.40,公共設施〔梯廳、梯間、停車空間、消防發電機室、水箱、雨汙水機房、防空避難室兼停車空間、電信室、台電配電室、管理委員會使用空間、門廳、停車空間、車道、公共設施、水箱、電梯機械室等１６項〕,鋼筋混凝土造,113年12月16日,七層,,持分移轉
RPUPMLLKKHKGFAM68DA,,7.18,梯廳、梯間,鋼筋混凝土造,113年12月16日,七層,,持分移轉
RPVNMLOLJHKGFAM88DA,,61.02,集合住宅,鋼筋混凝土造,113年10月14日,五層,二層 陽台,全筆移轉
RPVNMLOLJHKGFAM88DA,,46.69,停車空間、發電機房、汙水機房、消防機房、電信室、樓梯間、電梯間、機房、水箱、台電配電室,鋼筋混凝土造,113年10月14日,五層,,持分移轉
RPTNMLSJKHKGFAM98DA,,52.64,集合住宅,鋼筋混凝土造,113年12月16日,七層,一層 陽台,全筆移轉
RPTNMLSJKHKGFAM98DA,,55.31,公共設施〔梯廳、梯間、停車空間、消防發電機室、水箱、雨汙水機房、防空避難室兼停車空間、電信室、台電配電室、管理委員會使用空間、門廳、停車空間、車道、公共設施、水箱、電梯機械室等１６項〕,鋼筋混凝土造,113年12月16日,七層,,持分移轉
RPPPMLRJKHKGFBM78DA,,69.71,集合住宅,鋼筋混凝土造,113年10月17日,五層,五層 陽台,全筆移轉
RPPPMLRJKHKGFBM78DA,,21.62,本共有部分之項目有管理委員會空間、機電空間、樓梯間及水箱間等４項,鋼筋混凝土造,113年10月17日,五層,,持分移轉
RPVNMLSJKHKGFAM56DA,,55.34,集合住宅,鋼筋混凝土造,113年12月16日,七層,一層 陽台,全筆移轉
RPVNMLSJKHKGFAM56DA,,56.57,公共設施〔梯廳、梯間、停車空間、消防發電機室、水箱、雨汙水機房、防空避難室兼停車空間、電信室、台電配電室、管理委員會使用空間、門廳、停車空間、車道、公共設施、水箱、電梯機械室等１６項〕,鋼筋混凝土造,113年12月16日,七層,,持分移轉
RPOPMLKKKHKGFAM97DA,,80.86,集合住宅,鋼筋混凝土造,113年12月16日,七層,三層 陽台,全筆移轉
RPOPMLKKKHKGFAM97DA,,58.03,公共設施〔梯廳、梯間、停車空間、消防發電機室、水箱、雨汙水機房、防空避難室兼停車空間、電信室、台電配電室、管理委員會使用空間、門廳、停車空間、車道、公共設施、水箱、電梯機械室等１６項〕,鋼筋混凝土造,113年12月16日,七層,,持分移轉
RPOPMLKKKHKGFAM97DA,,10.48,梯廳、梯間,鋼筋混凝土造,113年12月16日,七層,,持分移轉
RPPNMLKKKHKGFAM87DA,,53.09,集合住宅,鋼筋混凝土造,113年12月16日,七層,二層 陽台,全筆移轉
RPPNMLKKKHKGFAM87DA,,48.60,公共設施〔梯廳、梯間、停車空間、消防發電機室、水箱、雨汙水機房、防空避難室兼停車空間、電信室、台電配電室、管理委員會使用空間、門廳、停車空間、車道、公共設施、水箱、電梯機械室等１６項〕,鋼筋混凝土造,113年12月16日,七層,,持分移轉
RPPNMLKKKHKGFAM87DA,,6.89,梯廳、梯間,鋼筋混凝土造,113年12月16日,七層,,持分移轉
RPVOMLLKKHKGFAM68DA,,80.86,集合住宅,鋼筋混凝土造,113年12月16日,七層,六層 陽台,全筆移轉
RPVOMLLKKHKGFAM68DA,,58.03,公共設施〔梯廳、梯間、停車空間、消防發電機室、水箱、雨汙水機房、防空避難室兼停車空間、電信室、台電配電室、管理委員會使用空間、門廳、停車空間、車道、公共設施、水箱、電梯機械室等１６項〕,鋼筋混凝土造,113年12月16日,七層,,持分移轉
RPVOMLLKKHKGFAM68DA,,10.49,梯廳、梯間,鋼筋混凝土造,113年12月16日,七層,,持分移轉
RPRPMLLKKHKGFAM38DA,,53.09,集合住宅,鋼筋混凝土造,113年12月16日,七層,七層 陽台,全筆移轉
RPRPMLLKKHKGFAM38DA,,48.60,公共設施〔梯廳、梯間、停車空間、消防發電機室、水箱、雨汙水機房、防空避難室兼停車空間、電信室、台電配電室、管理委員會使用空間、門廳、停車空間、車道、公共設施、水箱、電梯機械室等１６項〕,鋼筋混凝土造,113年12月16日,七層,,持分移轉
RPRPMLLKKHKGFAM38DA,,6.89,梯廳、梯間,鋼筋混凝土造,113年12月16日,七層,,持分移轉
RPOSMLKKKHKGFAM28DA,,79.01,集合住宅,鋼筋混凝土造,113年12月16日,七層,五層 陽台,全筆移轉
RPOSMLKKKHKGFAM28DA,,57.37,公共設施〔梯廳、梯間、停車空間、消防發電機室、水箱、雨汙水機房、防空避難室兼停車空間、電信室、台電配電室、管理委員會使用空間、門廳、停車空間、車道、公共設施、水箱、電梯機械室等１６項〕,鋼筋混凝土造,113年12月16日,七層,,持分移轉
RPOSMLKKKHKGFAM28DA,,10.24,梯廳、梯間,鋼筋混凝土造,113年12月16日,七層,,持分移轉
RPWRMLKKKHKGFAM98DA,,55.18,集合住宅,鋼筋混凝土造,113年12月16日,七層,五層 陽台,全筆移轉
RPWRMLKKKHKGFAM98DA,,49.34,公共設施〔梯廳、梯間、停車空間、消防發電機室、水箱、雨汙水機房、防空避難室兼停車空間、電信室、台電配電室、管理委員會使用空間、門廳、停車空間、車道、公共設施、水箱、電梯機械室等１６項〕,鋼筋混凝土造,113年12月16日,七層,,持分移轉
RPWRMLKKKHKGFAM98DA,,7.15,梯廳、梯間,鋼筋混凝土造,113年12月16日,七層,,持分移轉
RPXRMLKKKHKGFAM09DA,,79.01,集合住宅,鋼筋混凝土造,113年12月16日,七層,五層 陽台,全筆移轉
RPXRMLKKKHKGFAM09DA,,57.37,公共設施〔梯廳、梯間、停車空間、消防發電機室、水箱、雨汙水機房、防空避難室兼停車空間、電信室、台電配電室、管理委員會使用空間、門廳、停車空間、車道、公共設施、水箱、電梯機械室等１６項〕,鋼筋混凝土造,113年12月16日,七層,,持分移轉
RPXRMLKKKHKGFAM09DA,,10.24,梯廳、梯間,鋼筋混凝土造,113年12月16日,七層,,持分移轉
RPRNMLOLJHKGFAM48DA,,63.02,集合住宅,鋼筋混凝土造,113年10月14日,五層,四層 陽台,全筆移轉
RPRNMLOLJHKGFAM48DA,,44.75,停車空間、發電機房、汙水機房、消防機房、電信室、樓梯間、電梯間、機房、水箱、台電配電室,鋼筋混凝土造,113年10月14日,五層,,持分移轉
RPQNMLLKKHKGFAM08DA,,53.09,集合住宅,鋼筋混凝土造,113年12月16日,七層,五層 陽台,全筆移轉
RPQNMLLKKHKGFAM08DA,,48.60,公共設施〔梯廳、梯間、停車空間、消防發電機室、水箱、雨汙水機房、防空避難室兼停車空間、電信室、台電配電室、管理委員會使用空間、門廳、停車空間、車道、公共設施、水箱、電梯機械室等１６項〕,鋼筋混凝土造,113年12月16日,七層,,持分移轉
RPQNMLLKKHKGFAM08DA,,6.89,梯廳、梯間,鋼筋混凝土造,113年12月16日,七層,,持分移轉
RPWNMLQJKHKGFDM76DA,,65.03,集合住宅,鋼筋混凝土造,114年1月3日,七層,四層 陽台,全筆移轉
RPWNMLQJKHKGFDM76DA,,19.55,本共有部分之項目有梯廳、私設通路、外廊、電信室、樓梯間、電梯、消防機房兼發電機室等８項,鋼筋混凝土造,114年1月3日,七層,,持分移轉
RPUOMLQJKHKGFDM66DA,,65.03,集合住宅,鋼筋混凝土造,114年1月3日,七層,七層 陽台,全筆移轉
RPUOMLQJKHKGFDM66DA,,19.51,本共有部分之項目有梯廳、私設通路、外廊、電信室、樓梯間、電梯、消防機房兼發電機室等８項,鋼筋混凝土造,114年1月3日,七層,,持分移轉
RPUOMLQJKHKGFDM66DA,,16.13,本共有部分之項目有停車空間等１項,鋼筋混凝土造,114年1月3日,七層,,持分移轉
RPXNMLLKKHKGFAM78DA,,131.84,集合住宅,鋼筋混凝土造,113年12月16日,七層,六層 陽台,全筆移轉
RPXNMLLKKHKGFAM78DA,,105.91,公共設施〔梯廳、梯間、停車空間、消防發電機室、水箱、雨汙水機房、防空避難室兼停車空間、電信室、台電配電室、管理委員會使用空間、門廳、停車空間、車道、公共設施、水箱、電梯機械室等１６項〕,鋼筋混凝土造,113年12月16日,七層,,持分移轉
RPXNMLLKKHKGFAM78DA,,17.09,梯廳、梯間,鋼筋混凝土造,113年12月16日,七層,,持分移轉
RPSNMLRKKHKGFDM66EA,,65.03,集合住宅,鋼筋混凝土造,114年1月3日,七層,三層 陽台,全筆移轉
RPSNMLRKKHKGFDM66EA,,19.55,本共有部分之項目有梯廳、私設通路、外廊、電信室、樓梯間、電梯、消防機房兼發電機室等８項,鋼筋混凝土造,114年1月3日,七層,,持分移轉
RPPOMLQJKHKGFDM78DA,,65.03,集合住宅,鋼筋混凝土造,114年1月3日,七層,五層 陽台,全筆移轉
RPPOMLQJKHKGFDM78DA,,19.51,本共有部分之項目有梯廳、私設通路、外廊、電信室、樓梯間、電梯、消防機房兼發電機室等８項,鋼筋混凝土造,114年1月3日,七層,,持分移轉
RPPOMLQJKHKGFDM78DA,,16.13,本共有部分之項目有停車空間等１項,鋼筋混凝土造,114年1月3日,七層,,持分移轉
RPROMLQJKHKGFDM98DA,,65.03,集合住宅,鋼筋混凝土造,114年1月3日,七層,六層 陽台,全筆移轉
RPROMLQJKHKGFDM98DA,,19.51,本共有部分之項目有梯廳、私設通路、外廊、電信室、樓梯間、電梯、消防機房兼發電機室等８項,鋼筋混凝土造,114年1月3日,七層,,持分移轉
RPRNMLRKKHKGFDM56EA,,66.28,集合住宅,鋼筋混凝土造,114年1月3日,七層,五層 陽台,全筆移轉
RPRNMLRKKHKGFDM56EA,,19.51,本共有部分之項目有梯廳、私設通路、外廊、電信室、樓梯間、電梯、消防機房兼發電機室等８項,鋼筋混凝土造,114年1月3日,七層,,持分移轉
RPRNMLRKKHKGFDM56EA,,16.13,本共有部分之項目有停車空間等１項,鋼筋混凝土造,114年1月3日,七層,,持分移轉
RPPNMLSKKHKGFDM09EA,,66.28,集合住宅,鋼筋混凝土造,114年1月3日,七層,六層 陽台,全筆移轉
RPPNMLSKKHKGFDM09EA,,19.51,本共有部分之項目有梯廳、私設通路、外廊、電信室、樓梯間、電梯、消防機房兼發電機室等８項,鋼筋混凝土造,114年1月3日,七層,,持分移轉
RPTOMLRJKHKGFBM09DA,,73.61,集合住宅,鋼筋混凝土造,113年10月17日,五層,三層 陽台,全筆移轉
RPTOMLRJKHKGFBM09DA,,22.88,本共有部分之項目有管理委員會空間、機電空間、樓梯間及水箱間等４項,鋼筋混凝土造,113年10月17日,五層,,持分移轉
RPTRMLKKKHKGFAM68DA,,65.89,集合住宅,鋼筋混凝土造,113年12月16日,七層,五層 陽台,全筆移轉
RPTRMLKKKHKGFAM68DA,,52.99,公共設施〔梯廳、梯間、停車空間、消防發電機室、水箱、雨汙水機房、防空避難室兼停車空間、電信室、台電配電室、管理委員會使用空間、門廳、停車空間、車道、公共設施、水箱、電梯機械室等１６項〕,鋼筋混凝土造,113年12月16日,七層,,持分移轉
RPTRMLKKKHKGFAM68DA,,8.55,梯廳、梯間,鋼筋混凝土造,113年12月16日,七層,,持分移轉
RPUPMLRJKHKGFBM66DA,,87.80,集合住宅,鋼筋混凝土造,113年10月17日,五層,五層 陽台,全筆移轉
RPUPMLRJKHKGFBM66DA,,27.31,本共有部分之項目有管理委員會空間、機電空間、樓梯間及水箱間等４項,鋼筋混凝土造,113年10月17日,五層,,持分移轉
RPQNMLKKKHKGFDM28DA,,66.28,集合住宅,鋼筋混凝土造,114年1月3日,七層,七層 陽台,全筆移轉
RPQNMLKKKHKGFDM28DA,,19.51,本共有部分之項目有梯廳、私設通路、外廊、電信室、樓梯間、電梯、消防機房兼發電機室等８項,鋼筋混凝土造,114年1月3日,七層,,持分移轉
RPQNMLKKKHKGFDM28DA,,16.13,本共有部分之項目有停車空間等１項,鋼筋混凝土造,114年1月3日,七層,,持分移轉
RPXNMLSJKHKGFAM76DA,,52.97,集合住宅,鋼筋混凝土造,113年12月16日,七層,一層 陽台,全筆移轉
RPXNMLSJKHKGFAM76DA,,55.44,公共設施〔梯廳、梯間、停車空間、消防發電機室、水箱、雨汙水機房、防空避難室兼停車空間、電信室、台電配電室、管理委員會使用空間、門廳、停車空間、車道、公共設施、水箱、電梯機械室等１６項〕,鋼筋混凝土造,113年12月16日,七層,,持分移轉
RPOOMLSJKHKGFAM58DA,,65.95,集合住宅,鋼筋混凝土造,113年12月16日,七層,二層 陽台,全筆移轉
RPOOMLSJKHKGFAM58DA,,52.99,公共設施〔梯廳、梯間、停車空間、消防發電機室、水箱、雨汙水機房、防空避難室兼停車空間、電信室、台電配電室、管理委員會使用空間、門廳、停車空間、車道、公共設施、水箱、電梯機械室等１６項〕,鋼筋混凝土造,113年12月16日,七層,,持分移轉
RPOOMLSJKHKGFAM58DA,,8.55,梯廳、梯間,鋼筋混凝土造,113年12月16日,七層,,持分移轉
RPSNMLKKKHKGFAM18DA,,55.34,集合住宅,鋼筋混凝土造,113年12月16日,七層,二層 陽台,全筆移轉
RPSNMLKKKHKGFAM18DA,,49.40,公共設施〔梯廳、梯間、停車空間、消防發電機室、水箱、雨汙水機房、防空避難室兼停車空間、電信室、台電配電室、管理委員會使用空間、門廳、停車空間、車道、公共設施、水箱、電梯機械室等１６項〕,鋼筋混凝土造,113年12月16日,七層,,持分移轉
RPSNMLKKKHKGFAM18DA,,7.18,梯廳、梯間,鋼筋混凝土造,113年12月16日,七層,,持分移轉
RPTNMLKKKHKGFAM28DA,,66.94,集合住宅,鋼筋混凝土造,113年12月16日,七層,三層 陽台,全筆移轉
RPTNMLKKKHKGFAM28DA,,53.32,公共設施〔梯廳、梯間、停車空間、消防發電機室、水箱、雨汙水機房、防空避難室兼停車空間、電信室、台電配電室、管理委員會使用空間、門廳、停車空間、車道、公共設施、水箱、電梯機械室等１６項〕,鋼筋混凝土造,113年12月16日,七層,,持分移轉
RPTNMLKKKHKGFAM28DA,,8.68,梯廳、梯間,鋼筋混凝土造,113年12月16日,七層,,持分移轉
RPQOMLLKKHKGFAM18DA,,55.18,集合住宅,鋼筋混凝土造,113年12月16日,七層,六層 陽台,全筆移轉
RPQOMLLKKHKGFAM18DA,,80.01,公共設施〔梯廳、梯間、停車空間、消防發電機室、水箱、雨汙水機房、防空避難室兼停車空間、電信室、台電配電室、管理委員會使用空間、門廳、停車空間、車道、公共設施、水箱、電梯機械室等１６項〕,鋼筋混凝土造,113年12月16日,七層,,持分移轉
RPQOMLLKKHKGFAM18DA,,7.15,梯廳、梯間,鋼筋混凝土造,113年12月16日,七層,,持分移轉
RPVRMLKKKHKGFAM88DA,,83.48,集合住宅,鋼筋混凝土造,113年12月16日,七層,五層 陽台,全筆移轉
RPVRMLKKKHKGFAM88DA,,58.90,公共設施〔梯廳、梯間、停車空間、消防發電機室、水箱、雨汙水機房、防空避難室兼停車空間、電信室、台電配電室、管理委員會使用空間、門廳、停車空間、車道、公共設施、水箱、電梯機械室等１６項〕,鋼筋混凝土造,113年12月16日,七層,,持分移轉
RPVRMLKKKHKGFAM88DA,,10.82,梯廳、梯間,鋼筋混凝土造,113年12月16日,七層,,持分移轉
RPXOMLLKKHKGFAM88DA,,55.18,集合住宅,鋼筋混凝土造,113年12月16日,七層,六層 陽台,全筆移轉
RPXOMLLKKHKGFAM88DA,,49.34,公共設施〔梯廳、梯間、停車空間、消防發電機室、水箱、雨汙水機房、防空避難室兼停車空間、電信室、台電配電室、管理委員會使用空間、門廳、停車空間、車道、公共設施、水箱、電梯機械室等１６項〕,鋼筋混凝土造,113年12月16日,七層,,持分移轉
RPXOMLLKKHKGFAM88DA,,7.15,梯廳、梯間,鋼筋混凝土造,113年12月16日,七層,,持分移轉
RPQNMLKKKHKGFAM97DA,,80.86,集合住宅,鋼筋混凝土造,113年12月16日,七層,二層 陽台,全筆移轉
RPQNMLKKKHKGFAM97DA,,58.03,公共設施〔梯廳、梯間、停車空間、消防發電機室、水箱、雨汙水機房、防空避難室兼停車空間、電信室、台電配電室、管理委員會使用空間、門廳、停車空間、車道、公共設施、水箱、電梯機械室等１６項〕,鋼筋混凝土造,113年12月16日,七層,,持分移轉
RPROMLSJKHKGFAM88DA,,65.89,集合住宅,鋼筋混凝土造,113年12月16日,七層,二層 陽台,全筆移轉
RPQNMLKKKHKGFAM97DA,,10.48,梯廳、梯間,鋼筋混凝土造,113年12月16日,七層,,持分移轉
RPROMLSJKHKGFAM88DA,,52.92,公共設施〔梯廳、梯間、停車空間、消防發電機室、水箱、雨汙水機房、防空避難室兼停車空間、電信室、台電配電室、管理委員會使用空間、門廳、停車空間、車道、公共設施、水箱、電梯機械室等１６項〕,鋼筋混凝土造,113年12月16日,七層,,持分移轉
RPROMLSJKHKGFAM88DA,,8.55,梯廳、梯間,鋼筋混凝土造,113年12月16日,七層,,持分移轉
RPPOMLSJKHKGFAM68DA,,65.95,集合住宅,鋼筋混凝土造,113年12月16日,七層,二層 陽台,全筆移轉
RPPOMLSJKHKGFAM68DA,,52.99,公共設施〔梯廳、梯間、停車空間、消防發電機室、水箱、雨汙水機房、防空避難室兼停車空間、電信室、台電配電室、管理委員會使用空間、門廳、停車空間、車道、公共設施、水箱、電梯機械室等１６項〕,鋼筋混凝土造,113年12月16日,七層,,持分移轉
RPPOMLSJKHKGFAM68DA,,8.55,梯廳、梯間,鋼筋混凝土造,113年12月16日,七層,,持分移轉
RPQOMLSJKHKGFAM78DA,,65.89,集合住宅,鋼筋混凝土造,113年12月16日,七層,二層 陽台,全筆移轉
RPQOMLSJKHKGFAM78DA,,52.92,公共設施〔梯廳、梯間、停車空間、消防發電機室、水箱、雨汙水機房、防空避難室兼停車空間、電信室、台電配電室、管理委員會使用空間、門廳、停車空間、車道、公共設施、水箱、電梯機械室等１６項〕,鋼筋混凝土造,113年12月16日,七層,,持分移轉
RPQOMLSJKHKGFAM78DA,,8.55,梯廳、梯間,鋼筋混凝土造,113年12月16日,七層,,持分移轉
RPRQMLKKKHKGFAM38DA,,79.01,集合住宅,鋼筋混凝土造,113年12月16日,七層,四層 陽台,全筆移轉
RPRQMLKKKHKGFAM38DA,,57.37,公共設施〔梯廳、梯間、停車空間、消防發電機室、水箱、雨汙水機房、防空避難室兼停車空間、電信室、台電配電室、管理委員會使用空間、門廳、停車空間、車道、公共設施、水箱、電梯機械室等１６項〕,鋼筋混凝土造,113年12月16日,七層,,持分移轉
RPRQMLKKKHKGFAM38DA,,10.24,梯廳、梯間,鋼筋混凝土造,113年12月16日,七層,,持分移轉
RPWPMLLKKHKGFAM88DA,,53.09,集合住宅,鋼筋混凝土造,113年12月16日,七層,二層 陽台,全筆移轉
RPWPMLLKKHKGFAM88DA,,17.93,公共設施〔梯廳、梯間、停車空間、消防發電機室、水箱、雨汙水機房、防空避難室兼停車空間、電信室、台電配電室、管理委員會使用空間、門廳、停車空間、車道、公共設施、水箱、電梯機械室等１６項〕,鋼筋混凝土造,113年12月16日,七層,,持分移轉
RPWPMLLKKHKGFAM88DA,,6.89,梯廳、梯間,鋼筋混凝土造,113年12月16日,七層,,持分移轉
RPQQMLKKKHKGFAM28DA,,79.01,集合住宅,鋼筋混凝土造,113年12月16日,七層,四層 陽台,全筆移轉
RPQQMLKKKHKGFAM28DA,,88.05,公共設施〔梯廳、梯間、停車空間、消防發電機室、水箱、雨汙水機房、防空避難室兼停車空間、電信室、台電配電室、管理委員會使用空間、門廳、停車空間、車道、公共設施、水箱、電梯機械室等１６項〕,鋼筋混凝土造,113年12月16日,七層,,持分移轉
RPQQMLKKKHKGFAM28DA,,10.24,梯廳、梯間,鋼筋混凝土造,113年12月16日,七層,,持分移轉
RPSQMLKKKHKGFAM48DA,,53.09,集合住宅,鋼筋混凝土造,113年12月16日,七層,四層 陽台,全筆移轉
RPSQMLKKKHKGFAM48DA,,48.60,公共設施〔梯廳、梯間、停車空間、消防發電機室、水箱、雨汙水機房、防空避難室兼停車空間、電信室、台電配電室、管理委員會使用空間、門廳、停車空間、車道、公共設施、水箱、電梯機械室等１６項〕,鋼筋混凝土造,113年12月16日,七層,,持分移轉
RPSQMLKKKHKGFAM48DA,,6.89,梯廳、梯間,鋼筋混凝土造,113年12月16日,七層,,持分移轉
RPVQMLKKKHKGFAM78DA,,55.18,集合住宅,鋼筋混凝土造,113年12月16日,七層,四層 陽台,全筆移轉
RPVQMLKKKHKGFAM78DA,,49.34,公共設施〔梯廳、梯間、停車空間、消防發電機室、水箱、雨汙水機房、防空避難室兼停車空間、電信室、台電配電室、管理委員會使用空間、門廳、停車空間、車道、公共設施、水箱、電梯機械室等１６項〕,鋼筋混凝土造,113年12月16日,七層,,持分移轉
RPVQMLKKKHKGFAM78DA,,7.15,梯廳、梯間,鋼筋混凝土造,113年12月16日,七層,,持分移轉
RPORMLKKKHKGFAM18DA,,66.94,集合住宅,鋼筋混凝土造,113年12月16日,七層,五層 陽台,全筆移轉
RPORMLKKKHKGFAM18DA,,53.32,公共設施〔梯廳、梯間、停車空間、消防發電機室、水箱、雨汙水機房、防空避難室兼停車空間、電信室、台電配電室、管理委員會使用空間、門廳、停車空間、車道、公共設施、水箱、電梯機械室等１６項〕,鋼筋混凝土造,113年12月16日,七層,,持分移轉
RPORMLKKKHKGFAM18DA,,8.68,梯廳、梯間,鋼筋混凝土造,113年12月16日,七層,,持分移轉
RPWQMLKKKHKGFAM88DA,,55.34,集合住宅,鋼筋混凝土造,113年12月16日,七層,四層 陽台,全筆移轉
RPWQMLKKKHKGFAM88DA,,49.40,公共設施〔梯廳、梯間、停車空間、消防發電機室、水箱、雨汙水機房、防空避難室兼停車空間、電信室、台電配電室、管理委員會使用空間、門廳、停車空間、車道、公共設施、水箱、電梯機械室等１６項〕,鋼筋混凝土造,113年12月16日,七層,,持分移轉
RPWQMLKKKHKGFAM88DA,,7.18,梯廳、梯間,鋼筋混凝土造,113年12月16日,七層,,持分移轉
RPTOMLSJKHKGFAM09DA,,79.01,集合住宅,鋼筋混凝土造,113年12月16日,七層,二層 陽台,全筆移轉
RPTOMLSJKHKGFAM09DA,,57.37,公共設施〔梯廳、梯間、停車空間、消防發電機室、水箱、雨汙水機房、防空避難室兼停車空間、電信室、台電配電室、管理委員會使用空間、門廳、停車空間、車道、公共設施、水箱、電梯機械室等１６項〕,鋼筋混凝土造,113年12月16日,七層,,持分移轉
RPTOMLSJKHKGFAM09DA,,10.24,梯廳、梯間,鋼筋混凝土造,113年12月16日,七層,,持分移轉
RPXPMLKKKHKGFAM88DA,,83.48,集合住宅,鋼筋混凝土造,113年12月16日,七層,四層 陽台,全筆移轉
RPXPMLKKKHKGFAM88DA,,58.90,公共設施〔梯廳、梯間、停車空間、消防發電機室、水箱、雨汙水機房、防空避難室兼停車空間、電信室、台電配電室、管理委員會使用空間、門廳、停車空間、車道、公共設施、水箱、電梯機械室等１６項〕,鋼筋混凝土造,113年12月16日,七層,,持分移轉
RPXPMLKKKHKGFAM88DA,,10.82,梯廳、梯間,鋼筋混凝土造,113年12月16日,七層,,持分移轉
RPSNMLLKKHKGFAM28DA,,55.18,集合住宅,鋼筋混凝土造,113年12月16日,七層,五層 陽台,全筆移轉
RPSNMLLKKHKGFAM28DA,,49.34,公共設施〔梯廳、梯間、停車空間、消防發電機室、水箱、雨汙水機房、防空避難室兼停車空間、電信室、台電配電室、管理委員會使用空間、門廳、停車空間、車道、公共設施、水箱、電梯機械室等１６項〕,鋼筋混凝土造,113年12月16日,七層,,持分移轉
RPSNMLLKKHKGFAM28DA,,7.15,梯廳、梯間,鋼筋混凝土造,113年12月16日,七層,,持分移轉
RPTNMLLKKHKGFAM38DA,,55.34,集合住宅,鋼筋混凝土造,113年12月16日,七層,五層 陽台,全筆移轉
RPTNMLLKKHKGFAM38DA,,49.40,公共設施〔梯廳、梯間、停車空間、消防發電機室、水箱、雨汙水機房、防空避難室兼停車空間、電信室、台電配電室、管理委員會使用空間、門廳、停車空間、車道、公共設施、水箱、電梯機械室等１６項〕,鋼筋混凝土造,113年12月16日,七層,,持分移轉
RPTNMLLKKHKGFAM38DA,,7.18,梯廳、梯間,鋼筋混凝土造,113年12月16日,七層,,持分移轉
RPWNMLSJKHKGFAM66DA,,52.97,集合住宅,鋼筋混凝土造,113年12月16日,七層,一層 陽台,全筆移轉
RPWNMLSJKHKGFAM66DA,,86.12,公共設施〔梯廳、梯間、停車空間、消防發電機室、水箱、雨汙水機房、防空避難室兼停車空間、電信室、台電配電室、管理委員會使用空間、門廳、停車空間、車道、公共設施、水箱、電梯機械室等１６項〕,鋼筋混凝土造,113年12月16日,七層,,持分移轉
RPRPMLKKKHKGFAM28DA,,66.94,集合住宅,鋼筋混凝土造,113年12月16日,七層,四層 陽台,全筆移轉
RPRPMLKKKHKGFAM28DA,,53.32,公共設施〔梯廳、梯間、停車空間、消防發電機室、水箱、雨汙水機房、防空避難室兼停車空間、電信室、台電配電室、管理委員會使用空間、門廳、停車空間、車道、公共設施、水箱、電梯機械室等１６項〕,鋼筋混凝土造,113年12月16日,七層,,持分移轉
RPRPMLKKKHKGFAM28DA,,8.68,梯廳、梯間,鋼筋混凝土造,113年12月16日,七層,,持分移轉
RPPPMLKKKHKGFAM08DA,,55.18,集合住宅,鋼筋混凝土造,113年12月16日,七層,三層 陽台,全筆移轉
RPPPMLKKKHKGFAM08DA,,49.34,公共設施〔梯廳、梯間、停車空間、消防發電機室、水箱、雨汙水機房、防空避難室兼停車空間、電信室、台電配電室、管理委員會使用空間、門廳、停車空間、車道、公共設施、水箱、電梯機械室等１６項〕,鋼筋混凝土造,113年12月16日,七層,,持分移轉
RPPPMLKKKHKGFAM08DA,,7.15,梯廳、梯間,鋼筋混凝土造,113年12月16日,七層,,持分移轉
RPUPMLKKKHKGFAM58DA,,65.95,集合住宅,鋼筋混凝土造,113年12月16日,七層,四層 陽台,全筆移轉
RPUPMLKKKHKGFAM58DA,,52.99,公共設施〔梯廳、梯間、停車空間、消防發電機室、水箱、雨汙水機房、防空避難室兼停車空間、電信室、台電配電室、管理委員會使用空間、門廳、停車空間、車道、公共設施、水箱、電梯機械室等１６項〕,鋼筋混凝土造,113年12月16日,七層,,持分移轉
RPUPMLKKKHKGFAM58DA,,8.55,梯廳、梯間,鋼筋混凝土造,113年12月16日,七層,,持分移轉
RPPOMLKKKHKGFAM97DA,,65.89,集合住宅,鋼筋混凝土造,113年12月16日,七層,三層 陽台,全筆移轉
RPPOMLKKKHKGFAM97DA,,52.92,公共設施〔梯廳、梯間、停車空間、消防發電機室、水箱、雨汙水機房、防空避難室兼停車空間、電信室、台電配電室、管理委員會使用空間、門廳、停車空間、車道、公共設施、水箱、電梯機械室等１６項〕,鋼筋混凝土造,113年12月16日,七層,,持分移轉
RPPOMLKKKHKGFAM97DA,,8.55,梯廳、梯間,鋼筋混凝土造,113年12月16日,七層,,持分移轉
RPSPMLKKKHKGFAM38DA,,66.94,集合住宅,鋼筋混凝土造,113年12月16日,七層,四層 陽台,全筆移轉
RPSPMLKKKHKGFAM38DA,,53.32,公共設施〔梯廳、梯間、停車空間、消防發電機室、水箱、雨汙水機房、防空避難室兼停車空間、電信室、台電配電室、管理委員會使用空間、門廳、停車空間、車道、公共設施、水箱、電梯機械室等１６項〕,鋼筋混凝土造,113年12月16日,七層,,持分移轉
RPSPMLKKKHKGFAM38DA,,8.68,梯廳、梯間,鋼筋混凝土造,113年12月16日,七層,,持分移轉
RPVPMLKKKHKGFAM68DA,,65.89,集合住宅,鋼筋混凝土造,113年12月16日,七層,四層 陽台,全筆移轉
RPVPMLKKKHKGFAM68DA,,52.99,公共設施〔梯廳、梯間、停車空間、消防發電機室、水箱、雨汙水機房、防空避難室兼停車空間、電信室、台電配電室、管理委員會使用空間、門廳、停車空間、車道、公共設施、水箱、電梯機械室等１６項〕,鋼筋混凝土造,113年12月16日,七層,,持分移轉
RPVPMLKKKHKGFAM68DA,,8.55,梯廳、梯間,鋼筋混凝土造,113年12月16日,七層,,持分移轉
RPWPMLKKKHKGFAM78DA,,65.89,集合住宅,鋼筋混凝土造,113年12月16日,七層,四層 陽台,全筆移轉
RPWPMLKKKHKGFAM78DA,,83.66,公共設施〔梯廳、梯間、停車空間、消防發電機室、水箱、雨汙水機房、防空避難室兼停車空間、電信室、台電配電室、管理委員會使用空間、門廳、停車空間、車道、公共設施、水箱、電梯機械室等１６項〕,鋼筋混凝土造,113年12月16日,七層,,持分移轉
RPWPMLKKKHKGFAM78DA,,8.55,梯廳、梯間,鋼筋混凝土造,113年12月16日,七層,,持分移轉
RPSOMLSJKHKGFAM98DA,,55.18,集合住宅,鋼筋混凝土造,113年12月16日,七層,二層 陽台,全筆移轉
RPSOMLSJKHKGFAM98DA,,49.34,公共設施〔梯廳、梯間、停車空間、消防發電機室、水箱、雨汙水機房、防空避難室兼停車空間、電信室、台電配電室、管理委員會使用空間、門廳、停車空間、車道、公共設施、水箱、電梯機械室等１６項〕,鋼筋混凝土造,113年12月16日,七層,,持分移轉
RPSOMLSJKHKGFAM98DA,,7.15,梯廳、梯間,鋼筋混凝土造,113年12月16日,七層,,持分移轉
RPXQMLKKKHKGFAM98DA,,66.94,集合住宅,鋼筋混凝土造,113年12月16日,七層,五層 陽台,全筆移轉
RPXQMLKKKHKGFAM98DA,,84.00,公共設施〔梯廳、梯間、停車空間、消防發電機室、水箱、雨汙水機房、防空避難室兼停車空間、電信室、台電配電室、管理委員會使用空間、門廳、停車空間、車道、公共設施、水箱、電梯機械室等１６項〕,鋼筋混凝土造,113年12月16日,七層,,持分移轉
RPXQMLKKKHKGFAM98DA,,8.68,梯廳、梯間,鋼筋混凝土造,113年12月16日,七層,,持分移轉
RPPNMLLKKHKGFAM97DA,,53.09,集合住宅,鋼筋混凝土造,113年12月16日,七層,五層 陽台,全筆移轉
RPPNMLLKKHKGFAM97DA,,79.28,公共設施〔梯廳、梯間、停車空間、消防發電機室、水箱、雨汙水機房、防空避難室兼停車空間、電信室、台電配電室、管理委員會使用空間、門廳、停車空間、車道、公共設施、水箱、電梯機械室等１６項〕,鋼筋混凝土造,113年12月16日,七層,,持分移轉
RPPNMLLKKHKGFAM97DA,,6.89,梯廳、梯間,鋼筋混凝土造,113年12月16日,七層,,持分移轉
RPRNMLKKKHKGFAM08DA,,55.18,集合住宅,鋼筋混凝土造,113年12月16日,七層,二層 陽台,全筆移轉
RPRNMLKKKHKGFAM08DA,,49.34,公共設施〔梯廳、梯間、停車空間、消防發電機室、水箱、雨汙水機房、防空避難室兼停車空間、電信室、台電配電室、管理委員會使用空間、門廳、停車空間、車道、公共設施、水箱、電梯機械室等１６項〕,鋼筋混凝土造,113年12月16日,七層,,持分移轉
RPRNMLKKKHKGFAM08DA,,7.15,梯廳、梯間,鋼筋混凝土造,113年12月16日,七層,,持分移轉
RPOOMLKKKHKGFAM87DA,,65.95,集合住宅,鋼筋混凝土造,113年12月16日,七層,三層 陽台,全筆移轉
RPOOMLKKKHKGFAM87DA,,52.99,公共設施〔梯廳、梯間、停車空間、消防發電機室、水箱、雨汙水機房、防空避難室兼停車空間、電信室、台電配電室、管理委員會使用空間、門廳、停車空間、車道、公共設施、水箱、電梯機械室等１６項〕,鋼筋混凝土造,113年12月16日,七層,,持分移轉
RPOOMLKKKHKGFAM87DA,,8.55,梯廳、梯間,鋼筋混凝土造,113年12月16日,七層,,持分移轉
RPWOMLKKKHKGFAM68DA,,53.09,集合住宅,鋼筋混凝土造,113年12月16日,七層,三層 陽台,全筆移轉
RPWOMLKKKHKGFAM68DA,,48.60,公共設施〔梯廳、梯間、停車空間、消防發電機室、水箱、雨汙水機房、防空避難室兼停車空間、電信室、台電配電室、管理委員會使用空間、門廳、停車空間、車道、公共設施、水箱、電梯機械室等１６項〕,鋼筋混凝土造,113年12月16日,七層,,持分移轉
RPWOMLKKKHKGFAM68DA,,6.89,梯廳、梯間,鋼筋混凝土造,113年12月16日,七層,,持分移轉
RPXOMLKKKHKGFAM78DA,,53.09,集合住宅,鋼筋混凝土造,113年12月16日,七層,三層 陽台,全筆移轉
RPXOMLKKKHKGFAM78DA,,48.60,公共設施〔梯廳、梯間、停車空間、消防發電機室、水箱、雨汙水機房、防空避難室兼停車空間、電信室、台電配電室、管理委員會使用空間、門廳、停車空間、車道、公共設施、水箱、電梯機械室等１６項〕,鋼筋混凝土造,113年12月16日,七層,,持分移轉
RPXOMLKKKHKGFAM78DA,,6.89,梯廳、梯間,鋼筋混凝土造,113年12月16日,七層,,持分移轉
RPXNMLKKKHKGFAM68DA,,65.95,集合住宅,鋼筋混凝土造,113年12月16日,七層,三層 陽台,全筆移轉
RPXNMLKKKHKGFAM68DA,,52.99,公共設施〔梯廳、梯間、停車空間、消防發電機室、水箱、雨汙水機房、防空避難室兼停車空間、電信室、台電配電室、管理委員會使用空間、門廳、停車空間、車道、公共設施、水箱、電梯機械室等１６項〕,鋼筋混凝土造,113年12月16日,七層,,持分移轉
RPXNMLKKKHKGFAM68DA,,8.55,梯廳、梯間,鋼筋混凝土造,113年12月16日,七層,,持分移轉
RPUNMLKKKHKGFAM38DA,,66.94,集合住宅,鋼筋混凝土造,113年12月16日,七層,三層 陽台,全筆移轉
RPUNMLKKKHKGFAM38DA,,53.32,公共設施〔梯廳、梯間、停車空間、消防發電機室、水箱、雨汙水機房、防空避難室兼停車空間、電信室、台電配電室、管理委員會使用空間、門廳、停車空間、車道、公共設施、水箱、電梯機械室等１６項〕,鋼筋混凝土造,113年12月16日,七層,,持分移轉
RPROMLKKKHKGFAM18DA,,83.48,集合住宅,鋼筋混凝土造,113年12月16日,七層,三層 陽台,全筆移轉
RPUNMLKKKHKGFAM38DA,,8.68,梯廳、梯間,鋼筋混凝土造,113年12月16日,七層,,持分移轉
RPROMLKKKHKGFAM18DA,,89.57,公共設施〔梯廳、梯間、停車空間、消防發電機室、水箱、雨汙水機房、防空避難室兼停車空間、電信室、台電配電室、管理委員會使用空間、門廳、停車空間、車道、公共設施、水箱、電梯機械室等１６項〕,鋼筋混凝土造,113年12月16日,七層,,持分移轉
RPROMLKKKHKGFAM18DA,,10.82,梯廳、梯間,鋼筋混凝土造,113年12月16日,七層,,持分移轉
RPSOMLKKKHKGFAM28DA,,55.34,集合住宅,鋼筋混凝土造,113年12月16日,七層,三層 陽台,全筆移轉
RPSOMLKKKHKGFAM28DA,,49.40,公共設施〔梯廳、梯間、停車空間、消防發電機室、水箱、雨汙水機房、防空避難室兼停車空間、電信室、台電配電室、管理委員會使用空間、門廳、停車空間、車道、公共設施、水箱、電梯機械室等１６項〕,鋼筋混凝土造,113年12月16日,七層,,持分移轉
RPUOMLKKKHKGFAM48DA,,79.01,集合住宅,鋼筋混凝土造,113年12月16日,七層,三層 陽台,全筆移轉
RPSOMLKKKHKGFAM28DA,,7.18,梯廳、梯間,鋼筋混凝土造,113年12月16日,七層,,持分移轉
RPUOMLKKKHKGFAM48DA,,57.37,公共設施〔梯廳、梯間、停車空間、消防發電機室、水箱、雨汙水機房、防空避難室兼停車空間、電信室、台電配電室、管理委員會使用空間、門廳、停車空間、車道、公共設施、水箱、電梯機械室等１６項〕,鋼筋混凝土造,113年12月16日,七層,,持分移轉
RPVNMLKKKHKGFAM48DA,,66.94,集合住宅,鋼筋混凝土造,113年12月16日,七層,三層 陽台,全筆移轉
RPUOMLKKKHKGFAM48DA,,10.24,梯廳、梯間,鋼筋混凝土造,113年12月16日,七層,,持分移轉
RPVNMLKKKHKGFAM48DA,,53.32,公共設施〔梯廳、梯間、停車空間、消防發電機室、水箱、雨汙水機房、防空避難室兼停車空間、電信室、台電配電室、管理委員會使用空間、門廳、停車空間、車道、公共設施、水箱、電梯機械室等１６項〕,鋼筋混凝土造,113年12月16日,七層,,持分移轉
RPVNMLKKKHKGFAM48DA,,8.68,梯廳、梯間,鋼筋混凝土造,113年12月16日,七層,,持分移轉
RPTOMLKKKHKGFAM38DA,,55.18,集合住宅,鋼筋混凝土造,113年12月16日,七層,三層 陽台,全筆移轉
RPTOMLKKKHKGFAM38DA,,80.01,公共設施〔梯廳、梯間、停車空間、消防發電機室、水箱、雨汙水機房、防空避難室兼停車空間、電信室、台電配電室、管理委員會使用空間、門廳、停車空間、車道、公共設施、水箱、電梯機械室等１６項〕,鋼筋混凝土造,113年12月16日,七層,,持分移轉
RPTOMLKKKHKGFAM38DA,,7.15,梯廳、梯間,鋼筋混凝土造,113年12月16日,七層,,持分移轉
RPTPMLKKKHKGFAM48DA,,65.95,集合住宅,鋼筋混凝土造,113年12月16日,七層,四層 陽台,全筆移轉
RPTPMLKKKHKGFAM48DA,,83.66,公共設施〔梯廳、梯間、停車空間、消防發電機室、水箱、雨汙水機房、防空避難室兼停車空間、電信室、台電配電室、管理委員會使用空間、門廳、停車空間、車道、公共設施、水箱、電梯機械室等１６項〕,鋼筋混凝土造,113年12月16日,七層,,持分移轉
RPTPMLKKKHKGFAM48DA,,8.55,梯廳、梯間,鋼筋混凝土造,113年12月16日,七層,,持分移轉
RPQOMLKKKHKGFAM08DA,,65.89,集合住宅,鋼筋混凝土造,113年12月16日,七層,三層 陽台,全筆移轉
RPQOMLKKKHKGFAM08DA,,52.99,公共設施〔梯廳、梯間、停車空間、消防發電機室、水箱、雨汙水機房、防空避難室兼停車空間、電信室、台電配電室、管理委員會使用空間、門廳、停車空間、車道、公共設施、水箱、電梯機械室等１６項〕,鋼筋混凝土造,113年12月16日,七層,,持分移轉
RPQOMLKKKHKGFAM08DA,,8.55,梯廳、梯間,鋼筋混凝土造,113年12月16日,七層,,持分移轉
RPOQMLKKKHKGFAM08DA,,55.34,集合住宅,鋼筋混凝土造,113年12月16日,七層,四層 陽台,全筆移轉
RPOQMLKKKHKGFAM08DA,,49.40,公共設施〔梯廳、梯間、停車空間、消防發電機室、水箱、雨汙水機房、防空避難室兼停車空間、電信室、台電配電室、管理委員會使用空間、門廳、停車空間、車道、公共設施、水箱、電梯機械室等１６項〕,鋼筋混凝土造,113年12月16日,七層,,持分移轉
RPOQMLKKKHKGFAM08DA,,7.18,梯廳、梯間,鋼筋混凝土造,113年12月16日,七層,,持分移轉
RPWNMLKKKHKGFAM58DA,,66.94,集合住宅,鋼筋混凝土造,113年12月16日,七層,三層 陽台,全筆移轉
RPWNMLKKKHKGFAM58DA,,53.32,公共設施〔梯廳、梯間、停車空間、消防發電機室、水箱、雨汙水機房、防空避難室兼停車空間、電信室、台電配電室、管理委員會使用空間、門廳、停車空間、車道、公共設施、水箱、電梯機械室等１６項〕,鋼筋混凝土造,113年12月16日,七層,,持分移轉
RPWNMLKKKHKGFAM58DA,,8.68,梯廳、梯間,鋼筋混凝土造,113年12月16日,七層,,持分移轉
RPUQMLKKKHKGFAM68DA,,80.86,集合住宅,鋼筋混凝土造,113年12月16日,七層,四層 陽台,全筆移轉
RPUQMLKKKHKGFAM68DA,,58.03,公共設施〔梯廳、梯間、停車空間、消防發電機室、水箱、雨汙水機房、防空避難室兼停車空間、電信室、台電配電室、管理委員會使用空間、門廳、停車空間、車道、公共設施、水箱、電梯機械室等１６項〕,鋼筋混凝土造,113年12月16日,七層,,持分移轉
RPUQMLKKKHKGFAM68DA,,10.48,梯廳、梯間,鋼筋混凝土造,113年12月16日,七層,,持分移轉
RPPRMLKKKHKGFAM28DA,,66.94,集合住宅,鋼筋混凝土造,113年12月16日,七層,五層 陽台,全筆移轉
RPPRMLKKKHKGFAM28DA,,53.32,公共設施〔梯廳、梯間、停車空間、消防發電機室、水箱、雨汙水機房、防空避難室兼停車空間、電信室、台電配電室、管理委員會使用空間、門廳、停車空間、車道、公共設施、水箱、電梯機械室等１６項〕,鋼筋混凝土造,113年12月16日,七層,,持分移轉
RPPRMLKKKHKGFAM28DA,,8.68,梯廳、梯間,鋼筋混凝土造,113年12月16日,七層,,持分移轉
RPRRMLKKKHKGFAM48DA,,65.95,集合住宅,鋼筋混凝土造,113年12月16日,七層,五層 陽台,全筆移轉
RPRRMLKKKHKGFAM48DA,,52.99,公共設施〔梯廳、梯間、停車空間、消防發電機室、水箱、雨汙水機房、防空避難室兼停車空間、電信室、台電配電室、管理委員會使用空間、門廳、停車空間、車道、公共設施、水箱、電梯機械室等１６項〕,鋼筋混凝土造,113年12月16日,七層,,持分移轉
RPRRMLKKKHKGFAM48DA,,8.55,梯廳、梯間,鋼筋混凝土造,113年12月16日,七層,,持分移轉
RPPQMLKKKHKGFAM18DA,,55.18,集合住宅,鋼筋混凝土造,113年12月16日,七層,四層 陽台,全筆移轉
RPPQMLKKKHKGFAM18DA,,49.34,公共設施〔梯廳、梯間、停車空間、消防發電機室、水箱、雨汙水機房、防空避難室兼停車空間、電信室、台電配電室、管理委員會使用空間、門廳、停車空間、車道、公共設施、水箱、電梯機械室等１６項〕,鋼筋混凝土造,113年12月16日,七層,,持分移轉
RPPQMLKKKHKGFAM18DA,,7.15,梯廳、梯間,鋼筋混凝土造,113年12月16日,七層,,持分移轉
RPRNMLLKKHKGFAM18DA,,80.86,集合住宅,鋼筋混凝土造,113年12月16日,七層,五層 陽台,全筆移轉
RPRNMLLKKHKGFAM18DA,,58.03,公共設施〔梯廳、梯間、停車空間、消防發電機室、水箱、雨汙水機房、防空避難室兼停車空間、電信室、台電配電室、管理委員會使用空間、門廳、停車空間、車道、公共設施、水箱、電梯機械室等１６項〕,鋼筋混凝土造,113年12月16日,七層,,持分移轉
RPQRMLKKKHKGFAM38DA,,66.94,集合住宅,鋼筋混凝土造,113年12月16日,七層,五層 陽台,全筆移轉
RPRNMLLKKHKGFAM18DA,,10.48,梯廳、梯間,鋼筋混凝土造,113年12月16日,七層,,持分移轉
RPQRMLKKKHKGFAM38DA,,53.32,公共設施〔梯廳、梯間、停車空間、消防發電機室、水箱、雨汙水機房、防空避難室兼停車空間、電信室、台電配電室、管理委員會使用空間、門廳、停車空間、車道、公共設施、水箱、電梯機械室等１６項〕,鋼筋混凝土造,113年12月16日,七層,,持分移轉
RPQRMLKKKHKGFAM38DA,,8.68,梯廳、梯間,鋼筋混凝土造,113年12月16日,七層,,持分移轉
RPSRMLKKKHKGFAM58DA,,65.95,集合住宅,鋼筋混凝土造,113年12月16日,七層,五層 陽台,全筆移轉
RPSRMLKKKHKGFAM58DA,,52.99,公共設施〔梯廳、梯間、停車空間、消防發電機室、水箱、雨汙水機房、防空避難室兼停車空間、電信室、台電配電室、管理委員會使用空間、門廳、停車空間、車道、公共設施、水箱、電梯機械室等１６項〕,鋼筋混凝土造,113年12月16日,七層,,持分移轉
RPSRMLKKKHKGFAM58DA,,8.55,梯廳、梯間,鋼筋混凝土造,113年12月16日,七層,,持分移轉
RPVNMLLKKHKGFAM58DA,,66.94,集合住宅,鋼筋混凝土造,113年12月16日,七層,六層 陽台,全筆移轉
RPUNMLLKKHKGFAM48DA,,66.94,集合住宅,鋼筋混凝土造,113年12月16日,七層,六層 陽台,全筆移轉
RPVNMLLKKHKGFAM58DA,,53.32,公共設施〔梯廳、梯間、停車空間、消防發電機室、水箱、雨汙水機房、防空避難室兼停車空間、電信室、台電配電室、管理委員會使用空間、門廳、停車空間、車道、公共設施、水箱、電梯機械室等１６項〕,鋼筋混凝土造,113年12月16日,七層,,持分移轉
RPUNMLLKKHKGFAM48DA,,53.32,公共設施〔梯廳、梯間、停車空間、消防發電機室、水箱、雨汙水機房、防空避難室兼停車空間、電信室、台電配電室、管理委員會使用空間、門廳、停車空間、車道、公共設施、水箱、電梯機械室等１６項〕,鋼筋混凝土造,113年12月16日,七層,,持分移轉
RPVNMLLKKHKGFAM58DA,,8.68,梯廳、梯間,鋼筋混凝土造,113年12月16日,七層,,持分移轉
RPUNMLLKKHKGFAM48DA,,8.68,梯廳、梯間,鋼筋混凝土造,113年12月16日,七層,,持分移轉
RPWNMLLKKHKGFAM68DA,,65.95,集合住宅,鋼筋混凝土造,113年12月16日,七層,六層 陽台,全筆移轉
RPWNMLLKKHKGFAM68DA,,52.99,公共設施〔梯廳、梯間、停車空間、消防發電機室、水箱、雨汙水機房、防空避難室兼停車空間、電信室、台電配電室、管理委員會使用空間、門廳、停車空間、車道、公共設施、水箱、電梯機械室等１６項〕,鋼筋混凝土造,113年12月16日,七層,,持分移轉
RPWNMLLKKHKGFAM68DA,,8.55,梯廳、梯間,鋼筋混凝土造,113年12月16日,七層,,持分移轉
RPROMLLKKHKGFAM28DA,,79.01,集合住宅,鋼筋混凝土造,113年12月16日,七層,六層 陽台,全筆移轉
RPROMLLKKHKGFAM28DA,,57.37,公共設施〔梯廳、梯間、停車空間、消防發電機室、水箱、雨汙水機房、防空避難室兼停車空間、電信室、台電配電室、管理委員會使用空間、門廳、停車空間、車道、公共設施、水箱、電梯機械室等１６項〕,鋼筋混凝土造,113年12月16日,七層,,持分移轉
RPROMLLKKHKGFAM28DA,,10.24,梯廳、梯間,鋼筋混凝土造,113年12月16日,七層,,持分移轉
RPTOMLLKKHKGFAM48DA,,79.01,集合住宅,鋼筋混凝土造,113年12月16日,七層,六層 陽台,全筆移轉
RPPNMLMKKHKGFAM08DA,,65.89,集合住宅,鋼筋混凝土造,113年12月16日,七層,五層 陽台,全筆移轉
RPTOMLLKKHKGFAM48DA,,88.05,公共設施〔梯廳、梯間、停車空間、消防發電機室、水箱、雨汙水機房、防空避難室兼停車空間、電信室、台電配電室、管理委員會使用空間、門廳、停車空間、車道、公共設施、水箱、電梯機械室等１６項〕,鋼筋混凝土造,113年12月16日,七層,,持分移轉
RPPNMLMKKHKGFAM08DA,,52.99,公共設施〔梯廳、梯間、停車空間、消防發電機室、水箱、雨汙水機房、防空避難室兼停車空間、電信室、台電配電室、管理委員會使用空間、門廳、停車空間、車道、公共設施、水箱、電梯機械室等１６項〕,鋼筋混凝土造,113年12月16日,七層,,持分移轉
RPPNMLMKKHKGFAM08DA,,8.55,梯廳、梯間,鋼筋混凝土造,113年12月16日,七層,,持分移轉
RPTOMLLKKHKGFAM48DA,,10.24,梯廳、梯間,鋼筋混凝土造,113年12月16日,七層,,持分移轉
