﻿編號,土地位置,土地移轉面積平方公尺,使用分區或編定,權利人持分分母,權利人持分分子,移轉情形,地號
The serial number, land position,land shifting area square meter,the use zoning or compiles and checks,,,,land parcel
RPSNMLRJKHKGFCM98DA,牛眠段,267.53,非都市：鄉村區 ; 非都市編定：乙種建築用地,1,1,全筆移轉,10670000
RPROMLLKKHKGFCM48DA,萬大段,8501.00,非都市：森林區 ; 非都市編定：林業用地,1,1,全筆移轉,30700000
RPROMLLKKHKGFCM48DA,萬大段,85.00,非都市：森林區 ; 非都市編定：林業用地,1,1,全筆移轉,30700002
RPROMLLKKHKGFCM48DA,萬大段,1323.00,非都市：森林區 ; 非都市編定：林業用地,1,1,全筆移轉,30700004
RPROMLLKKHKGFCM48DA,萬大段,410.00,非都市：森林區 ; 非都市編定：林業用地,1,1,全筆移轉,30700006
RPQOMLLKKHKGFCM38DA,翠巒段,5370.00,非都市：森林區 ; 非都市編定：林業用地,1,1,全筆移轉,03320000
RPPNMLMKKHKGFDM38DA,大統段,10.45,都市：其他:住宅區,10000,46,持分移轉,00390000
RPPNMLMKKHKGFDM38DA,大統段,.10,都市：其他:住宅區,10000,46,持分移轉,00390001
RPQNMLOLKHKGFDM78DA,文田段,1100.00,非都市：山坡地保育區 ; 非都市編定：農牧用地,3,1,持分移轉,12230000
RPSNMLLLKHKGFDM68DA,初鄉段,10165.00,非都市：山坡地保育區 ; 非都市編定：農牧用地,1,1,全筆移轉,08230000
RPQNMLKLKHKGFDM38DA,大鞍段,1002.26,非都市：山坡地保育區 ; 非都市編定：林業用地,30000,1311,持分移轉,06200000
RPSNMLOLKHKGFDM98DA,文田段,1100.00,非都市：山坡地保育區 ; 非都市編定：農牧用地,3,1,持分移轉,12230000
RPRNMLOLKHKGFDM88DA,文田段,1100.00,非都市：山坡地保育區 ; 非都市編定：農牧用地,3,1,持分移轉,12230000
RPPNMLLLKHKGFDM38DA,大鞍段,712.80,非都市：山坡地保育區 ; 非都市編定：農牧用地,5,3,持分移轉,00010005
RPPNMLLLKHKGFDM38DA,大鞍段,300.50,非都市：山坡地保育區 ; 非都市編定：農牧用地,2,1,持分移轉,03280002
RPPNMLLLKHKGFDM38DA,大鞍段,8159.00,非都市：山坡地保育區 ; 非都市編定：林業用地,1,1,全筆移轉,04860001
RPPNMLLLKHKGFDM38DA,大鞍段,21.00,非都市：山坡地保育區 ; 非都市編定：林業用地,1,1,全筆移轉,04880001
RPPNMLSKKHKGFDM98DA,內樹皮段,96.75,非都市：山坡地保育區 ; 非都市編定：農牧用地,120,3,持分移轉,00680000
RPPNMLSKKHKGFDM98DA,內樹皮段,470.00,非都市：山坡地保育區 ; 非都市編定：農牧用地,1,1,全筆移轉,00760000
RPPNMLSKKHKGFDM98DA,內樹皮段,127.11,非都市：山坡地保育區 ; 非都市編定：農牧用地,135,52,持分移轉,00770000
RPPNMLSKKHKGFDM98DA,內樹皮段,330.00,非都市：山坡地保育區 ; 非都市編定：農牧用地,1,1,全筆移轉,00780002
RPPNMLSKKHKGFDM98DA,內樹皮段,453.00,非都市：山坡地保育區 ; 非都市編定：農牧用地,1,1,全筆移轉,00780005
RPSNMLSKKHKGFDM66DA,南雲段,2257.00,非都市：特定農業區 ; 非都市編定：農牧用地,1,1,全筆移轉,04400000
RPPNMLKKKHKGFCM08DA,桃米坑段,1016.00,非都市：山坡地保育區 ; 非都市編定：林業用地,1,1,全筆移轉,02340408
RPPNMLSKKHKGFBM88EA,新南坪段,32.46,非都市：山坡地保育區 ; 非都市編定：交通用地,1,1,全筆移轉,06210000
RPSNMLMKKHKGFCM58DA,和平段,4.54,都市：其他:住宅區,16,1,持分移轉,00460000
RPSNMLMKKHKGFCM58DA,和平段,40.70,都市：其他:住宅區,8,1,持分移轉,00480000
RPPNMLPJKHKGFAM28DA,新廍段,2162.58,都市：其他:農業區,1,1,全筆移轉,13440002
RPPNMLOKKHKGFAM28DA,同源段,91.24,非都市：鄉村區 ; 非都市編定：乙種建築用地,1,1,全筆移轉,05910000
RPUNMLOJKHKGFBM78DA,新富仁段,76.23,都市：其他:住宅區,1,1,全筆移轉,00750000
RPSNMLOJKHKGFBM58DA,草屯段,21.48,都市：其他:商業區,100000,1714,持分移轉,07370135
RPQNMLRJKHKGFBM68DA,新光段,109.00,非都市：特定農業區 ; 非都市編定：農牧用地,2,1,持分移轉,14710000
RPQNMLRJKHKGFBM68DA,新光段,1362.00,非都市：特定農業區 ; 非都市編定：農牧用地,1,1,全筆移轉,14740000
RPPNMLOJKHKGFAM18DA,福助段,.35,非都市：鄉村區 ; 非都市編定：乙種建築用地,100000,513,持分移轉,07300000
RPPNMLOJKHKGFAM18DA,福助段,38.16,非都市：鄉村區 ; 非都市編定：乙種建築用地,100000,513,持分移轉,08010000
RPQNMLLLKHKGFEM58DA,同富段,88.00,非都市：鄉村區 ; 非都市編定：乙種建築用地,1,1,全筆移轉,03010000
RPQNMLLLKHKGFEM58DA,同富段,9.00,非都市：鄉村區 ; 非都市編定：乙種建築用地,1,1,全筆移轉,03020002
RPQNMLLLKHKGFEM58DA,同富段,2.00,非都市：鄉村區 ; 非都市編定：乙種建築用地,1,1,全筆移轉,03030001
RPPNMLLLKHKGFEM48DA,新郡坑段,2500.00,非都市：山坡地保育區 ; 非都市編定：農牧用地,1,1,全筆移轉,07330002
RPPNMLRKKHKGFEM98DA,城中段,1616.00,都市：其他:遊憩區(附三),1,1,全筆移轉,12310000
RPPNMLRKKHKGFEM98DA,城中段,68.00,都市：其他:道路用地(附三),1,1,全筆移轉,12310001
RPPNMLTKKHKGFCM98DA,發祥段,2160.00,非都市：山坡地保育區 ; 非都市編定：農牧用地,1,1,全筆移轉,04950000
RPWOMLLKKHKGFAM78DA,施厝坪段,1054.13,都市：其他:農業區,1,1,全筆移轉,02520000
RPWOMLLKKHKGFAM78DA,施厝坪段,15.87,都市：其他:農業區,1,1,全筆移轉,02530000
RPRNMLOJKHKGFAM38DA,光榮段,141.93,都市：其他:住宅區,1,1,全筆移轉,05690000
RPRNMLOJKHKGFAM38DA,光榮段,3.31,都市：其他:住宅區,20000,758,持分移轉,05700000
RPRNMLQKJHKGFDM88DA,吉祥段,4.84,都市：其他:住宅區,27,1,持分移轉,07730002
RPRNMLQKJHKGFDM88DA,吉祥段,116.82,都市：其他:住宅區,1,1,全筆移轉,07730021
RPRNMLPLKHKGFDM98DA,初鄉段,165.00,非都市：山坡地保育區 ; 非都市編定：農牧用地,1,1,全筆移轉,01060000
RPRNMLPLKHKGFDM98DA,初鄉段,5734.00,非都市：山坡地保育區 ; 非都市編定：農牧用地,1,1,全筆移轉,06580000
RPQNMLOLKHKGFCM68DA,仁愛段,81.62,都市：其他:商業區,1,1,全筆移轉,03140000
RPQNMLOLKHKGFCM68DA,仁愛段,59.57,都市：其他:商業區,1,1,全筆移轉,03150000
RPUNMLKLKHKGFCM68DA,東池段,1104.97,都市：其他:農業區,1,1,全筆移轉,04640003
RPRNMLKLKHKGFCM38DA,石門段,2341.16,都市：其他:農業區,1,1,全筆移轉,00630000
RPTNMLOLKHKGFCM98DA,仁愛段,144.86,都市：其他:商業區,1,1,全筆移轉,03130000
RPSNMLOLKHKGFCM88DA,仁愛段,574.01,都市：其他:商業區,1,1,全筆移轉,03200000
RPPNMLLLKHKGFCM28DA,北港溪段,95.00,非都市：山坡地保育區 ; 非都市編定：丙種建築用地,1,1,全筆移轉,00030007
RPQNMLLLKHKGFCM38DA,光明段,28.06,都市：其他:商業區,1,1,全筆移轉,03900001
RPQNMLLLKHKGFCM38DA,光明段,16.53,都市：其他:商業區,1,1,全筆移轉,03910001
RPQNMLLLKHKGFCM38DA,光明段,18.53,都市：其他:商業區,1,1,全筆移轉,03920001
RPTNMLKLKHKGFCM58DA,忠孝段,127.72,都市：其他:住宅區,1,1,全筆移轉,02260001
RPQNMLSKKHKGFDM09DA,坪林段,77551.89,非都市：森林區 ; 非都市編定：林業用地,1,1,全筆移轉,02670000
RPSNMLNJKHKGFAM38DA,永興段,69.80,都市：其他:農業區,15720,838,持分移轉,00180000
RPSNMLNJKHKGFAM38DA,永興段,86.31,都市：其他:農業區,1,1,全筆移轉,00340000
RPSNMLNJKHKGFAM38DA,永興段,9.38,都市：其他:農業區,15720,838,持分移轉,01060000
RPSNMLNJKHKGFAM38DA,永興段,1.04,都市：其他:道路用地,15720,838,持分移轉,01070000
RPRNMLKLKHKGFDM48DA,大坑段頂林小段,2590.00,非都市：山坡地保育區 ; 非都市編定：林業用地,1,1,全筆移轉,01030682
RPSNMLKLKHKGFCM48DA,和平段,48.38,都市：其他:商業區,20000,418,持分移轉,08250000
RPQNMLMKKHKGFCM38DA,大瑪璘段,30.25,非都市：鄉村區 ; 非都市編定：乙種建築用地,1,1,全筆移轉,03740000
RPQNMLMKKHKGFCM38DA,大瑪璘段,30.27,非都市：鄉村區 ; 非都市編定：乙種建築用地,1,1,全筆移轉,03750000
RPRNMLSKKHKGFAM88DA,大崗段,18.50,非都市：工業區 ; 非都市編定：丁種建築用地,100000,9297,持分移轉,00050004
RPQNMLTKKHKGFCM09DA,南光段,86.00,都市：其他:住宅區,1,1,全筆移轉,03120004
RPQNMLTKKHKGFCM09DA,南光段,86.00,都市：其他:住宅區,1,1,全筆移轉,03120005
RPQNMLTKKHKGFCM09DA,南光段,86.00,都市：其他:住宅區,1,1,全筆移轉,03120006
RPPNMLKLKHKGFAM97DA,三塊厝段,1771.11,都市：其他:住宅區,5707,1960,持分移轉,01510000
RPTOMLPKJHKGFCM98DA,廣源段,6625.00,非都市：山坡地保育區 ; 非都市編定：農牧用地,4,1,持分移轉,10080000
RPSNMLKLJHKGFCM38DA,龜溝段,120.36,非都市：鄉村區 ; 非都市編定：乙種建築用地,1,1,全筆移轉,02800000
RPRNMLPLKHKGFCM88DA,福興段,655.00,非都市：山坡地保育區 ; 非都市編定：丙種建築用地,1,1,全筆移轉,05430000
RPRNMLPLKHKGFCM88DA,福興段,3780.00,非都市：山坡地保育區 ; 非都市編定：農牧用地,1,1,全筆移轉,05450000
RPPNMLTKKHKGFEM66EA,人和段,310.00,非都市：山坡地保育區 ; 非都市編定：農牧用地,1,1,全筆移轉,03280000
RPRNMLRKKHKGFAM78DA,大崗段,24.14,非都市：工業區 ; 非都市編定：丁種建築用地,10000,602,持分移轉,00400001
RPSNMLPLKHKGFCM98DA,福興段,440.00,非都市：山坡地保育區 ; 非都市編定：丙種建築用地,1,1,全筆移轉,05420000
RPSNMLPLKHKGFCM98DA,福興段,1191.00,非都市：山坡地保育區 ; 非都市編定：農牧用地,1,1,全筆移轉,05440000
RPWNMLLKKHKGFCM88DA,埔里段梅子腳小段,11.85,都市：其他:住宅區,100000,193,持分移轉,00890010
RPQNMLSJJHKGFDM88DA,延祥段,118.56,都市：其他:住宅區,1,1,全筆移轉,04660000
RPPNMLSLKIJGFCM98DA,內凹仔段,286.87,非都市：鄉村區 ; 非都市編定：乙種建築用地,1,1,全筆移轉,00730000
RPPNMLSLKIJGFCM98DA,內凹仔段,286.22,非都市：鄉村區 ; 非都市編定：乙種建築用地,1,1,全筆移轉,00730001
RPRNMLLMKIJGFCM58DA,忠義段,22.65,都市：其他:住宅區,10000,339,持分移轉,07830000
RPTNMLKKJHKGFAM18DA,包尾段,13.87,都市：其他:住宅區,10000,35,持分移轉,07350054
RPRNMLTKKHKGFCM56DA,南光段,136.00,都市：其他:住宅區,1,1,全筆移轉,03120007
RPRNMLTKKHKGFCM56DA,南光段,136.00,都市：其他:住宅區,1,1,全筆移轉,03120008
RPQNMLLKKHKGFDM38DA,圓山段,1331.29,非都市：山坡地保育區 ; 非都市編定：林業用地,1,1,全筆移轉,00490000
RPQNMLLKKHKGFDM38DA,圓山段,3151.79,非都市：山坡地保育區 ; 非都市編定：林業用地,1,1,全筆移轉,00490002
RPQNMLLKKHKGFDM38DA,圓山段,2510.00,非都市：山坡地保育區 ; 非都市編定：林業用地,1,1,全筆移轉,00490004
RPQNMLLKKHKGFDM38DA,圓山段,2154.78,非都市：山坡地保育區 ; 非都市編定：林業用地,1,1,全筆移轉,00490005
RPQNMLLKKHKGFDM38DA,圓山段,1722.62,非都市：山坡地保育區 ; 非都市編定：林業用地,1,1,全筆移轉,00490006
RPPNMLLMKIJGFCM38DA,忠義段,23.52,都市：其他:住宅區,10000,352,持分移轉,07830000
RPTNMLRKKHKGFCM56DA,北港溪段,722.00,非都市：山坡地保育區 ; 非都市編定：農牧用地,1,1,全筆移轉,00650023
RPPNMLRLKIJGFCM88DA,忠義段,22.65,都市：其他:住宅區,10000,339,持分移轉,07830000
RPOOMLLKKHKGFCM18DA,溪南段,39.97,非都市：山坡地保育區 ; 非都市編定：丙種建築用地,30,1,持分移轉,14660000
RPOOMLLKKHKGFCM18DA,溪南段,54.90,非都市：山坡地保育區 ; 非都市編定：丙種建築用地,30,1,持分移轉,14660016
RPOOMLLKKHKGFCM18DA,溪南段,178.35,非都市：山坡地保育區 ; 非都市編定：丙種建築用地,1,1,全筆移轉,14660035
RPOOMLLKKHKGFCM18DA,溪南段,3.96,非都市：山坡地保育區 ; 非都市編定：丙種建築用地,30,1,持分移轉,14660047
RPSNMLSKKHKGFDM76EA,中崎段,4005.27,非都市：一般農業區 ; 非都市編定：農牧用地,1,1,全筆移轉,01730001
RPUNMLSKKHKGFDM96EA,彰雅段,1367.20,非都市：山坡地保育區 ; 非都市編定：農牧用地,1,1,全筆移轉,03250000
RPQNMLKLKHKGFCM28DA,水源段,140.60,非都市：特定農業區 ; 非都市編定：甲種建築用地,1,1,全筆移轉,07210000
RPQNMLKLKHKGFCM28DA,水源段,26.86,非都市：特定農業區 ; 非都市編定：甲種建築用地,3,1,持分移轉,07230000
RPWNMLTKKHKGFAM86DA,包尾段,5.25,都市：其他:住宅區,3000,281,持分移轉,07740023
RPTNMLPLKHKGFCM09DA,明潭段,9.58,都市：其他:道路用地,1,1,全筆移轉,05620001
RPTNMLPLKHKGFCM09DA,明潭段,211.44,都市：其他:住宅區,1,1,全筆移轉,05620002
RPTNMLPLKHKGFCM09DA,明潭段,.08,都市：其他:道路用地,1,1,全筆移轉,05630002
RPSNMLPLKHKGFDM09DA,照鏡段,5440.39,非都市：一般農業區 ; 非都市編定：農牧用地,1,1,全筆移轉,05890000
RPPNMLNKJHKGFCM28DA,北港溪段,174.50,非都市：鄉村區 ; 非都市編定：乙種建築用地,6,3,持分移轉,00090010
RPPNMLNKJHKGFCM28DA,北港溪段,306.00,非都市：鄉村區 ; 非都市編定：乙種建築用地,6,3,持分移轉,00090012
RPPNMLRKKHKGFCM78DA,忠義段,5.99,都市：其他:住宅區,1,1,全筆移轉,04600000
RPPNMLRKKHKGFCM78DA,忠義段,470.47,都市：其他:住宅區,1,1,全筆移轉,04620000
RPPNMLRKKHKGFCM78DA,忠義段,42.63,都市：其他:道路用地,1,1,全筆移轉,04740000
RPPNMLRKKHKGFCM78DA,忠義段,30.33,都市：其他:住宅區,1,1,全筆移轉,04770001
RPPNMLRKKHKGFCM78DA,忠義段,728.54,都市：其他:住宅區,1,1,全筆移轉,04780000
RPPNMLRKKHKGFCM78DA,忠義段,6.71,都市：其他:住宅區,1,1,全筆移轉,04780001
RPPNMLRKKHKGFCM78DA,忠義段,5.66,都市：其他:住宅區,1,1,全筆移轉,04780002
RPPNMLRKKHKGFCM78DA,忠義段,20.53,都市：其他:住宅區,1,1,全筆移轉,04780003
RPPNMLRKKHKGFCM78DA,忠義段,3.17,都市：其他:住宅區,1,1,全筆移轉,04780004
RPQNMLLLKHKGFDM48DA,沙東段,1329.02,都市：農,1,1,全筆移轉,03850001
RPVNMLLKKHKGFCM78DA,溪南段,39.97,非都市：山坡地保育區 ; 非都市編定：丙種建築用地,30,1,持分移轉,14660000
RPVNMLLKKHKGFCM78DA,溪南段,54.90,非都市：山坡地保育區 ; 非都市編定：丙種建築用地,30,1,持分移轉,14660016
RPVNMLLKKHKGFCM78DA,溪南段,158.08,非都市：山坡地保育區 ; 非都市編定：丙種建築用地,1,1,全筆移轉,14660043
RPVNMLLKKHKGFCM78DA,溪南段,3.96,非都市：山坡地保育區 ; 非都市編定：丙種建築用地,30,1,持分移轉,14660047
RPRNMLLJIIJGFDM18DA,安定段,75.43,都市：其他:住宅區,1,1,全筆移轉,05230000
RPRNMLLJIIJGFDM18DA,安定段,72.57,都市：其他:住宅區,1,1,全筆移轉,05240000
RPRNMLLJIIJGFDM18DA,安定段,61.81,都市：其他:住宅區,1,1,全筆移轉,05250000
RPRNMLLJIIJGFDM18DA,安定段,3.28,都市：其他:住宅區,1,1,全筆移轉,05260000
RPRNMLLJIIJGFDM18DA,安定段,1.61,都市：其他:住宅區,1,1,全筆移轉,05270001
RPRNMLLJIIJGFDM18DA,安定段,.39,都市：其他:住宅區,1,1,全筆移轉,05700001
RPTNMLOKJHKGFAM58DA,南崗段,13586.61,都市：其他:第二種乙種工業區,1,1,全筆移轉,03110000
RPPNMLOLJHKGFAM28DA,新生段,21.68,都市：其他:住宅區,100200,2168,持分移轉,16000000
RPPNMLOLJHKGFAM28DA,新生段,.03,都市：其他:道路用地,11968,137,持分移轉,16000015
RPSNMLSJKHKGFAM88DA,牛運堀段,12.42,都市：其他:住宅區,100000,907,持分移轉,02760000
RPSNMLSJKHKGFAM88DA,牛運堀段,1.60,都市：其他:住宅區,100000,907,持分移轉,02760007
RPSNMLSJKHKGFAM88DA,牛運堀段,3.84,都市：其他:住宅區,100000,907,持分移轉,02760008
RPSNMLSJKHKGFAM88DA,牛運堀段,14.00,都市：其他:住宅區,100000,907,持分移轉,02790000
RPQNMLSKKHKGFBM88DA,新南埔段,401.85,非都市：山坡地保育區 ; 非都市編定：丙種建築用地,1,1,全筆移轉,04580000
RPWNMLNJJHKGFCM88DA,忠義段,20.71,都市：其他:住宅區,10000,310,持分移轉,07830000
RPPPMLLKKHKGFAM18DA,牛運堀段,12.36,都市：其他:住宅區,100000,903,持分移轉,02760000
RPPPMLLKKHKGFAM18DA,牛運堀段,1.59,都市：其他:住宅區,100000,903,持分移轉,02760007
RPPPMLLKKHKGFAM18DA,牛運堀段,3.82,都市：其他:住宅區,100000,903,持分移轉,02760008
RPPPMLLKKHKGFAM18DA,牛運堀段,13.94,都市：其他:住宅區,100000,903,持分移轉,02790000
RPQPMLKKKHKGFAM18DA,牛運堀段,12.59,都市：其他:住宅區,100000,920,持分移轉,02760000
RPQPMLKKKHKGFAM18DA,牛運堀段,1.62,都市：其他:住宅區,100000,920,持分移轉,02760007
RPQPMLKKKHKGFAM18DA,牛運堀段,3.89,都市：其他:住宅區,100000,920,持分移轉,02760008
RPQPMLKKKHKGFAM18DA,牛運堀段,14.20,都市：其他:住宅區,100000,920,持分移轉,02790000
RPOOMLLKKHKGFAM97DA,牛運堀段,12.40,都市：其他:住宅區,100000,906,持分移轉,02760000
RPOOMLLKKHKGFAM97DA,牛運堀段,1.59,都市：其他:住宅區,100000,906,持分移轉,02760007
RPOOMLLKKHKGFAM97DA,牛運堀段,3.83,都市：其他:住宅區,100000,906,持分移轉,02760008
RPOOMLLKKHKGFAM97DA,牛運堀段,13.99,都市：其他:住宅區,100000,906,持分移轉,02790000
RPQNMLSJKHKGFAM68DA,牛運堀段,12.42,都市：其他:住宅區,100000,907,持分移轉,02760000
RPQNMLSJKHKGFAM68DA,牛運堀段,1.60,都市：其他:住宅區,100000,907,持分移轉,02760007
RPQNMLSJKHKGFAM68DA,牛運堀段,3.84,都市：其他:住宅區,100000,907,持分移轉,02760008
RPQNMLSJKHKGFAM68DA,牛運堀段,14.00,都市：其他:住宅區,100000,907,持分移轉,02790000
RPUOMLLKKHKGFAM58DA,牛運堀段,9.97,都市：其他:住宅區,100000,728,持分移轉,02760000
RPUOMLLKKHKGFAM58DA,牛運堀段,1.28,都市：其他:住宅區,100000,728,持分移轉,02760007
RPUOMLLKKHKGFAM58DA,牛運堀段,3.08,都市：其他:住宅區,100000,728,持分移轉,02760008
RPUOMLLKKHKGFAM58DA,牛運堀段,11.24,都市：其他:住宅區,100000,728,持分移轉,02790000
RPQNMLKLKHKGFAM08DA,新赤水段,173.81,非都市：一般農業區 ; 非都市編定：丙種建築用地,1,1,全筆移轉,12270000
RPQNMLKLKHKGFAM08DA,新赤水段,11.18,非都市：一般農業區 ; 非都市編定：丙種建築用地,1,1,全筆移轉,12270001
RPRNMLQJJHKGFCM68DA,南村段,4344.42,非都市：特定農業區 ; 非都市編定：農牧用地,1,1,全筆移轉,03760000
RPRNMLQJJHKGFCM68DA,南村段,103.73,非都市：特定農業區 ; 非都市編定：甲種建築用地,1,1,全筆移轉,03780000
RPVPMLLKKHKGFAM78DA,牛運堀段,12.36,都市：其他:住宅區,100000,903,持分移轉,02760000
RPVPMLLKKHKGFAM78DA,牛運堀段,1.59,都市：其他:住宅區,100000,903,持分移轉,02760007
RPVPMLLKKHKGFAM78DA,牛運堀段,3.82,都市：其他:住宅區,100000,903,持分移轉,02760008
RPVPMLLKKHKGFAM78DA,牛運堀段,13.94,都市：其他:住宅區,100000,903,持分移轉,02790000
RPQNMLLLKHKGFAM28EA,三塊厝段,85.00,都市：其他:第一種商業區,1,1,全筆移轉,00010061
RPVOMLKKKHKGFAM58DA,牛運堀段,14.77,都市：其他:住宅區,100000,1079,持分移轉,02760000
RPVOMLKKKHKGFAM58DA,牛運堀段,1.90,都市：其他:住宅區,100000,1079,持分移轉,02760007
RPVOMLKKKHKGFAM58DA,牛運堀段,4.56,都市：其他:住宅區,100000,1079,持分移轉,02760008
RPVOMLKKKHKGFAM58DA,牛運堀段,16.66,都市：其他:住宅區,100000,1079,持分移轉,02790000
RPQNMLKLKHKGFBM18DA,加老段,277.86,非都市：鄉村區 ; 非都市編定：乙種建築用地,1,1,全筆移轉,06780000
RPSNMLOLKHKGFBM78DA,南坪段,298.00,非都市：鄉村區 ; 非都市編定：乙種建築用地,1,1,全筆移轉,06070000
RPPNMLOLKHKGFBM48DA,新富寮段,76.48,都市：其他:住宅區,3,1,持分移轉,04900000
RPPNMLOLKHKGFBM48DA,新富寮段,83.02,都市：其他:住宅區,1,1,全筆移轉,04950000
RPRNMLNJJHKGFAM18DA,分水寮段,12640.00,非都市：山坡地保育區 ; 非都市編定：農牧用地,1,1,全筆移轉,09980000
RPUNMLQJKHKGFDM56DA,南雲段,6.61,非都市：鄉村區 ; 非都市編定：乙種建築用地,1000000,8053,持分移轉,00450000
RPUNMLQJKHKGFDM56DA,南雲段,15.09,非都市：鄉村區 ; 非都市編定：乙種建築用地,1000000,56121,持分移轉,00450035
RPUNMLQJKHKGFDM56DA,南雲段,2.13,非都市：鄉村區 ; 非都市編定：乙種建築用地,1000000,56121,持分移轉,00450036
RPUNMLQJKHKGFDM56DA,南雲段,1.25,非都市：鄉村區 ; 非都市編定：乙種建築用地,1000000,19496,持分移轉,00450037
RPPOMLLKKHKGFAM08DA,牛運堀段,15.62,都市：其他:住宅區,100000,1141,持分移轉,02760000
RPPOMLLKKHKGFAM08DA,牛運堀段,2.01,都市：其他:住宅區,100000,1141,持分移轉,02760007
RPPOMLLKKHKGFAM08DA,牛運堀段,4.83,都市：其他:住宅區,100000,1141,持分移轉,02760008
RPPOMLLKKHKGFAM08DA,牛運堀段,17.62,都市：其他:住宅區,100000,1141,持分移轉,02790000
RPSPMLLKKHKGFAM48DA,牛運堀段,9.97,都市：其他:住宅區,100000,728,持分移轉,02760000
RPSPMLLKKHKGFAM48DA,牛運堀段,1.28,都市：其他:住宅區,100000,728,持分移轉,02760007
RPSPMLLKKHKGFAM48DA,牛運堀段,3.08,都市：其他:住宅區,100000,728,持分移轉,02760008
RPSPMLLKKHKGFAM48DA,牛運堀段,11.24,都市：其他:住宅區,100000,728,持分移轉,02790000
RPPNMLRJKHKGFBM58DA,加老段,32.56,非都市：鄉村區 ; 非都市編定：乙種建築用地,10000,407,持分移轉,05790001
RPPNMLRJKHKGFBM58DA,加老段,7.01,非都市：鄉村區 ; 非都市編定：乙種建築用地,10000,407,持分移轉,05790002
RPTQMLKKKHKGFAM58DA,牛運堀段,9.97,都市：其他:住宅區,100000,728,持分移轉,02760000
RPTQMLKKKHKGFAM58DA,牛運堀段,1.28,都市：其他:住宅區,100000,728,持分移轉,02760007
RPTQMLKKKHKGFAM58DA,牛運堀段,3.08,都市：其他:住宅區,100000,728,持分移轉,02760008
RPTQMLKKKHKGFAM58DA,牛運堀段,11.24,都市：其他:住宅區,100000,728,持分移轉,02790000
RPRNMLOKKHKGFBM58DA,茄荖山段,2185.69,非都市：特定農業區 ; 非都市編定：農牧用地,1,1,全筆移轉,01650001
RPQPMLLKKHKGFAM28DA,牛運堀段,14.77,都市：其他:住宅區,100000,1079,持分移轉,02760000
RPQPMLLKKHKGFAM28DA,牛運堀段,1.90,都市：其他:住宅區,100000,1079,持分移轉,02760007
RPQPMLLKKHKGFAM28DA,牛運堀段,4.56,都市：其他:住宅區,100000,1079,持分移轉,02760008
RPQPMLLKKHKGFAM28DA,牛運堀段,16.66,都市：其他:住宅區,100000,1079,持分移轉,02790000
RPXNMLQJKHKGFDM86DA,南雲段,6.61,非都市：鄉村區 ; 非都市編定：乙種建築用地,1000000,8053,持分移轉,00450000
RPXNMLQJKHKGFDM86DA,南雲段,15.09,非都市：鄉村區 ; 非都市編定：乙種建築用地,1000000,56121,持分移轉,00450035
RPXNMLQJKHKGFDM86DA,南雲段,2.13,非都市：鄉村區 ; 非都市編定：乙種建築用地,1000000,56121,持分移轉,00450036
RPXNMLQJKHKGFDM86DA,南雲段,1.25,非都市：鄉村區 ; 非都市編定：乙種建築用地,1000000,19496,持分移轉,00450037
RPOPMLLKKHKGFAM08DA,牛運堀段,13.66,都市：其他:住宅區,100000,998,持分移轉,02760000
RPOPMLLKKHKGFAM08DA,牛運堀段,1.76,都市：其他:住宅區,100000,998,持分移轉,02760007
RPOPMLLKKHKGFAM08DA,牛運堀段,4.22,都市：其他:住宅區,100000,998,持分移轉,02760008
RPOPMLLKKHKGFAM08DA,牛運堀段,15.41,都市：其他:住宅區,100000,998,持分移轉,02790000
RPTPMLLKKHKGFAM58DA,牛運堀段,10.38,都市：其他:住宅區,100000,758,持分移轉,02760000
RPTPMLLKKHKGFAM58DA,牛運堀段,1.33,都市：其他:住宅區,100000,758,持分移轉,02760007
RPTPMLLKKHKGFAM58DA,牛運堀段,3.21,都市：其他:住宅區,100000,758,持分移轉,02760008
RPTPMLLKKHKGFAM58DA,牛運堀段,11.70,都市：其他:住宅區,100000,758,持分移轉,02790000
RPUPMLLKKHKGFAM68DA,牛運堀段,10.38,都市：其他:住宅區,100000,758,持分移轉,02760000
RPUPMLLKKHKGFAM68DA,牛運堀段,1.33,都市：其他:住宅區,100000,758,持分移轉,02760007
RPUPMLLKKHKGFAM68DA,牛運堀段,3.21,都市：其他:住宅區,100000,758,持分移轉,02760008
RPUPMLLKKHKGFAM68DA,牛運堀段,11.70,都市：其他:住宅區,100000,758,持分移轉,02790000
RPVNMLOLJHKGFAM88DA,新生段,31.61,都市：其他:住宅區,100200,3161,持分移轉,16000000
RPVNMLOLJHKGFAM88DA,新生段,.05,都市：其他:道路用地,11968,200,持分移轉,16000015
RPTNMLSJKHKGFAM98DA,牛運堀段,9.93,都市：其他:住宅區,100000,725,持分移轉,02760000
RPTNMLSJKHKGFAM98DA,牛運堀段,1.28,都市：其他:住宅區,100000,725,持分移轉,02760007
RPTNMLSJKHKGFAM98DA,牛運堀段,3.07,都市：其他:住宅區,100000,725,持分移轉,02760008
RPTNMLSJKHKGFAM98DA,牛運堀段,11.19,都市：其他:住宅區,100000,725,持分移轉,02790000
RPPPMLRJKHKGFBM78DA,加老段,25.60,非都市：鄉村區 ; 非都市編定：乙種建築用地,10000,320,持分移轉,05790001
RPPPMLRJKHKGFBM78DA,加老段,5.51,非都市：鄉村區 ; 非都市編定：乙種建築用地,10000,320,持分移轉,05790002
RPVNMLSJKHKGFAM56DA,牛運堀段,10.38,都市：其他:住宅區,100000,758,持分移轉,02760000
RPVNMLSJKHKGFAM56DA,牛運堀段,1.33,都市：其他:住宅區,100000,758,持分移轉,02760007
RPVNMLSJKHKGFAM56DA,牛運堀段,3.21,都市：其他:住宅區,100000,758,持分移轉,02760008
RPVNMLSJKHKGFAM56DA,牛運堀段,11.70,都市：其他:住宅區,100000,758,持分移轉,02790000
RPOPMLKKKHKGFAM97DA,牛運堀段,15.13,都市：其他:住宅區,100000,1105,持分移轉,02760000
RPOPMLKKKHKGFAM97DA,牛運堀段,1.94,都市：其他:住宅區,100000,1105,持分移轉,02760007
RPOPMLKKKHKGFAM97DA,牛運堀段,4.67,都市：其他:住宅區,100000,1105,持分移轉,02760008
RPOPMLKKKHKGFAM97DA,牛運堀段,17.06,都市：其他:住宅區,100000,1105,持分移轉,02790000
RPPNMLKKKHKGFAM87DA,牛運堀段,9.97,都市：其他:住宅區,100000,728,持分移轉,02760000
RPPNMLKKKHKGFAM87DA,牛運堀段,1.28,都市：其他:住宅區,100000,728,持分移轉,02760007
RPPNMLKKKHKGFAM87DA,牛運堀段,3.08,都市：其他:住宅區,100000,728,持分移轉,02760008
RPPNMLKKKHKGFAM87DA,牛運堀段,11.24,都市：其他:住宅區,100000,728,持分移轉,02790000
RPVOMLLKKHKGFAM68DA,牛運堀段,15.13,都市：其他:住宅區,100000,1105,持分移轉,02760000
RPVOMLLKKHKGFAM68DA,牛運堀段,1.94,都市：其他:住宅區,100000,1105,持分移轉,02760007
RPVOMLLKKHKGFAM68DA,牛運堀段,4.67,都市：其他:住宅區,100000,1105,持分移轉,02760008
RPVOMLLKKHKGFAM68DA,牛運堀段,17.06,都市：其他:住宅區,100000,1105,持分移轉,02790000
RPRPMLLKKHKGFAM38DA,牛運堀段,9.97,都市：其他:住宅區,100000,728,持分移轉,02760000
RPRPMLLKKHKGFAM38DA,牛運堀段,1.28,都市：其他:住宅區,100000,728,持分移轉,02760007
RPRPMLLKKHKGFAM38DA,牛運堀段,3.08,都市：其他:住宅區,100000,728,持分移轉,02760008
RPRPMLLKKHKGFAM38DA,牛運堀段,11.24,都市：其他:住宅區,100000,728,持分移轉,02790000
RPOSMLKKKHKGFAM28DA,牛運堀段,14.77,都市：其他:住宅區,100000,1079,持分移轉,02760000
RPOSMLKKKHKGFAM28DA,牛運堀段,1.90,都市：其他:住宅區,100000,1079,持分移轉,02760007
RPOSMLKKKHKGFAM28DA,牛運堀段,4.56,都市：其他:住宅區,100000,1079,持分移轉,02760008
RPOSMLKKKHKGFAM28DA,牛運堀段,16.66,都市：其他:住宅區,100000,1079,持分移轉,02790000
RPWRMLKKKHKGFAM98DA,牛運堀段,10.38,都市：其他:住宅區,100000,758,持分移轉,02760000
RPWRMLKKKHKGFAM98DA,牛運堀段,1.33,都市：其他:住宅區,100000,758,持分移轉,02760007
RPWRMLKKKHKGFAM98DA,牛運堀段,3.21,都市：其他:住宅區,100000,758,持分移轉,02760008
RPWRMLKKKHKGFAM98DA,牛運堀段,11.70,都市：其他:住宅區,100000,758,持分移轉,02790000
RPXRMLKKKHKGFAM09DA,牛運堀段,14.77,都市：其他:住宅區,100000,1079,持分移轉,02760000
RPXRMLKKKHKGFAM09DA,牛運堀段,1.90,都市：其他:住宅區,100000,1079,持分移轉,02760007
RPXRMLKKKHKGFAM09DA,牛運堀段,4.56,都市：其他:住宅區,100000,1079,持分移轉,02760008
RPXRMLKKKHKGFAM09DA,牛運堀段,16.66,都市：其他:住宅區,100000,1079,持分移轉,02790000
RPRNMLOLJHKGFAM48DA,新生段,32.66,都市：其他:住宅區,100200,3266,持分移轉,16000000
RPRNMLOLJHKGFAM48DA,新生段,.05,都市：其他:道路用地,11968,207,持分移轉,16000015
RPQNMLLKKHKGFAM08DA,牛運堀段,9.97,都市：其他:住宅區,100000,728,持分移轉,02760000
RPQNMLLKKHKGFAM08DA,牛運堀段,1.28,都市：其他:住宅區,100000,728,持分移轉,02760007
RPQNMLLKKHKGFAM08DA,牛運堀段,3.08,都市：其他:住宅區,100000,728,持分移轉,02760008
RPQNMLLKKHKGFAM08DA,牛運堀段,11.24,都市：其他:住宅區,100000,728,持分移轉,02790000
RPWNMLQJKHKGFDM76DA,南雲段,6.61,非都市：鄉村區 ; 非都市編定：乙種建築用地,1000000,8053,持分移轉,00450000
RPWNMLQJKHKGFDM76DA,南雲段,14.85,非都市：鄉村區 ; 非都市編定：乙種建築用地,1000000,55241,持分移轉,00450035
RPWNMLQJKHKGFDM76DA,南雲段,2.10,非都市：鄉村區 ; 非都市編定：乙種建築用地,1000000,55241,持分移轉,00450036
RPWNMLQJKHKGFDM76DA,南雲段,1.25,非都市：鄉村區 ; 非都市編定：乙種建築用地,1000000,19496,持分移轉,00450037
RPUOMLQJKHKGFDM66DA,南雲段,6.61,非都市：鄉村區 ; 非都市編定：乙種建築用地,1000000,8053,持分移轉,00450000
RPUOMLQJKHKGFDM66DA,南雲段,14.85,非都市：鄉村區 ; 非都市編定：乙種建築用地,1000000,55241,持分移轉,00450035
RPUOMLQJKHKGFDM66DA,南雲段,2.10,非都市：鄉村區 ; 非都市編定：乙種建築用地,1000000,55241,持分移轉,00450036
RPUOMLQJKHKGFDM66DA,南雲段,1.25,非都市：鄉村區 ; 非都市編定：乙種建築用地,1000000,19496,持分移轉,00450037
RPXNMLLKKHKGFAM78DA,牛運堀段,24.81,都市：其他:住宅區,100000,1812,持分移轉,02760000
RPXNMLLKKHKGFAM78DA,牛運堀段,3.19,都市：其他:住宅區,100000,1812,持分移轉,02760007
RPXNMLLKKHKGFAM78DA,牛運堀段,7.66,都市：其他:住宅區,100000,1812,持分移轉,02760008
RPXNMLLKKHKGFAM78DA,牛運堀段,27.98,都市：其他:住宅區,100000,1812,持分移轉,02790000
RPSNMLRKKHKGFDM66EA,南雲段,6.61,非都市：鄉村區 ; 非都市編定：乙種建築用地,2000000,16106,持分移轉,00450000
RPSNMLRKKHKGFDM66EA,南雲段,14.85,非都市：鄉村區 ; 非都市編定：乙種建築用地,2000000,110482,持分移轉,00450035
RPSNMLRKKHKGFDM66EA,南雲段,2.10,非都市：鄉村區 ; 非都市編定：乙種建築用地,2000000,110482,持分移轉,00450036
RPSNMLRKKHKGFDM66EA,南雲段,22.07,非都市：鄉村區 ; 非都市編定：乙種建築用地,2000000,688064,持分移轉,00450037
RPPOMLQJKHKGFDM78DA,南雲段,6.61,非都市：鄉村區 ; 非都市編定：乙種建築用地,1000000,8053,持分移轉,00450000
RPPOMLQJKHKGFDM78DA,南雲段,14.85,非都市：鄉村區 ; 非都市編定：乙種建築用地,1000000,55241,持分移轉,00450035
RPPOMLQJKHKGFDM78DA,南雲段,2.10,非都市：鄉村區 ; 非都市編定：乙種建築用地,1000000,55241,持分移轉,00450036
RPPOMLQJKHKGFDM78DA,南雲段,1.25,非都市：鄉村區 ; 非都市編定：乙種建築用地,1000000,19496,持分移轉,00450037
RPROMLQJKHKGFDM98DA,南雲段,6.61,非都市：鄉村區 ; 非都市編定：乙種建築用地,1000000,8053,持分移轉,00450000
RPROMLQJKHKGFDM98DA,南雲段,14.85,非都市：鄉村區 ; 非都市編定：乙種建築用地,1000000,55241,持分移轉,00450035
RPROMLQJKHKGFDM98DA,南雲段,2.10,非都市：鄉村區 ; 非都市編定：乙種建築用地,1000000,55241,持分移轉,00450036
RPROMLQJKHKGFDM98DA,南雲段,1.25,非都市：鄉村區 ; 非都市編定：乙種建築用地,1000000,19496,持分移轉,00450037
RPRNMLRKKHKGFDM56EA,南雲段,6.61,非都市：鄉村區 ; 非都市編定：乙種建築用地,1000000,8053,持分移轉,00450000
RPRNMLRKKHKGFDM56EA,南雲段,15.09,非都市：鄉村區 ; 非都市編定：乙種建築用地,1000000,56121,持分移轉,00450035
RPRNMLRKKHKGFDM56EA,南雲段,2.13,非都市：鄉村區 ; 非都市編定：乙種建築用地,1000000,56121,持分移轉,00450036
RPRNMLRKKHKGFDM56EA,南雲段,1.25,非都市：鄉村區 ; 非都市編定：乙種建築用地,1000000,19496,持分移轉,00450037
RPPNMLSKKHKGFDM09EA,南雲段,6.61,非都市：鄉村區 ; 非都市編定：乙種建築用地,1000000,8053,持分移轉,00450000
RPPNMLSKKHKGFDM09EA,南雲段,15.09,非都市：鄉村區 ; 非都市編定：乙種建築用地,1000000,56113,持分移轉,00450035
RPPNMLSKKHKGFDM09EA,南雲段,2.13,非都市：鄉村區 ; 非都市編定：乙種建築用地,1000000,56113,持分移轉,00450036
RPPNMLSKKHKGFDM09EA,南雲段,22.07,非都市：鄉村區 ; 非都市編定：乙種建築用地,1000000,344032,持分移轉,00450037
RPTOMLRJKHKGFBM09DA,加老段,27.12,非都市：鄉村區 ; 非都市編定：乙種建築用地,10000,339,持分移轉,05790001
RPTOMLRJKHKGFBM09DA,加老段,5.84,非都市：鄉村區 ; 非都市編定：乙種建築用地,10000,339,持分移轉,05790002
RPTRMLKKKHKGFAM68DA,牛運堀段,12.40,都市：其他:住宅區,100000,906,持分移轉,02760000
RPTRMLKKKHKGFAM68DA,牛運堀段,1.59,都市：其他:住宅區,100000,906,持分移轉,02760007
RPTRMLKKKHKGFAM68DA,牛運堀段,3.83,都市：其他:住宅區,100000,906,持分移轉,02760008
RPTRMLKKKHKGFAM68DA,牛運堀段,13.99,都市：其他:住宅區,100000,906,持分移轉,02790000
RPUPMLRJKHKGFBM66DA,加老段,32.40,非都市：鄉村區 ; 非都市編定：乙種建築用地,10000,405,持分移轉,05790001
RPUPMLRJKHKGFBM66DA,加老段,6.98,非都市：鄉村區 ; 非都市編定：乙種建築用地,10000,405,持分移轉,05790002
RPQNMLKKKHKGFDM28DA,南雲段,6.61,非都市：鄉村區 ; 非都市編定：乙種建築用地,1000000,8053,持分移轉,00450000
RPQNMLKKKHKGFDM28DA,南雲段,15.09,非都市：鄉村區 ; 非都市編定：乙種建築用地,1000000,56121,持分移轉,00450035
RPQNMLKKKHKGFDM28DA,南雲段,2.13,非都市：鄉村區 ; 非都市編定：乙種建築用地,1000000,56121,持分移轉,00450036
RPQNMLKKKHKGFDM28DA,南雲段,1.25,非都市：鄉村區 ; 非都市編定：乙種建築用地,1000000,19496,持分移轉,00450037
RPXNMLSJKHKGFAM76DA,牛運堀段,9.97,都市：其他:住宅區,100000,728,持分移轉,02760000
RPXNMLSJKHKGFAM76DA,牛運堀段,1.28,都市：其他:住宅區,100000,728,持分移轉,02760007
RPXNMLSJKHKGFAM76DA,牛運堀段,3.08,都市：其他:住宅區,100000,728,持分移轉,02760008
RPXNMLSJKHKGFAM76DA,牛運堀段,11.24,都市：其他:住宅區,100000,728,持分移轉,02790000
RPOOMLSJKHKGFAM58DA,牛運堀段,12.42,都市：其他:住宅區,100000,907,持分移轉,02760000
RPOOMLSJKHKGFAM58DA,牛運堀段,1.60,都市：其他:住宅區,100000,907,持分移轉,02760007
RPOOMLSJKHKGFAM58DA,牛運堀段,3.84,都市：其他:住宅區,100000,907,持分移轉,02760008
RPOOMLSJKHKGFAM58DA,牛運堀段,14.00,都市：其他:住宅區,100000,907,持分移轉,02790000
RPSNMLKKKHKGFAM18DA,牛運堀段,10.38,都市：其他:住宅區,100000,758,持分移轉,02760000
RPSNMLKKKHKGFAM18DA,牛運堀段,1.33,都市：其他:住宅區,100000,758,持分移轉,02760007
RPSNMLKKKHKGFAM18DA,牛運堀段,3.21,都市：其他:住宅區,100000,758,持分移轉,02760008
RPSNMLKKKHKGFAM18DA,牛運堀段,11.70,都市：其他:住宅區,100000,758,持分移轉,02790000
RPTNMLKKKHKGFAM28DA,牛運堀段,12.59,都市：其他:住宅區,100000,920,持分移轉,02760000
RPTNMLKKKHKGFAM28DA,牛運堀段,1.62,都市：其他:住宅區,100000,920,持分移轉,02760007
RPTNMLKKKHKGFAM28DA,牛運堀段,3.89,都市：其他:住宅區,100000,920,持分移轉,02760008
RPTNMLKKKHKGFAM28DA,牛運堀段,14.20,都市：其他:住宅區,100000,920,持分移轉,02790000
RPQOMLLKKHKGFAM18DA,牛運堀段,10.38,都市：其他:住宅區,100000,758,持分移轉,02760000
RPQOMLLKKHKGFAM18DA,牛運堀段,1.33,都市：其他:住宅區,100000,758,持分移轉,02760007
RPQOMLLKKHKGFAM18DA,牛運堀段,3.21,都市：其他:住宅區,100000,758,持分移轉,02760008
RPQOMLLKKHKGFAM18DA,牛運堀段,11.70,都市：其他:住宅區,100000,758,持分移轉,02790000
RPVRMLKKKHKGFAM88DA,牛運堀段,15.62,都市：其他:住宅區,100000,1141,持分移轉,02760000
RPVRMLKKKHKGFAM88DA,牛運堀段,2.01,都市：其他:住宅區,100000,1141,持分移轉,02760007
RPVRMLKKKHKGFAM88DA,牛運堀段,4.83,都市：其他:住宅區,100000,1141,持分移轉,02760008
RPVRMLKKKHKGFAM88DA,牛運堀段,17.62,都市：其他:住宅區,100000,1141,持分移轉,02790000
RPXOMLLKKHKGFAM88DA,牛運堀段,10.38,都市：其他:住宅區,100000,758,持分移轉,02760000
RPXOMLLKKHKGFAM88DA,牛運堀段,1.33,都市：其他:住宅區,100000,758,持分移轉,02760007
RPXOMLLKKHKGFAM88DA,牛運堀段,3.21,都市：其他:住宅區,100000,758,持分移轉,02760008
RPXOMLLKKHKGFAM88DA,牛運堀段,11.70,都市：其他:住宅區,100000,758,持分移轉,02790000
RPQNMLKKKHKGFAM97DA,牛運堀段,15.13,都市：其他:住宅區,100000,1105,持分移轉,02760000
RPQNMLKKKHKGFAM97DA,牛運堀段,1.94,都市：其他:住宅區,100000,1105,持分移轉,02760007
RPROMLSJKHKGFAM88DA,牛運堀段,12.42,都市：其他:住宅區,100000,907,持分移轉,02760000
RPQNMLKKKHKGFAM97DA,牛運堀段,4.67,都市：其他:住宅區,100000,1105,持分移轉,02760008
RPQNMLKKKHKGFAM97DA,牛運堀段,17.06,都市：其他:住宅區,100000,1105,持分移轉,02790000
RPROMLSJKHKGFAM88DA,牛運堀段,1.60,都市：其他:住宅區,100000,907,持分移轉,02760007
RPROMLSJKHKGFAM88DA,牛運堀段,3.84,都市：其他:住宅區,100000,907,持分移轉,02760008
RPROMLSJKHKGFAM88DA,牛運堀段,14.00,都市：其他:住宅區,100000,907,持分移轉,02790000
RPPOMLSJKHKGFAM68DA,牛運堀段,12.42,都市：其他:住宅區,100000,907,持分移轉,02760000
RPPOMLSJKHKGFAM68DA,牛運堀段,1.60,都市：其他:住宅區,100000,907,持分移轉,02760007
RPPOMLSJKHKGFAM68DA,牛運堀段,3.84,都市：其他:住宅區,100000,907,持分移轉,02760008
RPPOMLSJKHKGFAM68DA,牛運堀段,14.00,都市：其他:住宅區,100000,907,持分移轉,02790000
RPQOMLSJKHKGFAM78DA,牛運堀段,12.42,都市：其他:住宅區,100000,907,持分移轉,02760000
RPQOMLSJKHKGFAM78DA,牛運堀段,1.60,都市：其他:住宅區,100000,907,持分移轉,02760007
RPQOMLSJKHKGFAM78DA,牛運堀段,3.84,都市：其他:住宅區,100000,907,持分移轉,02760008
RPQOMLSJKHKGFAM78DA,牛運堀段,14.00,都市：其他:住宅區,100000,907,持分移轉,02790000
RPRQMLKKKHKGFAM38DA,牛運堀段,14.77,都市：其他:住宅區,100000,1079,持分移轉,02760000
RPRQMLKKKHKGFAM38DA,牛運堀段,1.90,都市：其他:住宅區,100000,1079,持分移轉,02760007
RPRQMLKKKHKGFAM38DA,牛運堀段,4.56,都市：其他:住宅區,100000,1079,持分移轉,02760008
RPRQMLKKKHKGFAM38DA,牛運堀段,16.66,都市：其他:住宅區,100000,1079,持分移轉,02790000
RPWPMLLKKHKGFAM88DA,牛運堀段,9.97,都市：其他:住宅區,100000,728,持分移轉,02760000
RPWPMLLKKHKGFAM88DA,牛運堀段,1.28,都市：其他:住宅區,100000,728,持分移轉,02760007
RPWPMLLKKHKGFAM88DA,牛運堀段,3.08,都市：其他:住宅區,100000,728,持分移轉,02760008
RPWPMLLKKHKGFAM88DA,牛運堀段,11.24,都市：其他:住宅區,100000,728,持分移轉,02790000
RPQQMLKKKHKGFAM28DA,牛運堀段,14.77,都市：其他:住宅區,100000,1079,持分移轉,02760000
RPQQMLKKKHKGFAM28DA,牛運堀段,1.90,都市：其他:住宅區,100000,1079,持分移轉,02760007
RPQQMLKKKHKGFAM28DA,牛運堀段,4.56,都市：其他:住宅區,100000,1079,持分移轉,02760008
RPQQMLKKKHKGFAM28DA,牛運堀段,16.66,都市：其他:住宅區,100000,1079,持分移轉,02790000
RPSQMLKKKHKGFAM48DA,牛運堀段,9.97,都市：其他:住宅區,100000,728,持分移轉,02760000
RPSQMLKKKHKGFAM48DA,牛運堀段,1.28,都市：其他:住宅區,100000,728,持分移轉,02760007
RPSQMLKKKHKGFAM48DA,牛運堀段,3.08,都市：其他:住宅區,100000,728,持分移轉,02760008
RPSQMLKKKHKGFAM48DA,牛運堀段,11.24,都市：其他:住宅區,100000,728,持分移轉,02790000
RPVQMLKKKHKGFAM78DA,牛運堀段,10.38,都市：其他:住宅區,100000,758,持分移轉,02760000
RPVQMLKKKHKGFAM78DA,牛運堀段,1.33,都市：其他:住宅區,100000,758,持分移轉,02760007
RPVQMLKKKHKGFAM78DA,牛運堀段,3.21,都市：其他:住宅區,100000,758,持分移轉,02760008
RPVQMLKKKHKGFAM78DA,牛運堀段,11.70,都市：其他:住宅區,100000,758,持分移轉,02790000
RPORMLKKKHKGFAM18DA,牛運堀段,12.59,都市：其他:住宅區,100000,920,持分移轉,02760000
RPORMLKKKHKGFAM18DA,牛運堀段,1.62,都市：其他:住宅區,100000,920,持分移轉,02760007
RPORMLKKKHKGFAM18DA,牛運堀段,3.89,都市：其他:住宅區,100000,920,持分移轉,02760008
RPORMLKKKHKGFAM18DA,牛運堀段,14.20,都市：其他:住宅區,100000,920,持分移轉,02790000
RPWQMLKKKHKGFAM88DA,牛運堀段,10.38,都市：其他:住宅區,100000,758,持分移轉,02760000
RPWQMLKKKHKGFAM88DA,牛運堀段,1.33,都市：其他:住宅區,100000,758,持分移轉,02760007
RPWQMLKKKHKGFAM88DA,牛運堀段,3.21,都市：其他:住宅區,100000,758,持分移轉,02760008
RPWQMLKKKHKGFAM88DA,牛運堀段,11.70,都市：其他:住宅區,100000,758,持分移轉,02790000
RPTOMLSJKHKGFAM09DA,牛運堀段,14.77,都市：其他:住宅區,100000,1079,持分移轉,02760000
RPTOMLSJKHKGFAM09DA,牛運堀段,1.90,都市：其他:住宅區,100000,1079,持分移轉,02760007
RPTOMLSJKHKGFAM09DA,牛運堀段,4.56,都市：其他:住宅區,100000,1079,持分移轉,02760008
RPTOMLSJKHKGFAM09DA,牛運堀段,16.66,都市：其他:住宅區,100000,1079,持分移轉,02790000
RPXPMLKKKHKGFAM88DA,牛運堀段,15.62,都市：其他:住宅區,100000,1141,持分移轉,02760000
RPXPMLKKKHKGFAM88DA,牛運堀段,2.01,都市：其他:住宅區,100000,1141,持分移轉,02760007
RPXPMLKKKHKGFAM88DA,牛運堀段,4.83,都市：其他:住宅區,100000,1141,持分移轉,02760008
RPXPMLKKKHKGFAM88DA,牛運堀段,17.62,都市：其他:住宅區,100000,1141,持分移轉,02790000
RPSNMLLKKHKGFAM28DA,牛運堀段,10.38,都市：其他:住宅區,100000,758,持分移轉,02760000
RPSNMLLKKHKGFAM28DA,牛運堀段,1.33,都市：其他:住宅區,100000,758,持分移轉,02760007
RPSNMLLKKHKGFAM28DA,牛運堀段,3.21,都市：其他:住宅區,100000,758,持分移轉,02760008
RPSNMLLKKHKGFAM28DA,牛運堀段,11.70,都市：其他:住宅區,100000,758,持分移轉,02790000
RPTNMLLKKHKGFAM38DA,牛運堀段,10.38,都市：其他:住宅區,100000,758,持分移轉,02760000
RPTNMLLKKHKGFAM38DA,牛運堀段,1.33,都市：其他:住宅區,100000,758,持分移轉,02760007
RPTNMLLKKHKGFAM38DA,牛運堀段,3.21,都市：其他:住宅區,100000,758,持分移轉,02760008
RPTNMLLKKHKGFAM38DA,牛運堀段,11.70,都市：其他:住宅區,100000,758,持分移轉,02790000
RPWNMLSJKHKGFAM66DA,牛運堀段,9.97,都市：其他:住宅區,100000,728,持分移轉,02760000
RPWNMLSJKHKGFAM66DA,牛運堀段,1.28,都市：其他:住宅區,100000,728,持分移轉,02760007
RPWNMLSJKHKGFAM66DA,牛運堀段,3.08,都市：其他:住宅區,100000,728,持分移轉,02760008
RPWNMLSJKHKGFAM66DA,牛運堀段,11.24,都市：其他:住宅區,100000,728,持分移轉,02790000
RPRPMLKKKHKGFAM28DA,牛運堀段,12.59,都市：其他:住宅區,100000,920,持分移轉,02760000
RPRPMLKKKHKGFAM28DA,牛運堀段,1.62,都市：其他:住宅區,100000,920,持分移轉,02760007
RPRPMLKKKHKGFAM28DA,牛運堀段,3.89,都市：其他:住宅區,100000,920,持分移轉,02760008
RPRPMLKKKHKGFAM28DA,牛運堀段,14.20,都市：其他:住宅區,100000,920,持分移轉,02790000
RPPPMLKKKHKGFAM08DA,牛運堀段,10.38,都市：其他:住宅區,100000,758,持分移轉,02760000
RPPPMLKKKHKGFAM08DA,牛運堀段,1.33,都市：其他:住宅區,100000,758,持分移轉,02760007
RPPPMLKKKHKGFAM08DA,牛運堀段,3.21,都市：其他:住宅區,100000,758,持分移轉,02760008
RPPPMLKKKHKGFAM08DA,牛運堀段,11.70,都市：其他:住宅區,100000,758,持分移轉,02790000
RPUPMLKKKHKGFAM58DA,牛運堀段,12.40,都市：其他:住宅區,100000,906,持分移轉,02760000
RPUPMLKKKHKGFAM58DA,牛運堀段,1.59,都市：其他:住宅區,100000,906,持分移轉,02760007
RPUPMLKKKHKGFAM58DA,牛運堀段,3.83,都市：其他:住宅區,100000,906,持分移轉,02760008
RPUPMLKKKHKGFAM58DA,牛運堀段,13.99,都市：其他:住宅區,100000,906,持分移轉,02790000
RPPOMLKKKHKGFAM97DA,牛運堀段,12.40,都市：其他:住宅區,100000,906,持分移轉,02760000
RPPOMLKKKHKGFAM97DA,牛運堀段,1.59,都市：其他:住宅區,100000,906,持分移轉,02760007
RPPOMLKKKHKGFAM97DA,牛運堀段,3.83,都市：其他:住宅區,100000,906,持分移轉,02760008
RPPOMLKKKHKGFAM97DA,牛運堀段,13.99,都市：其他:住宅區,100000,906,持分移轉,02790000
RPSPMLKKKHKGFAM38DA,牛運堀段,12.59,都市：其他:住宅區,100000,920,持分移轉,02760000
RPSPMLKKKHKGFAM38DA,牛運堀段,1.62,都市：其他:住宅區,100000,920,持分移轉,02760007
RPSPMLKKKHKGFAM38DA,牛運堀段,3.89,都市：其他:住宅區,100000,920,持分移轉,02760008
RPSPMLKKKHKGFAM38DA,牛運堀段,14.20,都市：其他:住宅區,100000,920,持分移轉,02790000
RPVPMLKKKHKGFAM68DA,牛運堀段,12.40,都市：其他:住宅區,100000,906,持分移轉,02760000
RPVPMLKKKHKGFAM68DA,牛運堀段,1.59,都市：其他:住宅區,100000,906,持分移轉,02760007
RPVPMLKKKHKGFAM68DA,牛運堀段,3.83,都市：其他:住宅區,100000,906,持分移轉,02760008
RPVPMLKKKHKGFAM68DA,牛運堀段,13.99,都市：其他:住宅區,100000,906,持分移轉,02790000
RPWPMLKKKHKGFAM78DA,牛運堀段,12.40,都市：其他:住宅區,100000,906,持分移轉,02760000
RPWPMLKKKHKGFAM78DA,牛運堀段,1.59,都市：其他:住宅區,100000,906,持分移轉,02760007
RPWPMLKKKHKGFAM78DA,牛運堀段,3.83,都市：其他:住宅區,100000,906,持分移轉,02760008
RPWPMLKKKHKGFAM78DA,牛運堀段,13.99,都市：其他:住宅區,100000,906,持分移轉,02790000
RPSOMLSJKHKGFAM98DA,牛運堀段,10.38,都市：其他:住宅區,100000,758,持分移轉,02760000
RPSOMLSJKHKGFAM98DA,牛運堀段,1.33,都市：其他:住宅區,100000,758,持分移轉,02760007
RPSOMLSJKHKGFAM98DA,牛運堀段,3.21,都市：其他:住宅區,100000,758,持分移轉,02760008
RPSOMLSJKHKGFAM98DA,牛運堀段,11.70,都市：其他:住宅區,100000,758,持分移轉,02790000
RPXQMLKKKHKGFAM98DA,牛運堀段,12.59,都市：其他:住宅區,100000,920,持分移轉,02760000
RPXQMLKKKHKGFAM98DA,牛運堀段,1.62,都市：其他:住宅區,100000,920,持分移轉,02760007
RPXQMLKKKHKGFAM98DA,牛運堀段,3.89,都市：其他:住宅區,100000,920,持分移轉,02760008
RPXQMLKKKHKGFAM98DA,牛運堀段,14.20,都市：其他:住宅區,100000,920,持分移轉,02790000
RPPNMLLKKHKGFAM97DA,牛運堀段,9.97,都市：其他:住宅區,100000,728,持分移轉,02760000
RPPNMLLKKHKGFAM97DA,牛運堀段,1.28,都市：其他:住宅區,100000,728,持分移轉,02760007
RPPNMLLKKHKGFAM97DA,牛運堀段,3.08,都市：其他:住宅區,100000,728,持分移轉,02760008
RPPNMLLKKHKGFAM97DA,牛運堀段,11.24,都市：其他:住宅區,100000,728,持分移轉,02790000
RPRNMLKKKHKGFAM08DA,牛運堀段,10.38,都市：其他:住宅區,100000,758,持分移轉,02760000
RPRNMLKKKHKGFAM08DA,牛運堀段,1.33,都市：其他:住宅區,100000,758,持分移轉,02760007
RPRNMLKKKHKGFAM08DA,牛運堀段,3.21,都市：其他:住宅區,100000,758,持分移轉,02760008
RPRNMLKKKHKGFAM08DA,牛運堀段,11.70,都市：其他:住宅區,100000,758,持分移轉,02790000
RPOOMLKKKHKGFAM87DA,牛運堀段,12.40,都市：其他:住宅區,100000,906,持分移轉,02760000
RPOOMLKKKHKGFAM87DA,牛運堀段,1.59,都市：其他:住宅區,100000,906,持分移轉,02760007
RPOOMLKKKHKGFAM87DA,牛運堀段,3.83,都市：其他:住宅區,100000,906,持分移轉,02760008
RPOOMLKKKHKGFAM87DA,牛運堀段,13.99,都市：其他:住宅區,100000,906,持分移轉,02790000
RPWOMLKKKHKGFAM68DA,牛運堀段,9.97,都市：其他:住宅區,100000,728,持分移轉,02760000
RPWOMLKKKHKGFAM68DA,牛運堀段,1.28,都市：其他:住宅區,100000,728,持分移轉,02760007
RPWOMLKKKHKGFAM68DA,牛運堀段,3.08,都市：其他:住宅區,100000,728,持分移轉,02760008
RPWOMLKKKHKGFAM68DA,牛運堀段,11.24,都市：其他:住宅區,100000,728,持分移轉,02790000
RPXOMLKKKHKGFAM78DA,牛運堀段,9.97,都市：其他:住宅區,100000,728,持分移轉,02760000
RPXOMLKKKHKGFAM78DA,牛運堀段,1.28,都市：其他:住宅區,100000,728,持分移轉,02760007
RPXOMLKKKHKGFAM78DA,牛運堀段,3.08,都市：其他:住宅區,100000,728,持分移轉,02760008
RPXOMLKKKHKGFAM78DA,牛運堀段,11.24,都市：其他:住宅區,100000,728,持分移轉,02790000
RPXNMLKKKHKGFAM68DA,牛運堀段,12.40,都市：其他:住宅區,100000,906,持分移轉,02760000
RPXNMLKKKHKGFAM68DA,牛運堀段,1.59,都市：其他:住宅區,100000,906,持分移轉,02760007
RPXNMLKKKHKGFAM68DA,牛運堀段,3.83,都市：其他:住宅區,100000,906,持分移轉,02760008
RPXNMLKKKHKGFAM68DA,牛運堀段,13.99,都市：其他:住宅區,100000,906,持分移轉,02790000
RPUNMLKKKHKGFAM38DA,牛運堀段,12.59,都市：其他:住宅區,100000,920,持分移轉,02760000
RPROMLKKKHKGFAM18DA,牛運堀段,15.62,都市：其他:住宅區,100000,1141,持分移轉,02760000
RPUNMLKKKHKGFAM38DA,牛運堀段,1.62,都市：其他:住宅區,100000,920,持分移轉,02760007
RPUNMLKKKHKGFAM38DA,牛運堀段,3.89,都市：其他:住宅區,100000,920,持分移轉,02760008
RPROMLKKKHKGFAM18DA,牛運堀段,2.01,都市：其他:住宅區,100000,1141,持分移轉,02760007
RPUNMLKKKHKGFAM38DA,牛運堀段,14.20,都市：其他:住宅區,100000,920,持分移轉,02790000
RPROMLKKKHKGFAM18DA,牛運堀段,4.83,都市：其他:住宅區,100000,1141,持分移轉,02760008
RPROMLKKKHKGFAM18DA,牛運堀段,17.62,都市：其他:住宅區,100000,1141,持分移轉,02790000
RPSOMLKKKHKGFAM28DA,牛運堀段,10.38,都市：其他:住宅區,100000,758,持分移轉,02760000
RPUOMLKKKHKGFAM48DA,牛運堀段,14.77,都市：其他:住宅區,100000,1079,持分移轉,02760000
RPSOMLKKKHKGFAM28DA,牛運堀段,1.33,都市：其他:住宅區,100000,758,持分移轉,02760007
RPSOMLKKKHKGFAM28DA,牛運堀段,3.21,都市：其他:住宅區,100000,758,持分移轉,02760008
RPVNMLKKKHKGFAM48DA,牛運堀段,12.59,都市：其他:住宅區,100000,920,持分移轉,02760000
RPUOMLKKKHKGFAM48DA,牛運堀段,1.90,都市：其他:住宅區,100000,1079,持分移轉,02760007
RPSOMLKKKHKGFAM28DA,牛運堀段,11.70,都市：其他:住宅區,100000,758,持分移轉,02790000
RPUOMLKKKHKGFAM48DA,牛運堀段,4.56,都市：其他:住宅區,100000,1079,持分移轉,02760008
RPVNMLKKKHKGFAM48DA,牛運堀段,1.62,都市：其他:住宅區,100000,920,持分移轉,02760007
RPUOMLKKKHKGFAM48DA,牛運堀段,16.66,都市：其他:住宅區,100000,1079,持分移轉,02790000
RPVNMLKKKHKGFAM48DA,牛運堀段,3.89,都市：其他:住宅區,100000,920,持分移轉,02760008
RPVNMLKKKHKGFAM48DA,牛運堀段,14.20,都市：其他:住宅區,100000,920,持分移轉,02790000
RPTOMLKKKHKGFAM38DA,牛運堀段,10.38,都市：其他:住宅區,100000,758,持分移轉,02760000
RPTOMLKKKHKGFAM38DA,牛運堀段,1.33,都市：其他:住宅區,100000,758,持分移轉,02760007
RPTOMLKKKHKGFAM38DA,牛運堀段,3.21,都市：其他:住宅區,100000,758,持分移轉,02760008
RPTOMLKKKHKGFAM38DA,牛運堀段,11.70,都市：其他:住宅區,100000,758,持分移轉,02790000
RPTPMLKKKHKGFAM48DA,牛運堀段,12.40,都市：其他:住宅區,100000,906,持分移轉,02760000
RPTPMLKKKHKGFAM48DA,牛運堀段,1.59,都市：其他:住宅區,100000,906,持分移轉,02760007
RPTPMLKKKHKGFAM48DA,牛運堀段,3.83,都市：其他:住宅區,100000,906,持分移轉,02760008
RPTPMLKKKHKGFAM48DA,牛運堀段,13.99,都市：其他:住宅區,100000,906,持分移轉,02790000
RPQOMLKKKHKGFAM08DA,牛運堀段,12.40,都市：其他:住宅區,100000,906,持分移轉,02760000
RPQOMLKKKHKGFAM08DA,牛運堀段,1.59,都市：其他:住宅區,100000,906,持分移轉,02760007
RPQOMLKKKHKGFAM08DA,牛運堀段,3.83,都市：其他:住宅區,100000,906,持分移轉,02760008
RPQOMLKKKHKGFAM08DA,牛運堀段,13.99,都市：其他:住宅區,100000,906,持分移轉,02790000
RPOQMLKKKHKGFAM08DA,牛運堀段,10.38,都市：其他:住宅區,100000,758,持分移轉,02760000
RPOQMLKKKHKGFAM08DA,牛運堀段,1.33,都市：其他:住宅區,100000,758,持分移轉,02760007
RPOQMLKKKHKGFAM08DA,牛運堀段,3.21,都市：其他:住宅區,100000,758,持分移轉,02760008
RPOQMLKKKHKGFAM08DA,牛運堀段,11.70,都市：其他:住宅區,100000,758,持分移轉,02790000
RPWNMLKKKHKGFAM58DA,牛運堀段,12.59,都市：其他:住宅區,100000,920,持分移轉,02760000
RPWNMLKKKHKGFAM58DA,牛運堀段,1.62,都市：其他:住宅區,100000,920,持分移轉,02760007
RPWNMLKKKHKGFAM58DA,牛運堀段,3.89,都市：其他:住宅區,100000,920,持分移轉,02760008
RPWNMLKKKHKGFAM58DA,牛運堀段,14.20,都市：其他:住宅區,100000,920,持分移轉,02790000
RPUQMLKKKHKGFAM68DA,牛運堀段,15.13,都市：其他:住宅區,100000,1105,持分移轉,02760000
RPUQMLKKKHKGFAM68DA,牛運堀段,1.94,都市：其他:住宅區,100000,1105,持分移轉,02760007
RPUQMLKKKHKGFAM68DA,牛運堀段,4.67,都市：其他:住宅區,100000,1105,持分移轉,02760008
RPUQMLKKKHKGFAM68DA,牛運堀段,17.06,都市：其他:住宅區,100000,1105,持分移轉,02790000
RPPRMLKKKHKGFAM28DA,牛運堀段,12.59,都市：其他:住宅區,100000,920,持分移轉,02760000
RPPRMLKKKHKGFAM28DA,牛運堀段,1.62,都市：其他:住宅區,100000,920,持分移轉,02760007
RPPRMLKKKHKGFAM28DA,牛運堀段,3.89,都市：其他:住宅區,100000,920,持分移轉,02760008
RPPRMLKKKHKGFAM28DA,牛運堀段,14.20,都市：其他:住宅區,100000,920,持分移轉,02790000
RPRRMLKKKHKGFAM48DA,牛運堀段,12.40,都市：其他:住宅區,100000,906,持分移轉,02760000
RPRRMLKKKHKGFAM48DA,牛運堀段,1.59,都市：其他:住宅區,100000,906,持分移轉,02760007
RPRRMLKKKHKGFAM48DA,牛運堀段,3.83,都市：其他:住宅區,100000,906,持分移轉,02760008
RPRRMLKKKHKGFAM48DA,牛運堀段,13.99,都市：其他:住宅區,100000,906,持分移轉,02790000
RPPQMLKKKHKGFAM18DA,牛運堀段,10.38,都市：其他:住宅區,100000,758,持分移轉,02760000
RPPQMLKKKHKGFAM18DA,牛運堀段,1.33,都市：其他:住宅區,100000,758,持分移轉,02760007
RPPQMLKKKHKGFAM18DA,牛運堀段,3.21,都市：其他:住宅區,100000,758,持分移轉,02760008
RPPQMLKKKHKGFAM18DA,牛運堀段,11.70,都市：其他:住宅區,100000,758,持分移轉,02790000
RPRNMLLKKHKGFAM18DA,牛運堀段,15.13,都市：其他:住宅區,100000,1105,持分移轉,02760000
RPQRMLKKKHKGFAM38DA,牛運堀段,12.59,都市：其他:住宅區,100000,920,持分移轉,02760000
RPRNMLLKKHKGFAM18DA,牛運堀段,1.94,都市：其他:住宅區,100000,1105,持分移轉,02760007
RPRNMLLKKHKGFAM18DA,牛運堀段,4.67,都市：其他:住宅區,100000,1105,持分移轉,02760008
RPQRMLKKKHKGFAM38DA,牛運堀段,1.62,都市：其他:住宅區,100000,920,持分移轉,02760007
RPRNMLLKKHKGFAM18DA,牛運堀段,17.06,都市：其他:住宅區,100000,1105,持分移轉,02790000
RPQRMLKKKHKGFAM38DA,牛運堀段,3.89,都市：其他:住宅區,100000,920,持分移轉,02760008
RPQRMLKKKHKGFAM38DA,牛運堀段,14.20,都市：其他:住宅區,100000,920,持分移轉,02790000
RPSRMLKKKHKGFAM58DA,牛運堀段,12.40,都市：其他:住宅區,100000,906,持分移轉,02760000
RPSRMLKKKHKGFAM58DA,牛運堀段,1.59,都市：其他:住宅區,100000,906,持分移轉,02760007
RPSRMLKKKHKGFAM58DA,牛運堀段,3.83,都市：其他:住宅區,100000,906,持分移轉,02760008
RPSRMLKKKHKGFAM58DA,牛運堀段,13.99,都市：其他:住宅區,100000,906,持分移轉,02790000
RPVNMLLKKHKGFAM58DA,牛運堀段,12.59,都市：其他:住宅區,100000,920,持分移轉,02760000
RPUNMLLKKHKGFAM48DA,牛運堀段,12.59,都市：其他:住宅區,100000,920,持分移轉,02760000
RPVNMLLKKHKGFAM58DA,牛運堀段,1.62,都市：其他:住宅區,100000,920,持分移轉,02760007
RPUNMLLKKHKGFAM48DA,牛運堀段,1.62,都市：其他:住宅區,100000,920,持分移轉,02760007
RPVNMLLKKHKGFAM58DA,牛運堀段,3.89,都市：其他:住宅區,100000,920,持分移轉,02760008
RPUNMLLKKHKGFAM48DA,牛運堀段,3.89,都市：其他:住宅區,100000,920,持分移轉,02760008
RPVNMLLKKHKGFAM58DA,牛運堀段,14.20,都市：其他:住宅區,100000,920,持分移轉,02790000
RPUNMLLKKHKGFAM48DA,牛運堀段,14.20,都市：其他:住宅區,100000,920,持分移轉,02790000
RPWNMLLKKHKGFAM68DA,牛運堀段,12.40,都市：其他:住宅區,100000,906,持分移轉,02760000
RPWNMLLKKHKGFAM68DA,牛運堀段,1.59,都市：其他:住宅區,100000,906,持分移轉,02760007
RPWNMLLKKHKGFAM68DA,牛運堀段,3.83,都市：其他:住宅區,100000,906,持分移轉,02760008
RPWNMLLKKHKGFAM68DA,牛運堀段,13.99,都市：其他:住宅區,100000,906,持分移轉,02790000
RPROMLLKKHKGFAM28DA,牛運堀段,14.77,都市：其他:住宅區,100000,1079,持分移轉,02760000
RPROMLLKKHKGFAM28DA,牛運堀段,1.90,都市：其他:住宅區,100000,1079,持分移轉,02760007
RPROMLLKKHKGFAM28DA,牛運堀段,4.56,都市：其他:住宅區,100000,1079,持分移轉,02760008
RPROMLLKKHKGFAM28DA,牛運堀段,16.66,都市：其他:住宅區,100000,1079,持分移轉,02790000
RPTOMLLKKHKGFAM48DA,牛運堀段,14.77,都市：其他:住宅區,100000,1079,持分移轉,02760000
RPPNMLMKKHKGFAM08DA,牛運堀段,12.40,都市：其他:住宅區,100000,906,持分移轉,02760000
RPTOMLLKKHKGFAM48DA,牛運堀段,1.90,都市：其他:住宅區,100000,1079,持分移轉,02760007
RPPNMLMKKHKGFAM08DA,牛運堀段,1.59,都市：其他:住宅區,100000,906,持分移轉,02760007
RPTOMLLKKHKGFAM48DA,牛運堀段,4.56,都市：其他:住宅區,100000,1079,持分移轉,02760008
RPPNMLMKKHKGFAM08DA,牛運堀段,3.83,都市：其他:住宅區,100000,906,持分移轉,02760008
RPPNMLMKKHKGFAM08DA,牛運堀段,13.99,都市：其他:住宅區,100000,906,持分移轉,02790000
RPTOMLLKKHKGFAM48DA,牛運堀段,16.66,都市：其他:住宅區,100000,1079,持分移轉,02790000
