﻿編號,土地位置,土地移轉面積平方公尺,使用分區或編定,權利人持分分母,權利人持分分子,移轉情形,地號
The serial number, land position,land shifting area square meter,the use zoning or compiles and checks,,,,land parcel
RPUNMLLLJHKGFAN58CB,延平段,16.53,都市：住,10000,57,持分移轉,09790000
RPPNMLLLJHKGFFN58CB,螺青段,22.09,都市：住,100000,1400,持分移轉,09850000
RPPNMLLLJHKGFFN58CB,螺青段,9.95,都市：其他:計畫道路,100000,1098,持分移轉,09820000
RPPNMLMLJHKGFBN28CB,伸同段,20.63,都市：住,10000000,130546,持分移轉,04510000
RPQNMLOKJHKGFAN38CB,清水段,28.30,都市：住,16,1,持分移轉,07720000
RPQNMLOKJHKGFAN38CB,清水段,2.27,都市：住,16,1,持分移轉,07720005
RPQNMLOKJHKGFAN38CB,清水段,1.07,都市：住,16,1,持分移轉,07720008
RPQNMLOKJHKGFAN38CB,清水段,69.66,都市：住,1,1,全筆移轉,07720011
RPQNMLOKJHKGFAN38CB,清水段,1.98,都市：住,1,1,全筆移轉,07720012
RPPNMLMLJHKGFAN18CB,延平段,22.04,都市：住,10000,76,持分移轉,09790000
RPPNMLNLJHKGFBN38CB,嘉詔段,17.10,都市：住,119047,1710,持分移轉,00940000
RPPNMLNLJHKGFBN38CB,嘉詔段,.97,都市：住,6776,97,持分移轉,00950000
RPPNMLOLJHKGFAN38CB,延和段,21.21,都市：住,100000,2446,持分移轉,02540000
RPPNMLOLJHKGFAN38CB,延和段,.16,都市：住,100000,2446,持分移轉,02550000
RPPNMLOLJHKGFAN38CB,延和段,14.46,都市：住,100000,2446,持分移轉,02610000
RPPNMLOLJHKGFAN38CB,延和段,2.37,都市：住,100000,2446,持分移轉,02590000
RPPNMLOLJHKGFAN38CB,延和段,2.59,都市：住,100000,2446,持分移轉,03110000
RPPNMLOLJHKGFAN38CB,延和段,.30,都市：住,100000,2446,持分移轉,03100175
RPQNMLOLJHKGFAN48CB,延和段,21.21,都市：住,100000,2446,持分移轉,02540000
RPQNMLOLJHKGFAN48CB,延和段,.16,都市：住,100000,2446,持分移轉,02550000
RPQNMLOLJHKGFAN48CB,延和段,14.46,都市：住,100000,2446,持分移轉,02610000
RPQNMLOLJHKGFAN48CB,延和段,2.37,都市：住,100000,2446,持分移轉,02590000
RPQNMLOLJHKGFAN48CB,延和段,2.59,都市：住,100000,2446,持分移轉,03110000
RPQNMLOLJHKGFAN48CB,延和段,.30,都市：住,100000,2446,持分移轉,03100175
RPRNMLOLJHKGFAN58CB,延和段,20.96,都市：住,100000,2418,持分移轉,02540000
RPRNMLOLJHKGFAN58CB,延和段,.16,都市：住,100000,2418,持分移轉,02550000
RPRNMLOLJHKGFAN58CB,延和段,14.29,都市：住,100000,2418,持分移轉,02610000
RPRNMLOLJHKGFAN58CB,延和段,2.35,都市：住,100000,2418,持分移轉,02590000
RPRNMLOLJHKGFAN58CB,延和段,2.56,都市：住,100000,2418,持分移轉,03110000
RPRNMLOLJHKGFAN58CB,延和段,.30,都市：住,100000,2418,持分移轉,03100175
RPUNMLOLJHKGFAN88CB,延和段,20.96,都市：住,100000,2418,持分移轉,02540000
RPUNMLOLJHKGFAN88CB,延和段,.16,都市：住,100000,2418,持分移轉,02550000
RPUNMLOLJHKGFAN88CB,延和段,14.29,都市：住,100000,2418,持分移轉,02610000
RPUNMLOLJHKGFAN88CB,延和段,2.35,都市：住,100000,2418,持分移轉,02590000
RPUNMLOLJHKGFAN88CB,延和段,2.56,都市：住,100000,2418,持分移轉,03110000
RPUNMLOLJHKGFAN88CB,延和段,.30,都市：住,100000,2418,持分移轉,03100175
RPQNMLQKJHKGFEN98CB,新社段,41.01,都市：住,100000,1256,持分移轉,09000004
RPQNMLQKJHKGFEN98CB,新社段,.02,都市：住,100000,1256,持分移轉,09050000
RPQNMLQKJHKGFEN98CB,新社段,.55,都市：住,100000,1256,持分移轉,09060000
RPPNMLQKJHKGFEN88CB,新社段,46.36,都市：住,100000,1420,持分移轉,09000004
RPPNMLQKJHKGFEN88CB,新社段,.02,都市：住,100000,1420,持分移轉,09050000
RPPNMLQKJHKGFEN88CB,新社段,.62,都市：住,100000,1420,持分移轉,09060000
RPPNMLPLJHKGFHN56CB,弘農段,55.00,都市：住,216785,5500,持分移轉,04600001
RPPNMLPLJHKGFHN56CB,弘農段,19.92,都市：住,216785,1992,持分移轉,04600001
RPPNMLPLJHKGFHN56CB,弘農段,.21,都市：農,28,1,持分移轉,04610000
RPPNMLLLJHKGFHN78CB,弘農段,82.97,都市：住,1,1,全筆移轉,01310040
RPQNMLPLJHKGFHN66CB,弘農段,80.85,都市：住,78226,8085,持分移轉,04710000
RPRNMLOJKHKGFAN48CB,金馬段,21.07,都市：住,100000,4636,持分移轉,09730000
RPRNMLOJKHKGFAN48CB,金馬段,1.33,都市：住,100000,1250,持分移轉,09750000
RPQNMLOJKHKGFAN38CB,金馬段,29.12,都市：住,100000,6408,持分移轉,09730000
RPQNMLOJKHKGFAN38CB,金馬段,1.33,都市：住,100000,1250,持分移轉,09750000
RPPNMLOJKHKGFAN28CB,金馬段,20.34,都市：住,100000,4475,持分移轉,09730000
RPPNMLOJKHKGFAN28CB,金馬段,1.33,都市：住,100000,1250,持分移轉,09750000
RPPNMLSJKHKGFFN56CB,中華段,19.34,都市：住,38200,1934,持分移轉,06590000
RPPNMLSJKHKGFFN56CB,中華段,18.13,都市：住,35800,1813,持分移轉,06600000
RPRNMLSJKHKGFFN76CB,中華段,19.34,都市：住,38200,1934,持分移轉,06590000
RPRNMLSJKHKGFFN76CB,中華段,18.13,都市：住,35800,1813,持分移轉,06600000
RPPNMLKKKHKGFAN97CB,曾厝段,20.87,非都市：特定農業區 ; 非都市編定：甲種建築用地,10000,253,持分移轉,10420005
RPPNMLKKKHKGFAN97CB,曾厝段,3.98,非都市：特定農業區 ; 非都市編定：甲種建築用地,10000,186,持分移轉,10420001
RPQNMLLKKHKGFFN68CB,中華段,19.34,都市：住,38200,1934,持分移轉,06590000
RPQNMLLKKHKGFFN68CB,中華段,18.13,都市：住,35800,1813,持分移轉,06600000
RPRNMLLKKHKGFFN78CB,中華段,19.34,都市：住,38200,1934,持分移轉,06590000
RPRNMLLKKHKGFFN78CB,中華段,18.13,都市：住,35800,1813,持分移轉,06600000
RPVNMLMLJHKGFDN09CB,橋愛段,29.84,都市：住,100000,1108,持分移轉,13040000
RPPNMLOLJHKGFDN68CB,復興段,67.68,都市：住,1,1,全筆移轉,12270007
RPPNMLOLJHKGFDN68CB,復興段,6.17,都市：住,10,1,持分移轉,12270002
RPPNMLOLJHKGFDN68CB,復興段,12.07,都市：住,6,1,持分移轉,12270008
RPRNMLPKJHKGFDN88CB,五汴段,12.81,非都市：特定農業區 ; 非都市編定：甲種建築用地,100000,4080,持分移轉,10320000
RPRNMLPKJHKGFDN88CB,五汴段,13.53,非都市：特定農業區 ; 非都市編定：甲種建築用地,100000,4080,持分移轉,10320001
RPPNMLLLJHKGFDN38CB,復興段,34.06,都市：住,100000,4803,持分移轉,13840000
RPPNMLMLJHKGFDN58DB,新員水段,1.06,非都市：鄉村區 ; 非都市編定：乙種建築用地,2880000,33138,持分移轉,04800000
RPPNMLMLJHKGFDN58DB,新員水段,27.74,非都市：鄉村區 ; 非都市編定：乙種建築用地,1000000,32777,持分移轉,04800004
RPPNMLMLJHKGFDN58DB,新員水段,2.31,非都市：鄉村區 ; 非都市編定：乙種建築用地,1000000,32777,持分移轉,04800030
RPQNMLMLJHKGFDN68DB,新員水段,1.06,非都市：鄉村區 ; 非都市編定：乙種建築用地,2880000,33138,持分移轉,04800000
RPQNMLMLJHKGFDN68DB,新員水段,27.74,非都市：鄉村區 ; 非都市編定：乙種建築用地,1000000,32777,持分移轉,04800004
RPQNMLMLJHKGFDN68DB,新員水段,2.31,非都市：鄉村區 ; 非都市編定：乙種建築用地,1000000,32777,持分移轉,04800030
RPPNMLNJKHKGFGN78CB,儒雅段,39.73,都市：住,1,1,全筆移轉,12790000
RPQNMLOJKHKGFBN58DB,伸光段,75.00,都市：住,1,1,全筆移轉,03030043
