﻿編號,屋齡,建物移轉面積平方公尺,主要用途,主要建材,建築完成日期,總層數,建物分層,移轉情形
The serial number,room age,building shifting area square meter,the main use,main building materials,construction completes the date,total layer,building lamination,
RPXNMLRKJHKGFDN17CC,3,67.04,集合住宅,鋼筋混凝土造,111年4月18日,十四層,,
RPPOMLRKJHKGFDN09CC,27,29.35,住家用,鋼筋混凝土造,87年3月16日,十四層,,
RPXNMLRKJHKGFDN17CC,3,69.07,本共有部分係依使用執照之建築概要表記載項目有停車空間、機械室、水箱、安全梯、梯廳、污水機房、消防機房、防空避難室兼停車空間、機車停車空間、台電配電室、緊急發電機房、電信機房、公共服務空間、污物處理室、外廊、排煙室、戶外安全梯、社區游泳池、管委會使用空間、梯間、泳池機房等２１項、,鋼筋混凝土造,111年4月18日,十四層,,
RPPOMLRKJHKGFDN09CC,27,13.41,機房、水箱、走廊、電梯間等,鋼筋混凝土造,87年3月16日,十四層,,
RPPOMLRKJHKGFDN09CC,27,4.00,走道、梯間,鋼筋混凝土造,87年3月16日,十四層,,
RPPNMLPKJHKGFGN09CC,40,106.60,住家用,加強磚造,74年6月26日,二層,,
RPWNMLRKJHKGFDN07CC,27,260.78,住商用,鋼筋混凝土造,87年7月4日,四層,,
RPPNMLQKJHKGFHN66CC,2,62.45,店鋪、住宅、樓梯間,鋼筋混凝土造,111年9月6日,三層,,
RPPNMLQKJHKGFDN88CC,29,19.88,住家用,鋼筋混凝土造,85年2月12日,十三層,,
RPPNMLQKJHKGFDN88CC,29,12.87,陽台、水塔、車道、機械室、梯間、機房、電梯、樓梯、受電室,鋼筋混凝土造,85年2月12日,十三層,,
RPROMLRKJHKGFDN66CC,31,100.99,住家用,鋼筋混凝土造,82年12月15日,七層,,
RPROMLRKJHKGFDN66CC,31,28.11,防空避難室兼停車場,鋼筋混凝土造,82年12月15日,七層,,
RPROMLRKJHKGFDN66CC,31,19.92,共同使用部份,鋼筋混凝土造,82年12月15日,七層,,
RPSOMLRKJHKGFDN76CC,45,167.10,住商用,鋼筋混凝土造,69年3月11日,四層,,
RPPNMLKLJHKGFGN68CC,29,22.15,住宅．停車空間,鋼筋混凝土造,84年8月31日,四層,,
RPPNMLKLJHKGFHN78CC,32,169.07,住家用,鋼筋混凝土造,82年1月20日,四層,,
RPUOMLRKJHKGFDN96CC,28,22.54,辦公室,鋼筋混凝土造,86年4月11日,十五層,,
RPUOMLRKJHKGFDN96CC,28,5.41,停車空間，避難室,鋼筋混凝土造,86年4月11日,十六層,,
RPUOMLRKJHKGFDN96CC,28,4.51,梯間、機械室、水箱,鋼筋混凝土造,86年4月11日,十五層,,
RPTOMLRKJHKGFDN86CC,32,47.98,住家用,鋼筋混凝土造,82年6月4日,五層,,
RPTOMLRKJHKGFDN86CC,32,6.53,走廊,鋼筋混凝土造,82年6月4日,五層,,
RPTOMLRKJHKGFDN86CC,32,6.56,門廳、樓梯,鋼筋混凝土造,82年6月4日,五層,,
RPVOMLRKJHKGFDN07CC,34,25.52,住家用,鋼筋混凝土造,80年5月7日,五層,,
RPVOMLRKJHKGFDN07CC,34,8.58,樓梯、電梯、玄關,鋼筋混凝土造,80年5月7日,五層,,
RPPNMLRKJHKGFHN76CC,30,87.49,住家用,鋼筋混凝土造,84年5月8日,八層,,
RPPNMLRKJHKGFHN76CC,30,24.17,共同使用部份,鋼筋混凝土造,84年5月8日,八層,,
RPPNMLLLJHKGFDN48CC,30,150.20,住商用,鋼筋混凝土造,84年2月28日,三層,,
RPPNMLLLJHKGFDN48CC,30,10.08,住商用,鋼筋混凝土造,84年2月28日,三層,,
RPQNMLPKJHKGFAN58CC,33,107.06,住家用,鋼筋混凝土造,80年12月17日,九層,,
RPQNMLPKJHKGFAN58CC,33,10.37,住家用,鋼筋混凝土造,80年12月17日,十層,,
RPQNMLPKJHKGFAN58CC,33,13.22,防空避難室,鋼筋混凝土造,80年12月17日,十層,,
RPPNMLRKJHKGFAN68CC,31,24.80,住家用,鋼筋混凝土造,83年6月23日,十三層,,
RPRNMLOLJHKGFAN68CC,19,18.43,住家用,鋼筋混凝土造,95年5月22日,五層,,
RPRNMLOLJHKGFAN68CC,19,2.30,機房,鋼筋混凝土造,95年5月22日,五層,,
RPRNMLOLJHKGFAN68CC,19,11.04,走廊、梯廳、停車空間、發電機室,鋼筋混凝土造,95年5月22日,五層,,
RPPNMLOLJHKGFAN48CC,28,97.69,住家用,鋼筋混凝土造,86年1月21日,八層,,
RPQNMLOLJHKGFAN58CC,19,18.68,住家用,鋼筋混凝土造,95年5月22日,五層,,
RPPNMLOLJHKGFAN48CC,28,40.76,避難室、騎樓、停車空間、梯間,鋼筋混凝土造,86年1月1日,八層,,
RPQNMLOLJHKGFAN58CC,19,2.30,機房,鋼筋混凝土造,95年5月22日,五層,,
RPQNMLOLJHKGFAN58CC,19,11.20,走廊、梯廳、停車空間、發電機室,鋼筋混凝土造,95年5月22日,五層,,
RPQNMLRKJHKGFAN78CC,31,105.84,住家用,鋼骨鋼筋混凝土造,83年1月12日,十二層,,
RPQNMLRKJHKGFAN78CC,31,22.96,避難室兼停車空間、梯間、門廳、蓄水池、機械室、車道、管理員室,鋼骨混凝土造,83年1月12日,十二層,,
RPXNMLOLJHKGFAN66CC,19,18.43,住家用,鋼筋混凝土造,95年5月22日,五層,,
RPXNMLOLJHKGFAN66CC,19,2.30,機房,鋼筋混凝土造,95年5月22日,五層,,
RPXNMLOLJHKGFAN66CC,19,11.04,走廊、梯廳、停車空間、發電機室,鋼筋混凝土造,95年5月22日,五層,,
RPPOMLOLJHKGFAN58CC,19,18.68,住家用,鋼筋混凝土造,95年5月22日,五層,,
RPPOMLOLJHKGFAN58CC,19,2.30,機房,鋼筋混凝土造,95年5月22日,五層,,
RPPOMLOLJHKGFAN58CC,19,11.20,走廊、梯廳、停車空間、發電機室,鋼筋混凝土造,95年5月22日,五層,,
RPOOMLOLJHKGFAN48CC,19,18.43,住家用,鋼筋混凝土造,95年5月22日,五層,,
RPOOMLOLJHKGFAN48CC,19,2.30,機房,鋼筋混凝土造,95年5月22日,五層,,
RPOOMLOLJHKGFAN48CC,19,11.04,走廊、梯廳、停車空間、發電機室,鋼筋混凝土造,95年5月22日,五層,,
RPROMLOLJHKGFAN78CC,19,18.68,住家用,鋼筋混凝土造,95年5月22日,五層,,
RPROMLOLJHKGFAN78CC,19,2.07,機房,鋼筋混凝土造,95年5月22日,五層,,
RPROMLOLJHKGFAN78CC,19,11.20,走廊、梯廳、停車空間、發電機室,鋼筋混凝土造,95年5月22日,五層,,
RPWNMLOLJHKGFAN56CC,44,87.30,住家用,加強磚造,69年12月11日,二層,,
RPPNMLMJKHKGFAN18CC,43,10.00,住商用,鋼筋混凝土造,70年8月12日,三層,,
RPVNMLOLJHKGFAN09CC,19,18.68,住家用,鋼筋混凝土造,95年5月22日,五層,,
RPVNMLOLJHKGFAN09CC,19,2.07,機房,鋼筋混凝土造,95年5月22日,五層,,
RPVNMLOLJHKGFAN09CC,19,11.20,走廊、梯廳、停車空間、發電機室,鋼筋混凝土造,95年5月22日,五層,,
RPSOMLOLJHKGFAN88CC,19,18.43,住家用,鋼筋混凝土造,95年5月22日,五層,,
RPSOMLOLJHKGFAN88CC,19,2.05,機房,鋼筋混凝土造,95年5月22日,五層,,
RPSOMLOLJHKGFAN88CC,19,11.05,走廊、梯廳、停車空間、發電機室,鋼筋混凝土造,95年5月22日,五層,,
RPQOMLOLJHKGFAN68CC,19,18.68,住家用,鋼筋混凝土造,95年5月22日,五層,,
RPQOMLOLJHKGFAN68CC,19,2.07,機房,鋼筋混凝土造,95年5月22日,五層,,
RPQOMLOLJHKGFAN68CC,19,11.20,走廊、梯廳、停車空間、發電機室,鋼筋混凝土造,95年5月22日,五層,,
RPQNMLMJKHKGFAN28CC,43,12.00,住商用,鋼筋混凝土造,70年8月12日,三層,,
RPQNMLSJKHKGFAN88CC,45,75.60,住家用,鋼筋混凝土加強磚造,68年12月20日,二層,,
RPRNMLSJKHKGFAN98CC,45,99.23,住家用,鋼筋混凝土加強磚造,69年4月1日,二層,,
RPQNMLKKKHKGFAN18CC,43,81.43,住家用,鋼筋混凝土造,71年2月8日,五層,,
RPQNMLKKKHKGFHN88CC,,828.30,廠房,鋼骨造有牆,113年10月22日,一層,,
RPPNMLMKKHKGFAN28CC,36,36.00,住家用,鋼筋混凝土造,78年3月6日,五層,,
RPSNMLRJKHKGFDN66CC,27,26.31,住家用,鋼筋混凝土造,87年3月12日,九層,,
RPSNMLRJKHKGFDN66CC,27,9.82,走道、電梯、樓梯、梯間、避難室,鋼筋混凝土造,87年3月12日,九層,,
RPQNMLRJKHKGFDN09CC,2,54.61,集合住宅,鋼筋混凝土造,112年7月10日,十五層,,
RPTNMLRJKHKGFDN76CC,27,26.31,住家用,鋼筋混凝土造,87年3月12日,九層,,
RPQNMLRJKHKGFDN09CC,2,26.99,共同使用部份,鋼筋混凝土造,112年7月10日,十五層,,
RPTNMLRJKHKGFDN76CC,27,9.82,走道、電梯、樓梯、梯間、避難室,鋼筋混凝土造,87年3月12日,九層,,
RPRNMLRJKHKGFDN56CC,27,23.87,住家用,鋼筋混凝土造,87年3月12日,九層,,
RPQNMLNKKHKGFDN78CC,2,72.54,集合住宅,鋼筋混凝土造,112年7月10日,十五層,,
RPRNMLRJKHKGFDN56CC,27,51.04,走道、電梯、樓梯、梯間、避難室,鋼筋混凝土造,87年3月12日,九層,,
RPQNMLNKKHKGFDN78CC,2,35.82,共同使用部份,鋼筋混凝土造,112年7月10日,十五層,,
RPRNMLPJKHKGFDN98CC,11,56.40,防空避難室兼停車空間、空調機房、事務所,鋼筋混凝土造,102年10月3日,五層,,
RPUNMLRJKHKGFDN86CC,27,26.31,住家用,鋼筋混凝土造,87年3月12日,九層,,
RPUNMLRJKHKGFDN86CC,27,18.20,走道、電梯、樓梯、梯間、避難室,鋼筋混凝土造,87年3月12日,九層,,
RPQNMLOLJHKGFDN88CC,2,73.33,集合住宅,鋼筋混凝土造,112年7月10日,十五層,,
RPQNMLOLJHKGFDN88CC,2,65.64,共同使用部份,鋼筋混凝土造,112年7月10日,十五層,,
RPPNMLKKKHKGFBN18CC,45,90.09,店舖，商場，貯藏室,鋼筋混凝土加強磚造,69年3月26日,三層,,
RPPNMLMKKHKGFBN38CC,19,135.72,住家用,鋼筋混凝土造,95年3月21日,三層,,
