﻿鄉鎮市區,交易標的,土地位置建物門牌,土地移轉總面積平方公尺,都市土地使用分區,非都市土地使用分區,非都市土地使用編定,交易年月日,交易筆棟數,移轉層次,總樓層數,建物型態,主要用途,主要建材,建築完成年月,建物移轉總面積平方公尺,建物現況格局-房,建物現況格局-廳,建物現況格局-衛,建物現況格局-隔間,有無管理組織,總價元,單價元平方公尺,車位類別,車位移轉總面積平方公尺,車位總價元,備註,編號,主建物面積,附屬建物面積,陽台面積,電梯,移轉編號
The villages and towns urban district,transaction sign,land sector position building sector house number plate,land shifting total area square meter,the use zoning or compiles and checks,the non-metropolis land use district,non-metropolis land use,transaction year month and day,transaction pen number,shifting level,total floor number,building state,main use,main building materials,construction to complete the years,building shifting total area,Building present situation pattern - room,building present situation pattern - hall,building present situation pattern - health,building present situation pattern - compartmented,Whether there is manages the organization,total price NTD,the unit price (NTD / square meter),the berth category,berth shifting total area square meter,the berth total price NTD,the note,serial number,main building area,auxiliary building area,balcony area,elevator,transaction number
彰化市,房地(土地+建物),彰化縣彰化市一心南街２２４巷４１號,147.0,,特定專用區,特定目的事業用地,1140206,土地1建物1車位0,全,二層,透天厝,住家用,加強磚造,0700831,85.69,5,5,5,有,無,6500000,75855,,0.0,0,本件為母女間買賣部分價金於過戶後再自行支付親友、員工、共有人或其他特殊關係間之交易；,RPQNMLSKKHKGFAN88DA,85.69,0.0,0.0,無,001
鹿港鎮,土地,鹿海段31-107地號,3483.78,,工業區,丁種建築用地,1140206,土地1建物0車位0,,,其他,,,,0.0,0,0,0,無,無,66120751,18980,,0.0,0,,RPPNMLTKKHKGFCN09DA,0.0,0.0,0.0,無,
北斗鎮,房地(土地+建物),彰化縣北斗鎮地政路２９５巷６號,79.0,住,,,1140208,土地1建物1車位0,全,二層,透天厝,住家用,加強磚造,0630701,83.2,2,2,2,有,無,3800000,45673,,0.0,0,房屋修繕費由買方負擔,RPSNMLSKKHKGFFN96DA,83.2,0.0,0.0,無,
彰化市,房地(土地+建物),彰化縣彰化市永樂街１２號二樓之十一,3.28,住,,,1140203,土地1建物1車位0,二層,七層,華廈(10層含以下有電梯),辦公用,鋼筋混凝土造,0800514,25.4,0,0,0,無,無,700000,27559,,0.0,0,,RPTOMLKKKHKGFAN48DA,9.86,0.0,0.0,有,
和美鎮,土地,中寮北段246地號,113.69,,特定農業區,農牧用地,1140207,土地1建物0車位0,,,其他,,,,0.0,0,0,0,無,無,340000,2991,,0.0,0,含土地增值稅或其他稅費1278元；,RPTNMLSKKHKGFBN66DA,0.0,0.0,0.0,無,002
北斗鎮,房地(土地+建物)+車位,彰化縣北斗鎮中和路１４１號三樓之２,25.87,,鄉村區,乙種建築用地,1140211,土地1建物1車位1,三層,六層,華廈(10層含以下有電梯),住家用,鋼筋混凝土造,1121122,85.75,2,2,2,有,有,6000000,69971,一樓平面,0.0,0,,RPQNMLNKKHKGFFN88DA,55.65,0.0,6.74,有,
芳苑鄉,土地,芳墘段205地號,1877.19,,一般農業區,農牧用地,1140204,土地2建物0車位0,,,其他,,,,0.0,0,0,0,無,無,1360000,724,,0.0,0,土地為持分共有且地形狹長,RPPNMLKLKHKGFGN68DA,0.0,0.0,0.0,無,
彰化市,房地(土地+建物),彰化縣彰化市中山路二段９２０巷１００號,35.5,住,,,1140212,土地1建物1車位0,全,二層,透天厝,住商用,鋼筋混凝土加強磚造,0621205,43.72,4,4,3,有,無,4200000,96066,,0.0,0,頂樓加蓋；,RPVNMLSJKHKGFAN66DA,43.72,0.0,0.0,無,
芬園鄉,房地(土地+建物),彰化縣芬園鄉光華路３４６巷２０３弄１２７號,148.96,,特定農業區,甲種建築用地,1140209,土地2建物1車位0,全,二層,透天厝,住家用,鋼筋混凝土造,0840509,136.54,4,2,2,有,無,6000000,43943,,0.0,0,,RPSNMLMKKHKGFAN48DA,122.09,7.2,7.25,無,
和美鎮,土地,忠孝段272-6地號,1.0,,鄉村區,乙種建築用地,1140205,土地1建物0車位0,,,其他,,,,0.0,0,0,0,無,無,46887,0,,0.0,0,畸零地或有合併使用效益；,RPPNMLOKKHKGFBN48DA,0.0,0.0,0.0,無,
鹿港鎮,土地,玉順段374-2地號,13.23,住,,,1140206,土地1建物0車位0,,,其他,,,,0.0,0,0,0,無,無,1203401,90960,,0.0,0,政府機關標讓售；,RPQNMLSKKHKGFCN09DA,0.0,0.0,0.0,無,
鹿港鎮,土地,鹿海段31-98地號,10822.52,,工業區,丁種建築用地,1140210,土地2建物0車位0,,,其他,,,,0.0,0,0,0,無,無,206625718,19092,,0.0,0,鹿港鎮鹿海段31-98地號買賣價新台幣1億331萬2859元整，鹿港鎮鹿海段31-99地號買賣價新台幣1億331萬2859元整。政府機關標讓售；,RPUNMLLLKHKGFCN88DA,0.0,0.0,0.0,無,
福興鄉,土地,元興段2231地號,2018.0,,特定農業區,農牧用地,1140203,土地1建物0車位0,,,其他,,,,0.0,0,0,0,無,無,3228800,1600,,0.0,0,親友、員工、共有人或其他特殊關係間之交易；,RPRNMLOLKHKGFCN88DA,0.0,0.0,0.0,無,
田中鎮,土地,東源段580地號,176.92,住,,,1140209,土地1建物0車位0,,,其他,,,,0.0,0,0,0,無,無,4300000,24305,,0.0,0,,RPTNMLTKKHKGFEN07DA,0.0,0.0,0.0,無,
北斗鎮,土地,中華段1709-13地號,7.0,農,,,1140217,土地1建物0車位0,,,其他,,,,0.0,0,0,0,無,無,66000,9429,,0.0,0,,RPRNMLRKKHKGFFN76DA,0.0,0.0,0.0,無,003
溪州鄉,房地(土地+建物),彰化縣溪州鄉石巷１５之５號,119.3,,鄉村區,乙種建築用地,1140205,土地1建物1車位0,全,三層,透天厝,住家用,鋼筋混凝土造,1130819,138.79,4,2,3,有,無,8800000,63405,,0.0,0,,RPXNMLTKKHKGFFN57DA,136.14,0.0,2.65,無,
二林鎮,土地,儒林段556地號,144.66,,,,1140205,土地1建物0車位0,,,其他,,,,0.0,0,0,0,無,無,3300000,22812,,0.0,0,未登記建物；包含公共設施保留地用地；,RPQNMLLLKHKGFGN88DA,0.0,0.0,0.0,無,
溪湖鎮,土地,大溪段460-1地號,58.0,住,,,1140210,土地1建物0車位0,,,其他,,,,0.0,0,0,0,無,無,3232920,55740,,0.0,0,政府機關標讓售；,RPUNMLTKKHKGFHN47DA,0.0,0.0,0.0,無,
和美鎮,土地,順天段915地號,183.65,,鄉村區,乙種建築用地,1140208,土地2建物0車位0,,,其他,,,,0.0,0,0,0,無,無,2200000,11979,,0.0,0,含土地增值稅或其他稅費；未登記建物；,RPQNMLRKKHKGFBN98EA,0.0,0.0,0.0,無,
員林市,土地,民生段79地號,12.0,都市：其他:道路用地,,,1140213,土地1建物0車位0,,,其他,,,,0.0,0,0,0,無,無,300000,25000,,0.0,0,包含公共設施保留地用地；,RPPNMLLLKHKGFDN58EA,0.0,0.0,0.0,無,
芬園鄉,土地,新舊社段512地號,39.75,,山坡地保育區,農牧用地,1140214,土地1建物0車位0,,,其他,,,,0.0,0,0,0,無,無,67000,1686,,0.0,0,含土地增值稅或其他稅費；親友、員工、共有人或其他特殊關係間之交易；,RPTNMLOKKHKGFAN78DA,0.0,0.0,0.0,無,
花壇鄉,土地,南口段334-4地號,23.94,工,,,1140211,土地1建物0車位0,,,其他,,,,0.0,0,0,0,無,無,2121323,88610,,0.0,0,政府機關標讓售；,RPSNMLTKKHKGFAN56DA,0.0,0.0,0.0,無,
福興鄉,土地,新生段652地號,120.49,,鄉村區,乙種建築用地,1140211,土地1建物0車位0,,,其他,,,,0.0,0,0,0,無,無,1093423,9075,,0.0,0,親友、員工、共有人或其他特殊關係間之交易；,RPTNMLRKKHKGFCN66DA,0.0,0.0,0.0,無,
鹿港鎮,土地,鹿海段31-109地號,3483.78,,工業區,丁種建築用地,1140212,土地1建物0車位0,,,其他,,,,0.0,0,0,0,無,無,66089397,18971,,0.0,0,政府機關標讓售；,RPQNMLLLKHKGFCN48DA,0.0,0.0,0.0,無,
鹿港鎮,土地,鹿海段31-70地號,10143.08,,工業區,丁種建築用地,1140212,土地1建物0車位0,,,其他,,,,0.0,0,0,0,無,無,194751193,19200,,0.0,0,政府機關標讓售；,RPRNMLLLKHKGFCN58DA,0.0,0.0,0.0,無,
田中鎮,房地(土地+建物)+車位,彰化縣田中鎮建國路１９８號五樓之３,34.13,住,,,1140211,土地2建物1車位1,五層,五層,華廈(10層含以下有電梯),住家用,鋼筋混凝土造,1130920,108.57,3,2,2,有,有,7600000,70001,一樓平面,0.0,0,,RPQNMLTKKHKGFEN76DA,66.18,0.0,6.43,有,
田中鎮,土地,田中段1014-9地號,4.94,住,,,1140211,土地1建物0車位0,,,其他,,,,0.0,0,0,0,無,無,120000,24291,,0.0,0,,RPPNMLOLKHKGFEN88DA,0.0,0.0,0.0,無,
北斗鎮,房地(土地+建物)+車位,彰化縣北斗鎮復興路２２８巷５６之１號三樓之６,43.34,都市：其他:道路用地,,,1140204,土地4建物1車位1,三層,五層,華廈(10層含以下有電梯),住家用,鋼筋混凝土造,1110804,105.69,3,2,2,有,無,8000000,75693,一樓平面,0.0,0,,RPOOMLTKKHKGFFN76DA,66.18,0.0,6.4,有,004
埔鹽鄉,房地(土地+建物),彰化縣埔鹽鄉光明路一段１５１號,71.0,,特定農業區,農牧用地,1140204,土地1建物1車位0,全,一層,透天厝,農業用,加強磚造,0720922,24.79,4,2,3,有,無,1500000,60508,,0.0,0,親友、員工、共有人或其他特殊關係間之交易；頂樓加蓋；其他增建；未登記建物；,RPPNMLLLKHKGFHN88DA,24.79,0.0,0.0,無,
彰化市,房地(土地+建物),彰化縣彰化市中山路三段５５４巷８８之３號,131.0,,特定農業區,甲種建築用地,1140209,土地1建物1車位0,全,二層,透天厝,住家用,加強磚造,0680108,103.83,5,3,2,有,無,7320000,70500,,0.0,0,,RPVNMLOLKHKGFAN09DA,103.83,0.0,0.0,無,
和美鎮,房地(土地+建物),彰化縣和美鎮和東里彰美路五段３８６巷２０號,68.0,住,,,1140202,土地1建物1車位0,全,三層,透天厝,住商用,鋼筋混凝土造,0691226,128.4,4,2,3,有,無,8500000,66199,,0.0,0,,RPPNMLLLKHKGFBN28DA,128.4,0.0,0.0,無,
福興鄉,土地,福園段1162地號,130.65,,鄉村區,乙種建築用地,1140204,土地1建物0車位0,,,其他,,,,0.0,0,0,0,無,無,5000000,38270,,0.0,0,親友、員工、共有人或其他特殊關係間之交易；,RPTNMLOLKHKGFCN09DA,0.0,0.0,0.0,無,
鹿港鎮,土地,鹿海段31-150地號,5304.6,,工業區,丁種建築用地,1140212,土地1建物0車位0,,,其他,,,,0.0,0,0,0,無,無,106690360,20113,,0.0,0,政府機關標讓售；,RPQNMLPLKHKGFCN88DA,0.0,0.0,0.0,無,
員林市,土地,民生段279地號,10.51,都市：其他:道路用地,,,1140210,土地2建物0車位0,,,其他,,,,0.0,0,0,0,無,無,600000,57088,,0.0,0,包含公共設施保留地用地；,RPRNMLOLKHKGFDN98DA,0.0,0.0,0.0,無,005
永靖鄉,土地,永北段567-5地號,445.7,,特定農業區,農牧用地,1140213,土地1建物0車位0,,,其他,,,,0.0,0,0,0,無,無,1800000,4039,,0.0,0,,RPWNMLOLKHKGFDN86DA,0.0,0.0,0.0,無,
福興鄉,土地,新生段1275地號,1850.0,,特定農業區,農牧用地,1140214,土地1建物0車位0,,,其他,,,,0.0,0,0,0,無,無,1000000,541,,0.0,0,,RPPNMLPLKHKGFCN88EA,0.0,0.0,0.0,無,
彰化市,房地(土地+建物),彰化縣彰化市平和十三街７０巷１１號七樓,21.3,住,,,1140220,土地1建物1車位0,七層,八層,華廈(10層含以下有電梯),住家用,鋼筋混凝土造,0830929,130.09,3,2,2,有,有,4900000,37666,,0.0,0,,RPWNMLPLKHKGFAN66DA,89.81,0.0,14.21,有,
芬園鄉,土地,德興段314地號,4324.91,,山坡地保育區,林業用地,1140123,土地1建物0車位0,,,其他,,,,0.0,0,0,0,無,無,4757400,1100,,0.0,0,買賣所有規費、代辦費等全部由買方負擔。,RPXNMLPJKHKGFAN56DA,0.0,0.0,0.0,無,
彰化市,房地(土地+建物),彰化縣彰化市英士路６８號,74.0,,鄉村區,乙種建築用地,1140114,土地1建物1車位0,全,二層,透天厝,住商用,鋼筋混凝土加強磚造,0690401,88.07,0,0,0,無,無,6500000,73805,,0.0,0,修繕為倉庫，2衛。頂樓加蓋；未登記建物；,RPRNMLTJKHKGFAN98DA,88.07,0.0,0.0,無,
彰化市,房地(土地+建物),彰化縣彰化市英士路６６號,74.0,,鄉村區,乙種建築用地,1140114,土地1建物1車位0,全,二層,透天厝,住商用,鋼筋混凝土加強磚造,0690401,88.07,0,0,0,無,無,6500000,73805,,0.0,0,修繕為辦公室，倉庫，3衛。增值稅由買方負擔。頂樓加蓋；未登記建物；,RPSNMLTJKHKGFAN09DA,88.07,0.0,0.0,無,
彰化市,房地(土地+建物),彰化縣彰化市安溪路３２８巷４３號,150.37,,山坡地保育區,丙種建築用地,1140123,土地33建物1車位0,全,四層,透天厝,住家用,鋼筋混凝土造,0950508,140.27,5,4,2,有,有,10550000,75212,,0.0,0,二樓陽台增建未登記建物；,RPRNMLKKKHKGFAN18DA,118.47,0.05,21.76,無,006
花壇鄉,土地,溪北段648地號,163.26,,特定農業區,農牧用地,1140123,土地2建物0車位0,,,其他,,,,0.0,0,0,0,無,無,1234630,7562,,0.0,0,親友、員工、共有人或其他特殊關係間之交易；,RPOOMLLKKHKGFAN08DA,0.0,0.0,0.0,無,007
永靖鄉,土地,東寧段121地號,955.5,,特定農業區,農牧用地,1140122,土地1建物0車位0,,,其他,,,,0.0,0,0,0,無,無,3000000,3140,,0.0,0,親友、員工、共有人或其他特殊關係間之交易；,RPVOMLMLJHKGFDN56DA,0.0,0.0,0.0,無,
員林市,房地(土地+建物),彰化縣員林市中正路６５２巷１８號四樓,20.0,住,,,1140116,土地1建物1車位0,四層,五層,華廈(10層含以下有電梯),住家用,鋼筋混凝土造,0801023,88.15,3,2,1,有,有,4300000,48780,,0.0,0,,RPVNMLLKKHKGFDN98DA,63.11,0.0,10.15,有,008
永靖鄉,房地(土地+建物),彰化縣永靖鄉瑚璉路２３５號,61.16,住,,,1140120,土地1建物1車位0,全,三層,透天厝,住商用,鋼筋混凝土造,0710623,145.82,2,2,2,有,無,13000000,89151,,0.0,0,其他增建；,RPQNMLTKKHKGFDN66DA,145.82,0.0,0.0,無,009
永靖鄉,房地(土地+建物),彰化縣永靖鄉九分路４２１巷９弄１號,90.64,,特定農業區,甲種建築用地,1140119,土地1建物1車位0,全,二層,透天厝,住家用,加強磚造,0760409,98.9,4,2,1,有,無,5380000,54398,,0.0,0,,RPSNMLTKKHKGFDN86DA,98.9,0.0,0.0,無,
員林市,房地(土地+建物),彰化縣員林市中山南路１９２巷６號,95.32,住,,,1140106,土地2建物1車位0,全,三層,透天厝,住家用,鋼筋混凝土造,0780310,207.06,4,2,3,有,無,7500000,36221,,0.0,0,親友、員工、共有人或其他特殊關係間之交易；,RPUNMLTKKHKGFDN07DA,124.19,82.87,0.0,無,
溪湖鎮,房地(土地+建物),彰化縣溪湖鎮向上二街３４號,121.0,住,,,1140115,土地1建物1車位0,全,三層,透天厝,住家用,鋼筋混凝土造,0841007,224.18,6,2,4,有,無,12000000,53528,,0.0,0,其他增建；,RPQNMLMKKHKGFHN98DA,214.3,9.88,0.0,無,
員林市,房地(土地+建物),彰化縣員林市永吉街４號,50.0,住,,,1140109,土地3建物1車位0,全,二層,透天厝,住家用,鋼筋混凝土加強磚造,0630626,60.49,3,1,1,有,無,2500000,41329,,0.0,0,親友、員工、共有人或其他特殊關係間之交易；頂樓加蓋；,RPPNMLSKKHKGFDN56EA,60.49,0.0,0.0,無,
員林市,土地,員林段33-38地號,74.0,住,,,1140118,土地1建物0車位0,,,其他,,,,0.0,0,0,0,無,無,12311750,166375,,0.0,0,,RPUNMLRKKHKGFDN86DA,0.0,0.0,0.0,無,
員林市,土地,員林段33-39地號,68.0,住,,,1140118,土地1建物0車位0,,,其他,,,,0.0,0,0,0,無,無,11313500,166375,,0.0,0,,RPVNMLRKKHKGFDN96DA,0.0,0.0,0.0,無,
彰化市,土地,磚段18-2地號,531.75,農,,,1140117,土地1建物0車位0,,,其他,,,,0.0,0,0,0,無,無,18000000,33850,,0.0,0,未登記建物；,RPQNMLSKKHKGFAN98EA,0.0,0.0,0.0,無,
彰化市,房地(土地+建物),彰化縣彰化市福馬街２６巷３號,87.89,,鄉村區,乙種建築用地,1140107,土地1建物1車位0,全,二層,透天厝,住家用,加強磚造,0670724,106.4,0,0,0,無,無,6500000,61090,,0.0,0,其他增建；,RPVPMLPKJHKGFAN56DA,106.4,0.0,0.0,無,
秀水鄉,土地,埔崙段67地號,733.0,,特定農業區,農牧用地,1140106,土地1建物0車位0,,,其他,,,,0.0,0,0,0,無,無,2880000,3929,,0.0,0,,RPVNMLKKKHKGFAN58DA,0.0,0.0,0.0,無,
芬園鄉,土地,大德段608地號,203.21,,鄉村區,乙種建築用地,1140118,土地1建物0車位0,,,其他,,,,0.0,0,0,0,無,無,860500,4235,,0.0,0,,RPRNMLLKKHKGFAN28DA,0.0,0.0,0.0,無,010
彰化市,房地(土地+建物)+車位,彰化縣彰化市南校街７２巷１號三樓,66.43,住,,,1140120,土地1建物1車位1,三層,十四層,住宅大樓(11層含以上有電梯),住家用,鋼筋混凝土造,0850729,116.8,3,1,2,有,有,6500000,55651,坡道平面,0.0,0,親友、員工、共有人或其他特殊關係間之交易；,RPQNMLKLKHKGFAN18DA,67.42,0.83,10.39,有,
和美鎮,土地,嘉詔段397地號,2930.18,農,,,1140103,土地1建物0車位0,,,其他,,,,0.0,0,0,0,無,無,47000000,16040,,0.0,0,,RPRNMLSKKHKGFBN09DA,0.0,0.0,0.0,無,
員林市,房地(土地+建物)+車位,彰化縣員林市員林大道五段１７６號,12.74,住,,,1140118,土地1建物1車位1,一層,十五層,住宅大樓(11層含以上有電梯),商業用,鋼筋混凝土造,1070103,92.39,0,0,0,無,有,10600000,123827,坡道平面,15.67,1100000,,RPXNMLOKKHKGFDN86DA,41.89,0.0,9.48,有,
二水鄉,房地(土地+建物),彰化縣二水鄉民生路４８９號,145.41,住,,,1140120,土地5建物1車位0,全,三層,透天厝,住家用,鋼筋混凝土造,1131206,177.29,3,1,4,有,無,8400000,47380,,0.0,0,未登記建物；,RPPNMLTKKHKGFEN66DA,168.1,0.0,9.19,無,
北斗鎮,土地,興農段1303地號,1185.21,,特定農業區,農牧用地,1140117,土地1建物0車位0,,,其他,,,,0.0,0,0,0,無,無,10500000,8859,,0.0,0,未登記建物；,RPSNMLQJKHKGFFN66DA,0.0,0.0,0.0,無,
北斗鎮,土地,北工段7地號,247.0,,工業區,丁種建築用地,1140114,土地1建物0車位0,,,其他,,,,0.0,0,0,0,無,無,13720000,55547,,0.0,0,本案出售標的含:折舊9年未保存登記建物，面積:159.12平方公尺之一層鋼骨造，現況鐵皮屋:1房1廳1衛在內。含仲介費280000元；,RPPOMLMKKHKGFFN78DA,0.0,0.0,0.0,無,011
北斗鎮,房地(土地+建物),彰化縣北斗鎮斗中路３３號,247.39,,工業區,丁種建築用地,1140114,土地1建物1車位0,全,一層,透天厝,住家用,鋼骨造,1030127,93.06,1,1,1,有,無,13720000,147432,,0.0,0,含仲介費280000元；,RPQOMLMKKHKGFFN88DA,93.06,0.0,0.0,無,
北斗鎮,房地(土地+建物),彰化縣北斗鎮斗中路３５號,247.71,,工業區,丁種建築用地,1140114,土地1建物1車位0,全,一層,透天厝,住家用,鋼骨造,1030127,143.82,1,1,1,有,無,13720000,95397,,0.0,0,含仲介費280000元；,RPROMLMKKHKGFFN98DA,143.82,0.0,0.0,無,
北斗鎮,房地(土地+建物),彰化縣北斗鎮斗中路３７號,247.8,,工業區,丁種建築用地,1140114,土地1建物1車位0,全,一層,透天厝,住家用,鋼骨造,1030127,93.06,1,1,1,有,無,13720000,147432,,0.0,0,含仲介費280000元；,RPSOMLMKKHKGFFN09DA,93.06,0.0,0.0,無,
北斗鎮,土地,北工段7-1地號,247.22,,工業區,丁種建築用地,1140114,土地1建物0車位0,,,其他,,,,0.0,0,0,0,無,無,13720000,55497,,0.0,0,本案出售標的含:折舊9年未保存登記建物，面積:159.12平方公尺之一層鋼骨造，現況鐵皮屋:1房1廳1衛在內。含仲介費280000元；,RPTOMLMKKHKGFFN56DA,0.0,0.0,0.0,無,
溪州鄉,土地,育善段318-7地號,37.72,住,,,1140114,土地2建物0車位0,,,其他,,,,0.0,0,0,0,無,無,800000,21209,,0.0,0,親友、員工、共有人或其他特殊關係間之交易；,RPTNMLSKKHKGFFN07DA,0.0,0.0,0.0,無,
埤頭鄉,房地(土地+建物),彰化縣埤頭鄉溪林路４９８巷６６之５號,79.88,,鄉村區,乙種建築用地,1140118,土地3建物1車位0,全,三層,透天厝,住家用,鋼筋混凝土造,1130202,122.16,4,2,3,有,無,8680000,71054,,0.0,0,,RPQNMLTKKHKGFFN86DA,122.16,0.0,0.0,無,
二林鎮,房地(土地+建物)+車位,彰化縣二林鎮大智街３０號五樓之一,18.47,住,,,1140112,土地1建物1車位1,五層,八層,華廈(10層含以下有電梯),住家用,鋼筋混凝土造,0840109,109.38,3,2,2,有,有,3500000,31999,坡道平面,0.0,0,,RPUNMLPJKHKGFGN86DA,61.19,0.9,9.78,有,
埔心鄉,土地,太平東段1712-5地號,54.92,,鄉村區,乙種建築用地,1140123,土地1建物0車位0,,,其他,,,,0.0,0,0,0,無,無,1034990,18845,,0.0,0,,RPPNMLSKKHKGFHN86DA,0.0,0.0,0.0,無,
彰化市,房地(土地+建物)+車位,彰化縣彰化市南興街５號三樓之１,27.27,住,,,1140105,土地3建物1車位1,三層,十二層,住宅大樓(11層含以上有電梯),住家用,鋼筋混凝土造,1121201,145.8,3,2,2,有,有,12180000,83539,坡道機械,19.85,0,,RPRNMLMKKHKGFAN38DA,76.92,0.0,7.54,有,012
彰化市,土地,新快官段1188-4地號,9175.92,,山坡地保育區,農牧用地,1140106,土地3建物0車位0,,,其他,,,,0.0,0,0,0,無,無,9680000,1055,,0.0,0,總價款，不包含如：松柏、五葉松…等經濟作物在內。,RPPNMLNKKHKGFAN28DA,0.0,0.0,0.0,無,
彰化市,房地(土地+建物),彰化縣彰化市埔陽街２０６號,75.0,住,,,1140104,土地1建物1車位0,全,四層,透天厝,住商用,鋼筋混凝土造,0830309,198.08,5,3,3,有,無,16000000,80775,,0.0,0,陽台外推；其他增建；,RPOOMLNKKHKGFAN28DA,191.04,7.04,0.0,無,
彰化市,土地,西勢子段西勢子小段227-35地號,227.0,農,,,1140114,土地1建物0車位0,,,其他,,,,0.0,0,0,0,無,無,5227810,23030,,0.0,0,政府機關標讓售；,RPUOMLRKKHKGFAN66DA,0.0,0.0,0.0,無,
彰化市,房地(土地+建物)+車位,彰化縣彰化市中山路一段４１０號七樓,38.24,住,,,1140116,土地1建物1車位3,七層,十四層,住宅大樓(11層含以上有電梯),住家用,鋼筋混凝土造,0951012,350.82000000000005,5,2,3,有,有,20000000,57009,坡道平面,0.0,0,車位有三位 : 車位編號3a56親友、員工、共有人或其他特殊關係間之交易；,RPPNMLSKKHKGFAN78DA,171.3,0.0,19.44,有,
彰化市,土地,竹中段429地號,98.12,,鄉村區,乙種建築用地,1140123,土地2建物0車位0,,,其他,,,,0.0,0,0,0,無,無,3560400,36286,,0.0,0,,RPVNMLSKKHKGFAN76DA,0.0,0.0,0.0,無,013
大村鄉,房地(土地+建物),彰化縣大村鄉中山路一段１巷２５弄２號,102.34,,特定農業區,甲種建築用地,1140116,土地2建物1車位0,全,三層,透天厝,住家用,鋼筋混凝土造,0780606,147.2,3,2,2,有,無,2550000,17323,,0.0,0,親友、員工、共有人或其他特殊關係間之交易；,RPSNMLLLKHKGFDN78DA,147.2,0.0,0.0,無,
員林市,土地,新生段1126地號,45.23,商,,,1140102,土地1建物0車位0,,,其他,,,,0.0,0,0,0,無,無,5150000,113862,,0.0,0,親友、員工、共有人或其他特殊關係間之交易；未登記建物；,RPTNMLLLKHKGFDN88DA,0.0,0.0,0.0,無,014
員林市,土地,新生段1126地號,45.23,商,,,1140102,土地1建物0車位0,,,其他,,,,0.0,0,0,0,無,無,5150000,113862,,0.0,0,親友、員工、共有人或其他特殊關係間之交易；未登記建物；,RPUNMLLLKHKGFDN98DA,0.0,0.0,0.0,無,014
社頭鄉,土地,橋頭段1023地號,108.98,,鄉村區,乙種建築用地,1140116,土地1建物0車位0,,,其他,,,,0.0,0,0,0,無,無,2030000,18627,,0.0,0,,RPVNMLKLKHKGFEN09DA,0.0,0.0,0.0,無,
溪州鄉,土地,信義段416-6地號,126.0,,特定農業區,甲種建築用地,1140119,土地1建物0車位0,,,其他,,,,0.0,0,0,0,無,無,1000000,7937,,0.0,0,,RPVNMLTKKHKGFFN37DA,0.0,0.0,0.0,無,
溪州鄉,土地,信義段416地號,539.0,,特定農業區,甲種建築用地,1140119,土地1建物0車位0,,,其他,,,,0.0,0,0,0,無,無,4520000,8386,,0.0,0,,RPWNMLTKKHKGFFN47DA,0.0,0.0,0.0,無,
埤頭鄉,土地,振興段516地號,2784.0,,特定農業區,農牧用地,1140105,土地1建物0車位0,,,其他,,,,0.0,0,0,0,無,無,5100000,1832,,0.0,0,,RPQNMLLLKHKGFFN78DA,0.0,0.0,0.0,無,
田尾鄉,土地,田豐段1323地號,681.0,,特定農業區,農牧用地,1140120,土地1建物0車位0,,,其他,,,,0.0,0,0,0,無,無,3159500,4640,,0.0,0,,RPSNMLLLKHKGFFN98DA,0.0,0.0,0.0,無,
大城鄉,土地,城潭段727地號,2850.0,,一般農業區,農牧用地,1140117,土地1建物0車位0,,,其他,,,,0.0,0,0,0,無,無,3933000,1380,,0.0,0,,RPSNMLRKKHKGFGN96DA,0.0,0.0,0.0,無,
大城鄉,土地,城潭段728地號,2759.0,,一般農業區,農牧用地,1140115,土地1建物0車位0,,,其他,,,,0.0,0,0,0,無,無,3807000,1380,,0.0,0,,RPTNMLRKKHKGFGN07DA,0.0,0.0,0.0,無,016
二林鎮,房地(土地+建物),彰化縣二林鎮路西巷１９之１２號,80.0,,鄉村區,乙種建築用地,1140108,土地1建物1車位0,全,二層,透天厝,住家用,加強磚造,0760401,97.02,4,2,3,有,無,3200000,32983,,0.0,0,頂樓加蓋；,RPPNMLLLKHKGFGN78DA,97.02,0.0,0.0,無,
埔鹽鄉,土地,新水段969地號,2759.0,,特定農業區,農牧用地,1140101,土地1建物0車位0,,,其他,,,,0.0,0,0,0,無,無,8001100,2900,,0.0,0,,RPSNMLTKKHKGFHN27DA,0.0,0.0,0.0,無,
彰化市,房地(土地+建物),彰化縣彰化市安溪路８１巷９之３號,92.95,,山坡地保育區,丙種建築用地,1140118,土地1建物1車位0,全,二層,透天厝,住家用,鋼筋混凝土加強磚造,0680704,90.8,2,1,2,有,無,1128560,12429,,0.0,0,,RPPNMLKLKHKGFAN18EA,90.8,0.0,0.0,無,
秀水鄉,土地,埔崙段437地號,2120.0,農,,,1140111,土地1建物0車位0,,,其他,,,,0.0,0,0,0,無,無,19500000,9198,,0.0,0,,RPQOMLOLKHKGFAN68DA,0.0,0.0,0.0,無,017
線西鄉,房地(土地+建物),彰化縣線西鄉沿海路二段２６４巷５９號,81.87,農,,,1140110,土地3建物1車位0,全,三層,透天厝,住家用,鋼筋混凝土造,1130704,125.12,4,2,5,有,無,10000000,79923,,0.0,0,,RPQNMLOJKHKGFBN48DA,125.12,0.0,0.0,無,
鹿港鎮,房地(土地+建物),彰化縣鹿港鎮鹿工北二路８之１號,2521.48,,工業區,丁種建築用地,1140114,土地2建物3車位0,一層，屋頂突出物,二層,公寓(5樓含以下無電梯),辦公用,鋼筋混凝土造,0930929,1069.98,0,0,0,無,無,100000000,93460,,0.0,0,,RPQNMLNKKHKGFCN58DA,1056.91,0.0,13.07,無,
鹿港鎮,土地,玉順段608地號,23.97,住,,,1140107,土地1建物0車位0,,,其他,,,,0.0,0,0,0,無,無,880000,36713,,0.0,0,未登記建物；,RPQNMLKLKHKGFCN38DA,0.0,0.0,0.0,無,
永靖鄉,房地(土地+建物),彰化縣永靖鄉永興路二段１６７號,86.76,,鄉村區,乙種建築用地,1140117,土地1建物1車位0,全,三層,透天厝,住商用,鋼筋混凝土造,0810327,153.46,4,2,3,有,無,7700000,50176,,0.0,0,土地增值稅177912由買方繳納未登記建物；,RPSNMLOLKHKGFDN09DA,146.1,7.36,0.0,無,
溪州鄉,土地,復興段675-1地號,0.86,都市：其他:道路用地,,,1140110,土地1建物0車位0,,,其他,,,,0.0,0,0,0,無,無,35445,0,,0.0,0,包含公共設施保留地用地；協議價購；,RPQNMLTKJHKGFFN76DA,0.0,0.0,0.0,無,018
溪州鄉,土地,復興段735地號,94.85,都市：其他:道路用地,,,1140121,土地1建物0車位0,,,其他,,,,0.0,0,0,0,無,無,3907655,41198,,0.0,0,包含公共設施保留地用地；協議價購；,RPPNMLNLJHKGFFN78DA,0.0,0.0,0.0,無,019
溪州鄉,土地,復興段809地號,7.85,都市：其他:道路用地,,,1140110,土地1建物0車位0,,,其他,,,,0.0,0,0,0,無,無,323420,41200,,0.0,0,包含公共設施保留地用地；協議價購；,RPQNMLNLJHKGFFN88DA,0.0,0.0,0.0,無,
溪州鄉,土地,復興段732地號,62.53,都市：其他:道路用地,,,1140110,土地1建物0車位0,,,其他,,,,0.0,0,0,0,無,無,2576266,41200,,0.0,0,包含公共設施保留地用地；協議價購；,RPRNMLNLJHKGFFN98DA,0.0,0.0,0.0,無,020
北斗鎮,房地(土地+建物),彰化縣北斗鎮斗中路８３８巷１５號,126.38,住,,,1140111,土地5建物1車位0,全,四層,透天厝,住家用,鋼筋混凝土造,1051230,243.3,4,3,5,有,無,17200000,70695,,0.0,0,,RPPNMLLLKHKGFFN68DA,232.59,0.0,10.71,有,021
芳苑鄉,土地,草漢段827地號,112.5,,鄉村區,乙種建築用地,1140123,土地1建物0車位0,,,其他,,,,0.0,0,0,0,無,無,2586375,22990,,0.0,0,,RPQNMLOLKHKGFGN56DA,0.0,0.0,0.0,無,
溪湖鎮,土地,富貴段81地號,66.22,住,,,1140107,土地1建物0車位0,,,其他,,,,0.0,0,0,0,無,無,4600000,69465,,0.0,0,親友、員工、共有人或其他特殊關係間之交易；,RPQNMLSKKHKGFHN96DA,0.0,0.0,0.0,無,022
彰化市,房地(土地+建物),彰化縣彰化市民族路３１５巷１５０號,54.0,住,,,1140112,土地1建物1車位0,全,二層,透天厝,住家用,加強磚造,0571026,83.52,3,2,3,有,無,7400000,88602,,0.0,0,頂樓加蓋；其他增建；,RPSNMLMKJHKGFAN38DA,83.52,0.0,0.0,無,023
彰化市,土地,磚段1288地號,2009.08,農,,,1140107,土地1建物0車位0,,,其他,,,,0.0,0,0,0,無,無,28560000,14215,,0.0,0,,RPQPMLPJKHKGFAN68DA,0.0,0.0,0.0,無,024
彰化市,房地(土地+建物),彰化縣彰化市福山街２２６巷１１號,174.51,,山坡地保育區,農牧用地,1140120,土地2建物1車位0,全,二層,透天厝,住家用,加強磚造,0690527,105.0,3,2,2,有,無,5800000,55238,,0.0,0,,RPXNMLLLKHKGFAN98DA,105.0,0.0,0.0,無,
彰化市,土地,三民段1010地號,39.79,商,,,1140125,土地2建物0車位0,,,其他,,,,0.0,0,0,0,無,無,3849600,96748,,0.0,0,親友、員工、共有人或其他特殊關係間之交易；未登記建物；,RPPNMLOLKHKGFAN48DA,0.0,0.0,0.0,無,
員林市,房地(土地+建物),彰化縣員林市永昌街８８巷２７號地下一樓之三十六,9.38,住,,,1140123,土地1建物3車位0,地下一層,十三層,住宅大樓(11層含以上有電梯),辦公用,鋼筋混凝土造,0850212,153.07,0,0,0,無,有,1800000,11759,,0.0,0,市場攤位；,RPVNMLOLKHKGFDN76DA,35.62,0.0,0.0,有,025
社頭鄉,土地,保黎段999-4地號,10.22,商,,,1140107,土地2建物0車位0,,,其他,,,,0.0,0,0,0,無,無,822403,80470,,0.0,0,政府機關標讓售；,RPQNMLOLKHKGFEN98DA,0.0,0.0,0.0,無,
溪州鄉,土地,復興段675-1地號,0.86,都市：其他:道路用地,,,1140110,土地1建物0車位0,,,其他,,,,0.0,0,0,0,無,無,35445,0,,0.0,0,包含公共設施保留地用地；協議價購；,RPRNMLTKJHKGFFN86DA,0.0,0.0,0.0,無,018
溪州鄉,土地,復興段675-1地號,0.47,都市：其他:道路用地,,,1140110,土地1建物0車位0,,,其他,,,,0.0,0,0,0,無,無,19203,0,,0.0,0,包含公共設施保留地用地；協議價購；,RPSNMLTKJHKGFFN96DA,0.0,0.0,0.0,無,018
溪州鄉,土地,復興段675-1地號,0.3,都市：其他:道路用地,,,1140110,土地1建物0車位0,,,其他,,,,0.0,0,0,0,無,無,12493,0,,0.0,0,包含公共設施保留地用地；協議價購；,RPTNMLTKJHKGFFN07DA,0.0,0.0,0.0,無,018
溪州鄉,土地,復興段675-1地號,0.3,都市：其他:道路用地,,,1140110,土地1建物0車位0,,,其他,,,,0.0,0,0,0,無,無,12493,0,,0.0,0,包含公共設施保留地用地；協議價購；,RPUNMLTKJHKGFFN17DA,0.0,0.0,0.0,無,018
北斗鎮,房地(土地+建物)+車位,彰化縣北斗鎮文苑路一段２９２號二樓之１,29.14,住,,,1140122,土地1建物1車位1,二層,五層,華廈(10層含以下有電梯),住家用,鋼筋混凝土造,1130801,104.52,2,2,2,有,有,6880000,65825,其他,19.85,0,,RPSNMLRKKHKGFFN86DA,52.57,0.0,8.22,有,030
溪湖鎮,土地,大庭段128-16地號,180.16,農,,,1140121,土地9建物0車位0,,,其他,,,,0.0,0,0,0,無,無,2000000,11101,,0.0,0,,RPTNMLTKKHKGFHN37DA,0.0,0.0,0.0,無,
埔鹽鄉,土地,南興段297地號,270.83,,特定農業區,農牧用地,1140113,土地1建物0車位0,,,其他,,,,0.0,0,0,0,無,無,1000000,3692,,0.0,0,親友、員工、共有人或其他特殊關係間之交易；,RPTNMLLLKHKGFHN66DA,0.0,0.0,0.0,無,
秀水鄉,土地,秀水段1301地號,702.0,,特定農業區,農牧用地,1140110,土地2建物0車位0,,,其他,,,,0.0,0,0,0,無,無,2123500,3025,,0.0,0,,RPQNMLPLKHKGFAN78EA,0.0,0.0,0.0,無,
員林市,土地,三潭段1071地號,620.67,,特定農業區,甲種建築用地,1140109,土地1建物0車位0,,,其他,,,,0.0,0,0,0,無,無,21000000,33834,,0.0,0,含土地增值稅或其他稅費589440元；親友、員工、共有人或其他特殊關係間之交易；未登記建物；,RPPNMLOLKHKGFDN88EA,0.0,0.0,0.0,無,
大村鄉,土地,大田段882-6地號,16.37,住,,,1140117,土地3建物0車位0,,,其他,,,,0.0,0,0,0,無,無,892984,54550,,0.0,0,政府機關標讓售；,RPQNMLOLKHKGFDN98EA,0.0,0.0,0.0,無,
埔心鄉,土地,義民段932地號,72.5,商,,,1140110,土地9建物0車位0,,,其他,,,,0.0,0,0,0,無,無,3289500,45372,,0.0,0,,RPPNMLLLKHKGFHN98EA,0.0,0.0,0.0,無,031
彰化市,土地,三民段367地號,58.0,商,,,1140113,土地1建物0車位0,,,其他,,,,0.0,0,0,0,無,無,8775000,151293,,0.0,0,親友、員工、共有人或其他特殊關係間之交易；,RPSNMLPLKHKGFAN88DA,0.0,0.0,0.0,無,
彰化市,土地,聯興段74-2地號,147.97,,鄉村區,交通用地,1140121,土地1建物0車位0,,,其他,,,,0.0,0,0,0,無,無,5872929,39690,,0.0,0,政府機關標讓售；,RPPNMLLLKHKGFAN28EA,0.0,0.0,0.0,無,
花壇鄉,土地,口庄段537地號,1291.0,農,,,1131213,土地1建物0車位0,,,其他,,,,0.0,0,0,0,無,無,13300000,10302,,0.0,0,,RPOOMLMJJHKGFAN97DA,0.0,0.0,0.0,無,
芬園鄉,土地,嘉興段1282地號,2034.0,,特定農業區,農牧用地,1131230,土地1建物0車位0,,,其他,,,,0.0,0,0,0,無,無,13860000,6814,,0.0,0,農作物；,RPUNMLMLJHKGFAN68DA,0.0,0.0,0.0,無,
彰化市,房地(土地+建物),彰化縣彰化市互助一街５巷１３７號,80.53,,山坡地保育區,特定目的事業用地,1131222,土地2建物1車位0,全,二層,透天厝,住家用,加強磚造,0720322,87.0,3,2,2,有,無,5500000,63218,,0.0,0,其他增建；,RPUNMLKKKHKGFAN48DA,87.0,0.0,0.0,無,
彰化市,房地(土地+建物),彰化縣彰化市公園路一段２２３巷１號,180.0,住,,,1131231,土地1建物1車位0,全,一層,透天厝,住家用,磚造,0440414,68.18,3,2,1,有,無,6000000,88002,,0.0,0,賣方伍佰伍拾萬賣清。含土地增值稅或其他稅費；含仲介費；含地政士服務費；,RPRNMLOKKHKGFAN58DA,68.18,0.0,0.0,無,
彰化市,房地(土地+建物),彰化縣彰化市三民路１１７號十三樓之１,6.22,商,,,1131207,土地1建物1車位0,十三層,十四層,住宅大樓(11層含以上有電梯),辦公用,鋼筋混凝土造,0901109,80.89,2,2,1,有,有,5200000,64285,,0.0,0,,RPVNMLRKKHKGFAN66DA,47.43,0.0,6.29,有,
花壇鄉,土地,口庄段681地號,2521.0,農,,,1131230,土地1建物0車位0,,,其他,,,,0.0,0,0,0,無,無,23280000,9234,,0.0,0,,RPPNMLTKKHKGFAN88DA,0.0,0.0,0.0,無,032
和美鎮,房地(土地+建物)+車位,彰化縣和美鎮仁安路８５號八樓之１,21.86,住,,,1131213,土地1建物1車位1,八層,十五層,住宅大樓(11層含以上有電梯),住家用,鋼筋混凝土造,1130130,148.57999999999998,3,2,2,有,有,12800000,99537,坡道平面,32.04,1200000,,RPQNMLNKKIJGFBN48DA,70.79,0.0,7.12,有,033
福興鄉,土地,秀安段194-2地號,348.77,,鄉村區,乙種建築用地,1131202,土地4建物0車位0,,,其他,,,,0.0,0,0,0,無,無,16350000,46879,,0.0,0,親友、員工、共有人或其他特殊關係間之交易；,RPQNMLSJKHKGFCN98DA,0.0,0.0,0.0,無,034
福興鄉,土地,新生段645地號,68.88,,鄉村區,乙種建築用地,1131227,土地1建物0車位0,,,其他,,,,0.0,0,0,0,無,無,1041800,15125,,0.0,0,親友、員工、共有人或其他特殊關係間之交易；,RPQNMLMKKHKGFCN48DA,0.0,0.0,0.0,無,035
福興鄉,土地,新生段644地號,447.91,,鄉村區,乙種建築用地,1131227,土地4建物0車位0,,,其他,,,,0.0,0,0,0,無,無,5996920,13389,,0.0,0,親友、員工、共有人或其他特殊關係間之交易；,RPRNMLMKKHKGFCN58DA,0.0,0.0,0.0,無,036
福興鄉,房地(土地+建物),彰化縣福興鄉彰鹿路七段５５８巷１８弄２９號,82.74,,鄉村區,乙種建築用地,1131214,土地1建物1車位0,全,二層,透天厝,住商用,鋼筋混凝土加強磚造,0710224,97.52,3,2,2,有,無,5000000,51272,,0.0,0,,RPPNMLNKKHKGFCN48DA,97.52,0.0,0.0,無,
員林市,房地(土地+建物),彰化縣員林市員水路二段１８８號,366.0,都市：其他:園道用地,,,1131227,土地3建物1車位0,全,三層,透天厝,辦公用,鋼筋混凝土加強磚造,0691008,283.08,4,2,2,有,無,25000000,88314,,0.0,0,其他增建；未登記建物；包含公共設施保留地用地；,RPPNMLLKKHKGFDN38DA,283.08,0.0,0.0,無,
員林市,房地(土地+建物),彰化縣員林市惠農路３３４號,94.82,,鄉村區,乙種建築用地,1131219,土地1建物1車位0,全,二層,透天厝,住家用,鋼筋混凝土加強磚造,0670510,120.96,3,2,2,有,無,8300000,68618,,0.0,0,頂樓加蓋；,RPQNMLSKKHKGFDN56DA,120.96,0.0,0.0,無,
社頭鄉,房地(土地+建物),彰化縣社頭鄉仁愛二路２４３號,72.02,住,,,1131227,土地1建物1車位0,全,二層,透天厝,住家用,鋼筋混凝土造,0760126,80.76,4,2,3,有,無,6180000,76523,,0.0,0,,RPPNMLOKKHKGFEN78DA,80.76,0.0,0.0,無,037
田尾鄉,土地,曾厝崙段106-3地號,46.21,,特定農業區,農牧用地,1131231,土地2建物0車位0,,,其他,,,,0.0,0,0,0,無,無,167890,3633,,0.0,0,,RPRNMLSKKHKGFFN86DA,0.0,0.0,0.0,無,038
伸港鄉,土地,伸東段138地號,1074.85,農,,,1131216,土地7建物0車位0,,,其他,,,,0.0,0,0,0,無,無,12000000,11164,,0.0,0,部分土地受套繪管制，賣方補貼新台幣330萬元予買方辦理解除套繪事宜，包含拆除地上物、現場垃圾清運廢棄物處理、路權之整合及指定建築線等。,RPPNMLMKKHKGFBN28DA,0.0,0.0,0.0,無,
伸港鄉,土地,福安段252地號,518.08,,一般農業區,農牧用地,1131230,土地1建物0車位0,,,其他,,,,0.0,0,0,0,無,無,2887760,5574,,0.0,0,親友、員工、共有人或其他特殊關係間之交易；未登記建物；,RPPNMLTKKHKGFBN98DA,0.0,0.0,0.0,無,
伸港鄉,土地,全興段708-10地號,631.0,,工業區,丁種建築用地,1131223,土地1建物0車位0,,,其他,,,,0.0,0,0,0,無,無,28631625,45375,,0.0,0,,RPRNMLTKKHKGFBN56DA,0.0,0.0,0.0,無,
員林市,房地(土地+建物)+車位,彰化縣員林市員林大道四段２０５號二樓之１,28.25,住,,,1131212,土地1建物1車位1,二層,五層,華廈(10層含以下有電梯),住家用,鋼筋混凝土造,1131205,79.23,2,1,1,有,有,7800000,98460,升降機械,0.0,0,土地交易價款新台幣468萬元整建物交易價款新台幣312萬元整預售屋、或土地及建物分件登記案件；,RPSOMLRKKHKGFDN76DA,49.04,0.0,5.6,有,
永靖鄉,土地,永發段152-1地號,1356.37,農,,,1131220,土地2建物0車位0,,,其他,,,,0.0,0,0,0,無,無,4000000,2949,,0.0,0,買賣雙方約定買賣之土地先辦理土地分割後，再辦理過戶登記。分割後權利人取得152-1地號土地。,RPRNMLKLKHKGFDN58DA,0.0,0.0,0.0,無,
北斗鎮,房地(土地+建物),彰化縣北斗鎮復興路２２８巷７０號,83.0,住,,,1131231,土地1建物1車位0,全,四層,透天厝,住家用,鋼筋混凝土造,0820819,133.39,5,2,3,有,無,7000000,52478,,0.0,0,其他增建；,RPQNMLRKKHKGFFN66DA,133.39,0.0,0.0,無,039
芳苑鄉,房地(土地+建物),彰化縣芳苑鄉工區路２６號,2267.0,,工業區,丁種建築用地,1131218,土地1建物1車位0,全,二層,透天厝,辦公用,鋼架造,0730605,1180.41,0,0,0,有,無,88000000,74550,,0.0,0,未登記建物；,RPTNMLKKJHKGFGN88DA,1180.41,0.0,0.0,無,
埔鹽鄉,土地,大義段839地號,696.33,,特定農業區,農牧用地,1131210,土地1建物0車位0,,,其他,,,,0.0,0,0,0,無,無,4580000,6577,,0.0,0,未登記建物；,RPUNMLMJJHKGFHN56DA,0.0,0.0,0.0,無,
溪湖鎮,土地,富貴段52地號,138.41,住,,,1131229,土地1建物0車位0,,,其他,,,,0.0,0,0,0,無,無,12880000,93057,,0.0,0,,RPRNMLRKKHKGFHN96DA,0.0,0.0,0.0,無,
彰化市,房地(土地+建物),彰化縣彰化市民族路１８５巷４６號,31.6,住,,,1131230,土地2建物1車位0,一層,五層,公寓(5樓含以下無電梯),住家用,鋼筋混凝土造,0740208,87.25999999999999,3,2,1,有,無,4800000,55008,,0.0,0,其他增建；,RPTOMLMJJHKGFAN48DA,74.35,0.0,0.0,無,
芬園鄉,土地,新芬園段166地號,122.15,,鄉村區,乙種建築用地,1131211,土地1建物0車位0,,,其他,,,,0.0,0,0,0,無,無,3420000,27998,,0.0,0,,RPPNMLKLKHKGFAN08DA,0.0,0.0,0.0,無,
員林市,房地(土地+建物)+車位,彰化縣員林市員林大道四段２０５號三樓之１,28.25,住,,,1131211,土地1建物1車位1,三層,五層,華廈(10層含以下有電梯),住家用,鋼筋混凝土造,1131205,79.23,2,1,1,有,有,8100000,102247,升降機械,0.0,0,土地交易價款新台幣486萬元整建物交易價款新台幣324萬元整預售屋、或土地及建物分件登記案件；,RPWNMLRKKHKGFDN07DA,49.04,0.0,5.6,有,
員林市,房地(土地+建物),彰化縣員林市員林大道四段２０５號三樓之２,28.25,住,,,1131212,土地1建物1車位0,三層,五層,華廈(10層含以下有電梯),住家用,鋼筋混凝土造,1131205,78.17,2,1,1,有,有,8700000,111310,,0.0,0,土地交易價款新台幣522萬元整建物交易價款新台幣348萬元整預售屋、或土地及建物分件登記案件；,RPXNMLRKKHKGFDN17DA,48.52,0.0,5.06,有,
員林市,房地(土地+建物)+車位,彰化縣員林市員林大道四段２０５號四樓之２,28.25,住,,,1131221,土地1建物1車位1,四層,五層,華廈(10層含以下有電梯),住家用,鋼筋混凝土造,1131205,78.17,2,1,1,有,有,8200000,104913,升降機械,0.0,0,土地交易價款新台幣492萬元整建物交易價款新台幣328萬元整預售屋、或土地及建物分件登記案件；,RPOOMLRKKHKGFDN98DA,48.52,0.0,5.06,有,
員林市,房地(土地+建物)+車位,彰化縣員林市員林大道四段２０５號四樓之５,28.25,住,,,1131225,土地1建物1車位1,四層,五層,華廈(10層含以下有電梯),住家用,鋼筋混凝土造,1131205,76.3,2,1,1,有,有,8800000,115334,升降機械,0.0,0,土地交易價款為新台幣528萬元.建物交易價款為新台幣352萬元整預售屋、或土地及建物分件登記案件；,RPQOMLRKKHKGFDN56DA,46.5,0.0,5.21,有,
大村鄉,土地,村上段700地號,3.77,,鄉村區,乙種建築用地,1131223,土地1建物0車位0,,,其他,,,,0.0,0,0,0,無,無,102600,27215,,0.0,0,親友、員工、共有人或其他特殊關係間之交易；,RPQNMLLLKHKGFDN58DA,0.0,0.0,0.0,無,040
秀水鄉,土地,秀水段1277-1地號,299.0,,鄉村區,乙種建築用地,1131210,土地1建物0車位0,,,其他,,,,0.0,0,0,0,無,無,8140275,27225,,0.0,0,,RPSNMLLLKHKGFAN48DA,0.0,0.0,0.0,無,
社頭鄉,房地(土地+建物),彰化縣社頭鄉員集路三段５４號,85.86,,鄉村區,乙種建築用地,1131224,土地1建物1車位0,全,一層,透天厝,商業用,磚造,0640110,59.85,5,2,2,有,無,4380000,73183,,0.0,0,含土地增值稅或其他稅費52150元；未登記建物；,RPPNMLMLKHKGFEN68DA,59.85,0.0,0.0,無,
埤頭鄉,土地,中和段897地號,839.67,,鄉村區,乙種建築用地,1131230,土地1建物0車位0,,,其他,,,,0.0,0,0,0,無,無,15240000,18150,,0.0,0,,RPSOMLKMKIJGFFN09DA,0.0,0.0,0.0,無,
溪州鄉,土地,復興段675-1地號,0.83,都市：其他:道路用地,,,1131216,土地1建物0車位0,,,其他,,,,0.0,0,0,0,無,無,34149,0,,0.0,0,包含公共設施保留地用地；協議價購；,RPPNMLTKJHKGFFN66DA,0.0,0.0,0.0,無,018
溪州鄉,土地,復興段732地號,8.23,都市：其他:道路用地,,,1131216,土地1建物0車位0,,,其他,,,,0.0,0,0,0,無,無,339246,41221,,0.0,0,包含公共設施保留地用地；協議價購；,RPVNMLTKJHKGFFN27DA,0.0,0.0,0.0,無,020
二林鎮,土地,東興段963地號,2388.07,,特定農業區,農牧用地,1131205,土地1建物0車位0,,,其他,,,,0.0,0,0,0,無,無,2770157,1160,,0.0,0,,RPPNMLOLKHKGFGN09DA,0.0,0.0,0.0,無,
芳苑鄉,土地,芳街段881地號,688.84,,一般農業區,農牧用地,1131225,土地1建物0車位0,,,其他,,,,0.0,0,0,0,無,無,1238400,1798,,0.0,0,,RPQNMLPLKHKGFGN66DA,0.0,0.0,0.0,無,043
埔心鄉,土地,羅厝段27地號,226.56,農,,,1131210,土地2建物0車位0,,,其他,,,,0.0,0,0,0,無,無,1610000,7106,,0.0,0,,RPQNMLLKKHKGFHN88DA,0.0,0.0,0.0,無,044
埔心鄉,土地,羅厝段28-4地號,894.85,農,,,1131210,土地1建物0車位0,,,其他,,,,0.0,0,0,0,無,無,10432310,11658,,0.0,0,,RPRNMLLKKHKGFHN98DA,0.0,0.0,0.0,無,
溪湖鎮,房地(土地+建物)+車位,彰化縣溪湖鎮頂新五街５８號十二樓之１,18.76,住,,,1131208,土地4建物1車位1,十二層,十三層,住宅大樓(11層含以上有電梯),住家用,鋼筋混凝土造,1111229,95.39,2,2,1,有,有,8080000,84705,坡道機械,0.0,0,,RPTNMLLKKHKGFHN56DA,50.15,2.41,4.88,有,045
北斗鎮,房地(土地+建物),彰化縣北斗鎮復興路３５３號,4830.75,工,,,1131230,土地9建物1車位0,全,一層,透天厝,商業用,鋼骨造,0950704,428.25,0,0,0,無,無,89656770,209356,,0.0,0,,RPPNMLNKKHKGFFN88EA,428.25,0.0,0.0,無,046
彰化市,房地(土地+建物),彰化縣彰化市民族路１８５巷５４號三樓,31.8,住,,,1131228,土地2建物1車位0,三層,五層,公寓(5樓含以下無電梯),住家用,鋼筋混凝土造,0740208,95.99,3,2,2,有,無,4800000,50005,,0.0,0,陽台外推；其他增建；,RPPNMLSLKIJGFAN88DA,74.35,0.0,8.75,無,047
彰化市,房地(土地+建物),彰化縣彰化市彰鹿路１０７巷１９號七樓,29.0,工,,,1131206,土地3建物1車位0,七層,八層,華廈(10層含以下有電梯),辦公用,鋼筋混凝土造,0811217,108.86999999999999,2,1,2,有,有,4860000,44640,,0.0,0,,RPWNMLKKKHKGFAN68DA,80.88,0.0,2.0,有,
彰化市,房地(土地+建物),彰化縣彰化市自強路３４６巷１７號,135.0,住,,,1131226,土地2建物1車位0,全,五層,透天厝,住家用,鋼筋混凝土造,0941018,239.87,5,2,4,有,無,22800000,95051,,0.0,0,,RPSOMLKLKHKGFAN48DA,220.47,0.0,19.4,無,
彰化市,土地,南郭段南郭小段386-31地號,16.5,都市：其他:住宅區,,,1131220,土地3建物0車位0,,,其他,,,,0.0,0,0,0,無,無,3370000,204242,,0.0,0,親友、員工、共有人或其他特殊關係間之交易；,RPQNMLOLKHKGFAN58DA,0.0,0.0,0.0,無,
和美鎮,土地,忠明段981-1地號,144.0,,特定農業區,交通用地,1131218,土地1建物0車位0,,,其他,,,,0.0,0,0,0,無,無,1627200,11300,,0.0,0,協議價購；,RPPNMLKLKHKGFBN18DA,0.0,0.0,0.0,無,
和美鎮,土地,犁盛段51-1地號,53.04,,特定農業區,交通用地,1131218,土地3建物0車位0,,,其他,,,,0.0,0,0,0,無,無,582030,10973,,0.0,0,協議價購；,RPSNMLKLKHKGFBN48DA,0.0,0.0,0.0,無,
和美鎮,土地,犁盛段56-1地號,13.93,,特定農業區,交通用地,1131218,土地1建物0車位0,,,其他,,,,0.0,0,0,0,無,無,151837,10900,,0.0,0,協議價購；,RPTNMLKLKHKGFBN58DA,0.0,0.0,0.0,無,
和美鎮,土地,犁盛段61-1地號,280.25,,特定農業區,交通用地,1131218,土地2建物0車位0,,,其他,,,,0.0,0,0,0,無,無,3107931,11090,,0.0,0,協議價購；,RPUNMLKLKHKGFBN68DA,0.0,0.0,0.0,無,
員林市,土地,民生段211地號,100.0,都市：其他:道路用地,,,1131223,土地2建物0車位0,,,其他,,,,0.0,0,0,0,無,無,4873250,48733,,0.0,0,包含公共設施保留地用地；,RPPOMLMKKHKGFDN58DA,0.0,0.0,0.0,無,048
員林市,房地(土地+建物),彰化縣員林市永昌街１００號,60.0,住,,,1131224,土地1建物1車位0,全,四層,透天厝,住家用,鋼筋混凝土造,0700903,180.0,4,3,4,有,無,13000000,72222,,0.0,0,親友、員工、共有人或其他特殊關係間之交易；,RPOOMLOLKHKGFDN78DA,180.0,0.0,0.0,無,049
員林市,土地,民生段205地號,72.55,都市：其他:道路用地,,,1131223,土地1建物0車位0,,,其他,,,,0.0,0,0,0,無,無,3427988,47250,,0.0,0,包含公共設施保留地用地；,RPQOMLOLKHKGFDN98DA,0.0,0.0,0.0,無,050
溪州鄉,土地,復興段732地號,8.23,都市：其他:道路用地,,,1131216,土地1建物0車位0,,,其他,,,,0.0,0,0,0,無,無,339246,41221,,0.0,0,包含公共設施保留地用地；協議價購；,RPPNMLKLJHKGFFN48DA,0.0,0.0,0.0,無,020
溪州鄉,土地,復興段732地號,8.23,都市：其他:道路用地,,,1131216,土地1建物0車位0,,,其他,,,,0.0,0,0,0,無,無,339246,41221,,0.0,0,包含公共設施保留地用地；協議價購；,RPQNMLKLJHKGFFN58DA,0.0,0.0,0.0,無,020
二林鎮,房地(土地+建物),彰化縣二林鎮仁愛路２８號,77.18,住,,,1131231,土地1建物1車位0,全,三層,透天厝,住商用,鋼筋混凝土造,0960705,157.62,4,2,3,有,無,8500000,53927,,0.0,0,含未辦保存登記建物,RPTNMLOLKHKGFGN86DA,144.94,0.0,12.68,無,
芳苑鄉,土地,芳街段881地號,688.84,,一般農業區,農牧用地,1131225,土地1建物0車位0,,,其他,,,,0.0,0,0,0,無,無,1900000,2758,,0.0,0,,RPPNMLPLKHKGFGN56DA,0.0,0.0,0.0,無,043
田尾鄉,土地,和平段1322地號,6559.0,,特定農業區,農牧用地,1131215,土地2建物0車位0,,,其他,,,,0.0,0,0,0,無,無,26912760,4103,,0.0,0,,RPPNMLOLKHKGFFN09EA,0.0,0.0,0.0,無,
芳苑鄉,房地(土地+建物),彰化縣芳苑鄉安家新３街４號,83.42,,一般農業區,甲種建築用地,1131217,土地2建物1車位0,全,三層,透天厝,住家用,鋼筋混凝土造,0920507,140.85,3,1,2,有,無,3400000,24139,,0.0,0,,RPPNMLOLKHKGFGN56EA,124.39,0.0,16.46,無,
彰化市,房地(土地+建物),彰化縣彰化市南瑤路３７９號,66.0,都市：其他:住宅區,,,1131220,土地5建物1車位0,全,四層,透天厝,住家用,鋼筋混凝土造,0720927,128.38,8,4,9,有,無,7370000,57408,,0.0,0,親友、員工、共有人或其他特殊關係間之交易；,RPRNMLOLKHKGFAN68DA,128.38,0.0,0.0,無,
伸港鄉,土地,伸同段36-1地號,235.0,住,,,1131122,土地1建物0車位0,,,其他,,,,0.0,0,0,0,無,無,11680000,49702,,0.0,0,,RPVNMLKKKHKGFBN68DA,0.0,0.0,0.0,無,054
鹿港鎮,土地,鹿犁段908-10地號,102.37,,一般農業區,丁種建築用地,1131118,土地3建物0車位0,,,其他,,,,0.0,0,0,0,無,無,4030000,39367,,0.0,0,,RPRNMLRJJHKGFCN88DA,0.0,0.0,0.0,無,055
埤頭鄉,土地,大湖段237地號,390.25,,鄉村區,乙種建築用地,1131115,土地1建物0車位0,,,其他,,,,0.0,0,0,0,無,無,4880000,12505,,0.0,0,未登記建物；,RPQNMLSKKHKGFFN76DA,0.0,0.0,0.0,無,
大村鄉,房地(土地+建物),彰化縣大村鄉南勢巷２弄１６號,139.7,農,,,1131125,土地5建物1車位0,全,三層,透天厝,住家用,鋼筋混凝土造,0950411,143.93,4,2,2,有,無,9600000,66699,,0.0,0,未登記建物；,RPTNMLNKKHKGFDN98DA,143.93,0.0,0.0,無,
埔心鄉,土地,太平東段1712-3地號,58.1,,鄉村區,乙種建築用地,1131129,土地1建物0車位0,,,其他,,,,0.0,0,0,0,無,無,1094922,18845,,0.0,0,,RPRNMLOLJHKGFHN66DA,0.0,0.0,0.0,無,
芬園鄉,房地(土地+建物),彰化縣芬園鄉彰南路四段７１０之１３號,94.99,,鄉村區,乙種建築用地,1131107,土地2建物1車位0,全,四層,透天厝,住家用,鋼筋混凝土造,1120719,172.86,5,2,4,有,無,13000000,75205,,0.0,0,,RPVOMLMJJHKGFAN68DA,168.19,0.0,4.67,無,056
二林鎮,房地(土地+建物),彰化縣二林鎮金山巷１６號,287.27,住,,,1131101,土地2建物1車位0,全,二層,透天厝,住家用,加強磚造,0670113,111.21,4,1,2,有,無,10800000,97114,,0.0,0,,RPTNMLQJJHKGFGN76DA,104.9,0.0,6.31,無,
芳苑鄉,土地,芳埤段353-1地號,157.83,,鄉村區,乙種建築用地,1131113,土地1建物0車位0,,,其他,,,,0.0,0,0,0,無,無,315907,2002,,0.0,0,地清或未辦繼承標售；,RPPNMLTKKHKGFGN96EA,0.0,0.0,0.0,無,
員林市,房地(土地+建物),彰化縣員林市員林大道六段１５８號,135.13,住,,,1131115,土地1建物1車位0,全,四層,透天厝,住商用,鋼筋混凝土造,1131008,280.78,4,3,6,有,無,33000000,117530,,0.0,0,陽台外推；其他增建；,RPROMLKKKHKGFDN58DA,256.99,0.0,23.79,有,
埔心鄉,土地,太平東段1043地號,540.28,,鄉村區,乙種建築用地,1131122,土地1建物0車位0,,,其他,,,,0.0,0,0,0,無,無,20000000,37018,,0.0,0,,RPPNMLQJJHKGFHN09DA,0.0,0.0,0.0,無,
埔心鄉,土地,羅厝段563地號,1622.84,農,,,1131116,土地2建物0車位0,,,其他,,,,0.0,0,0,0,無,無,6980000,4301,,0.0,0,,RPTNMLNJKHKGFHN66DA,0.0,0.0,0.0,無,
芬園鄉,土地,嘉北段1449地號,306.0,,特定農業區,農牧用地,1131107,土地1建物0車位0,,,其他,,,,0.0,0,0,0,無,無,3887730,12705,,0.0,0,農作物；,RPROMLLKKHKGFAN38DA,0.0,0.0,0.0,無,
彰化市,土地,阿夷段柴坑子小段584地號,2972.0,,特定農業區,農牧用地,1131110,土地2建物0車位0,,,其他,,,,0.0,0,0,0,無,無,60850000,20474,,0.0,0,農作物；,RPVNMLLLKHKGFAN78DA,0.0,0.0,0.0,無,
彰化市,土地,阿夷段柴坑子小段586地號,4403.0,,特定農業區,農牧用地,1131110,土地3建物0車位0,,,其他,,,,0.0,0,0,0,無,無,90150000,20475,,0.0,0,農作物；,RPWNMLLLKHKGFAN88DA,0.0,0.0,0.0,無,
溪州鄉,房地(土地+建物),彰化縣溪州鄉登山路二段２３號,402.35,,鄉村區,乙種建築用地,1131113,土地1建物1車位0,全,一層,透天厝,工業用,鋼筋混凝土加強磚造,0511220,209.51,1,1,1,有,無,8770000,41860,,0.0,0,,RPRNMLLLKHKGFFN88DA,209.51,0.0,0.0,無,
彰化市,房地(土地+建物),彰化縣彰化市互助一街５巷４８號,115.78,,山坡地保育區,特定目的事業用地,1131011,土地1建物1車位0,全,二層,透天厝,住家用,加強磚造,0770728,110.16,4,3,2,有,無,9600000,87146,,0.0,0,頂樓加蓋；其他增建；,RPUNMLNKKHKGFAN78DA,110.16,0.0,0.0,無,
田尾鄉,土地,芳富段1158-1地號,2317.14,工,,,1131025,土地4建物0車位0,,,其他,,,,0.0,0,0,0,無,無,103737640,44770,,0.0,0,,RPOOMLRJKHKGFFN09DA,0.0,0.0,0.0,無,
埔心鄉,土地,五通段246-1地號,401.07,,鄉村區,乙種建築用地,1131021,土地2建物0車位0,,,其他,,,,0.0,0,0,0,無,無,7270000,18127,,0.0,0,未登記建物；,RPUNMLRKKHKGFHN27DA,0.0,0.0,0.0,無,057
埔心鄉,土地,五通段249地號,392.36,,特定農業區,農牧用地,1131021,土地1建物0車位0,,,其他,,,,0.0,0,0,0,無,無,5730000,14604,,0.0,0,,SPUNMLRKKHKGFHN37DA,0.0,0.0,0.0,無,
伸港鄉,土地,新興段453地號,2551.85,,一般農業區,農牧用地,1131023,土地4建物0車位0,,,其他,,,,0.0,0,0,0,無,無,10500000,4115,,0.0,0,,RPUNMLSKKHKGFBN76DA,0.0,0.0,0.0,無,
福興鄉,土地,福鹿段1912-3地號,169.8,,鄉村區,乙種建築用地,1131025,土地2建物0車位0,,,其他,,,,0.0,0,0,0,無,無,3220000,18963,,0.0,0,,RPPNMLKLKHKGFCN28DA,0.0,0.0,0.0,無,058
社頭鄉,房地(土地+建物),彰化縣社頭鄉山腳路一段１６２號,107.61,,鄉村區,乙種建築用地,1131028,土地1建物1車位0,全,三層,透天厝,住家用,鋼筋混凝土造,0820121,155.44,2,1,3,有,無,5800000,37313,,0.0,0,,RPSNMLTKKHKGFEN96DA,155.44,0.0,0.0,無,
北斗鎮,土地,光復段1711地號,13.57,商,,,1131026,土地3建物0車位0,,,其他,,,,0.0,0,0,0,無,無,1047600,77200,,0.0,0,,RPPNMLSKKHKGFFN66DA,0.0,0.0,0.0,無,059
彰化市,房地(土地+建物),彰化縣彰化市龍涎路６０巷９號,100.88,住,,,1131026,土地1建物1車位0,全,四層,透天厝,其他,鋼筋混凝土造,0800103,301.08000000000004,5,3,4,有,無,14280000,47429,,0.0,0,地下室可供停車空間使用。其他增建；,RPVNMLTKKHKGFAN86DA,252.86,15.55,0.0,無,
員林市,土地,橋愛段1111-2地號,188.99,住,,,1131022,土地2建物0車位0,,,其他,,,,0.0,0,0,0,無,無,19680000,104132,,0.0,0,,RPXNMLOLKHKGFDN96DA,0.0,0.0,0.0,無,
田中鎮,土地,新民段551-2地號,180.39,住,,,1131017,土地1建物0車位0,,,其他,,,,0.0,0,0,0,無,無,6000000,33261,,0.0,0,,RPPNMLLLKHKGFEN58DA,0.0,0.0,0.0,無,
花壇鄉,土地,溪北段387地號,85.26,,特定農業區,甲種建築用地,1131009,土地1建物0車位0,,,其他,,,,0.0,0,0,0,無,無,2500000,29322,,0.0,0,,RPQNMLLLKHKGFAN38EA,0.0,0.0,0.0,無,060
彰化市,房地(土地+建物),彰化縣彰化市安溪路１９８巷５６之２號,158.01,,山坡地保育區,丙種建築用地,1131029,土地9建物1車位0,全,三層,透天厝,住家用,鋼筋混凝土造,0880205,269.08000000000004,5,2,3,有,無,9000000,33447,,0.0,0,,RPXPMLPKJHKGFAN76DA,166.9,14.88,11.71,無,
永靖鄉,土地,新崙子段590地號,797.08,,特定農業區,農牧用地,1130906,土地1建物0車位0,,,其他,,,,0.0,0,0,0,無,無,2913700,3655,,0.0,0,,RPWNMLOKKHKGFDN76DA,0.0,0.0,0.0,無,061
員林市,房地(土地+建物)+車位,彰化縣員林市員水路二段４６５巷１５弄２２號三樓,35.9,住,,,1130915,土地3建物1車位1,三層,五層,華廈(10層含以下有電梯),住家用,鋼筋混凝土造,0820720,150.76,3,2,2,有,有,6000000,39798,升降機械,0.0,0,,RPVNMLOKKHKGFDN66DA,88.97,0.0,12.34,有,
和美鎮,房地(土地+建物),彰化縣和美鎮東溪路４５巷１７號,68.78,,鄉村區,乙種建築用地,1130906,土地7建物1車位0,全,四層,透天厝,住家用,鋼筋混凝土造,1130829,124.77,5,2,3,有,無,9500000,76140,,0.0,0,,RPSNMLSKKHKGFBN56DA,106.95,0.0,17.82,無,
永靖鄉,土地,福中段565地號,688.52,,鄉村區,乙種建築用地,1130918,土地1建物0車位0,,,其他,,,,0.0,0,0,0,無,無,3800000,5519,,0.0,0,未登記建物；,RPPNMLMLKHKGFDN58DA,0.0,0.0,0.0,無,062
北斗鎮,房地(土地+建物),彰化縣北斗鎮光復路４６６巷５號,106.6,住,,,1130820,土地3建物1車位0,全,二層,透天厝,住家用,加強磚造,0700702,111.43,4,2,2,有,無,5900000,52948,,0.0,0,本件依土地法第34條之1規定辦理買賣其他增建；,RPTNMLRKJHKGFFN86DA,111.43,0.0,0.0,無,
彰化市,房地(土地+建物),彰化縣彰化市中山路二段７６３號,62.0,住,,,1130819,土地1建物1車位0,全,二層,透天厝,住家用,鋼筋混凝土加強磚造,0500125,98.56,2,2,2,有,無,9500000,96388,,0.0,0,親友、員工、共有人或其他特殊關係間之交易；,RPPNMLSJJIJGFAN58DA,94.91,3.65,0.0,無,
永靖鄉,土地,東興段986地號,318.24,,特定農業區,農牧用地,1130720,土地1建物0車位0,,,其他,,,,0.0,0,0,0,無,無,4680000,14706,,0.0,0,未登記建物；,RPSNMLNJKHKGFDN78DA,0.0,0.0,0.0,無,
彰化市,房地(土地+建物),彰化縣彰化市彰草路３６０巷２９號,182.7,農,,,1130709,土地4建物1車位0,全,四層,透天厝,住家用,鋼筋混凝土造,1130522,278.37,5,2,5,有,有,34500000,123936,,0.0,0,,RPQNMLLLJHKGFAN18DA,260.05,0.0,17.05,有,
田中鎮,土地,崁頂段846地號,925.99,,特定農業區,農牧用地,1130608,土地2建物0車位0,,,其他,,,,0.0,0,0,0,無,無,14500000,15659,,0.0,0,,RPTNMLKLKHKGFEN88DA,0.0,0.0,0.0,無,
田中鎮,房地(土地+建物),彰化縣田中鎮中南路三段２８６巷７２之８號,86.61,住,,,1130415,土地2建物1車位0,全,三層,透天厝,住家用,鋼筋混凝土造,1130909,174.58,4,3,3,有,無,11700000,67018,,0.0,0,預售屋、或土地及建物分件登記案件；,RPQNMLLLKHKGFEN68DA,163.54,0.0,11.04,無,
芬園鄉,土地,富山段308地號,2482.28,,山坡地保育區,農牧用地,1121208,土地1建物0車位0,,,其他,,,,0.0,0,0,0,無,無,2750000,1108,,0.0,0,,RPROMLLMKIJGFAN58DA,0.0,0.0,0.0,無,
溪湖鎮,房地(土地+建物),彰化縣溪湖鎮大公十三街６６號七樓之１,37.27,住,,,1111214,土地1建物1車位0,七層,七層,華廈(10層含以下有電梯),住家用,鋼筋混凝土造,1131115,92.86,2,1,2,有,有,7500000,80767,,0.0,0,預售屋、或土地及建物分件登記案件；,RPPNMLKLKHKGFHN78DA,60.57,0.0,6.92,有,
溪湖鎮,房地(土地+建物),彰化縣溪湖鎮大公十三街６６號七樓之２,37.27,住,,,1111214,土地1建物1車位0,七層,七層,華廈(10層含以下有電梯),住家用,鋼筋混凝土造,1131115,92.54,2,1,2,有,有,7500000,81046,,0.0,0,預售屋、或土地及建物分件登記案件；,RPQNMLKLKHKGFHN88DA,60.45,0.0,6.72,有,
溪湖鎮,房地(土地+建物),彰化縣溪湖鎮大公十三街６６號六樓之２,37.27,住,,,1111214,土地1建物1車位0,六層,七層,華廈(10層含以下有電梯),住家用,鋼筋混凝土造,1131115,92.54,2,1,2,有,有,7500000,81046,,0.0,0,預售屋、或土地及建物分件登記案件；,RPRNMLKLKHKGFHN98DA,60.45,0.0,6.72,有,
北斗鎮,房地(土地+建物),彰化縣北斗鎮文苑路一段２９０號二樓之６,37.43,住,,,1111106,土地1建物1車位0,二層,五層,華廈(10層含以下有電梯),住家用,鋼筋混凝土造,1130801,108.75,3,2,2,有,有,6000000,55172,,0.0,0,預售屋、或土地及建物分件登記案件；,RPXNMLKLJIJGFFN66DA,74.35,0.0,3.73,有,
秀水鄉,房地(土地+建物),彰化縣秀水鄉花秀路３０號,94.74,農,,,1111009,土地2建物1車位0,全,四層,透天厝,住家用,鋼筋混凝土造,1130909,180.6,5,3,4,有,無,14300000,79181,,0.0,0,預售屋、或土地及建物分件登記案件；,RPSNMLRKJHKGFAN88DA,174.63,0.0,5.97,無,
秀水鄉,土地,秀安段644地號,70.0,農,,,1111009,土地4建物0車位0,,,其他,,,,0.0,0,0,0,無,無,1200000,17143,,0.0,0,,SPSNMLRKJHKGFAN98DA,0.0,0.0,0.0,無,063
秀水鄉,房地(土地+建物),彰化縣秀水鄉花秀路３２之１號,76.24,農,,,1110603,土地2建物1車位0,全,四層,透天厝,住家用,鋼筋混凝土造,1130909,194.71,5,3,4,有,無,11840000,60808,,0.0,0,預售屋、或土地及建物分件登記案件；,RPTNMLRKJHKGFAN98DA,182.9,0.0,11.81,無,
秀水鄉,土地,秀安段643-1地號,31.92,農,,,1110603,土地3建物0車位0,,,其他,,,,0.0,0,0,0,無,無,360000,11278,,0.0,0,,SPTNMLRKJHKGFAN09DA,0.0,0.0,0.0,無,063
秀水鄉,房地(土地+建物),彰化縣秀水鄉花秀路３２之３號,181.67,農,,,1110614,土地2建物1車位0,全,四層,透天厝,住家用,鋼筋混凝土造,1130909,202.98,5,3,6,有,無,15430000,76017,,0.0,0,預售屋、或土地及建物分件登記案件；,RPOOMLRKJHKGFAN58DA,196.7,0.0,6.28,無,
秀水鄉,土地,秀安段642地號,5.07,農,,,1110614,土地2建物0車位0,,,其他,,,,0.0,0,0,0,無,無,70000,13807,,0.0,0,,SPOOMLRKJHKGFAN68DA,0.0,0.0,0.0,無,063
秀水鄉,房地(土地+建物),彰化縣秀水鄉花秀路３０之１號,64.34,農,,,1110407,土地2建物1車位0,全,四層,透天厝,住家用,鋼筋混凝土造,1130909,171.03,4,3,4,有,無,11540000,67474,,0.0,0,預售屋、或土地及建物分件登記案件；,RPRNMLRKJHKGFAN78DA,162.15,0.0,8.88,無,
秀水鄉,土地,秀安段643-2地號,48.26,農,,,1110407,土地4建物0車位0,,,其他,,,,0.0,0,0,0,無,無,760000,15748,,0.0,0,,SPRNMLRKJHKGFAN88DA,0.0,0.0,0.0,無,063
秀水鄉,房地(土地+建物),彰化縣秀水鄉花秀路３０之２號,78.23,農,,,1110403,土地2建物1車位0,全,四層,透天厝,住家用,鋼筋混凝土造,1130909,178.78,4,3,4,有,無,11650000,65164,,0.0,0,預售屋、或土地及建物分件登記案件；,RPRNMLMJJHKGFAN18DA,170.9,0.0,7.88,無,
秀水鄉,土地,秀安段643-3地號,30.42,農,,,1110403,土地3建物0車位0,,,其他,,,,0.0,0,0,0,無,無,350000,11506,,0.0,0,,SPRNMLMJJHKGFAN28DA,0.0,0.0,0.0,無,063
秀水鄉,房地(土地+建物),彰化縣秀水鄉花秀路３０之３號,93.0,農,,,1110402,土地2建物1車位0,全,四層,透天厝,住家用,鋼筋混凝土造,1130909,182.91,5,3,4,有,無,12060000,65934,,0.0,0,預售屋、或土地及建物分件登記案件；,RPSOMLRKJHKGFAN98DA,175.46,0.0,7.45,無,
秀水鄉,土地,秀安段642-1地號,38.54,農,,,1110402,土地3建物0車位0,,,其他,,,,0.0,0,0,0,無,無,440000,11417,,0.0,0,,SPSOMLRKJHKGFAN09DA,0.0,0.0,0.0,無,063
埔鹽鄉,房地(土地+建物)+車位,彰化縣埔鹽鄉員鹿路三段２４３號五樓之１,26.51,,鄉村區,乙種建築用地,1110302,土地2建物1車位1,五層,七層,華廈(10層含以下有電梯),住家用,鋼筋混凝土造,1131112,82.97999999999999,2,1,1,有,無,5000000,62694,升降機械,12.0,550000,預售屋、或土地及建物分件登記案件；,RPPNMLTKKHKGFHN96DA,50.38,0.0,4.38,有,
埔鹽鄉,房地(土地+建物)+車位,彰化縣埔鹽鄉員鹿路三段２４３號六樓之３,35.7,,鄉村區,乙種建築用地,1110125,土地2建物1車位1,六層,七層,華廈(10層含以下有電梯),住家用,鋼筋混凝土造,1131112,117.35,3,2,2,有,無,7050000,61353,一樓平面,22.0,1200000,預售屋、或土地及建物分件登記案件；,RPQNMLTKKHKGFHN07DA,69.34,0.0,4.25,有,
和美鎮,房地(土地+建物)+車位,彰化縣和美鎮彰美路三段４００號三樓之３,33.81,,鄉村區,乙種建築用地,1101207,土地2建物1車位1,三層,十層,華廈(10層含以下有電梯),住家用,鋼筋混凝土造,1131024,156.78,3,2,2,有,有,9280000,59191,坡道平面,0.0,0,原簽約人讓與人郭OO於113年08月16日讓渡受讓人李OO 平轉預售屋、或土地及建物分件登記案件；,RPROMLPJKHKGFBN78DA,78.87,0.0,6.31,有,
和美鎮,房地(土地+建物)+車位,彰化縣和美鎮彰美路三段３９６號七樓之５,33.81,,鄉村區,乙種建築用地,1101205,土地2建物1車位1,七層,十層,華廈(10層含以下有電梯),住家用,鋼筋混凝土造,1131024,156.06,3,2,2,有,有,9660000,61899,坡道平面,0.0,0,預售屋、或土地及建物分件登記案件；,RPVTMLLKOHJGFBN07DA,78.29,0.0,6.33,有,
和美鎮,房地(土地+建物)+車位,彰化縣和美鎮彰美路三段３９６號四樓之７,34.48,,鄉村區,乙種建築用地,1101214,土地2建物1車位1,四層,十層,華廈(10層含以下有電梯),住家用,鋼筋混凝土造,1131024,159.26,3,2,2,有,有,9710000,60969,坡道平面,0.0,0,原簽約人讓與人宋OO張OO於113年03月14日讓渡受讓人宋OO 平轉預售屋、或土地及建物分件登記案件；,RPUNMLOJJHKGFBN78DA,80.04,0.0,6.81,有,
和美鎮,房地(土地+建物)+車位,彰化縣和美鎮彰美路三段３９２號四樓之２,36.03,,鄉村區,乙種建築用地,1101113,土地2建物1車位2,四層,十層,華廈(10層含以下有電梯),住家用,鋼筋混凝土造,1131024,197.23000000000002,3,2,2,有,有,10050000,50956,坡道平面,0.0,0,於112.02.23加購車位編號58車位價款130萬元整預售屋、或土地及建物分件登記案件；,RPQOMLPJKHKGFBN68DA,82.87,0.0,7.93,有,
和美鎮,房地(土地+建物)+車位,彰化縣和美鎮彰美路三段３９６號四樓之３,33.81,,鄉村區,乙種建築用地,1101121,土地2建物1車位1,四層,十層,華廈(10層含以下有電梯),住家用,鋼筋混凝土造,1131024,156.78,3,2,2,有,有,9210000,58745,坡道平面,0.0,0,預售屋、或土地及建物分件登記案件；,RPRSMLLKOHJGFBN56DA,78.87,0.0,6.31,有,
和美鎮,房地(土地+建物)+車位,彰化縣和美鎮彰美路三段３９６號五樓之７,34.48,,鄉村區,乙種建築用地,1101107,土地2建物1車位1,五層,十層,華廈(10層含以下有電梯),住家用,鋼筋混凝土造,1131024,159.26,3,2,2,有,有,9880000,62037,坡道平面,0.0,0,預售屋、或土地及建物分件登記案件；,RPPWMLLKOHJGFBN76DA,80.04,0.0,6.81,有,
和美鎮,房地(土地+建物)+車位,彰化縣和美鎮彰美路三段３９６號八樓之３,33.81,,鄉村區,乙種建築用地,1101016,土地2建物1車位1,八層,十層,華廈(10層含以下有電梯),住家用,鋼筋混凝土造,1131024,156.78,3,2,2,有,有,9700000,61870,坡道平面,0.0,0,預售屋、或土地及建物分件登記案件；,RPVSMLLKOHJGFBN96DA,78.87,0.0,6.31,有,
和美鎮,房地(土地+建物)+車位,彰化縣和美鎮彰美路三段３９６號四樓之１,34.08,,鄉村區,乙種建築用地,1101001,土地2建物1車位2,四層,十層,華廈(10層含以下有電梯),住家用,鋼筋混凝土造,1131024,190.01999999999998,3,2,2,有,有,10260000,53994,坡道平面,0.0,0,預售屋、或土地及建物分件登記案件；,RPSQMLLKOHJGFBN09DA,79.7,0.0,6.16,有,
和美鎮,房地(土地+建物)+車位,彰化縣和美鎮彰美路三段３９６號五樓之３,33.81,,鄉村區,乙種建築用地,1101015,土地2建物1車位1,五層,十層,華廈(10層含以下有電梯),住家用,鋼筋混凝土造,1131024,156.78,3,2,2,有,有,9330000,59510,坡道平面,0.0,0,原簽約人讓與人謝OO於111年05月26日讓渡受讓人黃OO 平轉預售屋、或土地及建物分件登記案件；,RPTNMLOJJHKGFBN68DA,78.87,0.0,6.31,有,
和美鎮,房地(土地+建物)+車位,彰化縣和美鎮彰美路三段４００號四樓之１,34.08,,鄉村區,乙種建築用地,1101001,土地2建物1車位1,四層,十層,華廈(10層含以下有電梯),住家用,鋼筋混凝土造,1131024,157.95,3,2,2,有,有,9360000,59259,坡道平面,0.0,0,預售屋、或土地及建物分件登記案件；,RPORMLMKOHJGFBN88DA,79.7,0.0,6.16,有,
和美鎮,房地(土地+建物)+車位,彰化縣和美鎮彰美路三段４００號四樓之７,34.48,,鄉村區,乙種建築用地,1101001,土地2建物1車位2,四層,十層,華廈(10層含以下有電梯),住家用,鋼筋混凝土造,1131024,191.33999999999997,3,2,2,有,有,10630000,55556,坡道平面,0.0,0,預售屋、或土地及建物分件登記案件；,RPSWMLMKOHJGFBN17DA,80.04,0.0,6.81,有,
和美鎮,房地(土地+建物)+車位,彰化縣和美鎮彰美路三段３９６號七樓之３,33.81,,鄉村區,乙種建築用地,1101017,土地2建物1車位1,七層,十層,華廈(10層含以下有電梯),住家用,鋼筋混凝土造,1131024,156.78,3,2,2,有,有,9600000,61232,坡道平面,0.0,0,預售屋、或土地及建物分件登記案件；,RPUSMLLKOHJGFBN86DA,78.87,0.0,6.31,有,
和美鎮,房地(土地+建物)+車位,彰化縣和美鎮彰美路三段３９６號六樓之３,33.81,,鄉村區,乙種建築用地,1101015,土地2建物1車位1,六層,十層,華廈(10層含以下有電梯),住家用,鋼筋混凝土造,1131024,156.78,3,2,2,有,有,9580000,61105,坡道平面,0.0,0,原簽約人讓與人姚OO於111年09月19日讓渡受讓人林OO 讓渡金額新台幣1058萬元整預售屋、或土地及建物分件登記案件；,RPQQMLOJJHKGFBN68DA,78.87,0.0,6.31,有,
和美鎮,房地(土地+建物)+車位,彰化縣和美鎮彰美路三段４００號三樓之５,33.54,,鄉村區,乙種建築用地,1100902,土地2建物1車位2,三層,十層,華廈(10層含以下有電梯),住家用,鋼筋混凝土造,1131024,188.13,3,2,2,有,有,10350000,55015,坡道平面,0.0,0,原簽約人讓與人黃OO李OO於111年05月19日讓渡受讓人林OO 平轉預售屋、或土地及建物分件登記案件；,RPTPMLOJJHKGFBN88DA,78.29,0.0,6.33,有,
和美鎮,房地(土地+建物)+車位,彰化縣和美鎮彰美路三段３９２號七樓之３,36.09,,鄉村區,乙種建築用地,1100925,土地2建物1車位2,七層,十層,華廈(10層含以下有電梯),住家用,鋼筋混凝土造,1131024,197.8,3,2,2,有,有,11450000,57887,坡道平面,0.0,0,預售屋、或土地及建物分件登記案件；,RPUOMLLKOHJGFBN09DA,83.72,0.0,7.49,有,
和美鎮,房地(土地+建物)+車位,彰化縣和美鎮彰美路三段４００號十樓之１,34.08,,鄉村區,乙種建築用地,1100916,土地2建物1車位2,十層,十層,華廈(10層含以下有電梯),住家用,鋼筋混凝土造,1131024,190.01999999999998,3,2,2,有,有,11350000,59731,坡道平面,0.0,0,預售屋、或土地及建物分件登記案件；,RPURMLMKOHJGFBN86DA,79.7,0.0,6.16,有,
和美鎮,房地(土地+建物)+車位,彰化縣和美鎮彰美路三段４００號四樓之２,34.41,,鄉村區,乙種建築用地,1100920,土地2建物1車位1,四層,十層,華廈(10層含以下有電梯),住家用,鋼筋混凝土造,1131024,159.06,3,2,2,有,有,9350000,58783,坡道平面,0.0,0,預售屋、或土地及建物分件登記案件；,RPOSMLMKOHJGFBN98DA,80.58,0.0,6.07,有,
和美鎮,房地(土地+建物)+車位,彰化縣和美鎮彰美路三段４００號四樓之６,34.48,,鄉村區,乙種建築用地,1100922,土地2建物1車位1,四層,十層,華廈(10層含以下有電梯),住家用,鋼筋混凝土造,1131024,159.26,3,2,2,有,有,9230000,57956,坡道平面,0.0,0,預售屋、或土地及建物分件登記案件；,RPSVMLMKOHJGFBN07DA,80.04,0.0,6.81,有,
和美鎮,房地(土地+建物)+車位,彰化縣和美鎮彰美路三段３９２號六樓之２,36.03,,鄉村區,乙種建築用地,1100924,土地2建物1車位2,六層,十層,華廈(10層含以下有電梯),住家用,鋼筋混凝土造,1131024,197.23000000000002,3,2,2,有,有,11680000,59220,坡道平面,0.0,0,預售屋、或土地及建物分件登記案件；,RPRNMLMKQHJGFBN98DA,82.87,0.0,7.93,有,
和美鎮,房地(土地+建物)+車位,彰化縣和美鎮彰美路三段３９６號六樓之６,34.48,,鄉村區,乙種建築用地,1100912,土地2建物1車位2,六層,十層,華廈(10層含以下有電梯),住家用,鋼筋混凝土造,1131024,191.33999999999997,3,2,2,有,有,10980000,57385,坡道平面,0.0,0,預售屋、或土地及建物分件登記案件；,RPPVMLLKOHJGFBN66DA,80.04,0.0,6.81,有,
和美鎮,房地(土地+建物)+車位,彰化縣和美鎮彰美路三段３９６號三樓之１,34.08,,鄉村區,乙種建築用地,1100812,土地2建物1車位1,三層,十層,華廈(10層含以下有電梯),住家用,鋼筋混凝土造,1131024,157.95,3,2,2,有,有,9110000,57676,坡道平面,0.0,0,預售屋、或土地及建物分件登記案件；,RPRQMLLKOHJGFBN98DA,79.7,0.0,6.16,有,
和美鎮,房地(土地+建物)+車位,彰化縣和美鎮彰美路三段３９６號五樓之５,33.81,,鄉村區,乙種建築用地,1100831,土地2建物1車位1,五層,十層,華廈(10層含以下有電梯),住家用,鋼筋混凝土造,1131024,156.06,3,2,2,有,有,9250000,59272,坡道平面,0.0,0,預售屋、或土地及建物分件登記案件；,RPSTMLLKOHJGFBN76DA,78.29,0.0,6.33,有,
和美鎮,房地(土地+建物)+車位,彰化縣和美鎮彰美路三段４００號七樓之６,34.48,,鄉村區,乙種建築用地,1100804,土地2建物1車位1,七層,十層,華廈(10層含以下有電梯),住家用,鋼筋混凝土造,1131024,159.26,3,2,2,有,有,9550000,59965,坡道平面,0.0,0,原簽約人讓與人蔡OO於112年03月14日讓渡受讓人葉OO 讓渡金額新台幣1000萬元整預售屋、或土地及建物分件登記案件；,RPOQMLOJJHKGFBN48DA,80.04,0.0,6.81,有,
和美鎮,房地(土地+建物)+車位,彰化縣和美鎮彰美路三段４００號十樓之６,34.48,,鄉村區,乙種建築用地,1100504,土地2建物1車位1,十層,十層,華廈(10層含以下有電梯),住家用,鋼筋混凝土造,1131024,159.26,3,2,2,有,有,10000000,62790,坡道平面,0.0,0,,RPOWMLMKOHJGFBN76DA,80.04,0.0,6.81,有,
和美鎮,房地(土地+建物)+車位,彰化縣和美鎮彰美路三段３９６號八樓之２,34.41,,鄉村區,乙種建築用地,1100522,土地2建物1車位2,八層,十層,華廈(10層含以下有電梯),住家用,鋼筋混凝土造,1131024,191.14,3,2,2,有,有,10900000,57026,坡道平面,0.0,0,,RPWRMLLKOHJGFBN96DA,80.58,0.0,6.07,有,
和美鎮,房地(土地+建物)+車位,彰化縣和美鎮彰美路三段４００號五樓之１,34.08,,鄉村區,乙種建築用地,1100502,土地2建物1車位1,五層,十層,華廈(10層含以下有電梯),住家用,鋼筋混凝土造,1131024,157.95,3,2,2,有,有,9430000,59702,坡道平面,0.0,0,,RPPRMLMKOHJGFBN98DA,79.7,0.0,6.16,有,
和美鎮,房地(土地+建物)+車位,彰化縣和美鎮彰美路三段４００號七樓之２,34.41,,鄉村區,乙種建築用地,1100530,土地2建物1車位1,七層,十層,華廈(10層含以下有電梯),住家用,鋼筋混凝土造,1131024,159.06,3,2,2,有,有,9830000,61801,坡道平面,0.0,0,,RPRSMLMKOHJGFBN66DA,80.58,0.0,6.07,有,
和美鎮,房地(土地+建物)+車位,彰化縣和美鎮彰美路三段４００號八樓之２,34.41,,鄉村區,乙種建築用地,1100530,土地2建物1車位1,八層,十層,華廈(10層含以下有電梯),住家用,鋼筋混凝土造,1131024,159.06,3,2,2,有,有,9950000,62555,坡道平面,0.0,0,,RPSSMLMKOHJGFBN76DA,80.58,0.0,6.07,有,
和美鎮,房地(土地+建物)+車位,彰化縣和美鎮彰美路三段４００號十樓之７,34.48,,鄉村區,乙種建築用地,1100504,土地2建物1車位2,十層,十層,華廈(10層含以下有電梯),住家用,鋼筋混凝土造,1131024,191.33999999999997,3,2,2,有,有,11250000,58796,坡道平面,0.0,0,,RPONNLMKOHJGFBN58DA,80.04,0.0,6.81,有,
和美鎮,房地(土地+建物)+車位,彰化縣和美鎮彰美路三段３９２號四樓之５,36.3,,鄉村區,乙種建築用地,1100524,土地2建物1車位1,四層,十層,華廈(10層含以下有電梯),住家用,鋼筋混凝土造,1131024,165.98,3,2,2,有,有,9830000,59224,坡道平面,0.0,0,,RPSPMLLKOHJGFBN98DA,83.97,0.0,7.49,有,
和美鎮,房地(土地+建物)+車位,彰化縣和美鎮彰美路三段３９２號三樓之５,36.3,,鄉村區,乙種建築用地,1100414,土地2建物1車位2,三層,十層,華廈(10層含以下有電梯),住家用,鋼筋混凝土造,1131024,198.05,3,2,2,有,有,11180000,56450,坡道平面,0.0,0,,RPRPMLLKOHJGFBN88DA,83.97,0.0,7.49,有,
和美鎮,房地(土地+建物)+車位,彰化縣和美鎮彰美路三段４００號八樓之７,34.48,,鄉村區,乙種建築用地,1100414,土地2建物1車位1,八層,十層,華廈(10層含以下有電梯),住家用,鋼筋混凝土造,1131024,159.26,3,2,2,有,有,9750000,61221,坡道平面,0.0,0,,RPWWMLMKOHJGFBN57DA,80.04,0.0,6.81,有,
和美鎮,房地(土地+建物)+車位,彰化縣和美鎮彰美路三段３９２號八樓之５,36.3,,鄉村區,乙種建築用地,1100310,土地2建物1車位2,八層,十層,華廈(10層含以下有電梯),住家用,鋼筋混凝土造,1131024,196.43,3,2,2,有,有,11450000,58290,坡道平面,0.0,0,,RPWPMLLKOHJGFBN76DA,83.97,0.0,7.49,有,
和美鎮,房地(土地+建物)+車位,彰化縣和美鎮彰美路三段３９８號十樓之１,24.33,,鄉村區,乙種建築用地,1100312,土地2建物1車位1,十層,十層,華廈(10層含以下有電梯),住家用,鋼筋混凝土造,1131024,121.91,2,2,2,有,有,7600000,62341,坡道平面,0.0,0,,RPWNNLLKOHJGFBN66DA,55.86,0.0,5.46,有,
和美鎮,房地(土地+建物)+車位,彰化縣和美鎮彰美路三段３９８號,23.39,,鄉村區,乙種建築用地,1100310,土地2建物1車位1,一層,十層,華廈(10層含以下有電梯),住家用,鋼筋混凝土造,1131024,116.65,2,2,2,有,有,7610000,65238,坡道平面,0.0,0,,RPXNNLLKOHJGFBN76DA,55.84,0.0,3.14,有,
和美鎮,房地(土地+建物)+車位,彰化縣和美鎮彰美路三段３９８號六樓之５,24.26,,鄉村區,乙種建築用地,1100304,土地2建物1車位1,六層,十層,華廈(10層含以下有電梯),住家用,鋼筋混凝土造,1131024,119.96,2,2,2,有,有,6840000,57019,坡道平面,0.0,0,原簽約人讓與人林OO於112年10月19日讓渡受讓人陳OO 平轉,RPPOMLOJJHKGFBN38DA,55.98,0.0,5.18,有,
和美鎮,房地(土地+建物)+車位,彰化縣和美鎮彰美路三段４００號八樓之１,34.08,,鄉村區,乙種建築用地,1100313,土地2建物1車位1,八層,十層,華廈(10層含以下有電梯),住家用,鋼筋混凝土造,1131024,157.95,3,2,2,有,有,9800000,62045,坡道平面,0.0,0,原簽約人讓與人林OO於113年02月29日讓渡受讓人陳OO 讓渡金額新台幣1005萬元整,RPPQMLOJJHKGFBN58DA,79.7,0.0,6.16,有,
和美鎮,房地(土地+建物)+車位,彰化縣和美鎮彰美路三段３９２號二樓之１,36.3,,鄉村區,乙種建築用地,1100308,土地2建物1車位1,二層,十層,華廈(10層含以下有電梯),住家用,鋼筋混凝土造,1131024,166.16000000000003,3,2,2,有,有,9980000,60063,坡道平面,0.0,1200000,,RPPNMLRJOHJGFBN98DA,83.44,0.0,8.04,有,
和美鎮,房地(土地+建物)+車位,彰化縣和美鎮彰美路三段３９２號五樓之２,36.03,,鄉村區,乙種建築用地,1100311,土地2建物1車位2,五層,十層,華廈(10層含以下有電梯),住家用,鋼筋混凝土造,1131024,197.23000000000002,3,2,2,有,有,11550000,58561,坡道平面,0.0,0,,RPSNMLRJOHJGFBN66DA,82.87,0.0,7.93,有,
和美鎮,房地(土地+建物)+車位,彰化縣和美鎮彰美路三段３９２號七樓之１,36.3,,鄉村區,乙種建築用地,1100312,土地2建物1車位2,七層,十層,華廈(10層含以下有電梯),住家用,鋼筋混凝土造,1131024,198.23000000000002,3,2,2,有,有,11650000,58770,坡道平面,0.0,0,,RPXNMLRJOHJGFBN17DA,83.44,0.0,8.04,有,
和美鎮,房地(土地+建物)+車位,彰化縣和美鎮彰美路三段３９６號二樓之１,34.08,,鄉村區,乙種建築用地,1100301,土地2建物1車位1,二層,十層,華廈(10層含以下有電梯),住家用,鋼筋混凝土造,1131024,157.95,3,2,2,有,有,8870000,56157,坡道平面,0.0,0,,RPQQMLLKOHJGFBN88DA,79.7,0.0,6.16,有,
和美鎮,房地(土地+建物)+車位,彰化縣和美鎮彰美路三段３９２號五樓之１,36.3,,鄉村區,乙種建築用地,1100311,土地2建物1車位1,五層,十層,華廈(10層含以下有電梯),住家用,鋼筋混凝土造,1131024,166.16000000000003,3,2,2,有,有,10200000,61387,坡道平面,0.0,0,,RPTNMLRKOHJGFBN86DA,83.44,0.0,8.04,有,
和美鎮,房地(土地+建物)+車位,彰化縣和美鎮彰美路三段４００號六樓之５,33.54,,鄉村區,乙種建築用地,1100305,土地2建物1車位2,六層,十層,華廈(10層含以下有電梯),住家用,鋼筋混凝土造,1131024,188.13,3,2,2,有,有,10610000,56397,坡道平面,0.0,0,原簽約人讓與人陳OO於113年08月13日讓渡受讓人陳OO 平轉,RPVPMLOJJHKGFBN09DA,78.29,0.0,6.33,有,
和美鎮,房地(土地+建物)+車位,彰化縣和美鎮彰美路三段３９６號二樓之３,33.81,,鄉村區,乙種建築用地,1100331,土地2建物1車位1,二層,十層,華廈(10層含以下有電梯),住家用,鋼筋混凝土造,1131024,156.78,3,2,2,有,有,9010000,57469,坡道平面,0.0,0,,RPPSMLLKOHJGFBN98DA,78.87,0.0,6.31,有,
和美鎮,房地(土地+建物)+車位,彰化縣和美鎮彰美路三段３９６號九樓之６,34.48,,鄉村區,乙種建築用地,1100315,土地2建物1車位1,九層,十層,華廈(10層含以下有電梯),住家用,鋼筋混凝土造,1131024,161.37,3,2,2,有,有,10150000,62899,坡道平面,0.0,0,,RPTVMLLKOHJGFBN07DA,80.04,0.0,6.81,有,
和美鎮,房地(土地+建物)+車位,彰化縣和美鎮彰美路三段３９６號七樓之７,34.48,,鄉村區,乙種建築用地,1100307,土地2建物1車位1,七層,十層,華廈(10層含以下有電梯),住家用,鋼筋混凝土造,1131024,159.26,3,2,2,有,有,9950000,62476,坡道平面,0.0,0,,RPRWMLLKOHJGFBN96DA,80.04,0.0,6.81,有,
和美鎮,房地(土地+建物)+車位,彰化縣和美鎮彰美路三段３９８號八樓之１,24.33,,鄉村區,乙種建築用地,1100327,土地2建物1車位1,八層,十層,華廈(10層含以下有電梯),住家用,鋼筋混凝土造,1131024,121.91,2,2,2,有,有,7300000,59880,坡道平面,0.0,0,,RPUNNLLKOHJGFBN09DA,55.86,0.0,5.46,有,
和美鎮,房地(土地+建物)+車位,彰化縣和美鎮彰美路三段３９８號十樓之５,24.26,,鄉村區,乙種建築用地,1100327,土地2建物1車位1,十層,十層,華廈(10層含以下有電梯),住家用,鋼筋混凝土造,1131024,121.58,2,2,2,有,有,7300000,60043,坡道平面,0.0,0,,RPOOMLMKOHJGFBN58DA,55.98,0.0,5.18,有,
和美鎮,房地(土地+建物)+車位,彰化縣和美鎮彰美路三段３９６號二樓之２,34.41,,鄉村區,乙種建築用地,1100301,土地2建物1車位1,二層,十層,華廈(10層含以下有電梯),住家用,鋼筋混凝土造,1131024,159.06,3,2,2,有,有,9000000,56582,坡道平面,0.0,0,原簽約人讓與人林OO於113年08月23日讓渡受讓人黃OO 平轉,RPQNMLOJJHKGFBN38DA,80.58,0.0,6.07,有,
和美鎮,房地(土地+建物)+車位,彰化縣和美鎮彰美路三段３９８號四樓之２,24.26,,鄉村區,乙種建築用地,1100308,土地2建物1車位1,四層,十層,華廈(10層含以下有電梯),住家用,鋼筋混凝土造,1131024,121.58,2,2,2,有,有,6810000,56013,坡道平面,0.0,0,原簽約人讓與人張OO於111年03月29日讓渡受讓人林OO 平轉,RPVNMLOJJHKGFBN88DA,55.98,0.0,5.18,有,
和美鎮,房地(土地+建物)+車位,彰化縣和美鎮彰美路三段３９６號五樓之１,34.08,,鄉村區,乙種建築用地,1100303,土地2建物1車位1,五層,十層,華廈(10層含以下有電梯),住家用,鋼筋混凝土造,1131024,157.95,3,2,2,有,有,9180000,58120,坡道平面,0.0,0,,RPQNMLOKKHKGFBN58DA,79.7,0.0,6.16,有,
和美鎮,房地(土地+建物)+車位,彰化縣和美鎮彰美路三段３９８號十樓之６,24.26,,鄉村區,乙種建築用地,1100320,土地2建物1車位1,十層,十層,華廈(10層含以下有電梯),住家用,鋼筋混凝土造,1131024,121.58,2,2,2,有,有,7300000,60043,坡道平面,0.0,0,,RPOPMLMKOHJGFBN68DA,55.98,0.0,5.18,有,
和美鎮,房地(土地+建物)+車位,彰化縣和美鎮彰美路三段３９８號九樓之６,24.26,,鄉村區,乙種建築用地,1100306,土地2建物1車位1,九層,十層,華廈(10層含以下有電梯),住家用,鋼筋混凝土造,1131024,121.58,2,2,2,有,有,7230000,59467,坡道平面,0.0,0,,RPPPMLMKOHJGFBN78DA,55.98,0.0,5.18,有,
和美鎮,房地(土地+建物)+車位,彰化縣和美鎮彰美路三段４００號五樓之２,34.41,,鄉村區,乙種建築用地,1100328,土地2建物1車位2,五層,十層,華廈(10層含以下有電梯),住家用,鋼筋混凝土造,1131024,191.14,3,2,2,有,有,10710000,56032,坡道平面,0.0,0,,RPPSMLMKOHJGFBN09DA,80.58,0.0,6.07,有,
和美鎮,房地(土地+建物)+車位,彰化縣和美鎮彰美路三段３９８號七樓之６,24.26,,鄉村區,乙種建築用地,1100303,土地2建物1車位1,七層,十層,華廈(10層含以下有電梯),住家用,鋼筋混凝土造,1131024,121.58,2,2,2,有,有,6920000,56917,坡道平面,0.0,0,,RPTOMLOJJHKGFBN78DA,55.98,0.0,5.18,有,
和美鎮,房地(土地+建物)+車位,彰化縣和美鎮彰美路三段４００號八樓之３,33.81,,鄉村區,乙種建築用地,1100303,土地2建物1車位1,八層,十層,華廈(10層含以下有電梯),住家用,鋼筋混凝土造,1131024,156.78,3,2,2,有,有,9470000,60403,坡道平面,0.0,0,原簽約人讓與人施OO施OO於111年09月13日讓渡受讓人詹OO 平轉,RPQPMLOJJHKGFBN58DA,78.87,0.0,6.31,有,
和美鎮,房地(土地+建物)+車位,彰化縣和美鎮彰美路三段４００號九樓之２,33.81,,鄉村區,乙種建築用地,1100326,土地2建物1車位1,九層,十層,華廈(10層含以下有電梯),住家用,鋼筋混凝土造,1131024,156.78,3,2,2,有,有,9680000,61743,坡道平面,0.0,0,原簽約人讓與人黃OO盧OO於113年08月20日讓渡受讓人盧OO 平轉,RPRPMLOJJHKGFBN68DA,78.87,0.0,6.31,有,
和美鎮,房地(土地+建物)+車位,彰化縣和美鎮彰美路三段４００號十樓之３,33.81,,鄉村區,乙種建築用地,1100326,土地2建物1車位1,十層,十層,華廈(10層含以下有電梯),住家用,鋼筋混凝土造,1131024,156.78,3,2,2,有,有,9800000,62508,坡道平面,0.0,0,原簽約人讓與人楊OO於111年08月08日讓渡受讓人黃OO 平轉,RPSPMLOJJHKGFBN78DA,78.87,0.0,6.31,有,
和美鎮,房地(土地+建物)+車位,彰化縣和美鎮彰美路三段４００號五樓之６,34.48,,鄉村區,乙種建築用地,1100320,土地2建物1車位1,五層,十層,華廈(10層含以下有電梯),住家用,鋼筋混凝土造,1131024,159.26,3,2,2,有,有,9380000,58897,坡道平面,0.0,0,原簽約人讓與人陳OO於111年01月14日讓渡受讓人黃OO 平轉,RPXPMLOJJHKGFBN66DA,80.04,0.0,6.81,有,
和美鎮,房地(土地+建物)+車位,彰化縣和美鎮彰美路三段３９２號七樓之２,36.03,,鄉村區,乙種建築用地,1100312,土地2建物1車位2,七層,十層,華廈(10層含以下有電梯),住家用,鋼筋混凝土造,1131024,197.23000000000002,3,2,2,有,有,11380000,57699,坡道平面,0.0,0,,RPUOMLRJOHJGFBN96DA,82.87,0.0,7.93,有,
和美鎮,房地(土地+建物)+車位,彰化縣和美鎮彰美路三段３９２號九樓之５,36.3,,鄉村區,乙種建築用地,1100321,土地2建物1車位2,九層,十層,華廈(10層含以下有電梯),住家用,鋼筋混凝土造,1131024,198.05,3,2,2,有,有,11570000,58420,坡道平面,0.0,0,,RPXPMLLKOHJGFBN86DA,83.97,0.0,7.49,有,
和美鎮,房地(土地+建物)+車位,彰化縣和美鎮彰美路三段３９６之１號,33.47,,鄉村區,乙種建築用地,1100301,土地2建物1車位2,一層,十層,華廈(10層含以下有電梯),住家用,鋼筋混凝土造,1131024,187.47,3,2,2,有,有,11320000,60383,坡道平面,0.0,0,,RPPRMLLKOHJGFBN88DA,80.58,0.0,3.7,有,
和美鎮,房地(土地+建物)+車位,彰化縣和美鎮彰美路三段３９８號八樓之６,24.26,,鄉村區,乙種建築用地,1100309,土地2建物1車位1,八層,十層,華廈(10層含以下有電梯),住家用,鋼筋混凝土造,1131024,121.58,2,2,2,有,有,7230000,59467,坡道平面,0.0,0,,RPWOMLMKOHJGFBN76DA,55.98,0.0,5.18,有,
和美鎮,房地(土地+建物)+車位,彰化縣和美鎮彰美路三段３９２號九樓之２,36.03,,鄉村區,乙種建築用地,1100228,土地2建物1車位1,九層,十層,華廈(10層含以下有電梯),住家用,鋼筋混凝土造,1131024,165.14999999999998,3,2,2,有,有,10650000,64487,坡道平面,0.0,0,,RPUNMLRKOHJGFBN96DA,82.87,0.0,7.93,有,
和美鎮,房地(土地+建物)+車位,彰化縣和美鎮彰美路三段３９８號五樓之６,24.26,,鄉村區,乙種建築用地,1100227,土地2建物1車位1,五層,十層,華廈(10層含以下有電梯),住家用,鋼筋混凝土造,1131024,121.58,2,2,2,有,有,6950000,57164,坡道平面,0.0,0,原簽約人讓與人吳OO於111年03月04日讓渡受讓人蘇OO 平轉,RPSOMLOJJHKGFBN68DA,55.98,0.0,5.18,有,
和美鎮,房地(土地+建物)+車位,彰化縣和美鎮彰美路三段３９８號七樓之１,24.33,,鄉村區,乙種建築用地,1100228,土地2建物1車位1,七層,十層,華廈(10層含以下有電梯),住家用,鋼筋混凝土造,1131024,121.91,2,2,2,有,有,7110000,58322,坡道平面,0.0,0,,RPTNNLLKOHJGFBN98DA,55.86,0.0,5.46,有,
和美鎮,房地(土地+建物)+車位,彰化縣和美鎮彰美路三段３９８號七樓之３,24.26,,鄉村區,乙種建築用地,1100226,土地2建物1車位1,七層,十層,華廈(10層含以下有電梯),住家用,鋼筋混凝土造,1131024,121.58,2,2,2,有,有,6920000,56917,坡道平面,0.0,0,,RPTPNLLKOHJGFBN56DA,55.98,0.0,5.18,有,
和美鎮,房地(土地+建物)+車位,彰化縣和美鎮彰美路三段３９８號三樓之３,24.26,,鄉村區,乙種建築用地,1100227,土地2建物1車位1,三層,十層,華廈(10層含以下有電梯),住家用,鋼筋混凝土造,1131024,121.58,2,2,2,有,有,6680000,54943,坡道平面,0.0,0,原簽約人讓與人陳OO於111年09月21日讓渡受讓人溫OO 平轉,RPWNMLOJJHKGFBN98DA,55.98,0.0,5.18,有,
和美鎮,房地(土地+建物)+車位,彰化縣和美鎮彰美路三段３９８號八樓之３,24.26,,鄉村區,乙種建築用地,1100228,土地2建物1車位1,八層,十層,華廈(10層含以下有電梯),住家用,鋼筋混凝土造,1131024,121.58,2,2,2,有,有,7180000,59056,坡道平面,0.0,0,原簽約人讓與人郭OO於113年02月29日讓渡受讓人許OO 讓渡金額新台幣750萬元整,RPXNMLOJJHKGFBN09DA,55.98,0.0,5.18,有,
和美鎮,房地(土地+建物)+車位,彰化縣和美鎮彰美路三段３９８號八樓之５,24.26,,鄉村區,乙種建築用地,1100227,土地2建物1車位1,八層,十層,華廈(10層含以下有電梯),住家用,鋼筋混凝土造,1131024,121.58,2,2,2,有,有,7230000,59467,坡道平面,0.0,0,原簽約人讓與人蔡OO於112年04月20日讓渡受讓人鐘OO 平轉,RPQOMLOJJHKGFBN48DA,55.98,0.0,5.18,有,
和美鎮,房地(土地+建物)+車位,彰化縣和美鎮彰美路三段３９８號九樓之５,24.26,,鄉村區,乙種建築用地,1100227,土地2建物1車位1,九層,十層,華廈(10層含以下有電梯),住家用,鋼筋混凝土造,1131024,121.58,2,2,2,有,有,7180000,59056,坡道平面,0.0,0,原簽約人讓與人盧OO於110年12月17日讓渡受讓人李OO 平轉,RPROMLOJJHKGFBN58DA,55.98,0.0,5.18,有,
和美鎮,房地(土地+建物)+車位,彰化縣和美鎮彰美路三段３９８號四樓之７,24.4,,鄉村區,乙種建築用地,1100226,土地2建物1車位1,四層,十層,華廈(10層含以下有電梯),住家用,鋼筋混凝土造,1131024,122.12,2,2,2,有,有,6820000,55847,坡道平面,0.0,0,,RPOQMLMKOHJGFBN78DA,56.07,0.0,5.46,有,
和美鎮,房地(土地+建物)+車位,彰化縣和美鎮彰美路三段３９８號三樓之５,24.26,,鄉村區,乙種建築用地,1100228,土地2建物1車位1,三層,十層,華廈(10層含以下有電梯),住家用,鋼筋混凝土造,1131024,121.58,2,2,2,有,有,6810000,56013,坡道平面,0.0,0,原簽約人讓與人王OO於111年10月04日讓渡受讓人吳OO 平轉,RPOOMLOJJHKGFBN28DA,55.98,0.0,5.18,有,
和美鎮,房地(土地+建物)+車位,彰化縣和美鎮彰美路三段３９８號六樓之７,24.4,,鄉村區,乙種建築用地,1100227,土地2建物1車位1,六層,十層,華廈(10層含以下有電梯),住家用,鋼筋混凝土造,1131024,122.12,2,2,2,有,有,7030000,57566,坡道平面,0.0,0,原簽約人讓與人黃OO於113年04月16日讓渡受讓人張OO 平轉,RPVOMLOJJHKGFBN98DA,56.07,0.0,5.46,有,
和美鎮,房地(土地+建物)+車位,彰化縣和美鎮彰美路三段３９８號九樓之７,24.4,,鄉村區,乙種建築用地,1100227,土地2建物1車位1,九層,十層,華廈(10層含以下有電梯),住家用,鋼筋混凝土造,1131024,122.12,2,2,2,有,有,7270000,59532,坡道平面,0.0,0,原簽約人讓與人楊OO於113年02月06日讓渡受讓人姚OO 林OO 平轉,RPWOMLOJJHKGFBN09DA,56.07,0.0,5.46,有,
