﻿編號,土地位置,土地移轉面積平方公尺,使用分區或編定,權利人持分分母,權利人持分分子,移轉情形,地號
The serial number, land position,land shifting area square meter,the use zoning or compiles and checks,,,,land parcel
RPUNMLMKKHKGFDN98DA,僑信段,59.00,都市：其他:第一種商業區,1,1,全筆移轉,00500000
RPPNMLMKKHKGFDN58EA,新崙雅段,184.88,非都市：特定農業區 ; 非都市編定：水利用地,1,1,全筆移轉,10360001
RPQNMLNKKHKGFEN78DA,八堡圳段,1222.73,非都市：山坡地保育區 ; 非都市編定：農牧用地,4,1,持分移轉,09950000
RPRNMLNKKHKGFAN48DA,埔崙段,94.00,都市：其他:農業區,1,1,全筆移轉,00090007
RPRNMLNKKHKGFAN48DA,埔崙段,103.00,都市：其他:農業區,1,1,全筆移轉,00090008
RPRNMLNKKHKGFAN48DA,埔崙段,132.00,都市：其他:農業區,1,1,全筆移轉,00090013
RPSNMLNKKHKGFAN58DA,福田段,2.88,非都市：山坡地保育區 ; 非都市編定：農牧用地,4320,540,持分移轉,04030002
RPQNMLRKKHKGFGN76DA,西城段,15.94,都市：其他:住宅區,1,1,全筆移轉,02770000
RPSNMLLKKHKGFGN98DA,芳墘段,38.38,非都市：一般農業區 ; 非都市編定：農牧用地,12,3,持分移轉,11120000
RPQNMLMKKHKGFGN88DA,興南段,12.59,非都市：鄉村區 ; 非都市編定：乙種建築用地,1728,33,持分移轉,10480000
RPQNMLMKKHKGFGN88DA,興南段,69.60,非都市：鄉村區 ; 非都市編定：乙種建築用地,12,1,持分移轉,10510000
RPQNMLMKKHKGFGN88DA,興南段,48.36,非都市：鄉村區 ; 非都市編定：乙種建築用地,60,1,持分移轉,10910000
RPQNMLMKKHKGFGN88DA,興南段,44.13,非都市：鄉村區 ; 非都市編定：乙種建築用地,12,1,持分移轉,10930000
RPQNMLMKKHKGFGN88DA,興南段,21.92,非都市：鄉村區 ; 非都市編定：乙種建築用地,12,1,持分移轉,11050000
RPRNMLMKKHKGFGN98DA,儒雅段,41.01,都市：其他:商業區,1,1,全筆移轉,12180000
RPSNMLSJKHKGFGN96DA,芳埤段,994.78,非都市：一般農業區 ; 非都市編定：農牧用地,1,1,全筆移轉,06070004
RPRNMLSKKHKGFGN96DA,永興段,9999.17,非都市：特定專用區 ; 非都市編定：養殖用地,1,1,全筆移轉,03940000
RPQNMLKKKHKGFAN08DA,富山段,248.16,非都市：山坡地保育區 ; 非都市編定：特定目的事業用地,176,23,持分移轉,04970000
RPSNMLRKKHKGFEN76DA,中山段,14.85,都市：其他:住宅區,10000,436,持分移轉,14070000
RPUNMLNKKHKGFDN09DA,港西段,12.55,非都市：特定農業區 ; 非都市編定：甲種建築用地,1,1,全筆移轉,02990000
RPPNMLTKKHKGFGN86DA,芳功段,78.01,非都市：鄉村區 ; 非都市編定：乙種建築用地,1,1,全筆移轉,03720000
RPPNMLRKKHKGFBN88EA,和厝段,205.66,非都市：鄉村區 ; 非都市編定：乙種建築用地,1440,276,持分移轉,03820000
RPPOMLPJKHKGFBN58DA,塗厝厝段塗厝厝小段,3194.00,非都市：一般農業區 ; 非都市編定：農牧用地,1,1,全筆移轉,06030000
RPPOMLPJKHKGFBN58DA,塗厝厝段塗厝厝小段,2466.00,非都市：一般農業區 ; 非都市編定：農牧用地,1,1,全筆移轉,06030002
RPSNMLLKKHKGFFN88DA,忠孝段,236.00,非都市：特定農業區 ; 非都市編定：甲種建築用地,1,1,全筆移轉,02900001
RPPNMLQKKHKGFAN58DA,古寶段,619.73,非都市：特定農業區 ; 非都市編定：農牧用地,4,1,持分移轉,07010000
RPPNMLSKKHKGFDN09DA,新中州段,11.88,都市：其他:農業區,1,1,全筆移轉,11360006
RPPNMLSKKHKGFDN09DA,新中州段,14.90,都市：其他:農業區,1,1,全筆移轉,11360010
RPPNMLSKKHKGFDN09DA,新中州段,17.89,都市：其他:農業區,1,1,全筆移轉,11360011
RPPNMLSKKHKGFDN09DA,新中州段,27.01,都市：其他:農業區,1,1,全筆移轉,11360012
RPXNMLRJKHKGFFN27DA,光復段,8.54,都市：其他:商業區,192,1,持分移轉,17110000
RPSNMLRJKHKGFFN76DA,中圳段,121.85,非都市：鄉村區 ; 非都市編定：乙種建築用地,5,1,持分移轉,03520000
RPPNMLRJKHKGFFN09DA,福新段,100.00,非都市：鄉村區 ; 非都市編定：乙種建築用地,1,1,全筆移轉,02000001
RPPNMLKKKHKGFFN48DA,南圳段,2339.08,非都市：特定農業區 ; 非都市編定：農牧用地,1,1,全筆移轉,10020000
SPXNMLRJKHKGFFN37DA,光復段,1.21,都市：其他:住宅區,192,1,持分移轉,17110001
SPXNMLRJKHKGFFN37DA,光復段,3.82,都市：其他:住宅區,192,1,持分移轉,17140000
RPPNMLRJKHKGFGN56DA,芳北段,201.25,非都市：鄉村區 ; 非都市編定：乙種建築用地,30000,2500,持分移轉,07690000
RPQNMLRJKHKGFGN66DA,文津北段,151.77,非都市：一般農業區 ; 非都市編定：農牧用地,1000,35,持分移轉,03040000
TPXNMLRJKHKGFFN47DA,光復段,1.18,都市：其他:道路用地,192,1,持分移轉,17120000
RPWNMLRJKHKGFAN66DA,富山段,40.25,非都市：山坡地保育區 ; 非都市編定：林業用地,1584,18,持分移轉,04870000
RPRNMLQKJHKGFAN68DA,彰泰段,23.91,都市：其他:住宅區,10000,25,持分移轉,04630000
RPRNMLQKJHKGFAN68DA,彰泰段,.03,都市：其他:住宅區,10000,25,持分移轉,04640000
RPRNMLMLJHKGFBN48DA,伸同段,139.10,都市：其他:第一種住宅區,1,1,全筆移轉,01430000
RPQNMLOLJHKGFBN58DA,伸同段,48.46,都市：其他:第一種住宅區,10000000,827668,持分移轉,03100001
RPQNMLRJKHKGFHN76DA,太平西段,1090.60,非都市：特定農業區 ; 非都市編定：農牧用地,1,1,全筆移轉,01570001
RPPNMLPJKHKGFFN98EA,螺青段,27.50,都市：其他:住宅區,6,1,持分移轉,04060000
RPPNMLSJKHKGFHN86EA,福安段,33.99,都市：其他:商業區,37300,3399,持分移轉,02340000
RPPNMLSJKHKGFGN66DA,五庄段,268.50,非都市：鄉村區 ; 非都市編定：乙種建築用地,144,5,持分移轉,15330000
RPPNMLSJKHKGFGN66DA,五庄段,268.50,非都市：鄉村區 ; 非都市編定：乙種建築用地,144,5,持分移轉,15330000
RPUNMLKKKHKGFBN58DA,和東段,137.00,都市：其他:住宅區,1,1,全筆移轉,03210009
RPQNMLSJKHKGFDN56EA,莒光段,28.42,都市：其他:第二種住宅區,10000,106,持分移轉,31500000
RPPNMLTJKHKGFAN78DA,北白沙坑段,96.58,非都市：山坡地保育區 ; 非都市編定：丙種建築用地,1,1,全筆移轉,05550000
RPPNMLKKKHKGFHN68DA,東寮段,76.00,都市：其他:住宅區,1,1,全筆移轉,06120000
RPSNMLLKKHKGFAN38DA,西勢子段過溝子小段,127.00,都市：其他:住宅區,1,1,全筆移轉,00530005
RPSNMLLKKHKGFAN38DA,西勢子段過溝子小段,1.07,都市：其他:住宅區,14,1,持分移轉,00530009
RPPNMLRJKHKGFAN68EA,中山段,27.14,都市：其他:道路用地,30000,4524,持分移轉,10810000
RPPNMLOKKHKGFCN58DA,鹿雅段,86.00,非都市：鄉村區 ; 非都市編定：乙種建築用地,1,1,全筆移轉,09290005
RPSNMLLLJHKGFCN58DA,元興段,2834.00,非都市：特定農業區 ; 非都市編定：農牧用地,1,1,全筆移轉,13120000
RPUNMLKKKHKGFCN68DA,福南段,200.08,非都市：鄉村區 ; 非都市編定：乙種建築用地,1,1,全筆移轉,07690005
RPSNMLMKKHKGFCN68DA,鹿海段,5616.35,非都市：工業區 ; 非都市編定：丁種建築用地,1,1,全筆移轉,00310033
RPWNMLOJKHKGFCN56DA,鹿鳳段,3326.00,非都市：一般農業區 ; 非都市編定：農牧用地,1,1,全筆移轉,06810000
RPPNMLQJKHKGFCN68DA,秀安段,27.00,非都市：鄉村區 ; 非都市編定：乙種建築用地,2,1,持分移轉,01930001
RPPOMLLKKHKGFAN18DA,埔崙段,440.00,都市：其他:農業區,2,1,持分移轉,07210000
RPPNMLQJKHKGFCN68DA,秀安段,5.50,非都市：鄉村區 ; 非都市編定：乙種建築用地,36,1,持分移轉,01930005
RPPNMLQJKHKGFCN68DA,秀安段,21.50,非都市：鄉村區 ; 非都市編定：乙種建築用地,2,1,持分移轉,01940000
RPPOMLLKKHKGFAN18DA,埔崙段,81.00,都市：其他:農業區,2,1,持分移轉,07240000
RPPNMLQJKHKGFCN68DA,秀安段,5.13,非都市：鄉村區 ; 非都市編定：乙種建築用地,54,1,持分移轉,01940006
RPPNMLQJKHKGFCN68DA,秀安段,29.17,非都市：特定農業區 ; 非都市編定：農牧用地,12,1,持分移轉,01980000
RPPNMLTKJHKGFBN88DA,中興段,642.00,都市：其他:農業區,3,1,持分移轉,11990000
RPPNMLKKKHKGFGN58DA,和寮段,251.00,非都市：一般農業區 ; 非都市編定：養殖用地,1,1,全筆移轉,08810003
RPPNMLKKKHKGFGN58DA,和寮段,253.00,非都市：鄉村區 ; 非都市編定：乙種建築用地,613,253,持分移轉,08820000
RPPNMLKKKHKGFGN58DA,和寮段,51.50,非都市：鄉村區 ; 非都市編定：乙種建築用地,2,1,持分移轉,08820007
RPPNMLKKKHKGFGN58DA,和寮段,3.75,非都市：鄉村區 ; 非都市編定：乙種建築用地,16,1,持分移轉,08820012
RPPNMLKKKHKGFGN58DA,和寮段,22.20,非都市：鄉村區 ; 非都市編定：乙種建築用地,2060,206,持分移轉,08820021
RPUNMLKKKHKGFGN09DA,海尾段,649.79,非都市：鄉村區 ; 非都市編定：乙種建築用地,1,1,全筆移轉,01000000
RPQNMLMKKHKGFFN88EA,光復段,239.00,都市：其他:住宅區,1,1,全筆移轉,06860000
RPPNMLRJKHKGFHN66DA,霖興段,841.00,都市：其他:農業區,1,1,全筆移轉,03900000
RPOOMLKKKHKGFDN28DA,仁愛段,64.00,都市：其他:第三種住宅區。,1,1,全筆移轉,10050000
RPXNMLLKKHKGFAN88DA,西門口段,250.00,都市：其他:道路用地,1,1,全筆移轉,04140008
RPOOMLSJJHKGFDN88DA,三和段,142.60,都市：其他:園道用地,5,1,持分移轉,03930000
RPQNMLQJKHKGFDN88DA,三潭段,57.44,非都市：鄉村區 ; 非都市編定：乙種建築用地,748624,22726,持分移轉,07520000
RPQNMLQJKHKGFDN88DA,三潭段,149.98,非都市：鄉村區 ; 非都市編定：乙種建築用地,1,1,全筆移轉,07520031
RPPNMLSJKHKGFEN09DA,中央段,42.10,都市：其他:商業區,240,24,持分移轉,04790000
RPSNMLNKKHKGFDN88DA,鎮北段,28.43,非都市：特定農業區 ; 非都市編定：甲種建築用地,3,1,持分移轉,10770000
RPSNMLNKKHKGFDN88DA,鎮北段,2.54,非都市：特定農業區 ; 非都市編定：甲種建築用地,3,1,持分移轉,10830000
RPSNMLNKKHKGFDN88DA,鎮北段,43.05,非都市：特定農業區 ; 非都市編定：甲種建築用地,3,1,持分移轉,10840000
RPSNMLNKKHKGFDN88DA,鎮北段,10.75,非都市：特定農業區 ; 非都市編定：甲種建築用地,36,1,持分移轉,10850000
RPTNMLLKKHKGFGN09DA,偉糖段,425.00,非都市：特定農業區 ; 非都市編定：甲種建築用地,1,1,全筆移轉,02500001
RPRNMLRJKHKGFHN86DA,福安段,37.05,都市：其他:商業區,37300,3705,持分移轉,02340000
RPQNMLSJKHKGFAN88EA,灣東段,61.51,非都市：森林區 ; 非都市編定：林業用地,1,1,全筆移轉,00180000
RPQNMLSJKHKGFAN88EA,灣東段,31.29,都市：其他:道路用地,1,1,全筆移轉,00180001
RPSNMLRJKHKGFHN96DA,福安段,33.99,都市：其他:商業區,37300,3399,持分移轉,02340000
RPSNMLNJKHKGFBN58DA,福新段,342.97,非都市：鄉村區 ; 非都市編定：乙種建築用地,816900,125258,持分移轉,10510000
RPVNMLNKKHKGFAN88DA,新莿桐段,13.69,都市：其他:住宅區,10000,63,持分移轉,00860000
RPRNMLLKKHKGFBN38DA,忠孝段,16.58,非都市：鄉村區 ; 非都市編定：乙種建築用地,12,1,持分移轉,15840016
RPRNMLLKKHKGFBN38DA,忠孝段,2.17,非都市：鄉村區 ; 非都市編定：乙種建築用地,12,1,持分移轉,15840017
RPRNMLLKKHKGFBN38DA,忠孝段,2.00,非都市：鄉村區 ; 非都市編定：乙種建築用地,1,1,全筆移轉,15840038
RPRNMLLKKHKGFBN38DA,忠孝段,72.00,非都市：鄉村區 ; 非都市編定：乙種建築用地,1,1,全筆移轉,15840039
RPTNMLKKKHKGFCN58DA,新生段,3.44,非都市：特定農業區 ; 非都市編定：甲種建築用地,25,1,持分移轉,25020003
RPTNMLKKKHKGFCN58DA,新生段,56.00,非都市：特定農業區 ; 非都市編定：甲種建築用地,1,1,全筆移轉,25020004
RPTNMLKKKHKGFCN58DA,新生段,3.32,非都市：特定農業區 ; 非都市編定：甲種建築用地,25,1,持分移轉,25020016
RPRNMLOKKHKGFDN88DA,和平段,25.01,都市：其他:第一種住宅區,10000,62,持分移轉,12370000
RPQNMLKKKHKGFFN58DA,光復段,8.54,都市：其他:商業區,192,1,持分移轉,17110000
SPQNMLKKKHKGFFN68DA,光復段,1.21,都市：其他:住宅區,192,1,持分移轉,17110001
SPQNMLKKKHKGFFN68DA,光復段,3.82,都市：其他:住宅區,192,1,持分移轉,17140000
RPSNMLKKKHKGFFN78DA,光復段,25.62,都市：其他:商業區,192,3,持分移轉,17110000
TPQNMLKKKHKGFFN78DA,光復段,1.18,都市：其他:道路用地,192,1,持分移轉,17120000
TPQNMLKKKHKGFFN78DA,光復段,.05,都市：其他:道路用地,192,3,持分移轉,17130000
RPQTMLOLJHKGFAN09DA,溪南段,1450.88,非都市：特定農業區 ; 非都市編定：農牧用地,2,1,持分移轉,18220000
TPSNMLKKKHKGFFN98DA,光復段,3.55,都市：其他:道路用地,192,3,持分移轉,17120000
TPSNMLKKKHKGFFN98DA,光復段,.05,都市：其他:道路用地,192,3,持分移轉,17130000
SPSNMLKKKHKGFFN88DA,光復段,3.64,都市：其他:住宅區,192,3,持分移轉,17110001
SPSNMLKKKHKGFFN88DA,光復段,11.45,都市：其他:住宅區,192,3,持分移轉,17140000
RPVNMLPJKHKGFGN96DA,芳功段,156.34,非都市：鄉村區 ; 非都市編定：乙種建築用地,150000,36228,持分移轉,11360000
RPWNMLPJKHKGFGN07DA,芳功段,221.86,非都市：鄉村區 ; 非都市編定：乙種建築用地,2400000,468225,持分移轉,11530000
RPPNMLMKKHKGFGN78DA,趙甲段,112.94,非都市：一般農業區 ; 非都市編定：甲種建築用地,1,1,全筆移轉,10540000
RPPNMLRKKHKGFGN66DA,建平段,3524.25,非都市：一般農業區 ; 非都市編定：農牧用地,1,1,全筆移轉,01450000
RPPNMLPKKHKGFGN09DA,芳埤段,75.56,非都市：特定農業區 ; 非都市編定：農牧用地,20,1,持分移轉,04860000
RPPNMLPKKHKGFGN09DA,芳埤段,281.52,非都市：特定農業區 ; 非都市編定：農牧用地,20,1,持分移轉,04860002
RPTNMLNKKHKGFAN68DA,福田段,175.32,非都市：山坡地保育區 ; 非都市編定：農牧用地,3389880,10520,持分移轉,09760000
RPPNMLMKKHKGFFN78EA,稻香段,9.17,非都市：鄉村區 ; 非都市編定：交通用地,1,1,全筆移轉,00010001
RPPNMLMKKHKGFFN78EA,稻香段,4.28,非都市：鄉村區 ; 非都市編定：交通用地,1,1,全筆移轉,00200002
RPPNMLMKKHKGFFN78EA,稻香段,11.52,非都市：鄉村區 ; 非都市編定：交通用地,1,1,全筆移轉,00330001
RPPNMLMKKHKGFFN78EA,稻香段,.35,非都市：鄉村區 ; 非都市編定：交通用地,1,1,全筆移轉,00330004
RPRNMLNKKHKGFBN58DA,泉州段,112.00,非都市：特定農業區 ; 非都市編定：甲種建築用地,1,1,全筆移轉,01000001
RPTNMLLKKHKGFCN68DA,永豐段,1100.00,非都市：特定農業區 ; 非都市編定：農牧用地,1,1,全筆移轉,07360000
RPRNMLNJKHKGFFN88DA,舜耕段,65.00,非都市：鄉村區 ; 非都市編定：乙種建築用地,1,1,全筆移轉,07030000
RPRNMLNJKHKGFFN88DA,舜耕段,39.70,非都市：鄉村區 ; 非都市編定：乙種建築用地,20,1,持分移轉,07060000
RPQOMLKKKHKGFDN48DA,員埔段,1119.67,非都市：特定農業區 ; 非都市編定：農牧用地,3,1,持分移轉,02920000
RPOOMLLKKHKGFDN38DA,靜修段,116.61,都市：其他:第二種住宅區,1,1,全筆移轉,00540000
RPQNMLNKKHKGFDN68DA,員林段,5.06,都市：其他:第二種商業區,100000,394,持分移轉,02710000
RPTNMLMKKHKGFFN09DA,振興段,443.00,非都市：特定農業區 ; 非都市編定：農牧用地,1,1,全筆移轉,00390002
RPTNMLMKKHKGFFN09DA,振興段,221.00,非都市：特定農業區 ; 非都市編定：農牧用地,1,1,全筆移轉,00390005
RPXNMLNKKHKGFDN76DA,永中段,26.58,都市：其他:道路用地,4,1,持分移轉,01460000
RPQNMLMKKHKGFFN78DA,芳平段,226.66,非都市：特定農業區 ; 非都市編定：農牧用地,2,1,持分移轉,11430000
RPQNMLMKKHKGFFN78DA,芳平段,1573.04,都市：其他:農業區,2,1,持分移轉,11440000
SPXNMLNKKHKGFDN86DA,永中段,74.98,都市：其他:住宅區,1,1,全筆移轉,01470002
RPRNMLKKKHKGFEN58DA,中新段,94.00,都市：其他:住宅區,1,1,全筆移轉,09220008
RPTNMLMLJHKGFEN98DA,太平段,1138.99,非都市：特定農業區 ; 非都市編定：農牧用地,1,1,全筆移轉,04890000
RPPNMLMKKHKGFHN98EA,瓦窯中段,20.21,非都市：特定農業區 ; 非都市編定：甲種建築用地,100000,434,持分移轉,06950000
RPQNMLRKKHKGFCN98DA,洛津段,21.00,都市：其他:住宅區,10000,103,持分移轉,06930000
RPPNMLSKKHKGFCN98DA,東昇段,80.00,非都市：鄉村區 ; 非都市編定：乙種建築用地,1,1,全筆移轉,15180012
RPQNMLRKKHKGFCN98DA,洛津段,.96,都市：其他:住宅區,10000,103,持分移轉,07040000
RPUNMLMKKHKGFAN68DA,福德段,24.93,非都市：鄉村區 ; 非都市編定：乙種建築用地,24,1,持分移轉,07640000
RPUNMLMKKHKGFAN68DA,福德段,73.33,非都市：鄉村區 ; 非都市編定：乙種建築用地,1,1,全筆移轉,07900000
RPPNMLLKKHKGFHN88EA,東門段,115.50,都市：其他:人行步道用地,2,1,持分移轉,06640001
RPSNMLRKKHKGFAN98DA,聯興段,90.33,非都市：鄉村區 ; 非都市編定：乙種建築用地,1,1,全筆移轉,01040000
RPSNMLMLJHKGFEN88DA,大崙段,2720.39,非都市：特定農業區 ; 非都市編定：農牧用地,1,1,全筆移轉,12470000
RPSNMLSJKHKGFDN66DA,至善段,118.24,都市：其他:第三種住宅區。,1,1,全筆移轉,08230000
RPSNMLKKKHKGFCN48DA,洛津段,79.79,都市：其他:住宅區,1,1,全筆移轉,07120000
RPPNMLNKKHKGFEN68DA,復興段,166.00,都市：其他:住宅區,1,1,全筆移轉,02470007
RPRNMLLKKHKGFFN78DA,大湖段,2085.48,非都市：特定農業區 ; 非都市編定：農牧用地,1,1,全筆移轉,09650000
RPPNMLSJKHKGFFN56DA,新生段,60.45,非都市：鄉村區 ; 非都市編定：乙種建築用地,1,1,全筆移轉,02790000
RPUNMLKKKHKGFFN98DA,更新段,2.29,非都市：鄉村區 ; 非都市編定：乙種建築用地,11884,217,持分移轉,06380000
RPUNMLKKKHKGFFN98DA,更新段,97.94,非都市：鄉村區 ; 非都市編定：乙種建築用地,1,1,全筆移轉,06390005
RPUNMLKKKHKGFFN98DA,更新段,14.09,非都市：鄉村區 ; 非都市編定：乙種建築用地,10000,395,持分移轉,06430000
RPXNMLNJKHKGFGN96DA,儒興段,82.24,都市：其他:住宅區,1,1,全筆移轉,03030004
RPQNMLKKKHKGFHN78DA,新東榮段,188.37,非都市：鄉村區 ; 非都市編定：乙種建築用地,1,1,全筆移轉,06630000
RPRNMLMLJHKGFCN58DA,東石段,87.40,非都市：一般農業區 ; 非都市編定：養殖用地,1,1,全筆移轉,05260031
RPRNMLMLJHKGFCN58DA,東石段,19.35,非都市：一般農業區 ; 非都市編定：養殖用地,1,1,全筆移轉,05260036
RPQNMLMKJHKGFDN48DA,惠安段,62.21,都市：其他:第二種住宅區,1,1,全筆移轉,02780000
RPTNMLSJKHKGFDN76DA,員林段,62.00,都市：其他:第二種住宅區,1,1,全筆移轉,06920000
RPWNMLRJKHKGFFN17DA,進樂段,4.52,都市：其他:人行廣場用地,1,1,全筆移轉,03210000
RPWNMLRJKHKGFFN17DA,進樂段,65.17,都市：其他:商業區,1,1,全筆移轉,03280000
RPTNMLRJKHKGFFN86DA,新興段,3000.00,非都市：特定農業區 ; 非都市編定：農牧用地,1,1,全筆移轉,16210000
RPPNMLRJKHKGFBN78EA,福馬段,36.08,非都市：鄉村區 ; 非都市編定：乙種建築用地,3909,36,持分移轉,04280000
RPPNMLRJKHKGFHN76EA,大竹段,88.50,都市：其他:商業區,2,1,持分移轉,00750000
RPTNMLNJKIJGFAN58DA,新內庄段,79.69,非都市：山坡地保育區 ; 非都市編定：特定目的事業用地,1,1,全筆移轉,05610000
RPQNMLQJJHKGFCN68DA,東昇段,101.00,都市：其他:住宅區,1,1,全筆移轉,00570005
RPQNMLQJJHKGFCN68DA,東昇段,6.62,都市：其他:住宅區,32,1,持分移轉,00570006
RPPNMLQJKHKGFDN78DA,三多段,89.53,都市：其他:第二種住宅區,1,1,全筆移轉,04710000
RPPNMLRJKHKGFDN88DA,豐年段,4.38,都市：其他:第三種住宅區。,1152,45,持分移轉,03850000
RPPNMLRJKHKGFDN88DA,豐年段,80.08,都市：其他:第二種住宅區,1152,45,持分移轉,03870000
RPWOMLOKKHKGFDN86DA,三和段,40.00,都市：其他:園道用地,1,1,全筆移轉,03810000
RPUNMLQKJHKGFGN96DA,儒田段,108.19,都市：其他:住宅區,1,1,全筆移轉,08460004
RPWNMLQKJHKGFGN17DA,儒田段,108.83,都市：其他:住宅區,1,1,全筆移轉,08460002
RPQNMLSJKHKGFFN66DA,育善段,45.15,都市：其他:住宅區,8568,2263,持分移轉,01270000
RPQNMLSJKHKGFFN66DA,育善段,74.10,都市：其他:住宅區,8568,2263,持分移轉,01470000
RPQNMLSJKHKGFFN66DA,育善段,36.67,都市：其他:住宅區,3,1,持分移轉,01480000
RPWNMLSJKHKGFDN07DA,永發段,15.67,都市：其他:農業區,66,2,持分移轉,01720001
RPWNMLSJKHKGFDN07DA,永發段,86.48,都市：其他:農業區,1,1,全筆移轉,01750016
RPWNMLSJKHKGFDN07DA,永發段,9.16,都市：其他:農業區,64,2,持分移轉,01750023
RPWNMLSJKHKGFDN07DA,永發段,1.06,都市：其他:農業區,64,2,持分移轉,01750024
RPWNMLSJKHKGFDN07DA,永發段,9.71,都市：其他:農業區,64,2,持分移轉,01750033
RPWNMLSJKHKGFDN07DA,永發段,9.14,都市：其他:農業區,64,2,持分移轉,01750042
RPWNMLSJKHKGFDN07DA,永發段,3.18,都市：其他:農業區,64,2,持分移轉,01750043
RPWNMLSJKHKGFDN07DA,永發段,1.13,都市：其他:農業區,132,2,持分移轉,02180003
RPWNMLSJKHKGFDN07DA,永發段,3.01,都市：其他:農業區,220,6,持分移轉,02180004
RPWNMLSJKHKGFDN07DA,永發段,3.14,都市：其他:農業區,132,2,持分移轉,02190000
RPRNMLLLJHKGFAN28DA,秀水段,942.00,都市：其他:農業區,2,1,持分移轉,11370000
RPTNMLSJKHKGFGN07DA,芳埤段,1702.13,非都市：一般農業區 ; 非都市編定：農牧用地,1,1,全筆移轉,06300005
RPPNMLSJKHKGFAN68DA,曾厝段,83.00,非都市：特定農業區 ; 非都市編定：甲種建築用地,1,1,全筆移轉,17130008
RPTNMLSJKHKGFAN09DA,新芬園段,182.02,都市：其他:住宅區,1,1,全筆移轉,05180000
RPUNMLLKKHKGFDN88DA,明倫段,36.00,都市：其他:第一種住宅區,71710,3600,持分移轉,04220000
RPRNMLKKKHKGFFN68DA,中寮段,.02,非都市：鄉村區 ; 非都市編定：乙種建築用地,60,1,持分移轉,02220001
RPRNMLKKKHKGFFN68DA,中寮段,90.00,非都市：鄉村區 ; 非都市編定：乙種建築用地,1,1,全筆移轉,02230005
RPRNMLKKKHKGFFN68DA,中寮段,1.67,非都市：鄉村區 ; 非都市編定：乙種建築用地,60,1,持分移轉,02260008
RPRNMLKKKHKGFFN68DA,中寮段,3.00,非都市：鄉村區 ; 非都市編定：乙種建築用地,1,1,全筆移轉,02260019
RPPNMLLKKHKGFFN58DA,曾厝崙段,5.21,非都市：特定農業區 ; 非都市編定：農牧用地,96,5,持分移轉,01060000
RPPNMLLKKHKGFFN58DA,曾厝崙段,41.00,非都市：特定農業區 ; 非都市編定：農牧用地,1,1,全筆移轉,01060002
RPQNMLLKKHKGFFN68DA,綠筍段,2831.06,非都市：一般農業區 ; 非都市編定：農牧用地,1,1,全筆移轉,07880000
RPPNMLRKKHKGFFN56DA,瓦厝段,.02,都市：其他:住宅區,1000,1,持分移轉,04410001
RPPNMLRKKHKGFFN56DA,瓦厝段,115.00,都市：其他:住宅區,1,1,全筆移轉,04410002
RPRNMLKKKHKGFGN78DA,儒雅段,161.57,都市：其他:住宅區,1,1,全筆移轉,12750000
RPUNMLSJKHKGFAN56DA,新芬園段,73.69,都市：其他:道路用地,1000,608,持分移轉,05190000
RPUNMLSJKHKGFAN56DA,新芬園段,47.51,都市：其他:道路用地,1000,392,持分移轉,05190000
RPTNMLKKKHKGFAN38DA,中華段,2.32,都市：其他:商業區,10000,117,持分移轉,05460000
RPTNMLKKKHKGFAN38DA,中華段,2.38,都市：其他:商業區,10000,117,持分移轉,05480000
RPTNMLKKKHKGFAN38DA,中華段,3.35,都市：其他:商業區,10000,117,持分移轉,05500000
RPTNMLLKKHKGFAN48DA,古夷段,475.60,都市：其他:住宅區,1,1,全筆移轉,08920000
RPSNMLOLJHKGFHN76DA,新光明段,420.02,都市：其他:住宅區,1,1,全筆移轉,04700000
RPSNMLOLJHKGFHN76DA,新光明段,8.61,都市：其他:住宅區,1,1,全筆移轉,04750000
RPPNMLPLKIJGFDN88DA,橋愛段,17.43,都市：其他:第一種住宅區,100000,821,持分移轉,12350000
RPSNMLSJJHKGFDN56DA,和平段,3.75,都市：其他:第二種商業區,1,1,全筆移轉,09850000
RPSNMLSJJHKGFDN56DA,和平段,70.70,都市：其他:第二種商業區,1,1,全筆移轉,09860000
RPSNMLSJJHKGFDN56DA,和平段,11.07,都市：其他:第二種商業區,1,1,全筆移轉,09870000
RPSNMLSJJHKGFDN56DA,和平段,56.26,都市：其他:第二種商業區,1,1,全筆移轉,09900000
RPSNMLSJJHKGFDN56DA,和平段,10.92,都市：其他:第二種商業區,1,1,全筆移轉,09900002
RPSNMLSJJHKGFDN56DA,和平段,35.10,都市：其他:第二種商業區,1,1,全筆移轉,09910000
RPSNMLSJJHKGFDN56DA,和平段,7.32,都市：其他:第二種商業區,60,6,持分移轉,10190000
RPXNMLSJJHKGFDN07DA,橋愛段,28.25,都市：其他:第一種住宅區,16,1,持分移轉,13410000
RPWNMLLKKHKGFDN09DA,橋愛段,35.61,都市：其他:園道用地,4200,440,持分移轉,02650001
RPXNMLLKKHKGFDN56DA,仁愛段,11.40,都市：其他:第三種住宅區。,5,1,持分移轉,07550000
RPXNMLLKKHKGFDN56DA,仁愛段,13.00,都市：其他:第三種住宅區。,5,1,持分移轉,07560000
RPPNMLPLKIJGFAN58DA,新東芳段,57.08,都市：其他:住宅區,5,4,持分移轉,06800000
RPTNMLMKKHKGFGN56DA,儒明段,355.88,都市：其他:住宅區,1,1,全筆移轉,04880000
RPVNMLNKKIJGFEN66DA,新卓乃潭段,25.99,非都市：特定農業區 ; 非都市編定：水利用地,1,1,全筆移轉,03240006
RPPNMLSJKHKGFAN78EA,西勢子段西勢子小段,60.00,都市：其他:住宅區,3,2,持分移轉,01020021
RPPNMLMKKHKGFAN28EA,西勢子段西勢子小段,137.00,都市：其他:住宅區,1,1,全筆移轉,01020010
RPSNMLKLJHKGFHN98DA,河興段,24.00,都市：其他:農牧用地,1,1,全筆移轉,05420001
RPSNMLKLJHKGFHN98DA,河興段,40.00,都市：其他:農牧用地,1,1,全筆移轉,05420002
RPSNMLKKKHKGFAN28DA,南郭段南郭小段,28.85,都市：其他:住宅區,2000000,25478,持分移轉,00380010
RPSNMLKKKHKGFAN28DA,南郭段南郭小段,.34,都市：其他:住宅區,2000000,25478,持分移轉,00380499
RPSNMLKKKHKGFAN28DA,南郭段南郭小段,.45,都市：其他:住宅區,2000000,25478,持分移轉,00380500
RPSNMLKKKHKGFAN28DA,南郭段南郭小段,.06,都市：其他:住宅區,2000000,25478,持分移轉,00380503
RPWNMLLKKHKGFHN86DA,二重段,73.04,非都市：特定農業區 ; 非都市編定：甲種建築用地,100000,19607,持分移轉,07910000
RPWNMLLKKHKGFHN86DA,二重段,17.23,非都市：特定農業區 ; 非都市編定：甲種建築用地,725760,8894,持分移轉,07910016
RPPNMLMKKHKGFHN88DA,新水段,2125.00,非都市：特定農業區 ; 非都市編定：農牧用地,1,1,全筆移轉,07960000
RPQNMLLKKHKGFBN28DA,忠孝段,16.58,非都市：鄉村區 ; 非都市編定：乙種建築用地,24,2,持分移轉,15840016
RPQNMLLKKHKGFBN28DA,忠孝段,2.17,非都市：鄉村區 ; 非都市編定：乙種建築用地,24,2,持分移轉,15840017
RPQNMLLKKHKGFBN28DA,忠孝段,9.00,非都市：鄉村區 ; 非都市編定：乙種建築用地,1,1,全筆移轉,15840030
RPQNMLLKKHKGFBN28DA,忠孝段,66.00,非都市：鄉村區 ; 非都市編定：乙種建築用地,1,1,全筆移轉,15840031
RPPNMLLKKHKGFBN18DA,忠孝段,16.58,非都市：鄉村區 ; 非都市編定：乙種建築用地,12,1,持分移轉,15840016
RPPNMLLKKHKGFBN18DA,忠孝段,2.17,非都市：鄉村區 ; 非都市編定：乙種建築用地,12,1,持分移轉,15840017
RPPNMLLKKHKGFBN18DA,忠孝段,72.00,非都市：鄉村區 ; 非都市編定：乙種建築用地,1,1,全筆移轉,15840036
RPPNMLLKKHKGFBN18DA,忠孝段,2.00,非都市：鄉村區 ; 非都市編定：乙種建築用地,1,1,全筆移轉,15840037
RPTNMLPJKHKGFAN78DA,大埔段,16.03,都市：其他:住宅區,100000,578,持分移轉,05160004
RPQNMLNKKHKGFBN48DA,和東段,78.00,都市：其他:住宅區,1,1,全筆移轉,09060000
RPQNMLNJKHKGFCN48DA,中興段,130.00,非都市：特定農業區 ; 非都市編定：農牧用地,1,1,全筆移轉,09770000
RPQNMLNJKHKGFCN48DA,中興段,2180.00,非都市：特定農業區 ; 非都市編定：農牧用地,1,1,全筆移轉,09780000
RPQNMLNJKHKGFCN48DA,中興段,1880.00,非都市：特定農業區 ; 非都市編定：農牧用地,1,1,全筆移轉,09790000
RPOQMLOLJHKGFAN58DA,牛稠子段牛稠子小段,25.07,都市：其他:住宅區,10000,140,持分移轉,00220165
RPOQMLOLJHKGFAN58DA,牛稠子段牛稠子小段,.49,都市：其他:道路用地,10000,140,持分移轉,01070004
RPPOMLKKKHKGFDN38DA,豐年段,29.18,都市：其他:第二種住宅區,117800,2918,持分移轉,05280003
RPPOMLLKKHKGFDN48DA,益民段,95.13,都市：其他:第一種住宅區,1,1,全筆移轉,07330000
RPTNMLKLKIJGFEN88DA,香山段,17.59,非都市：鄉村區 ; 非都市編定：乙種建築用地,14097,1759,持分移轉,08540011
RPRNMLKLKIJGFEN68DA,新卓乃潭段,104.34,非都市：特定農業區 ; 非都市編定：水利用地,1,1,全筆移轉,03240001
RPTNMLKLKIJGFEN88DA,香山段,59.16,非都市：鄉村區 ; 非都市編定：乙種建築用地,1,1,全筆移轉,08540023
RPQOMLMKKHKGFDN68DA,新興段,2421.98,非都市：特定農業區 ; 非都市編定：農牧用地,1,1,全筆移轉,07540000
RPRNMLMKKHKGFDN68DA,江夏段,526.04,非都市：鄉村區 ; 非都市編定：乙種建築用地,1,1,全筆移轉,02500000
RPPNMLLKKHKGFGN68DA,𥕟磘段,858.00,非都市：特定農業區 ; 非都市編定：農牧用地,1,1,全筆移轉,03530024
RPPNMLLKKHKGFGN68DA,𥕟磘段,849.00,非都市：特定農業區 ; 非都市編定：農牧用地,1,1,全筆移轉,03530026
RPSNMLMKKHKGFFN98DA,振興段,409.00,非都市：特定農業區 ; 非都市編定：農牧用地,1,1,全筆移轉,00960000
RPSNMLNJKHKGFHN56DA,湳底段,13.63,都市：其他:農業區,57646,1363,持分移轉,01980006
RPSNMLNJKHKGFHN56DA,湳底段,5.00,都市：其他:農業區,68891,500,持分移轉,01980007
RPSNMLNJKHKGFHN56DA,湳底段,.43,都市：其他:農業區,269304,2409,持分移轉,01980009
RPSNMLNJKHKGFHN56DA,湳底段,.67,都市：其他:農業區,5043,40,持分移轉,01980012
RPSNMLNJKHKGFHN56DA,湳底段,67.75,都市：其他:農業區,1,1,全筆移轉,01980018
RPUNMLLKKHKGFAN58DA,新中庄段,119.84,非都市：鄉村區 ; 非都市編定：乙種建築用地,1,1,全筆移轉,00380000
RPQNMLKKKHKGFCN28DA,三元段,90.00,非都市：特定農業區 ; 非都市編定：甲種建築用地,1,1,全筆移轉,06070015
RPQNMLKKKHKGFCN28DA,三元段,3.92,非都市：特定農業區 ; 非都市編定：甲種建築用地,13,1,持分移轉,06070021
RPQNMLKKKHKGFCN28DA,三元段,.23,非都市：特定農業區 ; 非都市編定：甲種建築用地,13,1,持分移轉,06070026
RPUOMLMLJHKGFDN09DA,大西段,107.46,非都市：特定農業區 ; 非都市編定：甲種建築用地,100000,11332,持分移轉,02380000
RPUOMLMLJHKGFDN09DA,大西段,.46,非都市：特定農業區 ; 非都市編定：甲種建築用地,100000,11332,持分移轉,02380001
RPUOMLMLJHKGFDN09DA,大西段,380.04,非都市：特定農業區 ; 非都市編定：甲種建築用地,1,1,全筆移轉,02380010
RPUOMLMLJHKGFDN09DA,大西段,1.10,非都市：特定農業區 ; 非都市編定：甲種建築用地,100000,11332,持分移轉,02380028
RPUOMLMLJHKGFDN09DA,大西段,9.91,非都市：特定農業區 ; 非都市編定：甲種建築用地,100000,11332,持分移轉,02380043
RPWNMLNKKHKGFDN66DA,新溝皂段,36.09,非都市：鄉村區 ; 非都市編定：乙種建築用地,10000,625,持分移轉,07990000
RPQOMLNKKHKGFDN78DA,三和段,98.71,都市：其他:第一種住宅區,1,1,全筆移轉,09490001
RPPNMLMKKHKGFGN88EA,小西段,530.53,非都市：鄉村區 ; 非都市編定：乙種建築用地,1,1,全筆移轉,05840000
RPUNMLMKKHKGFFN56DA,新政段,154.00,都市：其他:商業區,1,1,全筆移轉,03400002
RPVNMLMKKHKGFFN66DA,新政段,56.00,都市：其他:商業區,1,1,全筆移轉,03400003
RPQNMLNJKHKGFGN88DA,芳成段,4.57,非都市：鄉村區 ; 非都市編定：乙種建築用地,7,1,持分移轉,04960000
RPQNMLNJKHKGFGN88DA,芳成段,37.43,非都市：鄉村區 ; 非都市編定：乙種建築用地,7,1,持分移轉,04960005
RPQNMLNJKHKGFGN88DA,芳成段,95.00,非都市：鄉村區 ; 非都市編定：乙種建築用地,1,1,全筆移轉,04960011
RPPNMLLKKHKGFHN78DA,光明北段,78.61,非都市：鄉村區 ; 非都市編定：乙種建築用地,1,1,全筆移轉,02380000
RPSNMLLKKHKGFHN09DA,湳底段,13.63,都市：其他:農業區,57646,1363,持分移轉,01980006
RPSNMLLKKHKGFHN09DA,湳底段,5.00,都市：其他:農業區,68891,500,持分移轉,01980007
RPSNMLLKKHKGFHN09DA,湳底段,.43,都市：其他:農業區,269304,2409,持分移轉,01980009
RPSNMLLKKHKGFHN09DA,湳底段,.67,都市：其他:農業區,5043,40,持分移轉,01980012
RPSNMLLKKHKGFHN09DA,湳底段,69.41,都市：其他:農業區,1,1,全筆移轉,01980026
RPPNMLTJKHKGFDN09DA,江夏段,79.73,非都市：鄉村區 ; 非都市編定：乙種建築用地,1,1,全筆移轉,01060115
TPPNMLTJKHKGFDN66DA,江夏段,79.73,非都市：鄉村區 ; 非都市編定：乙種建築用地,1,1,全筆移轉,01060115
RPUNMLMKKHKGFHN76DA,永平段,25.87,非都市：鄉村區 ; 非都市編定：乙種建築用地,10000,594,持分移轉,03850000
SPPNMLTJKHKGFDN56DA,江夏段,4.39,非都市：鄉村區 ; 非都市編定：乙種建築用地,6400,54,持分移轉,01060001
RPUNMLMKKHKGFHN76DA,永平段,9.36,非都市：鄉村區 ; 非都市編定：乙種建築用地,10000,594,持分移轉,03880000
RPPNMLKKKHKGFAN08EA,竹巷段,185.15,非都市：特定農業區 ; 非都市編定：農牧用地,1,1,全筆移轉,11520000
RPUNMLOJKHKGFAN78DA,南興段,63.00,都市：其他:住宅區,1,1,全筆移轉,03910005
RPPNMLMKKHKGFAN18DA,中山段,73.00,都市：其他:住宅區,1,1,全筆移轉,04370000
RPRNMLLLJHKGFCN48DA,玉順段,110.58,都市：其他:住宅區,1,1,全筆移轉,04270000
RPWNMLRJKHKGFDN96DA,香山段,18.64,非都市：鄉村區 ; 非都市編定：乙種建築用地,10000,239,持分移轉,08580000
RPWNMLRJKHKGFDN96DA,香山段,56.50,非都市：鄉村區 ; 非都市編定：乙種建築用地,1,1,全筆移轉,08590000
RPOOMLNKKHKGFDN58DA,橋愛段,29.17,都市：其他:第一種住宅區,10000,37,持分移轉,12270000
RPQNMLOKKHKGFDN78DA,水源段,99.74,都市：其他:農業區,1,1,全筆移轉,01530003
RPQNMLOKKHKGFDN78DA,水源段,10.34,都市：其他:農業區,1,1,全筆移轉,01540005
RPPNMLOKKHKGFFN88DA,崙南段,92.58,都市：其他:住宅區,1,1,全筆移轉,03170006
RPPNMLOKKHKGFFN88DA,崙南段,94.89,都市：其他:住宅區,1,1,全筆移轉,03170007
RPSNMLKKKHKGFHN98DA,大竹段,96.00,都市：其他:住宅區,1,1,全筆移轉,07500021
RPTNMLTJJHKGFAN09DA,嘉興段,3321.00,非都市：特定農業區 ; 非都市編定：農牧用地,1,1,全筆移轉,17880000
RPTNMLRLKIJGFAN56DA,彰泰段,27.73,都市：其他:住宅區,20000,58,持分移轉,04630000
RPTNMLRLKIJGFAN56DA,彰泰段,.03,都市：其他:住宅區,20000,58,持分移轉,04640000
RPVOMLPJKHKGFBN56DA,伸股段,22.50,都市：其他:第二種住宅區,28,3,持分移轉,00650015
RPVOMLPJKHKGFBN56DA,伸股段,.61,都市：其他:第二種住宅區,41,1,持分移轉,00650016
RPVOMLPJKHKGFBN56DA,伸股段,52.72,都市：其他:第二種住宅區,1,1,全筆移轉,00650020
RPUOMLPJKHKGFBN09DA,伸股段,.61,都市：其他:第二種住宅區,41,1,持分移轉,00650016
RPUOMLPJKHKGFBN09DA,伸股段,22.50,都市：其他:第二種住宅區,28,3,持分移轉,00650025
RPUOMLPJKHKGFBN09DA,伸股段,50.63,都市：其他:第二種住宅區,1,1,全筆移轉,00650028
RPUOMLPKJHKGFAN98DA,東芳段,57.37,都市：其他:住宅區,1,1,全筆移轉,00810000
RPUOMLPKJHKGFAN98DA,東芳段,16.31,都市：其他:住宅區,8,1,持分移轉,00840000
RPUOMLPKJHKGFAN98DA,東芳段,12.43,都市：其他:住宅區,12,1,持分移轉,00940000
RPPNMLOJKHKGFBN38DA,全興段,122.07,非都市：工業區 ; 非都市編定：丁種建築用地,1,1,全筆移轉,05720000
RPRNMLLKKHKGFCN48DA,三元段,1530.00,非都市：特定農業區 ; 非都市編定：農牧用地,1,1,全筆移轉,03330000
RPPNMLRKKHKGFAN68DA,西勢子段過溝子小段,79.50,都市：其他:住宅區,1,1,全筆移轉,00220001
RPPNMLRKKHKGFAN68DA,西勢子段過溝子小段,14.00,都市：其他:住宅區,1,1,全筆移轉,00220034
RPPNMLQKJHKGFGN56EA,芳頂段,45.00,非都市：特定農業區 ; 非都市編定：農牧用地,14,2,持分移轉,03490000
RPPNMLQKJHKGFGN56EA,芳頂段,65.43,非都市：特定農業區 ; 非都市編定：甲種建築用地,14,2,持分移轉,03500000
RPPNMLNKKHKGFDN58DA,員林段,22.77,都市：其他:第一種商業區,300000,273,持分移轉,00480000
RPXNMLLLJHKGFAN88DA,南興段,699.00,都市：其他:農業區,1,1,全筆移轉,08570000
RPRNMLSJKHKGFAN88DA,線東段,67.39,都市：其他:住宅區,1,1,全筆移轉,04220000
RPRNMLSJKHKGFAN88DA,線東段,62.10,都市：其他:農業區,1,1,全筆移轉,04220001
RPRNMLSJKHKGFAN88DA,線東段,193.66,都市：其他:住宅區,1,1,全筆移轉,04280000
RPRNMLSJKHKGFAN88DA,線東段,139.20,都市：其他:農業區,1,1,全筆移轉,04280001
RPVNMLNLKIJGFBN09DA,伸南段,17.57,都市：其他:住宅區,14,1,持分移轉,03370000
RPVNMLNLKIJGFBN09DA,伸南段,11.00,都市：其他:住宅區,1,1,全筆移轉,03370005
RPVNMLNLKIJGFBN09DA,伸南段,45.00,都市：其他:住宅區,1,1,全筆移轉,03370007
RPVNMLNLKIJGFBN09DA,伸南段,.07,都市：其他:住宅區,14,1,持分移轉,03370020
RPVNMLNLKIJGFBN09DA,伸南段,.14,都市：其他:住宅區,14,1,持分移轉,03370021
RPVNMLNLKIJGFBN09DA,伸南段,10.64,都市：其他:人行步道用地,14,1,持分移轉,03430000
RPRNMLRJKHKGFFN66DA,後溪段,575.55,非都市：特定農業區 ; 非都市編定：農牧用地,1,1,全筆移轉,12220000
RPRNMLQJKHKGFFN56DA,大安段,436.03,都市：其他:乙種工業區,1,1,全筆移轉,03380004
RPRNMLPJKHKGFAN58DA,大埔段,19.81,都市：其他:住宅區,10000,73,持分移轉,05750000
RPQNMLRJKHKGFDN98DA,明倫段,31.52,都市：其他:第一種住宅區,100000,6319,持分移轉,03770001
RPVNMLRJKHKGFDN86DA,員林段,23.02,都市：其他:第一種商業區,100000,92,持分移轉,00480000
RPRNMLSJKHKGFGN86DA,興南段,1257.16,非都市：特定農業區 ; 非都市編定：農牧用地,2,1,持分移轉,04850000
RPTNMLRJKHKGFAN98DA,延平段,6.86,都市：其他:住宅區,10000,572,持分移轉,09620007
RPUNMLRJKHKGFAN09DA,南興段,.35,都市：其他:道路用地,1800,79,持分移轉,03750002
RPPNMLPJKHKGFCN58DA,景福段,75.96,都市：其他:住宅區,1,1,全筆移轉,05520000
RPPNMLSJKHKGFCN88DA,東昇段,69.00,非都市：鄉村區 ; 非都市編定：乙種建築用地,1,1,全筆移轉,15180000
RPPNMLKKKHKGFCN18DA,鹽埔段,103.42,非都市：一般農業區 ; 非都市編定：養殖用地,1,1,全筆移轉,13380000
RPPNMLLKJHKGFHN68DA,永興段,1890.00,非都市：特定農業區 ; 非都市編定：農牧用地,1,1,全筆移轉,07340000
RPPNMLLKJHKGFHN68DA,永興段,1110.00,非都市：特定農業區 ; 非都市編定：農牧用地,1,1,全筆移轉,07340001
RPUNMLPLKIJGFAN09DA,西門口段,117.00,都市：其他:住宅區,1,1,全筆移轉,05100074
RPSOMLLKKHKGFAN48DA,南興段,41.46,都市：其他:道路用地,540,386,持分移轉,07620003
RPTNMLKKKHKGFDN68DA,明倫段,33.51,非都市：特定農業區 ; 非都市編定：甲種建築用地,100000,2720,持分移轉,03060000
RPTNMLKKKHKGFDN68DA,明倫段,.87,非都市：特定農業區 ; 非都市編定：水利用地,100000,2720,持分移轉,03070000
SPSOMLLKKHKGFAN58DA,南興段,412.45,都市：其他:道路用地,540,386,持分移轉,07620004
SPSOMLLKKHKGFAN58DA,南興段,8.00,都市：其他:道路用地,1,1,全筆移轉,07720005
TPSOMLLKKHKGFAN68DA,南興段,19.07,都市：其他:道路用地,4392,698,持分移轉,07370007
UPSOMLLKKHKGFAN78DA,南興段,6.52,都市：其他:道路用地,4392,698,持分移轉,07370013
VPSOMLLKKHKGFAN88DA,南興段,158.00,都市：其他:道路用地,1,1,全筆移轉,07710003
RPXNMLPJKHKGFBN66DA,伸股段,.61,都市：其他:第二種住宅區,82,2,持分移轉,00650016
RPWNMLPJKHKGFBN56DA,伸股段,.61,都市：其他:第二種住宅區,41,1,持分移轉,00650016
RPXNMLPJKHKGFBN66DA,伸股段,52.03,都市：其他:第二種住宅區,1,1,全筆移轉,00650024
RPXNMLPJKHKGFBN66DA,伸股段,22.50,都市：其他:第二種住宅區,56,6,持分移轉,00650025
RPWNMLPJKHKGFBN56DA,伸股段,50.63,都市：其他:第二種住宅區,1,1,全筆移轉,00650022
RPWNMLPJKHKGFBN56DA,伸股段,22.50,都市：其他:第二種住宅區,28,3,持分移轉,00650025
RPSNMLLKKHKGFDN68DA,五汴段,490.31,非都市：鄉村區 ; 非都市編定：乙種建築用地,1,1,全筆移轉,03340000
RPPNMLNKKHKGFBN38DA,仁愛段,82.00,都市：其他:住宅區,1,1,全筆移轉,05170038
RPTNMLLKKHKGFDN78DA,五汴段,207.12,非都市：鄉村區 ; 非都市編定：乙種建築用地,1,1,全筆移轉,03330000
RPQNMLMKKHKGFDN58DA,橋愛段,19.71,都市：其他:第一種住宅區,10000,25,持分移轉,12270000
RPPNMLPJKIJGFAN38DA,圳墘段,4249.13,非都市：特定農業區 ; 非都市編定：農牧用地,1,1,全筆移轉,04500000
SPSOMLQJKHKGFAN98DA,莿桐段,8.00,都市：其他:道路用地,1,1,全筆移轉,12480120
RPSOMLQJKHKGFAN88DA,莿桐段,5.00,都市：其他:道路用地兼供河川使用,1,1,全筆移轉,12350002
TPSOMLQJKHKGFAN09DA,莿桐段,.02,都市：其他:道路用地,246,4,持分移轉,12480124
RPSOMLOLKIJGFBN98DA,和中段,23.48,都市：其他:住宅區,10000,29,持分移轉,00600000
TPSNMLRJKHKGFAN09DA,延和段,1.40,都市：其他:道路用地,1,1,全筆移轉,09860008
RPSNMLRJJHKGFBN88DA,新興段,386.93,非都市：一般農業區 ; 非都市編定：甲種建築用地,1,1,全筆移轉,02750000
UPSNMLRJKHKGFAN56DA,延和段,17.61,都市：其他:道路用地,1,1,全筆移轉,09870008
UPSNMLRJKHKGFAN56DA,延和段,21.37,都市：其他:道路用地,1,1,全筆移轉,09920007
UPSNMLRJKHKGFAN56DA,延和段,67.20,都市：其他:道路用地,1,1,全筆移轉,09920009
VPSNMLRJKHKGFAN66DA,延和段,64.43,都市：其他:道路用地,1,1,全筆移轉,09870009
VPSNMLRJKHKGFAN66DA,延和段,11.22,都市：其他:道路用地,1,1,全筆移轉,09870010
VPSNMLRJKHKGFAN66DA,延和段,82.77,都市：其他:道路用地,1,1,全筆移轉,09870011
VPSNMLRJKHKGFAN66DA,延和段,5.00,都市：其他:道路用地,960,160,持分移轉,09910013
VPSNMLRJKHKGFAN66DA,延和段,43.19,都市：其他:道路用地,1,1,全筆移轉,09920011
YPSNMLRJKHKGFAN96DA,延和段,.83,都市：其他:道路用地,960,160,持分移轉,09910010
YPSNMLRJKHKGFAN96DA,延和段,7.67,都市：其他:道路用地,960,160,持分移轉,09910018
RQSNMLRJKHKGFAN98DA,延和段,181.00,都市：其他:道路用地,1,1,全筆移轉,09930005
QQSNMLRJKHKGFAN88DA,延和段,73.24,都市：其他:道路用地,1,1,全筆移轉,09920010
QQSNMLRJKHKGFAN88DA,延和段,3.00,都市：其他:道路用地,1,1,全筆移轉,09950007
ZPSNMLRJKHKGFAN07DA,延和段,15.47,都市：其他:農業區,960,928,持分移轉,09910019
ZPSNMLRJKHKGFAN07DA,延和段,50.74,都市：其他:農業區,960,928,持分移轉,09920014
SPVNMLRJKHKGFAN66DA,南興段,81.00,都市：其他:道路用地,1,1,全筆移轉,04210008
SQSNMLRJKHKGFAN09DA,延和段,15.00,都市：其他:道路用地,1,1,全筆移轉,10470007
SPVNMLRJKHKGFAN66DA,南興段,17.25,都市：其他:道路用地,40,30,持分移轉,04250007
SQSNMLRJKHKGFAN09DA,延和段,5.00,都市：其他:道路用地,1,1,全筆移轉,10470008
SQSNMLRJKHKGFAN09DA,延和段,1.00,都市：其他:道路用地,1,1,全筆移轉,10470010
SQSNMLRJKHKGFAN09DA,延和段,8.00,,1,1,全筆移轉,10470013
RPVNMLRJKHKGFAN56DA,南興段,163.00,都市：其他:道路用地,1,1,全筆移轉,04210007
RPVNMLRJKHKGFAN56DA,南興段,509.00,都市：其他:道路用地,1,1,全筆移轉,04210011
RPVNMLRJKHKGFAN56DA,南興段,440.00,都市：其他:道路用地,1,1,全筆移轉,04250010
TPVNMLRJKHKGFAN76DA,南興段,.07,都市：其他:道路用地,40,1,持分移轉,04250006
WPVNMLRJKHKGFAN07DA,南興段,1.00,都市：其他:道路用地,1,1,全筆移轉,04390003
WPVNMLRJKHKGFAN07DA,南興段,.25,都市：其他:道路用地,12,3,持分移轉,04390004
VPVNMLRJKHKGFAN96DA,南興段,3.00,都市：其他:道路用地,1,1,全筆移轉,04340010
VPVNMLRJKHKGFAN96DA,南興段,6.00,都市：其他:道路用地,1,1,全筆移轉,04340011
UPVNMLRJKHKGFAN86DA,南興段,132.00,都市：其他:道路用地,1,1,全筆移轉,04290005
UPVNMLRJKHKGFAN86DA,南興段,11.55,都市：其他:道路用地,40,11,持分移轉,04340012
UPVNMLRJKHKGFAN86DA,南興段,.55,都市：其他:道路用地,40,11,持分移轉,04340013
XPVNMLRJKHKGFAN17DA,南興段,10.00,都市：其他:道路用地,1,1,全筆移轉,04400002
YPVNMLRJKHKGFAN27DA,南興段,316.80,都市：其他:道路用地,40,32,持分移轉,07320003
YPVNMLRJKHKGFAN27DA,南興段,74.00,都市：其他:道路用地,1,1,全筆移轉,07320004
SPSNMLRJKHKGFAN98DA,延和段,2.00,都市：其他:道路用地,1,1,全筆移轉,09860007
RPSNMLRJKHKGFAN88DA,延和段,1.00,都市：其他:道路用地,1,1,全筆移轉,09860006
WPSNMLRJKHKGFAN76DA,延和段,39.63,都市：其他:道路用地,960,928,持分移轉,09880005
WPSNMLRJKHKGFAN76DA,延和段,26.10,都市：其他:道路用地,960,928,持分移轉,09900003
WPSNMLRJKHKGFAN76DA,延和段,21.27,都市：其他:道路用地兼供河川使用,960,928,持分移轉,09910012
XPSNMLRJKHKGFAN86DA,延和段,6.77,都市：其他:道路用地,960,928,持分移轉,09910009
RPXNMLNKKHKGFAN09DA,福岩段,204.22,非都市：山坡地保育區 ; 非都市編定：丙種建築用地,1,1,全筆移轉,07130009
RPXNMLNKKHKGFAN09DA,福岩段,39.54,非都市：山坡地保育區 ; 非都市編定：丙種建築用地,1,1,全筆移轉,07130019
RPQNMLMLJHKGFEN68DA,太平段,2.76,非都市：鄉村區 ; 非都市編定：乙種建築用地,70,1,持分移轉,04930000
RPQNMLMLJHKGFEN68DA,太平段,89.94,非都市：鄉村區 ; 非都市編定：乙種建築用地,1,1,全筆移轉,04930036
RPQNMLMLJHKGFEN68DA,太平段,19.25,非都市：鄉村區 ; 非都市編定：乙種建築用地,70,1,持分移轉,04930089
RPQNMLMLJHKGFEN68DA,太平段,1.37,非都市：鄉村區 ; 非都市編定：乙種建築用地,70,1,持分移轉,04930090
RPRNMLRJKHKGFAN78DA,新舊社段,541.12,非都市：鄉村區 ; 非都市編定：乙種建築用地,1,1,全筆移轉,16320001
RPRNMLNLJHKGFDN78DA,橋愛段,28.38,都市：其他:第一種住宅區,10000,36,持分移轉,12270000
RPQNMLOJKHKGFHN09DA,瓦窯中段,157.60,都市：其他:第一種住宅區,1,1,全筆移轉,13880000
RPRNMLSJKHKGFDN56DA,新西東段,299.09,非都市：鄉村區 ; 非都市編定：乙種建築用地,1,1,全筆移轉,04940006
RPQNMLLKKHKGFEN58DA,湳西段,181.00,非都市：特定農業區 ; 非都市編定：甲種建築用地,1,1,全筆移轉,01080000
RPQNMLLKKHKGFEN58DA,湳西段,181.00,非都市：特定農業區 ; 非都市編定：甲種建築用地,1,1,全筆移轉,01080002
RPQNMLSJKHKGFAN78DA,南郭段南郭小段,14.92,都市：其他:住宅區,10000,65,持分移轉,01540027
RPQNMLSJKHKGFAN78DA,南郭段南郭小段,5.70,都市：其他:住宅區,10000,65,持分移轉,01540529
RPRNMLPJKHKGFFN09DA,潮洋厝段,111.00,非都市：鄉村區 ; 非都市編定：乙種建築用地,1,1,全筆移轉,01200002
RPRNMLPJKHKGFFN09DA,潮洋厝段,31.00,非都市：鄉村區 ; 非都市編定：乙種建築用地,4,2,持分移轉,01200011
RPRNMLPJKHKGFFN09DA,潮洋厝段,23.00,非都市：鄉村區 ; 非都市編定：乙種建築用地,1,1,全筆移轉,01200012
RPRNMLPJKHKGFFN09DA,潮洋厝段,100.00,非都市：鄉村區 ; 非都市編定：乙種建築用地,1,1,全筆移轉,01200013
RPRNMLPJKHKGFFN09DA,潮洋厝段,32.00,非都市：鄉村區 ; 非都市編定：乙種建築用地,1,1,全筆移轉,01200014
RPSNMLLLJHKGFHN09DA,媽厝段,1514.01,非都市：特定農業區 ; 非都市編定：農牧用地,1,1,全筆移轉,01520000
RPSNMLLLJHKGFHN09DA,媽厝段,303.33,非都市：特定農業區 ; 非都市編定：農牧用地,1,1,全筆移轉,01530000
SPSNMLLLJHKGFHN56DA,媽厝段,242.36,非都市：特定農業區 ; 非都市編定：甲種建築用地,1,1,全筆移轉,01540000
SPSNMLLLJHKGFHN56DA,媽厝段,975.00,非都市：特定農業區 ; 非都市編定：甲種建築用地,1,1,全筆移轉,01550000
RPPNMLNKKHKGFHN98DA,大庭段,149.94,都市：其他:農業區,1,1,全筆移轉,03040002
RPPNMLNKKHKGFHN98DA,大庭段,28.13,都市：其他:農業區,8,1,持分移轉,03040003
RPPNMLNKKHKGFHN98DA,大庭段,1.12,都市：其他:農業區,16,1,持分移轉,03050001
RPPNMLSJKHKGFCN98EA,新生段,322.00,非都市：特定農業區 ; 非都市編定：水利用地,1,1,全筆移轉,24360001
RPPNMLRJKHKGFAN58DA,大埔段,85.00,都市：其他:住宅區,1,1,全筆移轉,03130030
RPUNMLQJKIJGFEN76DA,保黎段,85.68,都市：其他:住宅區,1,1,全筆移轉,05620008
RPVNMLQJKIJGFEN86DA,保黎段,84.73,都市：其他:住宅區,1,1,全筆移轉,05620007
RPVNMLRJKHKGFFN07DA,嘉和段,164.00,非都市：鄉村區 ; 非都市編定：乙種建築用地,1,1,全筆移轉,09680000
RPVNMLRJKHKGFFN07DA,嘉和段,23.85,非都市：鄉村區 ; 非都市編定：乙種建築用地,48,5,持分移轉,09680004
RPOOMLPKJHKGFGN98DA,新興段,15.46,非都市：鄉村區 ; 非都市編定：乙種建築用地,24,1,持分移轉,03760012
RPOOMLPKJHKGFGN98DA,新興段,66.00,非都市：鄉村區 ; 非都市編定：乙種建築用地,1,1,全筆移轉,03760023
RPOOMLPKJHKGFGN98DA,新興段,7.00,非都市：鄉村區 ; 非都市編定：乙種建築用地,1,1,全筆移轉,03760026
RPOOMLPKJHKGFGN98DA,新興段,.58,非都市：鄉村區 ; 非都市編定：乙種建築用地,24,1,持分移轉,03760032
SPOOMLPKJHKGFGN09DA,新興段,85.17,非都市：特定農業區 ; 非都市編定：農牧用地,24,1,持分移轉,03780000
RPQNMLNKKHKGFAN38DA,福竹段,99.62,非都市：特定農業區 ; 非都市編定：丁種建築用地,100000,1806,持分移轉,11310000
RPQNMLNKKHKGFAN38DA,福竹段,576.00,非都市：特定農業區 ; 非都市編定：丁種建築用地,1,1,全筆移轉,11310055
RPQNMLNKKHKGFAN38DA,福竹段,25.70,非都市：山坡地保育區 ; 非都市編定：丁種建築用地,100000,1806,持分移轉,11490000
RPQNMLNKKHKGFAN38DA,福竹段,2.77,非都市：山坡地保育區 ; 非都市編定：丁種建築用地,100000,2906,持分移轉,11490009
RPQNMLNKKHKGFAN38DA,福竹段,2.72,非都市：山坡地保育區 ; 非都市編定：丙種建築用地,100000,2906,持分移轉,11520001
RPQNMLNKKHKGFAN38DA,福竹段,5.10,非都市：山坡地保育區 ; 非都市編定：丙種建築用地,100000,2906,持分移轉,13010002
RPSNMLNLJHKGFFN09DA,稻香段,194.56,非都市：特定農業區 ; 非都市編定：農牧用地,72,5,持分移轉,03610000
RPWNMLKKKHKGFBN78DA,竹營段,927.00,都市：其他:住宅區,1,1,全筆移轉,07980010
RPWNMLKKKHKGFBN78DA,竹營段,116.00,都市：其他:住宅區,1,1,全筆移轉,07980011
RPTNMLKKKHKGFBN48DA,伸股段,78.79,都市：其他:第二種住宅區,1,1,全筆移轉,01020000
RPTNMLKKKHKGFBN48DA,伸股段,11.06,都市：其他:第二種住宅區,16,1,持分移轉,01020005
RPPPMLPJKHKGFAN58DA,福安段,31.06,都市：其他:道路用地,3,1,持分移轉,04980000
RPOPMLPJKHKGFBN58DA,伸股段,7.50,都市：其他:第二種住宅區,28,1,持分移轉,00650015
RPOPMLPJKHKGFBN58DA,伸股段,.61,都市：其他:第二種住宅區,41,1,持分移轉,00650016
RPOPMLPJKHKGFBN58DA,伸股段,88.62,都市：其他:第二種住宅區,1,1,全筆移轉,00650040
RPPNMLRKKHKGFDN98DA,鎮興段,25.73,都市：其他:農業區,36,3,持分移轉,01580000
RPPNMLRKKHKGFDN98DA,鎮興段,98.26,都市：其他:農業區,1,1,全筆移轉,01600000
RPWOMLPJKHKGFBN66DA,伸股段,.61,都市：其他:第二種住宅區,41,1,持分移轉,00650016
RPWOMLPJKHKGFBN66DA,伸股段,7.50,都市：其他:第二種住宅區,28,1,持分移轉,00650025
RPWOMLPJKHKGFBN66DA,伸股段,91.97,都市：其他:第二種住宅區,1,1,全筆移轉,00650043
RPQNMLSJKHKGFBN88DA,伸股段,49.57,都市：其他:第二種住宅區,1,1,全筆移轉,01020004
RPQNMLSJKHKGFBN88DA,伸股段,22.12,都市：其他:第二種住宅區,8,1,持分移轉,01020005
RPXOMLPJKHKGFBN76DA,伸股段,7.50,都市：其他:第二種住宅區,28,1,持分移轉,00650015
RPXOMLPJKHKGFBN76DA,伸股段,.61,都市：其他:第二種住宅區,41,1,持分移轉,00650016
RPXOMLPJKHKGFBN76DA,伸股段,87.36,都市：其他:第二種住宅區,1,1,全筆移轉,00650041
RPSNMLNJKHKGFAN48DA,東興段,48.00,都市：其他:工業區,1,1,全筆移轉,04000005
RPTNMLNJKHKGFAN58DA,東興段,50.00,都市：其他:工業區,1,1,全筆移轉,04000004
RPUNMLRJKHKGFDN76DA,村上段,242.59,非都市：鄉村區 ; 非都市編定：乙種建築用地,1350,225,持分移轉,06590000
RPQNMLLKKHKGFAN18DA,延平段,89.00,都市：其他:住宅區,1,1,全筆移轉,04100000
RPQNMLTLKIJGFHN17DA,西溪段,488.00,都市：其他:工業區,1,1,全筆移轉,06340001
RPTNMLPJKHKGFBN88DA,伸股段,.61,都市：其他:第二種住宅區,41,1,持分移轉,00650016
RPTNMLPJKHKGFBN88DA,伸股段,7.50,都市：其他:第二種住宅區,28,1,持分移轉,00650025
RPTNMLPJKHKGFBN88DA,伸股段,87.36,都市：其他:第二種住宅區,1,1,全筆移轉,00650044
RPUNMLQJKHKGFHN07DA,霖興段,707.00,都市：其他:農業區,1,1,全筆移轉,05130000
RPUNMLQJKHKGFHN07DA,霖興段,770.00,都市：其他:農業區,1,1,全筆移轉,05140000
RPUNMLQJKHKGFHN07DA,霖興段,784.00,都市：其他:農業區,1,1,全筆移轉,05150000
RPUNMLOKKHKGFDN56DA,村上段,119.32,非都市：鄉村區 ; 非都市編定：乙種建築用地,57600,3528,持分移轉,06550000
RPRNMLNKKHKGFHN56DA,永平段,19.46,非都市：鄉村區 ; 非都市編定：乙種建築用地,10000,447,持分移轉,03850000
RPRNMLNKKHKGFHN56DA,永平段,7.04,非都市：鄉村區 ; 非都市編定：乙種建築用地,10000,447,持分移轉,03880000
RPQNMLNKKHKGFHN09DA,永平段,26.21,非都市：鄉村區 ; 非都市編定：乙種建築用地,10000,602,持分移轉,03850000
RPQNMLNKKHKGFHN09DA,永平段,9.49,非都市：鄉村區 ; 非都市編定：乙種建築用地,10000,602,持分移轉,03880000
RPXNMLMKKHKGFFN86DA,七星段,771.04,非都市：特定農業區 ; 非都市編定：農牧用地,5,4,持分移轉,06560000
RPXNMLMKKHKGFFN86DA,七星段,685.60,非都市：特定農業區 ; 非都市編定：農牧用地,5,4,持分移轉,06580000
RPXNMLMKKHKGFFN86DA,七星段,1036.81,非都市：特定農業區 ; 非都市編定：農牧用地,5,4,持分移轉,06590000
RPXOMLPJKHKGFAN66DA,福安段,366.51,都市：其他:商業區,1,1,全筆移轉,04580000
RPUOMLPJKHKGFAN98DA,福安段,33.97,都市：其他:商業區,1,1,全筆移轉,04970000
RPQNMLTJKHKGFAN88DA,牛稠子段下廍小段,25.39,都市：其他:住宅區,10000,50,持分移轉,02230002
RPVPMLOLJHKGFAN56DA,牛稠子段下廍小段,25.39,都市：其他:住宅區,10000,50,持分移轉,02230002
RPSPMLPJKHKGFBN98DA,伸股段,51.47,都市：其他:第二種住宅區,1,1,全筆移轉,00650001
RPSPMLPJKHKGFBN98DA,伸股段,22.50,都市：其他:第二種住宅區,28,3,持分移轉,00650005
RPSPMLPJKHKGFBN98DA,伸股段,.61,都市：其他:第二種住宅區,41,1,持分移轉,00650016
RPSSMLOLJHKGFAN56DA,牛稠子段下廍小段,25.39,都市：其他:住宅區,10000,50,持分移轉,02230002
RPWNMLQJKHKGFHN27DA,福安段,13.35,都市：其他:商業區,37300,1335,持分移轉,02340000
RPSNMLQKJHKGFGN76DA,儒田段,109.16,都市：其他:住宅區,1,1,全筆移轉,08460001
RPSOMLPJKHKGFBN88DA,伸股段,52.03,都市：其他:第二種住宅區,1,1,全筆移轉,00650004
RPSOMLPJKHKGFBN88DA,伸股段,22.50,都市：其他:第二種住宅區,28,3,持分移轉,00650005
RPSOMLPJKHKGFBN88DA,伸股段,.61,都市：其他:第二種住宅區,41,1,持分移轉,00650016
RPQOMLTKKIJGFAN09DA,溪北段,94.12,非都市：鄉村區 ; 非都市編定：乙種建築用地,1,1,全筆移轉,04640000
RPWNMLSJKHKGFAN76DA,秀水段,189.22,都市：其他:住宅區,1,1,全筆移轉,02060002
RPXNMLOJKIJGFCN66DA,永福段,24.90,都市：其他:住宅區,42,2,持分移轉,05540000
RPQQMLNLJHKGFAN68DA,牛稠子段下廍小段,25.39,都市：其他:住宅區,10000,50,持分移轉,02230002
SPWNMLPKJHKGFGN17DA,新興段,85.17,非都市：特定農業區 ; 非都市編定：農牧用地,24,1,持分移轉,03780000
RPWNMLPKJHKGFGN07DA,新興段,84.00,非都市：鄉村區 ; 非都市編定：乙種建築用地,1,1,全筆移轉,03760002
RPWNMLPKJHKGFGN07DA,新興段,15.46,非都市：鄉村區 ; 非都市編定：乙種建築用地,24,1,持分移轉,03760012
RPWNMLPKJHKGFGN07DA,新興段,.58,非都市：鄉村區 ; 非都市編定：乙種建築用地,24,1,持分移轉,03760032
RPTPMLPJKHKGFAN98DA,福安段,722.49,都市：其他:商業區,1,1,全筆移轉,04590000
SPTPMLPJKHKGFAN09DA,福安段,62.13,都市：其他:道路用地,3,2,持分移轉,04980000
RPSQMLOLJHKGFAN98DA,牛稠子段下廍小段,25.39,都市：其他:住宅區,10000,50,持分移轉,02230002
RPRNMLQKJHKGFGN66DA,儒田段,112.38,都市：其他:住宅區,1,1,全筆移轉,08460000
RPPNMLPKJHKGFEN78DA,光明段,8.14,都市：其他:道路用地,8,1,持分移轉,09070000
RPPNMLPKJHKGFEN78DA,光明段,96.19,都市：其他:住宅區,1,1,全筆移轉,09080002
RPSNMLPKJHKGFHN76DA,太平東段,725.19,非都市：特定農業區 ; 非都市編定：甲種建築用地,1,1,全筆移轉,15630000
RPSNMLPKJHKGFHN76DA,太平東段,131.61,非都市：特定農業區 ; 非都市編定：甲種建築用地,1,1,全筆移轉,15640000
RPPRMLOLJHKGFAN78DA,牛稠子段下廍小段,25.39,都市：其他:住宅區,10000,50,持分移轉,02230002
RPXRMLOLJHKGFAN96DA,牛稠子段下廍小段,25.39,都市：其他:住宅區,10000,50,持分移轉,02230002
RPTNMLOKKHKGFDN09DA,村上段,242.59,非都市：鄉村區 ; 非都市編定：乙種建築用地,1350,225,持分移轉,06590000
RPRNMLSJKHKGFBN98DA,伸股段,22.12,都市：其他:第二種住宅區,8,1,持分移轉,01020005
RPRNMLSJKHKGFBN98DA,伸股段,49.39,都市：其他:第二種住宅區,1,1,全筆移轉,01020008
RPUPMLOLJHKGFAN09DA,牛稠子段下廍小段,25.39,都市：其他:住宅區,10000,50,持分移轉,02230002
RPQNMLKKKHKGFBN18DA,伸股段,11.06,都市：其他:第二種住宅區,16,1,持分移轉,01020005
RPQNMLKKKHKGFBN18DA,伸股段,78.74,都市：其他:第二種住宅區,1,1,全筆移轉,01020006
RPRNMLKKKHKGFBN28DA,伸股段,49.43,都市：其他:第二種住宅區,1,1,全筆移轉,01020002
RPRNMLKKKHKGFBN28DA,伸股段,22.12,都市：其他:第二種住宅區,8,1,持分移轉,01020005
RPQNMLQJKIJGFHN66DA,五通段,635.35,非都市：特定農業區 ; 非都市編定：農牧用地,2,1,持分移轉,00670000
RPSNMLKKKHKGFBN38DA,伸股段,48.35,都市：其他:第二種住宅區,1,1,全筆移轉,01020003
RPSNMLKKKHKGFBN38DA,伸股段,22.12,都市：其他:第二種住宅區,8,1,持分移轉,01020005
RPXOMLOLJHKGFAN66DA,牛稠子段下廍小段,25.39,都市：其他:住宅區,10000,50,持分移轉,02230002
RPTNMLQLJIJGFHN07DA,義民段,1.17,都市：其他:道路用地,12,1,持分移轉,08870000
RPTNMLQLJIJGFHN07DA,義民段,13.08,都市：其他:道路用地,12,1,持分移轉,08940000
RPTNMLSJKHKGFBN56DA,伸股段,22.12,都市：其他:第二種住宅區,8,1,持分移轉,01020005
RPTNMLSJKHKGFBN56DA,伸股段,48.30,都市：其他:第二種住宅區,1,1,全筆移轉,01020009
RPQRMLOLJHKGFAN88DA,牛稠子段下廍小段,25.39,都市：其他:住宅區,10000,50,持分移轉,02230002
RPTNMLOLJHKGFAN78DA,牛稠子段下廍小段,25.39,都市：其他:住宅區,10000,50,持分移轉,02230002
RPROMLOLJHKGFAN68DA,牛稠子段下廍小段,25.39,都市：其他:住宅區,10000,50,持分移轉,02230002
RPTOMLOLJHKGFAN88DA,牛稠子段下廍小段,25.39,都市：其他:住宅區,10000,50,持分移轉,02230002
RPQNMLQJKHKGFHN66DA,福安段,33.99,都市：其他:商業區,37300,3399,持分移轉,02340000
RPWSMLNLJHKGFAN86DA,牛稠子段下廍小段,25.39,都市：其他:住宅區,10000,50,持分移轉,02230002
RPRNMLQJKHKGFHN76DA,福安段,33.99,都市：其他:商業區,37300,3399,持分移轉,02340000
RPRQMLNLJHKGFAN78DA,牛稠子段下廍小段,25.39,都市：其他:住宅區,10000,50,持分移轉,02230002
RPSNMLNLJHKGFAN58DA,牛稠子段下廍小段,32.49,都市：其他:住宅區,10000,64,持分移轉,02230002
RPORMLNLJHKGFAN58DA,牛稠子段下廍小段,25.39,都市：其他:住宅區,10000,50,持分移轉,02230002
RPTQMLNLJHKGFAN98DA,牛稠子段下廍小段,25.39,都市：其他:住宅區,10000,50,持分移轉,02230002
RPSQMLNLJHKGFAN88DA,牛稠子段下廍小段,25.39,都市：其他:住宅區,10000,50,持分移轉,02230002
RPPNMLOLJHKGFAN38DA,牛稠子段下廍小段,25.39,都市：其他:住宅區,10000,50,持分移轉,02230002
RPQNMLOLJHKGFAN48DA,牛稠子段下廍小段,25.39,都市：其他:住宅區,10000,50,持分移轉,02230002
RPQSMLOLJHKGFAN98DA,牛稠子段下廍小段,19.29,都市：其他:住宅區,10000,38,持分移轉,02230002
RPXSMLOLJHKGFAN07DA,牛稠子段下廍小段,19.29,都市：其他:住宅區,10000,38,持分移轉,02230002
RPTNMLQJKHKGFHN96DA,福安段,37.05,都市：其他:商業區,37300,3705,持分移轉,02340000
RPTNMLQKJHKGFGN86DA,儒田段,155.05,都市：其他:住宅區,1,1,全筆移轉,08460005
RPQPMLPJKHKGFBN78DA,伸股段,7.50,都市：其他:第二種住宅區,28,1,持分移轉,00650005
RPQPMLPJKHKGFBN78DA,伸股段,.61,都市：其他:第二種住宅區,41,1,持分移轉,00650016
RPQPMLPJKHKGFBN78DA,伸股段,87.36,都市：其他:第二種住宅區,1,1,全筆移轉,00650037
RPTNMLNLJHKGFAN68DA,牛稠子段下廍小段,25.39,都市：其他:住宅區,10000,50,持分移轉,02230002
RPUNMLOJJHKGFDN98DA,村上段,32.47,非都市：鄉村區 ; 非都市編定：乙種建築用地,720,12,持分移轉,06550000
RPUNMLOJJHKGFDN98DA,村上段,121.76,非都市：鄉村區 ; 非都市編定：乙種建築用地,720,45,持分移轉,06550000
RPUNMLOJJHKGFDN98DA,村上段,25.47,非都市：鄉村區 ; 非都市編定：乙種建築用地,57600,753,持分移轉,06550000
RPUNMLOJJHKGFDN98DA,村上段,181.14,非都市：鄉村區 ; 非都市編定：乙種建築用地,1350,168,持分移轉,06590000
RPXNMLRJKHKGFAN76DA,金興段,883.00,非都市：特定農業區 ; 非都市編定：農牧用地,2,1,持分移轉,05130000
RPVNMLPJKHKGFBN09DA,伸股段,94.50,都市：其他:第二種住宅區,1,1,全筆移轉,00650000
RPVNMLPJKHKGFBN09DA,伸股段,7.50,都市：其他:第二種住宅區,56,2,持分移轉,00650005
RPVNMLPJKHKGFBN09DA,伸股段,.61,都市：其他:第二種住宅區,82,2,持分移轉,00650016
RPVQMLOLJHKGFAN66DA,牛稠子段下廍小段,19.29,都市：其他:住宅區,10000,38,持分移轉,02230002
RPSNMLOLJHKGFAN68DA,牛稠子段下廍小段,25.39,都市：其他:住宅區,10000,50,持分移轉,02230002
RPPOMLOKKHKGFDN78DA,橋愛段,29.17,都市：其他:第一種住宅區,10000,37,持分移轉,12270000
RPRNMLOLJHKGFAN58DA,牛稠子段下廍小段,19.29,都市：其他:住宅區,10000,38,持分移轉,02230002
RPVNMLOLJHKGFAN98DA,牛稠子段下廍小段,25.39,都市：其他:住宅區,10000,50,持分移轉,02230002
RPQNMLNLJHKGFAN38DA,牛稠子段下廍小段,27.42,都市：其他:住宅區,10000,54,持分移轉,02230002
RPSRMLNLJHKGFAN98DA,牛稠子段下廍小段,25.39,都市：其他:住宅區,10000,50,持分移轉,02230002
RPRRMLNLJHKGFAN88DA,牛稠子段下廍小段,25.39,都市：其他:住宅區,10000,50,持分移轉,02230002
RPPRMLNLJHKGFAN68DA,牛稠子段下廍小段,19.29,都市：其他:住宅區,10000,38,持分移轉,02230002
RPROMLNLJHKGFAN58DA,牛稠子段下廍小段,32.49,都市：其他:住宅區,10000,64,持分移轉,02230002
RPSOMLNLJHKGFAN68DA,牛稠子段下廍小段,20.82,都市：其他:住宅區,10000,41,持分移轉,02230002
RPWPMLOLJHKGFAN66DA,牛稠子段下廍小段,25.39,都市：其他:住宅區,10000,50,持分移轉,02230002
RPVNMLLKKHKGFFN56DA,沙崙段,28.50,非都市：鄉村區 ; 非都市編定：乙種建築用地,4,1,持分移轉,04050000
RPVNMLLKKHKGFFN56DA,沙崙段,1.21,非都市：鄉村區 ; 非都市編定：乙種建築用地,1,1,全筆移轉,04050001
RPVNMLLKKHKGFFN56DA,沙崙段,80.99,非都市：鄉村區 ; 非都市編定：乙種建築用地,1,1,全筆移轉,04050002
RPVNMLLKKHKGFFN56DA,沙崙段,.14,非都市：鄉村區 ; 非都市編定：乙種建築用地,4,1,持分移轉,04050006
RPWNMLKKKHKGFDN98DA,橋愛段,28.38,都市：其他:第一種住宅區,10000,36,持分移轉,12270000
RPORMLOLJHKGFAN68DA,牛稠子段下廍小段,25.39,都市：其他:住宅區,10000,50,持分移轉,02230002
RPTQMLOLJHKGFAN09DA,牛稠子段下廍小段,25.39,都市：其他:住宅區,10000,50,持分移轉,02230002
RPXPMLOLJHKGFAN76DA,牛稠子段下廍小段,25.39,都市：其他:住宅區,10000,50,持分移轉,02230002
RPPSMLNLJHKGFAN78DA,牛稠子段下廍小段,25.39,都市：其他:住宅區,10000,50,持分移轉,02230002
RPOSMLOLJHKGFAN78DA,牛稠子段下廍小段,25.39,都市：其他:住宅區,10000,50,持分移轉,02230002
RPSNMLQJKHKGFEN56DA,太平段,2.76,非都市：鄉村區 ; 非都市編定：乙種建築用地,70,1,持分移轉,04930000
RPSNMLQJKHKGFEN56DA,太平段,85.02,非都市：鄉村區 ; 非都市編定：乙種建築用地,1,1,全筆移轉,04930062
RPSNMLQJKHKGFEN56DA,太平段,19.25,非都市：鄉村區 ; 非都市編定：乙種建築用地,70,1,持分移轉,04930089
RPSNMLQJKHKGFEN56DA,太平段,1.37,非都市：鄉村區 ; 非都市編定：乙種建築用地,70,1,持分移轉,04930090
RPPSMLOLJHKGFAN88DA,牛稠子段下廍小段,25.39,都市：其他:住宅區,10000,50,持分移轉,02230002
RPOOMLOKKHKGFDN68DA,橋愛段,27.59,都市：其他:第一種住宅區,10000,35,持分移轉,12270000
RPPPMLOLJHKGFAN58DA,牛稠子段下廍小段,25.39,都市：其他:住宅區,10000,50,持分移轉,02230002
RPQNMLLKKHKGFGN78DA,芳墘段,1785.35,非都市：一般農業區 ; 非都市編定：農牧用地,1,1,全筆移轉,12360000
RPTSMLNLJHKGFAN56DA,牛稠子段下廍小段,19.80,都市：其他:住宅區,10000,39,持分移轉,02230002
RPUQMLNLJHKGFAN09DA,牛稠子段下廍小段,19.29,都市：其他:住宅區,10000,38,持分移轉,02230002
RPTOMLNLJHKGFAN78DA,牛稠子段下廍小段,19.80,都市：其他:住宅區,10000,39,持分移轉,02230002
RPQPMLOLJHKGFAN68DA,牛稠子段下廍小段,25.39,都市：其他:住宅區,10000,50,持分移轉,02230002
RPTRMLNLJHKGFAN09DA,牛稠子段下廍小段,25.39,都市：其他:住宅區,10000,50,持分移轉,02230002
RPURMLNLJHKGFAN56DA,牛稠子段下廍小段,25.39,都市：其他:住宅區,10000,50,持分移轉,02230002
RPOSMLNLJHKGFAN68DA,牛稠子段下廍小段,25.39,都市：其他:住宅區,10000,50,持分移轉,02230002
RPRPMLOLJHKGFAN78DA,牛稠子段下廍小段,19.29,都市：其他:住宅區,10000,38,持分移轉,02230002
RPRPMLPJKHKGFBN88DA,伸股段,7.50,都市：其他:第二種住宅區,28,1,持分移轉,00650005
RPRPMLPJKHKGFBN88DA,伸股段,101.64,都市：其他:第二種住宅區,1,1,全筆移轉,00650006
RPRPMLPJKHKGFBN88DA,伸股段,.61,都市：其他:第二種住宅區,41,1,持分移轉,00650016
RPXNMLOLJHKGFAN56DA,牛稠子段下廍小段,25.39,都市：其他:住宅區,10000,50,持分移轉,02230002
RPWNMLOLJHKGFAN09DA,牛稠子段下廍小段,25.39,都市：其他:住宅區,10000,50,持分移轉,02230002
RPOOMLOLJHKGFAN38DA,牛稠子段下廍小段,25.39,都市：其他:住宅區,10000,50,持分移轉,02230002
RPRNMLQJKHKGFEN09DA,太平段,2.76,非都市：鄉村區 ; 非都市編定：乙種建築用地,70,1,持分移轉,04930000
RPRNMLQJKHKGFEN09DA,太平段,69.17,非都市：鄉村區 ; 非都市編定：乙種建築用地,1,1,全筆移轉,04930027
RPRNMLQJKHKGFEN09DA,太平段,19.25,非都市：鄉村區 ; 非都市編定：乙種建築用地,70,1,持分移轉,04930089
RPRNMLQJKHKGFEN09DA,太平段,1.37,非都市：鄉村區 ; 非都市編定：乙種建築用地,70,1,持分移轉,04930090
RPRNMLMKKHKGFFN88DA,沙崙段,28.50,非都市：鄉村區 ; 非都市編定：乙種建築用地,4,1,持分移轉,04050000
RPRNMLMKKHKGFFN88DA,沙崙段,74.25,非都市：鄉村區 ; 非都市編定：乙種建築用地,1,1,全筆移轉,04050004
RPRNMLMKKHKGFFN88DA,沙崙段,.14,非都市：鄉村區 ; 非都市編定：乙種建築用地,4,1,持分移轉,04050006
RPSNMLQJKHKGFHN86DA,福安段,37.05,都市：其他:商業區,37300,3705,持分移轉,02340000
RPSNMLKKKHKGFDN58DA,橋愛段,28.38,都市：其他:第一種住宅區,10000,36,持分移轉,12270000
RPPNMLMKKHKGFFN68DA,沙崙段,77.48,非都市：鄉村區 ; 非都市編定：乙種建築用地,1,1,全筆移轉,04050013
RPPNMLMKKHKGFFN68DA,沙崙段,2.09,非都市：鄉村區 ; 非都市編定：乙種建築用地,1,1,全筆移轉,04050014
RPTNMLQJKHKGFEN66DA,太平段,2.76,非都市：鄉村區 ; 非都市編定：乙種建築用地,70,1,持分移轉,04930000
RPTNMLQJKHKGFEN66DA,太平段,2.76,非都市：鄉村區 ; 非都市編定：乙種建築用地,70,1,持分移轉,04930000
RPTNMLQJKHKGFEN66DA,太平段,67.73,非都市：鄉村區 ; 非都市編定：乙種建築用地,1,1,全筆移轉,04930030
RPTNMLQJKHKGFEN66DA,太平段,1.49,非都市：鄉村區 ; 非都市編定：乙種建築用地,1,1,全筆移轉,04930033
RPTNMLQJKHKGFEN66DA,太平段,62.71,非都市：鄉村區 ; 非都市編定：乙種建築用地,1,1,全筆移轉,04930070
RPTNMLQJKHKGFEN66DA,太平段,19.25,非都市：鄉村區 ; 非都市編定：乙種建築用地,70,1,持分移轉,04930089
RPTNMLQJKHKGFEN66DA,太平段,19.25,非都市：鄉村區 ; 非都市編定：乙種建築用地,70,1,持分移轉,04930089
RPTNMLQJKHKGFEN66DA,太平段,1.37,非都市：鄉村區 ; 非都市編定：乙種建築用地,70,1,持分移轉,04930090
RPTNMLQJKHKGFEN66DA,太平段,1.37,非都市：鄉村區 ; 非都市編定：乙種建築用地,70,1,持分移轉,04930090
RPSNMLSKKHKGFGN07DA,竹政段,108.00,都市：其他:住宅區,1,1,全筆移轉,07840011
RPSNMLSKKHKGFGN07DA,竹政段,18.80,都市：其他:住宅區,1000,94,持分移轉,07840012
RPSNMLSKKHKGFGN07DA,竹政段,23.10,都市：其他:道路用地,7,1,持分移轉,07910000
RPRNMLKKKHKGFDN48DA,豐年段,37.94,都市：其他:第一種住宅區,100000,6338,持分移轉,09100000
RPRNMLKKKHKGFDN48DA,豐年段,.01,都市：其他:第一種住宅區,100000,73,持分移轉,09100001
RPRNMLKKKHKGFDN48DA,豐年段,.01,都市：其他:第一種住宅區,100000,73,持分移轉,09100002
RPRNMLKKKHKGFDN48DA,豐年段,.01,都市：其他:第一種住宅區,100000,61,持分移轉,09100003
RPRNMLKKKHKGFDN48DA,豐年段,.01,都市：其他:第一種住宅區,100000,61,持分移轉,09100004
RPPNMLKKKHKGFDN28DA,豐年段,37.03,都市：其他:第一種住宅區,100000,6185,持分移轉,09100000
RPPNMLKKKHKGFDN28DA,豐年段,.01,都市：其他:第一種住宅區,100000,73,持分移轉,09100001
RPPNMLKKKHKGFDN28DA,豐年段,.01,都市：其他:第一種住宅區,100000,73,持分移轉,09100002
RPPNMLKKKHKGFDN28DA,豐年段,.01,都市：其他:第一種住宅區,100000,61,持分移轉,09100003
RPPNMLKKKHKGFDN28DA,豐年段,.01,都市：其他:第一種住宅區,100000,61,持分移轉,09100004
RPXNMLSJKHKGFDN17DA,豐年段,37.03,都市：其他:第一種住宅區,100000,6185,持分移轉,09100000
RPXNMLSJKHKGFDN17DA,豐年段,.01,都市：其他:第一種住宅區,100000,73,持分移轉,09100001
RPXNMLSJKHKGFDN17DA,豐年段,.01,都市：其他:第一種住宅區,100000,73,持分移轉,09100002
RPXNMLSJKHKGFDN17DA,豐年段,.01,都市：其他:第一種住宅區,100000,61,持分移轉,09100003
RPXNMLSJKHKGFDN17DA,豐年段,.01,都市：其他:第一種住宅區,100000,61,持分移轉,09100004
RPOOMLSJKHKGFDN98DA,豐年段,37.24,都市：其他:第一種住宅區,100000,6221,持分移轉,09100000
RPOOMLSJKHKGFDN98DA,豐年段,.01,都市：其他:第一種住宅區,100000,73,持分移轉,09100001
RPOOMLSJKHKGFDN98DA,豐年段,.01,都市：其他:第一種住宅區,100000,73,持分移轉,09100002
RPOOMLSJKHKGFDN98DA,豐年段,.01,都市：其他:第一種住宅區,100000,61,持分移轉,09100003
RPOOMLSJKHKGFDN98DA,豐年段,.01,都市：其他:第一種住宅區,100000,61,持分移轉,09100004
RPPOMLSJKHKGFDN09DA,豐年段,37.55,都市：其他:第一種住宅區,100000,6272,持分移轉,09100000
RPPOMLSJKHKGFDN09DA,豐年段,.01,都市：其他:第一種住宅區,100000,73,持分移轉,09100001
RPPOMLSJKHKGFDN09DA,豐年段,.01,都市：其他:第一種住宅區,100000,73,持分移轉,09100002
RPPOMLSJKHKGFDN09DA,豐年段,.01,都市：其他:第一種住宅區,100000,61,持分移轉,09100003
RPPOMLSJKHKGFDN09DA,豐年段,.01,都市：其他:第一種住宅區,100000,61,持分移轉,09100004
RPQNMLKKKHKGFDN38DA,豐年段,37.13,都市：其他:第一種住宅區,100000,6203,持分移轉,09100000
RPQNMLKKKHKGFDN38DA,豐年段,.01,都市：其他:第一種住宅區,100000,73,持分移轉,09100001
RPQNMLKKKHKGFDN38DA,豐年段,.01,都市：其他:第一種住宅區,100000,73,持分移轉,09100002
RPQNMLKKKHKGFDN38DA,豐年段,.01,都市：其他:第一種住宅區,100000,61,持分移轉,09100003
RPQNMLKKKHKGFDN38DA,豐年段,.01,都市：其他:第一種住宅區,100000,61,持分移轉,09100004
RPUOMLOKKHKGFDN66DA,橋愛段,20.50,都市：其他:第一種住宅區,10000,26,持分移轉,12270000
RPTNMLMLJHKGFFN09DA,進樂段,56.13,都市：其他:住宅區,49622,5613,持分移轉,09390000
RPTNMLMLJHKGFFN09DA,進樂段,98.48,都市：其他:住宅區,1,1,全筆移轉,09390014
RPTNMLMLJHKGFFN09DA,進樂段,12.59,都市：其他:住宅區,1,1,全筆移轉,09390015
RPXNMLKKKHKGFDN09DA,橋愛段,26.80,都市：其他:第一種住宅區,10000,34,持分移轉,12270000
RPTOMLOKKHKGFDN56DA,橋愛段,26.80,都市：其他:第一種住宅區,10000,34,持分移轉,12270000
RPSOMLOKKHKGFDN09DA,橋愛段,27.59,都市：其他:第一種住宅區,10000,35,持分移轉,12270000
RPVNMLQJKHKGFAN09DA,民生段,12.87,都市：其他:商業區,10000,173,持分移轉,04830000
RPVNMLQJKHKGFAN09DA,民生段,6.70,都市：其他:住宅區,10000,173,持分移轉,04840000
RPQNMLSJKHKGFHN86DA,永平段,25.87,非都市：鄉村區 ; 非都市編定：乙種建築用地,10000,594,持分移轉,03850000
RPQNMLSJKHKGFHN86DA,永平段,9.36,非都市：鄉村區 ; 非都市編定：乙種建築用地,10000,594,持分移轉,03880000
RPTNMLMKKHKGFHN66DA,永平段,25.87,非都市：鄉村區 ; 非都市編定：乙種建築用地,10000,594,持分移轉,03850000
RPTNMLMKKHKGFHN66DA,永平段,9.36,非都市：鄉村區 ; 非都市編定：乙種建築用地,10000,594,持分移轉,03880000
RPRNMLPJKHKGFDN88DA,橋愛段,20.50,都市：其他:第一種住宅區,10000,26,持分移轉,12270000
RPROMLOKKHKGFDN98DA,橋愛段,21.29,都市：其他:第一種住宅區,10000,27,持分移轉,12270000
RPSNMLMKKHKGFHN56DA,永平段,26.21,非都市：鄉村區 ; 非都市編定：乙種建築用地,10000,602,持分移轉,03850000
RPSNMLMKKHKGFHN56DA,永平段,9.49,非都市：鄉村區 ; 非都市編定：乙種建築用地,10000,602,持分移轉,03880000
RPVNMLKKKHKGFDN88DA,橋愛段,26.80,都市：其他:第一種住宅區,10000,34,持分移轉,12270000
RPVOMLOKKHKGFDN76DA,橋愛段,21.29,都市：其他:第一種住宅區,10000,27,持分移轉,12270000
RPQOMLOKKHKGFDN88DA,橋愛段,20.50,都市：其他:第一種住宅區,20000,52,持分移轉,12270000
RPQNMLPJKHKGFDN78DA,橋愛段,26.80,都市：其他:第一種住宅區,10000,34,持分移轉,12270000
RPPNMLPJKHKGFDN68DA,橋愛段,26.80,都市：其他:第一種住宅區,10000,34,持分移轉,12270000
RPUNMLKKKHKGFDN78DA,橋愛段,31.53,都市：其他:第一種住宅區,10000,40,持分移轉,12270000
RPRNMLMLJIJGFEN78DA,太平段,2.76,非都市：鄉村區 ; 非都市編定：乙種建築用地,70,1,持分移轉,04930000
RPRNMLMLJIJGFEN78DA,太平段,70.64,非都市：鄉村區 ; 非都市編定：乙種建築用地,1,1,全筆移轉,04930006
RPRNMLMLJIJGFEN78DA,太平段,19.25,非都市：鄉村區 ; 非都市編定：乙種建築用地,70,1,持分移轉,04930089
RPRNMLMLJIJGFEN78DA,太平段,1.37,非都市：鄉村區 ; 非都市編定：乙種建築用地,70,1,持分移轉,04930090
RPVNMLLKKHKGFHN76DA,永平段,25.87,非都市：鄉村區 ; 非都市編定：乙種建築用地,10000,594,持分移轉,03850000
RPVNMLLKKHKGFHN76DA,永平段,9.36,非都市：鄉村區 ; 非都市編定：乙種建築用地,10000,594,持分移轉,03880000
RPUNMLLKKHKGFHN66DA,永平段,19.46,非都市：鄉村區 ; 非都市編定：乙種建築用地,10000,447,持分移轉,03850000
RPUNMLLKKHKGFHN66DA,永平段,7.04,非都市：鄉村區 ; 非都市編定：乙種建築用地,10000,447,持分移轉,03880000
RPSOMLMLKIJGFCN88DA,三元段,29.13,非都市：特定農業區 ; 非都市編定：甲種建築用地,100000,2054,持分移轉,01410000
RPSOMLMLKIJGFCN88DA,三元段,.99,非都市：特定農業區 ; 非都市編定：甲種建築用地,100000,2054,持分移轉,01470000
