﻿編號,土地位置,土地移轉面積平方公尺,使用分區或編定,權利人持分分母,權利人持分分子,移轉情形,地號
The serial number, land position,land shifting area square meter,the use zoning or compiles and checks,,,,land parcel
RPPNMLPKJHKGFGN09CC,北挖仔段,91.22,非都市：一般農業區 ; 非都市編定：甲種建築用地,,,,07950000
RPPNMLQKJHKGFHN66CC,大竹段,107.36,都市：住,,,,02070001
RPPNMLLLJHKGFDN48CC,僑信段,75.62,都市：住,,,,11050002
RPPNMLPJKHKGFGN09CC,新生段,533.00,都市：住,,,,00910000
RPPNMLPJKHKGFGN09CC,新生段,533.00,都市：住,,,,00910001
RPPNMLPJKHKGFGN09CC,新生段,477.00,都市：住,,,,00920000
RPPNMLPJKHKGFGN09CC,新生段,477.00,都市：住,,,,00920001
RPQNMLKKKHKGFHN88CC,河興段,1200.00,非都市：特定農業區 ; 非都市編定：丁種建築用地,,,,11390000
RPQNMLNKKHKGFDN78CC,三多段,24.13,都市：住,,,,06870000
RPRNMLPJKHKGFDN98CC,僑信段,83.25,都市：工,,,,06460127
RPQNMLNKKHKGFHN66DC,瓦窯北段,673.49,非都市：特定農業區 ; 非都市編定：農牧用地,,,,01730002
