﻿鄉鎮市區,交易標的,土地位置建物門牌,土地移轉總面積平方公尺,都市土地使用分區,非都市土地使用分區,非都市土地使用編定,交易年月日,交易筆棟數,移轉層次,總樓層數,建物型態,主要用途,主要建材,建築完成年月,建物移轉總面積平方公尺,建物現況格局-房,建物現況格局-廳,建物現況格局-衛,建物現況格局-隔間,有無管理組織,總價元,單價元平方公尺,車位類別,車位移轉總面積平方公尺,車位總價元,備註,編號,建案名稱,棟及號,解約情形
The villages and towns urban district,transaction sign,land sector position building sector house number plate,land shifting total area square meter,the use zoning or compiles and checks,the non-metropolis land use district,non-metropolis land use,transaction year month and day,transaction pen number,shifting level,total floor number,building state,main use,main building materials,construction to complete the years,building shifting total area,Building present situation pattern - room,building present situation pattern - hall,building present situation pattern - health,building present situation pattern - compartmented,Whether there is manages the organization,total price NTD,the unit price (NTD / square meter),the berth category,berth shifting total area square meter,the berth total price NTD,the note,serial number,build case,buildings,termination type
芬園鄉,房地(土地+建物),彰化縣芬園鄉成功路,103.28,住,,,1140111,土地5建物1車位0,全,3,透天厝,住家用,鋼筋混凝土造,,152.08,4,2,5,有,無,16680000,109679,,0.0,0,,RPQNMLOKJHKGFAN38CB,百居薰園,B棟5號,
永靖鄉,房地(土地+建物),彰化縣永靖鄉松村巷,26.34,,特定農業區,甲種建築用地,1140112,土地2建物1車位0,二層,7,華廈(10層含以下有電梯),住家用,鋼筋混凝土造,,79.5,2,2,1,有,無,6800000,85535,,0.0,0,,RPRNMLPKJHKGFDN88CB,大有升,B棟2號,
社頭鄉,房地(土地+建物)+車位,彰化縣社頭鄉社斗路一段19巷,47.0,住,,,1140115,土地3建物1車位1,五層,5,華廈(10層含以下有電梯),住家用,鋼筋混凝土造,,114.69,3,2,2,有,無,8800000,76416,坡道機械,10.0,800000,,RPPNMLQKJHKGFEN88CB,花田拾翠,D棟3號,
社頭鄉,房地(土地+建物)+車位,彰化縣社頭鄉社斗路一段19巷,41.57,住,,,1140115,土地3建物1車位1,五層,5,華廈(10層含以下有電梯),住家用,鋼筋混凝土造,,98.05,2,2,1,有,無,7350000,77229,坡道機械,10.0,550000,,RPQNMLQKJHKGFEN98CB,花田拾翠,D棟2號,
彰化市,房地(土地+建物)+車位,彰化縣彰化市埔東街,16.53,住,,,1140115,土地1建物1車位1,十四層,15,住宅大樓(11層含以上有電梯),住家用,鋼筋混凝土造,,111.91,2,2,1,有,無,11460000,127725,坡道機械,31.19,1150000,,RPUNMLLLJHKGFAN58CB,合新城峰,A6棟14F號,
員林市,房地(土地+建物)+車位,彰化縣員林市員林大道六段280號對面,34.06,住,,,1140111,土地1建物1車位1,五層,5,華廈(10層含以下有電梯),住家用,鋼筋混凝土造,,104.51,2,2,2,有,無,10800000,107984,其他,12.83,900000,,RPPNMLLLJHKGFDN38CB,御品院,A棟6號,
北斗鎮,房地(土地+建物)+車位,彰化縣北斗鎮光中路與中興街206巷交口,32.04,住,,,1140111,土地2建物1車位1,七層,7,華廈(10層含以下有電梯),住家用,鋼筋混凝土造,,74.79,2,1,1,有,無,6150000,82230,坡道機械,0.0,850000,,RPPNMLLLJHKGFFN58CB,Me時代,7I號,
溪湖鎮,房地(土地+建物),彰化縣溪湖鎮弘農段 131-40 地號,82.97,住,,,1140113,土地1建物1車位0,全,3,透天厝,住家用,鋼筋混凝土造,,165.3,5,2,3,有,無,15580000,94253,,0.0,0,,RPPNMLLLJHKGFHN78CB,藝術臻堡29,B棟7號,
彰化市,房地(土地+建物)+車位,彰化縣彰化市埔東街,22.04,住,,,1140115,土地1建物1車位1,十五層,15,住宅大樓(11層含以上有電梯),住家用,鋼筋混凝土造,,138.95,3,2,2,有,無,14100000,113679,坡道平面,31.19,1850000,,RPPNMLMLJHKGFAN18CB,合新城峰,A7棟15F號,
伸港鄉,房地(土地+建物)+車位,彰化縣伸港鄉大同十二街,20.63,住,,,1140118,土地1建物1車位1,十四層,14,住宅大樓(11層含以上有電梯),見其他登記事項,鋼筋混凝土造,,116.13,2,2,2,有,無,8280000,79515,坡道平面,26.21,1130000,,RPPNMLMLJHKGFBN28CB,道恩起家451,14C號,
員林市,房地(土地+建物)+車位,彰化縣員林市彰化縣員林市員林大道四段,29.84,住,,,1140115,土地1建物1車位1,二層,11,住宅大樓(11層含以上有電梯),住家用,鋼筋混凝土造,,166.52,2,2,1,有,無,15130000,108418,坡道平面,43.57,1800000,親友、員工、共有人或其他特殊關係間之交易；,RPVNMLMLJHKGFDN09CB,坤悅原鄰薈,_棟B02號,
員林市,房地(土地+建物)+車位,彰化縣員林市員水路一段,31.1,,鄉村區,乙種建築用地,1140119,土地3建物1車位1,五層,6,華廈(10層含以下有電梯),見其他登記事項,鋼筋混凝土造,,116.56,3,2,2,有,無,9380000,87273,一樓平面,20.54,1000000,,RPPNMLMLJHKGFDN58DB,員林A1晴逸心苑-華廈,5A1號,
員林市,房地(土地+建物)+車位,彰化縣員林市員水路一段,31.1,,鄉村區,乙種建築用地,1140119,土地3建物1車位1,四層,6,華廈(10層含以下有電梯),見其他登記事項,鋼筋混凝土造,,113.63,3,2,2,有,無,9000000,84357,一樓平面,17.61,900000,,RPQNMLMLJHKGFDN68DB,員林A1晴逸心苑-華廈,4A1號,
和美鎮,房地(土地+建物)+車位,彰化縣和美鎮彰美路,18.07,住,,,1140115,土地2建物1車位1,一層,10,華廈(10層含以下有電梯),見其他登記事項,鋼筋混凝土造,,78.47,0,1,1,有,無,12230000,212183,坡道平面,29.55,1850000,,RPPNMLNLJHKGFBN38CB,巨匠繽儷,A棟5號,
彰化市,房地(土地+建物)+車位,彰化縣彰化市大埔路451號,41.1,住,,,1140119,土地6建物1車位1,六層,15,住宅大樓(11層含以上有電梯),住家用,鋼筋混凝土造,,215.9,4,2,2,有,無,24000000,117476,坡道平面,26.5,1750000,,RPPNMLOLJHKGFAN38CB,同成?,A棟6號,
彰化市,房地(土地+建物)+車位,彰化縣彰化市大埔路451號,41.1,住,,,1140120,土地6建物1車位1,七層,15,住宅大樓(11層含以上有電梯),住家用,鋼筋混凝土造,,215.9,4,2,2,有,無,24300000,119060,坡道平面,26.5,1750000,,RPQNMLOLJHKGFAN48CB,同成?,A棟7號,
彰化市,房地(土地+建物)+車位,彰化縣彰化市大埔路451號,40.63,住,,,1140120,土地6建物1車位1,七層,15,住宅大樓(11層含以上有電梯),住家用,鋼筋混凝土造,,215.86,4,2,2,有,無,24450000,119877,坡道平面,26.5,1750000,,RPRNMLOLJHKGFAN58CB,同成?,C棟7號,
彰化市,房地(土地+建物)+車位,彰化縣彰化市大埔路451號,40.63,住,,,1140115,土地6建物1車位1,十一層,15,住宅大樓(11層含以上有電梯),住家用,鋼筋混凝土造,,215.86,4,2,2,有,無,25750000,126215,坡道平面,26.5,1850000,,RPUNMLOLJHKGFAN88CB,同成?,C棟11號,
員林市,房地(土地+建物),彰化縣員林市興隆街,85.92,住,,,1140117,土地3建物1車位0,全,4,透天厝,住家用,鋼筋混凝土造,,165.55,4,2,4,有,無,20080000,121293,,0.0,0,,RPPNMLOLJHKGFDN68CB,鎰興大禾,B3號,
溪湖鎮,房地(土地+建物)+車位,彰化縣溪湖鎮弘農南街,75.13,住,,,1140116,土地3建物1車位1,全,4,透天厝,住家用,鋼筋混凝土造,,170.43,3,2,4,有,無,15000000,88013,一樓平面,0.0,0,停車位位於室內專有範圍內,RPPNMLPLJHKGFHN56CB,森ONE,A9棟0號,
溪湖鎮,房地(土地+建物)+車位,彰化縣溪湖鎮弘農南街,80.85,住,,,1140111,土地1建物1車位1,全,4,透天厝,住家用,鋼筋混凝土造,,168.2,4,2,4,有,無,16000000,95125,一樓平面,0.0,0,停車位位於室內專有範圍內,RPQNMLPLJHKGFHN66CB,森ONE,C6棟0號,
二林鎮,房地(土地+建物)+車位,彰化縣二林鎮儒雅段1279地號,39.73,住,,,1140113,土地1建物1車位1,六層,6,華廈(10層含以下有電梯),見其他登記事項,鋼筋混凝土造,,112.65,3,2,2,有,無,7500000,66578,一樓平面,0.0,0,,RPPNMLNJKHKGFGN78CB,文化傳家八期-天下一品(3),B棟7號,
彰化市,房地(土地+建物)+車位,彰化縣彰化市福成街,21.67,住,,,1140115,土地2建物1車位1,三層,6,華廈(10層含以下有電梯),住家用,鋼筋混凝土造,,75.19,1,1,1,有,無,6800000,94160,升降機械,12.0,850000,,RPPNMLOJKHKGFAN28CB,Me時代2,A棟3D號,
彰化市,房地(土地+建物)+車位,彰化縣彰化市福成街,30.45,住,,,1140116,土地2建物1車位1,二層,6,華廈(10層含以下有電梯),住家用,鋼筋混凝土造,,114.51,3,1,2,有,無,9670000,90819,一樓平面,24.0,1450000,,RPQNMLOJKHKGFAN38CB,Me時代2,A棟2A號,
彰化市,房地(土地+建物)+車位,彰化縣彰化市福成街,22.4,住,,,1140116,土地2建物1車位1,二層,6,華廈(10層含以下有電梯),住家用,鋼筋混凝土造,,77.48,2,1,1,有,無,6780000,90562,升降機械,12.0,850000,,RPRNMLOJKHKGFAN48CB,Me時代2,A棟2B號,
伸港鄉,房地(土地+建物)+車位,彰化縣伸港鄉七嘉路1號附近,75.0,住,,,1140118,土地1建物1車位1,全,4,透天厝,見其他登記事項,鋼筋混凝土造,,164.38,4,3,3,有,無,14600000,88819,一樓平面,0.0,0,停車空間設置於主建物地上一層，主建物面積有包含車位面積18.55平方公尺，且車位不具獨立權狀。,RPQNMLOJKHKGFBN58DB,世紀歐洲2,C棟3號,
北斗鎮,房地(土地+建物)+車位,彰化縣北斗鎮斗中路891巷,37.47,住,,,1140111,土地2建物1車位1,五層,5,華廈(10層含以下有電梯),見其他登記事項,鋼筋混凝土造,,101.29,3,2,2,有,無,7360000,72663,一樓平面,17.36,0,,RPPNMLSJKHKGFFN56CB,鑫寶帝七期,A棟6號,
北斗鎮,房地(土地+建物)+車位,彰化縣北斗鎮斗中路891巷,37.47,住,,,1140111,土地2建物1車位1,四層,5,華廈(10層含以下有電梯),見其他登記事項,鋼筋混凝土造,,101.29,3,2,2,有,無,7360000,72663,一樓平面,17.36,0,,RPRNMLSJKHKGFFN76CB,鑫寶帝七期,D棟5號,
秀水鄉,房地(土地+建物),彰化縣秀水鄉大厝巷,24.85,,特定農業區,甲種建築用地,1140120,土地2建物1車位0,四層,5,華廈(10層含以下有電梯),住家用,鋼筋混凝土造,,61.4,2,2,1,有,無,5300000,86319,,0.0,0,,RPPNMLKKKHKGFAN97CB,富雄晶品18期,F棟4號,
北斗鎮,房地(土地+建物)+車位,彰化縣北斗鎮斗中路891巷,37.47,住,,,1140113,土地2建物1車位1,四層,5,華廈(10層含以下有電梯),見其他登記事項,鋼筋混凝土造,,101.29,3,2,2,有,無,7380000,72860,一樓平面,17.36,0,,RPQNMLLKKHKGFFN68CB,鑫寶帝七期,C棟5號,
北斗鎮,房地(土地+建物)+車位,彰化縣北斗鎮斗中路891巷,37.47,住,,,1140113,土地2建物1車位1,五層,5,華廈(10層含以下有電梯),見其他登記事項,鋼筋混凝土造,,101.29,3,2,2,有,無,7380000,72860,一樓平面,17.36,0,,RPRNMLLKKHKGFFN78CB,鑫寶帝七期,C棟6號,
