﻿鄉鎮市區,交易標的,土地位置建物門牌,土地面積平方公尺,都市土地使用分區,非都市土地使用分區,非都市土地使用編定,租賃年月日,租賃筆棟數,租賃層次,總樓層數,建物型態,主要用途,主要建材,建築完成年月,建物總面積平方公尺,建物現況格局-房,建物現況格局-廳,建物現況格局-衛,建物現況格局-隔間,有無管理組織,有無附傢俱,總額元,單價元平方公尺,車位類別,車位面積平方公尺,車位總額元,備註,編號,出租型態,有無管理員,租賃期間,有無電梯,附屬設備,租賃住宅服務
The villages and towns urban district,transaction sign,land sector position building sector house number plate,land shifting total area square meter,the use zoning or compiles and checks,the non-metropolis land use district,non-metropolis land use,transaction year month and day,transaction pen number,shifting level,total floor number,building state,main use,main building materials,construction to complete the years,building shifting total area,Building present situation pattern - room,building present situation pattern - hall,building present situation pattern - health,building present situation pattern - compartmented,Whether there is manages the organization,Whether there is attaches the furniture,total price NTD,the unit price (NTD / square meter),the berth category,berth shifting total area square meter,the berth total price NTD,the note,serial number,Rental type,Residential Manager,Rental period,elevator,equipment,Rental residential services
彰化市,租賃房屋+車位,彰化縣彰化市精誠路１８１巷９弄３號七樓,0.0,,,,1140113,土地0建物1車位1,七層,9,華廈(10層含以下有電梯),住家用,鋼筋混凝土造,0801217,130.65,3,2,2,有,有,有,15000,115,坡道平面,0.0,2500,,RPQNMLPKJHKGFAN58CC,整棟(戶)出租,有,1140201~1170131,有,冷氣、熱水器、洗衣機、瓦斯或天然氣,社會住宅包租轉租
二林鎮,租賃房屋,彰化縣二林鎮二溪路七段４１６巷１９０號,91.22,,一般農業區,甲種建築用地,1140115,土地1建物1車位0,全,2,透天厝,住家用,加強磚造,0740626,106.6,2,2,2,有,無,無,8000,75,,0.0,0,,RPPNMLPKJHKGFGN09CC,整棟(戶)出租,無,1140301~1150228,無,,
員林市,租賃房屋,彰化縣員林市中正路１７８號四樓,0.0,,,,1140116,土地0建物1車位0,四層,13,住宅大樓(11層含以上有電梯),住家用,鋼筋混凝土造,0850212,32.75,1,0,1,有,有,有,6500,198,,0.0,0,,RPPNMLQKJHKGFDN88CC,獨立套房,有,1140116~1150115,有,冷氣、熱水器、洗衣機、電視機、冰箱,社會住宅包租轉租
溪湖鎮,租賃房屋,彰化縣溪湖鎮西環路１５５號１樓,107.36,住,,,1140115,土地1建物1車位0,全,3,透天厝,店鋪、住宅、樓梯間,鋼筋混凝土造,1110906,62.45,0,0,0,無,無,無,28000,448,,0.0,0,水費:由承租人負擔出租方每個月補貼承租方100元租金總額含稅；含增建或未登記建物；,RPPNMLQKJHKGFHN66CC,,無,1140115~1180228,無,,
彰化市,租賃房屋,彰化縣彰化市金馬路三段９５巷７號四樓（D室）,0.0,,,,1140117,土地0建物0車位0,四層,13,住宅大樓(11層含以上有電梯),住家用,鋼筋混凝土造,0830623,24.8,4,0,4,有,有,有,6000,242,,0.0,0,承租D室套房，室內面積為24.8平方公尺,RPPNMLRKJHKGFAN68CC,分租套房,有,1140120~1150119,有,冷氣、熱水器、電視機、冰箱、有線電視、網路,一般代管
彰化市,租賃房屋,彰化縣彰化市景宗街１８號五樓之六,0.0,,,,1140114,土地0建物1車位0,五層,12,住宅大樓(11層含以上有電梯),住家用,鋼骨鋼筋混凝土造,0830112,128.8,3,2,2,有,有,有,8000,62,,0.0,0,續租案件；,RPQNMLRKJHKGFAN78CC,整棟(戶)出租,有,1140201~1150131,有,冷氣、熱水器、洗衣機、電視機、冰箱,社會住宅代管
員林市,租賃房屋,彰化縣員林市園林大街２７號,0.0,,,,1140111,土地0建物1車位0,全,4,透天厝,住商用,鋼筋混凝土造,0870704,260.78,6,2,4,有,無,有,11000,42,,0.0,0,多人共同承租2；,RPWNMLRKJHKGFDN07CC,整棟(戶)出租,無,1140117~1150116,無,冷氣、熱水器、洗衣機、電視機、冰箱、網路,社會住宅代管
員林市,租賃房屋,彰化縣員林市員林大道五段２１１號八樓,0.0,,,,1140111,土地0建物1車位0,八層,14,住宅大樓(11層含以上有電梯),集合住宅,鋼筋混凝土造,1110418,136.11,2,2,2,有,有,有,15000,110,,0.0,0,未租賃車位，建物登記含有車位面積；,RPXNMLRKJHKGFDN17CC,整棟(戶)出租,有,1140116~1150115,有,冷氣、熱水器、洗衣機、電視機、冰箱、瓦斯或天然氣,社會住宅代管
員林市,租賃房屋,彰化縣員林市惠來街８號九樓之十一,0.0,,,,1140112,土地0建物1車位0,九層,14,住宅大樓(11層含以上有電梯),住家用,鋼筋混凝土造,0870316,46.760000000000005,1,0,1,有,有,有,10000,214,,0.0,0,,RPPOMLRKJHKGFDN09CC,獨立套房,有,1140117~1150116,有,冷氣、熱水器、洗衣機、電視機、冰箱,社會住宅代管
員林市,租賃房屋,彰化縣員林市惠安街８３號七樓,0.0,,,,1140112,土地0建物1車位0,七層,7,華廈(10層含以下有電梯),住家用,鋼筋混凝土造,0821215,149.01999999999998,3,1,2,有,有,有,18000,121,,0.0,0,,RPROMLRKJHKGFDN66CC,整棟(戶)出租,有,1140131~1150130,有,冷氣、熱水器、洗衣機、電視機、冰箱、瓦斯或天然氣,社會住宅代管
員林市,租賃房屋,彰化縣員林市光明南街１８巷５４號,0.0,,,,1140111,土地0建物1車位0,全,4,透天厝,住商用,鋼筋混凝土造,0690311,167.1,5,2,3,有,無,有,9000,54,,0.0,0,,RPSOMLRKJHKGFDN76CC,整棟(戶)出租,無,1140131~1150130,無,冷氣、熱水器、洗衣機、冰箱、瓦斯或天然氣,社會住宅代管
員林市,租賃房屋,彰化縣員林市光明南街１８巷４５弄２號三樓,0.0,,,,1140111,土地0建物1車位0,三層,5,華廈(10層含以下有電梯),住家用,鋼筋混凝土造,0820604,61.06999999999999,2,1,1,有,有,有,13000,213,,0.0,0,,RPTOMLRKJHKGFDN86CC,整棟(戶)出租,有,1140131~1150130,有,冷氣、熱水器、洗衣機、冰箱、瓦斯或天然氣,社會住宅代管
員林市,租賃房屋,彰化縣員林市莒光路７３６巷９號五樓之五,0.0,,,,1140114,土地0建物1車位0,五層,15,住宅大樓(11層含以上有電梯),辦公室,鋼筋混凝土造,0860411,32.46,1,0,1,有,有,有,6700,206,,0.0,0,,RPUOMLRKJHKGFDN96CC,獨立套房,有,1140117~1150116,有,冷氣、熱水器、洗衣機、電視機、冰箱,社會住宅代管
員林市,租賃房屋,彰化縣員林市萬年路一段２９９巷３６號四樓之２,0.0,,,,1140115,土地0建物1車位0,四層,5,公寓(5樓含以下無電梯),住家用,鋼筋混凝土造,0800507,34.1,1,0,1,有,無,無,5000,147,,0.0,0,,RPVOMLRKJHKGFDN07CC,獨立套房,無,1140120~1150119,無,冷氣、熱水器,社會住宅代管
溪湖鎮,租賃房屋,彰化縣溪湖鎮華中街５號四樓之二,0.0,,,,1140113,土地0建物1車位0,四層,8,華廈(10層含以下有電梯),住家用,鋼筋混凝土造,0840508,111.66,3,2,2,有,有,有,13000,116,,0.0,0,,RPPNMLRKJHKGFHN76CC,整棟(戶)出租,有,1140120~1150119,有,冷氣、熱水器、洗衣機、電視機、冰箱,社會住宅代管
竹塘鄉,租賃房屋,彰化縣竹塘鄉竹林路一段２００之３號  ２０１室,0.0,,,,1140119,土地0建物0車位0,全,4,透天厝,住宅．停車空間,鋼筋混凝土造,0840831,22.15,5,2,5,有,無,有,5500,248,,0.0,0,承租201室，室內面積為22.15平方公尺公共區域：1樓客廳、1樓廚房、1樓廁所,RPPNMLKLJHKGFGN68CC,分租套房,無,1140119~1150118,無,冷氣、熱水器、洗衣機、電視機、冰箱、瓦斯或天然氣,一般代管
埔鹽鄉,租賃房屋,彰化縣埔鹽鄉彰水路二段１７０巷２４號,0.0,,,,1140120,土地0建物1車位0,全,4,透天厝,住家用,鋼筋混凝土造,0820120,169.07,3,1,3,有,無,無,7000,41,,0.0,0,,RPPNMLKLJHKGFHN78CC,整棟(戶)出租,無,1140120~1170119,無,熱水器、洗衣機、電視機、冰箱,社會住宅包租轉租
員林市,租賃房屋,彰化縣員林市中山路二段１９０號,75.62,住,,,1140115,土地1建物1車位0,全,3,透天厝,住商用,鋼筋混凝土造,0840228,160.28,0,0,0,無,無,無,30000,187,,0.0,0,,RPPNMLLLJHKGFDN48CC,,無,1140305~1190304,無,,
彰化市,租賃房屋+車位,彰化縣彰化市崙平南路４９８之３號六樓,0.0,,,,1140113,土地0建物1車位1,六層,8,華廈(10層含以下有電梯),住家用,鋼筋混凝土造,0860121,138.45,3,2,2,有,有,無,19350,140,坡道平面,0.0,0,,RPPNMLOLJHKGFAN48CC,整棟(戶)出租,有,1140115~1150114,有,冷氣、熱水器、瓦斯或天然氣,
彰化市,租賃房屋,彰化縣彰化市延長街５２巷８號５樓之１１,0.0,,,,1140113,土地0建物1車位0,五層,5,華廈(10層含以下有電梯),住家用,鋼筋混凝土造,0950522,32.18,1,0,1,有,有,有,6500,202,,0.0,0,,RPQNMLOLJHKGFAN58CC,獨立套房,無,1140201~1150131,有,冷氣、熱水器、電視機、冰箱、有線電視、網路,社會住宅包租轉租
彰化市,租賃房屋,彰化縣彰化市延長街５２巷８號５樓之７,0.0,,,,1140114,土地0建物1車位0,五層,5,華廈(10層含以下有電梯),住家用,鋼筋混凝土造,0950522,31.77,1,0,1,有,有,有,6500,205,,0.0,0,,RPRNMLOLJHKGFAN68CC,獨立套房,無,1140205~1160204,有,冷氣、熱水器、電視機、冰箱、有線電視、網路,社會住宅包租轉租
彰化市,租賃房屋,彰化縣彰化市延長街５２巷８號４樓之２３,0.0,,,,1140113,土地0建物1車位0,四層,5,華廈(10層含以下有電梯),住家用,鋼筋混凝土造,0950522,31.95,1,0,1,有,有,有,6500,203,,0.0,0,,RPVNMLOLJHKGFAN09CC,獨立套房,無,1140116~1150115,有,冷氣、熱水器、電視機、冰箱、有線電視、網路,社會住宅包租轉租
花壇鄉,租賃房屋,彰化縣花壇鄉明德街２３８巷３０號,0.0,,,,1140113,土地0建物1車位0,全,2,透天厝,住家用,加強磚造,0691211,87.3,3,2,1,有,無,有,10000,115,,0.0,0,,RPWNMLOLJHKGFAN56CC,整棟(戶)出租,無,1140116~1170115,無,冷氣、熱水器、瓦斯或天然氣、有線電視、網路,社會住宅包租轉租
彰化市,租賃房屋,彰化縣彰化市延長街５２巷８號５樓之２,0.0,,,,1140113,土地0建物1車位0,五層,5,華廈(10層含以下有電梯),住家用,鋼筋混凝土造,0950522,31.77,1,0,1,有,有,有,6500,205,,0.0,0,,RPXNMLOLJHKGFAN66CC,獨立套房,無,1140116~1150115,有,冷氣、熱水器、電視機、冰箱、有線電視、網路,社會住宅包租轉租
彰化市,租賃房屋,彰化縣彰化市延長街５２巷８號５樓之３,0.0,,,,1140113,土地0建物1車位0,五層,5,華廈(10層含以下有電梯),住家用,鋼筋混凝土造,0950522,31.77,1,0,1,有,有,有,6500,205,,0.0,0,,RPOOMLOLJHKGFAN48CC,獨立套房,無,1140116~1150115,有,冷氣、熱水器、電視機、冰箱、有線電視、網路,社會住宅包租轉租
彰化市,租賃房屋,彰化縣彰化市延長街５２巷８號５樓之１５,0.0,,,,1140113,土地0建物1車位0,五層,5,華廈(10層含以下有電梯),住家用,鋼筋混凝土造,0950522,32.18,1,0,1,有,有,有,6500,202,,0.0,0,,RPPOMLOLJHKGFAN58CC,獨立套房,無,1140116~1150115,有,冷氣、熱水器、電視機、冰箱、有線電視、網路,社會住宅包租轉租
彰化市,租賃房屋,彰化縣彰化市延長街５２巷８號５樓之２５,0.0,,,,1140113,土地0建物1車位0,五層,5,華廈(10層含以下有電梯),住家用,鋼筋混凝土造,0950522,31.95,1,0,1,有,有,有,6500,203,,0.0,0,,RPQOMLOLJHKGFAN68CC,獨立套房,無,1140116~1150115,有,冷氣、熱水器、電視機、冰箱、有線電視、網路,社會住宅包租轉租
彰化市,租賃房屋,彰化縣彰化市延長街５２巷８號５樓之２６,0.0,,,,1140113,土地0建物1車位0,五層,5,華廈(10層含以下有電梯),住家用,鋼筋混凝土造,0950522,31.95,1,0,1,有,有,有,6500,203,,0.0,0,,RPROMLOLJHKGFAN78CC,獨立套房,無,1140116~1150115,有,冷氣、熱水器、電視機、冰箱、有線電視、網路,社會住宅包租轉租
彰化市,租賃房屋,彰化縣彰化市延長街５２巷８號５樓之３６,0.0,,,,1140113,土地0建物1車位0,五層,5,華廈(10層含以下有電梯),住家用,鋼筋混凝土造,0950522,31.53,1,0,1,有,有,有,6500,206,,0.0,0,,RPSOMLOLJHKGFAN88CC,獨立套房,無,1140116~1150115,有,冷氣、熱水器、電視機、冰箱、有線電視、網路,社會住宅包租轉租
員林市,租賃房屋+車位,彰化縣員林市龍富二街１８號１０樓之３,0.0,,,,1140111,土地0建物1車位1,十層,15,住宅大樓(11層含以上有電梯),集合住宅,鋼筋混凝土造,1120710,138.97,3,2,2,有,有,無,17500,142,坡道平面,29.45,2000,續租案件；,RPQNMLOLJHKGFDN88CC,整棟(戶)出租,有,1140120~1150119,有,冷氣、熱水器,社會住宅代管
彰化市,租賃房屋,彰化縣彰化市大埔路５００號之１２,0.0,,,,1140119,土地0建物0車位0,全,4,透天厝,住商用,鋼筋混凝土造,0700812,10.0,10,0,10,有,無,有,4000,400,,0.0,0,租金總額含網路費；含增建或未登記建物；,RPPNMLMJKHKGFAN18CC,分租套房,無,1140201~1141231,無,冷氣、電視機、冰箱、網路,一般轉租
彰化市,租賃房屋,彰化縣彰化市大埔路５００號之１２,0.0,,,,1140119,土地0建物0車位0,全,4,透天厝,住商用,鋼筋混凝土造,0700812,12.0,10,0,10,有,無,有,4000,333,,0.0,0,租金總額含網路費；,RPQNMLMJKHKGFAN28CC,分租套房,無,1140201~1141231,無,冷氣、冰箱、網路,一般轉租
員林市,租賃房屋,彰化縣員林市浮圳路二段４８２號,83.25,工,,,1140114,土地1建物1車位0,一層,5,店面(店鋪),防空避難室兼停車空間、空調機房、事務所,鋼筋混凝土造,1021003,56.4,0,0,0,無,有,無,18000,319,,0.0,0,,RPRNMLPJKHKGFDN98CC,,有,1140201~1170131,無,,
二林鎮,土地,新生段91地號,2020.0,住,,,1140120,土地4建物0車位0,,,其他,,,,0.0,0,0,0,無,無,無,140000,69,,0.0,0,租金總額含稅；含增建或未登記建物；租賃建物部分範圍，且未計入共有部分面積；未租賃車位，建物登記含有車位面積；,RPPNMLPJKHKGFGN09CC,,,1140401~1190331,,,
員林市,租賃房屋,彰化縣員林市龍富二街１６號３樓之５,0.0,,,,1140119,土地0建物1車位0,三層,15,住宅大樓(11層含以上有電梯),集合住宅,鋼筋混凝土造,1120710,81.6,2,2,1,有,有,無,13700,168,,0.0,0,,RPQNMLRJKHKGFDN09CC,整棟(戶)出租,有,1140225~1150224,有,冷氣、熱水器、瓦斯或天然氣,社會住宅代管
員林市,租賃房屋,彰化縣員林市員鹿路２６號８樓之１７,0.0,,,,1140120,土地0建物1車位0,八層,9,華廈(10層含以下有電梯),住家用,鋼筋混凝土造,0870312,74.91,1,0,1,有,有,有,6200,83,,0.0,0,,RPRNMLRJKHKGFDN56CC,獨立套房,有,1140201~1150131,有,冷氣、熱水器、洗衣機、電視機、冰箱,社會住宅代管
員林市,租賃房屋,彰化縣員林市員鹿路２６號九樓之十四,0.0,,,,1140120,土地0建物1車位0,九層,9,華廈(10層含以下有電梯),住家用,鋼筋混凝土造,0870312,36.129999999999995,1,0,1,有,有,有,6500,180,,0.0,0,,RPSNMLRJKHKGFDN66CC,獨立套房,有,1140201~1150131,有,冷氣、熱水器、洗衣機、電視機、冰箱,社會住宅代管
員林市,租賃房屋,彰化縣員林市員鹿路２６號４樓之１４,0.0,,,,1140120,土地0建物1車位0,四層,9,華廈(10層含以下有電梯),住家用,鋼筋混凝土造,0870312,36.129999999999995,1,0,1,有,有,有,7000,194,,0.0,0,,RPTNMLRJKHKGFDN76CC,獨立套房,有,1140201~1150131,有,冷氣、熱水器、洗衣機、電視機、冰箱,社會住宅代管
員林市,租賃房屋,彰化縣員林市員鹿路２６號七樓之十四,0.0,,,,1140120,土地0建物1車位0,七層,9,華廈(10層含以下有電梯),住家用,鋼筋混凝土造,0870312,44.51,1,0,1,有,有,有,7000,157,,0.0,0,,RPUNMLRJKHKGFDN86CC,獨立套房,有,1140201~1150131,有,冷氣、熱水器、洗衣機、冰箱,社會住宅代管
彰化市,租賃房屋,彰化縣彰化市崙美路２４０巷２２弄６號,0.0,,,,1140115,土地0建物1車位0,全,2,透天厝,住家用,鋼筋混凝土加強磚造,0681220,75.6,2,2,2,有,無,有,13000,172,,0.0,0,續租案件；,RPQNMLSJKHKGFAN88CC,整棟(戶)出租,無,1140201~1150131,無,冷氣、熱水器、洗衣機,社會住宅代管
彰化市,租賃房屋,彰化縣彰化市英士路６３巷１０號,0.0,,,,1140120,土地0建物1車位0,全,2,透天厝,住家用,鋼筋混凝土加強磚造,0690401,99.23,5,2,2,有,無,無,16000,161,,0.0,0,續租案件；,RPRNMLSJKHKGFAN98CC,整棟(戶)出租,無,1140201~1150131,無,熱水器,社會住宅代管
彰化市,租賃房屋,彰化縣彰化市公園路一段２１４號,0.0,,,,1140115,土地0建物1車位0,一層,5,店面(店鋪),住家用,鋼筋混凝土造,0710208,81.43,2,1,1,有,無,無,14000,172,,0.0,0,租賃期間有約定不同租金115年2月15日租金調整為壹萬伍仟元整；,RPQNMLKKKHKGFAN18CC,,無,1140215~1170214,無,熱水器,
和美鎮,租賃房屋,彰化縣和美鎮和西里和利路３號,0.0,,,,1140115,土地0建物1車位0,全,3,透天厝,店舖，商場，貯藏室,鋼筋混凝土加強磚造,0690326,90.09,2,2,3,有,無,有,11500,128,,0.0,0,續租案件；,RPPNMLKKKHKGFBN18CC,整棟(戶)出租,無,1140301~1150228,無,冷氣、熱水器,社會住宅代管
溪湖鎮,租賃房屋,彰化縣溪湖鎮二溪路二段７９９號,1200.0,,特定農業區,丁種建築用地,1140112,土地1建物1車位0,見其他登記事項,1,工廠,廠房,鋼骨造有牆,1131022,828.3,0,0,0,無,無,無,150000,,,0.0,0,含增建或未登記建物；,RPQNMLKKKHKGFHN88CC,,無,1140113~1170112,無,,
彰化市,租賃房屋,彰化縣彰化市彰美路一段１１０巷６之１號五樓,0.0,,,,1140118,土地0建物0車位0,五層,5,華廈(10層含以下有電梯),住家用,鋼筋混凝土造,0780306,36.0,6,6,6,有,無,有,14500,403,,0.0,0,租金總額含水費；網路費；,RPPNMLMKKHKGFAN28CC,分租套房,無,1140201~1150131,有,冷氣、熱水器、洗衣機、電視機、冰箱、網路,
和美鎮,租賃房屋,彰化縣和美鎮彰新路四段１４１巷２５號,0.0,,,,1140116,土地0建物1車位0,全,3,透天厝,住家用,鋼筋混凝土造,0950321,135.72,4,2,3,有,無,無,19800,146,,0.0,0,含增建或未登記建物；,RPPNMLMKKHKGFBN38CC,整棟(戶)出租,無,1140201~1150131,無,熱水器、冰箱,
員林市,租賃房屋,彰化縣員林市龍富二街１６號３F-２,24.13,住,,,1140116,土地1建物1車位0,三層,15,住宅大樓(11層含以上有電梯),集合住宅,鋼筋混凝土造,1120710,108.36000000000001,3,2,2,有,有,有,21000,194,,0.0,0,未租賃車位，建物登記含有車位面積；,RPQNMLNKKHKGFDN78CC,分層出租,有,1140205~1150204,有,冷氣、熱水器、洗衣機、電視機、冰箱、瓦斯或天然氣,一般轉租
埔心鄉,土地,瓦窯北段173-2地號,673.49,,特定農業區,農牧用地,1140115,土地1建物0車位0,,,其他,,,,0.0,0,0,0,無,無,無,12000,18,,0.0,0,含增建或未登記建物；,RPQNMLNKKHKGFHN66DC,,,1140301~1190228,,,
