﻿編號,土地位置,土地移轉面積平方公尺,使用分區或編定,權利人持分分母,權利人持分分子,移轉情形,地號
The serial number, land position,land shifting area square meter,the use zoning or compiles and checks,,,,land parcel
RPQNMLNKKHKGFFN88DA,中圳段,25.87,非都市：鄉村區 ; 非都市編定：乙種建築用地,10000,525,持分移轉,03030000
RPSNMLSKKHKGFFN96DA,光復段,79.00,都市：其他:住宅區,1,1,全筆移轉,16140000
RPSNMLMKKHKGFAN48DA,嘉北段,9.96,非都市：特定農業區 ; 非都市編定：甲種建築用地,169,9,持分移轉,10610007
RPSNMLMKKHKGFAN48DA,嘉北段,139.00,非都市：特定農業區 ; 非都市編定：甲種建築用地,1,1,全筆移轉,10610014
RPTNMLSKKHKGFBN66DA,中寮北段,113.69,非都市：特定農業區 ; 非都市編定：農牧用地,30,1,持分移轉,02460000
RPQNMLSKKHKGFAN88DA,聯興段,147.00,非都市：特定專用區 ; 非都市編定：特定目的事業用地,1,1,全筆移轉,06200000
RPVNMLSJKHKGFAN66DA,牛稠子段牛稠子小段,35.50,都市：其他:住宅區,2,1,持分移轉,01990035
RPRNMLRKKHKGFFN76DA,中華段,7.00,都市：其他:農業區,3,1,持分移轉,17090013
RPTOMLKKKHKGFAN48DA,民權段,3.28,都市：其他:住宅區,10000,42,持分移轉,00780000
RPPNMLOKKHKGFBN48DA,忠孝段,1.00,非都市：鄉村區 ; 非都市編定：乙種建築用地,1,1,全筆移轉,02720006
RPPNMLKLKHKGFGN68DA,芳墘段,397.68,非都市：一般農業區 ; 非都市編定：農牧用地,1500,189,持分移轉,02040000
RPPNMLKLKHKGFGN68DA,芳墘段,1479.51,非都市：一般農業區 ; 非都市編定：農牧用地,1500,189,持分移轉,02050000
RPQNMLLLKHKGFGN88DA,儒林段,144.66,都市：其他:機關用地,1,1,全筆移轉,05560000
RPTNMLTKKHKGFEN07DA,東源段,176.92,都市：其他:住宅區,1,1,全筆移轉,05800000
RPXNMLTKKHKGFFN57DA,西斗段,119.30,非都市：鄉村區 ; 非都市編定：乙種建築用地,1,1,全筆移轉,10970002
RPSNMLTKKHKGFAN56DA,南口段,23.94,都市：其他:乙種工業區,1,1,全筆移轉,03340004
RPUNMLTKKHKGFHN47DA,大溪段,58.00,都市：其他:住宅區,1,1,全筆移轉,04600001
RPTNMLRKKHKGFCN66DA,新生段,120.49,非都市：鄉村區 ; 非都市編定：乙種建築用地,2000,425,持分移轉,06520000
RPPNMLTKKHKGFCN09DA,鹿海段,3483.78,非都市：工業區 ; 非都市編定：丁種建築用地,1,1,全筆移轉,00310107
RPQNMLLLKHKGFCN48DA,鹿海段,3483.78,非都市：工業區 ; 非都市編定：丁種建築用地,1,1,全筆移轉,00310109
RPRNMLLLKHKGFCN58DA,鹿海段,10143.08,非都市：工業區 ; 非都市編定：丁種建築用地,1,1,全筆移轉,00310070
RPQNMLSKKHKGFCN09DA,玉順段,13.23,都市：其他:住宅區,1,1,全筆移轉,03740002
RPUNMLLLKHKGFCN88DA,鹿海段,5411.26,非都市：工業區 ; 非都市編定：丁種建築用地,1,1,全筆移轉,00310098
RPUNMLLLKHKGFCN88DA,鹿海段,5411.26,非都市：工業區 ; 非都市編定：丁種建築用地,1,1,全筆移轉,00310099
RPRNMLOLKHKGFCN88DA,元興段,2018.00,非都市：特定農業區 ; 非都市編定：農牧用地,1,1,全筆移轉,22310000
RPPNMLLLKHKGFHN88DA,光明段,71.00,非都市：特定農業區 ; 非都市編定：農牧用地,2200,71,持分移轉,23490000
RPQNMLTKKHKGFEN76DA,中賢段,24.51,都市：其他:住宅區,100000,2119,持分移轉,09710000
RPQNMLTKKHKGFEN76DA,中賢段,9.62,都市：其他:住宅區,100000,2119,持分移轉,09720000
RPOOMLTKKHKGFFN76DA,螺青段,1.73,都市：其他:道路用地,10000,123,持分移轉,12010000
RPOOMLTKKHKGFFN76DA,螺青段,38.48,都市：其他:住宅區,101500,3848,持分移轉,12020000
RPOOMLTKKHKGFFN76DA,螺青段,2.06,都市：其他:道路用地,10000,146,持分移轉,12030000
RPPNMLOLKHKGFEN88DA,田中段,4.94,都市：其他:住宅區,1,1,全筆移轉,10140009
RPOOMLTKKHKGFFN76DA,螺青段,1.07,都市：其他:住宅區,10000,191,持分移轉,12040000
RPTNMLOLKHKGFCN09DA,福園段,130.65,非都市：鄉村區 ; 非都市編定：乙種建築用地,4,1,持分移轉,11620000
RPQNMLPLKHKGFCN88DA,鹿海段,5304.60,非都市：工業區 ; 非都市編定：丁種建築用地,1,1,全筆移轉,00310150
RPWNMLOLKHKGFDN86DA,永北段,445.70,非都市：特定農業區 ; 非都市編定：農牧用地,1,1,全筆移轉,05670005
RPWNMLPLKHKGFAN66DA,西門口段,21.30,都市：其他:住宅區,20000,324,持分移轉,07460000
RPVNMLOLKHKGFAN09DA,阿夷段柴坑子小段,131.00,非都市：特定農業區 ; 非都市編定：甲種建築用地,1,1,全筆移轉,04010044
RPRNMLOLKHKGFDN98DA,民生段,8.02,都市：其他:道路用地,41076,7848,持分移轉,02790000
RPRNMLOLKHKGFDN98DA,民生段,2.48,都市：其他:道路用地,41076,7848,持分移轉,02800000
RPTNMLOKKHKGFAN78DA,新舊社段,39.75,非都市：山坡地保育區 ; 非都市編定：農牧用地,72,3,持分移轉,05120000
RPOOMLLKKHKGFAN08DA,溪北段,135.06,非都市：特定農業區 ; 非都市編定：農牧用地,640,40,持分移轉,06480000
RPOOMLLKKHKGFAN08DA,溪北段,28.19,非都市：特定農業區 ; 非都市編定：農牧用地,640,40,持分移轉,06490000
RPXNMLPJKHKGFAN56DA,德興段,4324.91,非都市：山坡地保育區 ; 非都市編定：林業用地,1,1,全筆移轉,03140000
RPQNMLTKKHKGFDN66DA,永安段,61.16,都市：其他:住宅區,1,1,全筆移轉,00060000
RPVOMLMLJHKGFDN56DA,東寧段,955.50,非都市：特定農業區 ; 非都市編定：農牧用地,2,1,持分移轉,01210000
RPRNMLTJKHKGFAN98DA,延平段,74.00,非都市：鄉村區 ; 非都市編定：乙種建築用地,1,1,全筆移轉,11720209
RPRNMLKKKHKGFAN18DA,福山段,.60,非都市：山坡地保育區 ; 非都市編定：國土保安用地,259,1,持分移轉,07500000
RPRNMLKKKHKGFAN18DA,福山段,.15,非都市：山坡地保育區 ; 非都市編定：特定目的事業用地,259,1,持分移轉,07880000
RPRNMLKKKHKGFAN18DA,福山段,.33,非都市：山坡地保育區 ; 非都市編定：國土保安用地,259,1,持分移轉,07900000
RPRNMLKKKHKGFAN18DA,福山段,1.26,非都市：山坡地保育區 ; 非都市編定：國土保安用地,259,1,持分移轉,07910000
RPRNMLKKKHKGFAN18DA,福山段,.35,非都市：山坡地保育區 ; 非都市編定：國土保安用地,259,1,持分移轉,08170000
RPRNMLKKKHKGFAN18DA,福山段,1.09,非都市：山坡地保育區 ; 非都市編定：國土保安用地,259,1,持分移轉,08180000
RPRNMLKKKHKGFAN18DA,福山段,.22,非都市：山坡地保育區 ; 非都市編定：國土保安用地,259,1,持分移轉,08190000
RPRNMLKKKHKGFAN18DA,福山段,.28,非都市：山坡地保育區 ; 非都市編定：丙種建築用地,259,1,持分移轉,08210000
RPRNMLKKKHKGFAN18DA,福山段,.16,非都市：山坡地保育區 ; 非都市編定：特定目的事業用地,259,1,持分移轉,08320000
RPRNMLKKKHKGFAN18DA,福山段,.38,非都市：山坡地保育區 ; 非都市編定：特定目的事業用地,259,1,持分移轉,08340000
RPRNMLKKKHKGFAN18DA,福山段,.43,非都市：山坡地保育區 ; 非都市編定：國土保安用地,259,1,持分移轉,08350000
RPRNMLKKKHKGFAN18DA,福山段,22.27,非都市：山坡地保育區 ; 非都市編定：國土保安用地,20,1,持分移轉,08370000
RPRNMLKKKHKGFAN18DA,福山段,2.57,非都市：山坡地保育區 ; 非都市編定：國土保安用地,259,1,持分移轉,08370002
RPRNMLKKKHKGFAN18DA,福山段,3.63,非都市：山坡地保育區 ; 非都市編定：國土保安用地,259,1,持分移轉,09330001
RPRNMLKKKHKGFAN18DA,福山段,2.83,非都市：山坡地保育區 ; 非都市編定：國土保安用地,259,1,持分移轉,09340000
RPRNMLKKKHKGFAN18DA,福山段,.53,非都市：山坡地保育區 ; 非都市編定：國土保安用地,259,1,持分移轉,09350000
RPRNMLKKKHKGFAN18DA,福山段,.35,非都市：山坡地保育區 ; 非都市編定：丙種建築用地,258000,878,持分移轉,09730000
RPRNMLKKKHKGFAN18DA,福山段,.41,非都市：山坡地保育區 ; 非都市編定：丙種建築用地,259,1,持分移轉,09740000
RPRNMLKKKHKGFAN18DA,福山段,1.08,非都市：山坡地保育區 ; 非都市編定：國土保安用地,259,1,持分移轉,09960000
RPRNMLKKKHKGFAN18DA,福山段,1.95,非都市：山坡地保育區 ; 非都市編定：國土保安用地,259,1,持分移轉,09970000
RPRNMLKKKHKGFAN18DA,福山段,2.07,非都市：山坡地保育區 ; 非都市編定：國土保安用地,259,1,持分移轉,09970001
RPRNMLKKKHKGFAN18DA,福山段,4.56,非都市：山坡地保育區 ; 非都市編定：國土保安用地,259,1,持分移轉,10110001
RPRNMLKKKHKGFAN18DA,福山段,1.93,非都市：山坡地保育區 ; 非都市編定：國土保安用地,259,1,持分移轉,10110003
RPRNMLKKKHKGFAN18DA,福山段,.45,非都市：山坡地保育區 ; 非都市編定：國土保安用地,259,1,持分移轉,10120000
RPRNMLKKKHKGFAN18DA,福山段,.19,非都市：山坡地保育區 ; 非都市編定：國土保安用地,259,1,持分移轉,10120001
RPRNMLKKKHKGFAN18DA,福山段,5.41,非都市：山坡地保育區 ; 非都市編定：國土保安用地,259,1,持分移轉,10220000
RPRNMLKKKHKGFAN18DA,福山段,5.79,非都市：山坡地保育區 ; 非都市編定：國土保安用地,259,1,持分移轉,10220001
RPRNMLKKKHKGFAN18DA,福山段,.49,非都市：山坡地保育區 ; 非都市編定：國土保安用地,259,1,持分移轉,10240000
RPRNMLKKKHKGFAN18DA,福山段,11.61,非都市：山坡地保育區 ; 非都市編定：國土保安用地,259,1,持分移轉,10240001
RPRNMLKKKHKGFAN18DA,福山段,5.79,非都市：山坡地保育區 ; 非都市編定：國土保安用地,259,1,持分移轉,10240002
RPRNMLKKKHKGFAN18DA,福山段,.08,非都市：山坡地保育區 ; 非都市編定：特定目的事業用地,259,1,持分移轉,10250000
RPRNMLKKKHKGFAN18DA,福山段,69.13,非都市：山坡地保育區 ; 非都市編定：丙種建築用地,1,1,全筆移轉,10890000
RPRNMLKKKHKGFAN18DA,福山段,1.99,非都市：山坡地保育區 ; 非都市編定：國土保安用地,259,1,持分移轉,10960001
RPUNMLTKKHKGFDN07DA,惠來段,87.00,都市：其他:第二種住宅區,1,1,全筆移轉,10920002
RPUNMLTKKHKGFDN07DA,惠來段,8.32,都市：其他:第二種住宅區,25,1,持分移轉,10920005
RPPNMLPLKHKGFCN88EA,新生段,1850.00,非都市：特定農業區 ; 非都市編定：農牧用地,1,1,全筆移轉,12750000
RPPNMLLLKHKGFBN28DA,和東段,68.00,都市：其他:住宅區,1,1,全筆移轉,07810000
RPVNMLRKKHKGFDN96DA,員林段,68.00,都市：其他:第三種住宅區。,1,1,全筆移轉,00330039
RPUNMLRKKHKGFDN86DA,員林段,74.00,都市：其他:第三種住宅區。,1,1,全筆移轉,00330038
RPPNMLLLKHKGFDN58EA,民生段,12.00,都市：其他:道路用地,1,1,全筆移轉,00790000
RPRNMLLKKHKGFAN28DA,大德段,203.21,非都市：鄉村區 ; 非都市編定：乙種建築用地,40,2,持分移轉,06080000
RPQNMLKLKHKGFAN18DA,南郭段南郭小段,66.43,都市：其他:住宅區,10000,365,持分移轉,02330026
RPSNMLTJKHKGFAN09DA,延平段,74.00,非都市：鄉村區 ; 非都市編定：乙種建築用地,1,1,全筆移轉,11720210
RPQNMLRKKHKGFBN98EA,順天段,84.64,非都市：鄉村區 ; 非都市編定：乙種建築用地,4,1,持分移轉,09140000
RPQNMLRKKHKGFBN98EA,順天段,99.01,非都市：鄉村區 ; 非都市編定：乙種建築用地,1,1,全筆移轉,09150000
RPSNMLTKKHKGFDN86DA,五汴段,90.64,非都市：特定農業區 ; 非都市編定：甲種建築用地,1,1,全筆移轉,06820000
RPVNMLLKKHKGFDN98DA,員林段,20.00,都市：其他:第二種住宅區,2540,200,持分移轉,04970015
RPRNMLSKKHKGFBN09DA,嘉詔段,2930.18,都市：其他:農業區,1,1,全筆移轉,03970000
RPPNMLSKKHKGFDN56EA,民生段,38.00,都市：其他:第二種住宅區,1,1,全筆移轉,05750000
RPPNMLSKKHKGFDN56EA,民生段,10.41,都市：其他:道路用地,34,1,持分移轉,05860000
RPPNMLSKKHKGFDN56EA,民生段,1.59,都市：其他:道路用地,17,1,持分移轉,08080000
RPPNMLTKKHKGFEN66DA,伍伯段,16.70,都市：其他:道路用地,48,2,持分移轉,04880000
RPPNMLTKKHKGFEN66DA,伍伯段,83.84,都市：其他:住宅區,1,1,全筆移轉,04900003
RPPNMLTKKHKGFEN66DA,伍伯段,6.27,都市：其他:住宅區,1,1,全筆移轉,04900013
RPPNMLTKKHKGFEN66DA,伍伯段,11.73,都市：其他:住宅區,10,2,持分移轉,04900014
RPPNMLTKKHKGFEN66DA,伍伯段,26.88,都市：其他:住宅區,10,2,持分移轉,04900015
RPPOMLMKKHKGFFN78DA,北工段,247.00,非都市：工業區 ; 非都市編定：丁種建築用地,1,1,全筆移轉,00070000
RPQOMLMKKHKGFFN88DA,北工段,247.39,非都市：工業區 ; 非都市編定：丁種建築用地,1,1,全筆移轉,00080000
RPROMLMKKHKGFFN98DA,北工段,247.71,非都市：工業區 ; 非都市編定：丁種建築用地,1,1,全筆移轉,00080001
RPTOMLMKKHKGFFN56DA,北工段,247.22,非都市：工業區 ; 非都市編定：丁種建築用地,1,1,全筆移轉,00070001
RPSOMLMKKHKGFFN09DA,北工段,247.80,非都市：工業區 ; 非都市編定：丁種建築用地,1,1,全筆移轉,00090000
RPTNMLSKKHKGFFN07DA,育善段,6.94,都市：其他:住宅區,1,1,全筆移轉,03170003
RPTNMLSKKHKGFFN07DA,育善段,30.78,都市：其他:住宅區,1,1,全筆移轉,03180007
RPQNMLTKKHKGFFN86DA,竹圍段,15.48,非都市：鄉村區 ; 非都市編定：乙種建築用地,13,1,持分移轉,09270000
RPQNMLTKKHKGFFN86DA,竹圍段,.97,非都市：鄉村區 ; 非都市編定：乙種建築用地,13,1,持分移轉,09270003
RPQNMLTKKHKGFFN86DA,竹圍段,63.42,非都市：鄉村區 ; 非都市編定：乙種建築用地,1,1,全筆移轉,09270012
RPPNMLSKKHKGFHN86DA,太平東段,54.92,非都市：鄉村區 ; 非都市編定：乙種建築用地,12502,5492,持分移轉,17120005
RPRNMLMKKHKGFAN38DA,南興段,4.68,都市：其他:住宅區,100000,1780,持分移轉,03980014
RPRNMLMKKHKGFAN38DA,南興段,13.94,都市：其他:住宅區,100000,1780,持分移轉,03990000
RPRNMLMKKHKGFAN38DA,南興段,8.65,都市：其他:住宅區,100000,1780,持分移轉,04000000
RPPNMLNKKHKGFAN28DA,新快官段,346.36,非都市：山坡地保育區 ; 非都市編定：農牧用地,1,1,全筆移轉,11870004
RPPNMLNKKHKGFAN28DA,新快官段,5588.50,非都市：山坡地保育區 ; 非都市編定：農牧用地,1,1,全筆移轉,11880004
RPPNMLNKKHKGFAN28DA,新快官段,3241.06,非都市：山坡地保育區 ; 非都市編定：農牧用地,1,1,全筆移轉,11900000
RPUOMLRKKHKGFAN66DA,西勢子段西勢子小段,227.00,都市：其他:農業區,1,1,全筆移轉,02270035
RPOOMLNKKHKGFAN28DA,延平段,75.00,都市：其他:住宅區,1,1,全筆移轉,09770057
RPPNMLSKKHKGFAN78DA,延和段,38.24,都市：其他:住宅區,100000,2127,持分移轉,08410000
RPTNMLLLKHKGFDN88DA,新生段,45.23,都市：其他:第二種商業區,6,1,持分移轉,11260000
RPVNMLSKKHKGFAN76DA,竹中段,44.91,非都市：鄉村區 ; 非都市編定：乙種建築用地,66,3,持分移轉,04160000
RPVNMLSKKHKGFAN76DA,竹中段,53.21,非都市：鄉村區 ; 非都市編定：乙種建築用地,66,3,持分移轉,04290000
RPUNMLPJKHKGFGN86DA,儒興段,18.47,都市：其他:住宅區,10000,133,持分移轉,03690000
RPSNMLLLKHKGFDN78DA,美港段,89.11,非都市：特定農業區 ; 非都市編定：甲種建築用地,1,1,全筆移轉,08600000
RPSNMLLLKHKGFDN78DA,美港段,13.23,非都市：特定農業區 ; 非都市編定：甲種建築用地,24,2,持分移轉,08620000
RPVNMLKLKHKGFEN09DA,橋頭段,108.98,非都市：鄉村區 ; 非都市編定：乙種建築用地,1,1,全筆移轉,10230000
RPUNMLLLKHKGFDN98DA,新生段,45.23,都市：其他:第二種商業區,6,1,持分移轉,11260000
RPWNMLTKKHKGFFN47DA,信義段,539.00,非都市：特定農業區 ; 非都市編定：甲種建築用地,1,1,全筆移轉,04160000
RPVNMLTKKHKGFFN37DA,信義段,126.00,非都市：特定農業區 ; 非都市編定：甲種建築用地,1,1,全筆移轉,04160006
RPQNMLLLKHKGFFN78DA,振興段,2784.00,非都市：特定農業區 ; 非都市編定：農牧用地,1,1,全筆移轉,05160000
RPSNMLRKKHKGFGN96DA,城潭段,2850.00,非都市：一般農業區 ; 非都市編定：農牧用地,1,1,全筆移轉,07270000
RPVNMLKKKHKGFAN58DA,埔崙段,733.00,非都市：特定農業區 ; 非都市編定：農牧用地,1,1,全筆移轉,00670000
RPTNMLRKKHKGFGN07DA,城潭段,2759.00,非都市：一般農業區 ; 非都市編定：農牧用地,1,1,全筆移轉,07280000
RPPNMLLLKHKGFGN78DA,𥕟磘段,80.00,非都市：鄉村區 ; 非都市編定：乙種建築用地,1,1,全筆移轉,03760067
RPSNMLTKKHKGFHN27DA,新水段,2759.00,非都市：特定農業區 ; 非都市編定：農牧用地,1,1,全筆移轉,09690000
RPQOMLOLKHKGFAN68DA,埔崙段,2120.00,都市：其他:農業區,1,1,全筆移轉,04370000
RPQNMLKLKHKGFCN38DA,玉順段,23.97,都市：其他:住宅區,1,1,全筆移轉,06080000
RPSNMLOLKHKGFDN09DA,東興段,86.76,非都市：鄉村區 ; 非都市編定：乙種建築用地,1,1,全筆移轉,03410000
RPSNMLQJKHKGFFN66DA,興農段,1185.21,非都市：特定農業區 ; 非都市編定：農牧用地,1,1,全筆移轉,13030000
RPPNMLNLJHKGFFN78DA,復興段,94.85,都市：其他:道路用地,60000,29149,持分移轉,07350000
RPQNMLNLJHKGFFN88DA,復興段,7.85,都市：其他:道路用地,1,1,全筆移轉,08090000
RPRNMLNLJHKGFFN98DA,復興段,62.53,都市：其他:道路用地,306015,33657,持分移轉,07320000
RPPNMLLLKHKGFFN68DA,螺青段,18.40,都市：其他:住宅區,10000,574,持分移轉,06250000
RPPNMLLLKHKGFFN68DA,螺青段,95.30,都市：其他:住宅區,1,1,全筆移轉,06250008
RPPNMLLLKHKGFFN68DA,螺青段,.31,都市：其他:住宅區,16,1,持分移轉,06250017
RPPNMLLLKHKGFFN68DA,螺青段,11.75,都市：其他:住宅區,16,1,持分移轉,06250018
RPPNMLLLKHKGFFN68DA,螺青段,.62,都市：其他:道路用地,48000,135,持分移轉,06260000
RPQNMLOLKHKGFGN56DA,草漢段,112.50,非都市：鄉村區 ; 非都市編定：乙種建築用地,1,1,全筆移轉,08270000
RPSNMLLLKHKGFFN98DA,田豐段,681.00,非都市：特定農業區 ; 非都市編定：農牧用地,1,1,全筆移轉,13230000
RPVPMLPKJHKGFAN56DA,茄苳段,87.89,非都市：鄉村區 ; 非都市編定：乙種建築用地,1,1,全筆移轉,07740000
RPQNMLSKKHKGFHN96DA,富貴段,66.22,都市：其他:住宅區,10000,1354,持分移轉,00810000
RPQPMLPJKHKGFAN68DA,磚磘段,2009.08,都市：其他:農業區,1,1,全筆移轉,12880000
RPSNMLMKJHKGFAN38DA,南郭段南郭小段,54.00,都市：其他:住宅區,1,1,全筆移轉,04590037
RPVNMLOLKHKGFDN76DA,民生段,9.38,都市：其他:第二種住宅區,10000,34,持分移轉,03000000
RPQNMLOLKHKGFEN98DA,保黎段,5.20,都市：其他:商業區,1,1,全筆移轉,09990004
RPQNMLOLKHKGFEN98DA,保黎段,5.02,都市：其他:商業區,1,1,全筆移轉,09990005
RPQNMLOJKHKGFBN48DA,德興段,17.70,都市：其他:農業區,60,9,持分移轉,10930000
RPQNMLOJKHKGFBN48DA,德興段,64.00,都市：其他:農業區,1,1,全筆移轉,10930006
RPQNMLOJKHKGFBN48DA,德興段,.17,都市：其他:農業區,6,1,持分移轉,10930011
RPQNMLTKJHKGFFN76DA,復興段,.86,都市：其他:道路用地,18520,3064,持分移轉,06750001
RPRNMLTKJHKGFFN86DA,復興段,.86,都市：其他:道路用地,18520,3064,持分移轉,06750001
RPSNMLTKJHKGFFN96DA,復興段,.47,都市：其他:道路用地,18520,1660,持分移轉,06750001
RPTNMLTKJHKGFFN07DA,復興段,.30,都市：其他:道路用地,18520,1080,持分移轉,06750001
RPUNMLTKJHKGFFN17DA,復興段,.30,都市：其他:道路用地,18520,1080,持分移轉,06750001
RPSNMLRKKHKGFFN86DA,大安段,29.14,都市：其他:住宅區,10000,123,持分移轉,08920000
RPTNMLTKKHKGFHN37DA,大庭段,14.74,都市：其他:農業區,1,1,全筆移轉,01280000
RPTNMLTKKHKGFHN37DA,大庭段,13.13,都市：其他:農業區,1,1,全筆移轉,01280007
RPTNMLTKKHKGFHN37DA,大庭段,13.13,都市：其他:農業區,1,1,全筆移轉,01280008
RPTNMLTKKHKGFHN37DA,大庭段,13.13,都市：其他:農業區,1,1,全筆移轉,01280009
RPTNMLTKKHKGFHN37DA,大庭段,13.13,都市：其他:農業區,1,1,全筆移轉,01280010
RPTNMLTKKHKGFHN37DA,大庭段,21.72,都市：其他:農業區,1,1,全筆移轉,01280015
RPTNMLTKKHKGFHN37DA,大庭段,58.51,都市：其他:農業區,22,8,持分移轉,01280016
RPTNMLTKKHKGFHN37DA,大庭段,19.24,都市：其他:農業區,1,1,全筆移轉,01280017
RPTNMLTKKHKGFHN37DA,大庭段,13.43,都市：其他:農業區,1,1,全筆移轉,01280027
RPPNMLOLKHKGFDN88EA,三潭段,620.67,非都市：特定農業區 ; 非都市編定：甲種建築用地,6,2,持分移轉,10710000
RPQNMLOLKHKGFDN98EA,大田段,6.85,都市：其他:住宅區,1,1,全筆移轉,08800003
RPQNMLOLKHKGFDN98EA,大田段,.16,都市：其他:住宅區,1,1,全筆移轉,08820004
RPQNMLOLKHKGFDN98EA,大田段,9.36,都市：其他:住宅區,1,1,全筆移轉,08820006
RPQNMLMKKHKGFHN98DA,大溪段,121.00,都市：其他:住宅區,1,1,全筆移轉,04180021
RPXNMLLLKHKGFAN98DA,福山段,77.40,非都市：山坡地保育區 ; 非都市編定：丙種建築用地,1,1,全筆移轉,00640000
RPXNMLLLKHKGFAN98DA,福山段,97.11,非都市：山坡地保育區 ; 非都市編定：農牧用地,12,1,持分移轉,00660000
RPPNMLOLKHKGFAN48DA,三民段,13.61,都市：其他:商業區,1200,45,持分移轉,10090000
RPPNMLOLKHKGFAN48DA,三民段,26.18,都市：其他:商業區,3200,120,持分移轉,10100000
RPSNMLPLKHKGFAN88DA,三民段,58.00,都市：其他:商業區,1,1,全筆移轉,03670000
RPOOMLMJJHKGFAN97DA,口庄段,1291.00,都市：其他:農業區,1,1,全筆移轉,05370000
RPQNMLNKKHKGFCN58DA,上林段,1846.81,非都市：工業區 ; 非都市編定：丁種建築用地,1,1,全筆移轉,00270001
RPQNMLNKKHKGFCN58DA,上林段,674.67,非都市：工業區 ; 非都市編定：丁種建築用地,1,1,全筆移轉,00270002
RPXNMLOKKHKGFDN86DA,惠農段,12.74,都市：其他:第一種住宅區,100000,228,持分移轉,11370000
RPUNMLKKKHKGFAN48DA,台鳳段,4.52,非都市：山坡地保育區 ; 非都市編定：特定目的事業用地,24,1,持分移轉,08490000
RPUNMLKKKHKGFAN48DA,台鳳段,76.01,非都市：山坡地保育區 ; 非都市編定：特定目的事業用地,1,1,全筆移轉,08590000
RPPNMLLLKHKGFHN98EA,義民段,.25,都市：其他:人行步道用地,300,5,持分移轉,08990000
RPPNMLLLKHKGFHN98EA,義民段,4.13,都市：其他:商業區,300,5,持分移轉,09000000
RPPNMLLLKHKGFHN98EA,義民段,47.70,都市：其他:住宅區,300,5,持分移轉,09320000
RPPNMLLLKHKGFHN98EA,義民段,.02,都市：其他:人行步道用地,300,5,持分移轉,09330000
RPPNMLLLKHKGFHN98EA,義民段,.40,都市：其他:道路用地,300,5,持分移轉,09340000
RPPNMLLLKHKGFHN98EA,義民段,1.47,都市：其他:道路用地,300,5,持分移轉,09370000
RPPNMLLLKHKGFHN98EA,義民段,10.82,都市：其他:住宅區,300,5,持分移轉,09380000
RPPNMLLLKHKGFHN98EA,義民段,1.28,都市：其他:道路用地,300,5,持分移轉,09400000
RPPNMLLLKHKGFHN98EA,義民段,6.43,都市：其他:住宅區,300,5,持分移轉,09410000
RPPNMLTKKHKGFAN88DA,口庄段,2521.00,都市：其他:農業區,1,1,全筆移轉,06810000
RPVNMLRKKHKGFAN66DA,三民段,6.22,都市：其他:商業區,10000,37,持分移轉,11720000
RPQNMLMKKHKGFCN48DA,新生段,68.88,非都市：鄉村區 ; 非都市編定：乙種建築用地,3000,574,持分移轉,06450000
RPRNMLMKKHKGFCN58DA,新生段,110.69,非都市：鄉村區 ; 非都市編定：乙種建築用地,96000,4592,持分移轉,06430000
RPRNMLMKKHKGFCN58DA,新生段,167.37,非都市：鄉村區 ; 非都市編定：乙種建築用地,96000,4592,持分移轉,06440000
RPRNMLMKKHKGFCN58DA,新生段,7.41,非都市：鄉村區 ; 非都市編定：乙種建築用地,12000,574,持分移轉,06470000
RPRNMLMKKHKGFCN58DA,新生段,162.45,非都市：鄉村區 ; 非都市編定：乙種建築用地,2000,573,持分移轉,06520000
RPPNMLNKKHKGFCN48DA,新橋段,82.74,非都市：鄉村區 ; 非都市編定：乙種建築用地,1,1,全筆移轉,03280000
RPQNMLSJKHKGFCN98DA,秀安段,136.00,非都市：鄉村區 ; 非都市編定：乙種建築用地,1,1,全筆移轉,01930004
RPQNMLSJKHKGFCN98DA,秀安段,14.30,非都市：鄉村區 ; 非都市編定：乙種建築用地,180,13,持分移轉,01930005
RPQNMLSJKHKGFCN98DA,秀安段,160.00,非都市：鄉村區 ; 非都市編定：乙種建築用地,1,1,全筆移轉,01940002
RPQNMLSJKHKGFCN98DA,秀安段,38.47,非都市：鄉村區 ; 非都市編定：乙種建築用地,324,45,持分移轉,01940006
RPUNMLMLJHKGFAN68DA,嘉興段,2034.00,非都市：特定農業區 ; 非都市編定：農牧用地,1,1,全筆移轉,12820000
RPQNMLSKKHKGFDN56DA,復興段,94.82,非都市：鄉村區 ; 非都市編定：乙種建築用地,1,1,全筆移轉,01290000
RPRNMLSKKHKGFFN86DA,曾厝崙段,5.21,非都市：特定農業區 ; 非都市編定：農牧用地,96,5,持分移轉,01060000
RPRNMLSKKHKGFFN86DA,曾厝崙段,41.00,非都市：特定農業區 ; 非都市編定：農牧用地,1,1,全筆移轉,01060003
RPRNMLOKKHKGFAN58DA,南郭段南郭小段,180.00,都市：其他:住宅區,1,1,全筆移轉,00170030
RPPNMLMKKHKGFBN28DA,伸東段,4.67,都市：其他:住宅區,6,1,持分移轉,01300016
RPPNMLMKKHKGFBN28DA,伸東段,48.18,都市：其他:住宅區,11,10,持分移轉,01330000
RPPNMLMKKHKGFBN28DA,伸東段,337.00,都市：其他:住宅區,1,1,全筆移轉,01350000
RPPNMLMKKHKGFBN28DA,伸東段,1.00,都市：其他:農業區,1,1,全筆移轉,01350001
RPPNMLMKKHKGFBN28DA,伸東段,1.00,都市：其他:農業區,1,1,全筆移轉,01360000
RPPNMLMKKHKGFBN28DA,伸東段,10.00,都市：其他:住宅區,1,1,全筆移轉,01370000
RPPNMLMKKHKGFBN28DA,伸東段,673.00,都市：其他:農業區,1,1,全筆移轉,01380000
RPPNMLLKKHKGFDN38DA,三條段,228.00,都市：其他:園道用地,1,1,全筆移轉,04100000
RPPNMLLKKHKGFDN38DA,三條段,65.78,都市：其他:乙種工業區,1,1,全筆移轉,04110000
RPPNMLLKKHKGFDN38DA,三條段,72.22,都市：其他:園道用地,1,1,全筆移轉,04110001
RPQNMLNKKIJGFBN48DA,和中段,21.86,都市：其他:住宅區,10000,27,持分移轉,00600000
RPPNMLOKKHKGFEN78DA,廣興段,72.02,都市：其他:住宅區,1,1,全筆移轉,03920000
RPRNMLTKKHKGFBN56DA,全興段,631.00,非都市：工業區 ; 非都市編定：丁種建築用地,1,1,全筆移轉,07080010
RPPNMLTKKHKGFBN98DA,福安段,518.08,非都市：一般農業區 ; 非都市編定：農牧用地,1,1,全筆移轉,02520000
RPTNMLLLKHKGFHN66DA,南興段,270.83,非都市：特定農業區 ; 非都市編定：農牧用地,6,1,持分移轉,02970000
RPQNMLRKKHKGFFN66DA,螺青段,83.00,都市：其他:住宅區,1,1,全筆移轉,11850007
RPRNMLKLKHKGFDN58DA,永發段,452.12,都市：其他:農業區,1,1,全筆移轉,01520000
RPRNMLKLKHKGFDN58DA,永發段,904.25,都市：其他:農業區,1,1,全筆移轉,01520001
RPRNMLRKKHKGFHN96DA,富貴段,138.41,都市：其他:住宅區,1,1,全筆移轉,00520000
RPUNMLMJJHKGFHN56DA,大義段,696.33,非都市：特定農業區 ; 非都市編定：農牧用地,3,1,持分移轉,08390000
RPTOMLMJJHKGFAN48DA,南郭段南郭小段,26.80,都市：其他:住宅區,10,1,持分移轉,04380149
RPTOMLMJJHKGFAN48DA,南郭段南郭小段,4.80,都市：其他:住宅區,40,1,持分移轉,04380152
RPWNMLRKKHKGFDN07DA,橋愛段,28.25,都市：其他:第一種住宅區,16,1,持分移轉,13410000
RPXNMLRKKHKGFDN17DA,橋愛段,28.25,都市：其他:第一種住宅區,16,1,持分移轉,13410000
RPPNMLKLKHKGFAN08DA,新芬園段,122.15,非都市：鄉村區 ; 非都市編定：乙種建築用地,1,1,全筆移轉,01660000
RPOOMLRKKHKGFDN98DA,橋愛段,28.25,都市：其他:第一種住宅區,16,1,持分移轉,13410000
RPQOMLRKKHKGFDN56DA,橋愛段,28.25,都市：其他:第一種住宅區,16,1,持分移轉,13410000
RPQNMLLLKHKGFDN58DA,村上段,3.77,非都市：鄉村區 ; 非都市編定：乙種建築用地,64,1,持分移轉,07000000
RPSNMLLLKHKGFAN48DA,秀水段,299.00,非都市：鄉村區 ; 非都市編定：乙種建築用地,1,1,全筆移轉,12770001
RPQNMLSKKHKGFAN98EA,磚磘段,531.75,都市：其他:農業區,1,1,全筆移轉,00180002
RPPNMLMLKHKGFEN68DA,社興段,85.86,非都市：鄉村區 ; 非都市編定：乙種建築用地,1,1,全筆移轉,04290000
RPVNMLTKJHKGFFN27DA,復興段,8.23,都市：其他:道路用地,306015,4432,持分移轉,07320000
RPPNMLTKJHKGFFN66DA,復興段,.83,都市：其他:道路用地,18520,2952,持分移轉,06750001
RPPNMLOLKHKGFGN09DA,東興段,2388.07,非都市：特定農業區 ; 非都市編定：農牧用地,1,1,全筆移轉,09630000
RPQNMLPLKHKGFGN66DA,芳街段,688.84,非都市：一般農業區 ; 非都市編定：農牧用地,8,1,持分移轉,08810000
RPSOMLRKKHKGFDN76DA,橋愛段,28.25,都市：其他:第一種住宅區,16,1,持分移轉,13410000
RPSOMLKMKIJGFFN09DA,中和段,839.67,非都市：鄉村區 ; 非都市編定：乙種建築用地,6,2,持分移轉,08970000
RPPNMLSLKIJGFAN88DA,南郭段南郭小段,27.00,都市：其他:住宅區,20,2,持分移轉,04380151
RPPNMLSLKIJGFAN88DA,南郭段南郭小段,4.80,都市：其他:住宅區,80,2,持分移轉,04380152
RPWNMLKKKHKGFAN68DA,莿桐段,13.00,都市：其他:乙種工業區,9336,156,持分移轉,10540000
RPWNMLKKKHKGFAN68DA,莿桐段,4.00,都市：其他:乙種工業區,1996,16,持分移轉,10550000
RPWNMLKKKHKGFAN68DA,莿桐段,12.00,都市：其他:乙種工業區,1542,24,持分移轉,10600001
RPPNMLLLKHKGFAN28EA,聯興段,147.97,非都市：鄉村區 ; 非都市編定：交通用地,1,1,全筆移轉,00740002
RPQNMLPLKHKGFAN78EA,秀水段,129.00,非都市：特定農業區 ; 非都市編定：農牧用地,1,1,全筆移轉,13000001
RPQNMLPLKHKGFAN78EA,秀水段,573.00,非都市：特定農業區 ; 非都市編定：農牧用地,1,1,全筆移轉,13010000
RPPNMLKLKHKGFAN18EA,福山段,92.95,非都市：山坡地保育區 ; 非都市編定：丙種建築用地,1,1,全筆移轉,03200000
RPQNMLOLKHKGFAN58DA,南郭段南郭小段,14.25,都市：其他:住宅區,4,1,持分移轉,03860031
RPQNMLOLKHKGFAN58DA,南郭段南郭小段,.25,都市：其他:道路用地,4,1,持分移轉,03860052
RPQNMLOLKHKGFAN58DA,南郭段南郭小段,2.00,都市：其他:道路用地,4,1,持分移轉,03860086
RPPNMLKLKHKGFBN18DA,忠明段,144.00,非都市：特定農業區 ; 非都市編定：交通用地,1,1,全筆移轉,09810001
RPTNMLKLKHKGFBN58DA,犁盛段,13.93,非都市：特定農業區 ; 非都市編定：交通用地,1,1,全筆移轉,00560001
RPSOMLKLKHKGFAN48DA,牛稠子段下廍小段,50.00,都市：其他:住宅區,450,50,持分移轉,00710000
RPSOMLKLKHKGFAN48DA,牛稠子段下廍小段,85.00,都市：其他:住宅區,1,1,全筆移轉,00710014
RPSNMLKLKHKGFBN48DA,犁盛段,25.87,非都市：特定農業區 ; 非都市編定：交通用地,1,1,全筆移轉,00510001
RPSNMLKLKHKGFBN48DA,犁盛段,13.07,非都市：特定農業區 ; 非都市編定：交通用地,1,1,全筆移轉,00530001
RPSNMLKLKHKGFBN48DA,犁盛段,14.10,非都市：特定農業區 ; 非都市編定：交通用地,1,1,全筆移轉,00600001
RPUNMLKLKHKGFBN68DA,犁盛段,14.22,非都市：特定農業區 ; 非都市編定：交通用地,1,1,全筆移轉,00570001
RPUNMLKLKHKGFBN68DA,犁盛段,266.03,非都市：特定農業區 ; 非都市編定：交通用地,1,1,全筆移轉,00610001
RPPOMLMKKHKGFDN58DA,民生段,52.00,都市：其他:道路用地,1,1,全筆移轉,02110000
RPPOMLMKKHKGFDN58DA,民生段,48.00,都市：其他:道路用地,1,1,全筆移轉,02150000
RPQOMLOLKHKGFDN98DA,民生段,72.55,都市：其他:道路用地,1,1,全筆移轉,02050000
RPOOMLOLKHKGFDN78DA,民生段,60.00,都市：其他:第三種住宅區。,1,1,全筆移轉,03290000
RPPNMLKLJHKGFFN48DA,復興段,8.23,都市：其他:道路用地,306015,4432,持分移轉,07320000
RPQNMLKLJHKGFFN58DA,復興段,8.23,都市：其他:道路用地,306015,4432,持分移轉,07320000
RPTNMLOLKHKGFGN86DA,儒林段,77.18,都市：其他:住宅區,1,1,全筆移轉,03170040
RPPNMLPLKHKGFGN56DA,芳街段,688.84,非都市：一般農業區 ; 非都市編定：農牧用地,8,1,持分移轉,08810000
RPRNMLOLKHKGFAN68DA,南郭段南郭小段,50.10,都市：其他:住宅區,4,1,持分移轉,03980002
RPRNMLOLKHKGFAN68DA,南郭段南郭小段,9.50,都市：其他:道路用地,4,1,持分移轉,03980005
RPRNMLOLKHKGFAN68DA,南郭段南郭小段,4.90,都市：其他:住宅區,4,1,持分移轉,03980012
RPRNMLOLKHKGFAN68DA,南郭段南郭小段,.65,都市：其他:道路用地,4,1,持分移轉,03980014
RPRNMLOLKHKGFAN68DA,南郭段南郭小段,.85,都市：其他:道路用地,4,1,持分移轉,03980015
RPVNMLKKKHKGFBN68DA,伸同段,235.00,都市：其他:第一種住宅區,1,1,全筆移轉,00360001
RPRNMLRJJHKGFCN88DA,鹿犁段,6.10,非都市：一般農業區 ; 非都市編定：丁種建築用地,192,6,持分移轉,09080004
RPRNMLRJJHKGFCN88DA,鹿犁段,92.57,非都市：一般農業區 ; 非都市編定：丁種建築用地,1,1,全筆移轉,09080010
RPRNMLRJJHKGFCN88DA,鹿犁段,3.71,非都市：鄉村區 ; 非都市編定：乙種建築用地,192,6,持分移轉,09090001
RPQNMLSKKHKGFFN76DA,大湖段,390.25,非都市：鄉村區 ; 非都市編定：乙種建築用地,1,1,全筆移轉,02370000
RPTNMLKKJHKGFGN88DA,裕津段,2267.00,非都市：工業區 ; 非都市編定：丁種建築用地,1,1,全筆移轉,02370000
RPVOMLMJJHKGFAN68DA,竹林段,68.72,非都市：鄉村區 ; 非都市編定：乙種建築用地,1,1,全筆移轉,01200024
RPVOMLMJJHKGFAN68DA,竹林段,26.27,非都市：鄉村區 ; 非都市編定：乙種建築用地,21,1,持分移轉,01200025
RPQNMLLKKHKGFHN88DA,羅厝段,199.58,都市：其他:農業區,1,1,全筆移轉,00270000
RPQNMLLKKHKGFHN88DA,羅厝段,26.98,都市：其他:農業區,100000,3169,持分移轉,00280005
RPTNMLLKKHKGFHN56DA,鳳山段,16.69,都市：其他:住宅區,100000,1698,持分移轉,09530000
RPTNMLLKKHKGFHN56DA,鳳山段,.15,都市：其他:住宅區,100000,1698,持分移轉,09530001
RPTNMLLKKHKGFHN56DA,鳳山段,.02,都市：其他:住宅區,100000,1698,持分移轉,09530002
RPTNMLLKKHKGFHN56DA,鳳山段,1.90,都市：其他:住宅區,100000,1698,持分移轉,09980000
RPPNMLQJJHKGFHN09DA,太平東段,540.28,非都市：鄉村區 ; 非都市編定：乙種建築用地,6000,2751,持分移轉,10430000
RPROMLKKKHKGFDN58DA,復興段,135.13,都市：其他:第一種住宅區,1,1,全筆移轉,13510000
RPROMLLKKHKGFAN38DA,嘉北段,306.00,非都市：特定農業區 ; 非都市編定：農牧用地,1,1,全筆移轉,14490000
RPVNMLLLKHKGFAN78DA,阿夷段柴坑子小段,1486.00,非都市：特定農業區 ; 非都市編定：農牧用地,1,1,全筆移轉,05840000
RPVNMLLLKHKGFAN78DA,阿夷段柴坑子小段,1486.00,非都市：特定農業區 ; 非都市編定：農牧用地,1,1,全筆移轉,05850000
RPWNMLLLKHKGFAN88DA,阿夷段柴坑子小段,1486.00,非都市：特定農業區 ; 非都市編定：農牧用地,1,1,全筆移轉,05860000
RPWNMLLLKHKGFAN88DA,阿夷段柴坑子小段,1486.00,非都市：特定農業區 ; 非都市編定：農牧用地,1,1,全筆移轉,05870000
RPWNMLLLKHKGFAN88DA,阿夷段柴坑子小段,1431.00,非都市：特定農業區 ; 非都市編定：農牧用地,1,1,全筆移轉,05880000
RPRNMLLLKHKGFFN88DA,新下霸段,402.35,非都市：鄉村區 ; 非都市編定：乙種建築用地,1,1,全筆移轉,08660000
RPRNMLOLJHKGFHN66DA,太平東段,58.10,非都市：鄉村區 ; 非都市編定：乙種建築用地,1,1,全筆移轉,17120003
RPTNMLNJKHKGFHN66DA,羅厝段,1608.75,都市：其他:農業區,1,1,全筆移轉,05630000
RPTNMLNJKHKGFHN66DA,羅厝段,14.09,都市：其他:農業區,1,1,全筆移轉,05630001
RPUNMLNKKHKGFAN78DA,台鳳段,115.78,非都市：山坡地保育區 ; 非都市編定：特定目的事業用地,1,1,全筆移轉,10750000
RPUNMLRKKHKGFHN27DA,五通段,367.66,非都市：鄉村區 ; 非都市編定：乙種建築用地,1,1,全筆移轉,02460001
RPUNMLRKKHKGFHN27DA,五通段,33.41,非都市：鄉村區 ; 非都市編定：乙種建築用地,12,5,持分移轉,02460002
RPOOMLRJKHKGFFN09DA,芳富段,372.13,都市：其他:乙種工業區,1,1,全筆移轉,11510001
RPOOMLRJKHKGFFN09DA,芳富段,189.10,都市：其他:乙種工業區,1,1,全筆移轉,11530001
RPOOMLRJKHKGFFN09DA,芳富段,1622.91,都市：其他:乙種工業區,1,1,全筆移轉,11580001
RPOOMLRJKHKGFFN09DA,芳富段,133.00,都市：其他:乙種工業區,1,1,全筆移轉,11610000
RPRNMLLKKHKGFHN98DA,羅厝段,894.85,都市：其他:農業區,1,1,全筆移轉,00280004
SPUNMLRKKHKGFHN37DA,五通段,392.36,非都市：特定農業區 ; 非都市編定：農牧用地,1,1,全筆移轉,02490000
RPUNMLSKKHKGFBN76DA,新興段,311.20,非都市：鄉村區 ; 非都市編定：乙種建築用地,1,1,全筆移轉,04500000
RPUNMLSKKHKGFBN76DA,新興段,91.28,非都市：一般農業區 ; 非都市編定：農牧用地,1,1,全筆移轉,04510000
RPUNMLSKKHKGFBN76DA,新興段,865.78,非都市：一般農業區 ; 非都市編定：農牧用地,1,1,全筆移轉,04520000
RPUNMLSKKHKGFBN76DA,新興段,1283.59,非都市：一般農業區 ; 非都市編定：農牧用地,1,1,全筆移轉,04530000
RPPNMLKLKHKGFCN28DA,福鹿段,17.16,非都市：鄉村區 ; 非都市編定：乙種建築用地,220,35,持分移轉,19120000
RPPNMLKLKHKGFCN28DA,福鹿段,152.64,非都市：鄉村區 ; 非都市編定：乙種建築用地,1,1,全筆移轉,19120003
RPSNMLTKKHKGFEN96DA,埤清段,107.61,非都市：鄉村區 ; 非都市編定：乙種建築用地,1,1,全筆移轉,00650000
RPPNMLSKKHKGFFN66DA,光復段,8.54,都市：其他:商業區,192,1,持分移轉,17110000
RPPNMLSKKHKGFFN66DA,光復段,1.21,都市：其他:住宅區,192,1,持分移轉,17110001
RPPNMLSKKHKGFFN66DA,光復段,3.82,都市：其他:住宅區,192,1,持分移轉,17140000
RPVNMLTKKHKGFAN86DA,桃源段,100.88,都市：其他:住宅區,10000,386,持分移轉,06480000
RPXNMLOLKHKGFDN96DA,橋愛段,98.12,都市：其他:第一種住宅區,1,1,全筆移轉,11110002
RPXNMLOLKHKGFDN96DA,橋愛段,90.87,都市：其他:第一種住宅區,1,1,全筆移轉,11110005
RPPNMLLLKHKGFEN58DA,新民段,180.39,都市：其他:住宅區,1,1,全筆移轉,05510002
RPQNMLLLKHKGFAN38EA,溪北段,85.26,非都市：特定農業區 ; 非都市編定：甲種建築用地,1,1,全筆移轉,03870000
RPXPMLPKJHKGFAN76DA,福山段,4.18,非都市：山坡地保育區 ; 非都市編定：丙種建築用地,46,1,持分移轉,06350000
RPXPMLPKJHKGFAN76DA,福山段,2.22,非都市：山坡地保育區 ; 非都市編定：交通用地,72,1,持分移轉,06360000
RPXPMLPKJHKGFAN76DA,福山段,2.08,非都市：山坡地保育區 ; 非都市編定：丙種建築用地,133,1,持分移轉,06470000
RPXPMLPKJHKGFAN76DA,福山段,.19,非都市：山坡地保育區 ; 非都市編定：丙種建築用地,133,1,持分移轉,06480000
RPXPMLPKJHKGFAN76DA,福山段,.23,非都市：山坡地保育區 ; 非都市編定：丙種建築用地,46,1,持分移轉,06520000
RPXPMLPKJHKGFAN76DA,福山段,1.94,非都市：山坡地保育區 ; 非都市編定：丙種建築用地,46,1,持分移轉,06730000
RPXPMLPKJHKGFAN76DA,福山段,4.88,非都市：山坡地保育區 ; 非都市編定：丙種建築用地,46,1,持分移轉,06750000
RPXPMLPKJHKGFAN76DA,福山段,140.15,非都市：山坡地保育區 ; 非都市編定：丙種建築用地,1,1,全筆移轉,06800000
RPXPMLPKJHKGFAN76DA,福山段,2.15,非都市：山坡地保育區 ; 非都市編定：丙種建築用地,133,1,持分移轉,07050000
RPVNMLOKKHKGFDN66DA,豐年段,29.44,都市：其他:第二種住宅區,10000,647,持分移轉,03380000
RPVNMLOKKHKGFDN66DA,豐年段,2.00,都市：其他:第二種住宅區,1,1,全筆移轉,03420001
RPVNMLOKKHKGFDN66DA,豐年段,4.46,都市：其他:第二種住宅區,10000,647,持分移轉,03600000
RPSNMLSKKHKGFBN56DA,中寮北段,.48,非都市：鄉村區 ; 非都市編定：乙種建築用地,1,1,全筆移轉,05910001
RPSNMLSKKHKGFBN56DA,中寮北段,.04,非都市：鄉村區 ; 非都市編定：乙種建築用地,1,1,全筆移轉,05910003
RPSNMLSKKHKGFBN56DA,中寮北段,51.73,非都市：鄉村區 ; 非都市編定：乙種建築用地,1,1,全筆移轉,05920000
RPSNMLSKKHKGFBN56DA,中寮北段,4.30,非都市：鄉村區 ; 非都市編定：乙種建築用地,1,1,全筆移轉,05920001
RPSNMLSKKHKGFBN56DA,中寮北段,2.10,非都市：鄉村區 ; 非都市編定：乙種建築用地,15,1,持分移轉,05940000
RPSNMLSKKHKGFBN56DA,中寮北段,.80,非都市：鄉村區 ; 非都市編定：乙種建築用地,15,1,持分移轉,05950000
RPSNMLSKKHKGFBN56DA,中寮北段,9.33,非都市：鄉村區 ; 非都市編定：乙種建築用地,15,1,持分移轉,05960000
RPPNMLMLKHKGFDN58DA,福中段,688.52,非都市：鄉村區 ; 非都市編定：乙種建築用地,24,3,持分移轉,05650000
RPTNMLRKJHKGFFN86DA,光復段,31.60,都市：其他:住宅區,10,2,持分移轉,01930000
RPTNMLRKJHKGFFN86DA,光復段,63.00,都市：其他:住宅區,1,1,全筆移轉,01960000
RPTNMLRKJHKGFFN86DA,光復段,12.00,都市：其他:住宅區,20,2,持分移轉,02050000
RPTNMLNKKHKGFDN98DA,南勢段,14.11,都市：其他:農業區,41,1,持分移轉,03480000
RPTNMLNKKHKGFDN98DA,南勢段,23.22,都市：其他:農業區,1,1,全筆移轉,03480006
RPTNMLNKKHKGFDN98DA,南勢段,57.71,都市：其他:農業區,1,1,全筆移轉,03480012
RPTNMLNKKHKGFDN98DA,南勢段,43.53,都市：其他:農業區,6,1,持分移轉,03650000
RPTNMLNKKHKGFDN98DA,南勢段,1.13,都市：其他:農業區,41,1,持分移轉,03650001
RPTNMLKLKHKGFEN88DA,崁頂段,910.83,非都市：特定農業區 ; 非都市編定：農牧用地,1,1,全筆移轉,08460000
RPTNMLKLKHKGFEN88DA,崁頂段,15.16,非都市：特定農業區 ; 非都市編定：交通用地,1,1,全筆移轉,08630000
RPQNMLLLKHKGFEN68DA,中新段,83.00,都市：其他:住宅區,1,1,全筆移轉,09220001
RPQNMLLLKHKGFEN68DA,中新段,3.61,都市：其他:道路用地,100,1,持分移轉,09230000
RPROMLLMKIJGFAN58DA,富山段,2482.28,非都市：山坡地保育區 ; 非都市編定：農牧用地,1,1,全筆移轉,03080000
RPTNMLQJJHKGFGN76DA,新生段,4.27,都市：其他:住宅區,5718,122,持分移轉,02520001
RPTNMLQJJHKGFGN76DA,新生段,283.00,都市：其他:住宅區,1,1,全筆移轉,02570000
RPPNMLKLKHKGFHN78DA,北勢段,37.27,都市：其他:住宅區,22,1,持分移轉,03670000
RPQNMLKLKHKGFHN88DA,北勢段,37.27,都市：其他:住宅區,22,1,持分移轉,03670000
RPRNMLKLKHKGFHN98DA,北勢段,37.27,都市：其他:住宅區,22,1,持分移轉,03670000
RPPNMLTKKHKGFGN96EA,芳埤段,157.83,非都市：鄉村區 ; 非都市編定：乙種建築用地,1,1,全筆移轉,03530001
RPWNMLOKKHKGFDN76DA,新崙子段,797.08,非都市：特定農業區 ; 非都市編定：農牧用地,100000,21257,持分移轉,05900000
RPPNMLNKKHKGFFN88EA,光復段,2285.25,都市：其他:乙種工業區,4,3,持分移轉,02630000
RPPNMLNKKHKGFFN88EA,光復段,30.75,都市：其他:乙種工業區,4,3,持分移轉,02630002
RPPNMLNKKHKGFFN88EA,光復段,3.00,都市：其他:住宅區,4,3,持分移轉,02650000
RPPNMLNKKHKGFFN88EA,光復段,828.00,都市：其他:住宅區,4,3,持分移轉,02690000
RPPNMLNKKHKGFFN88EA,光復段,153.00,都市：其他:住宅區,4,3,持分移轉,02690001
RPPNMLNKKHKGFFN88EA,光復段,192.75,都市：其他:乙種工業區,4,3,持分移轉,02780000
RPPNMLNKKHKGFFN88EA,光復段,468.75,都市：其他:住宅區,4,3,持分移轉,02790000
RPPNMLNKKHKGFFN88EA,光復段,32.25,都市：其他:乙種工業區,4,3,持分移轉,02790002
RPPNMLNKKHKGFFN88EA,光復段,837.00,都市：其他:住宅區,4,3,持分移轉,02810000
RPPNMLOLKHKGFFN09EA,和平段,3280.00,非都市：特定農業區 ; 非都市編定：農牧用地,1,1,全筆移轉,13220000
RPPNMLOLKHKGFFN09EA,和平段,3279.00,非都市：特定農業區 ; 非都市編定：農牧用地,1,1,全筆移轉,13230000
RPQNMLLLJHKGFAN18DA,西勢子段西勢子小段,26.40,都市：其他:農業區,15,1,持分移轉,02270009
RPQNMLLLJHKGFAN18DA,西勢子段西勢子小段,45.00,都市：其他:農業區,1,1,全筆移轉,02270010
RPQNMLLLJHKGFAN18DA,西勢子段西勢子小段,107.00,都市：其他:農業區,1,1,全筆移轉,02270011
RPQNMLLLJHKGFAN18DA,西勢子段西勢子小段,4.30,都市：其他:農業區,15,1,持分移轉,02270032
RPOOMLRKJHKGFAN58DA,秀安段,162.96,都市：其他:農業區,1,1,全筆移轉,06450003
RPOOMLRKJHKGFAN58DA,秀安段,18.71,都市：其他:農業區,9,1,持分移轉,06450008
SPOOMLRKJHKGFAN68DA,秀安段,3.45,都市：其他:農業區,9,1,持分移轉,06420000
SPOOMLRKJHKGFAN68DA,秀安段,1.63,都市：其他:農業區,9,1,持分移轉,06440004
RPRNMLRKJHKGFAN78DA,秀安段,45.63,都市：其他:農業區,1,1,全筆移轉,06450007
RPRNMLRKJHKGFAN78DA,秀安段,18.71,都市：其他:農業區,9,1,持分移轉,06450008
RPSNMLRKJHKGFAN88DA,秀安段,76.03,都市：其他:農業區,1,1,全筆移轉,06450006
RPSNMLRKJHKGFAN88DA,秀安段,18.71,都市：其他:農業區,9,1,持分移轉,06450008
SPRNMLRKJHKGFAN88DA,秀安段,3.45,都市：其他:農業區,9,1,持分移轉,06420000
SPRNMLRKJHKGFAN88DA,秀安段,25.86,都市：其他:農業區,1,1,全筆移轉,06430002
SPRNMLRKJHKGFAN88DA,秀安段,17.33,都市：其他:農業區,1,1,全筆移轉,06440003
SPRNMLRKJHKGFAN88DA,秀安段,1.63,都市：其他:農業區,9,1,持分移轉,06440004
RPRNMLMJJHKGFAN18DA,秀安段,59.52,都市：其他:農業區,1,1,全筆移轉,06450005
SPRNMLMJJHKGFAN28DA,秀安段,3.45,都市：其他:農業區,9,1,持分移轉,06420000
SPRNMLMJJHKGFAN28DA,秀安段,25.35,都市：其他:農業區,1,1,全筆移轉,06430003
SPRNMLMJJHKGFAN28DA,秀安段,1.63,都市：其他:農業區,9,1,持分移轉,06440004
RPRNMLMJJHKGFAN18DA,秀安段,18.71,都市：其他:農業區,9,1,持分移轉,06450008
RPSOMLRKJHKGFAN98DA,秀安段,74.29,都市：其他:農業區,1,1,全筆移轉,06450004
RPSOMLRKJHKGFAN98DA,秀安段,18.71,都市：其他:農業區,9,1,持分移轉,06450008
RPPNMLOLKHKGFGN56EA,王功段,55.00,非都市：一般農業區 ; 非都市編定：甲種建築用地,1,1,全筆移轉,12280219
RPPNMLOLKHKGFGN56EA,王功段,28.42,非都市：一般農業區 ; 非都市編定：甲種建築用地,124,1,持分移轉,12280240
RPPNMLTKKHKGFHN96DA,永平段,19.46,非都市：鄉村區 ; 非都市編定：乙種建築用地,10000,447,持分移轉,03850000
RPPNMLTKKHKGFHN96DA,永平段,7.04,非都市：鄉村區 ; 非都市編定：乙種建築用地,10000,447,持分移轉,03880000
RPQNMLTKKHKGFHN07DA,永平段,26.21,非都市：鄉村區 ; 非都市編定：乙種建築用地,10000,602,持分移轉,03850000
RPQNMLTKKHKGFHN07DA,永平段,9.49,非都市：鄉村區 ; 非都市編定：乙種建築用地,10000,602,持分移轉,03880000
RPPNMLSJJIJGFAN58DA,中山段,62.00,都市：其他:住宅區,1,1,全筆移轉,03200000
RPQOMLPJKHKGFBN68DA,和群段,35.86,非都市：鄉村區 ; 非都市編定：乙種建築用地,300000,1608,持分移轉,12130000
RPQOMLPJKHKGFBN68DA,和群段,.17,非都市：鄉村區 ; 非都市編定：乙種建築用地,300000,1608,持分移轉,12130027
RPSNMLNJKHKGFDN78DA,東興段,318.24,非都市：特定農業區 ; 非都市編定：農牧用地,10000,936,持分移轉,09860000
RPROMLPJKHKGFBN78DA,和群段,33.65,非都市：鄉村區 ; 非都市編定：乙種建築用地,300000,1509,持分移轉,12130000
RPROMLPJKHKGFBN78DA,和群段,.16,非都市：鄉村區 ; 非都市編定：乙種建築用地,300000,1509,持分移轉,12130027
SPSOMLRKJHKGFAN09DA,秀安段,3.45,都市：其他:農業區,9,1,持分移轉,06420000
SPSOMLRKJHKGFAN09DA,秀安段,33.47,都市：其他:農業區,1,1,全筆移轉,06420001
SPSOMLRKJHKGFAN09DA,秀安段,1.63,都市：其他:農業區,9,1,持分移轉,06440004
SPSNMLRKJHKGFAN98DA,秀安段,3.45,都市：其他:農業區,9,1,持分移轉,06420000
SPSNMLRKJHKGFAN98DA,秀安段,29.39,都市：其他:農業區,1,1,全筆移轉,06430005
SPSNMLRKJHKGFAN98DA,秀安段,35.54,都市：其他:農業區,1,1,全筆移轉,06440000
SPSNMLRKJHKGFAN98DA,秀安段,1.63,都市：其他:農業區,9,1,持分移轉,06440004
RPTNMLRKJHKGFAN98DA,秀安段,57.53,都市：其他:農業區,1,1,全筆移轉,06450001
RPTNMLRKJHKGFAN98DA,秀安段,18.71,都市：其他:農業區,9,1,持分移轉,06450008
RPXNMLKLJIJGFFN66DA,大安段,37.43,都市：其他:住宅區,10000,158,持分移轉,08920000
RPRSMLLKOHJGFBN56DA,和群段,33.65,非都市：鄉村區 ; 非都市編定：乙種建築用地,300000,1509,持分移轉,12130000
RPVSMLLKOHJGFBN96DA,和群段,33.65,非都市：鄉村區 ; 非都市編定：乙種建築用地,300000,1509,持分移轉,12130000
RPPWMLLKOHJGFBN76DA,和群段,34.32,非都市：鄉村區 ; 非都市編定：乙種建築用地,300000,1539,持分移轉,12130000
RPVSMLLKOHJGFBN96DA,和群段,.16,非都市：鄉村區 ; 非都市編定：乙種建築用地,300000,1509,持分移轉,12130027
RPRSMLLKOHJGFBN56DA,和群段,.16,非都市：鄉村區 ; 非都市編定：乙種建築用地,300000,1509,持分移轉,12130027
RPPWMLLKOHJGFBN76DA,和群段,.16,非都市：鄉村區 ; 非都市編定：乙種建築用地,300000,1539,持分移轉,12130027
RPVTMLLKOHJGFBN07DA,和群段,33.65,非都市：鄉村區 ; 非都市編定：乙種建築用地,300000,1509,持分移轉,12130000
RPVTMLLKOHJGFBN07DA,和群段,.16,非都市：鄉村區 ; 非都市編定：乙種建築用地,300000,1509,持分移轉,12130027
RPUSMLLKOHJGFBN86DA,和群段,33.65,非都市：鄉村區 ; 非都市編定：乙種建築用地,300000,1509,持分移轉,12130000
RPUSMLLKOHJGFBN86DA,和群段,.16,非都市：鄉村區 ; 非都市編定：乙種建築用地,300000,1509,持分移轉,12130027
RPORMLMKOHJGFBN88DA,和群段,33.92,非都市：鄉村區 ; 非都市編定：乙種建築用地,300000,1521,持分移轉,12130000
RPORMLMKOHJGFBN88DA,和群段,.16,非都市：鄉村區 ; 非都市編定：乙種建築用地,300000,1521,持分移轉,12130027
RPSWMLMKOHJGFBN17DA,和群段,34.32,非都市：鄉村區 ; 非都市編定：乙種建築用地,300000,1539,持分移轉,12130000
RPSWMLMKOHJGFBN17DA,和群段,.16,非都市：鄉村區 ; 非都市編定：乙種建築用地,300000,1539,持分移轉,12130027
RPUNMLOJJHKGFBN78DA,和群段,34.32,非都市：鄉村區 ; 非都市編定：乙種建築用地,300000,1539,持分移轉,12130000
RPUNMLOJJHKGFBN78DA,和群段,.16,非都市：鄉村區 ; 非都市編定：乙種建築用地,300000,1539,持分移轉,12130027
SPTNMLRKJHKGFAN09DA,秀安段,3.45,都市：其他:農業區,9,1,持分移轉,06420000
SPTNMLRKJHKGFAN09DA,秀安段,26.85,都市：其他:農業區,1,1,全筆移轉,06430001
SPTNMLRKJHKGFAN09DA,秀安段,1.63,都市：其他:農業區,9,1,持分移轉,06440004
RPTNMLOJJHKGFBN68DA,和群段,33.65,非都市：鄉村區 ; 非都市編定：乙種建築用地,300000,1509,持分移轉,12130000
RPTNMLOJJHKGFBN68DA,和群段,.16,非都市：鄉村區 ; 非都市編定：乙種建築用地,300000,1509,持分移轉,12130027
RPSVMLMKOHJGFBN07DA,和群段,34.32,非都市：鄉村區 ; 非都市編定：乙種建築用地,300000,1539,持分移轉,12130000
RPSVMLMKOHJGFBN07DA,和群段,.16,非都市：鄉村區 ; 非都市編定：乙種建築用地,300000,1539,持分移轉,12130027
RPRQMLLKOHJGFBN98DA,和群段,33.92,非都市：鄉村區 ; 非都市編定：乙種建築用地,600000,3042,持分移轉,12130000
RPRQMLLKOHJGFBN98DA,和群段,.16,非都市：鄉村區 ; 非都市編定：乙種建築用地,600000,3042,持分移轉,12130027
RPPVMLLKOHJGFBN66DA,和群段,34.32,非都市：鄉村區 ; 非都市編定：乙種建築用地,300000,1539,持分移轉,12130000
RPPVMLLKOHJGFBN66DA,和群段,.16,非都市：鄉村區 ; 非都市編定：乙種建築用地,300000,1539,持分移轉,12130027
RPURMLMKOHJGFBN86DA,和群段,33.92,非都市：鄉村區 ; 非都市編定：乙種建築用地,300000,1521,持分移轉,12130000
RPOSMLMKOHJGFBN98DA,和群段,34.25,非都市：鄉村區 ; 非都市編定：乙種建築用地,300000,1536,持分移轉,12130000
RPURMLMKOHJGFBN86DA,和群段,.16,非都市：鄉村區 ; 非都市編定：乙種建築用地,300000,1521,持分移轉,12130027
RPOSMLMKOHJGFBN98DA,和群段,.16,非都市：鄉村區 ; 非都市編定：乙種建築用地,300000,1536,持分移轉,12130027
RPRNMLMKQHJGFBN98DA,和群段,35.86,非都市：鄉村區 ; 非都市編定：乙種建築用地,300000,1608,持分移轉,12130000
RPRNMLMKQHJGFBN98DA,和群段,.17,非都市：鄉村區 ; 非都市編定：乙種建築用地,300000,1608,持分移轉,12130027
RPOQMLOJJHKGFBN48DA,和群段,34.32,非都市：鄉村區 ; 非都市編定：乙種建築用地,300000,1539,持分移轉,12130000
RPOQMLOJJHKGFBN48DA,和群段,.16,非都市：鄉村區 ; 非都市編定：乙種建築用地,300000,1539,持分移轉,12130027
RPSTMLLKOHJGFBN76DA,和群段,33.65,非都市：鄉村區 ; 非都市編定：乙種建築用地,300000,1509,持分移轉,12130000
RPSTMLLKOHJGFBN76DA,和群段,.16,非都市：鄉村區 ; 非都市編定：乙種建築用地,300000,1509,持分移轉,12130027
RPTPMLOJJHKGFBN88DA,和群段,33.38,非都市：鄉村區 ; 非都市編定：乙種建築用地,300000,1497,持分移轉,12130000
RPTPMLOJJHKGFBN88DA,和群段,.16,非都市：鄉村區 ; 非都市編定：乙種建築用地,300000,1497,持分移轉,12130027
RPOWMLMKOHJGFBN76DA,和群段,34.32,非都市：鄉村區 ; 非都市編定：乙種建築用地,300000,1539,持分移轉,12130000
RPOWMLMKOHJGFBN76DA,和群段,.16,非都市：鄉村區 ; 非都市編定：乙種建築用地,300000,1539,持分移轉,12130027
RPSQMLLKOHJGFBN09DA,和群段,33.92,非都市：鄉村區 ; 非都市編定：乙種建築用地,300000,1521,持分移轉,12130000
RPSQMLLKOHJGFBN09DA,和群段,.16,非都市：鄉村區 ; 非都市編定：乙種建築用地,300000,1521,持分移轉,12130027
RPRSMLMKOHJGFBN66DA,和群段,34.25,非都市：鄉村區 ; 非都市編定：乙種建築用地,300000,1536,持分移轉,12130000
RPRSMLMKOHJGFBN66DA,和群段,.16,非都市：鄉村區 ; 非都市編定：乙種建築用地,300000,1536,持分移轉,12130027
RPQQMLOJJHKGFBN68DA,和群段,33.65,非都市：鄉村區 ; 非都市編定：乙種建築用地,300000,1509,持分移轉,12130000
RPQQMLOJJHKGFBN68DA,和群段,.16,非都市：鄉村區 ; 非都市編定：乙種建築用地,300000,1509,持分移轉,12130027
RPPRMLMKOHJGFBN98DA,和群段,33.92,非都市：鄉村區 ; 非都市編定：乙種建築用地,300000,1521,持分移轉,12130000
RPPRMLMKOHJGFBN98DA,和群段,.16,非都市：鄉村區 ; 非都市編定：乙種建築用地,300000,1521,持分移轉,12130027
RPWRMLLKOHJGFBN96DA,和群段,34.25,非都市：鄉村區 ; 非都市編定：乙種建築用地,300000,1536,持分移轉,12130000
RPWRMLLKOHJGFBN96DA,和群段,.16,非都市：鄉村區 ; 非都市編定：乙種建築用地,300000,1536,持分移轉,12130027
RPWPMLLKOHJGFBN76DA,和群段,36.13,非都市：鄉村區 ; 非都市編定：乙種建築用地,300000,1620,持分移轉,12130000
RPWPMLLKOHJGFBN76DA,和群段,.17,非都市：鄉村區 ; 非都市編定：乙種建築用地,300000,1620,持分移轉,12130027
RPPQMLOJJHKGFBN58DA,和群段,33.92,非都市：鄉村區 ; 非都市編定：乙種建築用地,300000,1521,持分移轉,12130000
RPPQMLOJJHKGFBN58DA,和群段,.16,非都市：鄉村區 ; 非都市編定：乙種建築用地,300000,1521,持分移轉,12130027
RPPNMLRJOHJGFBN98DA,和群段,36.13,非都市：鄉村區 ; 非都市編定：乙種建築用地,300000,1620,持分移轉,12130000
RPPNMLRJOHJGFBN98DA,和群段,.17,非都市：鄉村區 ; 非都市編定：乙種建築用地,300000,1620,持分移轉,12130027
RPUOMLLKOHJGFBN09DA,和群段,35.92,非都市：鄉村區 ; 非都市編定：乙種建築用地,300000,1611,持分移轉,12130000
RPUOMLLKOHJGFBN09DA,和群段,.17,非都市：鄉村區 ; 非都市編定：乙種建築用地,300000,1611,持分移轉,12130027
RPRPMLLKOHJGFBN88DA,和群段,36.13,非都市：鄉村區 ; 非都市編定：乙種建築用地,300000,1620,持分移轉,12130000
RPRPMLLKOHJGFBN88DA,和群段,.17,非都市：鄉村區 ; 非都市編定：乙種建築用地,300000,1620,持分移轉,12130027
RPPOMLOJJHKGFBN38DA,和群段,24.15,非都市：鄉村區 ; 非都市編定：乙種建築用地,300000,1083,持分移轉,12130000
RPPOMLOJJHKGFBN38DA,和群段,.11,非都市：鄉村區 ; 非都市編定：乙種建築用地,300000,1083,持分移轉,12130027
RPSNMLRJOHJGFBN66DA,和群段,35.86,非都市：鄉村區 ; 非都市編定：乙種建築用地,300000,1608,持分移轉,12130000
RPSNMLRJOHJGFBN66DA,和群段,.17,非都市：鄉村區 ; 非都市編定：乙種建築用地,300000,1608,持分移轉,12130027
RPXNMLRJOHJGFBN17DA,和群段,36.13,非都市：鄉村區 ; 非都市編定：乙種建築用地,300000,1620,持分移轉,12130000
RPXNMLRJOHJGFBN17DA,和群段,.17,非都市：鄉村區 ; 非都市編定：乙種建築用地,300000,1620,持分移轉,12130027
RPQQMLLKOHJGFBN88DA,和群段,33.92,非都市：鄉村區 ; 非都市編定：乙種建築用地,300000,1521,持分移轉,12130000
RPQQMLLKOHJGFBN88DA,和群段,.16,非都市：鄉村區 ; 非都市編定：乙種建築用地,300000,1521,持分移轉,12130027
RPVPMLOJJHKGFBN09DA,和群段,33.38,非都市：鄉村區 ; 非都市編定：乙種建築用地,300000,1497,持分移轉,12130000
RPVPMLOJJHKGFBN09DA,和群段,.16,非都市：鄉村區 ; 非都市編定：乙種建築用地,300000,1497,持分移轉,12130027
RPPSMLLKOHJGFBN98DA,和群段,33.65,非都市：鄉村區 ; 非都市編定：乙種建築用地,300000,1509,持分移轉,12130000
RPPSMLLKOHJGFBN98DA,和群段,.16,非都市：鄉村區 ; 非都市編定：乙種建築用地,300000,1509,持分移轉,12130027
RPONNLMKOHJGFBN58DA,和群段,34.32,非都市：鄉村區 ; 非都市編定：乙種建築用地,300000,1539,持分移轉,12130000
RPWWMLMKOHJGFBN57DA,和群段,34.32,非都市：鄉村區 ; 非都市編定：乙種建築用地,300000,1539,持分移轉,12130000
RPONNLMKOHJGFBN58DA,和群段,.16,非都市：鄉村區 ; 非都市編定：乙種建築用地,300000,1539,持分移轉,12130027
RPWWMLMKOHJGFBN57DA,和群段,.16,非都市：鄉村區 ; 非都市編定：乙種建築用地,300000,1539,持分移轉,12130027
RPTVMLLKOHJGFBN07DA,和群段,34.32,非都市：鄉村區 ; 非都市編定：乙種建築用地,300000,1539,持分移轉,12130000
RPTVMLLKOHJGFBN07DA,和群段,.16,非都市：鄉村區 ; 非都市編定：乙種建築用地,300000,1539,持分移轉,12130027
RPTNMLRKOHJGFBN86DA,和群段,36.13,非都市：鄉村區 ; 非都市編定：乙種建築用地,300000,1620,持分移轉,12130000
RPTNMLRKOHJGFBN86DA,和群段,.17,非都市：鄉村區 ; 非都市編定：乙種建築用地,300000,1620,持分移轉,12130027
RPRWMLLKOHJGFBN96DA,和群段,34.32,非都市：鄉村區 ; 非都市編定：乙種建築用地,300000,1539,持分移轉,12130000
RPRWMLLKOHJGFBN96DA,和群段,.16,非都市：鄉村區 ; 非都市編定：乙種建築用地,300000,1539,持分移轉,12130027
RPQNMLOKKHKGFBN58DA,和群段,33.92,非都市：鄉村區 ; 非都市編定：乙種建築用地,300000,1521,持分移轉,12130000
RPQNMLOKKHKGFBN58DA,和群段,.16,非都市：鄉村區 ; 非都市編定：乙種建築用地,300000,1521,持分移轉,12130027
RPQNMLOJJHKGFBN38DA,和群段,34.25,非都市：鄉村區 ; 非都市編定：乙種建築用地,300000,1536,持分移轉,12130000
RPQNMLOJJHKGFBN38DA,和群段,.16,非都市：鄉村區 ; 非都市編定：乙種建築用地,300000,1536,持分移轉,12130027
RPOPMLMKOHJGFBN68DA,和群段,24.15,非都市：鄉村區 ; 非都市編定：乙種建築用地,300000,1083,持分移轉,12130000
RPOPMLMKOHJGFBN68DA,和群段,.11,非都市：鄉村區 ; 非都市編定：乙種建築用地,300000,1083,持分移轉,12130027
RPPPMLMKOHJGFBN78DA,和群段,24.15,非都市：鄉村區 ; 非都市編定：乙種建築用地,300000,1083,持分移轉,12130000
RPPPMLMKOHJGFBN78DA,和群段,.11,非都市：鄉村區 ; 非都市編定：乙種建築用地,300000,1083,持分移轉,12130027
RPPSMLMKOHJGFBN09DA,和群段,34.25,非都市：鄉村區 ; 非都市編定：乙種建築用地,300000,1536,持分移轉,12130000
RPPSMLMKOHJGFBN09DA,和群段,.16,非都市：鄉村區 ; 非都市編定：乙種建築用地,300000,1536,持分移轉,12130027
RPRPMLOJJHKGFBN68DA,和群段,33.65,非都市：鄉村區 ; 非都市編定：乙種建築用地,300000,1509,持分移轉,12130000
RPRPMLOJJHKGFBN68DA,和群段,.16,非都市：鄉村區 ; 非都市編定：乙種建築用地,300000,1509,持分移轉,12130027
RPOOMLMKOHJGFBN58DA,和群段,24.15,非都市：鄉村區 ; 非都市編定：乙種建築用地,300000,1083,持分移轉,12130000
RPOOMLMKOHJGFBN58DA,和群段,.11,非都市：鄉村區 ; 非都市編定：乙種建築用地,300000,1083,持分移轉,12130027
RPSPMLOJJHKGFBN78DA,和群段,33.65,非都市：鄉村區 ; 非都市編定：乙種建築用地,300000,1509,持分移轉,12130000
RPSPMLOJJHKGFBN78DA,和群段,.16,非都市：鄉村區 ; 非都市編定：乙種建築用地,300000,1509,持分移轉,12130027
RPTOMLOJJHKGFBN78DA,和群段,24.15,非都市：鄉村區 ; 非都市編定：乙種建築用地,300000,1083,持分移轉,12130000
RPTOMLOJJHKGFBN78DA,和群段,.11,非都市：鄉村區 ; 非都市編定：乙種建築用地,300000,1083,持分移轉,12130027
RPXPMLOJJHKGFBN66DA,和群段,34.32,非都市：鄉村區 ; 非都市編定：乙種建築用地,300000,1539,持分移轉,12130000
RPXPMLOJJHKGFBN66DA,和群段,.16,非都市：鄉村區 ; 非都市編定：乙種建築用地,300000,1539,持分移轉,12130027
RPSSMLMKOHJGFBN76DA,和群段,34.25,非都市：鄉村區 ; 非都市編定：乙種建築用地,300000,1536,持分移轉,12130000
RPSSMLMKOHJGFBN76DA,和群段,.16,非都市：鄉村區 ; 非都市編定：乙種建築用地,300000,1536,持分移轉,12130027
RPXPMLLKOHJGFBN86DA,和群段,36.13,非都市：鄉村區 ; 非都市編定：乙種建築用地,300000,1620,持分移轉,12130000
RPXPMLLKOHJGFBN86DA,和群段,.17,非都市：鄉村區 ; 非都市編定：乙種建築用地,300000,1620,持分移轉,12130027
RPWOMLMKOHJGFBN76DA,和群段,24.15,非都市：鄉村區 ; 非都市編定：乙種建築用地,300000,1083,持分移轉,12130000
RPWOMLMKOHJGFBN76DA,和群段,.11,非都市：鄉村區 ; 非都市編定：乙種建築用地,300000,1083,持分移轉,12130027
RPUNMLRKOHJGFBN96DA,和群段,35.86,非都市：鄉村區 ; 非都市編定：乙種建築用地,300000,1608,持分移轉,12130000
RPUNMLRKOHJGFBN96DA,和群段,.17,非都市：鄉村區 ; 非都市編定：乙種建築用地,300000,1608,持分移轉,12130027
RPSOMLOJJHKGFBN68DA,和群段,24.15,非都市：鄉村區 ; 非都市編定：乙種建築用地,300000,1083,持分移轉,12130000
RPSOMLOJJHKGFBN68DA,和群段,.11,非都市：鄉村區 ; 非都市編定：乙種建築用地,300000,1083,持分移轉,12130027
RPTNNLLKOHJGFBN98DA,和群段,24.22,非都市：鄉村區 ; 非都市編定：乙種建築用地,300000,1086,持分移轉,12130000
RPTNNLLKOHJGFBN98DA,和群段,.11,非都市：鄉村區 ; 非都市編定：乙種建築用地,300000,1086,持分移轉,12130027
RPSPMLLKOHJGFBN98DA,和群段,36.13,非都市：鄉村區 ; 非都市編定：乙種建築用地,300000,1620,持分移轉,12130000
RPSPMLLKOHJGFBN98DA,和群段,.17,非都市：鄉村區 ; 非都市編定：乙種建築用地,300000,1620,持分移轉,12130027
RPTPNLLKOHJGFBN56DA,和群段,24.15,非都市：鄉村區 ; 非都市編定：乙種建築用地,300000,1083,持分移轉,12130000
RPTPNLLKOHJGFBN56DA,和群段,.11,非都市：鄉村區 ; 非都市編定：乙種建築用地,300000,1083,持分移轉,12130027
RPQOMLOJJHKGFBN48DA,和群段,24.15,非都市：鄉村區 ; 非都市編定：乙種建築用地,300000,1083,持分移轉,12130000
RPQOMLOJJHKGFBN48DA,和群段,.11,非都市：鄉村區 ; 非都市編定：乙種建築用地,300000,1083,持分移轉,12130027
RPROMLOJJHKGFBN58DA,和群段,24.15,非都市：鄉村區 ; 非都市編定：乙種建築用地,300000,1083,持分移轉,12130000
RPROMLOJJHKGFBN58DA,和群段,.11,非都市：鄉村區 ; 非都市編定：乙種建築用地,300000,1083,持分移轉,12130027
RPOQMLMKOHJGFBN78DA,和群段,24.28,非都市：鄉村區 ; 非都市編定：乙種建築用地,300000,1089,持分移轉,12130000
RPOQMLMKOHJGFBN78DA,和群段,.11,非都市：鄉村區 ; 非都市編定：乙種建築用地,300000,1089,持分移轉,12130027
RPPRMLLKOHJGFBN88DA,和群段,33.32,非都市：鄉村區 ; 非都市編定：乙種建築用地,300000,1494,持分移轉,12130000
RPPRMLLKOHJGFBN88DA,和群段,.16,非都市：鄉村區 ; 非都市編定：乙種建築用地,300000,1494,持分移轉,12130027
RPVOMLOJJHKGFBN98DA,和群段,24.28,非都市：鄉村區 ; 非都市編定：乙種建築用地,300000,1089,持分移轉,12130000
RPVOMLOJJHKGFBN98DA,和群段,.11,非都市：鄉村區 ; 非都市編定：乙種建築用地,300000,1089,持分移轉,12130027
RPOOMLOJJHKGFBN28DA,和群段,24.15,非都市：鄉村區 ; 非都市編定：乙種建築用地,300000,1083,持分移轉,12130000
RPOOMLOJJHKGFBN28DA,和群段,.11,非都市：鄉村區 ; 非都市編定：乙種建築用地,300000,1083,持分移轉,12130027
RPXNMLOJJHKGFBN09DA,和群段,24.15,非都市：鄉村區 ; 非都市編定：乙種建築用地,300000,1083,持分移轉,12130000
RPXNMLOJJHKGFBN09DA,和群段,.11,非都市：鄉村區 ; 非都市編定：乙種建築用地,300000,1083,持分移轉,12130027
RPVNMLOJJHKGFBN88DA,和群段,24.15,非都市：鄉村區 ; 非都市編定：乙種建築用地,300000,1083,持分移轉,12130000
RPVNMLOJJHKGFBN88DA,和群段,.11,非都市：鄉村區 ; 非都市編定：乙種建築用地,300000,1083,持分移轉,12130027
RPWNMLOJJHKGFBN98DA,和群段,24.15,非都市：鄉村區 ; 非都市編定：乙種建築用地,300000,1083,持分移轉,12130000
RPWNMLOJJHKGFBN98DA,和群段,.11,非都市：鄉村區 ; 非都市編定：乙種建築用地,300000,1083,持分移轉,12130027
RPQPMLOJJHKGFBN58DA,和群段,33.65,非都市：鄉村區 ; 非都市編定：乙種建築用地,300000,1509,持分移轉,12130000
RPQPMLOJJHKGFBN58DA,和群段,.16,非都市：鄉村區 ; 非都市編定：乙種建築用地,300000,1509,持分移轉,12130027
RPWOMLOJJHKGFBN09DA,和群段,24.28,非都市：鄉村區 ; 非都市編定：乙種建築用地,600000,2178,持分移轉,12130000
RPWOMLOJJHKGFBN09DA,和群段,.11,非都市：鄉村區 ; 非都市編定：乙種建築用地,600000,2178,持分移轉,12130027
RPUNNLLKOHJGFBN09DA,和群段,24.22,非都市：鄉村區 ; 非都市編定：乙種建築用地,300000,1086,持分移轉,12130000
RPUNNLLKOHJGFBN09DA,和群段,.11,非都市：鄉村區 ; 非都市編定：乙種建築用地,300000,1086,持分移轉,12130027
RPWNNLLKOHJGFBN66DA,和群段,24.22,非都市：鄉村區 ; 非都市編定：乙種建築用地,300000,1086,持分移轉,12130000
RPWNNLLKOHJGFBN66DA,和群段,.11,非都市：鄉村區 ; 非都市編定：乙種建築用地,300000,1086,持分移轉,12130027
RPUOMLRJOHJGFBN96DA,和群段,35.86,非都市：鄉村區 ; 非都市編定：乙種建築用地,300000,1608,持分移轉,12130000
RPUOMLRJOHJGFBN96DA,和群段,.17,非都市：鄉村區 ; 非都市編定：乙種建築用地,300000,1608,持分移轉,12130027
RPXNNLLKOHJGFBN76DA,和群段,23.28,非都市：鄉村區 ; 非都市編定：乙種建築用地,300000,1044,持分移轉,12130000
RPXNNLLKOHJGFBN76DA,和群段,.11,非都市：鄉村區 ; 非都市編定：乙種建築用地,300000,1044,持分移轉,12130027
