﻿鄉鎮市區,交易標的,土地位置建物門牌,土地面積平方公尺,都市土地使用分區,非都市土地使用分區,非都市土地使用編定,租賃年月日,租賃筆棟數,租賃層次,總樓層數,建物型態,主要用途,主要建材,建築完成年月,建物總面積平方公尺,建物現況格局-房,建物現況格局-廳,建物現況格局-衛,建物現況格局-隔間,有無管理組織,有無附傢俱,總額元,單價元平方公尺,車位類別,車位面積平方公尺,車位總額元,備註,編號,出租型態,有無管理員,租賃期間,有無電梯,附屬設備,租賃住宅服務
The villages and towns urban district,transaction sign,land sector position building sector house number plate,land shifting total area square meter,the use zoning or compiles and checks,the non-metropolis land use district,non-metropolis land use,transaction year month and day,transaction pen number,shifting level,total floor number,building state,main use,main building materials,construction to complete the years,building shifting total area,Building present situation pattern - room,building present situation pattern - hall,building present situation pattern - health,building present situation pattern - compartmented,Whether there is manages the organization,Whether there is attaches the furniture,total price NTD,the unit price (NTD / square meter),the berth category,berth shifting total area square meter,the berth total price NTD,the note,serial number,Rental type,Residential Manager,Rental period,elevator,equipment,Rental residential services
新竹市,租賃房屋,新竹市新竹市東區龍山西路１１６號１４樓,0.0,,,,1140113,土地0建物1車位0,十四層,14,住宅大樓(11層含以上有電梯),集合住宅,鋼筋混凝土造,1020513,144.14,3,2,2,有,有,有,35000,243,,0.0,0,租金總額含網路費；,RPSNMLOKJHKGFAO78CC,整棟(戶)出租,有,1140113~1150112,有,冷氣、熱水器、洗衣機、電視機、瓦斯或天然氣,
新竹市,租賃房屋,新竹市新竹市東區澤藩路２３號,0.0,,,,1140113,土地0建物1車位0,全,3,透天厝,停車空間、機械室、住宅,鋼筋混凝土造,0881021,375.75,5,2,5,有,有,有,52000,138,,0.0,0,,RPTNMLOKJHKGFAO88CC,整棟(戶)出租,有,1140215~1150214,無,冷氣、熱水器、洗衣機、冰箱、瓦斯或天然氣,
新竹市,租賃房屋,新竹市新竹市北大路１６號１３樓之３,0.0,,,,1140115,土地0建物1車位0,十三層,28,住宅大樓(11層含以上有電梯),集合住宅,鋼骨鋼筋混凝土造,0960703,95.61,2,2,2,有,有,有,22000,230,,0.0,0,,RPQNMLRKJHKGFAO88CC,整棟(戶)出租,有,1140115~1141124,有,冷氣、熱水器、洗衣機、冰箱、瓦斯或天然氣,社會住宅代管
新竹市,租賃房屋,新竹市新竹市天府路一段４８５號８樓,0.0,,,,1140114,土地0建物1車位0,八層,14,住宅大樓(11層含以上有電梯),集合住宅,鋼筋混凝土造,0970520,108.98,2,2,1,有,有,有,16000,147,,0.0,0,,RPRNMLRKJHKGFAO98CC,整棟(戶)出租,有,1140125~1150109,有,冷氣、熱水器、洗衣機、電視機、冰箱、瓦斯或天然氣,社會住宅包租轉租
新竹市,租賃房屋,新竹市新竹市大湖路７１巷３弄４７號,0.0,,,,1140115,土地0建物1車位0,全,4,透天厝,住家用,鋼筋混凝土造,0840901,173.1,4,2,4,有,有,有,20000,116,,0.0,0,,RPSNMLRKJHKGFAO09CC,整棟(戶)出租,有,1140122~1150121,無,冷氣、熱水器、洗衣機、冰箱、瓦斯或天然氣,社會住宅代管
新竹市,租賃房屋,新竹市新竹市介壽一路４５號１１樓之５,0.0,,,,1140113,土地0建物1車位0,十一層,21,住宅大樓(11層含以上有電梯),集合住宅,鋼筋混凝土造,1121220,138.67,3,2,2,有,有,有,50000,361,,0.0,0,租金總額含管理費；,RPPNMLTKJHKGFAO98CC,整棟(戶)出租,有,1140113~1150112,有,冷氣、熱水器、洗衣機、電視機、冰箱、瓦斯或天然氣,一般轉租
新竹市,租賃房屋,新竹市新竹市寶山路３２號,0.0,,,,1140114,土地0建物0車位0,全,5,透天厝,住家用,加強磚造,0600721,33.05,12,12,12,有,無,有,15500,469,,0.0,0,多人共同承租2；租金總額含水費；含增建或未登記建物；,RPPNMLKLJHKGFAO18CC,分租套房,無,1140115~1150114,無,冷氣、熱水器、洗衣機、電視機、冰箱、網路,一般轉租
新竹市,租賃房屋,新竹市新竹市玄奘路９１之１號,0.0,,,,1140120,土地0建物0車位0,全,4,透天厝,梯間、住宅,鋼筋混凝土造,0940820,16.53,22,0,22,有,無,有,6800,411,,0.0,0,租金總額含水費；,RPRNMLKLJHKGFAO38CC,分租套房,無,1140120~1150109,無,冷氣、熱水器、冰箱,一般代管
新竹市,租賃房屋,新竹市新竹市竹蓮街１６３-２號及１６３-２號二至四樓,0.0,,,,1140119,土地0建物0車位0,全,4,透天厝,住家用,鋼筋混凝土造,0700120,13.22,23,0,23,有,無,有,6500,492,,0.0,0,租金總額含水費；網路費；其他有線電視費；,RPSNMLKLJHKGFAO48CC,分租套房,無,1140120~1150119,無,冷氣、熱水器、洗衣機、電視機、冰箱、有線電視、網路,一般轉租
新竹市,租賃房屋+車位,新竹市新竹市東區埔頂三路３０號１５樓之９,0.0,,,,1140120,土地0建物1車位1,十五層,29,住宅大樓(11層含以上有電梯),集合住宅,鋼筋混凝土造,1120530,159.0,3,2,2,有,有,有,40000,252,坡道平面,28.88,0,租金總額含管理費；,RPTNMLKLJHKGFAO58CC,整棟(戶)出租,有,1140120~1150119,有,冷氣、熱水器、洗衣機、電視機、冰箱,
新竹市,租賃房屋+車位,新竹市新竹市凌雲街５０號,0.0,,,,1140117,土地0建物1車位1,一層,11,住宅大樓(11層含以上有電梯),集合住宅,鋼筋混凝土造,0980331,189.51999999999998,3,2,2,有,有,有,18400,97,坡道平面,0.0,2200,續租案件；,RPUNMLLLJHKGFAO78CC,整棟(戶)出租,有,1140120~1150119,有,冷氣、熱水器,社會住宅包租轉租
新竹市,租賃房屋,新竹市新竹市中山路３４４巷３２號２樓,0.0,,,,1140115,土地0建物1車位0,二層,5,公寓(5樓含以下無電梯),住家用,鋼筋混凝土造,0710416,106.55000000000001,2,2,1,有,無,有,18500,174,,0.0,0,,RPXNMLLLJHKGFAO09CC,整棟(戶)出租,無,1140115~1150114,無,冷氣、熱水器、洗衣機、瓦斯或天然氣,社會住宅代管
新竹市,租賃房屋,新竹市新竹市建功一路４９巷１９號５樓,0.0,,,,1140116,土地0建物1車位0,五層,5,公寓(5樓含以下無電梯),住家用,鋼筋混凝土造,0730523,75.9,4,1,2,有,無,有,10500,138,,0.0,0,,RPPOMLLLJHKGFAO38CC,整棟(戶)出租,無,1140116~1150115,無,冷氣、熱水器、洗衣機、冰箱、瓦斯或天然氣,社會住宅代管
新竹市,租賃房屋,新竹市新竹市成德路１０１巷４號,0.0,,,,1140120,土地0建物1車位0,全,2,透天厝,住家用,鋼筋混凝土造,0930425,50.0,0,0,0,無,無,無,30000,600,,0.0,0,多人共同承租2；租金總額含稅；租賃建物部分範圍，且未計入共有部分面積；,RPPNMLMLJHKGFAO38CC,,無,1140215~1170214,無,瓦斯或天然氣,
新竹市,租賃房屋+車位,新竹市新竹市明湖路１０５０巷２５６號５樓,0.0,,,,1140116,土地0建物1車位1,五層,5,公寓(5樓含以下無電梯),住家用,鋼筋混凝土造,0860515,143.07,3,2,2,有,無,有,20600,199,一樓平面,42.5,600,續租案件；,RPRNMLMLJHKGFAO58CC,整棟(戶)出租,無,1140208~1150207,無,冷氣、熱水器、洗衣機、電視機、冰箱、瓦斯或天然氣,社會住宅代管
新竹市,租賃房屋,新竹市新竹市北大路２２號１１樓之１,0.0,,,,1140117,土地0建物1車位0,十一層,14,住宅大樓(11層含以上有電梯),商業用,鋼筋混凝土造,0850131,98.42,3,2,2,有,有,有,20000,203,,0.0,0,續租案件；,RPSNMLMLJHKGFAO68CC,整棟(戶)出租,有,1140201~1150131,有,冷氣、熱水器、洗衣機、電視機、冰箱、瓦斯或天然氣,社會住宅代管
新竹市,租賃房屋+車位,新竹市新竹市磐石路２３號４樓,0.0,,,,1140120,土地0建物1車位1,四層,7,華廈(10層含以下有電梯),住家用,鋼筋混凝土造,0821216,101.07,3,2,2,有,有,有,16200,160,坡道平面,0.0,1400,,RPUNMLMLJHKGFAO88CC,整棟(戶)出租,有,1140120~1150119,有,冷氣、熱水器、洗衣機、電視機、冰箱、瓦斯或天然氣,社會住宅代管
新竹市,租賃房屋,新竹市新竹市湳雅街１８７巷２０號,0.0,,,,1140118,土地0建物0車位0,三層,4,華廈(10層含以下有電梯),住宅、停車空間、樓梯間,鋼筋混凝土造,1101215,33.06,8,0,8,有,無,有,13000,393,,0.0,0,租金總額含水費；網路費；租賃建物部分範圍，且未計入共有部分面積；,RPSNMLNLJHKGFAO78CC,分租套房,無,1140120~1150119,有,冷氣、熱水器、洗衣機、電視機、冰箱、網路,
新竹市,租賃房屋,新竹市新竹市高翠路２１０巷１弄４７號,0.0,,,,1140119,土地0建物0車位0,全,2,透天厝,住家用,加強磚造,,31.6,8,0,8,有,無,有,9900,313,,0.0,0,租金總額含水費；網路費；,RPTNMLNLJHKGFAO88CC,分租套房,無,1140119~1150118,無,冷氣、洗衣機、冰箱,
新竹市,租賃房屋,新竹市新竹市中華路三段１０號４樓之２５,0.0,,,,1140120,土地0建物1車位0,四層,14,住宅大樓(11層含以上有電梯),住家用,鋼筋混凝土造,0890417,41.64,1,0,1,有,有,有,9800,235,,0.0,0,續租案件；,RPVNMLNLJHKGFAO09CC,獨立套房,有,1140120~1150119,有,冷氣、熱水器、洗衣機、電視機、冰箱,社會住宅代管
新竹市,租賃房屋,新竹市新竹市振興路９５號４樓,0.0,,,,1140120,土地0建物1車位0,四層,12,住宅大樓(11層含以上有電梯),住家用,鋼筋混凝土造,0830617,116.07,3,2,2,有,有,有,19000,164,,0.0,0,,RPXNMLNLJHKGFAO66CC,整棟(戶)出租,有,1140201~1150131,有,冷氣、熱水器、洗衣機、電視機、冰箱、瓦斯或天然氣,社會住宅代管
新竹市,租賃房屋+車位,新竹市新竹市介壽一路４５號二十一樓之３,0.0,,,,1140111,土地0建物1車位1,二十一層,21,住宅大樓(11層含以上有電梯),集合住宅,鋼筋混凝土造,1121220,123.28,2,2,1,有,有,有,30000,243,坡道平面,24.76,0,租金總額含管理費；,RPOOMLNLJHKGFAO48CC,整棟(戶)出租,有,1140116~1150117,有,冷氣、熱水器、洗衣機、電視機、冰箱、瓦斯或天然氣,
新竹市,租賃房屋,新竹市新竹市中央路１５８號１８樓之２,0.0,,,,1140116,土地0建物1車位0,十八層,29,住宅大樓(11層含以上有電梯),集合住宅,鋼筋混凝土造,0961101,148.09,2,2,1,有,有,無,48000,324,,0.0,0,租金含稅金租金總額含管理費；續租案件；,RPPOMLNLJHKGFAO58CC,整棟(戶)出租,有,1140116~1150115,有,熱水器,一般轉租
新竹市,租賃房屋,新竹市新竹市至善街３５巷６號８樓,0.0,,,,1140120,土地0建物1車位0,八層,8,華廈(10層含以下有電梯),住家用,鋼筋混凝土造,0861111,42.8,1,0,1,有,有,有,6500,152,,0.0,0,,RPROMLNLJHKGFAO78CC,獨立套房,無,1140201~1150131,有,冷氣、洗衣機、電視機、冰箱,社會住宅代管
新竹市,租賃房屋,新竹市新竹市光華南街５０號-２２,0.0,,,,1140120,土地0建物1車位0,六層,9,華廈(10層含以下有電梯),住家用,鋼筋混凝土造,0821104,51.17,1,0,1,有,有,有,8500,166,,0.0,0,續租案件；,RPSOMLNLJHKGFAO88CC,獨立套房,有,1140120~1150119,有,冷氣、熱水器、電視機、冰箱,社會住宅代管
新竹市,租賃房屋+車位,新竹市新竹市北新街１３１號１０樓之３２,0.0,,,,1140120,土地0建物1車位1,十層,10,華廈(10層含以下有電梯),辦公室,鋼筋混凝土造,0980319,51.36,2,1,1,有,有,有,17500,341,坡道平面,0.0,2500,續租案件；,RPTOMLNLJHKGFAO98CC,整棟(戶)出租,有,1140201~1150131,有,冷氣、熱水器、洗衣機、電視機、冰箱、瓦斯或天然氣,社會住宅代管
新竹市,租賃房屋+車位,新竹市新竹市介壽一路４５號二十樓之３,0.0,,,,1140111,土地0建物1車位1,二十層,21,住宅大樓(11層含以上有電梯),集合住宅,鋼筋混凝土造,1121220,127.25,2,2,1,有,有,有,31000,244,坡道平面,28.73,0,租金總額含管理費；,RPXOMLNLJHKGFAO76CC,整棟(戶)出租,有,1140115~1150115,有,冷氣、熱水器、洗衣機、電視機、冰箱、瓦斯或天然氣,
新竹市,租賃房屋+車位,新竹市新竹市關東路１７０號二樓,0.0,,,,1140111,土地0建物1車位1,二層,9,華廈(10層含以下有電梯),住家用,鋼筋混凝土造,0850326,100.66,3,2,2,有,有,無,27663,275,坡道平面,0.0,0,租金已扣除管理費2337元。車位面積無法分算。,RPPPMLNLJHKGFAO68CC,整棟(戶)出租,有,1140111~1150110,有,冷氣、熱水器、瓦斯或天然氣,
新竹市,租賃房屋,新竹市新竹市光華南街２號６樓之１,0.0,,,,1140120,土地0建物1車位0,六層,7,華廈(10層含以下有電梯),住商用,鋼筋混凝土造,0790903,33.769999999999996,1,0,1,有,有,有,8000,237,,0.0,0,租金總額含管理費；,RPSNMLOLJHKGFAO88CC,獨立套房,有,1140225~1150224,有,冷氣、熱水器、洗衣機、電視機、冰箱,社會住宅包租轉租
新竹市,租賃房屋,新竹市新竹市建功一路９９號５樓之２,0.0,,,,1140116,土地0建物1車位0,五層,12,住宅大樓(11層含以上有電梯),住宅,鋼筋混凝土造,0870410,129.21,3,2,2,有,有,有,18000,139,,0.0,0,,RPPOMLNJKHKGFAO48CC,整棟(戶)出租,有,1140116~1150115,有,冷氣、熱水器、洗衣機、冰箱、瓦斯或天然氣,社會住宅代管
新竹市,租賃房屋,新竹市新竹市光華東一街５號８樓之１,0.0,,,,1140117,土地0建物1車位0,八層,14,住宅大樓(11層含以上有電梯),集合住宅,鋼筋混凝土造,0990105,216.03,3,2,2,有,有,有,50000,231,,0.0,0,租金總額含管理費；其他發票稅；,RPPNMLQJKHKGFAO68CC,整棟(戶)出租,有,1140301~1150228,有,冷氣、熱水器、洗衣機、電視機、冰箱,一般轉租
新竹市,租賃房屋,新竹市新竹市東區忠孝路４３４巷１８號,0.0,,,,1140119,土地0建物0車位0,全,7,透天厝,工場〈廠〉、車庫、辦公室、梯間,鋼骨造,0930426,16.53,60,0,60,有,無,有,8000,484,,0.0,0,租金總額含電費；瓦斯費；,RPVNMLSJKHKGFAO86CC,分租套房,無,1140119~1150131,有,冷氣、電視機、冰箱、有線電視、網路,一般包租
新竹市,租賃房屋,新竹市新竹市東區忠孝路４３４巷１８號,0.0,,,,1140115,土地0建物0車位0,全,7,透天厝,工場〈廠〉、車庫、辦公室、梯間,鋼骨造,0930426,16.53,60,0,60,有,無,有,8000,484,,0.0,0,租金總額含電費；瓦斯費；,RPWNMLSJKHKGFAO96CC,分租套房,無,1140119~1150131,有,冷氣、電視機、冰箱、有線電視、網路,一般包租
新竹市,租賃房屋,新竹市新竹市南大路４０８巷２２號,0.0,,,,1140119,土地0建物1車位0,全,4,透天厝,住家用,鋼筋混凝土造,0870227,162.47,6,2,3,有,無,有,32000,197,,0.0,0,含增建或未登記建物；,RPPNMLNKKHKGFAO48CC,整棟(戶)出租,無,1140201~1150131,無,,
新竹市,租賃房屋,新竹市新竹市東區鐵道路一段２８巷６５號６樓,0.0,,,,1140119,土地0建物1車位0,六層,14,住宅大樓(11層含以上有電梯),集合住宅,鋼筋混凝土造,1020916,160.07999999999998,4,2,2,有,有,有,47000,294,,0.0,0,,RPSNMLNKKHKGFAO78CC,整棟(戶)出租,有,1140120~1150119,有,冷氣、熱水器、洗衣機、電視機、冰箱、瓦斯或天然氣,一般轉租
新竹市,租賃房屋,新竹市新竹市埔頂一路１０１號３樓之８,0.0,,,,1140120,土地0建物0車位0,三層,21,住宅大樓(11層含以上有電梯),辦公室,鋼筋混凝土造,1090512,35.730000000000004,2,0,2,有,有,有,19300,540,,0.0,0,租金已扣除管理費1700元租金總額含水費；網路費；含增建或未登記建物；未租賃車位，建物登記含有車位面積；,RPPNMLQKKHKGFAO78CC,分租套房,有,1140217~1150216,有,冷氣、熱水器、洗衣機、電視機、冰箱、網路,
新竹市,土地,西濱段59-2地號,467.41,住,,,1140117,土地1建物0車位0,,,其他,,,,0.0,0,0,0,無,無,無,60000,128,,0.0,0,,RPOOMLSKKHKGFAO98CC,,,1140118~1190417,,,
