﻿編號,車位類別,車位價格,車位面積平方公尺,車位所在樓層
Serial number,berth category,berth price,berth area square meter,
RPUNMLKLJHKGFAO58CB,坡道平面,2200000,23.83,地下四樓
RPUNMLKLJHKGFAO58CB,坡道平面,2200000,23.83,地下四樓
RPSNMLLLJHKGFAO48CB,其他,1000000,14.80,一樓
RPQNMLMLJHKGFAO38CB,坡道平面,2300000,22.56,地下二樓
RPTNMLLLJHKGFAO58CB,其他,800000,14.80,一樓
RPRNMLMLJHKGFAO48CB,坡道平面,2650000,37.89,地下二樓
RPRNMLMLJHKGFAO48CB,坡道平面,2650000,37.89,地下二樓
RPRNMLLLJHKGFAO38CB,其他,900000,14.80,一樓
RPTNMLKLJHKGFAO48CB,坡道平面,2100000,32.07,地下一樓
RPVNMLQJKHKGFAO56CB,坡道平面,1950000,34.02,地下四樓
RPUNMLQJKHKGFAO09CB,坡道平面,2150000,36.36,地下一樓
RPPNMLMKKHKGFAO28CB,坡道平面,1700000,35.92,地下三樓
RPUNMLNKKHKGFAO88CB,坡道平面,1950000,31.41,地下二樓
RPUNMLPKJHKGFAO98CB,一樓平面,2000000,19.88,一樓
