﻿編號,屋齡,建物移轉面積平方公尺,主要用途,主要建材,建築完成日期,總層數,建物分層,移轉情形
The serial number,room age,building shifting area square meter,the main use,main building materials,construction completes the date,total layer,building lamination,
RPROMLMKKHKGFAO58DA,,247.18,集合住宅、停車空間,鋼筋混凝土造,113年12月13日,四層,一層 二層 三層 四層 陽台,全筆移轉
RPXNMLOJKHKGFAO56DA,27,85.11,住宅,鋼筋混凝土造,87年4月10日,十二層,一層 陽台,全筆移轉
RPXNMLOJKHKGFAO56DA,27,.28,店舖,鋼筋混凝土造,87年4月10日,十二層,一層 陽台,持分移轉
RPXNMLOJKHKGFAO56DA,27,.18,店舖,鋼筋混凝土造,87年4月10日,十二層,一層 陽台,持分移轉
RPXNMLOJKHKGFAO56DA,27,18.06,住家用、突出物、梯間,鋼筋混凝土造,87年4月10日,十二層,,持分移轉
RPXNMLOJKHKGFAO56DA,27,.06,住家用、突出物、梯間,鋼筋混凝土造,87年4月10日,十二層,,持分移轉
RPXNMLOJKHKGFAO56DA,27,.04,住家用、突出物、梯間,鋼筋混凝土造,87年4月10日,十二層,,持分移轉
RPXNMLOJKHKGFAO56DA,27,22.29,住家用、地下室、夾層,鋼筋混凝土造,87年4月10日,十二層,,持分移轉
RPXNMLOJKHKGFAO56DA,27,.05,住家用、地下室、夾層,鋼筋混凝土造,87年4月10日,十二層,,持分移轉
RPXNMLOJKHKGFAO56DA,27,.08,住家用、地下室、夾層,鋼筋混凝土造,87年4月10日,十二層,,持分移轉
RPRNMLTKKHKGFAO66EA,28,.75,商業用,鋼筋混凝土造,85年11月14日,二十一層,地下二層,持分移轉
RPRNMLTKKHKGFAO66EA,28,.00,共有部分,鋼筋混凝土造,85年11月14日,二十一層,,持分移轉
RPRNMLTKKHKGFAO66EA,28,.16,共有部分,鋼筋混凝土造,85年11月14日,二十一層,,持分移轉
RPRNMLTKKHKGFAO66EA,28,30.43,共有部分,鋼筋混凝土造,85年11月14日,二十一層,,持分移轉
RPRNMLTKKHKGFAO66EA,28,.00,共有部分,鋼筋混凝土造,85年11月14日,二十一層,,持分移轉
RPRNMLTKKHKGFAO66EA,28,.06,共有部分,鋼筋混凝土造,85年11月14日,二十一層,,持分移轉
RPPNMLLLKHKGFAO38EA,25,50.40,住家用,鋼筋混凝土造,89年4月17日,十四層,三層 陽台,全筆移轉
RPPNMLLLKHKGFAO38EA,25,.04,管理室,鋼筋混凝土造,89年4月17日,十四層,一層,持分移轉
RPPNMLLLKHKGFAO38EA,25,14.09,共有部分,鋼筋混凝土造,89年4月17日,十四層,,持分移轉
RPPNMLLLKHKGFAO38EA,25,12.60,共有部分,鋼筋混凝土造,89年4月17日,十四層,,持分移轉
RPVNMLRKKHKGFAO76DA,46,103.50,住家用,加強磚造,67年9月12日,二層,一層 二層,全筆移轉
RPVPMLOKKHKGFAO66DA,29,52.47,住家用,鋼筋混凝土造,85年5月21日,十二層,五層 陽台,全筆移轉
RPVPMLOKKHKGFAO66DA,29,5.33,共有部分,鋼筋混凝土造,85年5月21日,十二層,,持分移轉
RPVPMLOKKHKGFAO66DA,29,11.12,共有部分,鋼筋混凝土造,85年5月21日,十二層,,持分移轉
RPPNMLRKKHKGFAO88EA,33,25.16,住家用,鋼筋混凝土造,80年12月30日,五層,一層 平台,全筆移轉
RPPNMLRKKHKGFAO88EA,33,9.99,共有部分,鋼筋混凝土造,80年12月30日,五層,,持分移轉
RPPPMLTKKHKGFAO56DA,18,.06,店舖,鋼筋混凝土造,96年3月31日,六層,一層,持分移轉
RPPPMLTKKHKGFAO56DA,18,.06,店舖,鋼筋混凝土造,96年3月31日,六層,一層,持分移轉
RPPPMLTKKHKGFAO56DA,18,12.88,辦公室,鋼筋混凝土造,96年3月31日,六層,六層,持分移轉
RPPPMLTKKHKGFAO56DA,18,.08,防空避難室兼停車空間,鋼筋混凝土造,96年3月31日,六層,,持分移轉
RPPPMLTKKHKGFAO56DA,18,.08,防空避難室兼停車空間,鋼筋混凝土造,96年3月31日,六層,,持分移轉
RPPPMLTKKHKGFAO56DA,18,18.71,防空避難室兼停車空間,鋼筋混凝土造,96年3月31日,六層,,持分移轉
RPPPMLTKKHKGFAO56DA,18,4.18,樓梯間、水箱、機械室,鋼筋混凝土造,96年3月31日,六層,,持分移轉
RPSNMLSKKHKGFAO56DA,49,124.66,住家用,加強磚造,64年9月26日,二層,一層 二層 陽台 平台 屋頂突出物,全筆移轉
RPRNMLKKKHKGFAO28DA,28,265.44,住家用,鋼筋混凝土造,86年1月24日,三層,一層 二層 三層 平台 屋頂突出物 地下層 見其他登記事項,全筆移轉
RPOOMLRKJHKGFAO68DA,30,102.38,商業用,鋼筋混凝土造,83年11月23日,八層,二層 陽台,全筆移轉
RPOOMLRKJHKGFAO68DA,30,18.57,共有部分,鋼筋混凝土造,83年11月23日,八層,,持分移轉
RPOOMLRKJHKGFAO68DA,30,8.55,共有部分,鋼筋混凝土造,83年11月23日,八層,,持分移轉
RPSRMLOKJHKGFAO09DA,24,96.73,住家用,鋼筋混凝土造,89年9月30日,十二層,六層 陽台,全筆移轉
RPSRMLOKJHKGFAO09DA,24,.33,店舖,鋼筋混凝土造,89年9月30日,十二層,一層 陽台,持分移轉
RPSRMLOKJHKGFAO09DA,24,.07,梯間、機械室、住家用,鋼筋混凝土造,89年9月30日,十二層,,持分移轉
RPSRMLOKJHKGFAO09DA,24,19.98,梯間、機械室、住家用,鋼筋混凝土造,89年9月30日,十二層,,持分移轉
RPSRMLOKJHKGFAO09DA,24,24.39,防空避難室、停車場,鋼筋混凝土造,89年9月30日,十二層,,持分移轉
RPSRMLOKJHKGFAO09DA,24,.09,防空避難室、停車場,鋼筋混凝土造,89年9月30日,十二層,,持分移轉
RPXNMLRKKHKGFAO96DA,3,56.89,集合住宅,鋼筋混凝土造,110年10月7日,十五層,八層 陽台,全筆移轉
RPXNMLRKKHKGFAO96DA,3,.03,店鋪,鋼筋混凝土造,110年10月7日,十五層,一層,持分移轉
RPXNMLRKKHKGFAO96DA,3,11.81,共有部分,鋼筋混凝土造,110年10月7日,十五層,,持分移轉
RPXNMLRKKHKGFAO96DA,3,.00,共有部分,鋼筋混凝土造,110年10月7日,十五層,,持分移轉
RPXNMLRKKHKGFAO96DA,3,2.01,共有部分,鋼筋混凝土造,110年10月7日,十五層,,持分移轉
RPXNMLRKKHKGFAO96DA,3,9.66,共有部分,鋼筋混凝土造,110年10月7日,十五層,,持分移轉
RPXNMLRKKHKGFAO96DA,3,30.31,共有部分,鋼筋混凝土造,110年10月7日,十五層,,持分移轉
RPWOMLTKKHKGFAO17DA,1,65.88,集合住宅,鋼筋混凝土造,113年1月29日,十五層,六層 陽台,全筆移轉
RPWOMLTKKHKGFAO17DA,1,51.17,共有部分,鋼筋混凝土造,113年1月29日,十五層,,持分移轉
RPUOMLPKJHKGFAO09DA,18,29.47,集合住宅,鋼筋混凝土造,95年10月22日,五層,三層 雨遮,全筆移轉
RPUOMLPKJHKGFAO09DA,18,15.17,梯間、突出物、機電設備、電梯、水箱、機械室,鋼筋混凝土造,95年10月22日,五層,,持分移轉
RPTNMLNJKHKGFAO68DA,16,32.56,辦公室,鋼筋混凝土造,98年3月19日,十層,九層 陽台 雨遮,全筆移轉
RPTNMLNJKHKGFAO68DA,16,14.76,防空避難室兼停車空間、水箱、機房、電信機房、樓梯間,鋼筋混凝土造,98年3月19日,十層,,持分移轉
RPTNMLNJKHKGFAO68DA,16,4.04,樓梯間,鋼筋混凝土造,98年3月19日,十層,,持分移轉
RPUOMLTKKHKGFAO96DA,5,.17,店舖,鋼筋混凝土造,108年10月31日,六層,一層,持分移轉
RPUOMLTKKHKGFAO96DA,5,106.90,店舖、騎樓,鋼筋混凝土造,108年10月31日,六層,一層 二層 騎樓,全筆移轉
RPUOMLTKKHKGFAO96DA,5,.04,共有部分,鋼筋混凝土造,108年10月31日,六層,,持分移轉
RPUOMLTKKHKGFAO96DA,5,26.50,共有部分,鋼筋混凝土造,108年10月31日,六層,,持分移轉
RPUOMLTKKHKGFAO96DA,5,46.88,共有部分,鋼筋混凝土造,108年10月31日,六層,,持分移轉
RPUOMLTKKHKGFAO96DA,5,13.90,共有部分,鋼筋混凝土造,108年10月31日,六層,,持分移轉
RPVOMLTKKHKGFAO07DA,5,.14,店舖,鋼筋混凝土造,108年10月31日,六層,一層,持分移轉
RPVOMLTKKHKGFAO07DA,5,99.73,店舖、騎樓,鋼筋混凝土造,108年10月31日,六層,一層 二層 騎樓,全筆移轉
RPVOMLTKKHKGFAO07DA,5,.03,共有部分,鋼筋混凝土造,108年10月31日,六層,,持分移轉
RPVOMLTKKHKGFAO07DA,5,24.71,共有部分,鋼筋混凝土造,108年10月31日,六層,,持分移轉
RPVOMLTKKHKGFAO07DA,5,39.78,共有部分,鋼筋混凝土造,108年10月31日,六層,,持分移轉
RPVOMLTKKHKGFAO07DA,5,13.33,共有部分,鋼筋混凝土造,108年10月31日,六層,,持分移轉
RPPNMLTKKHKGFAO98DA,1,105.98,集合住宅,鋼筋混凝土造,113年4月16日,七層,二層 陽台,全筆移轉
RPPNMLTKKHKGFAO98DA,1,75.14,共有部分,鋼筋混凝土造,113年4月16日,七層,,持分移轉
RPPNMLTKKHKGFAO98DA,1,18.72,共有部分,鋼筋混凝土造,113年4月16日,七層,,持分移轉
RPTNMLSKKHKGFAO76EA,29,24.89,住家用,鋼筋混凝土造,84年7月13日,十層,九層 陽台,持分移轉
RPTNMLSKKHKGFAO76EA,29,2.87,梯間,鋼筋混凝土造,84年7月13日,十層,,持分移轉
RPTNMLSKKHKGFAO76EA,29,5.00,防空避難室、停車場,鋼筋混凝土造,84年7月13日,十層,,持分移轉
RPTNMLSKKHKGFAO76EA,29,.30,超級市場,鋼筋混凝土造,84年7月13日,十層,,持分移轉
RPTNMLSKKHKGFAO76EA,29,.42,儲藏室,鋼筋混凝土造,84年7月13日,十層,,持分移轉
RPTNMLSKKHKGFAO76EA,29,.67,幼稚園、里民中心,鋼筋混凝土造,84年7月13日,十層,,持分移轉
RPOOMLQJJHKGFAO48DA,29,71.96,住家用,鋼筋混凝土造,84年9月27日,六層,四層 陽台,全筆移轉
RPOOMLQJJHKGFAO48DA,29,13.13,共有部分,鋼筋混凝土造,84年9月27日,六層,,持分移轉
RPOOMLQJJHKGFAO48DA,29,8.99,共有部分,鋼筋混凝土造,84年9月27日,六層,,持分移轉
RPUNMLTKKHKGFAO86DA,21,126.34,集合住宅,鋼筋混凝土造,93年2月10日,九層,六層 陽台,全筆移轉
RPUNMLTKKHKGFAO86DA,21,66.66,防空避難室兼停車空間等共同使用部份,鋼筋混凝土造,93年2月10日,十一層,,持分移轉
RPXNMLTKKHKGFAO17DA,28,92.59,住家用,鋼筋混凝土造,86年5月30日,二十四層,十八層 陽台,全筆移轉
RPXNMLTKKHKGFAO17DA,28,26.04,共有部分,鋼筋混凝土造,86年5月30日,二十四層,,持分移轉
RPXNMLTKKHKGFAO17DA,28,12.43,共有部分,鋼筋混凝土造,86年5月30日,二十四層,,持分移轉
RPXNMLTKKHKGFAO17DA,28,3.36,共有部分,鋼筋混凝土造,86年5月30日,二十四層,,持分移轉
RPXNMLTKKHKGFAO17DA,28,8.53,共有部分,鋼筋混凝土造,86年5月30日,二十四層,,持分移轉
RPOPMLRKKHKGFAO88DA,2,118.05,集合住宅,鋼筋混凝土造,112年3月22日,十三層,十一層 陽台,全筆移轉
RPOPMLRKKHKGFAO88DA,2,159.74,共有部分,鋼筋混凝土造,112年3月22日,十三層,,持分移轉
RPOOMLOJKHKGFAO38DA,6,151.70,集合住宅、停車空間,鋼筋混凝土造,107年10月11日,四層,一層 二層 三層 四層 陽台 屋簷,全筆移轉
RPSOMLRKKHKGFAO56DA,32,95.03,住宅,鋼筋混凝土造,81年12月1日,五層,三層 陽台,全筆移轉
RPSOMLRKKHKGFAO56DA,32,9.09,共有部分,鋼筋混凝土造,81年12月1日,五層,,持分移轉
RPQNMLSKKHKGFAO09EA,30,60.60,住家用,鋼筋混凝土造,83年12月28日,十九層,三層 陽台,全筆移轉
RPQNMLSKKHKGFAO09EA,30,14.58,共有部分,鋼筋混凝土造,83年12月28日,十九層,,持分移轉
RPUNMLLLKHKGFAO78DA,18,28.00,機電空間、辦公室,鋼筋混凝土造,96年6月6日,十層,二層 陽台,全筆移轉
RPUNMLLLKHKGFAO78DA,18,.03,警衛室,鋼筋混凝土造,96年6月6日,十層,一層,持分移轉
RPUNMLLLKHKGFAO78DA,18,13.48,防空避難室兼停車空間、車道、梯間、機械室、水箱,鋼筋混凝土造,96年6月6日,十層,,持分移轉
RPUNMLLLKHKGFAO78DA,18,.00,防空避難室兼停車空間、車道、梯間、機械室、水箱,鋼筋混凝土造,96年6月6日,十層,,持分移轉
RPVOMLLLJHKGFAO88DA,10,62.06,集合住宅,鋼筋混凝土造,104年6月23日,五層,三層 陽台 雨遮,全筆移轉
RPVOMLLLJHKGFAO88DA,10,29.86,共有部分,鋼筋混凝土造,104年6月23日,五層,,持分移轉
RPUNMLOKKHKGFAO98DA,20,1.61,集合住宅,鋼筋混凝土造,94年2月20日,四層,地下一層,持分移轉
RPUNMLOKKHKGFAO98DA,20,30.98,集合住宅,鋼筋混凝土造,94年2月20日,四層,地下四層,全筆移轉
RPUNMLOKKHKGFAO98DA,20,.50,共有部分,鋼筋混凝土造,94年2月20日,四層,,持分移轉
RPUNMLOKKHKGFAO98DA,20,6.50,共有部分,鋼筋混凝土造,94年2月20日,四層,,持分移轉
RPWNMLNKKHKGFAO09DA,24,54.37,住家用,鋼筋混凝土造,90年6月1日,五層,四層 陽台,全筆移轉
RPUNMLOKKHKGFAO98DA,20,10.88,共有部分,鋼筋混凝土造,94年2月20日,四層,,持分移轉
RPWNMLNKKHKGFAO09DA,24,5.93,樓梯間、水塔,鋼筋混凝土造,90年6月1日,五層,,持分移轉
RPWNMLNKKHKGFAO09DA,24,.08,警衛室,鋼筋混凝土造,90年5月15日,五層,一層,持分移轉
RPRPMLTKKHKGFAO76DA,17,102.50,集合住宅,鋼骨鋼筋混凝土造,96年7月3日,二十八層,六層 陽台 雨遮,全筆移轉
RPRPMLTKKHKGFAO76DA,17,28.67,防空避難室兼停車空間、管理室、門廳、公共設施,鋼骨鋼筋混凝土造,96年7月3日,二十八層,,持分移轉
RPRPMLTKKHKGFAO76DA,17,23.29,梯間、機房、水箱,鋼骨鋼筋混凝土造,96年7月3日,二十八層,,持分移轉
RPRPMLTKKHKGFAO76DA,17,.43,Ｘ中繼水箱,鋼骨鋼筋混凝土造,96年7月3日,二十八層,,持分移轉
RPUOMLTKKIJGFAO96DA,28,19.75,住家用,鋼筋混凝土造,85年8月30日,十二層,八層 花台,全筆移轉
RPUOMLTKKIJGFAO96DA,28,9.40,共有部分,鋼筋混凝土造,85年8月30日,十二層,,持分移轉
RPSNMLTKKHKGFAO66DA,27,111.65,住宅,鋼筋混凝土造,87年4月10日,十二層,五層 陽台,全筆移轉
RPSNMLTKKHKGFAO66DA,27,.37,店舖,鋼筋混凝土造,87年4月10日,十二層,一層 陽台,持分移轉
RPSNMLTKKHKGFAO66DA,27,.24,店舖,鋼筋混凝土造,87年4月10日,十二層,一層 陽台,持分移轉
RPSNMLTKKHKGFAO66DA,27,21.72,國民住宅、突出物、梯間,鋼筋混凝土造,87年4月10日,十二層,,持分移轉
RPSNMLTKKHKGFAO66DA,27,.08,住家用、突出物、梯間,鋼筋混凝土造,87年4月10日,十二層,,持分移轉
RPSNMLTKKHKGFAO66DA,27,.05,住家用、突出物、梯間,鋼筋混凝土造,87年4月10日,十二層,,持分移轉
RPSNMLTKKHKGFAO66DA,27,29.27,住家用、地下室、夾層,鋼筋混凝土造,87年4月10日,十二層,,持分移轉
RPSNMLTKKHKGFAO66DA,27,.07,住家用、地下室、夾層,鋼筋混凝土造,87年4月10日,十二層,,持分移轉
RPSNMLTKKHKGFAO66DA,27,.11,住家用、地下室、夾層,鋼筋混凝土造,87年4月10日,十二層,,持分移轉
RPUPMLTKKHKGFAO07DA,12,114.75,集合住宅,鋼筋混凝土造,102年5月31日,十二層,六層 陽台 雨遮,全筆移轉
RPUPMLTKKHKGFAO07DA,12,44.41,共有部分,鋼筋混凝土造,102年5月31日,十二層,,持分移轉
RPUPMLTKKHKGFAO07DA,12,25.51,共有部分,鋼筋混凝土造,102年5月31日,十二層,,持分移轉
RPUPMLTKKHKGFAO07DA,12,14.60,共有部分,鋼筋混凝土造,102年5月31日,十二層,,持分移轉
RPPOMLKLKHKGFAO28DA,27,24.42,住家用,鋼筋混凝土造,87年6月1日,六層,四層 陽台,全筆移轉
RPPOMLKLKHKGFAO28DA,27,12.69,共有部分,鋼筋混凝土造,87年6月1日,六層,,持分移轉
RPQOMLKLKHKGFAO38DA,11,.02,辦公室,鋼筋混凝土造,102年7月10日,二十六層,一層,持分移轉
RPQOMLKLKHKGFAO38DA,11,234.81,集合住宅,鋼筋混凝土造,102年7月10日,二十六層,十二層 陽台 雨遮,全筆移轉
RPQOMLKLKHKGFAO38DA,11,59.37,共有部分,鋼筋混凝土造,102年7月10日,二十六層,,持分移轉
RPQOMLKLKHKGFAO38DA,11,55.14,共有部分,鋼筋混凝土造,102年7月10日,二十六層,,持分移轉
RPQOMLKLKHKGFAO38DA,11,44.46,共有部分,鋼筋混凝土造,102年7月10日,二十六層,,持分移轉
RPTOMLRKJHKGFAO56DA,29,72.28,住家用,鋼筋混凝土造,84年8月30日,七層,四層 陽台 雨遮,全筆移轉
RPTOMLRKJHKGFAO56DA,29,20.43,共有部分,鋼筋混凝土造,84年8月30日,七層,,持分移轉
RPTOMLRKJHKGFAO56DA,29,7.82,共有部分,鋼筋混凝土造,84年8月30日,七層,,持分移轉
RPOOMLLLKHKGFAO28DA,33,79.10,住家用,鋼筋混凝土造,80年8月30日,五層,五層 陽台,全筆移轉
RPOOMLLLKHKGFAO28DA,33,26.26,共有部分,鋼筋混凝土造,80年8月30日,五層,,持分移轉
RPPNMLPKKHKGFAO58DA,15,257.10,停車空間、住宅,鋼筋混凝土造,98年12月10日,五層,一層 二層 三層 四層 五層 陽台 雨遮,全筆移轉
RPPNMLQKKHKGFAO68DA,4,52.31,集合住宅,鋼筋混凝土造,110年1月5日,五層,四層 陽台,全筆移轉
RPPNMLQKKHKGFAO68DA,4,33.42,共有部分,鋼筋混凝土造,110年1月5日,五層,,持分移轉
RPRPMLMKKHKGFAO68DA,17,1.10,管理委員會使用空間,鋼筋混凝土造,97年5月22日,七層,一層 陽台 雨遮,持分移轉
RPRPMLMKKHKGFAO68DA,17,30.51,集合住宅,鋼筋混凝土造,97年5月22日,七層,七層 陽台,全筆移轉
RPRPMLMKKHKGFAO68DA,17,16.88,防空避難室兼停車空間、污水處理機房,鋼筋混凝土造,97年5月22日,七層,,持分移轉
RPRPMLMKKHKGFAO68DA,17,38.32,防空避難室兼停車空間、污水處理機房,鋼筋混凝土造,97年5月22日,七層,,持分移轉
RPRPMLMKKHKGFAO68DA,17,8.09,樓電梯間、水箱、電梯機械室,鋼筋混凝土造,97年5月22日,七層,,持分移轉
RPRPNLOKJHKGFAO88DA,,51.24,住家用,木造,,一層,一層,全筆移轉
RPRPNLOKJHKGFAO88DA,,17.08,住家用,木造,,一層,一層,全筆移轉
RPTOMLRKKHKGFAO66DA,33,23.90,住家用,鋼筋混凝土造,80年7月16日,七層,七層 陽台,全筆移轉
RPTOMLRKKHKGFAO66DA,33,11.45,住家用,鋼筋混凝土造,80年7月16日,七層,,持分移轉
RPPNMLRKKHKGFAO78DA,22,.05,管理室,鋼筋混凝土造,92年1月10日,十三層,一層,持分移轉
RPPNMLRKKHKGFAO78DA,22,101.25,住家用,鋼筋混凝土造,92年1月10日,十三層,六層 陽台,全筆移轉
RPPNMLRKKHKGFAO78DA,22,18.05,停車空間、機械室、騎樓、梯間、車道、防空避難室,鋼筋混凝土造,92年1月10日,十三層,,持分移轉
RPPNMLRKKHKGFAO78DA,22,21.75,停車空間、機械室、騎樓、梯間、車道、防空避難室,鋼筋混凝土造,92年1月10日,十三層,,持分移轉
RPPNMLRKKHKGFAO78DA,22,8.43,梯間,鋼筋混凝土造,92年1月10日,十三層,,持分移轉
RPQNMLTKKHKGFAO56EA,33,47.55,住家用,鋼筋混凝土造,80年7月30日,十二層,六層 陽台,全筆移轉
RPQNMLTKKHKGFAO56EA,33,14.54,共有部分,鋼筋混凝土造,80年7月30日,十二層,,持分移轉
RPQNMLTKKHKGFAO56EA,33,4.92,共有部分,鋼筋混凝土造,80年7月30日,000,,持分移轉
RPQOMLKKJHKGFAO18DA,17,62.77,集合住宅,鋼筋混凝土造,97年1月31日,十五層,九層 陽台 雨遮,全筆移轉
RPQOMLKKJHKGFAO18DA,17,56.24,梯間水箱機械室防空避難室兼停車空間及開放空間受電室,鋼筋混凝土造,97年1月31日,十五層,,持分移轉
RPRNMLQJJHKGFAO68DA,18,25.50,機電空間、辦公室,鋼筋混凝土造,96年6月6日,十層,九層 雨遮,全筆移轉
RPRNMLQJJHKGFAO68DA,18,.03,警衛室,鋼筋混凝土造,96年6月6日,十層,一層,持分移轉
RPRNMLQJJHKGFAO68DA,18,12.28,防空避難室兼停車空間、車道、梯間、機械室、水箱,鋼筋混凝土造,96年6月6日,十層,,持分移轉
RPRNMLQJJHKGFAO68DA,18,.00,防空避難室兼停車空間、車道、梯間、機械室、水箱,鋼筋混凝土造,96年6月6日,十層,,持分移轉
RPOPMLQJJHKGFAO58DA,13,.20,管理員室,鋼筋混凝土造,100年10月1日,十五層,一層,持分移轉
RPOPMLQJJHKGFAO58DA,13,97.41,集合住宅,鋼筋混凝土造,100年10月1日,二十層,九層 陽台 雨遮,全筆移轉
RPOPMLQJJHKGFAO58DA,13,66.13,共有部分,鋼筋混凝土造,100年10月1日,二十層,,持分移轉
RPOPMLQJJHKGFAO58DA,13,18.32,共有部分,鋼筋混凝土造,100年10月1日,二十層,,持分移轉
RPOPMLQJJHKGFAO58DA,13,22.53,共有部分,鋼筋混凝土造,100年10月1日,二十層,,持分移轉
RPSNMLLLKHKGFAO58DA,,147.44,住家用,加強磚造,,二層,一層 二層 騎樓,全筆移轉
RPQOMLKKKHKGFAO28DA,,139.10,住家用,加強磚造,,二層,一層 二層,全筆移轉
RPSOMLTKKHKGFAO76DA,10,302.55,停車空間、集合住宅,鋼筋混凝土造,104年2月26日,五層,一層 二層 三層 四層 五層 陽台,全筆移轉
RPPNMLTKKHKGFAO09EA,16,26.64,辦公室,鋼筋混凝土造,97年7月30日,十層,七層 雨遮,全筆移轉
RPPNMLTKKHKGFAO09EA,16,16.18,防空避難室、停車空間、水箱、梯間、機械室,鋼筋混凝土造,97年7月30日,十層,,持分移轉
RPXNMLKKKHKGFAO88DA,8,88.51,集合住宅,鋼筋混凝土造,105年9月30日,十三層,十一層 陽台 雨遮,全筆移轉
RPXNMLKKKHKGFAO88DA,8,17.41,共有部分,鋼筋混凝土造,105年9月30日,十三層,,持分移轉
RPXNMLKKKHKGFAO88DA,8,52.34,共有部分,鋼筋混凝土造,105年9月30日,十四層,,持分移轉
RPPOMLRKKHKGFAO88DA,17,27.09,住宅、機電空間,鋼筋混凝土造,96年9月29日,六層,五層 陽台,全筆移轉
RPPOMLRKKHKGFAO88DA,17,9.28,梯間、機械室、水箱,鋼筋混凝土造,96年9月29日,六層,,持分移轉
RPPOMLRKKHKGFAO88DA,17,4.50,防空避難室兼停車空間,鋼筋混凝土造,96年9月29日,六層,,持分移轉
RPOOMLSKKHKGFAO88DA,27,13.69,辦公室,鋼筋混凝土造,86年5月20日,十七層,十七層 陽台,持分移轉
RPOOMLSKKHKGFAO88DA,27,.62,社區健身中心,鋼筋混凝土造,86年5月20日,十七層,四層 陽台 露台 花台,持分移轉
RPOOMLSKKHKGFAO88DA,27,11.60,共有部分,鋼筋混凝土造,86年5月20日,十七層,,持分移轉
RPOOMLSKKHKGFAO88DA,27,3.80,共有部分,鋼筋混凝土造,86年5月20日,十七層,,持分移轉
RPOOMLSKKHKGFAO88DA,27,.07,共有部分,鋼筋混凝土造,86年5月20日,十七層,,持分移轉
RPOOMLSKKHKGFAO88DA,27,1.65,共有部分,鋼筋混凝土造,86年5月20日,十七層,,持分移轉
RPOOMLSKKHKGFAO88DA,27,.04,共有部分,鋼筋混凝土造,86年5月20日,十七層,,持分移轉
RPSNMLSKKHKGFAO66EA,,249.26,集合住宅、停車空間、樓梯間,鋼筋混凝土造,113年1月16日,四層,一層 二層 三層 四層 陽台 見其他登記事項,全筆移轉
RPWOMLTKKIJGFAO17DA,28,21.67,住家用,鋼筋混凝土造,85年8月30日,十二層,八層 花台,全筆移轉
RPWOMLTKKIJGFAO17DA,28,9.82,共有部分,鋼筋混凝土造,85年8月30日,十二層,,持分移轉
RPVQMLRJKHKGFAO96DA,,50.73,集合住宅,鋼筋混凝土造,113年11月18日,七層,三層 陽台,全筆移轉
RPVQMLRJKHKGFAO96DA,,40.69,共有部分,鋼筋混凝土造,113年11月18日,七層,,持分移轉
RPWOMLTJKIJGFAO07DA,28,84.27,住家用,鋼筋混凝土造,86年5月15日,五層,一層 平台,全筆移轉
RPWOMLTJKIJGFAO07DA,28,7.21,共有部分,鋼筋混凝土造,86年5月15日,五層,,持分移轉
RPWOMLTJKIJGFAO07DA,28,3.50,共有部分,鋼筋混凝土造,86年5月15日,五層,,持分移轉
RPSVMLOLJHKGFAO96DA,,89.53,集合住宅,鋼筋混凝土造,114年1月10日,二十四層,四層 陽台,全筆移轉
RPSVMLOLJHKGFAO96DA,,81.05,共有部分,鋼筋混凝土造,114年1月10日,二十四層,,持分移轉
RPWWMLOLJHKGFAO47DA,,89.53,集合住宅,鋼筋混凝土造,114年1月10日,二十四層,十二層 陽台,全筆移轉
RPOQMLOLJHKGFAO68DA,,79.36,集合住宅,鋼筋混凝土造,114年1月10日,二十四層,二十三層 陽台,全筆移轉
RPWWMLOLJHKGFAO47DA,,81.05,共有部分,鋼筋混凝土造,114年1月10日,二十四層,,持分移轉
RPOQMLOLJHKGFAO68DA,,75.61,共有部分,鋼筋混凝土造,114年1月10日,二十四層,,持分移轉
RPUPMLOLJHKGFAO56DA,,79.36,集合住宅,鋼筋混凝土造,114年1月10日,二十四層,十九層 陽台,全筆移轉
RPUPMLOLJHKGFAO56DA,,75.61,共有部分,鋼筋混凝土造,114年1月10日,二十四層,,持分移轉
RPXPMLOLJHKGFAO86DA,,79.36,集合住宅,鋼筋混凝土造,114年1月10日,二十四層,二十二層 陽台,全筆移轉
RPXPMLOLJHKGFAO86DA,,75.61,共有部分,鋼筋混凝土造,114年1月10日,二十四層,,持分移轉
RPROMLRLJIJGFAO09DA,27,134.79,辦公室,鋼筋混凝土造,86年12月1日,十層,三層,全筆移轉
RPROMLRLJIJGFAO09DA,27,55.00,共有部分,鋼筋混凝土造,86年12月1日,十層,,持分移轉
RPUQMLOLJHKGFAO66DA,,78.36,集合住宅,鋼筋混凝土造,114年1月10日,二十四層,五層 陽台,全筆移轉
RPUQMLOLJHKGFAO66DA,,75.15,共有部分,鋼筋混凝土造,114年1月10日,二十四層,,持分移轉
RPXRMLOLJHKGFAO07DA,,78.36,集合住宅,鋼筋混凝土造,114年1月10日,二十四層,八層 陽台,全筆移轉
RPXRMLOLJHKGFAO07DA,,75.15,共有部分,鋼筋混凝土造,114年1月10日,二十四層,,持分移轉
RPWPNLOLJHKGFAO86DA,,54.75,集合住宅,鋼筋混凝土造,114年1月10日,二十四層,四層 陽台,全筆移轉
RPWPNLOLJHKGFAO86DA,,62.67,共有部分,鋼筋混凝土造,114年1月10日,二十四層,,持分移轉
RPUPNLOLJHKGFAO66DA,,54.75,集合住宅,鋼筋混凝土造,114年1月10日,二十四層,三層 陽台,全筆移轉
RPUPNLOLJHKGFAO66DA,,62.67,共有部分,鋼筋混凝土造,114年1月10日,二十四層,,持分移轉
RPRQMLOLJHKGFAO98DA,,58.46,集合住宅,鋼筋混凝土造,114年1月10日,二十四層,三層 陽台,全筆移轉
RPRQMLOLJHKGFAO98DA,,64.63,共有部分,鋼筋混凝土造,114年1月10日,二十四層,,持分移轉
RPUNMLRJKHKGFAO56DA,,75.17,集合住宅,鋼筋混凝土造,114年1月10日,二十四層,二十一層 陽台,全筆移轉
RPUNMLRJKHKGFAO56DA,,73.42,共有部分,鋼筋混凝土造,114年1月10日,二十四層,,持分移轉
RPTOMLOLJHKGFAO98DA,,79.36,集合住宅,鋼筋混凝土造,114年1月10日,二十四層,九層 陽台,全筆移轉
RPTOMLOLJHKGFAO98DA,,75.61,共有部分,鋼筋混凝土造,114年1月10日,二十四層,,持分移轉
RPVNMLMLJHKGFAO88DA,25,.13,避難室、停車空間、店舖,鋼筋混凝土造,88年8月10日,六層,地下一層,持分移轉
RPVNMLMLJHKGFAO88DA,25,29.24,住家用,鋼筋混凝土造,88年8月10日,六層,二層,全筆移轉
RPVNMLMLJHKGFAO88DA,25,7.63,共有部分,鋼筋混凝土造,88年8月10日,六層,,持分移轉
RPVNMLMLJHKGFAO88DA,25,13.62,共有部分,鋼筋混凝土造,88年8月10日,六層,,持分移轉
RPVNMLMLJHKGFAO88DA,25,6.59,共有部分,鋼筋混凝土造,88年8月10日,六層,,持分移轉
RPRPMLOLJHKGFAO88DA,,79.36,集合住宅,鋼筋混凝土造,114年1月10日,二十四層,十六層 陽台,全筆移轉
RPRPMLOLJHKGFAO88DA,,75.61,共有部分,鋼筋混凝土造,114年1月10日,二十四層,,持分移轉
RPQRMLOLJHKGFAO98DA,,58.46,集合住宅,鋼筋混凝土造,114年1月10日,二十四層,十層 陽台,全筆移轉
RPQRMLOLJHKGFAO98DA,,64.63,共有部分,鋼筋混凝土造,114年1月10日,二十四層,,持分移轉
RPRRMLOLJHKGFAO09DA,,78.36,集合住宅,鋼筋混凝土造,114年1月10日,二十四層,七層 陽台,全筆移轉
RPRRMLOLJHKGFAO09DA,,75.15,共有部分,鋼筋混凝土造,114年1月10日,二十四層,,持分移轉
RPWQMLOLJHKGFAO86DA,,58.46,集合住宅,鋼筋混凝土造,114年1月10日,二十四層,七層 陽台,全筆移轉
RPWQMLOLJHKGFAO86DA,,64.63,共有部分,鋼筋混凝土造,114年1月10日,二十四層,,持分移轉
RPPSMLOLJHKGFAO98DA,,78.36,集合住宅,鋼筋混凝土造,114年1月10日,二十四層,九層 陽台,全筆移轉
RPPSMLOLJHKGFAO98DA,,75.15,共有部分,鋼筋混凝土造,114年1月10日,二十四層,,持分移轉
RPURMLOLJHKGFAO76DA,,58.46,集合住宅,鋼筋混凝土造,114年1月10日,二十四層,十三層 陽台,全筆移轉
RPURMLOLJHKGFAO76DA,,64.63,共有部分,鋼筋混凝土造,114年1月10日,二十四層,,持分移轉
RPRVMLOLJHKGFAO86DA,,75.17,集合住宅,鋼筋混凝土造,114年1月10日,二十四層,九層 陽台,全筆移轉
RPRVMLOLJHKGFAO86DA,,73.42,共有部分,鋼筋混凝土造,114年1月10日,二十四層,,持分移轉
RPXONLOLJHKGFAO86DA,,89.53,集合住宅,鋼筋混凝土造,114年1月10日,二十四層,二十三層 陽台,全筆移轉
RPXONLOLJHKGFAO86DA,,81.05,共有部分,鋼筋混凝土造,114年1月10日,二十四層,,持分移轉
RPRSMLOLJHKGFAO56DA,,78.36,集合住宅,鋼筋混凝土造,114年1月10日,二十四層,十層 陽台,全筆移轉
RPRSMLOLJHKGFAO56DA,,75.15,共有部分,鋼筋混凝土造,114年1月10日,二十四層,,持分移轉
RPUTMLOLJHKGFAO96DA,,78.36,集合住宅,鋼筋混凝土造,114年1月10日,二十四層,十六層 陽台,全筆移轉
RPUTMLOLJHKGFAO96DA,,75.15,共有部分,鋼筋混凝土造,114年1月10日,二十四層,,持分移轉
RPRTMLOLJHKGFAO66DA,,78.36,集合住宅,鋼筋混凝土造,114年1月10日,二十四層,十四層 陽台,全筆移轉
RPRTMLOLJHKGFAO66DA,,75.15,共有部分,鋼筋混凝土造,114年1月10日,二十四層,,持分移轉
RPVTMLOLJHKGFAO07DA,,78.36,集合住宅,鋼筋混凝土造,114年1月10日,二十四層,十七層 陽台,全筆移轉
RPVTMLOLJHKGFAO07DA,,75.15,共有部分,鋼筋混凝土造,114年1月10日,二十四層,,持分移轉
RPPVMLOLJHKGFAO66DA,,75.17,集合住宅,鋼筋混凝土造,114年1月10日,二十四層,八層 陽台,全筆移轉
RPPVMLOLJHKGFAO66DA,,73.42,共有部分,鋼筋混凝土造,114年1月10日,二十四層,,持分移轉
RPOWMLOLJHKGFAO66DA,,89.53,集合住宅,鋼筋混凝土造,114年1月10日,二十四層,七層 陽台,全筆移轉
RPOWMLOLJHKGFAO66DA,,81.05,共有部分,鋼筋混凝土造,114年1月10日,二十四層,,持分移轉
RPWVMLOLJHKGFAO37DA,,89.53,集合住宅,鋼筋混凝土造,114年1月10日,二十四層,六層 陽台,全筆移轉
RPWVMLOLJHKGFAO37DA,,81.05,共有部分,鋼筋混凝土造,114年1月10日,二十四層,,持分移轉
RPSWMLOLJHKGFAO07DA,,75.17,集合住宅,鋼筋混凝土造,114年1月10日,二十四層,十四層 陽台,全筆移轉
RPSWMLOLJHKGFAO07DA,,73.42,共有部分,鋼筋混凝土造,114年1月10日,二十四層,,持分移轉
RPTWMLOLJHKGFAO17DA,,89.53,集合住宅,鋼筋混凝土造,114年1月10日,二十四層,十層 陽台,全筆移轉
RPTWMLOLJHKGFAO17DA,,81.74,共有部分,鋼筋混凝土造,114年1月10日,二十四層,,持分移轉
RPSNNLOLJHKGFAO88DA,,89.53,集合住宅,鋼筋混凝土造,114年1月10日,二十四層,十五層 陽台,全筆移轉
RPSNNLOLJHKGFAO88DA,,81.05,共有部分,鋼筋混凝土造,114年1月10日,二十四層,,持分移轉
RPQNNLOLJHKGFAO68DA,,89.53,集合住宅,鋼筋混凝土造,114年1月10日,二十四層,十四層 陽台,全筆移轉
RPQNNLOLJHKGFAO68DA,,81.74,共有部分,鋼筋混凝土造,114年1月10日,二十四層,,持分移轉
RPWUMLOLJHKGFAO27DA,,75.17,集合住宅,鋼筋混凝土造,114年1月10日,二十四層,五層 陽台,全筆移轉
RPWUMLOLJHKGFAO27DA,,73.42,共有部分,鋼筋混凝土造,114年1月10日,二十四層,,持分移轉
RPVNNLOLJHKGFAO56DA,,75.17,集合住宅,鋼筋混凝土造,114年1月10日,二十四層,二十層 陽台,全筆移轉
RPVNNLOLJHKGFAO56DA,,74.11,共有部分,鋼筋混凝土造,114年1月10日,二十四層,,持分移轉
RPPSNLOLJHKGFAO09DA,,72.70,集合住宅,鋼筋混凝土造,114年1月10日,二十四層,二十一層 陽台,全筆移轉
RPPSNLOLJHKGFAO09DA,,72.03,共有部分,鋼筋混凝土造,114年1月10日,二十四層,,持分移轉
RPSOMLKLJHKGFAO48DA,45,84.00,住家用,鋼筋混凝土造,68年7月20日,五層,二層,全筆移轉
RPWQNLOLJHKGFAO96DA,,54.75,集合住宅,鋼筋混凝土造,114年1月10日,二十四層,九層 陽台,全筆移轉
RPWQNLOLJHKGFAO96DA,,62.67,共有部分,鋼筋混凝土造,114年1月10日,二十四層,,持分移轉
RPUOMLOLJHKGFAO09DA,,79.36,集合住宅,鋼筋混凝土造,114年1月10日,二十四層,十層 陽台,全筆移轉
RPUOMLOLJHKGFAO09DA,,75.61,共有部分,鋼筋混凝土造,114年1月10日,二十四層,,持分移轉
RPVQNLOLJHKGFAO86DA,,72.70,集合住宅,鋼筋混凝土造,114年1月10日,二十四層,十四層 陽台,全筆移轉
RPVQNLOLJHKGFAO86DA,,72.03,共有部分,鋼筋混凝土造,114年1月10日,二十四層,,持分移轉
RPQSNLOLJHKGFAO56DA,,54.75,集合住宅,鋼筋混凝土造,114年1月10日,二十四層,十六層 陽台,全筆移轉
RPQSNLOLJHKGFAO56DA,,62.67,共有部分,鋼筋混凝土造,114年1月10日,二十四層,,持分移轉
RPTRMLOLJHKGFAO66DA,,58.46,集合住宅,鋼筋混凝土造,114年1月10日,二十四層,十二層 陽台,全筆移轉
RPTRMLOLJHKGFAO66DA,,64.63,共有部分,鋼筋混凝土造,114年1月10日,二十四層,,持分移轉
RPOSNLOLJHKGFAO98DA,,54.75,集合住宅,鋼筋混凝土造,114年1月10日,二十四層,十五層 陽台,全筆移轉
RPOSNLOLJHKGFAO98DA,,62.67,共有部分,鋼筋混凝土造,114年1月10日,二十四層,,持分移轉
RPOUMLOLJHKGFAO09DA,,78.36,集合住宅,鋼筋混凝土造,114年1月10日,二十四層,二十層 陽台,全筆移轉
RPOUMLOLJHKGFAO09DA,,75.15,共有部分,鋼筋混凝土造,114年1月10日,二十四層,,持分移轉
RPSSMLOLJHKGFAO66DA,,58.46,集合住宅,鋼筋混凝土造,114年1月10日,二十四層,十八層 陽台,全筆移轉
RPSSMLOLJHKGFAO66DA,,63.94,共有部分,鋼筋混凝土造,114年1月10日,二十四層,,持分移轉
RPPNNLOLJHKGFAO58DA,,75.17,集合住宅,鋼筋混凝土造,114年1月10日,二十四層,十七層 陽台,全筆移轉
RPPNNLOLJHKGFAO58DA,,73.42,共有部分,鋼筋混凝土造,114年1月10日,二十四層,,持分移轉
RPRNNLOLJHKGFAO78DA,,75.17,集合住宅,鋼筋混凝土造,114年1月10日,二十四層,十八層 陽台,全筆移轉
RPRNNLOLJHKGFAO78DA,,73.42,共有部分,鋼筋混凝土造,114年1月10日,二十四層,,持分移轉
RPTNNLOLJHKGFAO98DA,,75.17,集合住宅,鋼筋混凝土造,114年1月10日,二十四層,十九層 陽台,全筆移轉
RPTNNLOLJHKGFAO98DA,,73.42,共有部分,鋼筋混凝土造,114年1月10日,二十四層,,持分移轉
RPTPNLOLJHKGFAO56DA,,72.70,集合住宅,鋼筋混凝土造,114年1月10日,二十四層,八層 陽台,全筆移轉
RPTPNLOLJHKGFAO56DA,,72.03,共有部分,鋼筋混凝土造,114年1月10日,二十四層,,持分移轉
RPTNMLRJKHKGFAO09DA,,58.46,集合住宅,鋼筋混凝土造,114年1月10日,二十四層,五層 陽台,全筆移轉
RPTNMLRJKHKGFAO09DA,,64.63,共有部分,鋼筋混凝土造,114年1月10日,二十四層,,持分移轉
RPRUMLOLJHKGFAO76DA,,78.36,集合住宅,鋼筋混凝土造,114年1月10日,二十四層,二十二層 陽台,全筆移轉
RPRUMLOLJHKGFAO76DA,,75.15,共有部分,鋼筋混凝土造,114年1月10日,二十四層,,持分移轉
RPPQMLOKKHKGFAO78DA,,180.45,集合住宅,鋼筋混凝土造,113年11月27日,十八層,五層 陽台,全筆移轉
RPPQMLOKKHKGFAO78DA,,60.67,共有部分,鋼筋混凝土造,113年11月27日,十八層,,持分移轉
RPPQMLOKKHKGFAO78DA,,99.24,共有部分,鋼筋混凝土造,113年11月27日,十八層,,持分移轉
RPXNMLLMKIJGFAO56DA,43,71.70,住家用,鋼筋混凝土造,70年12月23日,五層,五層,全筆移轉
RPXNNLOLJHKGFAO76DA,,89.53,集合住宅,鋼筋混凝土造,114年1月10日,二十四層,十八層 陽台,全筆移轉
RPXNNLOLJHKGFAO76DA,,81.05,共有部分,鋼筋混凝土造,114年1月10日,二十四層,,持分移轉
RPUSMLOLJHKGFAO86DA,,78.36,集合住宅,鋼筋混凝土造,114年1月10日,二十四層,十一層 陽台,全筆移轉
RPUSMLOLJHKGFAO86DA,,75.15,共有部分,鋼筋混凝土造,114年1月10日,二十四層,,持分移轉
RPWSMLOLJHKGFAO07DA,,78.36,集合住宅,鋼筋混凝土造,114年1月10日,二十四層,十二層 陽台,全筆移轉
RPWSMLOLJHKGFAO07DA,,75.15,共有部分,鋼筋混凝土造,114年1月10日,二十四層,,持分移轉
RPVSMLOLJHKGFAO96DA,,58.46,集合住宅,鋼筋混凝土造,114年1月10日,二十四層,二十層 陽台,全筆移轉
RPTSMLOLJHKGFAO76DA,,58.46,集合住宅,鋼筋混凝土造,114年1月10日,二十四層,十九層 陽台,全筆移轉
RPVSMLOLJHKGFAO96DA,,64.63,共有部分,鋼筋混凝土造,114年1月10日,二十四層,,持分移轉
RPTSMLOLJHKGFAO76DA,,64.63,共有部分,鋼筋混凝土造,114年1月10日,二十四層,,持分移轉
RPTTNLOLJHKGFAO96DA,,54.75,集合住宅,鋼筋混凝土造,114年1月10日,二十四層,二十四層 陽台,全筆移轉
RPTTNLOLJHKGFAO96DA,,62.67,共有部分,鋼筋混凝土造,114年1月10日,二十四層,,持分移轉
RPRONLOLJHKGFAO88DA,,89.53,集合住宅,鋼筋混凝土造,114年1月10日,二十四層,二十層 陽台,全筆移轉
RPRONLOLJHKGFAO88DA,,81.05,共有部分,鋼筋混凝土造,114年1月10日,二十四層,,持分移轉
RPWSNLOLJHKGFAO17DA,,54.75,集合住宅,鋼筋混凝土造,114年1月10日,二十四層,十九層 陽台,全筆移轉
RPWSNLOLJHKGFAO17DA,,62.67,共有部分,鋼筋混凝土造,114年1月10日,二十四層,,持分移轉
