﻿鄉鎮市區,交易標的,土地位置建物門牌,土地移轉總面積平方公尺,都市土地使用分區,非都市土地使用分區,非都市土地使用編定,交易年月日,交易筆棟數,移轉層次,總樓層數,建物型態,主要用途,主要建材,建築完成年月,建物移轉總面積平方公尺,建物現況格局-房,建物現況格局-廳,建物現況格局-衛,建物現況格局-隔間,有無管理組織,總價元,單價元平方公尺,車位類別,車位移轉總面積平方公尺,車位總價元,備註,編號,主建物面積,附屬建物面積,陽台面積,電梯,移轉編號
The villages and towns urban district,transaction sign,land sector position building sector house number plate,land shifting total area square meter,the use zoning or compiles and checks,the non-metropolis land use district,non-metropolis land use,transaction year month and day,transaction pen number,shifting level,total floor number,building state,main use,main building materials,construction to complete the years,building shifting total area,Building present situation pattern - room,building present situation pattern - hall,building present situation pattern - health,building present situation pattern - compartmented,Whether there is manages the organization,total price NTD,the unit price (NTD / square meter),the berth category,berth shifting total area square meter,the berth total price NTD,the note,serial number,main building area,auxiliary building area,balcony area,elevator,transaction number
新竹市,土地,福林段976-1地號,16.0,,特定農業區,甲種建築用地,1140203,土地1建物0車位0,,,其他,,,,0.0,0,0,0,無,無,2178000,136125,,0.0,0,親友、員工、共有人或其他特殊關係間之交易；,RPPNMLSJKHKGFAO88EA,0.0,0.0,0.0,無,
新竹市,土地,光鎮段715-3地號,0.55,都市：其他:道路用地,,,1140207,土地1建物0車位0,,,其他,,,,0.0,0,0,0,無,無,33500,0,,0.0,0,包含公共設施保留地用地；,RPRPMLRJKHKGFAO09DA,0.0,0.0,0.0,無,
新竹市,土地,光鎮段715-2地號,4.73,都市：其他:道路用地,,,1140207,土地1建物0車位0,,,其他,,,,0.0,0,0,0,無,無,230000,48626,,0.0,0,包含公共設施保留地用地；,RPTQMLRJKHKGFAO76DA,0.0,0.0,0.0,無,
新竹市,房地(土地+建物)+車位,新竹市新竹市光華二街７２巷３８之１８號十樓之２,21.25,住,,,1140204,土地2建物1車位1,十層,十六層,住宅大樓(11層含以上有電梯),住家用,鋼筋混凝土造,0830423,120.92000000000002,2,2,1,有,有,12280000,101563,坡道平面,0.0,0,,RPOPMLSJKHKGFAO88DA,61.7,0.02,9.93,有,
新竹市,房地(土地+建物),新竹市新竹市中山路６００巷８弄３２號,27.0,住,,,1140205,土地1建物1車位0,全,二層,透天厝,住家用,加強磚造,,34.2,3,2,3,有,無,3000000,87719,,0.0,0,親友、員工、共有人或其他特殊關係間之交易；,RPXOMLKKKHKGFAO98DA,34.2,0.0,0.0,無,001
新竹市,房地(土地+建物),新竹市新竹市中山路６００巷８弄３２號,27.0,住,,,1140205,土地1建物1車位0,全,二層,透天厝,住家用,加強磚造,,34.2,3,2,3,有,無,3000000,87719,,0.0,0,親友、員工、共有人或其他特殊關係間之交易；,RPOPMLKKKHKGFAO18DA,34.2,0.0,0.0,無,001
新竹市,土地,仁愛段854地號,2.37,工,,,1140211,土地1建物0車位0,,,其他,,,,0.0,0,0,0,無,無,115000,48523,,0.0,0,共有人承購,RPWPMLLKKHKGFAO09DA,0.0,0.0,0.0,無,003
新竹市,土地,港北段1地號,163.59,住,,,1140208,土地4建物0車位0,,,其他,,,,0.0,0,0,0,無,無,12371725,75626,,0.0,0,房屋補償金新台幣10萬。親友、員工、共有人或其他特殊關係間之交易；未登記建物；,RPSPMLSJKHKGFAO66DA,0.0,0.0,0.0,無,004
新竹市,土地,竹蓮段2111-1地號,32.65,都市：其他:道路用地,,,1140210,土地1建物0車位0,,,其他,,,,0.0,0,0,0,無,無,3479068,106556,,0.0,0,包含公共設施保留地用地；,RPWOMLLKKHKGFAO98DA,0.0,0.0,0.0,無,005
新竹市,土地,竹蓮段2111-1地號,1.91,都市：其他:道路用地,,,1140208,土地1建物0車位0,,,其他,,,,0.0,0,0,0,無,無,200000,104712,,0.0,0,包含公共設施保留地用地；,SPWOMLLKKHKGFAO09DA,0.0,0.0,0.0,無,005
新竹市,土地,聚吉段56-43地號,8.0,都市：其他:道路用地,,,1140208,土地1建物0車位0,,,其他,,,,0.0,0,0,0,無,無,1221000,152625,,0.0,0,包含公共設施保留地用地；,RPXOMLLKKHKGFAO09DA,0.0,0.0,0.0,無,007
新竹市,土地,大學段349地號,54.65,都市：其他:道路用地,,,1140208,土地1建物0車位0,,,其他,,,,0.0,0,0,0,無,無,4228544,77375,,0.0,0,包含公共設施保留地用地；,SPXOMLLKKHKGFAO56DA,0.0,0.0,0.0,無,008
新竹市,房地(土地+建物),新竹市新竹市牛埔路３４６巷３０弄３８號,35.5,住,,,1140207,土地1建物1車位0,全,二層,透天厝,住家用,鋼筋混凝土造,0760826,69.05,4,2,2,有,無,2271206,32892,,0.0,0,親友、員工、共有人或其他特殊關係間之交易；,RPVNMLOKKHKGFAO09DA,55.28,13.78,0.0,無,
新竹市,土地,士林段36-1地號,10.02,,鄉村區,乙種建築用地,1140203,土地1建物0車位0,,,其他,,,,0.0,0,0,0,無,無,1363973,136125,,0.0,0,親友、員工、共有人或其他特殊關係間之交易；,RPPNMLOKKHKGFAO58EA,0.0,0.0,0.0,無,
新竹市,車位,頂埔路６８號十三樓之１等,1.72,住,,,1140210,土地1建物1車位1,,,其他,,,,9.97,0,0,0,無,有,450000,,坡道平面,0.0,450000,本交易為重型機車位僅車位交易；,RPVOMLLKKHKGFAO88DA,0.0,0.0,0.0,有,
新竹市,房地(土地+建物),新竹市新竹市牛埔路３４６巷３０弄３８號,35.5,住,,,1140207,土地1建物1車位0,全,二層,透天厝,住家用,鋼筋混凝土造,0760826,69.05,4,2,2,有,無,2271206,32892,,0.0,0,親友、員工、共有人或其他特殊關係間之交易；,RPXNMLOKKHKGFAO66DA,55.28,13.78,0.0,無,
新竹市,房地(土地+建物),新竹市新竹市經國路一段３９３號８樓,30.73,商,,,1140115,土地1建物1車位0,八層,十二層,住宅大樓(11層含以上有電梯),商業用,鋼筋混凝土造,0831109,344.45000000000005,0,0,0,無,有,8380000,24329,,0.0,0,,RPWOMLMLJHKGFAO09DA,242.9,0.0,14.7,有,009
新竹市,房地(土地+建物)+車位,新竹市新竹市金雅西街２１２號五樓,46.1,,鄉村區,乙種建築用地,1140118,土地1建物2車位1,五層，見其他登記事項,五層,華廈(10層含以下有電梯),住家用,鋼筋混凝土造,1131018,181.98,3,2,2,有,有,35000000,192329,一樓平面,0.0,0,,RPPNMLNJKHKGFAO28DA,92.71,0.0,8.75,有,
新竹市,土地,香中段572-4地號,9.41,住,,,1140113,土地1建物0車位0,,,其他,,,,0.0,0,0,0,無,無,804837,85530,,0.0,0,政府機關標讓售；,RPUOMLQJKHKGFAO56DA,0.0,0.0,0.0,無,
新竹市,房地(土地+建物)+車位,新竹市新竹市龍山東路２９０號二十三樓之１,34.62,住,,,1140106,土地1建物1車位1,二十三層,二十三層,住宅大樓(11層含以上有電梯),住家用,鋼筋混凝土造,1010710,238.68,3,2,2,有,有,36980000,154935,坡道平面,33.71,0,,RPPNMLRJKHKGFAO68DA,116.46,1.78,19.76,有,010
新竹市,土地,東山段二小段443地號,232.66,,,,1140115,土地3建物0車位0,,,其他,,,,0.0,0,0,0,無,無,13610610,58500,,0.0,0,包含公共設施保留地用地；,RPPNMLQJKHKGFAO68EA,0.0,0.0,0.0,無,011
新竹市,車位,新竹市新竹市大學路５６號地下２樓　,11.78,住,,,1140121,土地2建物1車位9,地下二層,二十一層,其他,商業用,鋼筋混凝土造,0851114,282.65,0,0,0,無,無,6412500,,坡道平面,0.0,6412500,僅車位交易；,RPQNMLQJKHKGFAO78EA,0.0,0.0,0.0,無,012
新竹市,車位,新竹市新竹市大學路５６號地下２樓　,2.62,住,,,1140121,土地2建物1車位2,地下二層,二十一層,其他,商業用,鋼筋混凝土造,0851114,62.81,0,0,0,無,有,1615000,,坡道平面,0.0,1615000,僅車位交易；,RPRNMLQJKHKGFAO88EA,0.0,0.0,0.0,有,012
新竹市,房地(土地+建物)+車位,新竹市新竹市綠水路４６號四樓之３,26.6,商,,,1140101,土地1建物1車位2,四層,十四層,住宅大樓(11層含以上有電梯),住家用,鋼筋混凝土造,0940830,240.76999999999998,4,2,2,有,有,36100000,149942,坡道平面,0.0,0,陽台增建、鐵鋁窗增建陽台外推；其他增建；,RPTNMLNLJHKGFAO78DA,120.92,0.0,14.93,有,
新竹市,土地,民富段2125-2地號,22.23,都市：其他:第二種住宅區,,,1140120,土地3建物0車位0,,,其他,,,,0.0,0,0,0,無,無,2555880,114974,,0.0,0,包含公共設施保留地用地；,RPPNMLLMJHKGFAO28DA,0.0,0.0,0.0,無,014
新竹市,房地(土地+建物),新竹市新竹市建功路２６號４樓之５,4.15,住,,,1140102,土地1建物1車位0,四層,十二層,住宅大樓(11層含以上有電梯),住家用,鋼筋混凝土造,0841222,27.21,1,1,1,有,有,4700000,172731,,0.0,0,其他增建；,RPTNMLNJJHKGFAO58DA,16.14,1.02,4.44,有,015
新竹市,土地,西濱段437地號,45.34,住,,,1140124,土地1建物0車位0,,,其他,,,,0.0,0,0,0,無,無,2880000,63520,,0.0,0,,RPXSNLOLJHKGFAO27DA,0.0,0.0,0.0,無,016
新竹市,土地,舊社段11-3地號,394.18,都市：其他:道路用地,,,1140118,土地9建物0車位0,,,其他,,,,0.0,0,0,0,無,無,29600000,75093,,0.0,0,包含公共設施保留地用地；,RPUOMLOJKHKGFAO98DA,0.0,0.0,0.0,無,
新竹市,土地,成德段1-31地號,8.94,住,,,1140115,土地1建物0車位0,,,其他,,,,0.0,0,0,0,無,無,2120121,237150,,0.0,0,政府機關標讓售；,RPPNMLKKKHKGFAO08DA,0.0,0.0,0.0,無,
新竹市,土地,古峰段688地號,124.46,都市：其他:道路用地,,,1140124,土地1建物0車位0,,,其他,,,,0.0,0,0,0,無,無,6450000,51824,,0.0,0,包含公共設施保留地用地；,RPXOMLRJKHKGFAO96DA,0.0,0.0,0.0,無,017
新竹市,土地,福林段378-1地號,173.77,都市：其他:道路用地,,,1140124,土地1建物0車位0,,,其他,,,,0.0,0,0,0,無,無,9810000,56454,,0.0,0,包含公共設施保留地用地；,RPPPMLRJKHKGFAO88DA,0.0,0.0,0.0,無,018
新竹市,土地,復興段230-1地號,6.29,都市：其他:商務專用區,,,1140119,土地1建物0車位0,,,其他,,,,0.0,0,0,0,無,無,1000000,158983,,0.0,0,,RPUOMLKKKHKGFAO68DA,0.0,0.0,0.0,無,
新竹市,房地(土地+建物),新竹市新竹市文雅街１１８巷１４號,43.25,住,,,1140116,土地2建物1車位0,一層,五層,公寓(5樓含以下無電梯),住家用,鋼筋混凝土造,,106.56,3,2,2,有,無,6250000,58652,,0.0,0,其他增建；包含公共設施保留地用地；,RPRNMLKLJHKGFAO28DA,93.84,0.0,0.0,無,
新竹市,土地,唐高段714-4地號,8.0,住,,,1140109,土地1建物0車位0,,,其他,,,,0.0,0,0,0,無,無,585760,73220,,0.0,0,政府機關標讓售；,RPTOMLKKKHKGFAO58DA,0.0,0.0,0.0,無,
新竹市,房地(土地+建物),新竹市新竹市至善街３３巷２５號四樓,14.7,,山坡地保育區,丙種建築用地,1140102,土地2建物1車位0,四層,四層,公寓(5樓含以下無電梯),住家用,鋼筋混凝土造,0870318,32.21,1,1,1,有,有,1500000,46569,,0.0,0,陽台外推；,RPTOMLPJKHKGFAO98DA,22.92,0.0,2.84,無,019
新竹市,房地(土地+建物),新竹市新竹市中正路２８４巷１８號２樓,31.5,住,,,1140107,土地2建物1車位0,二層,五層,公寓(5樓含以下無電梯),住家用,鋼筋混凝土造,,112.77,3,2,2,有,無,8500000,75375,,0.0,0,,RPXNMLKKJHKGFAO78DA,81.52,0.0,12.42,無,
新竹市,房地(土地+建物),新竹市新竹市自由路２７巷７號三樓,17.4,住,,,1140101,土地1建物1車位0,三層,六層,華廈(10層含以下有電梯),住家用,鋼筋混凝土造,0831029,95.64,2,2,1,有,無,6500000,67956,,0.0,0,,RPWOMLOKKHKGFAO66DA,38.31,1.26,6.02,有,
新竹市,土地,康朗段534-2地號,763.92,都市：其他:道路用地兼供河川使用,,,1140104,土地3建物0車位0,,,其他,,,,0.0,0,0,0,無,無,12709400,16637,,0.0,0,包含公共設施保留地用地；,RPSOMLKKJHKGFAO38DA,0.0,0.0,0.0,無,
新竹市,房地(土地+建物),新竹市新竹市西大路７８０巷５５號,60.0,住,,,1140112,土地1建物1車位0,全,四層,透天厝,住家用,鋼筋混凝土造,1061229,223.95,4,2,4,有,無,31380000,140121,,0.0,0,其他增建；,RPQPMLPKJHKGFAO78DA,191.47,10.9,21.58,無,
新竹市,土地,青山段408-2地號,66.67,,山坡地保育區,交通用地,1140115,土地1建物0車位0,,,其他,,,,0.0,0,0,0,無,無,207344,3110,,0.0,0,政府機關標讓售；,RPPNMLRJKHKGFAO78EA,0.0,0.0,0.0,無,
新竹市,土地,海山段615-3地號,1513.47,,山坡地保育區,農牧用地,1140106,土地2建物0車位0,,,其他,,,,0.0,0,0,0,無,無,6800000,4493,,0.0,0,,RPQNMLOKKHKGFAO68EA,0.0,0.0,0.0,無,
新竹市,土地,大學段294-2地號,3.16,住,,,1131230,土地1建物0車位0,,,其他,,,,0.0,0,0,0,無,無,669130,211750,,0.0,0,畸零地或有合併使用效益；,RPVOMLKLJHKGFAO78DA,0.0,0.0,0.0,無,
新竹市,房地(土地+建物),新竹市新竹市南大路２７３號三樓之１,7.24,商,,,1131227,土地1建物1車位0,三層,十層,華廈(10層含以下有電梯),住家用,鋼筋混凝土造,0840227,67.97,1,1,1,有,有,5280000,77681,,0.0,0,,RPVTNLOLJHKGFAO17DA,38.78,0.0,6.52,有,
新竹市,房地(土地+建物),新竹市新竹市磐石路７巷１５號４樓,32.5,住,,,1131221,土地6建物1車位0,四層,五層,公寓(5樓含以下無電梯),住家用,鋼筋混凝土造,0700506,92.23,3,2,2,有,無,5300000,57465,,0.0,0,,RPVNMLNJKHKGFAO88DA,92.23,0.0,0.0,無,
新竹市,房地(土地+建物)+車位,新竹市新竹市聖軍路１３２號七樓之５,18.2,商,,,1131226,土地1建物1車位1,七層,十四層,住宅大樓(11層含以上有電梯),住家用,鋼筋混凝土造,1040927,146.42000000000002,3,2,2,有,有,14600000,99713,坡道平面,31.52,0,鐵鋁窗增建陽台外推；其他增建；,RPOPMLOJKHKGFAO48DA,66.16,7.53,7.47,有,020
新竹市,房地(土地+建物),新竹市新竹市湳雅街１７６巷６弄６號三樓,35.0,住,,,1131208,土地2建物1車位0,三層,五層,公寓(5樓含以下無電梯),住家用,鋼筋混凝土造,0701229,112.05,5,0,5,有,無,8000000,71397,,0.0,0,陽台外推；,RPXNMLPJKHKGFAO66DA,95.69,0.0,16.36,無,021
新竹市,房地(土地+建物),新竹市新竹市榮濱南路１７８號,89.55,住,,,1131224,土地2建物1車位0,全,五層,透天厝,住商用,鋼筋混凝土造,1040310,250.61,5,2,4,有,無,22800000,90978,,0.0,0,其他增建；,RPSNMLQJKHKGFAO88DA,235.67,0.0,14.94,無,022
新竹市,土地,中央段1653地號,2.0,商,,,1131231,土地1建物0車位0,,,其他,,,,0.0,0,0,0,無,無,1182280,591140,,0.0,0,政府機關標讓售；,RPVOMLQJKHKGFAO66DA,0.0,0.0,0.0,無,
新竹市,房地(土地+建物),新竹市新竹市仁化街３２之３號,45.0,商,,,1131224,土地1建物1車位0,全,一層,透天厝,住家用,土造,,48.0,0,0,0,無,無,5440000,113333,,0.0,0,本案有拆分價款，新竹市仁化街32之3號價款新台幣200000元整，新竹市西門段一小段305地號價款新台幣5240000元整.交易價格包含其他買賣登記案件標的之價格。,RPXRMLQJKHKGFAO17DA,48.0,0.0,0.0,無,
新竹市,房地(土地+建物)+車位,新竹市新竹市建功二路２號四樓之１０,10.44,住,,,1131224,土地1建物1車位1,四層,六層,華廈(10層含以下有電梯),住家用,鋼筋混凝土造,0960929,55.269999999999996,1,1,1,有,有,11000000,199023,坡道平面,0.0,0,夾層；,RPUOMLRLKIJGFAO86DA,22.1,0.0,4.45,有,023
新竹市,房地(土地+建物),新竹市新竹市金竹路１７０巷３２號五樓,41.62,住,,,1131230,土地1建物1車位0,五層,五層,華廈(10層含以下有電梯),住家用,鋼筋混凝土造,1130716,127.84,3,2,2,有,無,16480000,128911,,0.0,0,預售屋、或土地及建物分件登記案件；,RPQNMLKKJHKGFAO08DA,68.43,0.0,6.71,有,
新竹市,車位,東光路９９號二樓等,0.0,,,,1131205,土地0建物1車位1,,,其他,,,,31.78,0,0,0,無,無,2150000,,坡道平面,31.78,2150000,建物坐落地號：東光段420地號；僅車位交易；,SPWNMLLLJHKGFAO98DA,0.0,0.0,0.0,有,024
新竹市,房地(土地+建物)+車位,新竹市新竹市東門街３４巷２６號十二樓,14.32,商,,,1131230,土地1建物1車位1,十二層,二十五層,住宅大樓(11層含以上有電梯),住家用,鋼筋混凝土造,1011015,183.59,3,2,2,有,有,29600000,161229,坡道平面,29.47,0,陽台外推；,RPRNMLQJKHKGFAO78DA,89.01,3.56,12.26,有,025
新竹市,土地,復興段409-4地號,99.99,住,,,1131224,土地79建物0車位0,,,其他,,,,0.0,0,0,0,無,無,10500000,105011,,0.0,0,包含公共設施保留地用地；,RPOTMLQJKHKGFAO09DA,0.0,0.0,0.0,無,026
新竹市,土地,南寮段203-1地號,377.98,都市：其他:道路用地,,,1131222,土地2建物0車位0,,,其他,,,,0.0,0,0,0,無,無,12000000,31748,,0.0,0,包含公共設施保留地用地；,RPPNMLQLKIJGFAO78DA,0.0,0.0,0.0,無,
新竹市,土地,香村段482地號,122.49,,山坡地保育區,農牧用地,1131223,土地3建物0車位0,,,其他,,,,0.0,0,0,0,無,無,400000,3266,,0.0,0,親友、員工、共有人或其他特殊關係間之交易；,RPRNMLRLKIJGFAO09DA,0.0,0.0,0.0,無,
新竹市,房地(土地+建物)+車位,新竹市新竹市新莊街１８５巷３８號六樓,29.82,住,,,1131222,土地1建物1車位1,六層,十一層,住宅大樓(11層含以上有電梯),住家用,鋼筋混凝土造,0990820,147.51,3,2,2,有,有,25000000,169480,坡道機械,13.19,0,,RPPNMLSLKIJGFAO98DA,88.19,2.11,8.84,有,
新竹市,土地,西濱段729地號,242.52,都市：其他:道路用地,,,1131223,土地2建物0車位0,,,其他,,,,0.0,0,0,0,無,無,8547243,35243,,0.0,0,包含公共設施保留地用地；,RPQOMLNJJHKGFAO38DA,0.0,0.0,0.0,無,027
新竹市,房地(土地+建物),新竹市新竹市大學路８１巷１７號２樓之１,9.17,住,,,1131222,土地1建物1車位0,二層,五層,華廈(10層含以下有電梯),住家用,鋼筋混凝土造,0821109,39.0,1,1,1,有,有,5300000,135897,,0.0,0,陽台加窗其他增建；,RPROMLSJJHKGFAO98DA,25.17,0.0,4.73,有,028
新竹市,房地(土地+建物),新竹市新竹市至善街３７巷１４號地下室,13.83,,山坡地保育區,丙種建築用地,1131217,土地2建物1車位0,地下一層,五層,公寓(5樓含以下無電梯),住家用,鋼筋混凝土造,0860707,29.33,1,0,1,有,有,1800000,61371,,0.0,0,陽台外推；,RPQNMLTJJHKGFAO88DA,18.01,0.0,3.4,無,
新竹市,房地(土地+建物)+車位,新竹市新竹市東大路二段６２２之７號七樓之５,24.35,,鄉村區,乙種建築用地,1131217,土地1建物1車位1,七層,十四層,住宅大樓(11層含以上有電梯),住家用,鋼筋混凝土造,1130625,119.75999999999999,2,2,1,有,有,18800000,156981,坡道平面,22.68,0,,RPSNMLPJKHKGFAO78DA,57.21,0.0,7.7,有,029
新竹市,土地,樹下段105-2地號,81.28,,特定農業區,甲種建築用地,1131227,土地1建物0車位0,,,其他,,,,0.0,0,0,0,無,無,2581656,31763,,0.0,0,未登記建物；,RPTOMLRJKHKGFAO56DA,0.0,0.0,0.0,無,
新竹市,土地,樹下段92地號,220.1,,特定農業區,甲種建築用地,1131227,土地1建物0車位0,,,其他,,,,0.0,0,0,0,無,無,19947600,90630,,0.0,0,未登記建物；,RPUOMLRJKHKGFAO66DA,0.0,0.0,0.0,無,
新竹市,房地(土地+建物),新竹市新竹市南大路８１號２樓之１,26.64,住,,,1131202,土地1建物1車位0,二層,七層,華廈(10層含以下有電梯),住家用,鋼筋混凝土造,,164.25,6,1,6,有,有,16000000,97412,,0.0,0,,RPQNMLKKKHKGFAO18DA,123.62,0.0,7.94,有,030
新竹市,房地(土地+建物)+車位,新竹市新竹市新莊街１８５巷１０６號三樓,17.43,住,,,1131231,土地2建物1車位1,三層,十五層,住宅大樓(11層含以上有電梯),住家用,鋼筋混凝土造,0980909,143.73,2,2,1,有,有,23300000,162110,坡道平面,25.24,0,陽台外推；其他增建；,RPSNMLKKKHKGFAO38DA,69.75,7.02,4.75,有,031
新竹市,房地(土地+建物),新竹市新竹市民生路２１１巷１３號３樓,29.76,住,,,1131231,土地1建物1車位0,三層,七層,華廈(10層含以下有電梯),住家用,鋼筋混凝土造,,120.64,4,2,2,有,有,13200000,109416,,0.0,0,,RPQNMLLKKHKGFAO28DA,99.08,0.0,0.0,有,032
新竹市,房地(土地+建物)+車位,新竹市新竹市天府路一段５６號七樓,24.82,住,,,1131203,土地1建物1車位1,七層,九層,華廈(10層含以下有電梯),住家用,鋼筋混凝土造,1080110,97.53999999999999,3,2,1,有,有,12500000,128153,坡道機械,10.07,0,鐵鋁窗增建。其他增建；,RPPOMLMKKHKGFAO38DA,49.18,8.01,3.0,有,033
新竹市,房地(土地+建物),新竹市新竹市中正路１０７號１０樓之４,8.04,商,,,1131219,土地2建物1車位0,十層,十一層,住宅大樓(11層含以上有電梯),商業用,鋼筋混凝土造,,71.35,2,1,1,有,有,7500000,105116,,0.0,0,,RPWNMLKLKIJGFAO88DA,54.12,0.0,0.0,有,034
新竹市,房地(土地+建物),新竹市新竹市北大路４６８號５樓之３,3.5,商,,,1131205,土地1建物1車位0,五層,十二層,住宅大樓(11層含以上有電梯),住家用,鋼筋混凝土造,0860217,41.47,1,1,1,有,有,4000000,96455,,0.0,0,陽台加窗其他增建；,RPUTNLOLJHKGFAO07DA,25.66,0.0,5.42,有,
新竹市,土地,和平段8地號,27.09,都市：其他:道路用地,,,1131226,土地1建物0車位0,,,其他,,,,0.0,0,0,0,無,無,2034047,75085,,0.0,0,包含公共設施保留地用地；,RPVOMLKKKHKGFAO78DA,0.0,0.0,0.0,無,035
新竹市,土地,和平段8-1地號,1.88,都市：其他:道路用地,,,1131226,土地1建物0車位0,,,其他,,,,0.0,0,0,0,無,無,146812,78091,,0.0,0,包含公共設施保留地用地；,RPWOMLKKKHKGFAO88DA,0.0,0.0,0.0,無,036
新竹市,土地,和平段945地號,5.34,都市：其他:道路用地,,,1131226,土地1建物0車位0,,,其他,,,,0.0,0,0,0,無,無,406023,76034,,0.0,0,包含公共設施保留地用地；,SPWOMLKKKHKGFAO98DA,0.0,0.0,0.0,無,
新竹市,房地(土地+建物),新竹市新竹市東大路一段５２巷２２號３樓,31.67,住,,,1131231,土地1建物1車位0,三層,五層,公寓(5樓含以下無電梯),住家用,鋼筋混凝土造,0700710,86.03,4,2,1,有,無,6300000,73230,,0.0,0,,RPPNMLLKKHKGFAO18DA,86.03,0.0,0.0,無,
新竹市,土地,北門段1944地號,0.43,都市：其他:道路用地,,,1131212,土地1建物0車位0,,,其他,,,,0.0,0,0,0,無,無,20795,0,,0.0,0,包含公共設施保留地用地；,RPTOMLLKKHKGFAO68DA,0.0,0.0,0.0,無,
新竹市,土地,北門段1945地號,2.19,住,,,1131212,土地1建物0車位0,,,其他,,,,0.0,0,0,0,無,無,662620,302566,,0.0,0,,RPSNMLMKKHKGFAO58DA,0.0,0.0,0.0,無,037
新竹市,土地,北門段1963地號,2.76,商,,,1131212,土地1建物0車位0,,,其他,,,,0.0,0,0,0,無,無,1336752,484330,,0.0,0,,SPSNMLMKKHKGFAO68DA,0.0,0.0,0.0,無,038
新竹市,土地,北門段1945地號,0.55,住,,,1131212,土地1建物0車位0,,,其他,,,,0.0,0,0,0,無,無,165660,0,,0.0,0,,RPTNMLMKKHKGFAO68DA,0.0,0.0,0.0,無,037
新竹市,土地,北門段1963地號,0.69,商,,,1131212,土地1建物0車位0,,,其他,,,,0.0,0,0,0,無,無,334192,0,,0.0,0,,SPTNMLMKKHKGFAO78DA,0.0,0.0,0.0,無,038
新竹市,土地,北門段1945地號,1.64,住,,,1131212,土地1建物0車位0,,,其他,,,,0.0,0,0,0,無,無,496970,303030,,0.0,0,,RPUNMLMKKHKGFAO78DA,0.0,0.0,0.0,無,037
新竹市,土地,北門段1963地號,2.07,商,,,1131212,土地1建物0車位0,,,其他,,,,0.0,0,0,0,無,無,1002576,484336,,0.0,0,,SPUNMLMKKHKGFAO88DA,0.0,0.0,0.0,無,038
新竹市,土地,北門段1945地號,2.19,住,,,1131212,土地1建物0車位0,,,其他,,,,0.0,0,0,0,無,無,662620,302566,,0.0,0,,RPVOMLMKKHKGFAO98DA,0.0,0.0,0.0,無,037
新竹市,土地,北門段1963地號,2.76,商,,,1131212,土地1建物0車位0,,,其他,,,,0.0,0,0,0,無,無,1336768,484336,,0.0,0,,SPVOMLMKKHKGFAO09DA,0.0,0.0,0.0,無,038
新竹市,房地(土地+建物),新竹市新竹市北新街１３１號四樓之１３,6.66,住,,,1131223,土地2建物1車位0,四層,十層,華廈(10層含以下有電梯),辦公用,鋼筋混凝土造,0980319,51.38,3,1,1,有,有,8350000,162515,,0.0,0,,RPROMLRJJHKGFAO88DA,27.51,1.75,3.3,有,
新竹市,房地(土地+建物),新竹市新竹市民主路８３號四樓之６,10.63,都市：其他:第二種住宅區,,,1131230,土地2建物1車位0,四層,五層,華廈(10層含以下有電梯),住家用,鋼筋混凝土造,0951022,38.0,1,1,1,有,有,3350000,88158,,0.0,0,,RPPPMLOJKHKGFAO58DA,21.58,0.65,2.73,有,
新竹市,土地,中寮段18-9地號,524.65,農,,,1131213,土地2建物0車位0,,,其他,,,,0.0,0,0,0,無,無,7935000,15124,,0.0,0,,RPVNMLPJKHKGFAO09DA,0.0,0.0,0.0,無,
新竹市,房地(土地+建物),新竹市新竹市金雅西街１２５號,125.41,,鄉村區,乙種建築用地,1131230,土地2建物1車位0,全,二層,透天厝,辦公用,鋼筋混凝土造,1121120,324.63,4,2,6,有,有,58800000,181129,,0.0,0,,RPQNMLQJKHKGFAO68DA,292.21,0.0,10.65,有,
新竹市,房地(土地+建物),新竹市新竹市中華路六段６４７巷１３６弄３５５號,104.84,,山坡地保育區,丙種建築用地,1131224,土地2建物1車位0,全,三層,透天厝,住家用,鋼筋混凝土造,0980430,178.11,3,1,5,有,有,11000000,61760,,0.0,0,親友、員工、共有人或其他特殊關係間之交易；,RPOOMLMKKHKGFAO28DA,165.08,4.8,8.22,無,045
新竹市,房地(土地+建物),新竹市新竹市中清路１８巷８８號,90.56,住,,,1131221,土地2建物1車位0,全,三層,透天厝,住家用,鋼筋混凝土造,0850407,231.65,4,2,3,有,無,14600000,63026,,0.0,0,頂樓陽台外推；其他增建；,RPRNMLNKKHKGFAO58DA,187.15,20.84,5.97,無,046
新竹市,房地(土地+建物),新竹市新竹市民主路７４巷３號,74.0,住,,,1131230,土地2建物1車位0,全,二層,透天厝,住家用,加強磚造,,107.56,0,0,0,無,無,21500000,199888,,0.0,0,,RPSNMLKKKHKGFAO48EA,107.56,0.0,0.0,無,047
新竹市,房地(土地+建物)+車位,新竹市新竹市忠孝路４４０號１０樓之２,14.44,商,,,1131206,土地2建物1車位1,十層,十二層,住宅大樓(11層含以上有電梯),住家用,鋼筋混凝土造,0861201,138.78,3,2,2,有,有,16600000,119614,升降機械,0.0,0,其他增建；,RPRNMLKMKIJGFAO48DA,95.13,0.0,12.84,有,
新竹市,房地(土地+建物),新竹市新竹市光復路一段５７６巷１６弄１１號三樓之１,16.53,住,,,1131226,土地2建物1車位0,三層,五層,華廈(10層含以下有電梯),住家用,鋼筋混凝土造,1101206,44.6,1,0,1,有,有,7650000,171525,,0.0,0,其他增建部分為增建鋁門窗其他增建；,RPWNMLKKKHKGFAO78DA,27.73,0.0,2.73,有,048
新竹市,房地(土地+建物),新竹市新竹市東大路一段２３２巷２０號二樓,32.58,住,,,1131217,土地1建物1車位0,二層,五層,公寓(5樓含以下無電梯),住家用,鋼筋混凝土造,,83.75,3,2,1,有,無,10000000,119403,,0.0,0,其他增建；,RPPNMLOKKHKGFAO48DA,76.86,0.0,0.0,無,049
新竹市,土地,和平段529地號,94.8,住,,,1131202,土地4建物0車位0,,,其他,,,,0.0,0,0,0,無,無,18000000,189873,,0.0,0,,RPQNMLKKKHKGFAO28EA,0.0,0.0,0.0,無,050
新竹市,房地(土地+建物),新竹市新竹市明湖路１２３１之２５號,165.05,,鄉村區,乙種建築用地,1131231,土地4建物1車位0,全,四層,透天厝,住家用,鋼筋混凝土造,,209.35,4,1,4,有,無,12300000,58753,,0.0,0,壹樓空地鐵皮加蓋增建其他增建；,RPQNMLMKKHKGFAO48EA,182.34,11.56,15.45,無,
新竹市,房地(土地+建物)+車位,新竹市新竹市中華路二段７３８之１號三樓,15.69,商,,,1131218,土地1建物1車位1,三層,十層,華廈(10層含以下有電梯),住家用,鋼筋混凝土造,1131105,161.41000000000003,3,2,2,有,有,16550000,102534,升降機械,25.2,0,,RPSNMLQLKIJGFAO09DA,77.14,0.0,8.37,有,
新竹市,房地(土地+建物)+車位,新竹市新竹市中華路二段７３８之３號四樓,15.31,商,,,1131222,土地1建物1車位1,四層,十層,華廈(10層含以下有電梯),住家用,鋼筋混凝土造,1131105,150.23,3,2,2,有,有,20020000,133262,升降機械,25.2,0,,RPTNMLQLKIJGFAO56DA,74.11,0.0,4.38,有,
新竹市,房地(土地+建物)+車位,新竹市新竹市中華路二段７３８之２號五樓,16.27,商,,,1131222,土地1建物1車位1,五層,十層,華廈(10層含以下有電梯),住家用,鋼筋混凝土造,1131105,157.05,3,2,2,有,有,16360000,104171,升降機械,25.2,0,,RPVNMLQLKIJGFAO76DA,78.53,0.0,4.24,有,
新竹市,房地(土地+建物),新竹市新竹市中華路六段６４７巷１３６弄３６號,108.99,,山坡地保育區,丙種建築用地,1131228,土地2建物1車位0,全,三層,透天厝,住家用,鋼筋混凝土造,1121208,171.17,3,3,3,有,有,17500000,102238,,0.0,0,,RPSOMLLLJHKGFAO58DA,155.98,0.0,15.19,無,
新竹市,房地(土地+建物)+車位,新竹市新竹市忠孝路１６５巷２５號６樓,21.55,住,,,1131106,土地1建物1車位1,六層,六層,華廈(10層含以下有電梯),住家用,鋼筋混凝土造,0840927,109.78,2,2,2,有,有,12450000,113409,坡道平面,0.0,0,,RPTNMLSJJIJGFAO09DA,64.11,0.0,8.56,有,
新竹市,房地(土地+建物),新竹市新竹市明湖路６４８巷１２２弄８６號,97.62,,山坡地保育區,丙種建築用地,1131103,土地1建物1車位0,全,三層,透天厝,住家用,鋼筋混凝土造,0850321,253.64000000000001,5,3,4,有,有,15880000,62611,,0.0,0,,RPSNMLNLJIJGFAO68DA,211.94,12.0,14.68,無,051
新竹市,房地(土地+建物),新竹市新竹市光華二街１５０巷３７弄５之２號,59.0,住,,,1131113,土地1建物1車位0,全,四層,透天厝,住家用,鋼筋混凝土造,1130910,198.93,5,2,5,有,無,23800000,119640,,0.0,0,土地買賣價款新台幣1071萬元整，建物買價款新台幣1309萬元整,RPOOMLMJKIJGFAO18DA,176.22,0.0,22.71,無,
新竹市,房地(土地+建物)+車位,新竹市新竹市學府路１０７號七樓,42.75,住,,,1131109,土地1建物1車位1,七層，見其他登記事項,七層,華廈(10層含以下有電梯),住家用,鋼筋混凝土造,1030310,176.61,4,2,3,有,有,30880000,174849,坡道平面,0.0,0,陽台外推；夾層；,RPRNMLNLJHKGFAO58DA,72.8,9.7,8.75,有,052
新竹市,房地(土地+建物)+車位,新竹市新竹市關新路２９號十一樓之３０,5.57,工,,,1131126,土地1建物1車位1,十一層,十三層,住宅大樓(11層含以上有電梯),辦公用,鋼筋混凝土造,0970911,65.12,1,1,1,有,有,12350000,189679,坡道平面,0.0,0,其他增建；,RPRNMLOLJHKGFAO68DA,22.9,0.0,1.5,有,053
新竹市,房地(土地+建物),新竹市新竹市高路１號７樓,19.36,住,,,1131130,土地2建物1車位0,七層,七層,華廈(10層含以下有電梯),住家用,鋼筋混凝土造,0850509,102.92999999999999,3,2,2,有,有,12200000,118527,,0.0,0,陽台外推；頂樓加蓋；其他增建；,RPROMLQJJHKGFAO78DA,61.93,0.0,11.09,有,054
新竹市,房地(土地+建物),新竹市新竹市北大路２４之２號,144.0,商,,,1131118,土地2建物1車位0,全,四層,透天厝,,鋼筋混凝土造,,571.42,2,3,5,有,無,53000000,92751,,0.0,0,包含公共設施保留地用地；,RPUSMLQJKHKGFAO96DA,571.42,0.0,0.0,有,055
新竹市,房地(土地+建物),新竹市新竹市柯湳一街８０巷９號,44.79,,山坡地保育區,丙種建築用地,1131105,土地2建物1車位0,一層,五層,公寓(5樓含以下無電梯),住家用,鋼筋混凝土造,0900515,58.160000000000004,3,0,3,有,有,3600000,61909,,0.0,0,,RPQQMLQJJIJGFAO88DA,47.43,0.0,4.84,無,056
新竹市,房地(土地+建物),新竹市新竹市光華二街１０８巷２６號３樓之１,14.41,住,,,1131113,土地4建物1車位0,三層,五層,華廈(10層含以下有電梯),住家用,鋼筋混凝土造,,52.32,2,1,1,有,有,5500000,105122,,0.0,0,,RPQNMLOKJIJGFAO48DA,33.4,0.0,7.3,有,
新竹市,土地,東濱段1163地號,44.66,住,,,1131115,土地1建物0車位0,,,其他,,,,0.0,0,0,0,無,無,1756236,39325,,0.0,0,依土地法第三十四條之一規定辦理未登記建物；,RPUSMLSKKIJGFAO27DA,0.0,0.0,0.0,無,057
新竹市,房地(土地+建物)+車位,新竹市新竹市尚濱路７２號十二樓之２,15.17,住,,,1131128,土地1建物1車位1,十二層,十三層,住宅大樓(11層含以上有電梯),住家用,鋼筋混凝土造,0961220,108.53999999999999,1,1,1,有,有,8900000,82005,坡道平面,0.0,0,陽台外推；,RPWOMLQJJHKGFAO66DA,45.81,4.75,7.75,有,058
新竹市,房地(土地+建物)+車位,新竹市新竹市高峰路１１０巷１９弄２２號二樓之５,39.35,住,,,1131107,土地3建物1車位1,二層,五層,華廈(10層含以下有電梯),住家用,鋼筋混凝土造,1130611,113.61,3,2,2,有,有,16000000,140833,升降機械,13.0,0,,RPQOMLKLJHKGFAO28DA,64.41,0.0,6.86,有,059
新竹市,房地(土地+建物)+車位,新竹市新竹市莊敬街１０８號六樓之６,24.62,住,,,1131110,土地2建物1車位1,六層,九層,華廈(10層含以下有電梯),辦公用,鋼筋混凝土造,1011016,120.25,3,2,2,有,有,13140000,109272,一樓平面,0.0,0,夾層；,RPOOMLPJKHKGFAO48DA,52.97,2.37,5.97,有,060
新竹市,房地(土地+建物)+車位,新竹市新竹市武陵路１７５巷１６號１０樓之１,20.65,住,,,1131118,土地1建物1車位1,十層,二十一層,住宅大樓(11層含以上有電梯),住家用,鋼筋混凝土造,0870623,155.14999999999998,3,2,2,有,有,15900000,102481,坡道平面,0.0,0,,RPTPMLSJKHKGFAO76DA,77.05,0.84,10.36,有,061
新竹市,房地(土地+建物),新竹市新竹市經國路二段１８５號五樓之２,8.09,商,,,1131123,土地1建物1車位0,五層,十一層,住宅大樓(11層含以上有電梯),住家用,鋼筋混凝土造,0971108,70.50999999999999,1,1,1,有,有,5000000,70912,,0.0,0,親友、員工、共有人或其他特殊關係間之交易；,RPVNMLKKKHKGFAO68DA,43.68,1.37,3.56,有,
新竹市,房地(土地+建物)+車位,新竹市新竹市慈雲路８５號七樓之６,11.42,商,,,1131130,土地1建物1車位1,七層,二十七層,住宅大樓(11層含以上有電梯),住家用,鋼筋混凝土造,1041208,154.67000000000002,2,2,2,有,有,26000000,168100,坡道平面,33.07,0,,RPSOMLKKKHKGFAO48DA,70.4,1.65,10.64,有,062
新竹市,房地(土地+建物),新竹市新竹市南大路５７５巷５弄５號,30.08,住,,,1131120,土地1建物1車位0,一層,五層,華廈(10層含以下有電梯),住家用,鋼筋混凝土造,,105.03,3,2,2,有,無,10100000,96163,,0.0,0,陽台外推；,RPUOMLTJKIJGFAO86DA,70.96,14.58,0.0,有,063
新竹市,房地(土地+建物),新竹市新竹市田美三街２２巷２９號６樓,24.38,住,,,1131112,土地1建物1車位0,六層,七層,華廈(10層含以下有電梯),住家用,鋼筋混凝土造,0821111,124.84,3,2,2,有,有,12000000,96123,,0.0,0,,RPTNMLQLJIJGFAO09DA,85.58,0.0,10.55,有,
新竹市,房地(土地+建物),新竹市新竹市光華二街１５０巷３７弄５之１號,80.0,住,,,1131111,土地2建物1車位0,全,四層,透天厝,住家用,鋼筋混凝土造,1130910,209.34,5,2,5,有,無,24800000,118468,,0.0,0,土地買賣價款新台幣1116萬元整，建物買賣價款新台幣1364萬元整,RPPOMLMJKIJGFAO28DA,186.24,0.0,23.1,無,
新竹市,房地(土地+建物)+車位,新竹市新竹市牛埔路１３１號五樓,11.66,住,,,1131126,土地1建物1車位1,五層,十五層,住宅大樓(11層含以上有電梯),住家用,鋼筋混凝土造,0970131,104.06,1,1,1,有,有,12600000,121084,坡道平面,32.72,0,,RPWOMLLLJHKGFAO98DA,48.34,0.93,2.56,有,064
新竹市,房地(土地+建物),新竹市新竹市明湖路３０９巷３９號,96.68,住,,,1131105,土地1建物1車位0,全,四層,透天厝,住家用,鋼筋混凝土造,0970315,230.2,5,2,5,有,無,25200000,109470,,0.0,0,其他增建；,RPURMLQJKHKGFAO86DA,185.92,0.0,44.28,無,
新竹市,房地(土地+建物),新竹市新竹市新香街３５６巷２弄１０６號,142.5,,山坡地保育區,丙種建築用地,1131118,土地9建物1車位0,全,三層,透天厝,住家用,鋼筋混凝土造,0840722,162.78,4,2,2,有,有,14000000,86006,,0.0,0,,RPUNMLLKKHKGFAO68DA,157.93,0.0,4.85,無,
新竹市,房地(土地+建物),新竹市新竹市至善街３１巷１１號四樓,16.04,,山坡地保育區,丙種建築用地,1131118,土地2建物1車位0,四層,四層,公寓(5樓含以下無電梯),住家用,鋼筋混凝土造,0870318,32.58,1,1,1,有,有,1550000,47575,,0.0,0,陽台外推；,RPUOMLLKKHKGFAO78DA,22.32,0.0,2.7,無,
新竹市,房地(土地+建物)+車位,新竹市新竹市慈雲路１１８號十樓之３,13.76,商,,,1131123,土地1建物1車位1,十層,三十層,住宅大樓(11層含以上有電梯),辦公用,鋼筋混凝土造,1051004,164.14,0,0,0,無,有,23000000,140124,坡道機械,0.0,0,,RPQOMLMKKHKGFAO48DA,84.34,0.0,0.0,有,065
新竹市,房地(土地+建物),新竹市新竹市西大路１４６號,97.0,商,,,1131111,土地3建物1車位0,全,四層,透天厝,住商用,鋼筋混凝土造,0811216,299.58,4,3,5,有,無,35000000,116830,,0.0,0,,RPQOMLQJKIJGFAO78DA,283.3,8.18,8.1,無,
新竹市,土地,和平段529地號,94.8,住,,,1131118,土地4建物0車位0,,,其他,,,,0.0,0,0,0,無,無,18000000,189873,,0.0,0,,RPPNMLKKKHKGFAO18EA,0.0,0.0,0.0,無,050
新竹市,房地(土地+建物),新竹市新竹市東大路一段３９巷３３號二樓之１８,8.79,住,,,1131120,土地1建物1車位0,二層,九層,華廈(10層含以下有電梯),辦公用,鋼筋混凝土造,0970701,37.69,1,1,1,有,有,7500000,198992,,0.0,0,夾層；,RPQNMLRKKHKGFAO88DA,22.71,0.0,1.67,有,
新竹市,土地,南華段610地號,119.31,住,,,1131030,土地1建物0車位0,,,其他,,,,0.0,0,0,0,無,無,12700000,106445,,0.0,0,,RPPPMLMKJIJGFAO38DA,0.0,0.0,0.0,無,
新竹市,房地(土地+建物),新竹市新竹市東大路二段１７３巷２弄８號５樓,25.55,住,,,1131030,土地2建物1車位0,五層,六層,華廈(10層含以下有電梯),住家用,鋼筋混凝土造,,78.0,3,2,2,有,有,4965000,63654,,0.0,0,本案依土地法第34條之1規定辦理,RPOOMLMJJHKGFAO08DA,78.0,0.0,0.0,有,
新竹市,房地(土地+建物)+車位,新竹市新竹市西濱路一段４３７號九樓之３,17.05,住,,,1131019,土地1建物1車位1,九層,十五層,住宅大樓(11層含以上有電梯),住家用,鋼筋混凝土造,1130129,102.47,2,1,2,有,有,12060000,117693,坡道機械,22.73,0,,RPXOMLOLIIJGFAO66DA,51.88,0.0,3.8,有,067
新竹市,房地(土地+建物),新竹市新竹市竹光路１３７號六樓之２,10.86,,,,1131027,土地1建物1車位0,六層,十四層,住宅大樓(11層含以上有電梯),住家用,鋼筋混凝土造,0941128,114.83,2,2,2,有,有,12150000,105809,,0.0,0,陽台外推；,RPSNMLPJJIJGFAO68DA,78.89,0.0,12.3,有,
新竹市,房地(土地+建物),新竹市新竹市光復路一段４７６巷２４號１１樓,11.14,住,,,1131002,土地4建物1車位0,十一層,十三層,住宅大樓(11層含以上有電梯),住家用,鋼筋混凝土造,0840925,77.69,3,2,1,有,有,11400000,146737,,0.0,0,,RPQNMLOLKIJGFAO68DA,57.32,0.0,7.29,有,
新竹市,土地,水源段1082地號,370.53,,特定農業區,農牧用地,1131024,土地2建物0車位0,,,其他,,,,0.0,0,0,0,無,無,20730000,55947,,0.0,0,,RPTOMLTLIIJGFAO76DA,0.0,0.0,0.0,無,068
新竹市,房地(土地+建物)+車位,新竹市新竹市三民路８７號十四樓之２,14.33,住,,,1131027,土地2建物1車位1,十四層,二十四層,住宅大樓(11層含以上有電梯),住家用,鋼筋混凝土造,0970720,245.29000000000002,4,2,3,有,有,34680000,141384,坡道平面,0.0,0,陽台加窗陽台外推；其他增建；,RPWNMLSJKHKGFAO86DA,135.38,0.0,23.39,有,
新竹市,土地,水源段1082地號,59.84,,特定農業區,農牧用地,1131024,土地5建物0車位0,,,其他,,,,0.0,0,0,0,無,無,3070000,51303,,0.0,0,,RPPOMLMJJHKGFAO18DA,0.0,0.0,0.0,無,069
新竹市,房地(土地+建物),新竹市新竹市天府路二段１９８號,63.65,住,,,1131007,土地3建物1車位0,全,四層,透天厝,住商用,鋼筋混凝土造,0921110,208.11,4,2,4,有,無,15840000,76114,,0.0,0,交易價格包含其他買賣登記案件標的之價格。其他增建；,RPRNMLPJKHKGFAO68DA,193.26,14.85,0.0,無,070
新竹市,房地(土地+建物),新竹市新竹市港南二街９１號,131.33,,鄉村區,乙種建築用地,1131012,土地1建物1車位0,全,四層,透天厝,住家用,鋼筋混凝土造,1130704,287.23,5,2,6,有,無,31500000,109668,,0.0,0,,RPRPMLKKKHKGFAO48DA,276.1,0.0,11.13,有,
新竹市,土地,信義段375-10地號,44.0,住,,,1131025,土地1建物0車位0,,,其他,,,,0.0,0,0,0,無,無,5860000,133182,,0.0,0,,RPSOMLTLIIJGFAO66DA,0.0,0.0,0.0,無,
新竹市,土地,信義段753-5地號,136.0,住,,,1131029,土地1建物0車位0,,,其他,,,,0.0,0,0,0,無,無,18060000,132794,,0.0,0,,RPXOMLMKKHKGFAO56DA,0.0,0.0,0.0,無,
新竹市,房地(土地+建物),新竹市新竹市學府路９０號,4.84,住,,,1131001,土地3建物1車位0,一層，騎樓,七層,華廈(10層含以下有電梯),其他,鋼筋混凝土造,0800909,31.48,0,0,0,無,無,9400000,298602,,0.0,0,其他增建；含租約；,RPPOMLKKKHKGFAO18DA,20.67,2.1,0.0,有,
新竹市,房地(土地+建物),新竹市新竹市北新街１１７號二樓之１１,7.3,住,,,1131018,土地1建物1車位0,二層,十層,華廈(10層含以下有電梯),辦公用,鋼筋混凝土造,0971230,42.91,2,1,1,有,有,7300000,170124,,0.0,0,夾層；,RPPNMLNKKHKGFAO38DA,24.73,1.65,0.0,有,071
新竹市,房地(土地+建物),新竹市新竹市仁愛街２４號２樓,43.89,都市：其他:第二種住宅區,,,1131013,土地3建物1車位0,二層,五層,公寓(5樓含以下無電梯),住家用,鋼筋混凝土造,0710119,83.82,5,2,2,有,無,12880000,153663,,0.0,0,其他增建部分為一樓增建沿著加蓋其他增建；,RPVOMLNKKHKGFAO09DA,83.82,0.0,0.0,無,
新竹市,房地(土地+建物)+車位,新竹市新竹市龍山東路３５號二十一樓,10.38,商,,,1130909,土地2建物1車位1,二十一層,二十三層,住宅大樓(11層含以上有電梯),住家用,鋼筋混凝土造,1050501,130.9,2,2,1,有,有,21780000,166387,坡道平面,26.22,0,,RPSNMLRJJHKGFAO88DA,65.28,0.0,5.74,有,072
新竹市,房地(土地+建物),新竹市新竹市成功路６５巷２４號２樓之１０,10.25,住,,,1130929,土地2建物1車位0,二層,五層,華廈(10層含以下有電梯),住家用,鋼筋混凝土造,0850729,42.85,1,1,1,有,有,4360000,101750,,0.0,0,,RPWRMLQJKHKGFAO07DA,24.55,0.0,3.37,有,
新竹市,土地,唐高段834-15地號,31.0,都市：其他:道路用地,,,1130919,土地2建物0車位0,,,其他,,,,0.0,0,0,0,無,無,700000,22581,,0.0,0,畸零地或有合併使用效益；包含公共設施保留地用地；,RPSOMLPJKHKGFAO88DA,0.0,0.0,0.0,無,
新竹市,房地(土地+建物),新竹市新竹市東大路一段５２巷３之１號７樓,13.7,住,,,1130908,土地1建物1車位0,七層,十二層,住宅大樓(11層含以上有電梯),住家用,鋼筋混凝土造,0850830,103.3,3,2,2,有,有,10000000,96805,,0.0,0,,RPROMLTJRHJGFAO17DA,63.33,0.0,15.19,有,073
新竹市,房地(土地+建物),新竹市新竹市文雅街１１８巷３８號４樓,43.25,住,,,1130922,土地2建物1車位0,四層,五層,公寓(5樓含以下無電梯),住家用,鋼筋混凝土造,,121.86,3,2,2,有,有,9330000,76563,,0.0,0,其他增建；,RPVNMLQKJHKGFAO56DA,109.19,0.0,0.0,無,
新竹市,房地(土地+建物),新竹市新竹市八德路９巷１１號,134.0,都市：其他:住商混合區,,,1130928,土地1建物1車位0,全,四層,透天厝,住工用,鋼筋混凝土造,0840616,361.15,5,4,4,有,無,28250000,78222,,0.0,0,其他增建；,RPXNMLNLJHKGFAO56DA,328.13,19.36,13.66,有,
新竹市,土地,崙子段1903-3地號,88.52,,鄉村區,乙種建築用地,1130829,土地4建物0車位0,,,其他,,,,0.0,0,0,0,無,無,3283500,37093,,0.0,0,交易價格包含其他買賣登記案件標的價格。親友、員工、共有人或其他特殊關係間之交易；未登記建物；,RPOOMLTLQHJGFAO96DA,0.0,0.0,0.0,無,
新竹市,房地(土地+建物),新竹市新竹市東大路四段２７７巷１６號２樓,51.59,住,,,1130822,土地2建物1車位0,二層,四層,公寓(5樓含以下無電梯),住家用,鋼筋混凝土造,,74.51,3,2,1,有,無,3000000,40263,,0.0,0,,RPVOMLRJKHKGFAO76DA,74.51,0.0,0.0,無,
新竹市,房地(土地+建物),新竹市新竹市明湖路１００６巷１３６弄１１號,80.85,,山坡地保育區,丙種建築用地,1130706,土地1建物1車位0,全,二層,透天厝,住家用,加強磚造,0711028,116.0,4,2,2,有,無,8750000,75431,,0.0,0,其他增建；,RPSNMLOLKIJGFAO88DA,106.86,7.14,2.0,無,074
新竹市,房地(土地+建物),新竹市新竹市中正路１９８巷５號,139.0,住,,,1130222,土地2建物1車位0,全,二層,透天厝,住家用,加強磚造,,152.98,6,3,3,有,無,43318032,283161,,0.0,0,,RPQONLOKJHKGFAO68DA,152.98,0.0,0.0,無,
新竹市,土地,東光段43地號,477.0,商,,,1130104,土地1建物0車位0,,,其他,,,,0.0,0,0,0,無,無,146306693,306723,,0.0,0,,RPXNMLMKKHKGFAO09DA,0.0,0.0,0.0,無,
新竹市,房地(土地+建物)+車位,新竹市新竹市光華街５２巷３號二樓,60.5,住,,,1120403,土地1建物1車位1,二層,五層,華廈(10層含以下有電梯),住家用,鋼筋混凝土造,1131030,200.94,4,2,2,有,無,27300000,138319,坡道平面,18.03,2000000,預售屋、或土地及建物分件登記案件；,RPOOMLQKJHKGFAO58DA,122.51,0.0,13.27,有,
新竹市,房地(土地+建物)+車位,新竹市新竹市光華街５２巷３號三樓,60.5,住,,,1110910,土地1建物1車位1,三層,五層,華廈(10層含以下有電梯),住家用,鋼筋混凝土造,1131030,204.55,4,2,2,有,無,26650000,132032,坡道平面,21.64,2500000,預售屋、或土地及建物分件登記案件；,RPPOMLQKJHKGFAO68DA,122.51,0.0,13.27,有,
新竹市,房地(土地+建物)+車位,新竹市新竹市中華路二段８９號六樓之３,14.81,商,,,1110408,土地2建物1車位1,六層,十五層,住宅大樓(11層含以上有電梯),住家用,鋼筋混凝土造,1131024,157.74,3,2,2,有,有,18770000,132841,坡道平面,34.51,2400000,預售屋、或土地及建物分件登記案件；,RPQPMLMJJHKGFAO38DA,71.36,0.0,10.1,有,
新竹市,房地(土地+建物)+車位,新竹市新竹市中華路二段８９號九樓之５,14.81,商,,,1110408,土地2建物1車位1,九層,十五層,住宅大樓(11層含以上有電梯),住家用,鋼筋混凝土造,1131024,157.35,3,2,2,有,有,18690000,132612,坡道平面,34.51,2400000,預售屋、或土地及建物分件登記案件；,RPRPMLMJJHKGFAO48DA,70.86,0.0,10.21,有,
新竹市,房地(土地+建物)+車位,新竹市新竹市中華路二段８９號三樓之１,16.23,商,,,1110120,土地2建物1車位1,三層,十五層,住宅大樓(11層含以上有電梯),住家用,鋼筋混凝土造,1131024,165.51999999999998,3,2,2,有,有,16710000,111235,坡道平面,31.48,1800000,預售屋、或土地及建物分件登記案件；,RPQOMLMJJHKGFAO28DA,78.3,0.0,10.34,有,
新竹市,房地(土地+建物)+車位,新竹市新竹市中華路二段８９號十五樓之１,16.23,商,,,1110119,土地2建物1車位1,十五層,十五層,住宅大樓(11層含以上有電梯),住家用,鋼筋混凝土造,1131024,162.49,3,2,2,有,有,18340000,124888,坡道平面,28.45,1600000,換約日期1120417  換約價格1834萬元預售屋、或土地及建物分件登記案件；,RPTOMLMJJHKGFAO58DA,78.3,0.0,10.34,有,
新竹市,房地(土地+建物)+車位,新竹市新竹市中華路二段８９號三樓之３,14.81,商,,,1110120,土地2建物1車位1,三層,十五層,住宅大樓(11層含以上有電梯),住家用,鋼筋混凝土造,1131024,151.68,3,2,2,有,有,15650000,112391,坡道平面,28.45,1800000,換約日1130202  換約價格  1930  萬元預售屋、或土地及建物分件登記案件；,RPPPMLMJJHKGFAO28DA,71.36,0.0,10.1,有,
新竹市,房地(土地+建物)+車位,新竹市新竹市東光路１０１號二樓,46.37,商,,,1100918,土地1建物1車位1,二層,十八層,住宅大樓(11層含以上有電梯),住家用,鋼筋混凝土造,1131127,308.58,4,2,2,有,無,39450000,134754,坡道平面,31.78,2150000,管理組織:目前無將來會成立 東光段4503建號持分2048/100000預售屋、或土地及建物分件登記案件；,RPWNMLLLJHKGFAO88DA,166.16,0.0,14.29,有,
新竹市,房地(土地+建物)+車位,新竹市新竹市東光路１０１號十一樓,46.37,商,,,1100506,土地1建物1車位2,十一層,十八層,住宅大樓(11層含以上有電梯),住家用,鋼筋混凝土造,1131127,340.36,4,2,2,有,無,41530000,134863,坡道平面,63.56,4200000,管理組織:目前無將來會成立預售屋、或土地及建物分件登記案件；,RPXNMLLLJHKGFAO98DA,166.16,0.0,14.29,有,
