﻿編號,土地位置,土地移轉面積平方公尺,使用分區或編定,權利人持分分母,權利人持分分子,移轉情形,地號
The serial number, land position,land shifting area square meter,the use zoning or compiles and checks,,,,land parcel
RPSPMLSJKHKGFAO66DA,港北段,52.96,都市：其他:第一之一種住宅區,120960,7560,持分移轉,00010000
RPSPMLSJKHKGFAO66DA,港北段,46.05,都市：其他:第一之一種住宅區,120960,7560,持分移轉,00040000
RPSPMLSJKHKGFAO66DA,港北段,33.54,都市：其他:第一之一種住宅區,120960,7560,持分移轉,00050000
RPSPMLSJKHKGFAO66DA,港北段,31.04,都市：其他:第一之一種住宅區,120960,7560,持分移轉,00070000
SPWOMLLKKHKGFAO09DA,竹蓮段,1.91,都市：其他:道路用地,132000,195,持分移轉,21110001
RPOPMLKKKHKGFAO18DA,和平段,27.00,都市：其他:第二種住宅區,3,1,持分移轉,08420000
RPXOMLKKKHKGFAO98DA,和平段,27.00,都市：其他:第二種住宅區,3,1,持分移轉,08420000
RPWPMLLKKHKGFAO09DA,仁愛段,2.37,都市：其他:乙種工業區,98,8,持分移轉,08540000
RPWOMLLKKHKGFAO98DA,竹蓮段,32.65,都市：其他:道路用地,132000,3331,持分移轉,21110001
RPXOMLLKKHKGFAO09DA,聚吉段,8.00,都市：其他:道路用地,1,1,全筆移轉,00560043
RPVOMLLKKHKGFAO88DA,和平段,1.72,都市：其他:第一種住宅區,100000,60,持分移轉,05000000
SPXOMLLKKHKGFAO56DA,大學段,54.65,都市：其他:道路用地,100000,17550,持分移轉,03490000
RPPNMLNJKHKGFAO28DA,金雅段,46.10,非都市：鄉村區 ; 非都市編定：乙種建築用地,13305,4610,持分移轉,00340000
RPPNMLRJKHKGFAO68DA,光武段,34.62,都市：其他:第一種住宅區,10000,28,持分移轉,12400000
RPUOMLQJKHKGFAO56DA,香中段,9.41,都市：其他:第一種住宅區,1,1,全筆移轉,05720004
RPTQMLRJKHKGFAO76DA,光鎮段,4.73,都市：其他:道路用地,8,4,持分移轉,07150002
RPRPMLRJKHKGFAO09DA,光鎮段,.55,都市：其他:道路用地,10,2,持分移轉,07150003
RPOPMLSJKHKGFAO88DA,自由段,21.24,都市：其他:第一種住宅區,100000,210,持分移轉,00020000
RPOPMLSJKHKGFAO88DA,自由段,.01,都市：其他:園道用地,100000,210,持分移轉,00020015
RPPNMLLMJHKGFAO28DA,民富段,.35,都市：其他:第二種住宅區,1890,667,持分移轉,21240000
RPPNMLLMJHKGFAO28DA,民富段,15.88,都市：其他:道路用地,1890,667,持分移轉,21250002
RPPNMLLMJHKGFAO28DA,民富段,6.00,都市：其他:第二種住宅區,1890,667,持分移轉,21260000
RPWOMLMLJHKGFAO09DA,民主段一小段,30.73,都市：其他:第二種商業區,38500,3073,持分移轉,00500000
RPXNMLOKKHKGFAO66DA,中興段,35.50,都市：其他:第一種住宅區,2,1,持分移轉,02880041
RPTNMLNLJHKGFAO78DA,東山段一小段,26.60,都市：其他:第二種商業區,100000,1201,持分移轉,02100009
RPPNMLKKKHKGFAO08DA,成德段,8.94,都市：其他:第二種住宅區,1,1,全筆移轉,00010031
RPXOMLRJKHKGFAO96DA,古峰段,124.46,都市：其他:道路用地,100000,30000,持分移轉,06880000
RPPPMLRJKHKGFAO88DA,福林段,173.77,都市：其他:道路用地,1000,323,持分移轉,03780001
RPUOMLKKKHKGFAO68DA,復興段,6.29,都市：其他:商務專用區,6,1,持分移轉,02300001
RPVNMLOKKHKGFAO09DA,中興段,35.50,都市：其他:第一種住宅區,2,1,持分移轉,02880041
RPTOMLKKKHKGFAO58DA,唐高段,8.00,都市：其他:第一種住宅區,1,1,全筆移轉,07140004
RPUOMLOJKHKGFAO98DA,舊社段,129.00,都市：其他:道路用地,1,1,全筆移轉,00110003
RPUOMLOJKHKGFAO98DA,聚吉段,.46,都市：其他:道路用地,1860,57,持分移轉,00490052
RPUOMLOJKHKGFAO98DA,聚吉段,.46,都市：其他:道路用地,1860,57,持分移轉,00490053
RPUOMLOJKHKGFAO98DA,福林段,18.00,都市：其他:第一種住宅區,1,1,全筆移轉,04190001
RPUOMLOJKHKGFAO98DA,東山段一小段,88.89,都市：其他:道路用地,63,28,持分移轉,04200000
RPUOMLOJKHKGFAO98DA,東山段一小段,45.78,,63,28,持分移轉,04200001
RPUOMLOJKHKGFAO98DA,崙子段,38.00,都市：其他:道路用地,1,1,全筆移轉,05270001
RPUOMLOJKHKGFAO98DA,光鎮段,51.39,都市：其他:道路用地,2,1,持分移轉,07150000
RPUOMLOJKHKGFAO98DA,新興段,22.20,都市：其他:道路用地,20,3,持分移轉,17990002
RPTOMLPJKHKGFAO98DA,茄苳段,3.03,非都市：山坡地保育區 ; 非都市編定：丙種建築用地,398,1,持分移轉,02190000
RPTOMLPJKHKGFAO98DA,茄苳段,11.67,非都市：山坡地保育區 ; 非都市編定：丙種建築用地,10000,26,持分移轉,02400000
RPXNMLKKJHKGFAO78DA,北門段,1.27,都市：其他:第一種住宅區,10000,190,持分移轉,08300009
RPXNMLKKJHKGFAO78DA,北門段,30.23,都市：其他:第一種住宅區,10000,190,持分移轉,08330000
RPWOMLOKKHKGFAO66DA,民主段一小段,17.40,都市：其他:第二種住宅區,5,1,持分移轉,00060000
RPXSNLOLJHKGFAO27DA,西濱段,45.34,都市：其他:第一之一種住宅區,32,1,持分移轉,04370000
RPTNMLNJJHKGFAO58DA,光復段,4.15,都市：其他:第一種住宅區,10000,109,持分移轉,09960000
RPSOMLKKJHKGFAO38DA,康朗段,20.55,都市：其他:道路用地兼供河川使用,1,1,全筆移轉,05340000
RPSOMLKKJHKGFAO38DA,康朗段,586.71,都市：其他:道路用地,1,1,全筆移轉,05340002
RPSOMLKKJHKGFAO38DA,康朗段,156.66,都市：其他:道路用地,1,1,全筆移轉,05650000
RPPNMLSJKHKGFAO88EA,福林段,16.00,非都市：特定農業區 ; 非都市編定：甲種建築用地,1,1,全筆移轉,09760001
RPQNMLOKKHKGFAO68EA,海山段,28.38,都市：其他:道路用地,1,1,全筆移轉,06150002
RPQNMLOKKHKGFAO68EA,海山段,1485.09,非都市：山坡地保育區 ; 非都市編定：農牧用地,1,1,全筆移轉,06150003
RPQNMLQJKHKGFAO78EA,成功段,11.63,都市：其他:第二種住宅區,100000,90,持分移轉,00260000
RPRNMLQJKHKGFAO88EA,成功段,2.59,都市：其他:第二種住宅區,100000,20,持分移轉,00260000
RPPNMLRJKHKGFAO78EA,青山段,66.67,非都市：山坡地保育區 ; 非都市編定：交通用地,1,1,全筆移轉,04080002
RPPNMLQJKHKGFAO68EA,東山段二小段,188.00,都市：其他:公園用地,1,1,全筆移轉,04430000
RPQNMLQJKHKGFAO78EA,大學段,.14,都市：其他:第二種住宅區,100000,90,持分移轉,04950000
RPPNMLOKKHKGFAO58EA,士林段,10.02,非都市：鄉村區 ; 非都市編定：乙種建築用地,1,1,全筆移轉,00360001
RPPNMLQJKHKGFAO68EA,東山段二小段,9.38,都市：其他:道路用地,1000,140,持分移轉,04480000
RPRNMLQJKHKGFAO88EA,大學段,.03,都市：其他:第二種住宅區,100000,20,持分移轉,04950000
RPPNMLQJKHKGFAO68EA,東山段二小段,35.28,都市：其他:道路用地,1000,140,持分移轉,04480001
RPVOMLQJKHKGFAO66DA,中央段,2.00,都市：其他:第二種商業區,1,1,全筆移轉,16530000
RPVNMLNJKHKGFAO88DA,民富段,8.00,都市：其他:第二種住宅區,10,1,持分移轉,14220002
RPVNMLNJKHKGFAO88DA,民富段,12.50,都市：其他:第二種住宅區,10,1,持分移轉,14430000
RPVNMLNJKHKGFAO88DA,民富段,.90,都市：其他:第二種住宅區,10,1,持分移轉,14440000
RPVNMLNJKHKGFAO88DA,民富段,8.50,都市：其他:第二種住宅區,10,1,持分移轉,14450000
RPVNMLNJKHKGFAO88DA,民富段,2.50,都市：其他:第二種住宅區,10,1,持分移轉,14480001
RPVNMLNJKHKGFAO88DA,民富段,.10,都市：其他:第二種住宅區,10,1,持分移轉,14480004
RPXRMLQJKHKGFAO17DA,西門段一小段,45.00,都市：其他:第二種商業區,1,1,全筆移轉,03050000
RPOPMLOJKHKGFAO48DA,新港段,18.20,都市：其他:第一之一種商業區,100000,1841,持分移轉,06440000
RPXNMLPJKHKGFAO66DA,自由段,17.80,都市：其他:第一種住宅區,5,1,持分移轉,05370000
RPXNMLPJKHKGFAO66DA,自由段,17.20,都市：其他:第一種住宅區,5,1,持分移轉,05380000
RPQPMLPKJHKGFAO78DA,民富段,60.00,都市：其他:第一種住宅區,1,1,全筆移轉,05790000
RPOTMLQJKHKGFAO09DA,復興段,.72,都市：其他:商務專用區,648,1,持分移轉,01830001
RPOTMLQJKHKGFAO09DA,復興段,6.04,都市：其他:公園用地,216,1,持分移轉,02000000
RPOTMLQJKHKGFAO09DA,復興段,.57,都市：其他:公園用地,216,1,持分移轉,02000001
RPOTMLQJKHKGFAO09DA,復興段,.06,都市：其他:商務專用區,648,1,持分移轉,02300001
RPOTMLQJKHKGFAO09DA,復興段,.01,都市：其他:商務專用區,648,1,持分移轉,02300004
RPOTMLQJKHKGFAO09DA,復興段,.06,都市：其他:人行步道用地,648,1,持分移轉,02480000
RPOTMLQJKHKGFAO09DA,復興段,.12,都市：其他:人行步道用地,648,1,持分移轉,02480001
RPOTMLQJKHKGFAO09DA,復興段,.01,都市：其他:人行步道用地,648,1,持分移轉,02490000
RPOTMLQJKHKGFAO09DA,復興段,1.80,都市：其他:公園用地,648,1,持分移轉,03930000
RPOTMLQJKHKGFAO09DA,復興段,.25,都市：其他:道路用地,648,1,持分移轉,03930001
RPOTMLQJKHKGFAO09DA,復興段,.04,都市：其他:綠地用地,648,1,持分移轉,03950000
RPOTMLQJKHKGFAO09DA,復興段,.04,都市：其他:公園用地,648,1,持分移轉,03950001
RPOTMLQJKHKGFAO09DA,復興段,1.09,都市：其他:道路用地,648,1,持分移轉,03980000
RPOTMLQJKHKGFAO09DA,復興段,.27,都市：其他:綠地用地,648,1,持分移轉,03980001
RPOTMLQJKHKGFAO09DA,復興段,.08,都市：其他:第一種住宅區,648,1,持分移轉,03980002
RPOTMLQJKHKGFAO09DA,復興段,.02,都市：其他:第一種住宅區,648,1,持分移轉,03980003
RPOTMLQJKHKGFAO09DA,復興段,.01,都市：其他:公園用地,648,1,持分移轉,03980004
RPOTMLQJKHKGFAO09DA,復興段,.00,都市：其他:道路用地,648,1,持分移轉,03990000
RPOTMLQJKHKGFAO09DA,復興段,.00,都市：其他:第一種住宅區,648,1,持分移轉,03990001
RPOTMLQJKHKGFAO09DA,復興段,.06,都市：其他:道路用地,648,1,持分移轉,04060000
RPOTMLQJKHKGFAO09DA,復興段,.00,都市：其他:公園用地,648,1,持分移轉,04060001
RPOTMLQJKHKGFAO09DA,復興段,7.15,都市：其他:公園用地,648,1,持分移轉,04090000
RPOTMLQJKHKGFAO09DA,復興段,.71,都市：其他:商務專用區,648,1,持分移轉,04090001
RPOTMLQJKHKGFAO09DA,復興段,.17,都市：其他:商務專用區,648,1,持分移轉,04090002
RPOTMLQJKHKGFAO09DA,復興段,15.97,都市：其他:商務專用區,648,1,持分移轉,04090004
RPOTMLQJKHKGFAO09DA,復興段,4.16,都市：其他:道路用地,648,1,持分移轉,04090005
RPOTMLQJKHKGFAO09DA,復興段,4.08,都市：其他:交通用地,648,1,持分移轉,04090006
RPOTMLQJKHKGFAO09DA,復興段,2.68,都市：其他:商務專用區,648,1,持分移轉,04090009
RPOTMLQJKHKGFAO09DA,復興段,1.02,都市：其他:商務專用區,648,1,持分移轉,04090010
RPOTMLQJKHKGFAO09DA,復興段,.98,都市：其他:商務專用區,648,1,持分移轉,04090011
RPOTMLQJKHKGFAO09DA,復興段,1.10,都市：其他:商務專用區,648,1,持分移轉,04090012
RPOTMLQJKHKGFAO09DA,復興段,.62,都市：其他:道路用地,648,1,持分移轉,04090013
RPOTMLQJKHKGFAO09DA,復興段,.00,都市：其他:商務專用區,648,1,持分移轉,04090014
RPOTMLQJKHKGFAO09DA,復興段,.81,都市：其他:道路用地,648,1,持分移轉,04090015
RPOTMLQJKHKGFAO09DA,復興段,.00,都市：其他:商務專用區,648,1,持分移轉,04090016
RPOTMLQJKHKGFAO09DA,復興段,.02,都市：其他:道路用地,648,1,持分移轉,04090017
RPOTMLQJKHKGFAO09DA,復興段,.06,都市：其他:人行步道用地,648,1,持分移轉,04090018
RPOTMLQJKHKGFAO09DA,復興段,.73,都市：其他:道路用地,648,1,持分移轉,04090019
RPOTMLQJKHKGFAO09DA,復興段,3.33,都市：其他:商務專用區,648,1,持分移轉,04090020
RPOTMLQJKHKGFAO09DA,復興段,1.58,都市：其他:道路用地,648,1,持分移轉,04090021
RPOTMLQJKHKGFAO09DA,復興段,.27,都市：其他:道路用地,648,1,持分移轉,04090022
RPOTMLQJKHKGFAO09DA,復興段,.32,都市：其他:公園用地,648,1,持分移轉,04090023
RPOTMLQJKHKGFAO09DA,復興段,.16,都市：其他:道路用地,648,1,持分移轉,04090024
RPOTMLQJKHKGFAO09DA,復興段,9.72,都市：其他:交通用地,648,1,持分移轉,04110000
RPOTMLQJKHKGFAO09DA,復興段,.02,都市：其他:道路用地,648,1,持分移轉,04110002
RPOTMLQJKHKGFAO09DA,復興段,.15,都市：其他:人行步道用地,648,1,持分移轉,04110004
RPOTMLQJKHKGFAO09DA,復興段,.53,都市：其他:商務專用區,5184,1,持分移轉,04280001
RPOTMLQJKHKGFAO09DA,復興段,.02,都市：其他:道路用地,5184,1,持分移轉,04280003
RPOTMLQJKHKGFAO09DA,復興段,.00,都市：其他:商務專用區,5184,1,持分移轉,04280004
RPOTMLQJKHKGFAO09DA,復興段,1.31,都市：其他:公園用地,648,1,持分移轉,04690000
RPOTMLQJKHKGFAO09DA,復興段,.50,都市：其他:商務專用區,648,1,持分移轉,04690001
RPOTMLQJKHKGFAO09DA,復興段,.02,都市：其他:商務專用區,648,1,持分移轉,04690002
RPOTMLQJKHKGFAO09DA,復興段,.18,都市：其他:商務專用區,648,1,持分移轉,04690003
RPOTMLQJKHKGFAO09DA,復興段,.17,都市：其他:商務專用區,648,1,持分移轉,04690004
RPOTMLQJKHKGFAO09DA,復興段,2.25,都市：其他:道路用地,648,1,持分移轉,04690005
RPOTMLQJKHKGFAO09DA,復興段,3.98,都市：其他:商務專用區,648,1,持分移轉,04690006
RPOTMLQJKHKGFAO09DA,復興段,.45,都市：其他:道路用地,648,1,持分移轉,04690007
RPOTMLQJKHKGFAO09DA,復興段,.17,都市：其他:商務專用區,648,1,持分移轉,04690008
RPOTMLQJKHKGFAO09DA,復興段,.36,都市：其他:道路用地,648,1,持分移轉,04690009
RPOTMLQJKHKGFAO09DA,復興段,.03,都市：其他:商務專用區,648,1,持分移轉,04690010
RPOTMLQJKHKGFAO09DA,復興段,1.11,都市：其他:公園用地,5184,7,持分移轉,04700000
RPOTMLQJKHKGFAO09DA,復興段,.80,都市：其他:公園用地,5184,7,持分移轉,04700001
RPOTMLQJKHKGFAO09DA,復興段,.21,都市：其他:公園用地,5184,7,持分移轉,04700002
RPOTMLQJKHKGFAO09DA,復興段,.85,都市：其他:商務專用區,5184,7,持分移轉,04700003
RPOTMLQJKHKGFAO09DA,復興段,.67,都市：其他:商務專用區,5184,7,持分移轉,04700004
RPOTMLQJKHKGFAO09DA,復興段,.02,都市：其他:公園用地,5184,7,持分移轉,04700005
RPOTMLQJKHKGFAO09DA,復興段,.21,都市：其他:道路用地,5184,7,持分移轉,04700006
RPOTMLQJKHKGFAO09DA,復興段,3.14,都市：其他:商務專用區,5184,7,持分移轉,04700007
RPOTMLQJKHKGFAO09DA,復興段,.35,都市：其他:道路用地,5184,7,持分移轉,04700008
RPOTMLQJKHKGFAO09DA,復興段,.17,都市：其他:商務專用區,5184,7,持分移轉,04700009
RPOTMLQJKHKGFAO09DA,復興段,.14,都市：其他:道路用地,5184,7,持分移轉,04700010
RPOTMLQJKHKGFAO09DA,復興段,.06,都市：其他:商務專用區,5184,7,持分移轉,04700011
RPOTMLQJKHKGFAO09DA,復興段,2.28,都市：其他:商務專用區,5184,7,持分移轉,04780000
RPOTMLQJKHKGFAO09DA,復興段,.07,都市：其他:道路用地,5184,7,持分移轉,04780002
RPOTMLQJKHKGFAO09DA,復興段,.78,都市：其他:公園用地,9,1,持分移轉,04870000
RPOTMLQJKHKGFAO09DA,復興段,.98,都市：其他:公園用地,5184,7,持分移轉,04880000
RPOTMLQJKHKGFAO09DA,復興段,.11,都市：其他:公園用地,5184,7,持分移轉,04880001
RPOTMLQJKHKGFAO09DA,復興段,.77,都市：其他:公園用地,5184,7,持分移轉,04900000
RPOTMLQJKHKGFAO09DA,復興段,10.22,都市：其他:公園用地,9,1,持分移轉,04910000
RPRNMLKLJHKGFAO28DA,崙子段,43.04,都市：其他:第一種住宅區,45000,643,持分移轉,03050000
RPRNMLKLJHKGFAO28DA,崙子段,.21,都市：其他:道路用地,45000,643,持分移轉,03050003
RPVOMLKLJHKGFAO78DA,大學段,3.16,都市：其他:第二種住宅區,1,1,全筆移轉,02940002
RPSNMLQJKHKGFAO88DA,海濱段,28.40,都市：其他:第一之一種住宅區,24236,2840,持分移轉,02920000
RPSNMLQJKHKGFAO88DA,海濱段,61.15,都市：其他:第一之一種住宅區,1,1,全筆移轉,02920003
RPRNMLQJKHKGFAO78DA,榮光段一小段,14.32,都市：其他:第二種商業區,10000,45,持分移轉,00120000
RPVTNLOLJHKGFAO17DA,竹蓮段,7.24,都市：其他:第二種商業區,10000,227,持分移轉,16070002
RPSNMLPJKHKGFAO78DA,舊社段,24.35,非都市：鄉村區 ; 非都市編定：乙種建築用地,100000,365,持分移轉,05250000
RPTOMLRJKHKGFAO56DA,樹下段,81.28,非都市：特定農業區 ; 非都市編定：甲種建築用地,1,1,全筆移轉,01050002
RPUOMLRJKHKGFAO66DA,樹下段,220.10,非都市：特定農業區 ; 非都市編定：甲種建築用地,1,1,全筆移轉,00920000
RPQNMLKKKHKGFAO18DA,東山段一小段,26.64,都市：其他:第二種住宅區,28,2,持分移轉,06220000
RPQNMLKKJHKGFAO08DA,自由段,41.62,都市：其他:第一種住宅區,16,1,持分移轉,09980000
RPQNMLLKKHKGFAO28DA,復中段,29.76,都市：其他:第二種住宅區,20000,338,持分移轉,03230000
RPQNMLTJJHKGFAO88DA,茄苳段,.15,非都市：山坡地保育區 ; 非都市編定：丙種建築用地,10000,46,持分移轉,02100000
RPQNMLTJJHKGFAO88DA,茄苳段,13.68,非都市：山坡地保育區 ; 非都市編定：丙種建築用地,10000,46,持分移轉,02130000
RPROMLSJJHKGFAO98DA,大學段,9.17,都市：其他:第二種住宅區,10000,414,持分移轉,02060000
RPVOMLKKKHKGFAO78DA,和平段,27.09,都市：其他:道路用地,2880,135,持分移轉,00080000
RPUTNLOLJHKGFAO07DA,中雅段,3.50,都市：其他:第二種商業區,10000,111,持分移轉,01870076
RPWOMLKKKHKGFAO88DA,和平段,1.88,都市：其他:道路用地,64,3,持分移轉,00080001
RPQOMLNJJHKGFAO38DA,西濱段,64.84,都市：其他:道路用地,10,3,持分移轉,06830000
RPQOMLNJJHKGFAO38DA,西濱段,177.68,都市：其他:道路用地,10,3,持分移轉,07290000
SPWOMLKKKHKGFAO98DA,和平段,5.34,都市：其他:道路用地,64,3,持分移轉,09450000
RPPNMLLKKHKGFAO18DA,東山段一小段,31.67,都市：其他:第二種住宅區,37140,2614,持分移轉,08470000
RPTOMLLKKHKGFAO68DA,北門段,.43,都市：其他:道路用地,7,1,持分移轉,19440000
RPSNMLMKKHKGFAO58DA,北門段,2.19,都市：其他:第二種住宅區,42,2,持分移轉,19450000
SPSNMLMKKHKGFAO68DA,北門段,2.76,都市：其他:第二種商業區,42,2,持分移轉,19630000
RPTNMLMKKHKGFAO68DA,北門段,.55,都市：其他:第二種住宅區,84,1,持分移轉,19450000
SPTNMLMKKHKGFAO78DA,北門段,.69,都市：其他:第二種商業區,84,1,持分移轉,19630000
RPSNMLKKKHKGFAO38DA,長春段,.98,都市：其他:第一種住宅區,10000,48,持分移轉,03180001
RPSNMLKKKHKGFAO38DA,長春段,16.45,都市：其他:第一種住宅區,10000,48,持分移轉,03210000
RPUNMLMKKHKGFAO78DA,北門段,1.64,都市：其他:第二種住宅區,84,3,持分移轉,19450000
SPUNMLMKKHKGFAO88DA,北門段,2.07,都市：其他:第二種商業區,84,3,持分移轉,19630000
RPPOMLMKKHKGFAO38DA,康樂段,24.82,都市：其他:第一之一種住宅區,10000,166,持分移轉,01730000
RPPPMLOJKHKGFAO58DA,中央段,10.53,都市：其他:第二種住宅區,10000,255,持分移轉,01890000
RPPPMLOJKHKGFAO58DA,中央段,.10,都市：其他:道路用地,30000,765,持分移轉,01920001
RPVNMLPJKHKGFAO09DA,中寮段,252.39,都市：其他:農業區,1,1,全筆移轉,00180008
RPVNMLPJKHKGFAO09DA,中寮段,272.26,都市：其他:農業區,1,1,全筆移轉,00180009
RPQNMLQJKHKGFAO68DA,金雅段,.01,非都市：鄉村區 ; 非都市編定：乙種建築用地,600000,6,持分移轉,02970000
RPQNMLQJKHKGFAO68DA,金雅段,125.40,非都市：鄉村區 ; 非都市編定：乙種建築用地,1,1,全筆移轉,02970001
RPOOMLMKKHKGFAO28DA,內湖段,91.50,非都市：山坡地保育區 ; 非都市編定：丙種建築用地,2,1,持分移轉,04070120
RPOOMLMKKHKGFAO28DA,內湖段,13.35,非都市：山坡地保育區 ; 非都市編定：丙種建築用地,4,1,持分移轉,04070122
RPSNMLKKKHKGFAO48EA,中華段,72.00,都市：其他:第二種住宅區,1,1,全筆移轉,07200000
RPSNMLKKKHKGFAO48EA,中華段,2.00,都市：其他:第二種住宅區,1,1,全筆移轉,07270013
RPPNMLQLKIJGFAO78DA,南寮段,130.98,都市：其他:道路用地,1,1,全筆移轉,02030000
RPPNMLQLKIJGFAO78DA,南寮段,247.00,都市：其他:道路用地,1,1,全筆移轉,02030001
RPRNMLRLKIJGFAO09DA,香村段,.16,非都市：山坡地保育區 ; 非都市編定：農牧用地,520,3,持分移轉,04760000
RPRNMLRLKIJGFAO09DA,香村段,80.61,非都市：山坡地保育區 ; 非都市編定：農牧用地,130,1,持分移轉,04820000
RPRNMLRLKIJGFAO09DA,香村段,41.73,非都市：山坡地保育區 ; 非都市編定：農牧用地,130,1,持分移轉,04820002
RPPNMLSLKIJGFAO98DA,長春段,29.82,都市：其他:第一種住宅區,10000,325,持分移轉,03170003
RPUOMLRLKIJGFAO86DA,光復段,10.44,都市：其他:第一種住宅區,10000,92,持分移轉,06920000
SPVOMLMKKHKGFAO09DA,北門段,2.76,都市：其他:第二種商業區,42,2,持分移轉,19630000
RPVOMLMKKHKGFAO98DA,北門段,2.19,都市：其他:第二種住宅區,42,2,持分移轉,19450000
RPWNMLKKKHKGFAO78DA,國道段,7.84,都市：其他:第一種住宅區,100000,3125,持分移轉,05240000
RPWNMLKKKHKGFAO78DA,國道段,8.69,都市：其他:第一種住宅區,100000,3125,持分移轉,05270000
RPQNMLKKKHKGFAO28EA,和平段,75.80,都市：其他:第二種住宅區,10,1,持分移轉,05290000
RPQNMLKKKHKGFAO28EA,和平段,3.00,都市：其他:第二種住宅區,10,1,持分移轉,05300000
RPQNMLKKKHKGFAO28EA,和平段,15.10,都市：其他:第二種住宅區,10,1,持分移轉,05580000
RPQNMLKKKHKGFAO28EA,和平段,.90,都市：其他:第二種住宅區,10,1,持分移轉,05580001
RPQNMLMKKHKGFAO48EA,翠湖段,2.83,非都市：鄉村區 ; 非都市編定：乙種建築用地,1,1,全筆移轉,10310001
RPQNMLMKKHKGFAO48EA,翠湖段,11.15,非都市：鄉村區 ; 非都市編定：乙種建築用地,24,2,持分移轉,10320000
RPQNMLMKKHKGFAO48EA,翠湖段,22.10,非都市：鄉村區 ; 非都市編定：乙種建築用地,24,2,持分移轉,10400000
RPQNMLMKKHKGFAO48EA,翠湖段,128.97,非都市：鄉村區 ; 非都市編定：乙種建築用地,1,1,全筆移轉,10470000
RPPNMLOKKHKGFAO48DA,復中段,32.58,都市：其他:第二種住宅區,10000,196,持分移轉,08330000
RPRNMLNKKHKGFAO58DA,南華段,13.20,都市：其他:第一種住宅區,22,1,持分移轉,00360000
RPRNMLNKKHKGFAO58DA,南華段,77.36,都市：其他:第一種住宅區,1,1,全筆移轉,00360011
RPWNMLKLKIJGFAO88DA,中山段二小段,7.34,都市：其他:第二種商業區,26702,190,持分移轉,00150000
RPWNMLKLKIJGFAO88DA,中山段二小段,.70,都市：其他:第二種商業區,338,3,持分移轉,00150001
RPRNMLKMKIJGFAO48DA,東光段,8.92,都市：其他:第二種商業區,30000,1143,持分移轉,06050000
RPRNMLKMKIJGFAO48DA,東光段,5.52,都市：其他:住商混合區,30000,1143,持分移轉,06060000
RPRNMLNLJHKGFAO58DA,東山段二小段,42.75,都市：其他:第一種住宅區,8,1,持分移轉,04150000
RPSNMLQLKIJGFAO09DA,聚吉段,15.69,都市：其他:第二種商業區,100000,3144,持分移轉,00550003
RPTNMLQLKIJGFAO56DA,聚吉段,15.31,都市：其他:第二種商業區,100000,3069,持分移轉,00550003
RPSOMLLLJHKGFAO58DA,內湖段,15.89,非都市：山坡地保育區 ; 非都市編定：丙種建築用地,100,1,持分移轉,04930000
RPSOMLLLJHKGFAO58DA,內湖段,93.10,非都市：山坡地保育區 ; 非都市編定：丙種建築用地,1,1,全筆移轉,04930012
RPUSMLQJKHKGFAO96DA,光華段,140.00,都市：其他:第二種商業區,1,1,全筆移轉,12650000
RPUSMLQJKHKGFAO96DA,光華段,4.00,都市：其他:第二種商業區,1,1,全筆移轉,12650001
RPROMLRJJHKGFAO88DA,中雅段,6.45,都市：其他:第二種住宅區,100000,265,持分移轉,00960002
RPROMLRJJHKGFAO88DA,崙子段,.21,都市：其他:第二種住宅區,100000,265,持分移轉,20680005
RPSNMLNLJIJGFAO68DA,雅溪段,97.62,非都市：山坡地保育區 ; 非都市編定：丙種建築用地,1,1,全筆移轉,13490000
RPQOMLKLJHKGFAO28DA,建華段,37.89,都市：其他:第一種住宅區,100000,5433,持分移轉,09050000
RPQOMLKLJHKGFAO28DA,建華段,1.32,都市：其他:道路用地,100000,5433,持分移轉,09050001
RPQOMLKLJHKGFAO28DA,建華段,.14,都市：其他:第一種住宅區,100000,5433,持分移轉,09050002
RPOOMLPJKHKGFAO48DA,香中段,23.42,都市：其他:第一種住宅區,10000,141,持分移轉,01760000
RPOOMLPJKHKGFAO48DA,香中段,1.20,都市：其他:第一種住宅區,10000,141,持分移轉,01840000
RPTPMLSJKHKGFAO76DA,武陵段,20.65,都市：其他:第一種住宅區,100000,135,持分移轉,03160003
RPVNMLKKKHKGFAO68DA,北門段,8.09,都市：其他:第二種商業區,10000,49,持分移轉,11230000
RPSOMLKKKHKGFAO48DA,國道段,11.42,都市：其他:第二種商業區,100000,227,持分移轉,10250000
RPVNMLQLKIJGFAO76DA,聚吉段,16.27,都市：其他:第二種商業區,100000,3261,持分移轉,00550003
RPQNMLOKJIJGFAO48DA,自由段,3.46,都市：其他:第一種住宅區,83000,3456,持分移轉,01800000
RPQNMLOKJIJGFAO48DA,自由段,3.46,都市：其他:第一種住宅區,83000,3456,持分移轉,01810000
RPQNMLOKJIJGFAO48DA,自由段,3.75,都市：其他:第一種住宅區,90000,3748,持分移轉,02150000
RPQNMLOKJIJGFAO48DA,自由段,3.75,都市：其他:第一種住宅區,90000,3748,持分移轉,02160000
RPROMLQJJHKGFAO78DA,建華段,2.16,都市：其他:第一種住宅區,7,1,持分移轉,06240002
RPROMLQJJHKGFAO78DA,建華段,17.20,都市：其他:第一種住宅區,7,1,持分移轉,07220000
RPWOMLQJJHKGFAO66DA,新港段,15.17,都市：其他:第一之一種住宅區,10000,48,持分移轉,08640000
RPURMLQJKHKGFAO86DA,育賢段,96.68,都市：其他:第一種住宅區,1,1,全筆移轉,05290002
RPWOMLLLJHKGFAO98DA,和平段,11.66,都市：其他:第二種住宅區,10000,13,持分移轉,04500000
RPUNMLLKKHKGFAO68DA,美城段,98.87,非都市：山坡地保育區 ; 非都市編定：丙種建築用地,1,1,全筆移轉,02300000
RPUNMLLKKHKGFAO68DA,美城段,.24,非都市：山坡地保育區 ; 非都市編定：丙種建築用地,240,1,持分移轉,03370000
RPUNMLLKKHKGFAO68DA,美城段,32.98,非都市：山坡地保育區 ; 非都市編定：丙種建築用地,240,1,持分移轉,03380000
RPUNMLLKKHKGFAO68DA,美城段,.16,非都市：山坡地保育區 ; 非都市編定：丙種建築用地,240,1,持分移轉,03540000
RPUNMLLKKHKGFAO68DA,美城段,3.47,非都市：山坡地保育區 ; 非都市編定：丙種建築用地,240,1,持分移轉,04240000
RPUNMLLKKHKGFAO68DA,美城段,.55,非都市：山坡地保育區 ; 非都市編定：丙種建築用地,240,1,持分移轉,04690000
RPUNMLLKKHKGFAO68DA,美城段,.54,非都市：山坡地保育區 ; 非都市編定：丙種建築用地,240,1,持分移轉,04700000
RPUNMLLKKHKGFAO68DA,美城段,4.28,非都市：山坡地保育區 ; 非都市編定：丙種建築用地,240,1,持分移轉,04720000
RPUNMLLKKHKGFAO68DA,美城段,1.41,非都市：山坡地保育區 ; 非都市編定：丙種建築用地,240,1,持分移轉,04730000
RPUOMLLKKHKGFAO78DA,茄苳段,3.03,非都市：山坡地保育區 ; 非都市編定：丙種建築用地,398,1,持分移轉,02190000
RPUOMLLKKHKGFAO78DA,茄苳段,13.02,非都市：山坡地保育區 ; 非都市編定：丙種建築用地,10000,29,持分移轉,02400000
RPQOMLMKKHKGFAO48DA,光武段,13.76,都市：其他:第二種商業區,10000,27,持分移轉,10500000
RPTNMLSJJIJGFAO09DA,東明段,21.55,都市：其他:第一種住宅區,10000,420,持分移轉,08400000
RPPNMLKKKHKGFAO18EA,和平段,75.80,都市：其他:第二種住宅區,10,1,持分移轉,05290000
RPPNMLKKKHKGFAO18EA,和平段,3.00,都市：其他:第二種住宅區,10,1,持分移轉,05300000
RPPNMLKKKHKGFAO18EA,和平段,15.10,都市：其他:第二種住宅區,10,1,持分移轉,05580000
RPPNMLKKKHKGFAO18EA,和平段,.90,都市：其他:第二種住宅區,10,1,持分移轉,05580001
RPPOMLMJKIJGFAO28DA,自由段,5.00,都市：其他:第一種住宅區,1,1,全筆移轉,04090000
RPPOMLMJKIJGFAO28DA,自由段,75.00,都市：其他:第一種住宅區,1,1,全筆移轉,04110005
RPOOMLMJKIJGFAO18DA,自由段,59.00,都市：其他:第一種住宅區,1,1,全筆移轉,04110004
RPTNMLQLJIJGFAO09DA,民主段,24.38,都市：其他:第一種住宅區,10000,390,持分移轉,02000000
RPRNMLOLJHKGFAO68DA,長春段,5.57,都市：其他:科技產業專用區,1000000,1020,持分移轉,13410005
RPUSMLSKKIJGFAO27DA,東濱段,44.66,都市：其他:第一之一種住宅區,426562500,37394159,持分移轉,11630000
RPUOMLTJKIJGFAO86DA,育賢段,30.08,都市：其他:第一種住宅區,25688,318,持分移轉,04040000
RPQNMLRKKHKGFAO88DA,東山段一小段,8.79,都市：其他:第二種住宅區,100000,565,持分移轉,09560000
RPOOMLMJJHKGFAO08DA,北門段,25.09,都市：其他:第一種住宅區,10000,218,持分移轉,01330000
RPPOMLMJJHKGFAO18DA,水源段,4.01,非都市：特定農業區 ; 非都市編定：農牧用地,70,1,持分移轉,10760000
RPOOMLMJJHKGFAO08DA,北門段,.46,都市：其他:道路用地,10000,218,持分移轉,01330003
RPPOMLMJJHKGFAO18DA,水源段,3.67,非都市：特定農業區 ; 非都市編定：農牧用地,70,1,持分移轉,10770000
RPPOMLMJJHKGFAO18DA,水源段,9.81,非都市：特定農業區 ; 非都市編定：農牧用地,175,1,持分移轉,10780000
RPPOMLMJJHKGFAO18DA,水源段,12.87,非都市：特定農業區 ; 非都市編定：農牧用地,560,8,持分移轉,10800000
RPPOMLMJJHKGFAO18DA,水源段,29.47,非都市：特定農業區 ; 非都市編定：農牧用地,560,8,持分移轉,10820000
RPRPMLKKKHKGFAO48DA,港南段,131.33,非都市：鄉村區 ; 非都市編定：乙種建築用地,1,1,全筆移轉,10160002
RPRNMLPJKHKGFAO68DA,南華段,9.94,都市：其他:第一種住宅區,18,1,持分移轉,06320000
RPRNMLPJKHKGFAO68DA,南華段,.67,都市：其他:第一種住宅區,18,1,持分移轉,06320001
RPRNMLPJKHKGFAO68DA,南華段,53.04,都市：其他:第一種住宅區,1,1,全筆移轉,06320007
RPQNMLOLKIJGFAO68DA,光武段,11.11,都市：其他:第一種住宅區,100000,128,持分移轉,06030000
RPQNMLOLKIJGFAO68DA,光武段,.02,都市：其他:綠地用地,100000,128,持分移轉,06030001
RPQNMLOLKIJGFAO68DA,光武段,.01,都市：其他:綠地用地,100000,128,持分移轉,06030002
RPQNMLOLKIJGFAO68DA,光武段,.00,都市：其他:第一種住宅區,100000,128,持分移轉,06030003
RPXOMLMKKHKGFAO56DA,信義段,136.00,都市：其他:第一種住宅區,1,1,全筆移轉,07530005
RPPPMLMKJIJGFAO38DA,南華段,119.31,都市：其他:第一種住宅區,1,1,全筆移轉,06100000
RPPOMLKKKHKGFAO18DA,仙宮段,4.03,都市：其他:第二種住宅區,10000,80,持分移轉,00690000
RPPOMLKKKHKGFAO18DA,仙宮段,.56,都市：其他:第二種住宅區,10000,80,持分移轉,00690001
RPPOMLKKKHKGFAO18DA,仙宮段,.26,都市：其他:第二種住宅區,10000,80,持分移轉,00690002
RPVOMLNKKHKGFAO09DA,親仁段二小段,41.52,都市：其他:第二種住宅區,675,25,持分移轉,00010004
RPVOMLNKKHKGFAO09DA,親仁段二小段,1.41,都市：其他:道路用地,675,25,持分移轉,00010013
RPVOMLNKKHKGFAO09DA,親仁段二小段,.96,都市：其他:道路用地,675,25,持分移轉,00010017
RPPNMLNKKHKGFAO38DA,中雅段,7.30,都市：其他:第二種住宅區,100000,746,持分移轉,00960001
RPWRMLQJKHKGFAO07DA,崙子段,3.51,都市：其他:第一種住宅區,100000,833,持分移轉,02340000
RPWRMLQJKHKGFAO07DA,崙子段,6.75,都市：其他:第一種住宅區,100000,833,持分移轉,02350000
RPSOMLPJKHKGFAO88DA,唐高段,27.00,都市：其他:道路用地,1,1,全筆移轉,08340015
RPSOMLPJKHKGFAO88DA,唐高段,4.00,都市：其他:第一種住宅區,1,1,全筆移轉,08340016
RPWNMLSJKHKGFAO86DA,中央段,14.33,都市：其他:第二種住宅區,100000,712,持分移轉,09900000
RPWNMLSJKHKGFAO86DA,中央段,.01,都市：其他:第二種住宅區,25437,184,持分移轉,09900001
RPSNMLRJJHKGFAO88DA,光武段,.22,都市：其他:第二種商業區,10000,23,持分移轉,07700000
RPSNMLRJJHKGFAO88DA,光武段,10.16,都市：其他:第二種商業區,10000,23,持分移轉,10700000
RPXNMLNLJHKGFAO56DA,東光段,134.00,都市：其他:住商混合區,1,1,全筆移轉,05180007
RPVOMLRJKHKGFAO76DA,新港段,17.53,都市：其他:第一之一種住宅區,100000,476,持分移轉,07490000
RPVOMLRJKHKGFAO76DA,新港段,34.06,都市：其他:第一之一種住宅區,4,1,持分移轉,07630000
RPSNMLOLKIJGFAO88DA,南湖段,80.85,非都市：山坡地保育區 ; 非都市編定：丙種建築用地,1,1,全筆移轉,06000000
RPQOMLQJKIJGFAO78DA,竹蓮段,4.00,都市：其他:第二種商業區,1,1,全筆移轉,11870006
RPQOMLQJKIJGFAO78DA,竹蓮段,87.00,都市：其他:第二種商業區,1,1,全筆移轉,11910000
RPQOMLQJKIJGFAO78DA,竹蓮段,6.00,都市：其他:道路用地,1,1,全筆移轉,11920000
RPXNMLMKKHKGFAO09DA,東光段,477.00,都市：其他:第一種商業區,1,1,全筆移轉,00430000
RPTOMLTLIIJGFAO76DA,水源段,112.64,非都市：特定農業區 ; 非都市編定：農牧用地,8,1,持分移轉,10800000
RPTOMLTLIIJGFAO76DA,水源段,257.89,非都市：特定農業區 ; 非都市編定：農牧用地,8,1,持分移轉,10820000
RPSOMLTLIIJGFAO66DA,信義段,44.00,都市：其他:第一種住宅區,1,1,全筆移轉,03750010
RPXOMLOLIIJGFAO66DA,竹港段,17.05,都市：其他:第一之一種住宅區,100000,937,持分移轉,07770000
RPSNMLPJJIJGFAO68DA,民富段,10.86,都市：其他:市場用地,10000,63,持分移轉,04490000
RPPOMLQKJHKGFAO68DA,光華段,60.50,都市：其他:第一種住宅區,100,25,持分移轉,05250000
RPVNMLQKJHKGFAO56DA,崙子段,43.04,都市：其他:第一種住宅區,90000,1286,持分移轉,03050000
RPVNMLQKJHKGFAO56DA,崙子段,.21,都市：其他:道路用地,90000,1286,持分移轉,03050003
RPOOMLQKJHKGFAO58DA,光華段,60.50,都市：其他:第一種住宅區,100,25,持分移轉,05250000
RPQOMLMJJHKGFAO28DA,東光段,8.22,都市：其他:第二種商業區,10000,126,持分移轉,01170000
RPQOMLMJJHKGFAO28DA,東光段,8.01,都市：其他:第一種商業區,10000,126,持分移轉,01180000
RPWNMLLLJHKGFAO88DA,東光段,46.37,都市：其他:第一種商業區,100000,3176,持分移轉,04200000
RPXNMLLLJHKGFAO98DA,東光段,46.37,都市：其他:第一種商業區,100000,3176,持分移轉,04200000
RPOOMLTLQHJGFAO96DA,崙子段,56.33,非都市：鄉村區 ; 非都市編定：乙種建築用地,736000,185092,持分移轉,19030003
RPOOMLTLQHJGFAO96DA,崙子段,16.09,非都市：鄉村區 ; 非都市編定：乙種建築用地,736000,185092,持分移轉,19030005
RPOOMLTLQHJGFAO96DA,崙子段,8.05,非都市：鄉村區 ; 非都市編定：乙種建築用地,736000,185092,持分移轉,19030006
RPOOMLTLQHJGFAO96DA,崙子段,8.05,非都市：鄉村區 ; 非都市編定：乙種建築用地,736000,185092,持分移轉,19030007
RPTOMLMJJHKGFAO58DA,東光段,8.22,都市：其他:第二種商業區,10000,126,持分移轉,01170000
RPTOMLMJJHKGFAO58DA,東光段,8.01,都市：其他:第一種商業區,10000,126,持分移轉,01180000
RPPPMLMJJHKGFAO28DA,東光段,7.50,都市：其他:第二種商業區,10000,115,持分移轉,01170000
RPPPMLMJJHKGFAO28DA,東光段,7.31,都市：其他:第一種商業區,10000,115,持分移轉,01180000
RPQPMLMJJHKGFAO38DA,東光段,7.50,都市：其他:第二種商業區,10000,115,持分移轉,01170000
RPQPMLMJJHKGFAO38DA,東光段,7.31,都市：其他:第一種商業區,10000,115,持分移轉,01180000
RPQONLOKJHKGFAO68DA,北門段,132.00,都市：其他:第二種住宅區,1,1,全筆移轉,19470000
RPQONLOKJHKGFAO68DA,北門段,7.00,都市：其他:第二種商業區,1,1,全筆移轉,19610000
RPQQMLQJJIJGFAO88DA,茄苳段,35.90,非都市：山坡地保育區 ; 非都市編定：丙種建築用地,10000,49,持分移轉,01590000
RPQQMLQJJIJGFAO88DA,茄苳段,8.89,非都市：山坡地保育區 ; 非都市編定：丙種建築用地,10000,49,持分移轉,01590003
RPROMLTJRHJGFAO17DA,東山段一小段,13.70,都市：其他:第二種住宅區,10000,83,持分移轉,09060000
RPRPMLMJJHKGFAO48DA,東光段,7.50,都市：其他:第二種商業區,10000,115,持分移轉,01170000
RPRPMLMJJHKGFAO48DA,東光段,7.31,都市：其他:第一種商業區,10000,115,持分移轉,01180000
