﻿編號,土地位置,土地移轉面積平方公尺,使用分區或編定,權利人持分分母,權利人持分分子,移轉情形,地號
The serial number, land position,land shifting area square meter,the use zoning or compiles and checks,,,,land parcel
RPUNMLKLJHKGFAO58CB,竹蓮段,.13,都市：住,100000,328,持分移轉,23620000
RPUNMLKLJHKGFAO58CB,竹蓮段,15.07,都市：住,100000,328,持分移轉,23750000
RPSNMLLLJHKGFAO48CB,虎山段,29.81,非都市：鄉村區 ; 非都市編定：乙種建築用地,10000,1075,持分移轉,09760000
RPQNMLMLJHKGFAO38CB,民富段,12.90,都市：商,100000,1709,持分移轉,27130000
RPQNMLOLJHKGFAO58CB,民富段,14.33,都市：住,100000,3609,持分移轉,27630000
RPTNMLLLJHKGFAO58CB,虎山段,36.41,非都市：鄉村區 ; 非都市編定：乙種建築用地,10000,1313,持分移轉,09760000
RPSNMLKLJHKGFAO38CB,南門段四小段,1.62,都市：商,100000,1824,持分移轉,02230000
RPSNMLKLJHKGFAO38CB,南門段四小段,.20,都市：商,100000,1824,持分移轉,02230001
RPSNMLKLJHKGFAO38CB,南門段四小段,3.41,都市：商,100000,1824,持分移轉,02230002
RPSNMLKLJHKGFAO38CB,南門段四小段,.09,都市：商,100000,1824,持分移轉,02230005
RPRNMLMLJHKGFAO48CB,自由段,19.16,都市：住,100000,2136,持分移轉,09350000
RPRNMLMLJHKGFAO48CB,自由段,.04,都市：住,100000,2136,持分移轉,09350007
RPRNMLMLJHKGFAO48CB,自由段,10.98,都市：住,100000,2136,持分移轉,09360000
RPRNMLLLJHKGFAO38CB,虎山段,29.81,非都市：鄉村區 ; 非都市編定：乙種建築用地,10000,1075,持分移轉,09760000
RPTNMLKLJHKGFAO48CB,金雅段,30.42,非都市：鄉村區 ; 非都市編定：乙種建築用地,100000,917,持分移轉,00840000
RPSNMLOLJHKGFAO78CB,民富段,15.16,都市：住,100000,3818,持分移轉,27630000
RPRNMLOLJHKGFAO68CB,民富段,15.42,都市：住,100000,3884,持分移轉,27630000
RPVNMLQJKHKGFAO56CB,中央段,13.02,都市：商,100000,501,持分移轉,15830000
RPQNMLQJKHKGFAO68CB,金山段,20.18,都市：住,100000,11345,持分移轉,06500000
RPUNMLQJKHKGFAO09CB,中央段,13.02,都市：商,100000,501,持分移轉,15830000
RPPNMLMKKHKGFAO28CB,虎山段,24.01,非都市：鄉村區 ; 非都市編定：乙種建築用地,100000,540,持分移轉,05360000
RPUNMLNKKHKGFAO88CB,金雅段,38.98,非都市：鄉村區 ; 非都市編定：乙種建築用地,100000,1175,持分移轉,00840000
RPUNMLPKJHKGFAO98CB,隆恩段,30.81,非都市：特定農業區 ; 非都市編定：甲種建築用地,100000,3417,持分移轉,00420000
