﻿編號,車位類別,車位價格,車位面積平方公尺,車位所在樓層
Serial number,berth category,berth price,berth area square meter,
RPTNMLKLJHKGFAO58CC,坡道平面,0,28.88,地下二樓
RPUNMLLLJHKGFAO78CC,坡道平面,2200,,地下一樓
RPRNMLMLJHKGFAO58CC,一樓平面,600,42.50,一樓
RPUNMLMLJHKGFAO88CC,坡道平面,1400,,地下一樓
RPOOMLNLJHKGFAO48CC,坡道平面,0,24.76,地下一樓
RPTOMLNLJHKGFAO98CC,坡道平面,2500,,地下一樓
RPPPMLNLJHKGFAO68CC,坡道平面,0,,地下一樓
RPXOMLNLJHKGFAO76CC,坡道平面,0,28.73,地下二樓
