﻿編號,屋齡,建物移轉面積平方公尺,主要用途,主要建材,建築完成日期,總層數,建物分層,移轉情形
The serial number,room age,building shifting area square meter,the main use,main building materials,construction completes the date,total layer,building lamination,
RPOPMLKKKHKGFAO18DA,,34.20,住家用,加強磚造,,二層,一層 二層,持分移轉
RPXOMLKKKHKGFAO98DA,,34.20,住家用,加強磚造,,二層,一層 二層,持分移轉
RPVOMLLKKHKGFAO88DA,1,5.04,共有部分,鋼筋混凝土造,113年6月6日,十三層,,持分移轉
RPVOMLLKKHKGFAO88DA,1,4.93,共有部分,鋼筋混凝土造,113年6月6日,十三層,,持分移轉
RPPNMLNJKHKGFAO28DA,,101.46,集合住宅,鋼筋混凝土造,113年10月18日,五層,五層 陽台 見其他登記事項,全筆移轉
RPPNMLNJKHKGFAO28DA,,80.52,共有部分,鋼筋混凝土造,113年10月18日,五層,,持分移轉
RPPNMLRJKHKGFAO68DA,12,100.68,共有部分,鋼筋混凝土造,101年7月10日,二十五層,,持分移轉
RPPNMLRJKHKGFAO68DA,12,138.00,集合住宅,鋼筋混凝土造,101年7月10日,二十三層,二十三層 陽台 雨遮,全筆移轉
RPOPMLSJKHKGFAO88DA,31,.40,住商用,鋼筋混凝土造,83年4月23日,十四層,一層 二層 三層 平台,持分移轉
RPOPMLSJKHKGFAO88DA,31,.07,共有部分,鋼筋混凝土造,83年4月23日,十四層,,持分移轉
RPOPMLSJKHKGFAO88DA,31,69.51,住家用,鋼筋混凝土造,83年4月23日,十六層,十層 陽台,全筆移轉
RPOPMLSJKHKGFAO88DA,31,10.19,共有部分,鋼筋混凝土造,83年4月23日,十六層,,持分移轉
RPOPMLSJKHKGFAO88DA,31,1.74,商業用,鋼筋混凝土造,83年4月23日,一層,地下一層,持分移轉
RPOPMLSJKHKGFAO88DA,31,.04,共有部分,鋼筋混凝土造,83年4月23日,二層,,持分移轉
RPOPMLSJKHKGFAO88DA,31,38.86,共有部分,鋼筋混凝土造,83年4月23日,二層,,持分移轉
RPOPMLSJKHKGFAO88DA,31,.12,共有部分,鋼筋混凝土造,83年4月23日,二層,,持分移轉
RPWOMLMLJHKGFAO09DA,30,257.60,商業用,鋼筋混凝土造,83年11月9日,十二層,八層 陽台,全筆移轉
RPWOMLMLJHKGFAO09DA,30,50.12,共有部分,鋼筋混凝土造,83年11月9日,十二層,,持分移轉
RPWOMLMLJHKGFAO09DA,30,36.73,共有部分,鋼筋混凝土造,83年11月9日,十二層,,持分移轉
RPXNMLOKKHKGFAO66DA,37,69.05,住家用,鋼筋混凝土造,76年8月26日,二層,一層 二層 見使用執照,持分移轉
RPTNMLNLJHKGFAO78DA,19,.07,守衛室,鋼筋混凝土造,94年8月30日,十四層,一層,持分移轉
RPTNMLNLJHKGFAO78DA,19,135.78,集合住宅,鋼筋混凝土造,94年8月30日,十四層,四層 陽台,全筆移轉
RPTNMLNLJHKGFAO78DA,19,54.56,停車空間、防空避難室、開放空間,鋼筋混凝土造,94年8月30日,十四層,,持分移轉
RPTNMLNLJHKGFAO78DA,19,27.11,停車空間、防空避難室、開放空間,鋼筋混凝土造,94年8月30日,十四層,,持分移轉
RPTNMLNLJHKGFAO78DA,19,.01,樓梯間等共同使用部分,鋼筋混凝土造,94年8月30日,十四層,,持分移轉
RPTNMLNLJHKGFAO78DA,19,23.24,樓梯間等共同使用部分,鋼筋混凝土造,94年8月30日,十四層,,持分移轉
RPVNMLOKKHKGFAO09DA,37,69.05,住家用,鋼筋混凝土造,76年8月26日,二層,一層 二層 見使用執照,持分移轉
RPTOMLPJKHKGFAO98DA,27,25.76,住家用,鋼筋混凝土造,87年3月18日,四層,四層 陽台,全筆移轉
RPTOMLPJKHKGFAO98DA,27,6.45,共有部分,鋼筋混凝土造,87年3月18日,四層,,持分移轉
RPXNMLKKJHKGFAO78DA,,93.94,住家用,鋼筋混凝土造,,五層,二層 陽台,全筆移轉
RPXNMLKKJHKGFAO78DA,,11.37,共有部分,鋼筋混凝土造,,五層,,持分移轉
RPXNMLKKJHKGFAO78DA,,7.46,共有部分,鋼筋混凝土造,,五層,,持分移轉
RPWOMLOKKHKGFAO66DA,30,7.88,商業用,鋼筋混凝土造,83年10月29日,六層,一層 平台,持分移轉
RPWOMLOKKHKGFAO66DA,30,37.71,住家用,鋼筋混凝土造,83年10月29日,六層,三層 陽台,全筆移轉
RPWOMLOKKHKGFAO66DA,30,11.55,共有部分,鋼筋混凝土造,83年10月29日,六層,,持分移轉
RPWOMLOKKHKGFAO66DA,30,38.50,共有部分,鋼筋混凝土造,83年10月29日,六層,,持分移轉
RPTNMLNJJHKGFAO58DA,29,21.60,住家用,鋼筋混凝土造,84年12月22日,十二層,四層 陽台 花台,全筆移轉
RPTNMLNJJHKGFAO58DA,29,3.46,共有部分,鋼筋混凝土造,84年12月22日,十二層,,持分移轉
RPTNMLNJJHKGFAO58DA,29,2.14,共有部分,鋼筋混凝土造,84年12月22日,十二層,,持分移轉
RPQNMLQJKHKGFAO78EA,28,6.77,商業用,鋼筋混凝土造,85年11月14日,二十一層,地下二層,持分移轉
RPRNMLQJKHKGFAO88EA,28,1.50,商業用,鋼筋混凝土造,85年11月14日,二十一層,地下二層,持分移轉
RPQNMLQJKHKGFAO78EA,28,.02,共有部分,鋼筋混凝土造,85年11月14日,二十一層,,持分移轉
RPRNMLQJKHKGFAO88EA,28,.01,共有部分,鋼筋混凝土造,85年11月14日,二十一層,,持分移轉
RPQNMLQJKHKGFAO78EA,28,1.43,共有部分,鋼筋混凝土造,85年11月14日,二十一層,,持分移轉
RPRNMLQJKHKGFAO88EA,28,.32,共有部分,鋼筋混凝土造,85年11月14日,二十一層,,持分移轉
RPRNMLQJKHKGFAO88EA,28,60.87,共有部分,鋼筋混凝土造,85年11月14日,二十一層,,持分移轉
RPQNMLQJKHKGFAO78EA,28,273.89,共有部分,鋼筋混凝土造,85年11月14日,二十一層,,持分移轉
RPRNMLQJKHKGFAO88EA,28,.01,共有部分,鋼筋混凝土造,85年11月14日,二十一層,,持分移轉
RPRNMLQJKHKGFAO88EA,28,.11,共有部分,鋼筋混凝土造,85年11月14日,二十一層,,持分移轉
RPQNMLQJKHKGFAO78EA,28,.02,共有部分,鋼筋混凝土造,85年11月14日,二十一層,,持分移轉
RPQNMLQJKHKGFAO78EA,28,.51,共有部分,鋼筋混凝土造,85年11月14日,二十一層,,持分移轉
RPVNMLNJKHKGFAO88DA,44,92.23,住家用,鋼筋混凝土造,70年5月6日,五層,四層,全筆移轉
RPXRMLQJKHKGFAO17DA,,48.00,住家用,土造,,一層,一層,全筆移轉
RPOPMLOJKHKGFAO48DA,9,81.16,集合住宅,鋼筋混凝土造,104年9月27日,十四層,七層 陽台 雨遮,全筆移轉
RPOPMLOJKHKGFAO48DA,9,52.00,共有部分,鋼筋混凝土造,104年9月27日,十四層,,持分移轉
RPOPMLOJKHKGFAO48DA,9,13.26,共有部分,鋼筋混凝土造,104年9月27日,十四層,,持分移轉
RPXNMLPJKHKGFAO66DA,43,112.05,住家用,鋼筋混凝土造,70年12月29日,五層,三層 陽台,全筆移轉
RPQPMLPKJHKGFAO78DA,7,223.95,集合住宅、梯間、停車空間,鋼筋混凝土造,106年12月29日,四層,一層 二層 三層 四層 陽台 屋簷 見其他登記事項,全筆移轉
RPRNMLKLJHKGFAO28DA,,6.65,共有部分,鋼筋混凝土造,,五層,,持分移轉
RPRNMLKLJHKGFAO28DA,,6.07,共有部分,鋼筋混凝土造,,五層,,持分移轉
RPRNMLKLJHKGFAO28DA,,93.84,住家用,鋼筋混凝土造,,五層,一層,全筆移轉
RPSNMLQJKHKGFAO88DA,10,250.61,騎樓、店舖、停車空間、門廊、集合住宅,鋼筋混凝土造,104年3月10日,五層,一層 二層 三層 四層 五層 陽台 騎樓,全筆移轉
RPRNMLQJKHKGFAO78DA,12,104.83,集合住宅,鋼筋混凝土造,101年10月15日,二十五層,十二層 陽台 雨遮,全筆移轉
RPRNMLQJKHKGFAO78DA,12,50.84,共有部分,鋼筋混凝土造,101年10月15日,二十五層,,持分移轉
RPRNMLQJKHKGFAO78DA,12,27.92,共有部分,鋼筋混凝土造,101年10月15日,二十五層,,持分移轉
RPVTNLOLJHKGFAO17DA,30,45.30,住家用,鋼筋混凝土造,84年2月27日,十層,三層 陽台,全筆移轉
RPVTNLOLJHKGFAO17DA,30,20.65,共有部分,鋼筋混凝土造,84年2月27日,十層,,持分移轉
RPVTNLOLJHKGFAO17DA,30,2.02,共同使用部份,鋼筋混凝土造,84年2月27日,十層,,持分移轉
RPSNMLPJKHKGFAO78DA,,64.91,集合住宅,鋼筋混凝土造,113年6月25日,十四層,七層 陽台,全筆移轉
RPSNMLPJKHKGFAO78DA,,17.42,共有部分,鋼筋混凝土造,113年6月25日,十四層,,持分移轉
RPSNMLPJKHKGFAO78DA,,37.44,共有部分,鋼筋混凝土造,113年6月25日,十四層,,持分移轉
RPQNMLKKKHKGFAO18DA,,131.56,住家用,鋼筋混凝土造,,七層,二層 陽台,全筆移轉
RPQNMLKKKHKGFAO18DA,,24.02,共有部分,鋼筋混凝土造,,七層,,持分移轉
RPQNMLKKKHKGFAO18DA,,8.67,見使用執照,鋼筋混凝土造,,七層,,持分移轉
RPQNMLKKJHKGFAO08DA,,75.14,集合住宅,鋼筋混凝土造,113年7月16日,五層,五層 陽台,全筆移轉
RPQNMLKKJHKGFAO08DA,,52.70,共有部分,鋼筋混凝土造,113年7月16日,五層,,持分移轉
RPQNMLLKKHKGFAO28DA,,10.84,共有部分,鋼筋混凝土造,,七層,,持分移轉
RPQNMLLKKHKGFAO28DA,,10.72,共有部分,鋼筋混凝土造,,七層,,持分移轉
RPQNMLLKKHKGFAO28DA,,99.08,住家用,鋼筋混凝土造,,七層,三層,全筆移轉
RPQNMLTJJHKGFAO88DA,27,20.40,住家用,鋼筋混凝土造,86年7月7日,五層,陽台 地下一層,全筆移轉
RPQNMLTJJHKGFAO88DA,27,7.92,共有部分,鋼筋混凝土造,86年7月7日,五層,,持分移轉
RPQNMLTJJHKGFAO88DA,27,.50,住家用,鋼筋混凝土造,86年7月7日,四層,一層,持分移轉
RPQNMLTJJHKGFAO88DA,27,.50,住家用,鋼筋混凝土造,86年7月7日,四層,三層,持分移轉
RPROMLSJJHKGFAO98DA,31,29.90,住家用,鋼筋混凝土造,82年11月9日,五層,二層 陽台,全筆移轉
RPROMLSJJHKGFAO98DA,31,9.10,共有部分,鋼筋混凝土造,82年11月9日,五層,,持分移轉
SPWNMLLLJHKGFAO98DA,,31.78,共有部分,鋼筋混凝土造,113年11月27日,十八層,,持分移轉
RPUTNLOLJHKGFAO07DA,28,31.08,住家用,鋼筋混凝土造,86年2月17日,十二層,五層 陽台,全筆移轉
RPUTNLOLJHKGFAO07DA,28,6.02,梯間,鋼筋混凝土造,86年2月17日,十二層,,持分移轉
RPUTNLOLJHKGFAO07DA,28,4.37,避難室兼停車空間,鋼筋混凝土造,86年2月17日,十二層,,持分移轉
RPPNMLLKKHKGFAO18DA,43,86.03,住家用,鋼筋混凝土造,70年7月10日,五層,三層,全筆移轉
RPSNMLKKKHKGFAO38DA,15,81.52,集合住宅,鋼筋混凝土造,98年9月9日,十五層,三層 陽台 雨遮,全筆移轉
RPSNMLKKKHKGFAO38DA,15,48.07,停車空間、設備機房、防空避難室、開放空間,鋼筋混凝土造,98年9月9日,十五層,,持分移轉
RPSNMLKKKHKGFAO38DA,15,14.14,樓梯間、電梯機械室、水箱,鋼筋混凝土造,98年9月9日,十五層,,持分移轉
RPPOMLMKKHKGFAO38DA,6,60.19,集合住宅,鋼筋混凝土造,108年1月10日,九層,七層 陽台 雨遮,全筆移轉
RPPOMLMKKHKGFAO38DA,6,16.55,共有部分,鋼筋混凝土造,108年1月10日,九層,,持分移轉
RPPOMLMKKHKGFAO38DA,6,20.80,共有部分,鋼筋混凝土造,108年1月10日,九層,,持分移轉
RPPPMLOJKHKGFAO58DA,18,24.96,集合住宅,鋼筋混凝土造,95年10月22日,五層,四層 陽台 雨遮,全筆移轉
RPPPMLOJKHKGFAO58DA,18,13.04,梯間、突出物、機電設備、電梯、水箱、機械室,鋼筋混凝土造,95年10月22日,五層,,持分移轉
RPQNMLQJKHKGFAO68DA,1,302.86,停車空間、店鋪、辦公室、樓梯間,鋼筋混凝土造,112年11月20日,二層,一層 二層 陽台 地下一層 見其他登記事項,全筆移轉
RPQNMLQJKHKGFAO68DA,1,21.77,共有部分,鋼筋混凝土造,112年11月20日,十四層,,持分移轉
RPOOMLMKKHKGFAO28DA,16,178.11,住宅、停車空間、機電空間,鋼筋混凝土造,98年4月30日,三層,一層 二層 三層 陽台 雨遮 地下一層,持分移轉
RPSNMLKKKHKGFAO48EA,,107.56,住家用,加強磚造,,二層,一層 二層,全筆移轉
RPPNMLSLKIJGFAO98DA,14,99.14,集合住宅,鋼筋混凝土造,99年8月20日,十一層,六層 陽台 雨遮,全筆移轉
RPUOMLRLKIJGFAO86DA,17,.34,守衛室,鋼筋混凝土造,96年9月29日,六層,一層,持分移轉
RPPNMLSLKIJGFAO98DA,14,32.19,共有部分,鋼筋混凝土造,99年8月20日,十一層,,持分移轉
RPPNMLSLKIJGFAO98DA,14,16.18,共有部分,鋼筋混凝土造,99年8月20日,十一層,,持分移轉
RPUOMLRLKIJGFAO86DA,17,26.21,住宅、機電空間,鋼筋混凝土造,96年9月29日,六層,四層 陽台,全筆移轉
RPUOMLRLKIJGFAO86DA,17,.01,梯間、機械室、水箱,鋼筋混凝土造,96年9月29日,六層,,持分移轉
RPUOMLRLKIJGFAO86DA,17,8.98,梯間、機械室、水箱,鋼筋混凝土造,96年9月29日,六層,,持分移轉
RPUOMLRLKIJGFAO86DA,17,15.39,防空避難室兼停車空間,鋼筋混凝土造,96年9月29日,六層,,持分移轉
RPUOMLRLKIJGFAO86DA,17,4.35,防空避難室兼停車空間,鋼筋混凝土造,96年9月29日,六層,,持分移轉
RPWNMLKKKHKGFAO78DA,3,30.46,集合住宅,鋼筋混凝土造,110年12月6日,五層,三層 陽台,全筆移轉
RPWNMLKKKHKGFAO78DA,3,.30,共有部分,鋼筋混凝土造,110年12月6日,五層,,持分移轉
RPWNMLKKKHKGFAO78DA,3,13.84,共有部分,鋼筋混凝土造,110年12月6日,五層,,持分移轉
RPQNMLMKKHKGFAO48EA,,209.35,住家用,鋼筋混凝土造,,四層,一層 二層 三層 四層 陽台 平台 雨遮,全筆移轉
RPPNMLOKKHKGFAO48DA,,76.86,住家用,鋼筋混凝土造,,五層,二層,全筆移轉
RPPNMLOKKHKGFAO48DA,,6.89,共有部分,鋼筋混凝土造,,000,,持分移轉
RPRNMLNKKHKGFAO58DA,29,213.96,住宅、停車空間,鋼筋混凝土造,85年4月7日,三層,一層 二層 三層 陽台 平台 屋頂突出物 雨遮 地下一層,全筆移轉
RPRNMLNKKHKGFAO58DA,29,17.69,共有部分,鋼筋混凝土造,85年4月7日,三層,,持分移轉
RPWNMLKLKIJGFAO88DA,,7.17,共有部分,鋼筋混凝土造,,十一層,,持分移轉
RPWNMLKLKIJGFAO88DA,,10.06,共有部分,鋼筋混凝土造,,十一層,,持分移轉
RPWNMLKLKIJGFAO88DA,,54.12,商業用,鋼筋混凝土造,,十一層,十層,全筆移轉
RPRNMLKMKIJGFAO48DA,27,107.97,住家用,鋼筋混凝土造,86年12月1日,十二層,十層 陽台,全筆移轉
RPRNMLKMKIJGFAO48DA,27,30.81,共有部分,鋼筋混凝土造,86年12月1日,十二層,,持分移轉
RPRNMLNLJHKGFAO58DA,11,91.25,集合住宅,鋼筋混凝土造,103年3月10日,七層,七層 陽台 雨遮 見其他登記事項,全筆移轉
RPRNMLNLJHKGFAO58DA,11,68.94,共有部分,鋼筋混凝土造,103年3月10日,七層,,持分移轉
RPRNMLNLJHKGFAO58DA,11,16.41,共有部分,鋼筋混凝土造,103年3月10日,七層,,持分移轉
RPSNMLQLKIJGFAO09DA,,85.51,集合住宅,鋼筋混凝土造,113年11月5日,十層,三層 陽台,全筆移轉
RPSNMLQLKIJGFAO09DA,,75.90,共有部分,鋼筋混凝土造,113年11月5日,十層,,持分移轉
RPTNMLQLKIJGFAO56DA,,78.49,集合住宅,鋼筋混凝土造,113年11月5日,十層,四層 陽台,全筆移轉
RPTNMLQLKIJGFAO56DA,,71.74,共有部分,鋼筋混凝土造,113年11月5日,十層,,持分移轉
RPSOMLLLJHKGFAO58DA,1,171.17,集合住宅、樓梯間,鋼筋混凝土造,112年12月8日,三層,一層 二層 三層 陽台 見其他登記事項,全筆移轉
RPUSMLQJKHKGFAO96DA,,571.42,,鋼筋混凝土造,,四層,一層 二層 三層 四層 騎樓 地下層,全筆移轉
RPROMLRJJHKGFAO88DA,16,32.56,辦公室,鋼筋混凝土造,98年3月19日,十層,四層 陽台 雨遮,全筆移轉
RPROMLRJJHKGFAO88DA,16,14.76,防空避難室兼停車空間、水箱、機房、電信機房、樓梯間,鋼筋混凝土造,98年3月19日,十層,,持分移轉
RPROMLRJJHKGFAO88DA,16,4.05,樓梯間,鋼筋混凝土造,98年3月19日,十層,,持分移轉
RPSNMLNLJIJGFAO68DA,29,238.62,住家用,鋼筋混凝土造,85年3月21日,三層,一層 二層 三層 陽台 平台 露台 地下一層,全筆移轉
RPSNMLNLJIJGFAO68DA,29,15.02,共有部分,鋼筋混凝土造,85年3月21日,三層,,持分移轉
RPQOMLKLJHKGFAO28DA,,71.27,集合住宅,鋼筋混凝土造,113年6月11日,五層,二層 陽台,全筆移轉
RPQOMLKLJHKGFAO28DA,,18.33,共有部分,鋼筋混凝土造,113年6月11日,五層,,持分移轉
RPQOMLKLJHKGFAO28DA,,24.01,共有部分,鋼筋混凝土造,113年6月11日,五層,,持分移轉
RPOOMLPJKHKGFAO48DA,12,61.31,辦公室,鋼筋混凝土造,101年10月16日,九層,六層 陽台 雨遮,全筆移轉
RPOOMLPJKHKGFAO48DA,12,58.94,共有部分,鋼筋混凝土造,101年10月16日,九層,,持分移轉
RPTPMLSJKHKGFAO76DA,26,1.45,社區活動中心,鋼筋混凝土造,87年6月23日,二十一層,一層 陽台 地下一層 地下二層 地下三層,持分移轉
RPTPMLSJKHKGFAO76DA,26,.29,社區活動中心,鋼筋混凝土造,87年6月23日,二十一層,一層 陽台,持分移轉
RPTPMLSJKHKGFAO76DA,26,86.59,住家用,鋼筋混凝土造,87年6月23日,二十一層,十層 陽台 花台,全筆移轉
RPTPMLSJKHKGFAO76DA,26,27.45,共有部分,鋼筋混凝土造,87年6月23日,二十二層,,持分移轉
RPTPMLSJKHKGFAO76DA,26,39.38,停車空間,鋼筋混凝土造,87年6月23日,二十二層,,持分移轉
RPVNMLKKKHKGFAO68DA,16,48.61,集合住宅,鋼筋混凝土造,97年11月8日,十一層,五層 陽台 雨遮,全筆移轉
RPVNMLKKKHKGFAO68DA,16,8.18,樓梯間,鋼筋混凝土造,97年11月8日,十一層,,持分移轉
RPVNMLKKKHKGFAO68DA,16,13.73,防空避難室兼停車空間、騎樓、樓梯間、電梯機房、水箱,鋼筋混凝土造,97年11月8日,十一層,,持分移轉
RPSOMLKKKHKGFAO48DA,9,82.69,集合住宅,鋼筋混凝土造,104年12月8日,二十七層,七層 陽台 雨遮,全筆移轉
RPSOMLKKKHKGFAO48DA,9,20.37,共有部分,鋼筋混凝土造,104年12月8日,二十七層,,持分移轉
RPSOMLKKKHKGFAO48DA,9,51.62,共有部分,鋼筋混凝土造,104年12月8日,二十七層,,持分移轉
RPVNMLQLKIJGFAO76DA,,82.77,集合住宅,鋼筋混凝土造,113年11月5日,十層,五層 陽台,全筆移轉
RPVNMLQLKIJGFAO76DA,,74.28,共有部分,鋼筋混凝土造,113年11月5日,十層,,持分移轉
RPQNMLOKJIJGFAO48DA,,11.62,共有部分,鋼筋混凝土造,,五層,,持分移轉
RPQNMLOKJIJGFAO48DA,,40.70,住家用,鋼筋混凝土造,,五層,三層 陽台,全筆移轉
RPROMLQJJHKGFAO78DA,29,73.02,住家用,鋼筋混凝土造,85年5月9日,七層,七層 陽台,全筆移轉
RPROMLQJJHKGFAO78DA,29,29.91,共有部分,鋼筋混凝土造,85年5月9日,七層,,持分移轉
RPWOMLQJJHKGFAO66DA,17,58.29,集合住宅,鋼筋混凝土造,96年12月20日,十三層,十二層 陽台 雨遮,全筆移轉
RPWOMLQJJHKGFAO66DA,17,.03,管理員室,鋼筋混凝土造,96年12月20日,十三層,一層,持分移轉
RPWOMLQJJHKGFAO66DA,17,10.96,防空避難室兼停車空間、停車空間、廣場式頂蓋型開放空間、沿街步道式頂蓋型開放空間、管理員室、集合住宅,鋼筋混凝土造,96年12月20日,十三層,,持分移轉
RPWOMLQJJHKGFAO66DA,17,27.12,防空避難室兼停車空間、停車空間、廣場式頂蓋型開放空間、沿街步道式頂蓋型開放空間、管理員室、集合住宅,鋼筋混凝土造,96年12月20日,十三層,,持分移轉
RPWOMLQJJHKGFAO66DA,17,12.14,集合住宅、梯間、機械室、水箱,鋼筋混凝土造,96年12月20日,十三層,,持分移轉
RPURMLQJKHKGFAO86DA,17,230.20,停車空間、住宅,鋼筋混凝土造,97年3月15日,四層,一層 二層 三層 四層 陽台,全筆移轉
RPWOMLLLJHKGFAO98DA,17,51.83,集合住宅,鋼筋混凝土造,97年1月31日,十五層,五層 陽台 雨遮,全筆移轉
RPWOMLLLJHKGFAO98DA,17,52.23,梯間水箱機械室防空避難室兼停車空間及開放空間受電室,鋼筋混凝土造,97年1月31日,十五層,,持分移轉
RPUNMLLKKHKGFAO68DA,29,162.78,住家用,鋼筋混凝土造,84年7月22日,三層,一層 二層 三層 陽台 地下層,全筆移轉
RPUOMLLKKHKGFAO78DA,27,25.02,住家用,鋼筋混凝土造,87年3月18日,四層,四層 陽台,全筆移轉
RPUOMLLKKHKGFAO78DA,27,7.56,共有部分,鋼筋混凝土造,87年3月18日,四層,,持分移轉
RPQOMLMKKHKGFAO48DA,8,.01,辦公室,鋼筋混凝土造,105年10月4日,三十層,一層,持分移轉
RPQOMLMKKHKGFAO48DA,8,84.33,辦公室,鋼筋混凝土造,105年10月4日,三十層,十層,全筆移轉
RPQOMLMKKHKGFAO48DA,8,35.34,共有部分,鋼筋混凝土造,105年10月4日,三十層,,持分移轉
RPQOMLMKKHKGFAO48DA,8,21.37,共有部分,鋼筋混凝土造,105年10月4日,三十層,,持分移轉
RPQOMLMKKHKGFAO48DA,8,19.94,共有部分,鋼筋混凝土造,105年10月4日,三十層,,持分移轉
RPQOMLMKKHKGFAO48DA,8,3.15,共有部分,鋼筋混凝土造,105年10月4日,三十層,,持分移轉
RPTNMLSJJIJGFAO09DA,29,72.67,住家用,鋼筋混凝土造,84年9月27日,六層,六層 陽台,全筆移轉
RPTNMLSJJIJGFAO09DA,29,13.13,共有部分,鋼筋混凝土造,84年9月27日,六層,,持分移轉
RPTNMLSJJIJGFAO09DA,29,23.98,共有部分,鋼筋混凝土造,84年9月27日,六層,,持分移轉
RPPOMLMJKIJGFAO28DA,,209.34,停車空間、集合住宅、樓梯間,鋼筋混凝土造,113年9月10日,四層,一層 二層 三層 四層 陽台 見其他登記事項,全筆移轉
RPOOMLMJKIJGFAO18DA,,198.93,停車空間、集合住宅、樓梯間,鋼筋混凝土造,113年9月10日,四層,一層 二層 三層 四層 陽台 見其他登記事項,全筆移轉
RPTNMLQLJIJGFAO09DA,31,96.13,住家用,鋼筋混凝土造,82年11月11日,七層,六層 陽台,全筆移轉
RPTNMLQLJIJGFAO09DA,31,28.71,共有部分,鋼筋混凝土造,82年11月11日,七層,,持分移轉
RPRNMLOLJHKGFAO68DA,16,.01,守衛室,鋼筋混凝土造,97年9月11日,十八層,一層,持分移轉
RPRNMLOLJHKGFAO68DA,16,.02,守衛室,鋼筋混凝土造,97年9月11日,十三層,一層,持分移轉
RPRNMLOLJHKGFAO68DA,16,24.37,策略性產業辦公室,鋼筋混凝土造,97年9月11日,十三層,十一層 陽台,全筆移轉
RPRNMLOLJHKGFAO68DA,16,.00,樓梯間、機械室、水箱、開放空間,鋼筋混凝土造,97年9月11日,十八層,,持分移轉
RPRNMLOLJHKGFAO68DA,16,.01,樓梯間、機械室、水箱、開放空間,鋼筋混凝土造,97年9月11日,十三層,,持分移轉
RPRNMLOLJHKGFAO68DA,16,8.50,樓梯間、機械室、水箱、開放空間,鋼筋混凝土造,97年9月11日,十三層,,持分移轉
RPRNMLOLJHKGFAO68DA,16,28.17,停車空間兼防空避難室、機械室、機房、受電室,鋼筋混凝土造,97年9月11日,十八層,,持分移轉
RPRNMLOLJHKGFAO68DA,16,4.04,停車空間兼防空避難室、機械室、機房、受電室,鋼筋混凝土造,97年9月11日,十八層,,持分移轉
RPRNMLOLJHKGFAO68DA,16,.00,停車空間兼防空避難室、機械室、機房、受電室,鋼筋混凝土造,97年9月11日,十八層,,持分移轉
RPUOMLTJKIJGFAO86DA,,85.54,住家用,鋼筋混凝土造,,五層,一層 平台,全筆移轉
RPUOMLTJKIJGFAO86DA,,19.49,共有部分,鋼筋混凝土造,,五層,,持分移轉
RPQNMLRKKHKGFAO88DA,16,24.38,辦公室,鋼筋混凝土造,97年7月1日,九層,二層 陽台,全筆移轉
RPQNMLRKKHKGFAO88DA,16,13.27,停車空間、機械室、污水機房、電信室、防空避難室兼停車空間、台電配電室、梯間、水箱,鋼筋混凝土造,97年7月1日,九層,,持分移轉
RPQNMLRKKHKGFAO88DA,16,.03,守衛室,鋼筋混凝土造,97年7月1日,九層,,持分移轉
RPOOMLMJJHKGFAO08DA,,78.00,住家用,鋼筋混凝土造,,六層,五層,全筆移轉
RPRPMLKKKHKGFAO48DA,,287.23,集合住宅、停車空間、樓梯間,鋼筋混凝土造,113年7月4日,四層,一層 二層 三層 四層 陽台 見其他登記事項,全筆移轉
RPRNMLPJKHKGFAO68DA,21,208.11,人行道、車庫、機房、梯間、住宅、店舖,鋼筋混凝土造,92年11月10日,四層,一層 二層 三層 四層 屋頂突出物 騎樓,全筆移轉
RPQNMLOLKIJGFAO68DA,29,64.61,住家用,鋼筋混凝土造,84年9月25日,十三層,十一層 陽台,全筆移轉
RPQNMLOLKIJGFAO68DA,29,6.56,共有部分,鋼筋混凝土造,84年9月25日,十三層,,持分移轉
RPQNMLOLKIJGFAO68DA,29,6.52,共有部分,鋼筋混凝土造,84年9月25日,十三層,,持分移轉
RPPOMLKKKHKGFAO18DA,33,22.77,見使用執照,鋼筋混凝土造,80年9月9日,七層,一層 平台 騎樓,全筆移轉
RPPOMLKKKHKGFAO18DA,33,6.14,共有部分,鋼筋混凝土造,80年9月9日,七層,,持分移轉
RPPOMLKKKHKGFAO18DA,33,2.57,共有部分,鋼筋混凝土造,80年9月9日,七層,,持分移轉
RPVOMLNKKHKGFAO09DA,43,83.82,住家用,鋼筋混凝土造,71年1月19日,五層,二層,全筆移轉
RPPNMLNKKHKGFAO38DA,16,26.38,辦公室,鋼筋混凝土造,97年12月30日,十層,二層 雨遮,全筆移轉
RPPNMLNKKHKGFAO38DA,16,12.28,停車空間、機械室、樓梯間,鋼筋混凝土造,97年12月30日,十層,,持分移轉
RPPNMLNKKHKGFAO38DA,16,4.25,樓梯間,鋼筋混凝土造,97年12月30日,十層,,持分移轉
RPWRMLQJKHKGFAO07DA,28,27.92,住家用,鋼筋混凝土造,85年7月29日,五層,二層 陽台,全筆移轉
RPWRMLQJKHKGFAO07DA,28,14.93,梯間走道停車空間機械室等公共設備,鋼筋混凝土造,85年7月29日,五層,,持分移轉
RPWNMLSJKHKGFAO86DA,16,.20,守衛室,鋼筋混凝土造,97年7月20日,二十四層,一層,持分移轉
RPWNMLSJKHKGFAO86DA,16,158.57,集合住宅,鋼筋混凝土造,97年7月20日,二十四層,十四層 陽台,全筆移轉
RPWNMLSJKHKGFAO86DA,16,23.34,防空避難室兼停車空間、休閒區,鋼筋混凝土造,97年7月20日,二十四層,,持分移轉
RPWNMLSJKHKGFAO86DA,16,35.76,防空避難室兼停車空間、休閒區,鋼筋混凝土造,97年7月20日,二十四層,,持分移轉
RPWNMLSJKHKGFAO86DA,16,27.42,樓梯間、水箱、機械室,鋼筋混凝土造,97年7月20日,二十四層,,持分移轉
RPSNMLRJJHKGFAO88DA,8,71.02,集合住宅,鋼筋混凝土造,105年5月1日,二十三層,二十一層 陽台,全筆移轉
RPSNMLRJJHKGFAO88DA,8,14.82,共有部分,鋼筋混凝土造,105年5月1日,二十三層,,持分移轉
RPSNMLRJJHKGFAO88DA,8,45.06,共有部分,鋼筋混凝土造,105年5月1日,二十三層,,持分移轉
RPXNMLNLJHKGFAO56DA,29,361.15,住工用,鋼筋混凝土造,84年6月16日,四層,一層 二層 三層 四層 陽台 平台 雨遮,全筆移轉
RPVOMLRJKHKGFAO76DA,,74.51,住家用,鋼筋混凝土造,,四層,二層,全筆移轉
RPSNMLOLKIJGFAO88DA,42,116.00,住家用,加強磚造,71年10月28日,二層,一層 二層 陽台 平台,全筆移轉
RPQOMLQJKIJGFAO78DA,32,299.58,住商用,鋼筋混凝土造,81年12月16日,四層,一層 二層 三層 四層 陽台 屋頂突出物 騎樓,全筆移轉
RPXOMLOLIIJGFAO66DA,1,55.68,集合住宅,鋼筋混凝土造,113年1月29日,十五層,九層 陽台,全筆移轉
RPXOMLOLIIJGFAO66DA,1,46.79,共有部分,鋼筋混凝土造,113年1月29日,十五層,,持分移轉
RPSNMLPJJIJGFAO68DA,19,91.19,集合住宅,鋼筋混凝土造,94年11月28日,十四層,六層 陽台,全筆移轉
RPSNMLPJJIJGFAO68DA,20,11.04,防空避難室、車庫、管理室等共同使用部份,鋼筋混凝土造,94年2月3日,十四層,,持分移轉
RPSNMLPJJIJGFAO68DA,19,12.59,樓梯間等共同使用部份,鋼筋混凝土造,94年11月28日,十四層,,持分移轉
RPPOMLQKJHKGFAO68DA,,135.78,集合住宅,鋼筋混凝土造,113年10月30日,五層,三層 陽台,全筆移轉
RPPOMLQKJHKGFAO68DA,,68.77,共有部分,鋼筋混凝土造,113年10月30日,五層,,持分移轉
RPVNMLQKJHKGFAO56DA,,6.65,共有部分,鋼筋混凝土造,,五層,,持分移轉
RPVNMLQKJHKGFAO56DA,,6.02,共有部分,鋼筋混凝土造,,五層,,持分移轉
RPVNMLQKJHKGFAO56DA,,109.19,住家用,鋼筋混凝土造,,五層,四層,全筆移轉
RPOOMLQKJHKGFAO58DA,,135.78,集合住宅,鋼筋混凝土造,113年10月30日,五層,二層 陽台,全筆移轉
RPOOMLQKJHKGFAO58DA,,65.16,共有部分,鋼筋混凝土造,113年10月30日,五層,,持分移轉
RPQOMLMJJHKGFAO28DA,,88.64,集合住宅,鋼筋混凝土造,113年10月24日,十五層,三層 陽台,全筆移轉
RPQOMLMJJHKGFAO28DA,,76.88,共有部分,鋼筋混凝土造,113年10月24日,十五層,,持分移轉
RPWNMLLLJHKGFAO88DA,,180.45,集合住宅,鋼筋混凝土造,113年11月27日,十八層,二層 陽台,全筆移轉
RPWNMLLLJHKGFAO88DA,,60.67,共有部分,鋼筋混凝土造,113年11月27日,十八層,,持分移轉
RPWNMLLLJHKGFAO88DA,,67.45,共有部分,鋼筋混凝土造,113年11月27日,十八層,,持分移轉
RPXNMLLLJHKGFAO98DA,,180.45,集合住宅,鋼筋混凝土造,113年11月27日,十八層,十一層 陽台,全筆移轉
RPXNMLLLJHKGFAO98DA,,60.67,共有部分,鋼筋混凝土造,113年11月27日,十八層,,持分移轉
RPXNMLLLJHKGFAO98DA,,99.24,共有部分,鋼筋混凝土造,113年11月27日,十八層,,持分移轉
RPTOMLMJJHKGFAO58DA,,88.64,集合住宅,鋼筋混凝土造,113年10月24日,十五層,十五層 陽台,全筆移轉
RPTOMLMJJHKGFAO58DA,,73.85,共有部分,鋼筋混凝土造,113年10月24日,十五層,,持分移轉
RPPPMLMJJHKGFAO28DA,,81.46,集合住宅,鋼筋混凝土造,113年10月24日,十五層,三層 陽台,全筆移轉
RPPPMLMJJHKGFAO28DA,,70.22,共有部分,鋼筋混凝土造,113年10月24日,十五層,,持分移轉
RPQPMLMJJHKGFAO38DA,,81.46,集合住宅,鋼筋混凝土造,113年10月24日,十五層,六層 陽台,全筆移轉
RPQPMLMJJHKGFAO38DA,,76.28,共有部分,鋼筋混凝土造,113年10月24日,十五層,,持分移轉
RPQONLOKJHKGFAO68DA,,152.98,住家用,加強磚造,,二層,一層 二層,全筆移轉
RPQQMLQJJIJGFAO88DA,23,.08,警衛室,鋼筋混凝土造,90年5月15日,五層,一層,持分移轉
RPQQMLQJJIJGFAO88DA,23,52.19,住家用,鋼筋混凝土造,90年5月15日,五層,一層 陽台,全筆移轉
RPQQMLQJJIJGFAO88DA,23,5.89,樓梯間、水塔,鋼筋混凝土造,90年5月15日,五層,,持分移轉
RPROMLTJRHJGFAO17DA,28,78.52,住家用,鋼筋混凝土造,85年8月30日,十二層,七層 陽台,全筆移轉
RPROMLTJRHJGFAO17DA,28,24.78,共有部分,鋼筋混凝土造,85年8月30日,十二層,,持分移轉
RPRPMLMJJHKGFAO48DA,,81.07,集合住宅,鋼筋混凝土造,113年10月24日,十五層,九層 陽台,全筆移轉
RPRPMLMJJHKGFAO48DA,,76.28,共有部分,鋼筋混凝土造,113年10月24日,十五層,,持分移轉
