﻿編號,屋齡,建物移轉面積平方公尺,主要用途,主要建材,建築完成日期,總層數,建物分層,移轉情形
The serial number,room age,building shifting area square meter,the main use,main building materials,construction completes the date,total layer,building lamination,
RPRNMLKLJHKGFAO38CC,19,16.53,梯間、住宅,鋼筋混凝土造,94年8月20日,四層,,
RPPNMLTKJHKGFAO98CC,1,87.82,集合住宅,鋼筋混凝土造,112年12月20日,二十一層,,
RPPNMLKLJHKGFAO18CC,53,33.05,住家用,加強磚造,60年7月21日,二層,,
RPPNMLTKJHKGFAO98CC,1,25.62,共有部分,鋼筋混凝土造,112年12月20日,二十一層,,
RPPNMLTKJHKGFAO98CC,1,25.23,共有部分,鋼筋混凝土造,112年12月20日,二十一層,,
RPSNMLKLJHKGFAO48CC,44,13.22,住家用,鋼筋混凝土造,70年1月20日,四層,,
RPTNMLKLJHKGFAO58CC,2,85.13,集合住宅,鋼筋混凝土造,112年5月30日,二十九層,,
RPTNMLKLJHKGFAO58CC,2,73.87,共有部分,鋼筋混凝土造,112年5月30日,二十九層,,
RPUNMLLLJHKGFAO78CC,16,118.35,集合住宅,鋼筋混凝土造,98年3月31日,十一層,,
RPUNMLLLJHKGFAO78CC,16,71.17,防空避難室兼停車場、機房、警衛室、眷村文物展示空間、迎賓會館、托兒中心、廊道、管理中心、樓梯間、垃圾集中場、儲藏室、水箱、機房,鋼筋混凝土造,98年3月31日,十四層,,
RPXNMLLLJHKGFAO09CC,43,93.40,住家用,鋼筋混凝土造,71年4月16日,五層,,
RPXNMLLLJHKGFAO09CC,43,13.15,共有部分,鋼筋混凝土造,71年4月16日,五層,,
RPSNMLRKJHKGFAO09CC,29,173.10,住家用,鋼筋混凝土造,84年9月1日,四層,,
RPQNMLRKJHKGFAO88CC,18,69.81,集合住宅,鋼骨鋼筋混凝土造,96年7月3日,二十八層,,
RPQNMLRKJHKGFAO88CC,18,8.42,防空避難室兼停車空間、管理室、門廳、公共設施,鋼骨鋼筋混凝土造,96年7月3日,二十八層,,
RPQNMLRKJHKGFAO88CC,18,17.09,梯間、機房、水箱,鋼骨鋼筋混凝土造,96年7月3日,二十八層,,
RPQNMLRKJHKGFAO88CC,18,.29,Ｘ中繼水箱,鋼骨鋼筋混凝土造,96年7月3日,二十八層,,
RPRNMLRKJHKGFAO98CC,17,78.45,集合住宅,鋼筋混凝土造,97年5月20日,十四層,,
RPRNMLRKJHKGFAO98CC,17,11.48,梯間、機房、水箱,鋼筋混凝土造,97年5月20日,十四層,,
RPRNMLRKJHKGFAO98CC,17,3.38,集合住宅、管理員室,鋼筋混凝土造,97年5月20日,十四層,,
RPRNMLRKJHKGFAO98CC,17,15.67,防空避難室兼停車空間,鋼筋混凝土造,97年5月20日,十四層,,
RPTNMLOKJHKGFAO88CC,25,375.75,停車空間、機械室、住宅,鋼筋混凝土造,88年10月21日,三層,,
RPSNMLOKJHKGFAO78CC,12,101.19,集合住宅,鋼筋混凝土造,102年5月13日,十四層,,
RPSNMLOKJHKGFAO78CC,12,25.91,共有部分,鋼筋混凝土造,102年5月13日,十四層,,
RPSNMLOKJHKGFAO78CC,12,17.04,共有部分,鋼筋混凝土造,102年5月13日,十四層,,
RPSNMLMLJHKGFAO68CC,29,70.67,商業用,鋼筋混凝土造,85年1月31日,十四層,,
RPSNMLMLJHKGFAO68CC,29,27.75,共有部分,鋼筋混凝土造,85年1月31日,十四層,,
RPRNMLMLJHKGFAO58CC,28,84.27,住家用,鋼筋混凝土造,86年5月15日,五層,,
RPRNMLMLJHKGFAO58CC,28,49.71,共有部分,鋼筋混凝土造,86年5月15日,五層,,
RPRNMLMLJHKGFAO58CC,28,9.09,共有部分,鋼筋混凝土造,86年5月15日,五層,,
RPPOMLLLJHKGFAO38CC,41,75.90,住家用,鋼筋混凝土造,73年5月23日,五層,,
RPPNMLMLJHKGFAO38CC,21,50.00,住家用,鋼筋混凝土造,93年4月25日,二層,,
RPTNMLNLJHKGFAO88CC,,31.60,住家用,加強磚造,,二層,,
RPVNMLNLJHKGFAO09CC,25,32.40,住家用,鋼筋混凝土造,89年4月17日,十四層,,
RPVNMLNLJHKGFAO09CC,25,9.24,共有部分,鋼筋混凝土造,89年4月17日,十四層,,
RPUNMLMLJHKGFAO88CC,31,82.22,住家用,鋼筋混凝土造,82年12月16日,七層,,
RPUNMLMLJHKGFAO88CC,31,11.06,共有部分,鋼筋混凝土造,82年12月16日,七層,,
RPUNMLMLJHKGFAO88CC,31,7.79,共有部分,鋼筋混凝土造,82年12月16日,七層,,
RPSNMLNLJHKGFAO78CC,3,33.06,住宅、停車空間、樓梯間,鋼筋混凝土造,110年12月15日,四層,,
RPXNMLNLJHKGFAO66CC,31,87.64,住家用,鋼筋混凝土造,83年6月17日,十二層,,
RPXNMLNLJHKGFAO66CC,31,10.58,住家用,鋼筋混凝土造,83年6月17日,十一層,,
RPXNMLNLJHKGFAO66CC,31,17.85,共有部分,鋼筋混凝土造,83年6月17日,000,,
RPOOMLNLJHKGFAO48CC,1,62.43,集合住宅,鋼筋混凝土造,112年12月20日,二十一層,,
RPOOMLNLJHKGFAO48CC,1,18.22,共有部分,鋼筋混凝土造,112年12月20日,二十一層,,
RPOOMLNLJHKGFAO48CC,1,42.63,共有部分,鋼筋混凝土造,112年12月20日,二十一層,,
RPPOMLNLJHKGFAO58CC,17,82.23,集合住宅,鋼筋混凝土造,96年11月1日,二十九層,,
RPPOMLNLJHKGFAO58CC,17,51.67,管理室、中繼泵浦室、梯間、機房、防空避難室兼停車空間,鋼筋混凝土造,96年11月1日,二十九層,,
RPPOMLNLJHKGFAO58CC,17,14.19,梯間,鋼筋混凝土造,96年11月1日,二十九層,,
RPROMLNLJHKGFAO78CC,27,25.92,住家用,鋼筋混凝土造,86年11月11日,八層,,
RPROMLNLJHKGFAO78CC,27,16.88,共有部分,鋼筋混凝土造,86年11月11日,八層,,
RPSOMLNLJHKGFAO88CC,31,35.70,住家用,鋼筋混凝土造,82年11月4日,九層,,
RPSOMLNLJHKGFAO88CC,31,15.47,共有部分,鋼筋混凝土造,82年11月4日,九層,,
RPTOMLNLJHKGFAO98CC,16,32.56,辦公室,鋼筋混凝土造,98年3月19日,十層,,
RPTOMLNLJHKGFAO98CC,16,14.76,防空避難室兼停車空間、水箱、機房、電信機房、樓梯間,鋼筋混凝土造,98年3月19日,十層,,
RPTOMLNLJHKGFAO98CC,16,4.04,樓梯間,鋼筋混凝土造,98年3月19日,十層,,
RPPPMLNLJHKGFAO68CC,29,60.91,住家用,鋼筋混凝土造,85年3月26日,九層,,
RPPPMLNLJHKGFAO68CC,29,39.75,避難窒、停車空間、梯間,鋼筋混凝土造,85年3月26日,九層,,
RPSNMLOLJHKGFAO88CC,34,24.59,住商用,鋼筋混凝土造,79年9月3日,七層,,
RPSNMLOLJHKGFAO88CC,34,3.82,住商用,鋼筋混凝土造,79年9月3日,七層,,
RPSNMLOLJHKGFAO88CC,34,5.36,共有部分,鋼筋混凝土造,79年9月3日,七層,,
RPXOMLNLJHKGFAO76CC,1,62.43,集合住宅,鋼筋混凝土造,112年12月20日,二十一層,,
RPXOMLNLJHKGFAO76CC,1,18.22,共有部分,鋼筋混凝土造,112年12月20日,二十一層,,
RPXOMLNLJHKGFAO76CC,1,46.60,共有部分,鋼筋混凝土造,112年12月20日,二十一層,,
RPPOMLNJKHKGFAO48CC,27,89.33,住宅,鋼筋混凝土造,87年4月10日,十二層,,
RPPOMLNJKHKGFAO48CC,27,17.59,住家用、突出物、梯間,鋼筋混凝土造,87年4月10日,十二層,,
RPPOMLNJKHKGFAO48CC,27,22.29,住家用、地下室、夾層,鋼筋混凝土造,87年4月10日,十二層,,
RPPNMLQKKHKGFAO78CC,5,13.52,辦公室,鋼筋混凝土造,109年5月12日,二十一層,,
RPSNMLNKKHKGFAO78CC,11,110.57,集合住宅,鋼筋混凝土造,102年9月16日,十四層,,
RPPNMLQKKHKGFAO78CC,5,.00,辦公室（廳）,鋼筋混凝土造,109年5月12日,二十一層,,
RPPNMLNKKHKGFAO48CC,27,162.47,住家用,鋼筋混凝土造,87年2月27日,四層,,
RPSNMLNKKHKGFAO78CC,11,17.62,共有部分,鋼筋混凝土造,102年9月16日,十四層,,
RPVNMLSJKHKGFAO86CC,21,16.53,工場〈廠〉、車庫、辦公室、梯間,鋼骨造,93年4月26日,四層,,
RPPNMLQKKHKGFAO78CC,5,22.21,共有部分,鋼筋混凝土造,109年5月12日,二十一層,,
RPSNMLNKKHKGFAO78CC,11,31.89,共有部分,鋼筋混凝土造,102年9月16日,十四層,,
RPPNMLQJKHKGFAO68CC,15,164.82,集合住宅,鋼筋混凝土造,99年1月5日,十四層,,
RPWNMLSJKHKGFAO96CC,21,16.53,工場〈廠〉、車庫、辦公室、梯間,鋼骨造,93年4月26日,四層,,
RPPNMLQJKHKGFAO68CC,15,10.41,防空避難室兼停車空間,鋼筋混凝土造,99年1月5日,十四層,,
RPPNMLQJKHKGFAO68CC,15,4.57,停車空間,鋼筋混凝土造,99年1月5日,十四層,,
RPPNMLQJKHKGFAO68CC,15,11.66,樓梯間、機械室、水箱,鋼筋混凝土造,99年1月5日,十四層,,
RPPNMLQJKHKGFAO68CC,15,24.57,樓梯間,鋼筋混凝土造,99年1月5日,十四層,,
