﻿鄉鎮市區,交易標的,土地位置建物門牌,土地移轉總面積平方公尺,都市土地使用分區,非都市土地使用分區,非都市土地使用編定,交易年月日,交易筆棟數,移轉層次,總樓層數,建物型態,主要用途,主要建材,建築完成年月,建物移轉總面積平方公尺,建物現況格局-房,建物現況格局-廳,建物現況格局-衛,建物現況格局-隔間,有無管理組織,總價元,單價元平方公尺,車位類別,車位移轉總面積平方公尺,車位總價元,備註,編號,主建物面積,附屬建物面積,陽台面積,電梯,移轉編號
The villages and towns urban district,transaction sign,land sector position building sector house number plate,land shifting total area square meter,the use zoning or compiles and checks,the non-metropolis land use district,non-metropolis land use,transaction year month and day,transaction pen number,shifting level,total floor number,building state,main use,main building materials,construction to complete the years,building shifting total area,Building present situation pattern - room,building present situation pattern - hall,building present situation pattern - health,building present situation pattern - compartmented,Whether there is manages the organization,total price NTD,the unit price (NTD / square meter),the berth category,berth shifting total area square meter,the berth total price NTD,the note,serial number,main building area,auxiliary building area,balcony area,elevator,transaction number
新竹市,房地(土地+建物),新竹市新竹市建中路４１號　　,26.2,住,,,1140203,土地1建物1車位0,一層,十二層,住宅大樓(11層含以上有電梯),住家用,鋼筋混凝土造,0870410,126.16,3,2,2,有,有,15000000,118906,,0.0,0,,RPXNMLOJKHKGFAO56DA,78.21,0.0,7.37,有,001
新竹市,房地(土地+建物),新竹市新竹市大湖路５２巷３８號,132.45,住,,,1140210,土地1建物1車位0,全,四層,透天厝,住家用,鋼筋混凝土造,1131213,247.18,4,2,4,有,無,15800000,63921,,0.0,0,,RPROMLMKKHKGFAO58DA,222.43,0.0,24.75,無,
新竹市,房地(土地+建物),新竹市新竹市成功路１９２巷９０弄２３號　　　,91.72,,鄉村區,乙種建築用地,1140212,土地1建物1車位0,全,二層,透天厝,住家用,加強磚造,0670912,103.5,3,3,3,有,無,9000000,86957,,0.0,0,頂樓加蓋；,RPVNMLRKKHKGFAO76DA,103.5,0.0,0.0,無,002
新竹市,房地(土地+建物),新竹市新竹市四維路６３號五樓之１、之２,6.01,商,,,1140204,土地1建物1車位0,五層,十二層,住宅大樓(11層含以上有電梯),住家用,鋼筋混凝土造,0850521,68.92,3,1,1,有,有,8020000,116367,,0.0,0,陽台外推；,RPVPMLOKKHKGFAO66DA,49.35,0.0,3.12,有,003
新竹市,房地(土地+建物)+車位,新竹市新竹市高翠路６７號六樓之５,8.63,住,,,1140208,土地1建物1車位1,六層,六層,華廈(10層含以下有電梯),辦公用,鋼筋混凝土造,0960331,36.06,1,1,1,有,有,2600000,72102,坡道平面,0.0,0,親友、員工、共有人或其他特殊關係間之交易；,RPPPMLTKKHKGFAO56DA,13.0,0.0,0.0,有,004
新竹市,土地,新莊段414地號,318.79,住,,,1140203,土地1建物0車位0,,,其他,,,,0.0,0,0,0,無,無,20250000,63521,,0.0,0,親友、員工、共有人或其他特殊關係間之交易；,RPQNMLRKKHKGFAO98EA,0.0,0.0,0.0,無,
新竹市,土地,西濱段451地號,6.62,住,,,1140214,土地1建物0車位0,,,其他,,,,0.0,0,0,0,無,無,600000,90634,,0.0,0,,RPOOMLOKKHKGFAO48DA,0.0,0.0,0.0,無,005
新竹市,土地,港北段24-6地號,113.66,都市：其他:第一之一種住宅區,,,1140207,土地1建物0車位0,,,其他,,,,0.0,0,0,0,無,無,11689200,102844,,0.0,0,,RPTPMLTKKHKGFAO96DA,0.0,0.0,0.0,無,
新竹市,車位,新竹市新竹市大學路５６號地下２樓　,1.31,住,,,1140207,土地2建物1車位1,地下二層,二十一層,其他,商業用,鋼筋混凝土造,0851114,31.4,0,0,0,無,有,750000,,坡道平面,0.0,750000,僅車位交易；,RPRNMLTKKHKGFAO66EA,0.0,0.0,0.0,有,006
新竹市,土地,西濱段437地號,9.92,住,,,1140204,土地1建物0車位0,,,其他,,,,0.0,0,0,0,無,無,665400,67077,,0.0,0,,RPUNMLPJKHKGFAO98DA,0.0,0.0,0.0,無,007
新竹市,土地,西濱段452地號,2.85,住,,,1140214,土地2建物0車位0,,,其他,,,,0.0,0,0,0,無,無,90735,31837,,0.0,0,親友、員工、共有人或其他特殊關係間之交易；,RPROMLOKKHKGFAO78DA,0.0,0.0,0.0,無,005
新竹市,土地,西濱段452地號,19.24,住,,,1140214,土地2建物0車位0,,,其他,,,,0.0,0,0,0,無,無,1746000,90748,,0.0,0,,RPSPMLOKKHKGFAO98DA,0.0,0.0,0.0,無,005
新竹市,房地(土地+建物)+車位,新竹市新竹市中華路三段１０號３樓之１９,7.22,商,,,1140214,土地1建物1車位1,三層,十四層,住宅大樓(11層含以上有電梯),住家用,鋼筋混凝土造,0890417,77.13,1,1,1,有,有,5000000,64826,坡道機械,0.0,0,親友、員工、共有人或其他特殊關係間之交易；,RPPNMLLLKHKGFAO38EA,43.69,0.0,6.75,有,
新竹市,土地,竹蓮段1910-13地號,26.0,住,,,1140213,土地1建物0車位0,,,其他,,,,0.0,0,0,0,無,無,2895100,111350,,0.0,0,政府機關標讓售；,RPRNMLLLKHKGFAO58EA,0.0,0.0,0.0,無,
新竹市,土地,湖港段1348地號,21.24,,一般農業區,甲種建築用地,1140212,土地1建物0車位0,,,其他,,,,0.0,0,0,0,無,無,274045,12902,,0.0,0,親友、員工、共有人或其他特殊關係間之交易；,RPQNMLOLKHKGFAO68DA,0.0,0.0,0.0,無,010
新竹市,土地,雅溪段23地號,138.94,,山坡地保育區,丙種建築用地,1140109,土地2建物0車位0,,,其他,,,,0.0,0,0,0,無,無,2976095,21420,,0.0,0,,RPUNMLKKJHKGFAO48DA,0.0,0.0,0.0,無,
新竹市,房地(土地+建物),新竹市新竹市柏川三路３號,161.01,,山坡地保育區,丙種建築用地,1140115,土地1建物1車位0,全,三層,透天厝,住家用,鋼筋混凝土造,0860124,265.44,4,3,5,有,有,25500000,96067,,0.0,0,其他增建；,RPRNMLKKKHKGFAO28DA,231.27,34.17,0.0,無,011
新竹市,房地(土地+建物),新竹市新竹市中山路６４０巷４４７號,92.86,住,,,1140104,土地2建物1車位0,全,五層,透天厝,住家用,鋼筋混凝土造,0981210,257.1,4,2,6,有,無,28000000,108907,,0.0,0,一樓採光罩陽台外推；,RPPNMLPKKHKGFAO58DA,221.01,9.93,26.16,無,012
新竹市,房地(土地+建物)+車位,新竹市新竹市虎林街１８５巷２號四樓之２,20.76,,特定農業區,甲種建築用地,1140103,土地1建物1車位1,四層,五層,華廈(10層含以下有電梯),住家用,鋼筋混凝土造,1100105,85.73,2,2,1,有,有,10800000,125977,一樓平面,16.49,0,,RPPNMLQKKHKGFAO68DA,45.72,0.0,6.59,有,013
新竹市,土地,中寮段490地號,354.62,都市：其他:道路用地,,,1140114,土地1建物0車位0,,,其他,,,,0.0,0,0,0,無,無,14854114,41887,,0.0,0,包含公共設施保留地用地；,RPRNMLRKKHKGFAO98DA,0.0,0.0,0.0,無,014
新竹市,房地(土地+建物)+車位,新竹市新竹市東竹路１５號八樓,13.69,都市：其他:住商混合區,,,1140107,土地1建物1車位1,八層,十五層,住宅大樓(11層含以上有電梯),住家用,鋼筋混凝土造,1101007,110.72,2,2,1,有,有,21000000,189685,坡道平面,0.0,0,,RPXNMLRKKHKGFAO96DA,52.61,0.0,4.31,有,015
新竹市,房地(土地+建物),新竹市新竹市水田街５０巷１９之６號,9.75,住,,,1140123,土地1建物1車位0,一層,五層,公寓(5樓含以下無電梯),住家用,鋼筋混凝土造,0801230,35.15,1,1,1,有,有,2500000,71124,,0.0,0,親友、員工、共有人或其他特殊關係間之交易；,RPPNMLRKKHKGFAO88EA,22.61,2.55,0.0,無,016
新竹市,房地(土地+建物),新竹市新竹市建中路５６號六樓,28.66,住,,,1140113,土地1建物1車位0,六層,十二層,住宅大樓(11層含以上有電梯),住家用,鋼筋混凝土造,0890930,141.6,3,2,2,有,有,19000000,134181,,0.0,0,,RPSRMLOKJHKGFAO09DA,86.01,0.0,11.06,有,
新竹市,房地(土地+建物),新竹市新竹市元培街８號２Ｆ之３,17.67,商,,,1140108,土地2建物1車位0,二層,八層,華廈(10層含以下有電梯),商業用,鋼筋混凝土造,0831123,129.5,4,0,1,有,有,7900000,61004,,0.0,0,,RPOOMLRKJHKGFAO68DA,99.84,0.0,2.54,有,017
新竹市,土地,千甲段400地號,776.52,農,,,1140108,土地1建物0車位0,,,其他,,,,0.0,0,0,0,無,無,28880000,37192,,0.0,0,未登記建物；,RPRPMLRKKHKGFAO56DA,0.0,0.0,0.0,無,018
新竹市,房地(土地+建物),新竹市新竹市經國路二段５０１巷３５號,110.0,住,,,1140107,土地1建物1車位0,全,二層,透天厝,住家用,加強磚造,0640926,124.66,4,2,3,有,無,18500000,148404,,0.0,0,增建：頂樓、防火巷、一樓增建沿著加蓋、懸空增建、一樓空地、遮雨棚陽台外推；其他增建；,RPSNMLSKKHKGFAO56DA,110.08,10.31,4.27,有,019
新竹市,房地(土地+建物),新竹市新竹市忠孝路１６５巷２５號４樓,21.49,住,,,1140105,土地1建物1車位0,四層,六層,華廈(10層含以下有電梯),住家用,鋼筋混凝土造,0840927,94.08999999999999,2,2,2,有,有,11300000,120098,,0.0,0,,RPOOMLQJJHKGFAO48DA,64.11,0.0,7.85,有,
新竹市,土地,東橋段4-1地號,11.88,都市：其他:道路用地,,,1140108,土地1建物0車位0,,,其他,,,,0.0,0,0,0,無,無,1260000,106061,,0.0,0,包含公共設施保留地用地；,RPWNMLTJJHKGFAO86DA,0.0,0.0,0.0,無,
新竹市,土地,東濱段52地號,179.34,住,,,1140107,土地5建物0車位0,,,其他,,,,0.0,0,0,0,無,無,6527814,36399,,0.0,0,包含公共設施保留地用地；,RPOPMLNJKHKGFAO38DA,0.0,0.0,0.0,無,020
新竹市,土地,千甲段445-10地號,864.37,農,,,1140113,土地3建物0車位0,,,其他,,,,0.0,0,0,0,無,無,40000000,46276,,0.0,0,,RPTPMLOKKHKGFAO09DA,0.0,0.0,0.0,無,021
新竹市,房地(土地+建物)+車位,新竹市新竹市明湖路２４３巷１７８號二樓,53.65,住,,,1140115,土地1建物1車位1,二層,七層,華廈(10層含以下有電梯),住家用,鋼筋混凝土造,1130416,199.84,3,2,2,有,有,26000000,130104,坡道平面,47.25,0,,RPPNMLTKKHKGFAO98DA,97.4,0.0,8.58,有,022
新竹市,房地(土地+建物)+車位,新竹市新竹市武陵路７３巷２１號六樓,59.71,住,,,1140105,土地1建物1車位1,六層,九層,華廈(10層含以下有電梯),住家用,鋼筋混凝土造,0930210,193.0,4,2,2,有,有,21800000,112953,坡道平面,0.0,0,,RPUNMLTKKHKGFAO86DA,114.18,0.0,12.16,有,
新竹市,房地(土地+建物)+車位,新竹市新竹市北大路３３８號１８樓之１,9.57,商,,,1140105,土地1建物1車位1,十八層,二十四層,住宅大樓(11層含以上有電梯),住家用,鋼筋混凝土造,0860530,142.95,3,2,2,有,有,15800000,110528,坡道平面,0.0,0,其他增建；,RPXNMLTKKHKGFAO17DA,82.18,0.0,10.41,有,023
新竹市,房地(土地+建物)+車位,新竹市新竹市西濱路一段４３７號六樓之１,20.16,住,,,1140119,土地1建物1車位1,六層,十五層,住宅大樓(11層含以上有電梯),住家用,鋼筋混凝土造,1130129,117.05,2,2,2,有,有,12950000,110636,坡道機械,22.73,0,增建：隔間其他增建；,RPWOMLTKKHKGFAO17DA,61.32,0.0,4.56,有,024
新竹市,房地(土地+建物),新竹市新竹市民主路８３號三樓之５,12.64,都市：其他:第二種住宅區,,,1140113,土地2建物1車位0,三層,五層,華廈(10層含以下有電梯),住家用,鋼筋混凝土造,0951022,44.64,1,0,1,有,有,3040000,68100,,0.0,0,親友、員工、共有人或其他特殊關係間之交易；,RPUOMLPKJHKGFAO09DA,28.42,1.05,0.0,有,
新竹市,房地(土地+建物)+車位,新竹市新竹市光復路一段４０３巷８弄１２號三樓之５,25.75,住,,,1140116,土地1建物1車位1,三層,五層,華廈(10層含以下有電梯),住家用,鋼筋混凝土造,1040623,91.92,2,2,2,有,有,15600000,169713,升降機械,4.43,0,,RPVOMLLLJHKGFAO88DA,52.88,5.44,3.74,有,025
新竹市,房地(土地+建物),新竹市新竹市北新街１３１號九樓之２５,6.66,住,,,1140124,土地2建物1車位0,九層,十層,華廈(10層含以下有電梯),辦公用,鋼筋混凝土造,0980319,51.36,2,1,1,有,有,6300000,122664,,0.0,0,夾層；急買急賣；,RPTNMLNJKHKGFAO68DA,27.51,1.75,3.3,有,
新竹市,土地,水源段1105地號,99.18,,特定農業區,農牧用地,1140105,土地1建物0車位0,,,其他,,,,0.0,0,0,0,無,無,5550000,55959,,0.0,0,,RPQNMLNKKHKGFAO48DA,0.0,0.0,0.0,無,026
新竹市,土地,南華段217地號,124.15,住,,,1140105,土地1建物0車位0,,,其他,,,,0.0,0,0,0,無,無,12000000,96657,,0.0,0,,RPROMLRKKHKGFAO09DA,0.0,0.0,0.0,無,
新竹市,土地,千甲段423地號,389.97,農,,,1140117,土地1建物0車位0,,,其他,,,,0.0,0,0,0,無,無,14750000,37823,,0.0,0,,RPVNMLSKKHKGFAO86DA,0.0,0.0,0.0,無,027
新竹市,房地(土地+建物)+車位,新竹市新竹市科學園路１６３號,55.83,商,,,1140113,土地1建物1車位1,一層，二層，騎樓,六層,華廈(10層含以下有電梯),商業用,鋼筋混凝土造,1081031,194.39,0,0,0,無,有,26410000,135868,坡道平面,0.0,1550000,,RPUOMLTKKHKGFAO96DA,107.07,0.0,0.0,有,
新竹市,房地(土地+建物)+車位,新竹市新竹市科學園路１６１號,52.42,商,,,1140113,土地1建物1車位1,一層，二層，騎樓,六層,華廈(10層含以下有電梯),商業用,鋼筋混凝土造,1081031,177.72,0,0,0,無,有,25000000,140671,坡道平面,0.0,1500000,,RPVOMLTKKHKGFAO07DA,99.87,0.0,0.0,有,
新竹市,土地,東濱段879地號,170.35,農,,,1140123,土地2建物0車位0,,,其他,,,,0.0,0,0,0,無,無,14750000,86586,,0.0,0,,RPRNMLKLKHKGFAO38DA,0.0,0.0,0.0,無,
新竹市,房地(土地+建物),新竹市新竹市中山路２３７號二樓,6.51,商,,,1140105,土地1建物1車位0,二層,十層,華廈(10層含以下有電梯),辦公用,鋼筋混凝土造,0960606,41.510000000000005,1,1,1,有,有,6400000,154180,,0.0,0,夾層；,RPUNMLLLKHKGFAO78DA,24.19,0.0,3.84,有,
新竹市,房地(土地+建物)+車位,新竹市新竹市牛埔路１３５號九樓,13.45,住,,,1140109,土地1建物1車位1,九層,十五層,住宅大樓(11層含以上有電梯),住家用,鋼筋混凝土造,0970131,119.01,2,1,1,有,有,11680000,98143,坡道平面,32.72,0,,RPQOMLKKJHKGFAO18DA,58.67,1.08,3.02,有,028
新竹市,房地(土地+建物),新竹市新竹市光復路二段２９８巷７弄１８號９樓,10.18,住,,,1140101,土地6建物1車位0,九層,十層,華廈(10層含以下有電梯),住家用,鋼筋混凝土造,0840713,34.14,3,2,2,有,有,4880000,142899,,0.0,0,親友、員工、共有人或其他特殊關係間之交易；,RPTNMLSKKHKGFAO76EA,21.93,0.0,2.96,有,
新竹市,房地(土地+建物),新竹市新竹市中山路２３３之２號九樓,5.93,商,,,1131227,土地1建物1車位0,九層,十層,華廈(10層含以下有電梯),辦公用,鋼筋混凝土造,0960606,37.81,1,1,1,有,有,6300000,166623,,0.0,0,夾層；,RPRNMLQJJHKGFAO68DA,22.39,3.14,0.0,有,029
新竹市,房地(土地+建物),新竹市新竹市東山街３２巷８號２樓,27.6,住,,,1131230,土地2建物1車位0,二層,五層,公寓(5樓含以下無電梯),住家用,鋼筋混凝土造,0680720,84.0,2,2,1,有,無,9500000,113095,,0.0,0,其他增建；,RPSOMLKLJHKGFAO48DA,84.0,0.0,0.0,無,
新竹市,房地(土地+建物),新竹市新竹市明湖路７５１號地下四層之２０,14.1,都市：其他:甲之三種風景區,,,1131229,土地1建物1車位0,地下四層,四層,華廈(10層含以下有電梯),住家用,鋼筋混凝土造,0940220,50.46000000000001,1,1,1,有,有,4700000,93143,,0.0,0,,RPUNMLOKKHKGFAO98DA,32.59,0.0,0.0,有,030
新竹市,房地(土地+建物)+車位,新竹市新竹市東大路一段１５０號十一樓之１,38.07,住,,,1131216,土地1建物1車位2,十一層,十三層,住宅大樓(11層含以上有電梯),住家用,鋼筋混凝土造,1120322,277.79,4,2,2,有,有,39000000,140394,坡道平面,90.02,0,,RPOPMLRKKHKGFAO88DA,107.05,0.0,11.0,有,031
新竹市,房地(土地+建物)+車位,新竹市新竹市光復路一段７２號２樓之３,12.53,住,,,1131227,土地1建物1車位1,二層,六層,華廈(10層含以下有電梯),住家用,鋼筋混凝土造,0880810,57.21,1,1,1,有,有,5260000,91942,坡道機械,0.0,0,,RPVNMLMLJHKGFAO88DA,29.24,0.0,0.0,有,032
新竹市,房地(土地+建物),新竹市新竹市西濱路一段１３６之６號,62.01,住,,,1131201,土地4建物1車位0,全,四層,透天厝,住家用,鋼筋混凝土造,1071011,151.7,3,2,4,有,有,16500000,108767,,0.0,0,其他增建；,RPOOMLOJKHKGFAO38DA,141.16,3.52,7.02,無,033
新竹市,房地(土地+建物),新竹市新竹市大庄路１１８巷３６號３樓,33.01,住,,,1131224,土地1建物1車位0,三層,五層,華廈(10層含以下有電梯),住家用,鋼筋混凝土造,0811201,104.12,3,2,2,有,無,8500000,81637,,0.0,0,,RPSOMLRKKHKGFAO56DA,88.91,0.0,6.12,有,034
新竹市,房地(土地+建物),新竹市新竹市建中一路３７號３樓之４,6.75,商,,,1131224,土地1建物1車位0,三層,十九層,住宅大樓(11層含以上有電梯),住家用,鋼筋混凝土造,0831228,75.18,2,2,1,有,有,11800000,156957,,0.0,0,其他增建；,RPQNMLSKKHKGFAO09EA,50.79,0.0,9.81,有,035
新竹市,房地(土地+建物),新竹市新竹市東大路一段５２巷１之１號８樓之５,4.13,住,,,1131215,土地1建物1車位0,八層,十二層,住宅大樓(11層含以上有電梯),住家用,鋼筋混凝土造,0850830,31.490000000000002,1,0,1,有,有,3200000,101620,,0.0,0,,RPWOMLTKKIJGFAO17DA,21.19,0.48,0.0,有,
新竹市,房地(土地+建物),新竹市新竹市柯湳一街１０８號四樓,46.62,,山坡地保育區,丙種建築用地,1131229,土地2建物1車位0,四層,五層,公寓(5樓含以下無電梯),住家用,鋼筋混凝土造,0900601,60.38,3,0,3,有,有,3500000,57966,,0.0,0,陽台外推；,RPWNMLNKKHKGFAO09DA,49.28,0.0,5.17,無,
新竹市,房地(土地+建物)+車位,新竹市新竹市北大路１２號六樓之１,6.88,商,,,1131203,土地4建物1車位1,六層,二十八層,住宅大樓(11層含以上有電梯),住家用,鋼骨鋼筋混凝土造,0960703,154.9,4,2,2,有,有,21500000,150040,坡道機械,16.27,700000,,RPRPMLTKKHKGFAO76DA,95.56,0.88,6.06,有,036
新竹市,房地(土地+建物),新竹市新竹市東大路一段５２巷１之１號８樓之４,3.96,住,,,1131211,土地1建物1車位0,八層,十二層,住宅大樓(11層含以上有電梯),住家用,鋼筋混凝土造,0850830,29.15,1,0,1,有,有,3300000,113208,,0.0,0,,RPUOMLTKKIJGFAO96DA,19.34,0.41,0.0,有,037
新竹市,房地(土地+建物),新竹市新竹市南大路５３７巷１５弄２號５樓,21.85,住,,,1131229,土地1建物1車位0,五層,五層,公寓(5樓含以下無電梯),住家用,鋼筋混凝土造,0701223,71.7,3,2,2,有,無,6000000,83682,,0.0,0,其他增建；,RPXNMLLMKIJGFAO56DA,71.7,0.0,0.0,無,038
新竹市,房地(土地+建物),新竹市新竹市東光路１１３號,71.0,商,,,1131216,土地4建物2車位0,全,一層,透天厝,住家用,木造,,68.32,2,2,2,有,無,12040000,176230,,0.0,0,親友、員工、共有人或其他特殊關係間之交易；,RPRPNLOKJHKGFAO88DA,68.32,0.0,0.0,無,
新竹市,房地(土地+建物),新竹市新竹市建功一路１２９號５樓,34.41,住,,,1131207,土地1建物1車位0,五層,十二層,住宅大樓(11層含以上有電梯),住家用,鋼筋混凝土造,0870410,163.57,4,2,2,有,有,21358000,130574,,0.0,0,陽台外推；,RPSNMLTKKHKGFAO66DA,101.56,0.0,10.7,有,039
新竹市,房地(土地+建物)+車位,新竹市新竹市林森路２６５號六樓之３,23.11,商,,,1131222,土地1建物1車位1,六層,十二層,住宅大樓(11層含以上有電梯),住家用,鋼筋混凝土造,1020531,199.26999999999998,3,2,2,有,有,21800000,109399,坡道平面,14.6,0,陽台外推；,RPUPMLTKKHKGFAO07DA,105.22,0.8,8.73,有,040
新竹市,房地(土地+建物),新竹市新竹市大學路２２８號４樓之７,7.11,住,,,1131211,土地1建物1車位0,四層,六層,華廈(10層含以下有電梯),住家用,鋼筋混凝土造,0870601,37.11,0,0,0,無,有,5850000,157639,,0.0,0,陽台外推；,RPPOMLKLKHKGFAO28DA,18.87,0.0,5.55,有,
新竹市,房地(土地+建物)+車位,新竹市新竹市關新東路２６６號十二樓之１,51.3,住,,,1131228,土地2建物1車位2,十二層,二十六層,住宅大樓(11層含以上有電梯),住家用,鋼筋混凝土造,1020710,393.79,4,2,4,有,有,60880000,154596,坡道平面,0.0,0,,RPQOMLKLKHKGFAO38DA,198.63,8.15,28.05,有,041
新竹市,房地(土地+建物)+車位,新竹市新竹市新莊街１４６號四樓,22.35,住,,,1131215,土地1建物1車位1,四層,七層,華廈(10層含以下有電梯),住家用,鋼筋混凝土造,0840830,100.53,3,2,1,有,有,13020000,129514,坡道機械,0.0,0,其他增建；,RPTOMLRKJHKGFAO56DA,68.12,1.4,2.76,有,
新竹市,房地(土地+建物)+車位,新竹市新竹市東大路一段５２巷３１號５樓,31.25,住,,,1131220,土地1建物1車位1,五層,五層,公寓(5樓含以下無電梯),住家用,鋼筋混凝土造,0800830,105.36,3,2,1,有,無,8160000,77449,坡道平面,0.0,0,陽台外推；其他增建；,RPOOMLLLKHKGFAO28DA,69.35,0.0,9.75,無,042
新竹市,房地(土地+建物)+車位,新竹市新竹市明湖路１２００巷４７號七樓之１５,17.0,,山坡地保育區,丙種建築用地,1131129,土地5建物1車位1,七層,七層,華廈(10層含以下有電梯),住家用,鋼筋混凝土造,0970522,94.9,1,1,1,有,有,7000000,73762,坡道平面,24.94,0,跨所案件另有基地為新竹縣竹東地政事務所新竹縣寶山鄉明湖段1427地號面積318.07平方公尺持分1033/100000陽台外推；,RPRPMLMKKHKGFAO68DA,26.35,0.0,5.25,有,043
新竹市,房地(土地+建物)+車位,新竹市新竹市中央路３５５巷２０號六樓之１,10.85,商,,,1131130,土地1建物1車位1,六層,十三層,住宅大樓(11層含以上有電梯),住家用,鋼筋混凝土造,0920110,149.53,3,2,2,有,有,20000000,133752,坡道平面,18.85,0,,RPPNMLRKKHKGFAO78DA,88.51,0.0,12.79,有,044
新竹市,房地(土地+建物),新竹市新竹市東南街２３９巷１號七樓之一,6.81,住,,,1131108,土地2建物1車位0,七層,七層,華廈(10層含以下有電梯),住家用,鋼筋混凝土造,0800716,35.349999999999994,1,1,1,有,有,4200000,118812,,0.0,0,,RPTOMLRKKHKGFAO66DA,20.9,0.0,3.0,有,
新竹市,房地(土地+建物),新竹市新竹市金雅路１３３巷８弄２號三樓,22.56,,鄉村區,乙種建築用地,1131123,土地1建物1車位0,三層,七層,華廈(10層含以下有電梯),住家用,鋼筋混凝土造,1131118,91.41999999999999,2,2,1,有,有,11900000,130168,,0.0,0,陽台外推；,RPVQMLRJKHKGFAO96DA,45.37,0.0,5.36,有,
新竹市,房地(土地+建物),新竹市新竹市中央路１９８號３樓,19.15,商,,,1131127,土地1建物1車位0,三層,十層,華廈(10層含以下有電梯),辦公用,鋼筋混凝土造,0861201,189.79,3,2,2,有,有,19000000,100111,,0.0,0,其他增建；,RPROMLRLJIJGFAO09DA,134.79,0.0,0.0,有,045
新竹市,房地(土地+建物),新竹市新竹市四維路８號６樓之８,5.85,商,,,1131129,土地1建物1車位0,六層,十二層,住宅大樓(11層含以上有電梯),住家用,鋼筋混凝土造,0800730,67.00999999999999,1,1,1,有,有,6250000,93270,,0.0,0,,RPQNMLTKKHKGFAO56EA,36.52,0.0,11.03,有,
新竹市,房地(土地+建物),新竹市新竹市明湖路１０５０巷２５２號,44.13,,山坡地保育區,丙種建築用地,1131117,土地2建物1車位0,一層,五層,公寓(5樓含以下無電梯),住家用,鋼筋混凝土造,0860515,94.99,3,2,2,有,無,7200000,75797,,0.0,0,,RPWOMLTJKIJGFAO07DA,74.09,10.18,0.0,無,
新竹市,房地(土地+建物)+車位,新竹市新竹市埔頂一路４７８號九樓,24.54,住,,,1131130,土地1建物1車位2,九層,二十層,住宅大樓(11層含以上有電梯),住家用,鋼筋混凝土造,1001001,204.59,2,2,2,有,有,26660000,130309,坡道平面,0.0,2400000,,RPOPMLQJJHKGFAO58DA,82.79,5.44,9.38,有,
新竹市,土地,古賢段389-3地號,158.03,,特定農業區,甲種建築用地,1131101,土地1建物0車位0,,,其他,,,,0.0,0,0,0,無,無,9000000,56951,,0.0,0,,RPRNMLMKKHKGFAO48DA,0.0,0.0,0.0,無,
新竹市,房地(土地+建物),新竹市新竹市北大路８４巷１７號,116.0,住,,,1131010,土地1建物1車位0,全,二層,透天厝,住家用,加強磚造,,139.1,9,4,4,有,無,25000000,179727,,0.0,0,其他增建；,RPQOMLKKKHKGFAO28DA,139.1,0.0,0.0,無,
新竹市,房地(土地+建物),新竹市新竹市中華路六段２０５巷１７號,94.97,,特定農業區,甲種建築用地,1131027,土地2建物1車位0,全,二層,透天厝,住家用,加強磚造,,147.44,4,3,2,有,無,11500000,77998,,0.0,0,頂樓加蓋；其他增建；,RPSNMLLLKHKGFAO58DA,147.44,0.0,0.0,無,
新竹市,房地(土地+建物),新竹市新竹市湳雅街３１３巷３２弄１２之１號,101.0,住,,,1130930,土地2建物1車位0,全,五層,透天厝,住家用,鋼筋混凝土造,1040226,302.55,4,2,5,有,無,32380000,107024,,0.0,0,,RPSOMLTKKHKGFAO76DA,273.43,0.0,29.12,有,046
新竹市,房地(土地+建物),新竹市新竹市經國路二段１６０號七樓之２６,6.24,住,,,1130921,土地2建物1車位0,七層,十層,華廈(10層含以下有電梯),辦公用,鋼筋混凝土造,0970730,42.82,1,1,1,有,有,7000000,163475,,0.0,0,其他增建；,RPPNMLTKKHKGFAO09EA,26.13,0.51,0.0,有,047
新竹市,房地(土地+建物)+車位,新竹市新竹市中山路６４０巷１９６號十一樓之２,30.94,住,,,1130805,土地3建物1車位1,十一層,十三層,住宅大樓(11層含以上有電梯),住家用,鋼筋混凝土造,1050930,158.27,3,2,2,有,有,19600000,123839,坡道平面,28.1,0,,RPXNMLKKKHKGFAO88DA,75.26,2.99,10.26,有,048
新竹市,房地(土地+建物)+車位,新竹市新竹市關新路２４８號二十三樓之３,18.28,商,,,1130813,土地1建物1車位1,二十三層,二十四層,住宅大樓(11層含以上有電梯),住家用,鋼筋混凝土造,1140110,170.57999999999998,3,2,2,有,有,38200000,256541,坡道平面,33.76,3100000,預售屋、或土地及建物分件登記案件；,RPXONLOLJHKGFAO86DA,78.24,0.0,11.29,有,
新竹市,房地(土地+建物)+車位,新竹市新竹市林森路２７５號１７樓之３,2.58,商,,,1130816,土地1建物1車位1,十七層,十七層,住宅大樓(11層含以上有電梯),辦公用,鋼筋混凝土造,0860520,31.47,1,0,1,有,有,3000000,95329,坡道機械,0.0,0,親友、員工、共有人或其他特殊關係間之交易；,RPOOMLSKKHKGFAO88DA,10.7,0.29,3.33,有,049
新竹市,房地(土地+建物),新竹市新竹市建功二路２號五樓之５,10.78,住,,,1130715,土地1建物1車位0,五層,六層,華廈(10層含以下有電梯),住家用,鋼筋混凝土造,0960929,40.87,1,1,1,有,有,8800000,215317,,0.0,0,夾層；,RPPOMLRKKHKGFAO88DA,21.39,0.0,5.7,有,050
新竹市,房地(土地+建物),新竹市新竹市中清路一段７２之１０號,85.95,住,,,1130706,土地3建物1車位0,全,四層,透天厝,住家用,鋼筋混凝土造,1130116,249.26,3,2,4,有,有,26700000,107117,,0.0,0,包含中寮段349-3、349地號上之不動產役權。,RPSNMLSKKHKGFAO66EA,236.87,0.0,12.39,有,051
新竹市,房地(土地+建物)+車位,新竹市新竹市關新路２４８號十九樓之１,16.2,商,,,1130506,土地1建物1車位1,十九層,二十四層,住宅大樓(11層含以上有電梯),住家用,鋼筋混凝土造,1140110,154.97,3,2,2,有,有,32600000,245029,坡道平面,33.76,2900000,預售屋、或土地及建物分件登記案件；,RPUPMLOLJHKGFAO56DA,71.68,0.0,7.68,有,
新竹市,房地(土地+建物)+車位,新竹市新竹市關新路２４８號二十二樓之１,16.2,商,,,1130506,土地1建物1車位1,二十二層,二十四層,住宅大樓(11層含以上有電梯),住家用,鋼筋混凝土造,1140110,154.97,3,2,2,有,有,33200000,248329,坡道平面,33.76,3100000,預售屋、或土地及建物分件登記案件；,RPXPMLOLJHKGFAO86DA,71.68,0.0,7.68,有,
新竹市,房地(土地+建物)+車位,新竹市新竹市關新路２４８號二十三樓之１,16.2,商,,,1130520,土地1建物1車位1,二十三層,二十四層,住宅大樓(11層含以上有電梯),住家用,鋼筋混凝土造,1140110,154.97,3,2,2,有,有,33400000,249979,坡道平面,33.76,3100000,預售屋、或土地及建物分件登記案件；,RPOQMLOLJHKGFAO68DA,71.68,0.0,7.68,有,
新竹市,房地(土地+建物)+車位,新竹市新竹市關新路２４８號十二樓之３,18.28,商,,,1130524,土地1建物1車位1,十二層,二十四層,住宅大樓(11層含以上有電梯),住家用,鋼筋混凝土造,1140110,170.57999999999998,3,2,2,有,有,36000000,241924,坡道平面,33.76,2900000,預售屋、或土地及建物分件登記案件；,RPWWMLOLJHKGFAO47DA,78.24,0.0,11.29,有,
新竹市,房地(土地+建物)+車位,新竹市新竹市關新路２４８號四樓之３,18.28,商,,,1130411,土地1建物1車位1,四層,二十四層,住宅大樓(11層含以上有電梯),住家用,鋼筋混凝土造,1140110,170.57999999999998,3,2,2,有,有,34000000,230229,坡道平面,33.76,2500000,預售屋、或土地及建物分件登記案件；,RPSVMLOLJHKGFAO96DA,78.24,0.0,11.29,有,
新竹市,房地(土地+建物)+車位,新竹市新竹市關新路２４８號二十一樓之８,14.73,商,,,1130327,土地1建物1車位1,二十一層,二十四層,住宅大樓(11層含以上有電梯),住家用,鋼筋混凝土造,1140110,144.73000000000002,3,2,2,有,有,29620000,244390,坡道平面,33.76,2500000,預售屋、或土地及建物分件登記案件；,RPPSNLOLJHKGFAO09DA,65.64,0.0,7.06,有,
新竹市,房地(土地+建物)+車位,新竹市新竹市關新路２４８號二十一樓之７,15.31,商,,,1130314,土地1建物1車位1,二十一層,二十四層,住宅大樓(11層含以上有電梯),住家用,鋼筋混凝土造,1140110,148.59,3,2,2,有,有,30730000,242358,坡道平面,33.76,2900000,預售屋、或土地及建物分件登記案件；,RPUNMLRJKHKGFAO56DA,67.6,0.0,7.57,有,
新竹市,房地(土地+建物)+車位,新竹市新竹市關新路２４８號五樓之６,16.01,商,,,1130224,土地1建物1車位1,五層,二十四層,住宅大樓(11層含以上有電梯),住家用,鋼筋混凝土造,1140110,153.51,3,2,2,有,有,29880000,228643,坡道平面,33.76,2500000,預售屋、或土地及建物分件登記案件；,RPUQMLOLJHKGFAO66DA,72.05,0.0,6.31,有,
新竹市,房地(土地+建物)+車位,新竹市新竹市關新路２４８號八樓之６,16.01,商,,,1130207,土地1建物1車位1,八層,二十四層,住宅大樓(11層含以上有電梯),住家用,鋼筋混凝土造,1140110,153.51,3,2,2,有,有,30450000,233403,坡道平面,33.76,2500000,預售屋、或土地及建物分件登記案件；,RPXRMLOLJHKGFAO07DA,72.05,0.0,6.31,有,
新竹市,房地(土地+建物)+車位,新竹市新竹市關新路２４８號三樓之５,11.22,商,,,1130111,土地1建物1車位1,三層,二十四層,住宅大樓(11層含以上有電梯),住家用,鋼筋混凝土造,1140110,117.42,2,2,1,有,有,21600000,228305,坡道平面,33.76,2500000,預售屋、或土地及建物分件登記案件；,RPUPNLOLJHKGFAO66DA,50.87,0.0,3.88,有,
新竹市,房地(土地+建物)+車位,新竹市新竹市關新路２４８號十樓之６,16.01,商,,,1121218,土地1建物1車位1,十層,二十四層,住宅大樓(11層含以上有電梯),住家用,鋼筋混凝土造,1140110,153.51,3,2,2,有,有,30950000,235908,坡道平面,33.76,2700000,預售屋、或土地及建物分件登記案件；,RPRSMLOLJHKGFAO56DA,72.05,0.0,6.31,有,
新竹市,房地(土地+建物)+車位,新竹市新竹市關新路２４８號四樓之５,11.22,商,,,1121202,土地1建物1車位1,四層,二十四層,住宅大樓(11層含以上有電梯),住家用,鋼筋混凝土造,1140110,117.42,2,2,1,有,有,21600000,228305,坡道平面,33.76,2500000,預售屋、或土地及建物分件登記案件；,RPWPNLOLJHKGFAO86DA,50.87,0.0,3.88,有,
新竹市,房地(土地+建物)+車位,新竹市新竹市關新路２４８號九樓之７,15.31,商,,,1121210,土地1建物1車位1,九層,二十四層,住宅大樓(11層含以上有電梯),住家用,鋼筋混凝土造,1140110,148.59,3,2,2,有,有,29050000,229470,坡道平面,33.76,2700000,預售屋、或土地及建物分件登記案件；,RPRVMLOLJHKGFAO86DA,67.6,0.0,7.57,有,
新竹市,房地(土地+建物)+車位,新竹市新竹市關新路２４８號三樓之２,12.0,商,,,1120424,土地1建物1車位1,三層,二十四層,住宅大樓(11層含以上有電梯),住家用,鋼筋混凝土造,1140110,123.09,2,2,1,有,有,22930000,230941,坡道平面,33.76,2300000,預售屋、或土地及建物分件登記案件；,RPRQMLOLJHKGFAO98DA,54.66,0.0,3.8,有,
新竹市,房地(土地+建物)+車位,新竹市新竹市關新路２４８號九樓之１,16.2,商,,,1101215,土地1建物1車位1,九層,二十四層,住宅大樓(11層含以上有電梯),住家用,鋼筋混凝土造,1140110,154.97,3,2,2,有,有,22970000,173831,坡道平面,33.76,1900000,預售屋、或土地及建物分件登記案件；,RPTOMLOLJHKGFAO98DA,71.68,0.0,7.68,有,
新竹市,房地(土地+建物)+車位,新竹市新竹市關新路２４８號十六樓之１,16.2,商,,,1101217,土地1建物1車位1,十六層,二十四層,住宅大樓(11層含以上有電梯),住家用,鋼筋混凝土造,1140110,154.97,3,2,2,有,有,23970000,181256,坡道平面,33.76,2000000,預售屋權利轉售，讓售日期112年12月24日，權利買賣契約成交價格：2766萬元整。預售屋、或土地及建物分件登記案件；,RPRPMLOLJHKGFAO88DA,71.68,0.0,7.68,有,
新竹市,房地(土地+建物)+車位,新竹市新竹市關新路２４８號七樓之２,12.0,商,,,1101216,土地1建物1車位1,七層,二十四層,住宅大樓(11層含以上有電梯),住家用,鋼筋混凝土造,1140110,123.09,2,2,1,有,有,17420000,173738,坡道平面,33.76,1900000,預售屋、或土地及建物分件登記案件；,RPWQMLOLJHKGFAO86DA,54.66,0.0,3.8,有,
新竹市,房地(土地+建物)+車位,新竹市新竹市關新路２４８號十樓之２,12.0,商,,,1101210,土地1建物1車位1,十層,二十四層,住宅大樓(11層含以上有電梯),住家用,鋼筋混凝土造,1140110,123.09,2,2,1,有,有,17520000,174857,坡道平面,33.76,1900000,預售屋、或土地及建物分件登記案件；,RPQRMLOLJHKGFAO98DA,54.66,0.0,3.8,有,
新竹市,房地(土地+建物)+車位,新竹市新竹市關新路２４８號七樓之６,16.01,商,,,1101214,土地1建物1車位1,七層,二十四層,住宅大樓(11層含以上有電梯),住家用,鋼筋混凝土造,1140110,153.51,3,2,2,有,有,22530000,172276,坡道平面,33.76,1900000,預售屋、或土地及建物分件登記案件；,RPRRMLOLJHKGFAO09DA,72.05,0.0,6.31,有,
新竹市,房地(土地+建物)+車位,新竹市新竹市關新路２４８號十三樓之２,12.0,商,,,1101218,土地1建物1車位1,十三層,二十四層,住宅大樓(11層含以上有電梯),住家用,鋼筋混凝土造,1140110,123.09,2,2,1,有,有,18100000,179111,坡道平面,33.76,2100000,預售屋、或土地及建物分件登記案件；,RPURMLOLJHKGFAO76DA,54.66,0.0,3.8,有,
新竹市,房地(土地+建物)+車位,新竹市新竹市關新路２４８號九樓之６,16.01,商,,,1101220,土地1建物1車位1,九層,二十四層,住宅大樓(11層含以上有電梯),住家用,鋼筋混凝土造,1140110,153.51,3,2,2,有,有,22670000,173445,坡道平面,33.76,1900000,預售屋、或土地及建物分件登記案件；,RPPSMLOLJHKGFAO98DA,72.05,0.0,6.31,有,
新竹市,房地(土地+建物)+車位,新竹市新竹市關新路２４８號十九樓之２,12.0,商,,,1101217,土地1建物1車位1,十九層,二十四層,住宅大樓(11層含以上有電梯),住家用,鋼筋混凝土造,1140110,123.09,2,2,1,有,有,18600000,184708,坡道平面,33.76,2100000,預售屋、或土地及建物分件登記案件；,RPTSMLOLJHKGFAO76DA,54.66,0.0,3.8,有,
新竹市,房地(土地+建物)+車位,新竹市新竹市關新路２４８號十一樓之６,16.01,商,,,1101216,土地1建物1車位1,十一層,二十四層,住宅大樓(11層含以上有電梯),住家用,鋼筋混凝土造,1140110,153.51,3,2,2,有,有,22910000,174614,坡道平面,33.76,2000000,預售屋、或土地及建物分件登記案件；,RPUSMLOLJHKGFAO86DA,72.05,0.0,6.31,有,
新竹市,房地(土地+建物)+車位,新竹市新竹市關新路２４８號二十樓之２,12.0,商,,,1101215,土地1建物1車位1,二十層,二十四層,住宅大樓(11層含以上有電梯),住家用,鋼筋混凝土造,1140110,123.09,2,2,1,有,有,18500000,183589,坡道平面,33.76,2100000,預售屋權利轉售，讓售日期112年6月25日，權利買賣契約成交價格：2010萬元整。預售屋、或土地及建物分件登記案件；,RPVSMLOLJHKGFAO96DA,54.66,0.0,3.8,有,
新竹市,房地(土地+建物)+車位,新竹市新竹市關新路２４８號十二樓之６,16.01,商,,,1101217,土地1建物1車位1,十二層,二十四層,住宅大樓(11層含以上有電梯),住家用,鋼筋混凝土造,1140110,153.51,3,2,2,有,有,22900000,174530,坡道平面,33.76,2000000,預售屋、或土地及建物分件登記案件；,RPWSMLOLJHKGFAO07DA,72.05,0.0,6.31,有,
新竹市,房地(土地+建物)+車位,新竹市新竹市關新路２４８號十四樓之６,16.01,商,,,1101214,土地1建物1車位1,十四層,二十四層,住宅大樓(11層含以上有電梯),住家用,鋼筋混凝土造,1140110,153.51,3,2,2,有,有,23270000,177620,坡道平面,33.76,2000000,預售屋、或土地及建物分件登記案件；,RPRTMLOLJHKGFAO66DA,72.05,0.0,6.31,有,
新竹市,房地(土地+建物)+車位,新竹市新竹市關新路２４８號十六樓之６,16.01,商,,,1101216,土地1建物1車位1,十六層,二十四層,住宅大樓(11層含以上有電梯),住家用,鋼筋混凝土造,1140110,153.51,3,2,2,有,有,23660000,180877,坡道平面,33.76,2000000,預售屋權利轉售，讓售日期111年4月14日，權利買賣契約成交價格：2580萬元整。預售屋、或土地及建物分件登記案件；,RPUTMLOLJHKGFAO96DA,72.05,0.0,6.31,有,
新竹市,房地(土地+建物)+車位,新竹市新竹市關新路２４８號十七樓之６,16.01,商,,,1101216,土地1建物1車位1,十七層,二十四層,住宅大樓(11層含以上有電梯),住家用,鋼筋混凝土造,1140110,153.51,3,2,2,有,有,23910000,182129,坡道平面,33.76,2100000,預售屋、或土地及建物分件登記案件；,RPVTMLOLJHKGFAO07DA,72.05,0.0,6.31,有,
新竹市,房地(土地+建物)+車位,新竹市新竹市關新路２４８號五樓之７,15.31,商,,,1101216,土地1建物1車位1,五層,二十四層,住宅大樓(11層含以上有電梯),住家用,鋼筋混凝土造,1140110,148.59,3,2,2,有,有,21440000,170165,坡道平面,33.76,1900000,預售屋、或土地及建物分件登記案件；,RPWUMLOLJHKGFAO27DA,67.6,0.0,7.57,有,
新竹市,房地(土地+建物)+車位,新竹市新竹市關新路２４８號八樓之７,15.31,商,,,1101215,土地1建物1車位1,八層,二十四層,住宅大樓(11層含以上有電梯),住家用,鋼筋混凝土造,1140110,148.59,3,2,2,有,有,21580000,171384,坡道平面,33.76,1900000,預售屋、或土地及建物分件登記案件；,RPPVMLOLJHKGFAO66DA,67.6,0.0,7.57,有,
新竹市,房地(土地+建物)+車位,新竹市新竹市關新路２４８號六樓之３,18.28,商,,,1101213,土地1建物1車位1,六層,二十四層,住宅大樓(11層含以上有電梯),住家用,鋼筋混凝土造,1140110,170.57999999999998,3,2,2,有,有,25450000,172124,坡道平面,33.76,1900000,預售屋、或土地及建物分件登記案件；,RPWVMLOLJHKGFAO37DA,78.24,0.0,11.29,有,
新竹市,房地(土地+建物)+車位,新竹市新竹市關新路２４８號七樓之３,18.28,商,,,1101216,土地1建物1車位1,七層,二十四層,住宅大樓(11層含以上有電梯),住家用,鋼筋混凝土造,1140110,170.57999999999998,3,2,2,有,有,25620000,173366,坡道平面,33.76,1900000,預售屋、或土地及建物分件登記案件；,RPOWMLOLJHKGFAO66DA,78.24,0.0,11.29,有,
新竹市,房地(土地+建物)+車位,新竹市新竹市關新路２４８號十四樓之７,15.31,商,,,1101214,土地1建物1車位1,十四層,二十四層,住宅大樓(11層含以上有電梯),住家用,鋼筋混凝土造,1140110,148.59,3,2,2,有,有,22290000,176696,坡道平面,33.76,2000000,預售屋、或土地及建物分件登記案件；,RPSWMLOLJHKGFAO07DA,67.6,0.0,7.57,有,
新竹市,房地(土地+建物)+車位,新竹市新竹市關新路２４８號十樓之３,18.28,商,,,1101217,土地1建物1車位1,十層,二十四層,住宅大樓(11層含以上有電梯),住家用,鋼筋混凝土造,1140110,171.26999999999998,3,2,2,有,有,25780000,174536,坡道平面,34.45,1900000,預售屋、或土地及建物分件登記案件；,RPTWMLOLJHKGFAO17DA,78.24,0.0,11.29,有,
新竹市,房地(土地+建物)+車位,新竹市新竹市關新路２４８號十四樓之３,18.28,商,,,1101215,土地1建物1車位1,十四層,二十四層,住宅大樓(11層含以上有電梯),住家用,鋼筋混凝土造,1140110,171.26999999999998,3,2,2,有,有,26450000,178702,坡道平面,34.45,2000000,預售屋、或土地及建物分件登記案件；,RPQNNLOLJHKGFAO68DA,78.24,0.0,11.29,有,
新竹市,房地(土地+建物)+車位,新竹市新竹市關新路２４８號十五樓之３,18.28,商,,,1101216,土地1建物1車位1,十五層,二十四層,住宅大樓(11層含以上有電梯),住家用,鋼筋混凝土造,1140110,170.57999999999998,3,2,2,有,有,26900000,181991,坡道平面,33.76,2000000,預售屋、或土地及建物分件登記案件；,RPSNNLOLJHKGFAO88DA,78.24,0.0,11.29,有,
新竹市,房地(土地+建物)+車位,新竹市新竹市關新路２４８號二十樓之７,15.31,商,,,1101213,土地1建物1車位1,二十層,二十四層,住宅大樓(11層含以上有電梯),住家用,鋼筋混凝土造,1140110,149.28,3,2,2,有,有,23140000,182357,坡道平面,34.45,2200000,預售屋、或土地及建物分件登記案件；,RPVNNLOLJHKGFAO56DA,67.6,0.0,7.57,有,
新竹市,房地(土地+建物)+車位,新竹市新竹市關新路２４８號十八樓之３,18.28,商,,,1101216,土地1建物1車位1,十八層,二十四層,住宅大樓(11層含以上有電梯),住家用,鋼筋混凝土造,1140110,170.57999999999998,3,2,2,有,有,27160000,183160,坡道平面,33.76,2100000,預售屋、或土地及建物分件登記案件；,RPXNNLOLJHKGFAO76DA,78.24,0.0,11.29,有,
新竹市,房地(土地+建物)+車位,新竹市新竹市關新路２４８號十四樓之８,14.73,商,,,1101214,土地1建物1車位1,十四層,二十四層,住宅大樓(11層含以上有電梯),住家用,鋼筋混凝土造,1140110,144.73000000000002,3,2,2,有,有,21460000,175363,坡道平面,33.76,2000000,預售屋、或土地及建物分件登記案件；,RPVQNLOLJHKGFAO86DA,65.64,0.0,7.06,有,
新竹市,房地(土地+建物)+車位,新竹市新竹市關新路２４８號九樓之５,11.22,商,,,1101211,土地1建物1車位1,九層,二十四層,住宅大樓(11層含以上有電梯),住家用,鋼筋混凝土造,1140110,117.42,2,2,1,有,有,16340000,172603,坡道平面,33.76,1900000,預售屋、或土地及建物分件登記案件；,RPWQNLOLJHKGFAO96DA,50.87,0.0,3.88,有,
新竹市,房地(土地+建物)+車位,新竹市新竹市關新路２４８號十五樓之５,11.22,商,,,1101219,土地1建物1車位1,十五層,二十四層,住宅大樓(11層含以上有電梯),住家用,鋼筋混凝土造,1140110,117.42,2,2,1,有,有,17070000,180134,坡道平面,33.76,2000000,預售屋、或土地及建物分件登記案件；,RPOSNLOLJHKGFAO98DA,50.87,0.0,3.88,有,
新竹市,房地(土地+建物)+車位,新竹市新竹市關新路２４８號十六樓之５,11.22,商,,,1101217,土地1建物1車位1,十六層,二十四層,住宅大樓(11層含以上有電梯),住家用,鋼筋混凝土造,1140110,117.42,2,2,1,有,有,17070000,180134,坡道平面,33.76,2000000,預售屋、或土地及建物分件登記案件；,RPQSNLOLJHKGFAO56DA,50.87,0.0,3.88,有,
新竹市,房地(土地+建物)+車位,新竹市新竹市關新路２４８號十樓之１,16.2,商,,,1101218,土地1建物1車位1,十層,二十四層,住宅大樓(11層含以上有電梯),住家用,鋼筋混凝土造,1140110,154.97,3,2,2,有,有,23070000,173831,坡道平面,33.76,2000000,預售屋權利轉售，讓售日期112年4月12日，權利買賣契約成交價格：2745萬元整。預售屋、或土地及建物分件登記案件；,RPUOMLOLJHKGFAO09DA,71.68,0.0,7.68,有,
新竹市,房地(土地+建物)+車位,新竹市新竹市關新路２４８號十二樓之２,12.0,商,,,1101214,土地1建物1車位1,十二層,二十四層,住宅大樓(11層含以上有電梯),住家用,鋼筋混凝土造,1140110,123.09,2,2,1,有,有,17730000,176089,坡道平面,33.76,2000000,預售屋權利轉售，讓售日期113年1月29日，權利買賣契約成交價格：19805730元整。預售屋、或土地及建物分件登記案件；,RPTRMLOLJHKGFAO66DA,54.66,0.0,3.8,有,
新竹市,房地(土地+建物)+車位,新竹市新竹市關新路２４８號十八樓之２,12.0,商,,,1101217,土地1建物1車位1,十八層,二十四層,住宅大樓(11層含以上有電梯),住家用,鋼筋混凝土造,1140110,122.4,2,2,1,有,有,18450000,183589,坡道平面,33.07,2050000,預售屋權利轉售，讓售日期111年3月3日，權利買賣契約成交價格：1878萬元整。預售屋、或土地及建物分件登記案件；,RPSSMLOLJHKGFAO66DA,54.66,0.0,3.8,有,
新竹市,房地(土地+建物)+車位,新竹市新竹市關新路２４８號二十樓之６,16.01,商,,,1101217,土地1建物1車位1,二十層,二十四層,住宅大樓(11層含以上有電梯),住家用,鋼筋混凝土造,1140110,153.51,3,2,2,有,有,23950000,182463,坡道平面,33.76,2100000,預售屋、或土地及建物分件登記案件；,RPOUMLOLJHKGFAO09DA,72.05,0.0,6.31,有,
新竹市,房地(土地+建物)+車位,新竹市新竹市關新路２４８號十七樓之７,15.31,商,,,1101220,土地1建物1車位1,十七層,二十四層,住宅大樓(11層含以上有電梯),住家用,鋼筋混凝土造,1140110,148.59,3,2,2,有,有,22900000,181137,坡道平面,33.76,2100000,預售屋權利轉售，讓售日期112年3月6日，權利買賣契約成交價格：2598萬元整。預售屋、或土地及建物分件登記案件；,RPPNNLOLJHKGFAO58DA,67.6,0.0,7.57,有,
新竹市,房地(土地+建物)+車位,新竹市新竹市關新路２４８號十八樓之７,15.31,商,,,1101217,土地1建物1車位1,十八層,二十四層,住宅大樓(11層含以上有電梯),住家用,鋼筋混凝土造,1140110,148.59,3,2,2,有,有,22900000,181137,坡道平面,33.76,2100000,預售屋權利轉售，讓售日期112年1月12日，權利買賣契約成交價格：2500萬元整。預售屋、或土地及建物分件登記案件；,RPRNNLOLJHKGFAO78DA,67.6,0.0,7.57,有,
新竹市,房地(土地+建物)+車位,新竹市新竹市關新路２４８號十九樓之７,15.31,商,,,1101219,土地1建物1車位1,十九層,二十四層,住宅大樓(11層含以上有電梯),住家用,鋼筋混凝土造,1140110,148.59,3,2,2,有,有,23040000,182357,坡道平面,33.76,2100000,預售屋、或土地及建物分件登記案件；,RPTNNLOLJHKGFAO98DA,67.6,0.0,7.57,有,
新竹市,房地(土地+建物)+車位,新竹市新竹市關新路２４８號二十樓之３,18.28,商,,,1101216,土地1建物1車位1,二十層,二十四層,住宅大樓(11層含以上有電梯),住家用,鋼筋混凝土造,1140110,170.57999999999998,3,2,2,有,有,27230000,183672,坡道平面,33.76,2100000,預售屋、或土地及建物分件登記案件；,RPRONLOLJHKGFAO88DA,78.24,0.0,11.29,有,
新竹市,房地(土地+建物)+車位,新竹市新竹市關新路２４８號八樓之８,14.73,商,,,1101214,土地1建物1車位1,八層,二十四層,住宅大樓(11層含以上有電梯),住家用,鋼筋混凝土造,1140110,144.73000000000002,3,2,2,有,有,20770000,170046,坡道平面,33.76,1900000,預售屋權利轉售，讓售日期112年12月26日，權利買賣契約成交價格：2077萬元整。預售屋、或土地及建物分件登記案件；,RPTPNLOLJHKGFAO56DA,65.64,0.0,7.06,有,
新竹市,房地(土地+建物)+車位,新竹市新竹市關新路２４８號十九樓之５,11.22,商,,,1101217,土地1建物1車位1,十九層,二十四層,住宅大樓(11層含以上有電梯),住家用,鋼筋混凝土造,1140110,117.42,2,2,1,有,有,17370000,182525,坡道平面,33.76,2100000,預售屋權利轉售，讓售日期113年2月28日，權利買賣契約成交價格：1847萬元整。預售屋、或土地及建物分件登記案件；,RPWSNLOLJHKGFAO17DA,50.87,0.0,3.88,有,
新竹市,房地(土地+建物)+車位,新竹市新竹市關新路２４８號二十四樓之５,11.22,商,,,1101215,土地1建物1車位1,二十四層,二十四層,住宅大樓(11層含以上有電梯),住家用,鋼筋混凝土造,1140110,117.42,2,2,1,有,有,17370000,182525,坡道平面,33.76,2100000,預售屋權利轉售，讓售日期111年3月23日，權利買賣契約成交價格：1822萬元整。預售屋、或土地及建物分件登記案件；,RPTTNLOLJHKGFAO96DA,50.87,0.0,3.88,有,
新竹市,房地(土地+建物)+車位,新竹市新竹市關新路２４８號五樓之２,12.0,商,,,1101215,土地1建物1車位1,五層,二十四層,住宅大樓(11層含以上有電梯),住家用,鋼筋混凝土造,1140110,123.09,2,2,1,有,有,17310000,172506,坡道平面,33.76,1900000,預售屋權利轉售，讓售日期112年5月6日，權利買賣契約成交價格：1741萬元整。預售屋、或土地及建物分件登記案件；,RPTNMLRJKHKGFAO09DA,54.66,0.0,3.8,有,
新竹市,房地(土地+建物)+車位,新竹市新竹市關新路２４８號二十二樓之６,16.01,商,,,1101021,土地1建物1車位1,二十二層,二十四層,住宅大樓(11層含以上有電梯),住家用,鋼筋混凝土造,1140110,153.51,3,2,2,有,有,23760000,180042,坡道平面,33.76,2200000,預售屋權利轉售，讓售日期111年4月13日，權利買賣契約成交價格：2490萬元整。預售屋、或土地及建物分件登記案件；,RPRUMLOLJHKGFAO76DA,72.05,0.0,6.31,有,
新竹市,房地(土地+建物)+車位,新竹市新竹市東光路１０１號五樓,46.37,商,,,1100930,土地1建物1車位2,五層,十八層,住宅大樓(11層含以上有電梯),住家用,鋼筋混凝土造,1131127,340.36,4,2,2,有,無,42210000,135152,坡道平面,63.56,4800000,管理組織:目前無將來會成立預售屋權利轉售，讓渡日期 :113年11月25日，讓渡金額47500000元正。另於113年11月25日簽訂車位增契約，交易金額為2400000元，合計總價為49900000元。預售屋、或土地及建物分件登記案件；,RPPQMLOKKHKGFAO78DA,166.16,0.0,14.29,有,
