﻿鄉鎮市區,交易標的,土地位置建物門牌,土地移轉總面積平方公尺,都市土地使用分區,非都市土地使用分區,非都市土地使用編定,交易年月日,交易筆棟數,移轉層次,總樓層數,建物型態,主要用途,主要建材,建築完成年月,建物移轉總面積平方公尺,建物現況格局-房,建物現況格局-廳,建物現況格局-衛,建物現況格局-隔間,有無管理組織,總價元,單價元平方公尺,車位類別,車位移轉總面積平方公尺,車位總價元,備註,編號,建案名稱,棟及號,解約情形
The villages and towns urban district,transaction sign,land sector position building sector house number plate,land shifting total area square meter,the use zoning or compiles and checks,the non-metropolis land use district,non-metropolis land use,transaction year month and day,transaction pen number,shifting level,total floor number,building state,main use,main building materials,construction to complete the years,building shifting total area,Building present situation pattern - room,building present situation pattern - hall,building present situation pattern - health,building present situation pattern - compartmented,Whether there is manages the organization,total price NTD,the unit price (NTD / square meter),the berth category,berth shifting total area square meter,the berth total price NTD,the note,serial number,build case,buildings,termination type
新竹市,房地(土地+建物)+車位,新竹市新竹市仰德路,30.81,,特定農業區,甲種建築用地,1140111,土地1建物1車位1,三層,9,華廈(10層含以下有電梯),住家用,鋼筋混凝土造,,138.32,3,2,2,有,無,20630000,157295,一樓平面,19.88,2000000,,RPUNMLPKJHKGFAO98CB,科技之心,C戶3樓號,
新竹市,房地(土地+建物),新竹市新竹市新竹市中華路二段628號旁,5.33,商,,,1140114,土地4建物1車位0,八層,10,華廈(10層含以下有電梯),住家用,鋼筋混凝土造,,42.46,1,1,1,有,無,7780000,183231,,0.0,0,,RPSNMLKLJHKGFAO38CB,沅朔曦月,B棟8號,
新竹市,房地(土地+建物)+車位,新竹市新竹市北區金雅路與金雅七街交叉路口,30.42,,鄉村區,乙種建築用地,1140114,土地1建物1車位1,十六層,17,住宅大樓(11層含以上有電梯),住家用,鋼筋混凝土造,,147.79,3,2,2,有,無,24850000,196595,坡道平面,32.07,2100000,,RPTNMLKLJHKGFAO48CB,浩瀚森PARK,E-16F號,
新竹市,房地(土地+建物)+車位,新竹市新竹市竹蓮街與東南街142巷口,15.21,住,,,1140119,土地2建物1車位2,十四層,27,住宅大樓(11層含以上有電梯),住家用,鋼筋混凝土造,,200.09,3,2,2,有,無,34950000,200420,坡道平面,47.66,4400000,,RPUNMLKLJHKGFAO58CB,春福承曦,B1-14F號,
新竹市,房地(土地+建物)+車位,新竹市新竹市延平路二段457巷,29.81,,鄉村區,乙種建築用地,1140111,土地1建物1車位1,五層,5,華廈(10層含以下有電梯),住家用,鋼筋混凝土造,,80.07,2,2,1,有,無,9760000,135744,其他,14.8,900000,,RPRNMLLLJHKGFAO38CB,幸福雄郡NO20,5F-B號,
新竹市,房地(土地+建物)+車位,新竹市新竹市延平路二段457巷,29.81,,鄉村區,乙種建築用地,1140116,土地1建物1車位1,二層,5,華廈(10層含以下有電梯),住家用,鋼筋混凝土造,,80.07,2,2,1,有,無,9580000,131454,其他,14.8,1000000,,RPSNMLLLJHKGFAO48CB,幸福雄郡NO20,2F-B號,
新竹市,房地(土地+建物)+車位,新竹市新竹市延平路二段457巷,36.41,,鄉村區,乙種建築用地,1140113,土地1建物1車位1,三層,5,華廈(10層含以下有電梯),住家用,鋼筋混凝土造,,94.53,2,2,1,有,無,11420000,133200,其他,14.8,800000,,RPTNMLLLJHKGFAO58CB,幸福雄郡NO20,3F-A號,
新竹市,房地(土地+建物)+車位,新竹市新竹市北區民富街,12.9,商,,,1140116,土地1建物1車位1,八層,15,住宅大樓(11層含以上有電梯),住家用,鋼筋混凝土造,,159.47,4,1,2,有,無,29100000,195749,坡道平面,22.56,2300000,,RPQNMLMLJHKGFAO38CB,甲子園,C棟8號,
新竹市,房地(土地+建物)+車位,新竹市新竹市湳雅街,30.18,住,,,1140114,土地3建物1車位2,七層,14,住宅大樓(11層含以上有電梯),住家用,鋼筋混凝土造,,220.54,4,2,2,有,無,36370000,214631,坡道平面,75.78,5300000,,RPRNMLMLJHKGFAO48CB,昌傑玥玥,B棟7號,
新竹市,房地(土地+建物),新竹市新竹市北大路,14.33,住,,,1140119,土地1建物1車位0,五層,10,華廈(10層含以下有電梯),住家用,鋼筋混凝土造,,66.2,2,1,1,有,無,13310000,201057,,0.0,0,,RPQNMLOLJHKGFAO58CB,創礫AI,D棟5F號,
新竹市,房地(土地+建物),新竹市新竹市北大路,15.42,住,,,1140112,土地1建物1車位0,五層,10,華廈(10層含以下有電梯),住家用,鋼筋混凝土造,,71.22,2,1,1,有,無,14380000,201910,,0.0,0,,RPRNMLOLJHKGFAO68CB,創礫AI,C棟5F號,
新竹市,房地(土地+建物),新竹市新竹市北大路,15.16,住,,,1140112,土地1建物1車位0,五層,10,華廈(10層含以下有電梯),住家用,鋼筋混凝土造,,70.04,2,1,1,有,無,14580000,208167,,0.0,0,,RPSNMLOLJHKGFAO78CB,創礫AI,A棟5F號,
新竹市,房地(土地+建物),新竹市新竹市金山北三街和金山十六街交叉口,20.18,住,,,1140115,土地1建物1車位0,四層,5,華廈(10層含以下有電梯),住家用,鋼筋混凝土造,,66.35,2,2,2,有,無,14100000,212509,,0.0,0,,RPQNMLQJKHKGFAO68CB,金山望月,4F-A號,
新竹市,房地(土地+建物)+車位,新竹市新竹市中華路二段,13.02,商,,,1140114,土地1建物1車位1,二十二層,24,住宅大樓(11層含以上有電梯),見其他登記事項,鋼筋混凝土造,,161.47,3,2,2,有,無,28910000,213892,坡道平面,36.36,2150000,,RPUNMLQJKHKGFAO09CB,益展心築湛,A3棟22F號,
新竹市,房地(土地+建物)+車位,新竹市新竹市中華路二段,13.02,商,,,1140114,土地1建物1車位1,十七層,24,住宅大樓(11層含以上有電梯),見其他登記事項,鋼筋混凝土造,,159.13,3,2,2,有,無,27780000,206458,坡道平面,34.02,1950000,,RPVNMLQJKHKGFAO56CB,益展心築湛,A1棟17F號,
新竹市,房地(土地+建物)+車位,新竹市新竹市延平路二段307巷,24.01,,鄉村區,乙種建築用地,1140115,土地1建物1車位1,五層,12,住宅大樓(11層含以上有電梯),住家用,鋼筋混凝土造,,130.74,2,2,2,有,無,14680000,136891,坡道平面,35.92,1700000,,RPPNMLMKKHKGFAO28CB,玥上川,M棟5號,
新竹市,房地(土地+建物)+車位,新竹市新竹市北區金雅路與金雅七街交叉路口,38.98,,鄉村區,乙種建築用地,1140120,土地1建物1車位1,二層,17,住宅大樓(11層含以上有電梯),住家用,鋼筋混凝土造,,179.73,4,2,2,有,無,28360000,178061,坡道平面,31.41,1950000,,RPUNMLNKKHKGFAO88CB,浩瀚森PARK,B-02F號,
