﻿鄉鎮市區,交易標的,土地位置建物門牌,土地移轉總面積平方公尺,都市土地使用分區,非都市土地使用分區,非都市土地使用編定,交易年月日,交易筆棟數,移轉層次,總樓層數,建物型態,主要用途,主要建材,建築完成年月,建物移轉總面積平方公尺,建物現況格局-房,建物現況格局-廳,建物現況格局-衛,建物現況格局-隔間,有無管理組織,總價元,單價元平方公尺,車位類別,車位移轉總面積平方公尺,車位總價元,備註,編號,建案名稱,棟及號,解約情形
The villages and towns urban district,transaction sign,land sector position building sector house number plate,land shifting total area square meter,the use zoning or compiles and checks,the non-metropolis land use district,non-metropolis land use,transaction year month and day,transaction pen number,shifting level,total floor number,building state,main use,main building materials,construction to complete the years,building shifting total area,Building present situation pattern - room,building present situation pattern - hall,building present situation pattern - health,building present situation pattern - compartmented,Whether there is manages the organization,total price NTD,the unit price (NTD / square meter),the berth category,berth shifting total area square meter,the berth total price NTD,the note,serial number,build case,buildings,termination type
新竹市,房地(土地+建物),新竹市新竹市金山北三街和金山十六街交叉口,20.18,住,,,1140122,土地1建物1車位0,五層,5,華廈(10層含以下有電梯),住家用,鋼筋混凝土造,,66.35,2,2,2,有,無,14050000,211756,,0.0,0,,RPRNMLQJKHKGFAO78CB,金山望月,5F-A號,
新竹市,房地(土地+建物),新竹市新竹市金山北三街和金山十六街交叉口,19.53,住,,,1140122,土地1建物1車位0,五層,5,華廈(10層含以下有電梯),住家用,鋼筋混凝土造,,64.2,2,2,2,有,無,13450000,209502,,0.0,0,,RPSNMLQJKHKGFAO88CB,金山望月,5F-B號,
新竹市,房地(土地+建物)+車位,新竹市新竹市西濱路一段275巷,35.4,住,,,1140126,土地1建物1車位1,四層,10,華廈(10層含以下有電梯),住家用,鋼筋混凝土造,,154.13,3,2,2,有,無,14400000,121141,坡道平面,47.23,1450000,,RPPNMLTJKHKGFAO88CB,佳瑩藝居,A棟4號,
新竹市,房地(土地+建物)+車位,新竹市新竹市金雅路,29.81,,鄉村區,乙種建築用地,1140125,土地1建物1車位1,十層,15,住宅大樓(11層含以上有電梯),住家用,鋼筋混凝土造,,150.21,3,2,2,有,無,25500000,195062,坡道平面,29.12,1880000,,RPPNMLKKKHKGFAO08CB,竹慶金城,A棟10F號,
新竹市,房地(土地+建物)+車位,新竹市新竹市延平路二段307巷,23.97,,鄉村區,乙種建築用地,1140125,土地1建物1車位1,十層,12,住宅大樓(11層含以上有電梯),住家用,鋼筋混凝土造,,130.42,2,2,2,有,無,15850000,148677,坡道平面,35.92,1800000,,RPRNMLKKKHKGFAO28CB,玥上川,N棟10號,
新竹市,房地(土地+建物)+車位,新竹市新竹市新竹市崧嶺路57巷,34.17,住,,,1140121,土地6建物1車位1,四層,6,華廈(10層含以下有電梯),住家用,鋼筋混凝土造,,121.09,3,2,2,有,無,17368000,167609,一樓平面,21.0,592000,,RPPNMLSKKHKGFAO98DB,成富家,A棟4F號,
