﻿編號,車位類別,車位價格,車位面積平方公尺,車位所在樓層
Serial number,berth category,berth price,berth area square meter,
RPPNMLPLJHKGFAP68CB,坡道平面,1400000,30.36,地下三樓
RPPNMLLLJHKGFAP28CB,坡道平面,1300000,29.18,地下三樓
RPQNMLPLJHKGFAP78CB,坡道平面,1400000,29.18,地下二樓
RPPNMLOJKHKGFAP48CB,坡道平面,1150000,26.45,地下二樓
RPUNMLKLJHKGFDP98CB,一樓平面,1400000,13.75,一樓
RPVNMLKLJHKGFDP09CB,一樓平面,1300000,9.48,一樓
RPRNMLMKKHKGFAP58CB,一樓平面,0,29.63,一樓
RPPNMLNJKHKGFBP48CB,一樓平面,1100000,23.38,一樓
RPPNMLNKJHKGFAP48DB,一樓平面,1000000,13.75,一樓
RPQNMLNKJHKGFAP58DB,一樓平面,1000000,13.75,一樓
