﻿編號,車位類別,車位價格,車位面積平方公尺,車位所在樓層
Serial number,berth category,berth price,berth area square meter,
RPPNMLKKKHKGFBP38DB,一樓平面,0,,一樓
RPPNMLNKKHKGFBP68DB,一樓平面,0,,一樓
RPQNMLOLJHKGFAP68CB,一樓平面,1200000,23.80,一樓
RPPNMLOLJHKGFAP58CB,坡道機械,680000,17.90,地下三樓
RPQNMLMKKHKGFAP48CB,坡道平面,1450000,18.78,地下二樓
RPQNMLMKKHKGFAP48CB,坡道平面,1400000,18.78,地下二樓
RPSNMLMKKHKGFDP98CB,一樓平面,1100000,16.52,一樓
RPPNMLOJKHKGFCP68CB,坡道平面,1300000,21.20,地下二樓
