﻿編號,屋齡,建物移轉面積平方公尺,主要用途,主要建材,建築完成日期,總層數,建物分層,移轉情形
The serial number,room age,building shifting area square meter,the main use,main building materials,construction completes the date,total layer,building lamination,
RPPNMLLLJHKGFAP38CC,30,177.93,住家用,鋼筋混凝土造,84年3月10日,三層,,
RPWNMLPKJHKGFAP76CC,43,148.19,住家用,磚造,71年6月30日,一層,,
RPPNMLOLJHKGFAP68CC,45,117.84,住商用,鋼筋混凝土加強磚造,69年4月9日,二層,,
RPQNMLOKJHKGFDP98CC,48,22.20,住商用,加強磚造,65年8月10日,三層,,
RPPNMLLLJHKGFDP68CC,6,9.01,集合住宅,鋼筋混凝土造,108年4月9日,七層,,
RPPNMLLLJHKGFDP68CC,6,3.94,本共有部分之項目有梯廳、安全梯ＡＢ、升降機、管道間、電信室、走廊、電梯、各戶管道間、升降機房、水箱等１０項,鋼筋混凝土造,108年4月9日,七層,,
RPPNMLLLJHKGFDP68CC,6,.37,本共有部分之項目有防空避難室機房升降機停車、緊急發電機室、消防機房、停車空間等４項,鋼筋混凝土造,108年4月9日,七層,,
RPPNMLOKJHKGFDP88CC,48,12.50,住商用,加強磚造,65年8月10日,三層,,
RPSNMLPKJHKGFDP66CC,8,61.51,停車空間、住宅、樓梯間,鋼筋混凝土造,106年7月14日,三層,,
RPQNMLRKJHKGFDP66CC,6,9.29,集合住宅,鋼筋混凝土造,108年4月9日,七層,,
RPQNMLRKJHKGFDP66CC,6,4.07,本共有部分之項目有梯廳、安全梯ＡＢ、升降機、管道間、電信室、走廊、電梯、各戶管道間、升降機房、水箱等１０項,鋼筋混凝土造,108年4月9日,七層,,
RPQNMLRKJHKGFDP66CC,6,.38,本共有部分之項目有防空避難室機房升降機停車、緊急發電機室、消防機房、停車空間等４項,鋼筋混凝土造,108年4月9日,七層,,
RPRNMLPKJHKGFDP56CC,8,87.33,停車空間、住宅、樓梯間,鋼筋混凝土造,106年7月14日,三層,,
RPQNMLLLJHKGFDP78CC,6,9.01,集合住宅,鋼筋混凝土造,108年4月9日,七層,,
RPQNMLLLJHKGFDP78CC,6,3.94,本共有部分之項目有梯廳、安全梯ＡＢ、升降機、管道間、電信室、走廊、電梯、各戶管道間、升降機房、水箱等１０項,鋼筋混凝土造,108年4月9日,七層,,
RPQNMLLLJHKGFDP78CC,6,.37,本共有部分之項目有防空避難室機房升降機停車、緊急發電機室、消防機房、停車空間等４項,鋼筋混凝土造,108年4月9日,七層,,
RPPNMLNJKHKGFBP58CC,30,26.84,住家用,鋼筋混凝土造,84年7月10日,十三層,,
RPPNMLNJKHKGFBP58CC,30,8.11,共有部份,鋼筋混凝土造,84年7月10日,十三層,,
RPRNMLOLJHKGFBP98CC,30,43.19,住家用,鋼筋混凝土造,84年7月10日,十三層,,
RPRNMLOLJHKGFBP98CC,30,16.01,共有部份,鋼筋混凝土造,84年7月10日,十三層,,
RPQNMLOLJHKGFBP88CC,30,27.05,住家用,鋼筋混凝土造,84年7月10日,十三層,,
RPQNMLOLJHKGFBP88CC,30,10.08,共有部份,鋼筋混凝土造,84年7月10日,十三層,,
RPPNMLMLJHKGFDP78CC,18,53.94,集合住宅,鋼筋混凝土造,95年12月5日,十二層,,
RPPNMLMLJHKGFDP78CC,18,7.45,防空避難室、停車空間,鋼筋混凝土造,95年12月5日,十二層,,
RPPNMLMLJHKGFDP78CC,18,10.19,公共設施,鋼筋混凝土造,95年12月5日,十二層,,
RPPNMLKKKHKGFAP28CC,1,78.91,集合住宅,鋼筋混凝土造,113年4月18日,十二層,,
RPPNMLKKKHKGFAP28CC,1,75.00,停車空間兼防空避難室、停車空間、公共空間、管理維護空間、樓梯間、機房、水箱,鋼筋混凝土造,113年4月18日,十二層,,
RPVNMLRLJHKGFEP37CC,51,15.00,住家用,木石磚造（磚石造）；加強磚造,63年1月15日,二層,,
RPQNMLPLKHKGFEP76CC,33,44.73,住商用,鋼筋混凝土造,80年12月1日,五層,,
