﻿編號,土地位置,土地移轉面積平方公尺,使用分區或編定,權利人持分分母,權利人持分分子,移轉情形,地號
The serial number, land position,land shifting area square meter,the use zoning or compiles and checks,,,,land parcel
RPPNMLPLJHKGFAP68CB,北環段,15.44,都市：商,10000,53,持分移轉,02310000
RPPNMLLLJHKGFAP28CB,北環段,10.78,都市：商,10000,37,持分移轉,02310000
RPQNMLPLJHKGFAP78CB,北環段,15.44,都市：商,10000,53,持分移轉,02310000
RPQNMLNJKHKGFAP48CB,光明段,92.75,非都市：工業區 ; 非都市編定：丁種建築用地,1,1,全筆移轉,03830008
RPPNMLOJKHKGFAP48CB,長平段,5.89,非都市：鄉村區 ; 非都市編定：乙種建築用地,100000,781,持分移轉,09700000
RPPNMLOJKHKGFAP48CB,長平段,3.02,非都市：鄉村區 ; 非都市編定：乙種建築用地,100000,781,持分移轉,09710000
RPPNMLOJKHKGFAP48CB,長平段,9.08,非都市：鄉村區 ; 非都市編定：乙種建築用地,100000,781,持分移轉,09720000
RPPNMLOJKHKGFAP48CB,長平段,1.23,非都市：鄉村區 ; 非都市編定：乙種建築用地,100000,781,持分移轉,09730000
RPUNMLKLJHKGFDP98CB,光明段,28.17,都市：住,1000000,7581,持分移轉,02690000
RPVNMLKLJHKGFDP09CB,光明段,28.17,都市：住,1000000,7581,持分移轉,02690000
RPSNMLOLJHKGFDP56CB,大學段,106.36,都市：住,1,1,全筆移轉,01330000
RPSNMLOLJHKGFDP56CB,大學段,24.65,都市：住,15,1,持分移轉,01330017
RPPNMLLLJHKGFCP48CB,頂湳段,33.51,非都市：鄉村區 ; 非都市編定：乙種建築用地,228300,3351,持分移轉,02280000
RPPNMLOLJHKGFCP78CB,社東段,14.91,都市：商,100000,896,持分移轉,07920000
RPPNMLRKJHKGFEP56CB,東陽段,135.67,都市：住,1,1,全筆移轉,01550039
RPPNMLQJKHKGFDP98CB,大學段,123.65,都市：住,120416,12365,持分移轉,02960000
RPRNMLRJKHKGFDP66CB,大學段,165.57,都市：住,120416,16557,持分移轉,02960000
RPSNMLRJKHKGFDP76CB,高北段,76.38,都市：住,798761,7638,持分移轉,02100000
RPSNMLRJKHKGFDP76CB,高北段,20.49,都市：住,798761,2049,持分移轉,02100000
RPSNMLRJKHKGFDP76CB,高北段,.45,都市：住,798761,45,持分移轉,02100000
RPTNMLRJKHKGFDP86CB,高北段,117.46,都市：住,798761,11746,持分移轉,02100000
RPTNMLRJKHKGFDP86CB,高北段,.45,都市：住,798761,45,持分移轉,02100000
RPUNMLRJKHKGFDP96CB,高北段,100.70,都市：住,798761,10070,持分移轉,02100000
RPUNMLRJKHKGFDP96CB,高北段,23.31,都市：住,798761,2331,持分移轉,02100000
RPUNMLRJKHKGFDP96CB,高北段,.55,都市：住,798761,55,持分移轉,02100000
RPQNMLRJKHKGFDP56CB,大學段,162.00,都市：住,120416,16200,持分移轉,02960000
RPPNMLRJKHKGFDP09CB,大學段,180.27,都市：住,120416,18027,持分移轉,02960000
RPQNMLKKKHKGFDP58CB,高北段,100.70,都市：住,798761,10070,持分移轉,02100000
RPQNMLKKKHKGFDP58CB,高北段,23.31,都市：住,798761,2331,持分移轉,02100000
RPQNMLKKKHKGFDP58CB,高北段,.55,都市：住,798761,55,持分移轉,02100000
RPRNMLMKKHKGFAP58CB,科加段,19.31,非都市：工業區 ; 非都市編定：丁種建築用地,10000,48,持分移轉,00060000
RPRNMLMKKHKGFAP58CB,科加段,1.88,非都市：工業區 ; 非都市編定：丁種建築用地,100000,383,持分移轉,00060002
RPPNMLMKKHKGFDP68CB,高北段,119.89,都市：住,798761,11989,持分移轉,02100000
RPPNMLMKKHKGFDP68CB,高北段,.45,都市：住,798761,45,持分移轉,02100000
RPPNMLNJKHKGFBP48CB,新光段,53.77,都市：住,101733,5377,持分移轉,07160000
RPPNMLNKJHKGFAP48DB,八德段,17.43,非都市：鄉村區 ; 非都市編定：乙種建築用地,100000,2784,持分移轉,08850000
RPPNMLNKJHKGFAP48DB,八德段,17.99,非都市：鄉村區 ; 非都市編定：乙種建築用地,100000,2784,持分移轉,08860000
RPPNMLNKJHKGFAP48DB,八德段,5.90,非都市：鄉村區 ; 非都市編定：乙種建築用地,100000,2784,持分移轉,08900000
RPQNMLNKJHKGFAP58DB,八德段,18.15,非都市：鄉村區 ; 非都市編定：乙種建築用地,100000,2898,持分移轉,08850000
RPQNMLNKJHKGFAP58DB,八德段,18.73,非都市：鄉村區 ; 非都市編定：乙種建築用地,100000,2898,持分移轉,08860000
RPQNMLNKJHKGFAP58DB,八德段,6.15,非都市：鄉村區 ; 非都市編定：乙種建築用地,100000,2898,持分移轉,08900000
RPPNMLNKKHKGFDP78CB,馬公厝段,93.98,非都市：鄉村區 ; 非都市編定：乙種建築用地,1,1,全筆移轉,04310020
