﻿編號,屋齡,建物移轉面積平方公尺,主要用途,主要建材,建築完成日期,總層數,建物分層,移轉情形
The serial number,room age,building shifting area square meter,the main use,main building materials,construction completes the date,total layer,building lamination,
RPPNMLLKKHKGFAP28DA,46,165.90,住家用,加強磚造,68年1月17日,三層,一層 二層 三層,全筆移轉
RPPOMLLKKHKGFAP48EA,20,134.99,住商用,鋼筋混凝土造,94年6月1日,三層,一層 二層 三層 見其他登記事項,全筆移轉
RPPNMLTJKHKGFAP98DA,30,41.32,住家用,鋼筋混凝土造,83年11月15日,十二層,十二層 陽台,全筆移轉
RPPNMLTJKHKGFAP98DA,30,6.15,共有部份,鋼筋混凝土造,83年11月15日,十二層,,持分移轉
RPPNMLTJKHKGFAP98DA,30,7.48,共有部份,鋼筋混凝土造,83年11月15日,十二層,,持分移轉
RPPNMLPJKHKGFBP68DA,48,106.70,住家用,加強磚造,65年9月30日,二層,一層 二層 電梯樓梯間,全筆移轉
RPTNMLMKKHKGFEP56DA,42,40.18,農民住宅,鋼筋混凝土加強磚造,72年7月30日,二層,一層 二層 陽台 騎樓,持分移轉
RPSNMLNJKHKGFAP68DA,1,22.38,集合住宅,鋼筋混凝土造,113年7月2日,四層,三層 陽台,全筆移轉
RPSNMLNJKHKGFAP68DA,1,5.89,電信室、停車空間（一）、停車空間（二）、電樓梯間、機電設備空間、門廳、樓梯間等７項,鋼筋混凝土造,113年7月2日,四層,,持分移轉
RPQNMLRKKHKGFCP56DA,44,163.09,住家用,加強磚造,70年7月1日,三層,一層 二層 三層 陽台,全筆移轉
RPTNMLRJKHKGFAP56DA,45,115.98,住家用,加強磚造,69年5月31日,二層,一層 二層 騎樓 電梯樓梯間,全筆移轉
RPQNMLRKKHKGFFP86DA,16,98.70,農業設施（農業資材室）,鋼骨造,98年2月26日,一層,見其他登記事項,全筆移轉
RPRNMLOJKHKGFBP78DA,44,195.30,住商用,鋼筋混凝土加強磚造,70年3月26日,三層,一層 二層 三層 騎樓 電梯樓梯間,全筆移轉
RPQNMLRJKHKGFAP88DA,21,6.94,共有部份,鋼筋混凝土造,93年3月1日,四層,,持分移轉
RPQNMLRJKHKGFAP88DA,21,18.28,住家用,鋼筋混凝土造,93年3月1日,四層,二層 陽台,全筆移轉
RPUNMLOJKHKGFAP98DA,24,571.43,住家用,鋼筋混凝土造,90年1月15日,三層,一層 二層 三層 陽台 電梯樓梯間,全筆移轉
RPPNMLPJKHKGFAP58DA,31,83.55,住家用,鋼筋混凝土造,83年1月28日,五層,五層 陽台,全筆移轉
RPPNMLPJKHKGFAP58DA,31,11.89,共有部份,鋼筋混凝土造,83年1月28日,五層,,持分移轉
RPPNMLQJKHKGFAP68DA,28,76.48,住家用,鋼筋混凝土造,86年3月21日,十三層,十二層 陽台,全筆移轉
RPPNMLQJKHKGFAP68DA,28,11.23,共有部份,鋼筋混凝土造,86年3月21日,十三層,,持分移轉
RPPNMLQJKHKGFAP68DA,28,11.15,共有部份,鋼筋混凝土造,86年3月21日,十三層,,持分移轉
RPRNMLPJKHKGFCP98DA,31,168.57,住家用,鋼筋混凝土造,83年6月30日,三層,一層 二層 三層 電梯樓梯間,全筆移轉
RPQNMLMKKHKGFAP58EA,30,203.75,住家用,鋼筋混凝土造,84年5月1日,三層,一層 二層 三層,全筆移轉
RPRNMLRKKHKGFDP76DA,31,.59,共有部份,鋼筋混凝土造,83年3月17日,十三層,,持分移轉
RPRNMLRKKHKGFDP76DA,31,15.37,共有部份,鋼筋混凝土造,83年3月17日,十三層,,持分移轉
RPRNMLRKKHKGFDP76DA,31,2.27,共有部份,鋼筋混凝土造,83年3月17日,十三層,,持分移轉
RPRNMLRKKHKGFDP76DA,31,3.31,共有部份,鋼筋混凝土造,83年3月17日,十三層,,持分移轉
RPRNMLRKKHKGFDP76DA,31,2.69,共有部份,鋼筋混凝土造,83年3月17日,十三層,,持分移轉
RPRNMLRKKHKGFDP76DA,31,2.35,共有部份,鋼筋混凝土造,83年3月17日,十三層,,持分移轉
RPRNMLRKKHKGFDP76DA,31,3.34,共有部份,鋼筋混凝土造,83年3月17日,十三層,,持分移轉
RPRNMLRKKHKGFDP76DA,31,93.09,住家用,鋼筋混凝土造,83年3月17日,十三層,五層 陽台,全筆移轉
RPPNMLLKKHKGFCP58EA,43,112.78,住商用,ＲＣ構架磚造,70年12月22日,二層,一層 二層 騎樓,全筆移轉
RPVNMLOJKHKGFAP09DA,1,61.51,集合住宅,鋼筋混凝土造,113年4月18日,十二層,三層 陽台,全筆移轉
RPVNMLOJKHKGFAP09DA,1,66.05,停車空間兼防空避難室、停車空間、公共空間、管理維護空間、樓梯間、機房、水箱,鋼筋混凝土造,113年4月18日,十二層,,持分移轉
RPVNMLMKKHKGFAP98DA,28,81.17,住家用,鋼筋混凝土造,86年1月9日,八層,四層 陽台 花台,全筆移轉
RPVNMLMKKHKGFAP98DA,28,16.20,共有部份,鋼筋混凝土造,86年1月9日,八層,,持分移轉
RPVNMLMKKHKGFAP98DA,28,10.58,共有部份,鋼筋混凝土造,86年1月9日,八層,,持分移轉
RPPNMLOKKHKGFBP68DA,44,122.82,住家用,加強磚造,69年11月15日,二層,一層 二層 騎樓,全筆移轉
RPSNMLKKJHKGFDP68DA,29,202.02,騎樓、住宅、梯間,鋼筋混凝土造,85年1月11日,三層,一層 二層 三層 陽台 騎樓 見其他登記事項,全筆移轉
RPSNMLNKKHKGFDP09DA,5,20.03,本共有部分之項目有停車空間、管理委員會空間、走廊、梯廳、樓梯間、昇降機間、機房、水箱、防空避難室兼停車空間等９項,鋼筋混凝土造,109年5月19日,十層,,持分移轉
RPSNMLNKKHKGFDP09DA,5,41.76,集合住宅,鋼筋混凝土造,109年5月19日,十層,九層 陽台,全筆移轉
RPPOMLOKKHKGFFP56DA,1,230.09,住宅,鋼筋混凝土造,113年6月21日,四層,見其他登記事項 見其他登記事項,全筆移轉
RPQNMLOKKHKGFBP78DA,41,114.10,住家用,加強磚造,72年8月5日,二層,一層 二層 電梯樓梯間,全筆移轉
RPQNMLQJJHKGFAP68DA,34,216.00,工業用,鐵架有壁造,80年3月30日,一層,一層,全筆移轉
RPUNMLQJJHKGFAP09DA,44,130.06,住家用,加強磚造,70年6月3日,一層,一層,持分移轉
RPPNMLOLJHKGFBP68DA,4,117.83,住家用,鋼筋混凝土造,110年2月2日,三層,一層 二層 三層 陽台,全筆移轉
RPQNMLLKKHKGFAP38DA,1,246.44,店舖、住宅,鋼筋混凝土造,112年12月28日,三層,一層 二層 三層 陽台,全筆移轉
RPPNMLMKKHKGFAP38DA,34,168.65,農舍,加強磚造,79年11月6日,二層,一層 二層 騎樓 電梯樓梯間,全筆移轉
RPRNMLOKKHKGFAP78DA,5,294.24,住家用,鋼筋混凝土造,108年9月20日,四層,一層 二層 三層 四層 陽台,全筆移轉
RPRNMLOKKHKGFAP78DA,5,129.60,停車空間,鋼筋混凝土造,108年9月20日,四層,,持分移轉
RPPNMLPJKHKGFAP68EA,1,66.20,集合住宅,鋼筋混凝土造,113年4月25日,五層,四層 陽台,全筆移轉
RPPNMLPJKHKGFAP68EA,1,33.29,停車空間、梯廳、管委會空間、樓梯間、電梯間、機械室,鋼筋混凝土造,113年4月25日,五層,,持分移轉
RPQNMLSJJHKGFBP98DA,3,193.68,住家用,鋼筋混凝土造,110年8月6日,三層,一層 二層 三層 陽台,全筆移轉
RPSNMLNLJHKGFAP78DA,2,200.13,住家用,鋼筋混凝土造,112年3月23日,三層,一層 二層 三層 陽台,全筆移轉
RPSNMLRJKHKGFAP09DA,36,145.98,住家用,加強磚造,77年10月24日,二層,一層 二層 陽台 電梯樓梯間,全筆移轉
RPWNMLNJKHKGFCP66DA,12,1058.55,長期照顧中心、廚房、宿舍、梯間,鋼筋混凝土造,101年6月12日,二層,一層 二層 見其他登記事項,全筆移轉
RPSNMLRKKHKGFDP86DA,23,18.42,台電受電室、機械室、蓄水池、梯間甲、梯間乙、門廳、通道、甲乙梯、梯廳、水箱,鋼筋混凝土造,91年4月25日,六層,,持分移轉
RPSNMLRKKHKGFDP86DA,23,110.14,商業用,鋼筋混凝土造,91年4月25日,六層,三層 陽台,全筆移轉
RPSNMLRKKHKGFDP86DA,23,35.32,防空避難室兼停車空間,鋼筋混凝土造,91年4月25日,六層,,持分移轉
RPSNMLRKKHKGFDP86DA,23,5.86,防空避難室兼停車空間,鋼筋混凝土造,91年4月25日,六層,,持分移轉
RPSNMLRKKHKGFDP86DA,23,12.74,走廊、空調室,鋼筋混凝土造,91年4月25日,六層,,持分移轉
RPQNMLKLJHKGFAP28DA,,23.96,集合住宅,鋼筋混凝土造,113年7月2日,四層,三層 陽台,全筆移轉
RPQNMLKLJHKGFAP28DA,,6.31,電信室、停車空間（一）、停車空間（二）、電樓梯間、機電設備空間、門廳、樓梯間等７項,鋼筋混凝土造,113年7月2日,四層,,持分移轉
RPRNMLKLJHKGFAP38DA,,23.96,集合住宅,鋼筋混凝土造,113年7月2日,四層,四層 陽台,全筆移轉
RPRNMLKLJHKGFAP38DA,,6.31,電信室、停車空間（一）、停車空間（二）、電樓梯間、機電設備空間、門廳、樓梯間等７項,鋼筋混凝土造,113年7月2日,四層,,持分移轉
RPSNMLKLJHKGFAP48DA,,22.38,集合住宅,鋼筋混凝土造,113年7月2日,四層,四層 陽台,全筆移轉
RPSNMLKLJHKGFAP48DA,,5.89,電信室、停車空間（一）、停車空間（二）、電樓梯間、機電設備空間、門廳、樓梯間等７項,鋼筋混凝土造,113年7月2日,四層,,持分移轉
RPTNMLKLJHKGFAP58DA,,28.04,集合住宅,鋼筋混凝土造,113年7月2日,四層,四層 陽台,全筆移轉
RPTNMLKLJHKGFAP58DA,,7.38,電信室、停車空間（一）、停車空間（二）、電樓梯間、機電設備空間、門廳、樓梯間等７項,鋼筋混凝土造,113年7月2日,四層,,持分移轉
RPTNMLLKKHKGFAP68DA,30,28.56,共有部份,鋼筋混凝土造,83年11月18日,八層,,持分移轉
RPTNMLLKKHKGFAP68DA,30,85.62,住家用,鋼筋混凝土造,83年11月18日,八層,六層 陽台 花台,全筆移轉
RPPNMLOKKHKGFDP98EA,11,45.66,店鋪、住宅,鋼筋混凝土造,102年11月1日,三層,一層 二層 三層 陽台,持分移轉
RPPNMLLKKHKGFBP38DA,1,66.36,集合住宅,鋼筋混凝土造,113年5月16日,七層,七層 陽台,全筆移轉
RPPNMLLKKHKGFBP38DA,1,10.68,樓梯間電梯間、梯廳、電梯機房、水箱、消防水塔室,鋼筋混凝土造,113年5月16日,七層,,持分移轉
RPPNMLLKKHKGFBP38DA,1,17.89,停車空間、消防幫浦室及緊急發電機室、電信室、台電配電室,鋼筋混凝土造,113年5月16日,七層,,持分移轉
RPQNMLLKKHKGFBP48DA,26,62.29,住家用,鋼筋混凝土造,88年4月12日,十二層,七層 陽台,全筆移轉
RPQNMLLKKHKGFBP48DA,26,15.54,共有部份,鋼筋混凝土造,88年4月12日,十二層,,持分移轉
RPQNMLLKKHKGFBP48DA,26,14.97,共有部份,鋼筋混凝土造,88年4月12日,十二層,,持分移轉
RPQNMLLKKHKGFCP58DA,41,162.57,工業用,鋼造,72年12月16日,一層,一層,全筆移轉
RPRNMLRJJHKGFDP56DA,30,111.10,住家用,鋼筋混凝土造,83年11月28日,十層,十層 陽台 露台,全筆移轉
RPRNMLRJJHKGFDP56DA,30,18.40,共有部份,鋼筋混凝土造,83年11月28日,十層,,持分移轉
RPRNMLRJJHKGFDP56DA,30,9.36,共有部份,鋼筋混凝土造,83年11月28日,十層,,持分移轉
RPRNMLRJJHKGFDP56DA,30,1.16,共有部份,鋼筋混凝土造,83年11月28日,十層,,持分移轉
RPPNMLNKKHKGFDP78DA,30,107.02,住家用,鋼筋混凝土造,83年11月28日,十層,十層 陽台 露台,全筆移轉
RPPNMLNKKHKGFDP78DA,30,18.10,共有部份,鋼筋混凝土造,83年11月28日,十層,,持分移轉
RPPNMLNKKHKGFDP78DA,30,9.21,共有部份,鋼筋混凝土造,83年11月28日,十層,,持分移轉
RPPNMLNKKHKGFDP78DA,30,1.14,共有部份,鋼筋混凝土造,83年11月28日,十層,,持分移轉
RPPNMLOKKHKGFCP78DA,46,228.24,住家用,加強磚造,68年4月27日,三層,一層 二層 三層 陽台,全筆移轉
RPPNMLNKKHKGFCP78EA,36,250.40,住商用,鋼筋混凝土造,77年7月15日,四層,一層 二層 三層 四層 騎樓 電梯樓梯間,全筆移轉
RPRNMLOJKHKGFAP68DA,6,.66,辦公場所,鋼筋混凝土造,107年8月10日,七層,一層,持分移轉
RPRNMLOJKHKGFAP68DA,6,107.64,集合住宅,鋼筋混凝土造,107年8月10日,七層,四層 陽台,全筆移轉
RPRNMLOJKHKGFAP68DA,6,21.20,停車空間、門廊、戶外樓梯、門廳、管委會使用空間、管道間、走廊,鋼筋混凝土造,107年8月10日,七層,,持分移轉
RPRNMLOJKHKGFAP68DA,6,45.84,停車空間、門廊、戶外樓梯、門廳、管委會使用空間、管道間、走廊,鋼筋混凝土造,107年8月10日,七層,,持分移轉
RPRNMLOJKHKGFAP68DA,6,20.80,樓梯間、水箱、機械室,鋼筋混凝土造,107年8月10日,七層,,持分移轉
RPQNMLOKKHKGFAP68DA,45,117.33,住家用,加強磚造,68年10月15日,二層,一層 二層 騎樓,全筆移轉
RPQNMLQKKHKGFAP88DA,1,60.61,集合住宅,鋼筋混凝土造,113年6月7日,十二層,十一層 陽台,全筆移轉
RPQNMLQKKHKGFAP88DA,1,55.64,防空避難室兼停車空間、發電機室、電信室、水箱、台電配電場所、停車空間、消防機房、雨水機房、無障礙廁所、走廊、無障礙昇降機、管理委員會使用空間、戶外安全梯、梯廳、梯間、電梯機房。,鋼筋混凝土造,113年6月7日,十二層,,持分移轉
RPQNMLNKKHKGFBP78EA,28,196.32,住商用,鋼筋混凝土造,86年6月10日,三層,一層 二層 三層 陽台 騎樓 電梯樓梯間,全筆移轉
RPQNMLRKKHKGFBP56EA,1,41.92,集合住宅,鋼筋混凝土造,113年5月16日,七層,五層 陽台,全筆移轉
RPQNMLRKKHKGFBP56EA,1,6.80,樓梯間電梯間、梯廳、電梯機房、水箱、消防水塔室,鋼筋混凝土造,113年5月16日,七層,,持分移轉
RPQNMLRKKHKGFBP56EA,1,1.35,停車空間、消防幫浦室及緊急發電機室、電信室、台電配電室,鋼筋混凝土造,113年5月16日,七層,,持分移轉
RPQNMLKLJHKGFDP58DA,33,229.52,住家用,鋼筋混凝土造,80年7月17日,三層,一層 二層 三層 陽台 騎樓 電梯樓梯間,全筆移轉
RPPNMLKKKHKGFDP48DA,31,192.63,住商用,鋼筋混凝土造,82年7月15日,三層,一層 二層 三層 陽台 騎樓 電梯樓梯間,全筆移轉
RPSNMLOJKHKGFAP78DA,6,.16,辦公場所,鋼筋混凝土造,107年8月10日,七層,一層,持分移轉
RPSNMLOJKHKGFAP78DA,6,104.00,集合住宅,鋼筋混凝土造,107年8月10日,七層,二層 陽台,全筆移轉
RPSNMLOJKHKGFAP78DA,6,5.30,停車空間、門廊、戶外樓梯、門廳、管委會使用空間、管道間、走廊,鋼筋混凝土造,107年8月10日,七層,,持分移轉
RPSNMLOJKHKGFAP78DA,6,45.75,停車空間、門廊、戶外樓梯、門廳、管委會使用空間、管道間、走廊,鋼筋混凝土造,107年8月10日,七層,,持分移轉
RPSNMLOJKHKGFAP78DA,6,18.76,樓梯間、水箱、機械室,鋼筋混凝土造,107年8月10日,七層,,持分移轉
RPQNMLLKKHKGFCP68EA,1,148.03,住宅、樓梯間,鋼筋混凝土造,113年4月17日,三層,一層 二層 三層 見其他登記事項,全筆移轉
RPTNMLQJKHKGFCP66DA,2,164.74,住宅,ＲＣ造,111年5月30日,四層,一層 二層 三層 四層 陽台,全筆移轉
RPVNMLKLJHKGFEP56DA,25,107.89,住家用,鋼筋混凝土造,88年6月3日,十層,一層 陽台,全筆移轉
RPVNMLKLJHKGFEP56DA,25,.32,管理室、陽台,鋼筋混凝土造,88年6月3日,一層,,持分移轉
RPVNMLKLJHKGFEP56DA,25,55.39,Ｂ１停車場，Ｂ２防空避難，甲、乙棟一樓騎樓,鋼筋混凝土造,88年6月3日,十層,,持分移轉
RPVNMLKLJHKGFEP56DA,25,18.01,丁棟梯間、屋頂突出物、機械房、水箱,,88年6月3日,十層,,持分移轉
RPXNMLQLKIJGFEP47DA,44,129.63,住商用,鋼筋混凝土造,70年5月16日,二層,一層 二層 陽台 騎樓,全筆移轉
RPQNMLNKKHKGFBP68DA,47,109.53,住宅,加強磚造,66年8月1日,二層,一層 二層 陽台,全筆移轉
RPSNMLNKKHKGFAP78DA,43,145.40,住家用,加強磚造,70年7月1日,二層,一層 二層 騎樓 電梯樓梯間,全筆移轉
RPPNMLKKKHKGFFP68DA,,165.57,住宅,鋼筋混凝土造,113年8月9日,三層,陽台 見其他登記事項,全筆移轉
RPSNMLKMKIJGFAP68DA,2,150.73,住宅、停車空間,鋼筋混凝土造,112年5月3日,四層,一層 二層 三層 四層 陽台,全筆移轉
RPPNMLTJJHKGFAP98EA,30,12.07,共有部份,鋼筋混凝土造,83年6月15日,十二層,,持分移轉
RPPNMLTJJHKGFAP98EA,30,89.52,住家用,鋼筋混凝土造,83年6月15日,十一層,三層 陽台,全筆移轉
RPPNMLTJJHKGFAP98EA,30,13.75,儲藏室、停車場、辦公室,鋼筋混凝土造,83年6月15日,十二層,地下層,持分移轉
RPPNMLTJJHKGFAP98EA,30,11.11,共有部份,鋼筋混凝土造,83年6月15日,,,持分移轉
RPPNMLTKKHKGFDP86EA,44,238.17,店舖、住宅、梯間,ＲＣ構架磚造,69年6月13日,三層,一層 二層 三層 屋頂突出物 騎樓,全筆移轉
RPSNMLLKKHKGFAP68EA,,169.24,住宅、停車空間,鋼筋混凝土造,113年10月17日,四層,一層 二層 三層 四層 陽台,全筆移轉
RPTNMLLKKHKGFAP78EA,,175.73,住宅、停車空間,鋼筋混凝土造,113年10月17日,四層,一層 二層 三層 四層 陽台,全筆移轉
RPPNMLMJJHKGFBP28DA,48,123.47,住商用,鋼筋混凝土造,65年11月1日,二層,一層 二層 陽台 騎樓 電梯樓梯間,全筆移轉
RPQNMLOKKHKGFFP56DA,,176.88,停車空間、住宅,鋼筋混凝土造,113年9月18日,三層,見其他登記事項 見其他登記事項,全筆移轉
RPUNMLLKKHKGFAP88EA,,180.30,住宅、停車空間,鋼筋混凝土造,113年10月17日,四層,一層 二層 三層 四層 陽台,全筆移轉
RPRNMLLKKHKGFAP58EA,,179.46,住宅、停車空間,鋼筋混凝土造,113年10月17日,四層,一層 二層 三層 四層 陽台,全筆移轉
RPQNMLOLJHKGFBP78DA,,75.01,集合住宅,鋼筋混凝土造,113年8月23日,六層,五層 陽台,全筆移轉
RPQNMLOLJHKGFBP78DA,,30.19,機電設備空間、昇降機間、安全梯間、停車空間、梯廳、管理維護使用空間、門廊、走廊、樓梯間、機械室,鋼筋混凝土造,113年8月23日,六層,,持分移轉
RPWNMLOKKHKGFFP17DA,,178.98,住宅,鋼筋混凝土造,113年9月18日,三層,見其他登記事項 見其他登記事項,全筆移轉
RPUNMLOKKHKGFFP96DA,,176.88,停車空間、住宅,鋼筋混凝土造,113年9月18日,三層,見其他登記事項 見其他登記事項,全筆移轉
RPPNMLNKKHKGFFP98DA,,194.99,住宅,鋼筋混凝土造,113年9月18日,三層,見其他登記事項 見其他登記事項,全筆移轉
RPQNMLNKKHKGFFP09DA,,194.63,住宅,鋼筋混凝土造,113年9月18日,三層,見其他登記事項 見其他登記事項,全筆移轉
RPVNMLOKKHKGFFP07DA,,181.62,停車空間、住宅,鋼筋混凝土造,113年9月18日,三層,見其他登記事項 見其他登記事項,全筆移轉
RPVNMLLKKHKGFAP98EA,,176.99,住宅、停車空間,鋼筋混凝土造,113年10月17日,四層,一層 二層 三層 四層 陽台,全筆移轉
RPPNMLOKKHKGFFP09DA,,181.62,住宅,鋼筋混凝土造,113年9月18日,三層,見其他登記事項 見其他登記事項,全筆移轉
RPQNMLLKKHKGFAP48EA,,184.08,住宅、停車空間,鋼筋混凝土造,113年10月17日,四層,一層 二層 三層 四層 陽台,全筆移轉
RPPNMLLKKHKGFAP38EA,,193.18,住宅、停車空間,鋼筋混凝土造,113年10月17日,四層,一層 二層 三層 四層 陽台,全筆移轉
RPQNMLMLJHKGFDP78DA,,177.70,住宅、樓梯間,鋼筋混凝土造,113年10月18日,三層,一層 二層 三層 陽台 見其他登記事項,全筆移轉
RPTNMLQJJHKGFBP09DA,,74.73,集合住宅,鋼筋混凝土造,113年8月23日,六層,五層 陽台,全筆移轉
RPTNMLQJJHKGFBP09DA,,61.15,機電設備空間、昇降機間、安全梯間、停車空間、梯廳、管理維護使用空間、門廊、走廊、樓梯間、機械室,鋼筋混凝土造,113年8月23日,六層,,持分移轉
RPQQMLNJJHKGFDP98DA,,177.99,住宅、樓梯間,鋼筋混凝土造,113年10月18日,三層,一層 二層 三層 陽台 見其他登記事項,全筆移轉
RPRPMLNJJHKGFDP98DA,,177.99,住宅、樓梯間,鋼筋混凝土造,113年10月18日,三層,一層 二層 三層 陽台 見其他登記事項,全筆移轉
RPVNMLMJJHKGFDP09DA,,37.78,集合住宅,鋼筋混凝土造,113年9月25日,五層,三層 陽台,全筆移轉
RPVNMLMJJHKGFDP09DA,,14.67,本共有部分之項目有公共空間、室內停車空間及走廊等３項,鋼筋混凝土造,113年9月25日,五層,,持分移轉
RPSNMLMJJHKGFDP78DA,48,184.90,住家用,加強磚造,65年4月7日,三層,一層 二層 三層 陽台,全筆移轉
RPOPMLNJJHKGFDP68DA,,177.70,住宅、樓梯間,鋼筋混凝土造,113年10月18日,三層,一層 二層 三層 陽台 見其他登記事項,全筆移轉
RPUOMLNJJHKGFDP56DA,,174.67,住宅、樓梯間,鋼筋混凝土造,113年10月18日,三層,一層 二層 三層 陽台 見其他登記事項,全筆移轉
