﻿編號,車位類別,車位價格,車位面積平方公尺,車位所在樓層
Serial number,berth category,berth price,berth area square meter,
RPVNMLOJKHKGFAP09DA,一樓平面,0,34.29,一樓
RPVNMLMKKHKGFAP98DA,坡道機械,0,,地下一樓
RPSNMLRKKHKGFDP86DA,坡道機械,450000,17.70,地下一樓
RPSNMLRKKHKGFDP86DA,坡道機械,450000,17.70,地下一樓
RPTNMLLKKHKGFAP68DA,坡道機械,0,,地下一樓
RPTNMLLKKHKGFAP68DA,坡道機械,0,,地下一樓
RPTNMLLKKHKGFAP68DA,坡道機械,0,,地下一樓
RPPNMLLKKHKGFBP38DA,一樓平面,0,15.70,一樓
RPRNMLOJKHKGFAP68DA,坡道平面,0,26.50,地下一樓
RPRNMLOJKHKGFAP68DA,坡道平面,0,1.40,地下一樓
RPRNMLOJKHKGFAP68DA,坡道平面,0,1.40,地下一樓
RPRNMLOJKHKGFAP68DA,坡道平面,0,1.40,地下一樓
RPQNMLQKKHKGFAP88DA,坡道平面,0,24.93,地下一樓
RPSNMLOJKHKGFAP78DA,坡道平面,0,26.50,地下一樓
RPVNMLKLJHKGFEP56DA,坡道平面,500000,,地下一樓
RPPNMLTJJHKGFAP98EA,坡道平面,0,13.75,地下一樓
RPTNMLQJJHKGFBP09DA,坡道平面,500000,29.77,地下一樓
