﻿編號,土地位置,土地移轉面積平方公尺,使用分區或編定,權利人持分分母,權利人持分分子,移轉情形,地號
The serial number, land position,land shifting area square meter,the use zoning or compiles and checks,,,,land parcel
TPPNMLNKKHKGFEQ66EA,內甕段,162.60,都市：其他:保護區,7770,1626,持分移轉,01110009
RPPNMLNKKHKGFEQ09EA,內甕段,647.17,都市：其他:保安保護區,6,1,持分移轉,01110005
SPPNMLNKKHKGFEQ56EA,內甕段,6.33,都市：其他:保護區,12,1,持分移轉,01110007
RPSNMLRJKHKGFCQ76DA,秀林段,10.62,非都市：一般農業區 ; 非都市編定：甲種建築用地,21000,1049,持分移轉,04510000
RPSNMLRJKHKGFCQ76DA,秀林段,74.37,非都市：一般農業區 ; 非都市編定：甲種建築用地,1,1,全筆移轉,04800000
RPPNMLMKKHKGFDQ78DA,安仁段,550.00,非都市：一般農業區 ; 非都市編定：農牧用地,366486,33000,持分移轉,04480000
RPPNMLNKKHKGFCQ78DA,金興段,65.80,都市：其他:住宅區,1,1,全筆移轉,07590000
RPPNMLNKKHKGFCQ78DA,金興段,10.60,都市：其他:道路用地,1,1,全筆移轉,07600000
RPPNMLNKKHKGFCQ78DA,金興段,4.25,都市：其他:道路用地,1,1,全筆移轉,07610000
RPPNMLKKKHKGFEQ68DA,瓦厝埔段,53.36,非都市：鄉村區 ; 非都市編定：乙種建築用地,1174,55,持分移轉,08280000
RPPNMLMKKHKGFCQ78EA,西結段,299.06,非都市：鄉村區 ; 非都市編定：乙種建築用地,1,1,全筆移轉,04700000
RPSNMLSJKHKGFDQ96DA,龍德段,71.02,非都市：鄉村區 ; 非都市編定：乙種建築用地,1,1,全筆移轉,05090000
RPSNMLNKKHKGFDQ56DA,嘉新段,27.13,都市：其他:市場用地,10000,101,持分移轉,06930000
RPUNMLOKKHKGFBQ66DA,岸腳段,11.66,都市：其他:道路用地,2595,142,持分移轉,14090000
RPUNMLOKKHKGFBQ66DA,岸腳段,121.98,都市：其他:住宅區,1,1,全筆移轉,14120006
RPPNMLPKKHKGFBQ88DA,東後寮段東榮小段,130.50,非都市：鄉村區 ; 非都市編定：乙種建築用地,4,3,持分移轉,03550000
RPQNMLKKKHKGFBQ48DA,新庄段大館小段,3543.00,非都市：工業區 ; 非都市編定：丁種建築用地,1,1,全筆移轉,00060004
RPSNMLNKKHKGFBQ98DA,頂東石段黎明小段,137.25,非都市：特定專用區 ; 非都市編定：甲種建築用地,1,1,全筆移轉,00920018
RPSNMLNKKHKGFBQ98DA,頂東石段黎明小段,137.25,非都市：特定專用區 ; 非都市編定：甲種建築用地,1,1,全筆移轉,00920019
RPPNMLLKKHKGFBQ48DA,嘉朴段,10.09,都市：其他:第一種住宅區,10000,83,持分移轉,02440000
RPSNMLMKKHKGFBQ88DA,新庄段大館小段,2216.00,非都市：工業區 ; 非都市編定：丁種建築用地,1,1,全筆移轉,00060017
RPPNMLLKKHKGFDQ78EA,重寮段,155.83,非都市：鄉村區 ; 非都市編定：乙種建築用地,1,1,全筆移轉,02960002
RPQNMLLKKHKGFDQ88EA,新番子寮段,2148.59,非都市：特定農業區 ; 非都市編定：農牧用地,1,1,全筆移轉,12570000
RPPNMLSJKHKGFDQ76EA,埤麻段,1106.09,非都市：特定農業區 ; 非都市編定：農牧用地,1,1,全筆移轉,05740000
RPPNMLSJKHKGFEQ76DA,番路段,111.00,非都市：鄉村區 ; 非都市編定：乙種建築用地,1,1,全筆移轉,05150011
SPSNMLQJKHKGFCQ76DA,大崎段,26.21,都市：其他:住宅區,1,1,全筆移轉,10840002
RPPNMLRJKHKGFEQ66DA,樟樹坪段,5823.50,非都市：山坡地保育區 ; 非都市編定：林業用地,2,1,持分移轉,14820001
RPPNMLPJKHKGFEQ56EA,茶山段,380.00,非都市：山坡地保育區 ; 非都市編定：農牧用地,2,1,持分移轉,00880004
RPSNMLQJKHKGFCQ66DA,大崎段,8.11,都市：其他:住宅區,1,1,全筆移轉,10840001
RPPNMLSJKHKGFBQ09DA,竹子腳段竹嘉小段,3016.00,非都市：特定農業區 ; 非都市編定：農牧用地,1,1,全筆移轉,16160000
RPVNMLSJKHKGFDQ27DA,東新段,19.09,都市：其他:住宅區,24,13,持分移轉,05580000
RPVNMLSJKHKGFDQ27DA,東新段,77.78,都市：其他:住宅區,1,1,全筆移轉,05590000
RPVNMLSJKHKGFDQ27DA,東新段,163.06,都市：其他:住宅區,1,1,全筆移轉,05590001
RPVNMLSJKHKGFDQ27DA,東新段,.89,都市：其他:住宅區,24,1,持分移轉,06710000
RPTNMLNJKHKGFDQ66EA,後麻段,52.17,非都市：鄉村區 ; 非都市編定：乙種建築用地,81000,1422,持分移轉,10810000
RPTNMLNJKHKGFDQ66EA,後麻段,13.98,非都市：鄉村區 ; 非都市編定：乙種建築用地,1012500,4185,持分移轉,10850000
RPUNMLNJKHKGFDQ76EA,後麻段,247.63,非都市：鄉村區 ; 非都市編定：乙種建築用地,81000,6750,持分移轉,10810000
RPUNMLNJKHKGFDQ76EA,後麻段,281.89,非都市：鄉村區 ; 非都市編定：乙種建築用地,1012500,84375,持分移轉,10850000
RPQNMLQJKHKGFBQ98DA,頭竹圍段竹圍小段,3536.00,非都市：特定農業區 ; 非都市編定：農牧用地,1,1,全筆移轉,10660000
RPPNMLSKKHKGFBQ66EA,新庄段新庄小段,13081.00,非都市：工業區 ; 非都市編定：丁種建築用地,1,1,全筆移轉,00070026
RPQNMLQJKHKGFCQ09DA,民北段,98.00,都市：其他:住宅區,1,1,全筆移轉,06330000
RPSNMLKKKHKGFCQ78DA,西林段,4.37,,1,1,全筆移轉,00190012
RPQNMLKKKHKGFEQ78DA,內埔段,60.65,非都市：鄉村區 ; 非都市編定：乙種建築用地,1,1,全筆移轉,06620000
RPQNMLLKKHKGFBQ68EA,栗子崙段,2831.13,非都市：一般農業區 ; 非都市編定：農牧用地,17340,8757,持分移轉,01150000
RPPNMLNJKHKGFBQ58DA,大塗師段,2.30,非都市：特定農業區 ; 非都市編定：農牧用地,180,1,持分移轉,00560001
RPPNMLNJKHKGFBQ58DA,大塗師段,1.03,非都市：特定農業區 ; 非都市編定：農牧用地,180,1,持分移轉,00560006
RPPNMLNJKHKGFBQ58DA,大塗師段,.78,非都市：特定農業區 ; 非都市編定：農牧用地,180,1,持分移轉,00560010
RPPNMLNJKHKGFBQ58DA,大塗師段,.93,非都市：特定農業區 ; 非都市編定：農牧用地,180,1,持分移轉,00560012
RPPNMLNJKHKGFBQ58DA,大塗師段,48.47,非都市：特定農業區 ; 非都市編定：甲種建築用地,242055,2249,持分移轉,00570000
RPPNMLNJKHKGFBQ58DA,大塗師段,.19,非都市：特定農業區 ; 非都市編定：交通用地,135,1,持分移轉,00570001
RPPNMLNJKHKGFBQ58DA,大塗師段塗師小段,12.13,非都市：特定農業區 ; 非都市編定：農牧用地,50,1,持分移轉,02660001
RPPNMLSJKHKGFCQ56DA,潭底段潭底小段,37.80,都市：其他:住宅區,5,1,持分移轉,02670003
RPPNMLSJKHKGFCQ56DA,潭底段潭底小段,1.27,都市：其他:住宅區,1527178,7766,持分移轉,02670004
RPPNMLSJKHKGFCQ56DA,潭底段潭底小段,.12,都市：其他:住宅區,7635890,7766,持分移轉,02670005
RPPNMLSJKHKGFCQ56DA,潭底段潭底小段,1.59,都市：其他:住宅區,1527178,7766,持分移轉,02670009
RPPNMLSJKHKGFCQ56DA,潭底段潭底小段,1.56,都市：其他:住宅區,1527178,7766,持分移轉,03640012
RPSNMLKKKHKGFBQ68DA,嘉朴段,7.60,都市：其他:住宅區,100000,132,持分移轉,02620000
RPPNMLKKKHKGFCQ48DA,民農段,9.70,都市：其他:住宅區,100000,1744,持分移轉,06650000
RPRNMLKKKHKGFCQ68DA,世興段,19.52,都市：其他:住宅區,1,1,全筆移轉,10790002
RPRNMLKKKHKGFCQ68DA,世興段,9.96,都市：其他:住宅區,1,1,全筆移轉,10800002
RPPNMLLKKHKGFEQ88EA,梅北段,130.00,都市：其他:第二種住宅區,1,1,全筆移轉,12810007
RPQNMLLKKHKGFEQ98EA,梅北段,129.00,都市：其他:第二種住宅區,1,1,全筆移轉,12810000
RPRNMLLKKHKGFEQ09EA,梅南段,76.00,都市：其他:第二種住宅區,1,1,全筆移轉,06360000
RPUNMLKKKHKGFCQ98DA,大湖段湖北小段,2814.00,非都市：特定農業區 ; 非都市編定：農牧用地,1,1,全筆移轉,03690000
RPRNMLLKKHKGFCQ78DA,林子前段三和小段,72.00,非都市：特定農業區 ; 非都市編定：甲種建築用地,1,1,全筆移轉,01470046
RPPNMLKKKHKGFBQ38DA,三姓寮段三姓小段,2132.00,非都市：特定農業區 ; 非都市編定：農牧用地,1,1,全筆移轉,00660000
RPPNMLKKKHKGFBQ38DA,三姓寮段三姓小段,2132.00,非都市：特定農業區 ; 非都市編定：農牧用地,1,1,全筆移轉,00670000
RPQNMLOJKHKGFBQ78DA,新生段,90.15,都市：其他:住宅區,1,1,全筆移轉,00630281
RPPNMLMKKHKGFBQ68EA,溪墘厝段正義小段,2281.00,非都市：特定農業區 ; 非都市編定：農牧用地,1,1,全筆移轉,03320000
RPQNMLMKKHKGFBQ78EA,大鄉段,1099.32,非都市：特定農業區 ; 非都市編定：農牧用地,1,1,全筆移轉,03520005
RPPNMLNKKHKGFBQ78EA,新庄段大館小段,2133.00,非都市：工業區 ; 非都市編定：丁種建築用地,1,1,全筆移轉,00060000
RPPNMLNKKHKGFBQ78EA,新庄段新庄小段,4886.00,非都市：工業區 ; 非都市編定：丁種建築用地,1,1,全筆移轉,00070016
RPPNMLRKKHKGFEQ86EA,大湖段,868.67,非都市：森林區 ; 非都市編定：農牧用地,3,1,持分移轉,00840066
RPRNMLOKKHKGFBQ98DA,五間厝段五厝小段,1605.00,非都市：特定農業區 ; 非都市編定：農牧用地,2,1,持分移轉,01870000
RPPNMLOKKHKGFBQ88EA,新庄段大館小段,5063.00,非都市：工業區 ; 非都市編定：丁種建築用地,1,1,全筆移轉,00010011
RPROMLMKKHKGFDQ09DA,頂港子墘段頂港小段,1143.20,都市：其他:住宅區,5,4,持分移轉,00690000
RPROMLMKKHKGFDQ09DA,頂港子墘段頂港小段,93.00,都市：其他:住宅區,1,1,全筆移轉,02620002
RPROMLMKKHKGFDQ09DA,頂港子墘段頂港小段,907.00,都市：其他:住宅區,1,1,全筆移轉,02620003
RPTOMLMKKHKGFDQ66DA,崙子頂段崙頂小段,1125.50,,1,1,全筆移轉,03530000
RPTOMLMKKHKGFDQ66DA,崙子頂段崙頂小段,392.00,都市：其他:國民小學用地,1,1,全筆移轉,04370000
RPTOMLMKKHKGFDQ66DA,崙子頂段崙頂小段,508.00,,1,1,全筆移轉,04370001
RPTOMLMKKHKGFDQ66DA,崙子頂段崙頂小段,226.00,都市：其他:住宅區,1,1,全筆移轉,04520000
RPTOMLMKKHKGFDQ66DA,崙子頂段崙頂小段,2891.00,都市：其他:住宅區,1,1,全筆移轉,04520001
RPTOMLMKKHKGFDQ66DA,崙子頂段崙頂小段,1054.50,都市：其他:住宅區,1,1,全筆移轉,04610002
RPVOMLMKKHKGFDQ86DA,頂港子墘段頂港小段,1249.00,都市：其他:公園用地,1,1,全筆移轉,01480000
RPVOMLMKKHKGFDQ86DA,頂港子墘段頂港小段,175.00,都市：其他:國民小學用地,1,1,全筆移轉,01480001
RPVOMLMKKHKGFDQ86DA,崙子頂段崙頂小段,1293.00,都市：其他:住宅區,1,1,全筆移轉,02500000
RPQNMLNJKHKGFCQ78DA,游厝段游東小段,1398.00,非都市：特定農業區 ; 非都市編定：農牧用地,1,1,全筆移轉,01230000
RPPNMLOLJHKGFCQ88DA,古民段新民小段,1156.00,都市：其他:農業區,1,1,全筆移轉,07290000
RPPNMLNKKHKGFDQ88DA,後潭段後潭小段,195.08,非都市：特定農業區 ; 非都市編定：農牧用地,12,1,持分移轉,04340000
RPQNMLSJKHKGFBQ56DA,新庄段大館小段,1759.00,非都市：工業區 ; 非都市編定：丁種建築用地,1,1,全筆移轉,00010012
RPRNMLKKKHKGFBQ58DA,新庄段新庄小段,2135.00,非都市：工業區 ; 非都市編定：丁種建築用地,1,1,全筆移轉,00070018
RPRNMLNKKHKGFBQ88DA,中正段,369.00,都市：其他:住宅區,1,1,全筆移轉,04490000
RPRNMLNKKHKGFBQ88DA,中正段,1.00,都市：其他:住宅區,1,1,全筆移轉,04490013
RPSNMLOKKHKGFBQ09DA,六興段,98.03,都市：其他:住宅區,1,1,全筆移轉,07290006
RPQNMLNKKHKGFBQ78DA,中正段,165.00,都市：其他:住宅區,1,1,全筆移轉,04490001
RPQNMLNKKHKGFBQ78DA,中正段,147.00,都市：其他:住宅區,1,1,全筆移轉,04490011
RPSNMLPKKHKGFBQ56DA,南勢竹段南竹小段,70.00,非都市：特定農業區 ; 非都市編定：農牧用地,1,1,全筆移轉,05050002
RPSNMLPKKHKGFBQ56DA,南勢竹段南竹小段,4235.00,非都市：特定農業區 ; 非都市編定：農牧用地,1,1,全筆移轉,05600000
RPRNMLPKKHKGFBQ09DA,牛挑灣段松梅小段,3033.00,非都市：特定農業區 ; 非都市編定：農牧用地,1,1,全筆移轉,05520000
RPTNMLKLJHKGFCQ88DA,溪口段後港小段,2851.00,非都市：特定農業區 ; 非都市編定：農牧用地,1,1,全筆移轉,05460000
RPTNMLLLJHKGFCQ98DA,北斗段,85.79,都市：其他:農業區,72,4,持分移轉,02190000
RPTNMLLLJHKGFCQ98DA,北斗段,372.89,都市：其他:農業區,206652,3844,持分移轉,02520000
RPTNMLLLJHKGFCQ98DA,北斗段,87.93,都市：其他:農業區,197172,3932,持分移轉,02530000
RPTNMLLLJHKGFCQ98DA,北斗段,.41,都市：其他:農業區,206652,3844,持分移轉,02670000
RPTNMLLLJHKGFCQ98DA,北斗段,94.62,都市：其他:農業區,206652,3844,持分移轉,02700000
RPTNMLLLJHKGFCQ98DA,北斗段,68.06,都市：其他:農業區,613704777,9610000,持分移轉,02710000
RPTNMLLLJHKGFCQ98DA,北斗段,5.76,都市：其他:倉儲區,72,4,持分移轉,02930001
RPTNMLLLJHKGFCQ98DA,北斗段,32.98,都市：其他:商業區,800,132,持分移轉,03530001
RPTNMLLLJHKGFCQ98DA,北斗段,17.05,都市：其他:倉儲區,72,4,持分移轉,03540000
RPTNMLLLJHKGFCQ98DA,北斗段,1.17,都市：其他:商業區,24,4,持分移轉,08590000
RPTNMLLLJHKGFCQ98DA,北斗段,5.46,都市：其他:商業區,30,4,持分移轉,08600001
RPPNMLNKKHKGFEQ98DA,番路段,91.00,非都市：鄉村區 ; 非都市編定：乙種建築用地,1,1,全筆移轉,03850026
RPPNMLNKKHKGFEQ98DA,番路段,6.36,非都市：鄉村區 ; 非都市編定：乙種建築用地,14,1,持分移轉,03850028
RPSNMLSKKHKGFEQ17DA,樂野段,22438.00,非都市：山坡地保育區 ; 非都市編定：林業用地,2,1,持分移轉,01020000
RPRNMLSJKHKGFBQ66DA,三塊厝新段,11.37,非都市：特定專用區 ; 非都市編定：甲種建築用地,9,1,持分移轉,15870000
RPQNMLOJKHKGFCQ88DA,福樂段,79.72,都市：其他:住宅區,1,1,全筆移轉,12460000
RPQNMLOJKHKGFCQ88DA,福樂段,15.98,都市：其他:人行步道用地,1,1,全筆移轉,12470000
RPVPMLOKKHKGFDQ17DA,水南段,87.30,都市：其他:住宅區,1,1,全筆移轉,06710001
RPSNMLNJKHKGFCQ98DA,沙崙段,1400.22,非都市：一般農業區 ; 非都市編定：農牧用地,1,1,全筆移轉,06470000
RPPNMLLKKHKGFCQ68EA,建國段,56.50,都市：其他:工業區,2,1,持分移轉,07650003
RPPNMLQJKHKGFCQ09EA,潭底段潭底小段,36.40,都市：其他:住宅區,5,1,持分移轉,02670000
RPPNMLQJKHKGFCQ09EA,潭底段潭底小段,1.27,都市：其他:住宅區,1527178,7766,持分移轉,02670004
RPPNMLQJKHKGFCQ09EA,潭底段潭底小段,.12,都市：其他:住宅區,7635890,7766,持分移轉,02670005
RPPNMLQJKHKGFCQ09EA,潭底段潭底小段,1.59,都市：其他:住宅區,1527178,7766,持分移轉,02670009
RPPNMLQJKHKGFCQ09EA,潭底段潭底小段,1.56,都市：其他:住宅區,1527178,7766,持分移轉,03640012
RPQNMLMLJHKGFBQ68DA,崙子段崙陽小段,2491.85,非都市：特定農業區 ; 非都市編定：農牧用地,100,95,持分移轉,00510000
RPQNMLLLJHKGFBQ58DA,大槺榔段大葛小段,14.50,非都市：鄉村區 ; 非都市編定：乙種建築用地,12,1,持分移轉,04980009
RPQNMLLLJHKGFBQ58DA,大槺榔段大葛小段,108.00,非都市：鄉村區 ; 非都市編定：乙種建築用地,1,1,全筆移轉,04980013
RPQNMLTKJHKGFBQ66DA,岸腳段,220.18,都市：其他:住宅區,1,1,全筆移轉,13240002
RPPNMLMLJHKGFBQ58DA,嘉朴段,6.48,都市：其他:第一種住宅區,100000,481,持分移轉,02350006
RPSNMLPJKHKGFBQ09DA,雙涵段雙涵小段,91.73,非都市：鄉村區 ; 非都市編定：乙種建築用地,1,1,全筆移轉,04960004
RPTNMLOKKHKGFBQ56DA,嘉朴段,110.01,都市：其他:第二種住宅區,1,1,全筆移轉,01370005
RPRNMLQKKHKGFCQ66DA,福興段,92.52,非都市：鄉村區 ; 非都市編定：乙種建築用地,1,1,全筆移轉,01420000
RPSNMLOKKHKGFCQ56DA,民農段,86.94,都市：其他:農業區,1,1,全筆移轉,01270000
RPSNMLMKKHKGFDQ09DA,新舊埤段,139.77,非都市：鄉村區 ; 非都市編定：乙種建築用地,240,19,持分移轉,11930000
RPSNMLMKKHKGFDQ09DA,新舊埤段,366.08,非都市：鄉村區 ; 非都市編定：乙種建築用地,1,1,全筆移轉,13590000
RPSNMLMKKHKGFDQ09DA,新舊埤段,101.23,非都市：鄉村區 ; 非都市編定：乙種建築用地,1,1,全筆移轉,13600002
RPWNMLMKKHKGFDQ86DA,鹿南段,38.02,都市：其他:道路用地,96,9,持分移轉,02400001
RPQNMLRJJHKGFDQ56DA,太保段太保小段,269.75,都市：其他:農業區,4,1,持分移轉,06140000
RPXNMLMKKHKGFDQ96DA,鹿南段,38.02,都市：其他:道路用地,96,9,持分移轉,02400001
RPOOMLMKKHKGFDQ78DA,鹿南段,38.02,都市：其他:道路用地,96,9,持分移轉,02400001
RPPOMLMKKHKGFDQ88DA,鹿南段,33.79,都市：其他:道路用地,96,8,持分移轉,02400001
RPWNMLSJKHKGFDQ37DA,祥和段,69.23,都市：其他:住宅區,1,1,全筆移轉,05700000
RPRQMLLKKHKGFDQ56DA,新埤段新埤小段,2652.00,非都市：特定農業區 ; 非都市編定：農牧用地,1,1,全筆移轉,19910000
RPQOMLMKKHKGFDQ98DA,鹿南段,33.79,都市：其他:道路用地,96,8,持分移轉,02400001
RPUNMLMKKHKGFDQ66DA,柳鄉段,85.89,非都市：一般農業區 ; 非都市編定：甲種建築用地,1,1,全筆移轉,10530000
RPSOMLMKKHKGFDQ56DA,鹿南段,76.03,都市：其他:道路用地,96,18,持分移轉,02400001
RPUOMLMKKHKGFDQ76DA,鹿南段,76.03,都市：其他:道路用地,96,18,持分移轉,02400001
RPPNMLRJKHKGFDQ56DA,龍潭段,41.44,都市：其他:住宅區,10000,349,持分移轉,14430000
RPPNMLRJKHKGFDQ56DA,龍潭段,33.83,都市：其他:農業區,36,1,持分移轉,14500000
RPWOMLMKKHKGFDQ96DA,鹿南段,19.01,都市：其他:道路用地,192,9,持分移轉,02400001
RPXOMLMKKHKGFDQ07DA,鹿南段,19.01,都市：其他:道路用地,192,9,持分移轉,02400001
RPPOMLNJKHKGFCQ78DA,頂寮段,725.00,非都市：特定農業區 ; 非都市編定：農牧用地,1,1,全筆移轉,06210000
RPPOMLNJKHKGFCQ78DA,頂寮段,1330.00,非都市：特定農業區 ; 非都市編定：農牧用地,1,1,全筆移轉,06220000
RPPOMLNJKHKGFCQ78DA,頂寮段,1293.00,非都市：特定農業區 ; 非都市編定：農牧用地,1,1,全筆移轉,06230000
RPTNMLOJKHKGFCQ56DA,大潭段大潭小段,1893.00,非都市：特定農業區 ; 非都市編定：農牧用地,1,1,全筆移轉,00360000
RPTNMLOJKHKGFCQ56DA,後底湖段後底湖小段,2980.00,非都市：特定農業區 ; 非都市編定：農牧用地,1,1,全筆移轉,02450000
RPUNMLRJKHKGFCQ96DA,大客段頂客小段,210.00,非都市：鄉村區 ; 非都市編定：乙種建築用地,1,1,全筆移轉,03750000
RPSNMLSJKHKGFCQ86DA,西安段,79.00,都市：其他:住宅區,1,1,全筆移轉,00300000
RPSNMLSJKHKGFCQ86DA,西安段,21.00,都市：其他:住宅區,1,1,全筆移轉,00310000
RPPNMLNKKHKGFCQ88EA,豐收段,4.82,非都市：鄉村區 ; 非都市編定：乙種建築用地,10000,126,持分移轉,07180000
RPPNMLNKKHKGFCQ88EA,豐收段,58.83,非都市：鄉村區 ; 非都市編定：乙種建築用地,1,1,全筆移轉,07500000
RPQNMLRJKHKGFEQ76DA,覆鐤金段,1254.00,非都市：山坡地保育區 ; 非都市編定：農牧用地,1,1,全筆移轉,00210001
RPQNMLRJKHKGFEQ76DA,覆鐤金段,1303.00,非都市：山坡地保育區 ; 非都市編定：農牧用地,1,1,全筆移轉,09620009
RPPNMLNLJHKGFBQ68DA,新庄新段,33.25,非都市：鄉村區 ; 非都市編定：乙種建築用地,180,12,持分移轉,02840000
RPPNMLNLJHKGFBQ68DA,新庄新段,183.07,非都市：鄉村區 ; 非都市編定：乙種建築用地,1,1,全筆移轉,02880000
RPQNMLOKKHKGFCQ98DA,溪東段,16.76,,1,1,全筆移轉,10500001
RPPNMLQJKHKGFDQ56EA,中庄段,189.20,非都市：鄉村區 ; 非都市編定：交通用地,1,1,全筆移轉,20690001
RPPNMLQJKHKGFDQ56EA,中庄段,189.77,非都市：鄉村區 ; 非都市編定：交通用地,1,1,全筆移轉,21140004
RPPNMLQJKHKGFDQ56EA,中庄段,108.08,非都市：鄉村區 ; 非都市編定：交通用地,1,1,全筆移轉,21140005
RPPNMLQJKHKGFDQ56EA,中庄段,119.14,非都市：鄉村區 ; 非都市編定：交通用地,1,1,全筆移轉,21140006
RPPNMLQJKHKGFDQ56EA,中庄段,135.38,非都市：鄉村區 ; 非都市編定：交通用地,1,1,全筆移轉,21140007
RPPNMLSJKHKGFEQ86EA,梅北段,136.00,都市：其他:商業區,1,1,全筆移轉,10690000
RPRNMLOKJHKGFCQ98DA,溪東段,163.94,都市：其他:商,1,1,全筆移轉,05200000
RPRNMLOKJHKGFCQ98DA,溪東段,18.07,都市：其他:商,1,1,全筆移轉,05200001
RPRNMLOKJHKGFCQ98DA,溪東段,11.04,,1,1,全筆移轉,05210000
RPRNMLOKJHKGFCQ98DA,溪東段,17.92,,1,1,全筆移轉,05370000
RPSNMLOJKHKGFDQ56DA,新大崙段,28.62,非都市：鄉村區 ; 非都市編定：乙種建築用地,410300,26700,持分移轉,06490000
RPSNMLOJKHKGFDQ56DA,新大崙段,178.80,非都市：鄉村區 ; 非都市編定：乙種建築用地,1,1,全筆移轉,06630000
RPSNMLOJKHKGFDQ56DA,新大崙段,86.05,非都市：鄉村區 ; 非都市編定：乙種建築用地,1,1,全筆移轉,06680000
RPSNMLOJKHKGFDQ56DA,新大崙段,40.26,非都市：鄉村區 ; 非都市編定：乙種建築用地,410300,26700,持分移轉,06700000
RPPNMLOJKHKGFDQ88DA,北回段,164.17,都市：其他:住宅區,1,1,全筆移轉,07130000
RPQTMLKKKHKGFDQ66DA,十一指厝段龍德小段,83.00,都市：其他:住宅區,1,1,全筆移轉,00030001
RPQTMLKKKHKGFDQ66DA,十一指厝段龍德小段,83.00,都市：其他:住宅區,1,1,全筆移轉,00030003
RPQPMLNJKHKGFDQ09DA,過溝段過溝小段,35.30,都市：其他:道路用地,27,1,持分移轉,11420000
RPQPMLNJKHKGFDQ09DA,過溝段過溝小段,88.00,都市：其他:住宅區,1,1,全筆移轉,11420025
RPPNMLSJKHKGFDQ66DA,靖和段,8995.05,非都市：工業區 ; 非都市編定：特定目的事業用地,1,1,全筆移轉,03450007
RPPNMLSJKHKGFDQ66DA,靖和段,8148.39,非都市：工業區 ; 非都市編定：特定目的事業用地,1,1,全筆移轉,03450009
RPPNMLSJKHKGFDQ66DA,靖和段,7982.99,非都市：工業區 ; 非都市編定：丁種建築用地,1,1,全筆移轉,04490002
RPPNMLSJKHKGFDQ66DA,靖和段,7584.29,非都市：工業區 ; 非都市編定：丁種建築用地,1,1,全筆移轉,04490003
RPPNMLSJKHKGFDQ66DA,靖和段,7938.97,非都市：工業區 ; 非都市編定：丁種建築用地,1,1,全筆移轉,04490004
RPPNMLSJKHKGFDQ66DA,靖和段,8195.38,非都市：工業區 ; 非都市編定：丁種建築用地,1,1,全筆移轉,04490005
RPPNMLSJKHKGFDQ66DA,靖和段,8325.94,非都市：工業區 ; 非都市編定：丁種建築用地,1,1,全筆移轉,04490006
RPPNMLSJKHKGFDQ66DA,靖和段,8718.24,非都市：工業區 ; 非都市編定：丁種建築用地,1,1,全筆移轉,04490007
RPPNMLSJKHKGFDQ66DA,靖和段,3406.75,非都市：工業區 ; 非都市編定：丁種建築用地,1,1,全筆移轉,05080007
RPPNMLSJKHKGFDQ66DA,靖和段,2984.08,非都市：工業區 ; 非都市編定：丁種建築用地,1,1,全筆移轉,05080009
RPPNMLSJKHKGFDQ66DA,靖和段,3013.18,非都市：工業區 ; 非都市編定：丁種建築用地,1,1,全筆移轉,05080010
RPPNMLSJKHKGFDQ66DA,靖和段,5995.32,非都市：工業區 ; 非都市編定：丁種建築用地,1,1,全筆移轉,05080015
RPPNMLSJKHKGFDQ66DA,靖和段,6033.45,非都市：工業區 ; 非都市編定：丁種建築用地,1,1,全筆移轉,05080016
RPPNMLSJKHKGFDQ66DA,靖和段,6071.58,非都市：工業區 ; 非都市編定：丁種建築用地,1,1,全筆移轉,05080017
RPPNMLSJKHKGFDQ66DA,靖和段,6109.72,非都市：工業區 ; 非都市編定：丁種建築用地,1,1,全筆移轉,05080018
RPPNMLSJKHKGFDQ66DA,靖和段,3043.06,非都市：工業區 ; 非都市編定：丁種建築用地,1,1,全筆移轉,05080021
RPPNMLSJKHKGFDQ66DA,靖和段,3363.44,非都市：工業區 ; 非都市編定：丁種建築用地,1,1,全筆移轉,05080022
RPPNMLSJKHKGFDQ66DA,靖和段,2978.06,非都市：工業區 ; 非都市編定：丁種建築用地,1,1,全筆移轉,05280006
RPPNMLSJKHKGFDQ66DA,靖和段,3332.12,非都市：工業區 ; 非都市編定：丁種建築用地,1,1,全筆移轉,05280007
RPPNMLSJKHKGFDQ66DA,靖和段,5729.65,非都市：工業區 ; 非都市編定：丁種建築用地,1,1,全筆移轉,05280012
RPPNMLSJKHKGFDQ66DA,靖和段,5871.80,非都市：工業區 ; 非都市編定：丁種建築用地,1,1,全筆移轉,05280013
RPPNMLSJKHKGFDQ66DA,靖和段,6013.94,非都市：工業區 ; 非都市編定：丁種建築用地,1,1,全筆移轉,05280014
RPPNMLSJKHKGFDQ66DA,靖和段,6156.10,非都市：工業區 ; 非都市編定：丁種建築用地,1,1,全筆移轉,05280015
RPPNMLSJKHKGFDQ66DA,靖和段,4588.94,非都市：工業區 ; 非都市編定：丁種建築用地,1,1,全筆移轉,05280016
RPPNMLSJKHKGFDQ66DA,靖和段,3044.46,非都市：工業區 ; 非都市編定：丁種建築用地,1,1,全筆移轉,05280018
RPPNMLSJKHKGFDQ66DA,靖和段,4182.09,非都市：工業區 ; 非都市編定：丁種建築用地,1,1,全筆移轉,05280019
RPPNMLSJKHKGFDQ66DA,靖和段,8249.61,非都市：工業區 ; 非都市編定：丁種建築用地,1,1,全筆移轉,05400003
RPPNMLSJKHKGFDQ66DA,靖和段,6818.68,非都市：工業區 ; 非都市編定：丁種建築用地,1,1,全筆移轉,05400004
RPPNMLSJKHKGFDQ66DA,靖和段,6756.15,非都市：工業區 ; 非都市編定：丁種建築用地,1,1,全筆移轉,05400005
RPPNMLSJKHKGFDQ66DA,靖和段,30746.76,非都市：工業區 ; 非都市編定：丁種建築用地,1,1,全筆移轉,05730000
RPPNMLSJKHKGFDQ66DA,靖和段,36602.89,非都市：工業區 ; 非都市編定：丁種建築用地,1,1,全筆移轉,05730007
RPVPMLNJKHKGFDQ96DA,過溝段過溝小段,35.30,都市：其他:道路用地,27,1,持分移轉,11420000
RPVPMLNJKHKGFDQ96DA,過溝段過溝小段,86.00,都市：其他:住宅區,1,1,全筆移轉,11420030
RPOPMLMJKHKGFEQ88DA,溪心段,31.86,非都市：鄉村區 ; 非都市編定：乙種建築用地,40,1,持分移轉,08210004
RPOPMLMJKHKGFEQ88DA,溪心段,78.78,非都市：鄉村區 ; 非都市編定：乙種建築用地,1,1,全筆移轉,08210022
RPPNMLMKKHKGFCQ68DA,福南段,65.61,都市：其他:住宅區,1,1,全筆移轉,04050013
RPPNMLMKKHKGFCQ68DA,福南段,27.97,都市：其他:住宅區,10000,1042,持分移轉,04050019
RPTNMLNLKIJGFCQ66DA,西結段,879.53,非都市：鄉村區 ; 非都市編定：乙種建築用地,1,1,全筆移轉,05350000
RPUNMLNLKIJGFCQ76DA,西結段,321.52,非都市：鄉村區 ; 非都市編定：乙種建築用地,1,1,全筆移轉,05340000
RPQNMLTJKIJGFEQ96DA,覆鐤金段,95.85,非都市：山坡地保育區 ; 非都市編定：交通用地,20,9,持分移轉,11760032
SPQNMLTJKIJGFEQ07DA,覆鐤金段,8175.00,非都市：山坡地保育區 ; 非都市編定：農牧用地,1,1,全筆移轉,11760017
RPWOMLNJKHKGFDQ96DA,過溝段過溝小段,35.30,都市：其他:道路用地,81,3,持分移轉,11420000
RPWOMLNJKHKGFDQ96DA,過溝段過溝小段,88.00,都市：其他:住宅區,1,1,全筆移轉,11420021
RPXOMLNJKHKGFDQ07DA,過溝段過溝小段,35.30,都市：其他:道路用地,27,1,持分移轉,11420000
RPXOMLNJKHKGFDQ07DA,過溝段過溝小段,88.00,都市：其他:住宅區,1,1,全筆移轉,11420022
RPRNMLLKKHKGFBQ68DA,新庄新段,72.15,非都市：鄉村區 ; 非都市編定：乙種建築用地,1,1,全筆移轉,02830024
RPRNMLQLKIJGFCQ76DA,山中段,748.00,非都市：一般農業區 ; 非都市編定：農牧用地,5,1,持分移轉,08640000
RPOOMLNJKHKGFDQ78DA,過溝段過溝小段,35.30,都市：其他:道路用地,27,1,持分移轉,11420000
RPOOMLNJKHKGFDQ78DA,過溝段過溝小段,91.00,都市：其他:住宅區,1,1,全筆移轉,11420002
RPUOMLNJKHKGFDQ76DA,過溝段過溝小段,35.30,都市：其他:道路用地,27,1,持分移轉,11420000
RPUOMLNJKHKGFDQ76DA,過溝段過溝小段,88.00,都市：其他:住宅區,1,1,全筆移轉,11420019
RPSOMLNJKHKGFDQ56DA,過溝段過溝小段,35.30,都市：其他:道路用地,27,1,持分移轉,11420000
RPSOMLNJKHKGFDQ56DA,過溝段過溝小段,89.00,都市：其他:住宅區,1,1,全筆移轉,11420017
RPVNMLNJKHKGFDQ76DA,過溝段過溝小段,35.30,都市：其他:道路用地,27,1,持分移轉,11420000
RPTOMLNJKHKGFDQ66DA,過溝段過溝小段,35.30,都市：其他:道路用地,27,1,持分移轉,11420000
RPQOMLNJKHKGFDQ98DA,過溝段過溝小段,35.30,都市：其他:道路用地,54,2,持分移轉,11420000
RPTOMLNJKHKGFDQ66DA,過溝段過溝小段,88.00,都市：其他:住宅區,1,1,全筆移轉,11420018
RPQOMLNJKHKGFDQ98DA,過溝段過溝小段,89.00,都市：其他:住宅區,1,1,全筆移轉,11420016
RPVOMLNJKHKGFDQ86DA,過溝段過溝小段,35.30,都市：其他:道路用地,27,1,持分移轉,11420000
RPVNMLNJKHKGFDQ76DA,過溝段過溝小段,99.00,都市：其他:住宅區,1,1,全筆移轉,11420014
RPXNMLNJKHKGFDQ96DA,過溝段過溝小段,35.30,都市：其他:道路用地,27,1,持分移轉,11420000
RPVOMLNJKHKGFDQ86DA,過溝段過溝小段,88.00,都市：其他:住宅區,1,1,全筆移轉,11420020
RPXNMLNJKHKGFDQ96DA,過溝段過溝小段,88.00,都市：其他:住宅區,1,1,全筆移轉,11420013
RPPPMLNJKHKGFDQ98DA,過溝段過溝小段,35.30,都市：其他:道路用地,27,1,持分移轉,11420000
RPPPMLNJKHKGFDQ98DA,過溝段過溝小段,88.00,都市：其他:住宅區,1,1,全筆移轉,11420024
RPOPMLNJKHKGFDQ88DA,過溝段過溝小段,35.30,都市：其他:道路用地,27,1,持分移轉,11420000
RPTNMLKKKHKGFCQ88DA,葉子寮段,164.00,非都市：鄉村區 ; 非都市編定：乙種建築用地,1,1,全筆移轉,00390013
RPOPMLNJKHKGFDQ88DA,過溝段過溝小段,88.00,都市：其他:住宅區,1,1,全筆移轉,11420023
RPRPMLNJKHKGFDQ56DA,過溝段過溝小段,35.30,都市：其他:道路用地,27,1,持分移轉,11420000
RPRPMLNJKHKGFDQ56DA,過溝段過溝小段,88.00,都市：其他:住宅區,1,1,全筆移轉,11420026
RPRQMLNJKHKGFDQ66DA,過溝段過溝小段,35.30,都市：其他:道路用地,27,1,持分移轉,11420000
RPRQMLNJKHKGFDQ66DA,過溝段過溝小段,110.00,都市：其他:住宅區,1,1,全筆移轉,11420010
RPWNMLNJKHKGFDQ86DA,過溝段過溝小段,35.30,都市：其他:道路用地,27,1,持分移轉,11420000
RPWNMLNJKHKGFDQ86DA,過溝段過溝小段,99.00,都市：其他:住宅區,1,1,全筆移轉,11420001
RPPQMLNJKHKGFDQ09DA,過溝段過溝小段,35.30,都市：其他:道路用地,27,1,持分移轉,11420000
RPPQMLNJKHKGFDQ09DA,過溝段過溝小段,104.00,都市：其他:住宅區,1,1,全筆移轉,11420008
RPWPMLNJKHKGFDQ07DA,過溝段過溝小段,35.30,都市：其他:道路用地,54,2,持分移轉,11420000
RPWPMLNJKHKGFDQ07DA,過溝段過溝小段,93.00,都市：其他:住宅區,1,1,全筆移轉,11420031
RPSQMLNJKHKGFDQ76DA,過溝段過溝小段,35.30,都市：其他:道路用地,27,1,持分移轉,11420000
RPSQMLNJKHKGFDQ76DA,過溝段過溝小段,115.00,都市：其他:住宅區,1,1,全筆移轉,11420011
RPPQMLMJKHKGFEQ09DA,溪心段,31.86,非都市：鄉村區 ; 非都市編定：乙種建築用地,40,1,持分移轉,08210004
RPPQMLMJKHKGFEQ09DA,溪心段,78.78,非都市：鄉村區 ; 非都市編定：乙種建築用地,1,1,全筆移轉,08210027
RPRPMLMJKHKGFEQ56DA,溪心段,31.86,非都市：鄉村區 ; 非都市編定：乙種建築用地,40,1,持分移轉,08210004
RPRPMLMJKHKGFEQ56DA,溪心段,64.57,非都市：鄉村區 ; 非都市編定：乙種建築用地,1,1,全筆移轉,08210040
RPQOMLNJKIJGFCQ88DA,埤頭段菜園小段,97.00,非都市：特定農業區 ; 非都市編定：甲種建築用地,1,1,全筆移轉,00700017
RPWOMLMJKHKGFEQ96DA,溪心段,63.72,非都市：鄉村區 ; 非都市編定：乙種建築用地,40,2,持分移轉,08210004
RPWOMLMJKHKGFEQ96DA,溪心段,167.66,非都市：鄉村區 ; 非都市編定：乙種建築用地,1,1,全筆移轉,08210031
RPTOMLMJKHKGFEQ66DA,溪心段,31.86,非都市：鄉村區 ; 非都市編定：乙種建築用地,40,1,持分移轉,08210004
RPTOMLMJKHKGFEQ66DA,溪心段,78.78,非都市：鄉村區 ; 非都市編定：乙種建築用地,1,1,全筆移轉,08210024
RPPNMLMJKHKGFEQ78DA,溪心段,31.86,非都市：鄉村區 ; 非都市編定：乙種建築用地,40,1,持分移轉,08210004
RPPNMLMJKHKGFEQ78DA,溪心段,91.15,非都市：鄉村區 ; 非都市編定：乙種建築用地,1,1,全筆移轉,08210017
RPQNMLMJKHKGFEQ88DA,溪心段,31.86,非都市：鄉村區 ; 非都市編定：乙種建築用地,40,1,持分移轉,08210004
RPQNMLMJKHKGFEQ88DA,溪心段,91.15,非都市：鄉村區 ; 非都市編定：乙種建築用地,1,1,全筆移轉,08210016
RPOOMLMJKHKGFEQ78DA,溪心段,31.86,非都市：鄉村區 ; 非都市編定：乙種建築用地,80,2,持分移轉,08210004
RPWNMLMJKHKGFEQ86DA,溪心段,31.86,非都市：鄉村區 ; 非都市編定：乙種建築用地,40,1,持分移轉,08210004
RPWNMLMJKHKGFEQ86DA,溪心段,91.15,非都市：鄉村區 ; 非都市編定：乙種建築用地,1,1,全筆移轉,08210012
RPOOMLMJKHKGFEQ78DA,溪心段,91.15,非都市：鄉村區 ; 非都市編定：乙種建築用地,1,1,全筆移轉,08210011
RPPOMLMJKHKGFEQ88DA,溪心段,31.86,非都市：鄉村區 ; 非都市編定：乙種建築用地,80,2,持分移轉,08210004
RPPOMLMJKHKGFEQ88DA,溪心段,91.15,非都市：鄉村區 ; 非都市編定：乙種建築用地,1,1,全筆移轉,08210018
RPXNMLMJKHKGFEQ96DA,溪心段,31.86,非都市：鄉村區 ; 非都市編定：乙種建築用地,40,1,持分移轉,08210004
RPXNMLMJKHKGFEQ96DA,溪心段,109.04,非都市：鄉村區 ; 非都市編定：乙種建築用地,1,1,全筆移轉,08210008
RPUNMLMJKHKGFEQ66DA,溪心段,31.86,非都市：鄉村區 ; 非都市編定：乙種建築用地,40,1,持分移轉,08210004
RPUNMLMJKHKGFEQ66DA,溪心段,110.31,非都市：鄉村區 ; 非都市編定：乙種建築用地,1,1,全筆移轉,08210033
RPSNMLMJKHKGFEQ09DA,溪心段,31.86,非都市：鄉村區 ; 非都市編定：乙種建築用地,40,1,持分移轉,08210004
RPSNMLMJKHKGFEQ09DA,溪心段,91.15,非都市：鄉村區 ; 非都市編定：乙種建築用地,1,1,全筆移轉,08210015
RPRQMLMJKHKGFEQ66DA,溪心段,63.72,非都市：鄉村區 ; 非都市編定：乙種建築用地,40,2,持分移轉,08210004
RPRQMLMJKHKGFEQ66DA,溪心段,334.48,非都市：鄉村區 ; 非都市編定：乙種建築用地,1,1,全筆移轉,08210005
RPRNMLMJKHKGFEQ98DA,溪心段,31.86,非都市：鄉村區 ; 非都市編定：乙種建築用地,40,1,持分移轉,08210004
RPRNMLMJKHKGFEQ98DA,溪心段,83.80,非都市：鄉村區 ; 非都市編定：乙種建築用地,1,1,全筆移轉,08210030
RPQQMLMJKHKGFEQ56DA,溪心段,31.86,非都市：鄉村區 ; 非都市編定：乙種建築用地,40,1,持分移轉,08210004
RPQQMLMJKHKGFEQ56DA,溪心段,94.69,非都市：鄉村區 ; 非都市編定：乙種建築用地,1,1,全筆移轉,08210037
RPQOMLMJKHKGFEQ98DA,溪心段,31.86,非都市：鄉村區 ; 非都市編定：乙種建築用地,40,1,持分移轉,08210004
RPQOMLMJKHKGFEQ98DA,溪心段,56.99,非都市：鄉村區 ; 非都市編定：乙種建築用地,1,1,全筆移轉,08210044
RPVNMLMJKHKGFEQ76DA,溪心段,31.86,非都市：鄉村區 ; 非都市編定：乙種建築用地,40,1,持分移轉,08210004
RPVNMLMJKHKGFEQ76DA,溪心段,94.76,非都市：鄉村區 ; 非都市編定：乙種建築用地,1,1,全筆移轉,08210010
RPROMLMJKHKGFEQ09DA,溪心段,31.86,非都市：鄉村區 ; 非都市編定：乙種建築用地,40,1,持分移轉,08210004
RPROMLMJKHKGFEQ09DA,溪心段,117.03,非都市：鄉村區 ; 非都市編定：乙種建築用地,1,1,全筆移轉,08210034
RPSOMLMJKHKGFEQ56DA,溪心段,31.86,非都市：鄉村區 ; 非都市編定：乙種建築用地,40,1,持分移轉,08210004
RPSOMLMJKHKGFEQ56DA,溪心段,78.78,非都市：鄉村區 ; 非都市編定：乙種建築用地,1,1,全筆移轉,08210028
RPUOMLMJKHKGFEQ76DA,溪心段,31.86,非都市：鄉村區 ; 非都市編定：乙種建築用地,40,1,持分移轉,08210004
RPUOMLMJKHKGFEQ76DA,溪心段,81.90,非都市：鄉村區 ; 非都市編定：乙種建築用地,1,1,全筆移轉,08210021
RPVOMLMJKHKGFEQ86DA,溪心段,31.86,非都市：鄉村區 ; 非都市編定：乙種建築用地,40,1,持分移轉,08210004
RPVOMLMJKHKGFEQ86DA,溪心段,148.60,非都市：鄉村區 ; 非都市編定：乙種建築用地,1,1,全筆移轉,08210035
RPXOMLMJKHKGFEQ07DA,溪心段,31.86,非都市：鄉村區 ; 非都市編定：乙種建築用地,40,1,持分移轉,08210004
RPXOMLMJKHKGFEQ07DA,溪心段,60.19,非都市：鄉村區 ; 非都市編定：乙種建築用地,1,1,全筆移轉,08210043
RPQPMLMJKHKGFEQ09DA,溪心段,31.86,非都市：鄉村區 ; 非都市編定：乙種建築用地,40,1,持分移轉,08210004
RPQPMLMJKHKGFEQ09DA,溪心段,118.68,非都市：鄉村區 ; 非都市編定：乙種建築用地,1,1,全筆移轉,08210020
RPSPMLMJKHKGFEQ66DA,溪心段,31.86,非都市：鄉村區 ; 非都市編定：乙種建築用地,40,1,持分移轉,08210004
RPSPMLMJKHKGFEQ66DA,溪心段,78.78,非都市：鄉村區 ; 非都市編定：乙種建築用地,1,1,全筆移轉,08210026
RPTPMLMJKHKGFEQ76DA,溪心段,31.86,非都市：鄉村區 ; 非都市編定：乙種建築用地,40,1,持分移轉,08210004
RPTPMLMJKHKGFEQ76DA,溪心段,116.28,非都市：鄉村區 ; 非都市編定：乙種建築用地,1,1,全筆移轉,08210007
RPUPMLMJKHKGFEQ86DA,溪心段,31.86,非都市：鄉村區 ; 非都市編定：乙種建築用地,40,1,持分移轉,08210004
RPUPMLMJKHKGFEQ86DA,溪心段,94.76,非都市：鄉村區 ; 非都市編定：乙種建築用地,1,1,全筆移轉,08210009
RPWPMLMJKHKGFEQ07DA,溪心段,31.86,非都市：鄉村區 ; 非都市編定：乙種建築用地,40,1,持分移轉,08210004
RPVPMLMJKHKGFEQ96DA,溪心段,31.86,非都市：鄉村區 ; 非都市編定：乙種建築用地,40,1,持分移轉,08210004
RPWPMLMJKHKGFEQ07DA,溪心段,78.78,非都市：鄉村區 ; 非都市編定：乙種建築用地,1,1,全筆移轉,08210023
RPVPMLMJKHKGFEQ96DA,溪心段,78.78,非都市：鄉村區 ; 非都市編定：乙種建築用地,1,1,全筆移轉,08210029
RPXPMLMJKHKGFEQ17DA,溪心段,31.86,非都市：鄉村區 ; 非都市編定：乙種建築用地,40,1,持分移轉,08210004
RPXPMLMJKHKGFEQ17DA,溪心段,91.15,非都市：鄉村區 ; 非都市編定：乙種建築用地,1,1,全筆移轉,08210013
RPQOMLTLKIJGFBQ96DA,新庄新段,80.75,非都市：鄉村區 ; 非都市編定：乙種建築用地,1,1,全筆移轉,02830013
RPQOMLTLKIJGFBQ96DA,新庄新段,19.39,非都市：鄉村區 ; 非都市編定：乙種建築用地,180,7,持分移轉,02840000
RPQNMLOJJHKGFCQ78DA,永祿段,.10,都市：其他:住宅區,24,1,持分移轉,01750035
RPQNMLOJJHKGFCQ78DA,永祿段,22.46,都市：其他:住宅區,20,1,持分移轉,01750036
RPQNMLOJJHKGFCQ78DA,永祿段,66.00,都市：其他:住宅區,1,1,全筆移轉,01750044
RPQNMLOJJHKGFCQ78DA,永祿段,.40,都市：其他:住宅區,24,1,持分移轉,01750047
