﻿鄉鎮市區,交易標的,土地位置建物門牌,土地移轉總面積平方公尺,都市土地使用分區,非都市土地使用分區,非都市土地使用編定,交易年月日,交易筆棟數,移轉層次,總樓層數,建物型態,主要用途,主要建材,建築完成年月,建物移轉總面積平方公尺,建物現況格局-房,建物現況格局-廳,建物現況格局-衛,建物現況格局-隔間,有無管理組織,總價元,單價元平方公尺,車位類別,車位移轉總面積平方公尺,車位總價元,備註,編號,建案名稱,棟及號,解約情形
The villages and towns urban district,transaction sign,land sector position building sector house number plate,land shifting total area square meter,the use zoning or compiles and checks,the non-metropolis land use district,non-metropolis land use,transaction year month and day,transaction pen number,shifting level,total floor number,building state,main use,main building materials,construction to complete the years,building shifting total area,Building present situation pattern - room,building present situation pattern - hall,building present situation pattern - health,building present situation pattern - compartmented,Whether there is manages the organization,total price NTD,the unit price (NTD / square meter),the berth category,berth shifting total area square meter,the berth total price NTD,the note,serial number,build case,buildings,termination type
太保市,房地(土地+建物)+車位,嘉義縣太保市嘉朴公路上,31.05,住,,,1140111,土地3建物1車位1,四層,6,華廈(10層含以下有電梯),住家用,鋼筋混凝土造,,118.85,2,2,2,有,無,10280000,100665,一樓平面,31.63,1500000,,RPTNMLOKJHKGFDQ66CB,上荷院11,A棟5號,
太保市,房地(土地+建物)+車位,嘉義縣太保市祥和二路東段、文化北街與縣府三街,17.38,商,,,1140115,土地1建物1車位1,五層,12,住宅大樓(11層含以上有電梯),住家用,鋼筋混凝土造,,126.13,2,2,2,有,無,12100000,105549,坡道平面,26.65,1600000,,RPSNMLKLJHKGFDQ88CB,鉑金苑,A棟5號,
太保市,房地(土地+建物)+車位,嘉義縣太保市祥和二路東段、文化北街與縣府三街,20.18,商,,,1140115,土地1建物1車位1,七層,12,住宅大樓(11層含以上有電梯),住家用,鋼筋混凝土造,,143.25,2,2,2,有,無,13770000,104069,坡道平面,27.75,1750000,親友、員工、共有人或其他特殊關係間之交易；,RPWNMLKLJHKGFDQ66CB,鉑金苑,B棟7號,
太保市,房地(土地+建物)+車位,嘉義縣太保市祥和二路東段、文化北街與縣府三街,24.0,商,,,1140114,土地1建物1車位1,五層,12,住宅大樓(11層含以上有電梯),住家用,鋼筋混凝土造,,165.05,3,2,2,有,無,16360000,106773,坡道平面,27.75,1700000,,RPXOMLKLJHKGFDQ86CB,鉑金苑,F棟5號,
太保市,房地(土地+建物)+車位,嘉義縣太保市祥和二路東段、文化北街與縣府三街,17.51,商,,,1140113,土地1建物1車位1,三層,12,住宅大樓(11層含以上有電梯),住家用,鋼筋混凝土造,,127.96,2,2,2,有,無,12620000,108472,坡道平面,27.75,1750000,,RPPPMLKLJHKGFDQ78CB,鉑金苑,G棟3號,
太保市,房地(土地+建物)+車位,嘉義縣太保市祥和二路東段、文化北街與縣府三街,17.51,商,,,1140114,土地1建物1車位1,五層,12,住宅大樓(11層含以上有電梯),住家用,鋼筋混凝土造,,127.96,2,2,2,有,無,12100000,103782,坡道平面,27.75,1700000,,RPQPMLKLJHKGFDQ88CB,鉑金苑,G棟5號,
太保市,房地(土地+建物)+車位,嘉義縣太保市祥和二路東段、文化北街與縣府三街,17.4,商,,,1140115,土地1建物1車位1,七層,12,住宅大樓(11層含以上有電梯),住家用,鋼筋混凝土造,,127.28,2,2,2,有,無,11990000,102884,坡道平面,27.75,1750000,親友、員工、共有人或其他特殊關係間之交易；,RPTPMLKLJHKGFDQ56CB,鉑金苑,I棟7號,
太保市,房地(土地+建物)+車位,嘉義縣太保市嘉朴公路上,22.56,住,,,1140115,土地3建物1車位1,三層,6,華廈(10層含以下有電梯),住家用,鋼筋混凝土造,,86.68,2,2,1,有,無,7880000,99374,升降機械,16.44,900000,,RPSNMLLLJHKGFDQ98CB,上荷院11,B棟3號,
太保市,房地(土地+建物)+車位,嘉義縣太保市嘉朴公路上,22.56,住,,,1140116,土地3建物1車位1,五層,6,華廈(10層含以下有電梯),住家用,鋼筋混凝土造,,86.68,2,2,1,有,無,8100000,102506,升降機械,16.44,900000,,RPTNMLLLJHKGFDQ09CB,上荷院11,B棟3號,
太保市,房地(土地+建物)+車位,嘉義縣太保市嘉朴公路上,23.63,住,,,1140117,土地3建物1車位1,六層,6,華廈(10層含以下有電梯),住家用,鋼筋混凝土造,,91.01,2,2,1,有,無,8550000,102588,升降機械,16.44,900000,,RPUNMLLLJHKGFDQ56CB,上荷院11,A棟6號,
太保市,房地(土地+建物)+車位,嘉義縣太保市嘉朴公路上,30.37,住,,,1140120,土地3建物1車位1,二層,6,華廈(10層含以下有電梯),住家用,鋼筋混凝土造,,116.32,2,2,2,有,無,10680000,105251,一樓平面,29.1,1500000,,RPVNMLLLJHKGFDQ66CB,上荷院11,A棟3號,
民雄鄉,房地(土地+建物)+車位,嘉義縣民雄鄉嘉166縣道,38.63,住,,,1140113,土地2建物1車位1,十一層,14,住宅大樓(11層含以上有電梯),住家用,鋼筋混凝土造,,155.4,3,1,2,有,無,11160000,81163,坡道平面,33.3,1250000,,RPPNMLOLJHKGFCQ88CB,寶格?星,11B3棟0號,
民雄鄉,房地(土地+建物)+車位,嘉義縣民雄鄉嘉80縣道,30.38,住,,,1140111,土地1建物1車位1,十三層,15,住宅大樓(11層含以上有電梯),住家用,鋼筋混凝土造,,127.51,2,2,2,有,無,8270000,72476,坡道平面,29.27,1150000,,RPQNMLOLJHKGFCQ98CB,民雄帝標,13B號,
民雄鄉,房地(土地+建物),嘉義縣民雄鄉正義一街,103.66,住,,,1140119,土地4建物1車位0,全,3,透天厝,住家用,鋼筋混凝土造,,160.55,4,2,4,有,無,15900000,99035,,0.0,0,,RPPNMLNJKHKGFCQ68CB,中正-森學院,D棟02號,
民雄鄉,房地(土地+建物)+車位,嘉義縣民雄鄉民文段757地號,30.3,住,,,1140118,土地1建物1車位1,十三層,14,住宅大樓(11層含以上有電梯),住家用,鋼筋混凝土造,,146.61,3,1,2,有,無,13000000,96178,坡道平面,26.0,1400000,,RPPNMLOJKHKGFCQ78CB,三貴星空樹,A2棟13F號,
水上鄉,房地(土地+建物)+車位,嘉義縣水上鄉水上派出所南側300M,38.39,住,,,1140119,土地3建物1車位1,七層,7,華廈(10層含以下有電梯),住家用,鋼筋混凝土造,,96.92,2,2,2,有,無,7450000,76868,升降平面,0.0,700000,,RPPNMLPJKHKGFDQ98CB,東唐漾B,B棟7F3號,
朴子市,房地(土地+建物)+車位,嘉義縣朴子市應菜埔36之6巷,28.37,住,,,1140120,土地1建物1車位1,四層,5,華廈(10層含以下有電梯),住家用,鋼筋混凝土造,,84.91,2,1,2,有,無,7050000,92619,其他,13.65,450000,,RPSNMLQJKHKGFBQ56CB,大人物二期,4B號,
水上鄉,房地(土地+建物)+車位,嘉義縣水上鄉弘家馨食品公司北邊約100公尺,26.6,,特定農業區,甲種建築用地,1140117,土地1建物1車位1,二層,7,華廈(10層含以下有電梯),住家用,鋼筋混凝土造,,99.89,2,2,2,有,無,7000000,70188,一樓平面,15.83,1100000,,RPPNMLSJKHKGFDQ66CB,菁品城,D棟2號,
朴子市,房地(土地+建物),嘉義縣朴子市新榮路31巷,29.11,住,,,1140112,土地3建物1車位0,四層,5,華廈(10層含以下有電梯),住家用,鋼筋混凝土造,,80.87,2,2,2,有,無,8267000,102226,,0.0,0,,RPPNMLTJKHKGFBQ56CB,冠科光寓B,1棟4C號,
民雄鄉,房地(土地+建物)+車位,嘉義縣民雄鄉新庄段1269-0009地號,140.49,住,,,1140113,土地10建物1車位1,全,3,透天厝,住家用,鋼筋混凝土造,,174.45,4,2,2,有,無,14380000,82430,一樓平面,0.0,0,,RPPNMLKKKHKGFCQ58DB,鑫盛市六期,A棟2號,
朴子市,房地(土地+建物)+車位,嘉義縣朴子市新榮路31巷,29.19,住,,,1140119,土地3建物1車位1,二層,5,華廈(10層含以下有電梯),住家用,鋼筋混凝土造,,104.26,2,2,2,有,無,9594000,102231,一樓平面,23.13,1300000,,RPRNMLLKKHKGFBQ68CB,冠科光寓B,1棟2B號,
民雄鄉,房地(土地+建物)+車位,嘉義縣民雄鄉新庄段1269-0014地號,93.38,住,,,1140116,土地1建物1車位1,全,3,透天厝,住家用,鋼筋混凝土造,,178.16,4,2,4,有,無,13680000,76785,一樓平面,0.0,0,,RPPNMLLKKHKGFCQ68DB,鑫盛市六期,A棟8號,
太保市,房地(土地+建物),嘉義縣太保市祥和二路東段、文化北街與縣府三街,18.44,商,,,1140117,土地1建物1車位0,1+2層,12,住宅大樓(11層含以上有電梯),見其他登記事項,鋼筋混凝土造,,105.53,1,1,2,有,無,15560000,147446,,0.0,0,,RPPNMLMKKHKGFDQ78CB,鉑金苑,G棟1號,
太保市,房地(土地+建物)+車位,嘉義縣太保市祥和二路東段、文化北街與縣府三街,17.38,商,,,1140119,土地1建物1車位1,十一層,12,住宅大樓(11層含以上有電梯),住家用,鋼筋混凝土造,,126.13,2,2,2,有,無,12740000,110977,坡道平面,26.65,1700000,,RPSNMLMKKHKGFDQ09CB,鉑金苑,A棟11號,
太保市,房地(土地+建物)+車位,嘉義縣太保市祥和二路東段、文化北街與縣府三街,24.0,商,,,1140118,土地1建物1車位1,三層,12,住宅大樓(11層含以上有電梯),住家用,鋼筋混凝土造,,163.95,3,2,2,有,無,17120000,112309,坡道平面,26.65,1700000,,RPVNMLMKKHKGFDQ76CB,鉑金苑,D棟3號,
太保市,房地(土地+建物)+車位,嘉義縣太保市祥和二路東段、文化北街與縣府三街,17.4,商,,,1140118,土地1建物1車位1,九層,12,住宅大樓(11層含以上有電梯),住家用,鋼筋混凝土造,,127.28,2,2,2,有,無,12570000,109213,坡道平面,27.75,1700000,,RPROMLMKKHKGFDQ09CB,鉑金苑,I棟9號,
番路鄉,房地(土地+建物)+車位,嘉義縣番路鄉轆仔腳段193-132地號土地內之建築基地,18.15,,山坡地保育區,丙種建築用地,1140118,土地1建物1車位1,二層,3,華廈(10層含以下有電梯),住家用,鋼筋混凝土造,,139.41,2,2,2,有,無,13100000,109275,其他,30.51,1200000,,RPPNMLNKKHKGFEQ98CB,富裔莊-嘉禾莊園,A3棟A2號,
朴子市,房地(土地+建物),嘉義縣朴子市新榮路31巷,29.11,住,,,1140119,土地3建物1車位0,二層,5,華廈(10層含以下有電梯),住家用,鋼筋混凝土造,,80.87,2,2,2,有,無,8267000,102226,,0.0,0,,RPPNMLOKKHKGFBQ78CB,冠科光寓B,1棟2C號,
