﻿編號,屋齡,建物移轉面積平方公尺,主要用途,主要建材,建築完成日期,總層數,建物分層,移轉情形
The serial number,room age,building shifting area square meter,the main use,main building materials,construction completes the date,total layer,building lamination,
RPSNMLRJKHKGFCQ76DA,29,165.72,住家用,鋼筋混凝土造,85年7月29日,三層,一層 二層 三層 平台 電梯樓梯間 見其他登記事項,全筆移轉
RPPNMLNKKHKGFCQ78DA,43,94.60,住家用,鋼筋混凝土加強磚造,70年9月23日,二層,一層 二層 陽台,全筆移轉
RPSNMLNKKHKGFDQ56DA,29,27.11,防空避難室,鋼筋混凝土造,84年9月8日,十二層,,持分移轉
RPSNMLNKKHKGFDQ56DA,29,31.72,梯間,鋼筋混凝土造,84年9月8日,十二層,,持分移轉
RPSNMLNKKHKGFDQ56DA,29,128.77,集合住宅,鋼筋混凝土造,84年9月8日,十二層,八層 陽台 花台,全筆移轉
RPPNMLLKKHKGFBQ48DA,21,17.93,住家用,鋼筋混凝土造,92年8月21日,五層,三層 陽台,全筆移轉
RPPNMLLKKHKGFBQ48DA,21,4.79,門廳、走道、梯間,鋼筋混凝土造,92年8月21日,五層,,持分移轉
RPVNMLSJKHKGFDQ27DA,13,254.50,住宅、梯間,鋼筋混凝土,101年1月17日,二層,一層 二層 陽台 見其他登記事項,全筆移轉
RPQNMLQJKHKGFCQ09DA,45,132.40,人行道、店舖、住房,鋼筋混凝土加強磚造,69年4月10日,二層,一層 二層 騎樓 電梯樓梯間,全筆移轉
RPQNMLKKKHKGFEQ78DA,32,122.33,住家用,鋼筋混凝土造,82年6月17日,三層,一層 二層 三層 陽台 電梯樓梯間,全筆移轉
RPPNMLSJKHKGFCQ56DA,42,77.66,集合住宅,鋼筋混凝土造,72年3月12日,五層,四層,全筆移轉
RPPNMLSJKHKGFCQ56DA,42,7.97,共有部分,鋼筋混凝土造,72年3月12日,五層,,持分移轉
RPPNMLSJKHKGFCQ56DA,42,.32,集合住宅,鋼筋混凝土造,72年3月12日,五層,一層,持分移轉
RPPNMLSJKHKGFCQ56DA,42,.04,共有部分,鋼筋混凝土造,72年3月12日,五層,,持分移轉
RPSNMLKKKHKGFBQ68DA,18,19.19,住家用,鋼筋混凝土造,95年8月28日,八層,七層 陽台,全筆移轉
RPSNMLKKKHKGFBQ68DA,18,4.60,共有部分,鋼筋混凝土造,95年8月28日,,,持分移轉
RPSNMLKKKHKGFBQ68DA,18,7.43,共有部分,鋼筋混凝土造,95年8月28日,,,持分移轉
RPPNMLKKKHKGFCQ48DA,20,17.86,管委會辦公室,鋼筋混凝土造,94年1月20日,五層,一層 陽台,全筆移轉
RPPNMLKKKHKGFCQ48DA,20,.53,管委會辦公室,鋼筋混凝土造,94年1月20日,五層,,持分移轉
RPPNMLKKKHKGFCQ48DA,20,5.59,梯廳、梯間、水箱,鋼筋混凝土造,94年1月20日,五層,,持分移轉
RPPNMLLKKHKGFEQ88EA,28,225.96,住家用,鋼筋混凝土造,85年7月20日,三層,一層 二層 三層 陽台 電梯樓梯間,全筆移轉
RPRNMLLKKHKGFCQ78DA,30,150.81,住家用,鋼筋混凝土造,84年2月17日,三層,一層 二層 三層 平台 電梯樓梯間 見其他登記事項,全筆移轉
RPQNMLOJKHKGFBQ78DA,30,163.48,住商用,鋼骨鋼筋混凝土造,84年3月20日,四層,一層 二層 三層 四層 陽台,全筆移轉
RPRNMLNKKHKGFBQ88DA,,1069.53,住商用,磚瓦造,22年0月0日,三層,一層 二層 三層 騎樓,全筆移轉
RPPNMLNKKHKGFEQ98DA,43,101.09,住家用,鋼筋混凝土加強磚造,71年4月8日,二層,一層 二層 騎樓 電梯樓梯間,全筆移轉
RPQNMLOJKHKGFCQ88DA,45,109.14,住商用,鋼筋混凝土加強磚造,68年9月24日,二層,一層 二層 電梯樓梯間 夾層,全筆移轉
RPVPMLOKKHKGFDQ17DA,31,222.36,住商用,鋼筋混凝土造,82年7月20日,四層,一層 二層 三層 四層 騎樓 見其他登記事項,全筆移轉
RPPNMLQJKHKGFCQ09EA,42,77.66,國民住宅,鋼筋混凝土造,72年3月12日,五層,五層,全筆移轉
RPPNMLQJKHKGFCQ09EA,42,7.97,共有部分,鋼筋混凝土造,72年3月12日,五層,,持分移轉
RPPNMLQJKHKGFCQ09EA,42,.32,集合住宅,鋼筋混凝土造,72年3月12日,五層,一層,持分移轉
RPPNMLQJKHKGFCQ09EA,42,.04,共有部分,鋼筋混凝土造,72年3月12日,五層,,持分移轉
RPQNMLLLJHKGFBQ58DA,22,163.75,住家用,鋼筋混凝土造,92年5月16日,三層,一層 二層 三層 陽台,全筆移轉
RPPNMLMLJHKGFBQ58DA,20,17.44,住家用,鋼筋混凝土造,94年1月3日,五層,四層 陽台,全筆移轉
RPPNMLMLJHKGFBQ58DA,20,1.72,梯廳、樓電梯室、消防泵浦、電信室、梯間,鋼筋混凝土造,94年1月3日,五層,,持分移轉
RPPNMLMLJHKGFBQ58DA,20,2.62,走廊,鋼筋混凝土造,94年1月3日,五層,,持分移轉
RPSNMLPJKHKGFBQ09DA,31,115.22,住家用,鋼筋混凝土造,83年6月16日,三層,一層 二層 三層,全筆移轉
RPTNMLOKKHKGFBQ56DA,13,210.13,住家用,鋼筋混凝土造,100年11月11日,四層,一層 二層 三層 四層 陽台,全筆移轉
RPRNMLQKKHKGFCQ66DA,40,109.86,住家用,鋼筋混凝土加強磚造,73年8月14日,二層,一層 二層 騎樓 電梯樓梯間,全筆移轉
RPSNMLOKKHKGFCQ56DA,41,114.88,住家用,鋼筋混凝土加強磚造,72年12月8日,二層,一層 二層 電梯樓梯間,全筆移轉
RPSNMLMKKHKGFDQ09DA,42,301.19,住家用,鋼筋混凝土加強磚造,72年2月10日,二層,一層 二層 地下一層,全筆移轉
RPWNMLSJKHKGFDQ37DA,43,104.62,住家用,鋼筋混凝土加強磚造,70年6月25日,二層,一層 二層 騎樓,全筆移轉
RPUNMLMKKHKGFDQ66DA,43,106.68,住家用,鋼筋混凝土加強磚造,70年12月9日,二層,一層 二層 電梯樓梯間,全筆移轉
RPPNMLRJKHKGFDQ56DA,2,90.08,集合式住宅,鋼筋混凝土造,112年3月8日,五層,五層 陽台,全筆移轉
RPPNMLRJKHKGFDQ56DA,2,2.94,本共有部分之項目有梯廳、門廊、無障礙廁所、管理委員室及電信室等５項。,鋼筋混凝土造,112年3月8日,五層,,持分移轉
RPPNMLRJKHKGFDQ56DA,2,12.21,本共有部分之項目有電梯、安全梯、梯廳、樓電梯間及水箱等５項。,鋼筋混凝土造,112年3月8日,五層,,持分移轉
RPTNMLOJKHKGFCQ56DA,43,165.86,自用農舍,鋼筋混凝土加強磚造,70年8月8日,一層,一層,全筆移轉
RPSNMLSJKHKGFCQ86DA,49,93.12,住家用,鋼筋混凝土加強磚造,64年6月10日,二層,一層 二層,全筆移轉
RPPNMLNKKHKGFCQ88EA,31,185.60,住商用,鋼筋混凝土加強磚造,83年2月1日,四層,一層 二層 三層 四層 電梯樓梯間 見其他登記事項,全筆移轉
RPRNMLOKJHKGFCQ98DA,52,80.54,住商用,ＲＣ磚造、木磚造,61年8月15日,二層,一層 二層 騎樓 廚房,全筆移轉
RPRNMLOKJHKGFCQ98DA,52,102.01,住商用,ＲＣ磚造、木磚造,61年8月15日,二層,一層 二層 騎樓 見使用執照,全筆移轉
RPPNMLOJKHKGFDQ88DA,47,77.46,住家用,磚造,66年8月13日,一層,一層,全筆移轉
RPQPMLNJKHKGFDQ09DA,,167.53,住宅、停車空間,鋼筋混凝土造,113年10月14日,三層,一層 二層 三層 陽台 見其他登記事項,全筆移轉
RPVPMLNJKHKGFDQ96DA,,160.66,住宅,鋼筋混凝土造,113年10月14日,三層,一層 二層 三層 陽台 見其他登記事項,全筆移轉
RPOPMLMJKHKGFEQ88DA,,200.03,住宅、停車空間,鋼筋混凝土造,113年10月29日,三層,一層 二層 三層 陽台,全筆移轉
RPPNMLMKKHKGFCQ68DA,29,160.46,住家用,鋼筋混凝土造,83年9月13日,四層,一層 二層 三層 四層 見其他登記事項,全筆移轉
RPWOMLNJKHKGFDQ96DA,,166.78,住宅、停車空間,鋼筋混凝土造,113年10月14日,三層,一層 二層 三層 陽台 見其他登記事項,全筆移轉
RPXOMLNJKHKGFDQ07DA,,167.53,住宅、停車空間,鋼筋混凝土造,113年10月14日,三層,一層 二層 三層 陽台 見其他登記事項,全筆移轉
RPRNMLLKKHKGFBQ68DA,,157.54,住宅、梯間、集合住宅,鋼筋混凝土造,113年9月18日,四層,一層 二層 三層 四層,全筆移轉
RPOOMLNJKHKGFDQ78DA,,166.55,住宅,鋼筋混凝土造,113年10月14日,三層,一層 二層 三層 陽台 見其他登記事項,全筆移轉
RPUOMLNJKHKGFDQ76DA,,167.53,住宅、停車空間,鋼筋混凝土造,113年10月14日,三層,一層 二層 三層 陽台 見其他登記事項,全筆移轉
RPSOMLNJKHKGFDQ56DA,,166.66,住宅、停車空間,鋼筋混凝土造,113年10月14日,三層,一層 二層 三層 陽台 見其他登記事項,全筆移轉
RPTOMLNJKHKGFDQ66DA,,166.66,住宅、停車空間,鋼筋混凝土造,113年10月14日,三層,一層 二層 三層 陽台 見其他登記事項,全筆移轉
RPQOMLNJKHKGFDQ98DA,,167.53,住宅、停車空間,鋼筋混凝土造,113年10月14日,三層,一層 二層 三層 陽台 見其他登記事項,全筆移轉
RPVNMLNJKHKGFDQ76DA,,168.89,住宅,鋼筋混凝土造,113年10月14日,三層,一層 二層 三層 陽台 見其他登記事項,全筆移轉
RPVOMLNJKHKGFDQ86DA,,166.78,住宅、停車空間,鋼筋混凝土造,113年10月14日,三層,一層 二層 三層 陽台 見其他登記事項,全筆移轉
RPXNMLNJKHKGFDQ96DA,,163.97,住宅,鋼筋混凝土造,113年10月14日,三層,一層 二層 三層 陽台 見其他登記事項,全筆移轉
RPPPMLNJKHKGFDQ98DA,,166.66,住宅、停車空間,鋼筋混凝土造,113年10月14日,三層,一層 二層 三層 陽台 見其他登記事項,全筆移轉
RPOPMLNJKHKGFDQ88DA,,166.66,住宅、停車空間,鋼筋混凝土造,113年10月14日,三層,一層 二層 三層 陽台 見其他登記事項,全筆移轉
RPTNMLKKKHKGFCQ88DA,,145.53,住宅,鋼筋混凝土造,113年9月6日,二層,一層 二層 見其他登記事項,全筆移轉
RPRPMLNJKHKGFDQ56DA,,182.69,住宅、停車空間,鋼筋混凝土造,113年10月14日,三層,一層 二層 三層 陽台 見其他登記事項,全筆移轉
RPRQMLNJKHKGFDQ66DA,,189.85,住宅,鋼筋混凝土造,113年10月14日,三層,一層 二層 三層 陽台 見其他登記事項,全筆移轉
RPWNMLNJKHKGFDQ86DA,,184.64,住宅,鋼筋混凝土造,113年10月14日,三層,一層 二層 三層 陽台 見其他登記事項,全筆移轉
RPPQMLNJKHKGFDQ09DA,,185.29,住宅,鋼筋混凝土造,113年10月14日,三層,一層 二層 三層 陽台 見其他登記事項,全筆移轉
RPWPMLNJKHKGFDQ07DA,,168.83,住宅,鋼筋混凝土造,113年10月14日,三層,一層 二層 三層 陽台 見其他登記事項,全筆移轉
RPSQMLNJKHKGFDQ76DA,,189.85,住宅,鋼筋混凝土造,113年10月14日,三層,一層 二層 三層 陽台 見其他登記事項,全筆移轉
RPPQMLMJKHKGFEQ09DA,,220.88,住宅、停車空間,鋼筋混凝土造,113年10月29日,三層,一層 二層 三層 陽台 屋頂突出物,全筆移轉
RPRPMLMJKHKGFEQ56DA,,204.70,住宅、停車空間,鋼筋混凝土造,113年10月29日,四層,一層 二層 三層 四層 陽台,全筆移轉
RPQOMLNJKIJGFCQ88DA,43,106.64,住家用,鋼筋混凝土加強磚造,70年9月1日,二層,一層 二層 騎樓 電梯樓梯間,全筆移轉
RPWOMLMJKHKGFEQ96DA,,516.36,住宅、停車空間,鋼筋混凝土造,113年10月29日,五層,一層 二層 三層 四層 五層 陽台,全筆移轉
RPTOMLMJKHKGFEQ66DA,,201.01,住宅、停車空間,鋼筋混凝土造,113年10月29日,三層,一層 二層 三層 陽台,全筆移轉
RPPNMLMJKHKGFEQ78DA,,259.83,住宅、停車空間,鋼筋混凝土造,113年10月29日,四層,一層 二層 三層 四層 陽台,全筆移轉
RPQNMLMJKHKGFEQ88DA,,252.39,住宅、停車空間,鋼筋混凝土造,113年10月29日,四層,一層 二層 三層 四層 陽台,全筆移轉
RPWNMLMJKHKGFEQ86DA,,222.82,住宅、停車空間,鋼筋混凝土造,113年10月29日,三層,一層 二層 三層 陽台,全筆移轉
RPOOMLMJKHKGFEQ78DA,,231.79,住宅、停車空間,鋼筋混凝土造,113年10月29日,三層,一層 二層 三層 陽台 屋頂突出物,全筆移轉
RPPOMLMJKHKGFEQ88DA,,227.36,住宅,鋼筋混凝土造,113年10月29日,三層,一層 二層 三層 陽台 屋頂突出物,全筆移轉
RPXNMLMJKHKGFEQ96DA,,259.44,住宅、停車空間,鋼筋混凝土造,113年10月29日,三層,一層 二層 三層 陽台,全筆移轉
RPUNMLMJKHKGFEQ66DA,,269.08,住宅、停車空間,鋼筋混凝土造,113年10月29日,四層,一層 二層 三層 四層 陽台,全筆移轉
RPSNMLMJKHKGFEQ09DA,,239.55,住宅、停車空間,鋼筋混凝土造,113年10月29日,三層,一層 二層 三層 陽台 屋頂突出物,全筆移轉
RPRQMLMJKHKGFEQ66DA,,406.98,住宅、停車空間,鋼筋混凝土造,113年10月29日,三層,一層 二層 三層 陽台,全筆移轉
RPRNMLMJKHKGFEQ98DA,,193.09,住宅,鋼筋混凝土造,113年10月29日,三層,一層 二層 三層 陽台,全筆移轉
RPQQMLMJKHKGFEQ56DA,,256.45,住宅、停車空間,鋼筋混凝土造,113年10月29日,四層,一層 二層 三層 四層 陽台,全筆移轉
RPQOMLMJKHKGFEQ98DA,,175.08,住宅、停車空間,鋼筋混凝土造,113年10月29日,四層,一層 二層 三層 四層 陽台,全筆移轉
RPVNMLMJKHKGFEQ76DA,,241.19,住宅、停車空間,鋼筋混凝土造,113年10月29日,三層,一層 二層 三層 陽台 屋頂突出物,全筆移轉
RPROMLMJKHKGFEQ09DA,,307.67,住宅、停車空間,鋼筋混凝土造,113年10月29日,四層,一層 二層 三層 四層 陽台,全筆移轉
RPSOMLMJKHKGFEQ56DA,,199.72,住宅、停車空間,鋼筋混凝土造,113年10月29日,三層,一層 二層 三層 陽台,全筆移轉
RPUOMLMJKHKGFEQ76DA,,214.24,住宅、停車空間,鋼筋混凝土造,113年10月29日,三層,一層 二層 三層 陽台,全筆移轉
RPVOMLMJKHKGFEQ86DA,,374.74,住宅、停車空間,鋼筋混凝土造,113年10月29日,四層,一層 二層 三層 四層 陽台,全筆移轉
RPXOMLMJKHKGFEQ07DA,,192.32,住宅、停車空間,鋼筋混凝土造,113年10月29日,四層,一層 二層 三層 四層 陽台,全筆移轉
RPQPMLMJKHKGFEQ09DA,,277.19,住宅、停車空間,鋼筋混凝土造,113年10月29日,四層,一層 二層 三層 四層 陽台,全筆移轉
RPSPMLMJKHKGFEQ66DA,,200.47,住宅、停車空間,鋼筋混凝土造,113年10月29日,三層,一層 二層 三層 陽台,全筆移轉
RPTPMLMJKHKGFEQ76DA,,355.37,住宅、停車空間,鋼筋混凝土造,113年10月29日,四層,一層 二層 三層 四層 陽台 地下一層,全筆移轉
RPUPMLMJKHKGFEQ86DA,,273.74,住宅、停車空間,鋼筋混凝土造,113年10月29日,四層,一層 二層 三層 四層 陽台,全筆移轉
RPWPMLMJKHKGFEQ07DA,,208.15,住宅、停車空間,鋼筋混凝土造,113年10月29日,三層,一層 二層 三層 陽台,全筆移轉
RPVPMLMJKHKGFEQ96DA,,196.85,住宅,鋼筋混凝土造,113年10月29日,三層,一層 二層 三層 陽台,全筆移轉
RPXPMLMJKHKGFEQ17DA,,232.27,住宅、停車空間,鋼筋混凝土造,113年10月29日,三層,一層 二層 三層 陽台 屋頂突出物,全筆移轉
RPQOMLTLKIJGFBQ96DA,,168.14,住宅、梯間,鋼筋混凝土造,113年9月18日,三層,一層 二層 三層 陽台 屋頂突出物,全筆移轉
RPQNMLOJJHKGFCQ78DA,,190.57,住宅、停車空間、梯間,鋼筋混凝土造,113年4月23日,三層,一層 二層 三層 見其他登記事項 見其他登記事項,全筆移轉
RPQNMLOJJHKGFCQ78DA,,.11,本共有部分之項目有管理室１項,鋼筋混凝土造,113年4月23日,一層,,持分移轉
