﻿編號,屋齡,建物移轉面積平方公尺,主要用途,主要建材,建築完成日期,總層數,建物分層,移轉情形
The serial number,room age,building shifting area square meter,the main use,main building materials,construction completes the date,total layer,building lamination,
RPPNMLQKJHKGFCQ09CC,32,108.21,住家用,ＲＣ補強磚造,82年6月16日,二層,,
RPPNMLRKJHKGFDQ66CC,46,101.40,住家用,鋼筋混凝土加強磚造,68年1月22日,二層,,
RPQNMLKLJHKGFCQ68CC,45,19.89,住家用,鋼筋混凝土加強磚造,69年7月15日,四層,,
RPSNMLKLJHKGFCQ88CC,45,12.18,住家用,鋼筋混凝土加強磚造,69年7月15日,四層,,
RPPNMLKLJHKGFDQ68CC,19,16.15,集合住宅,鋼筋混凝土造,94年8月15日,五層,,
RPQNMLKLJHKGFDQ78CC,19,16.15,集合住宅,鋼筋混凝土造,94年8月15日,五層,,
RPPNMLKLJHKGFDQ68CC,19,7.19,停車空間、電信室、台電配電室、機械室、集合住宅,鋼筋混凝土造,94年8月15日,五層,,
RPQNMLKLJHKGFDQ78CC,19,7.19,停車空間、電信室、台電配電室、機械室、集合住宅,鋼筋混凝土造,94年8月15日,五層,,
RPPNMLKLJHKGFCQ58CC,45,12.18,住家用,鋼筋混凝土加強磚造,69年7月15日,四層,,
RPPNMLRKJHKGFCQ56CC,22,100.04,集合住宅,鋼筋混凝土造,91年7月25日,五層,,
RPPNMLRKJHKGFCQ56CC,22,12.64,梯間、機械室、水箱,鋼筋混凝土造,91年7月25日,五層,,
RPPNMLRKJHKGFCQ56CC,22,33.34,停車空間,鋼筋混凝土造,91年7月25日,五層,,
RPRNMLKLJHKGFCQ78CC,45,19.89,住家用,鋼筋混凝土加強磚造,69年7月15日,四層,,
RPVNMLLLJHKGFCQ66CC,45,47.26,住家用,鋼筋混凝土加強磚造,69年7月15日,四層,,
RPSNMLKLJHKGFDQ98CC,34,169.78,住家用,鋼筋混凝土造,80年4月25日,三層,,
RPQNMLPLJHKGFDQ66CC,19,16.15,集合住宅,鋼筋混凝土造,94年8月15日,五層,,
RPQNMLNLJHKGFDQ09CC,1,142.48,住宅、停車空間,鋼筋混凝土造,113年2月20日,三層,,
RPWNMLLLJHKGFCQ76CC,45,47.26,住家用,鋼筋混凝土加強磚造,69年7月15日,四層,,
RPPNMLPLJHKGFBQ98CC,8,34.58,集合住宅,鋼筋混凝土造,106年4月18日,五層,,
RPQNMLLKKHKGFBQ68CC,18,15.06,住家用,鋼筋混凝土造,95年8月28日,八層,,
RPQNMLLKKHKGFBQ68CC,18,4.19,共有部分,鋼筋混凝土造,95年8月28日,,,
RPQNMLLKKHKGFBQ68CC,18,5.78,共有部分,鋼筋混凝土造,95年8月28日,,,
RPQNMLPJKHKGFBQ98CC,8,34.58,集合住宅,鋼筋混凝土造,106年4月18日,五層,,
RPQNMLPJKHKGFBQ98CC,8,21.43,本共有部分之主要用途計有：停車空間、機電設備空間、貯藏室、大廳、管委會空間等５項,鋼筋混凝土造,106年4月18日,五層,,
RPPNMLQKJHKGFEQ66CC,32,119.58,住家用,鋼筋混凝土造,82年4月1日,十九層,,
RPPNMLQKJHKGFEQ66CC,32,19.95,梯間,鋼筋混凝土造,82年4月1日,十九層,,
RPPNMLQKJHKGFEQ66CC,32,5.61,守衛室．健身房．游泳池．防空避難室兼停車場,鋼筋混凝土造,82年4月1日,,,
