﻿鄉鎮市區,交易標的,土地位置建物門牌,土地面積平方公尺,都市土地使用分區,非都市土地使用分區,非都市土地使用編定,租賃年月日,租賃筆棟數,租賃層次,總樓層數,建物型態,主要用途,主要建材,建築完成年月,建物總面積平方公尺,建物現況格局-房,建物現況格局-廳,建物現況格局-衛,建物現況格局-隔間,有無管理組織,有無附傢俱,總額元,單價元平方公尺,車位類別,車位面積平方公尺,車位總額元,備註,編號,出租型態,有無管理員,租賃期間,有無電梯,附屬設備,租賃住宅服務
The villages and towns urban district,transaction sign,land sector position building sector house number plate,land shifting total area square meter,the use zoning or compiles and checks,the non-metropolis land use district,non-metropolis land use,transaction year month and day,transaction pen number,shifting level,total floor number,building state,main use,main building materials,construction to complete the years,building shifting total area,Building present situation pattern - room,building present situation pattern - hall,building present situation pattern - health,building present situation pattern - compartmented,Whether there is manages the organization,Whether there is attaches the furniture,total price NTD,the unit price (NTD / square meter),the berth category,berth shifting total area square meter,the berth total price NTD,the note,serial number,Rental type,Residential Manager,Rental period,elevator,equipment,Rental residential services
新港鄉,租賃房屋,嘉義縣新港鄉中洋村中洋子６０之５號,0.0,,,,1140116,土地0建物1車位0,全,2,透天厝,住家用,ＲＣ補強磚造,0820616,108.21,1,1,1,有,無,有,13000,120,,0.0,0,租賃建物部分範圍，且未計入共有部分面積；,RPPNMLQKJHKGFCQ09CC,分層出租,無,1140201~1160831,無,洗衣機、冰箱,一般包租
番路鄉,租賃房屋,嘉義縣番路鄉江西村６鄰平?２６號９樓２,0.0,,,,1140113,土地0建物1車位0,九層,19,住宅大樓(11層含以上有電梯),住家用,鋼筋混凝土造,0820401,145.14,4,2,2,有,有,有,15000,103,,0.0,0,嘉義縣社會住宅包租代管計畫之物件。,RPPNMLQKJHKGFEQ66CC,整棟(戶)出租,有,1140211~1150210,有,冷氣、熱水器、冰箱、瓦斯或天然氣,社會住宅代管
民雄鄉,租賃房屋,嘉義縣民雄鄉北斗村新正五街６１號２樓,0.0,,,,1140116,土地0建物1車位0,二層,5,華廈(10層含以下有電梯),集合住宅,鋼筋混凝土造,0910725,146.02,3,1,2,有,有,有,11280,77,,0.0,0,嘉義縣社會住宅包租代管計畫之物件。管理費720元由出租人負擔。,RPPNMLRKJHKGFCQ56CC,整棟(戶)出租,有,1140207~1150206,有,冷氣、熱水器、洗衣機、電視機、冰箱、瓦斯或天然氣,社會住宅代管
水上鄉,租賃房屋,嘉義縣水上鄉外林街２４２號,0.0,,,,1140115,土地0建物1車位0,全,2,透天厝,住家用,鋼筋混凝土加強磚造,0680122,101.4,4,2,2,有,無,無,15000,148,,0.0,0,,RPPNMLRKJHKGFDQ66CC,,無,1140115~1150114,無,冷氣、熱水器,
民雄鄉,租賃房屋,嘉義縣民雄鄉文隆村建國路二段２２７號,0.0,,,,1140115,土地0建物0車位0,全,4,透天厝,住家用,鋼筋混凝土加強磚造,0690715,12.18,6,1,7,有,無,有,4500,369,,0.0,0,,RPPNMLKLJHKGFCQ58CC,分租套房,無,1140201~1140731,無,冷氣、熱水器、電視機、冰箱,一般轉租
民雄鄉,租賃房屋,嘉義縣民雄鄉文隆村建國路二段２２７號,0.0,,,,1140115,土地0建物0車位0,全,4,透天厝,住家用,鋼筋混凝土加強磚造,0690715,19.89,6,1,7,有,無,有,5000,251,,0.0,0,,RPQNMLKLJHKGFCQ68CC,分租套房,無,1140201~1150131,無,冷氣、熱水器、電視機、冰箱,一般轉租
民雄鄉,租賃房屋,嘉義縣民雄鄉文隆村建國路二段２２７號,0.0,,,,1140115,土地0建物0車位0,全,4,透天厝,住家用,鋼筋混凝土加強磚造,0690715,19.89,6,1,7,有,無,有,5000,251,,0.0,0,,RPRNMLKLJHKGFCQ78CC,分租套房,無,1140201~1150131,無,冷氣、熱水器、電視機、冰箱,一般轉租
民雄鄉,租賃房屋,嘉義縣民雄鄉文隆村建國路二段２２７號,0.0,,,,1140115,土地0建物0車位0,全,4,透天厝,住家用,鋼筋混凝土加強磚造,0690715,12.18,6,1,7,有,無,有,4500,369,,0.0,0,,RPSNMLKLJHKGFCQ88CC,分租套房,無,1140201~1140731,無,冷氣、熱水器、電視機、冰箱,一般轉租
太保市,租賃房屋,嘉義縣太保市安仁里頂港子墘４０之７號一樓之２８,0.0,,,,1140115,土地0建物1車位0,一層,5,其他,集合住宅,鋼筋混凝土造,0940815,23.34,1,1,1,有,有,有,5200,223,,0.0,0,管理費300元,RPPNMLKLJHKGFDQ68CC,獨立套房,有,1140115~1150114,有,冷氣、熱水器、洗衣機、電視機、冰箱、有線電視、網路,一般轉租
太保市,租賃房屋,嘉義縣太保市安仁里頂港子墘４０之７號一樓之３０,0.0,,,,1140115,土地0建物1車位0,一層,5,其他,集合住宅,鋼筋混凝土造,0940815,23.34,1,1,1,有,有,有,5200,223,,0.0,0,管理費300元,RPQNMLKLJHKGFDQ78CC,獨立套房,有,1140115~1150114,有,冷氣、熱水器、洗衣機、電視機、冰箱、有線電視、網路,一般轉租
水上鄉,租賃房屋,嘉義縣水上鄉崎子頭１之２０５號,0.0,,,,1140119,土地0建物1車位0,見其他登記事項,3,公寓(5樓含以下無電梯),住家用,鋼筋混凝土造,0800425,169.78,5,2,3,有,無,無,13000,77,,0.0,0,,RPSNMLKLJHKGFDQ98CC,整棟(戶)出租,無,1140310~1171231,無,,
民雄鄉,租賃房屋,嘉義縣民雄鄉文隆村建國路二段２２７號,0.0,,,,1140117,土地0建物0車位0,全,4,透天厝,住家用,鋼筋混凝土加強磚造,0690715,47.26,6,1,7,有,無,無,10000,212,,0.0,0,,RPVNMLLLJHKGFCQ66CC,分租套房,無,1140201~1150131,無,,一般轉租
民雄鄉,租賃房屋,嘉義縣民雄鄉文隆村建國路二段２２７號,0.0,,,,1140117,土地0建物0車位0,全,4,透天厝,住家用,鋼筋混凝土加強磚造,0690715,47.26,6,1,7,有,無,無,10000,212,,0.0,0,,RPWNMLLLJHKGFCQ76CC,分租套房,無,1140201~1150131,無,,一般轉租
太保市,租賃房屋,嘉義縣太保市麻寮里北港路二段４２９巷８９弄８之５號,0.0,,,,1140120,土地0建物1車位0,全,3,透天厝,住宅、停車空間,鋼筋混凝土造,1130220,142.48,3,1,4,有,無,有,19800,139,,0.0,0,嘉義縣政府包租代管計畫。,RPQNMLNLJHKGFDQ09CC,整棟(戶)出租,無,1140125~1150124,無,冷氣、熱水器、洗衣機、冰箱、瓦斯或天然氣,社會住宅代管
朴子市,租賃房屋,嘉義縣朴子市祥和二路西段６２號４樓之２５,0.0,,,,1140118,土地0建物1車位0,四層,5,華廈(10層含以下有電梯),集合住宅,鋼筋混凝土造,1060418,34.58,1,1,1,有,有,有,17000,492,,0.0,0,本標的未計入共有部份面積,RPPNMLPLJHKGFBQ98CC,獨立套房,有,1140118~1150117,有,冷氣、洗衣機、電視機、冰箱,一般轉租
太保市,租賃房屋,嘉義縣太保市頂港子墘４０-８號５樓８,0.0,,,,1140117,土地0建物1車位0,五層,5,華廈(10層含以下有電梯),集合住宅,鋼筋混凝土造,0940815,16.15,1,0,1,有,有,有,6500,402,,0.0,0,,RPQNMLPLJHKGFDQ66CC,獨立套房,有,1140201~1150131,有,熱水器、洗衣機、電視機、冰箱,一般轉租
朴子市,租賃房屋,嘉義縣朴子市祥和二路西段６２號五樓之３,0.0,,,,1140119,土地0建物1車位0,五層,5,華廈(10層含以下有電梯),集合住宅,鋼筋混凝土造,1060418,56.01,1,0,1,有,有,有,15000,268,,0.0,0,租金總額含水費；,RPQNMLPJKHKGFBQ98CC,獨立套房,有,1140120~1140719,有,冷氣、熱水器、洗衣機、冰箱,一般代管
朴子市,租賃房屋,嘉義縣朴子市仁和二路１３７號４F３８,5.87,住,,,1140113,土地1建物1車位0,四層,8,華廈(10層含以下有電梯),住家用,鋼筋混凝土造,0950828,25.03,1,0,1,有,有,有,7600,304,,0.0,0,,RPQNMLLKKHKGFBQ68CC,獨立套房,有,1140115~1150114,有,冷氣、熱水器、洗衣機、電視機、冰箱,
