﻿編號,土地位置,土地移轉面積平方公尺,使用分區或編定,權利人持分分母,權利人持分分子,移轉情形,地號
The serial number, land position,land shifting area square meter,the use zoning or compiles and checks,,,,land parcel
RPPNMLOKKHKGFBT56EA,載興段,11040.19,非都市：一般農業區 ; 非都市編定：農牧用地,1,1,全筆移轉,02260000
RPSNMLMKKHKGFCT66DA,龍頸段,29.27,都市：其他:住宅區,10000,356,持分移轉,10520000
RPTPMLOJKHKGFAT86DA,田厝段,167.00,非都市：鄉村區 ; 非都市編定：乙種建築用地,1,1,全筆移轉,15270007
RPTPMLOJKHKGFAT86DA,田厝段,22.67,非都市：鄉村區 ; 非都市編定：乙種建築用地,3,1,持分移轉,15270008
RPSNMLOKKHKGFAT76EA,香揚段,107.00,都市：其他:住宅區,1,1,全筆移轉,06250025
RPQNMLOKKHKGFFT96DA,昌北段,31.07,非都市：鄉村區 ; 非都市編定：乙種建築用地,1,1,全筆移轉,06050000
RPPNMLRKKHKGFFT17DA,天時段,57.03,都市：其他:住宅區,94837,5703,持分移轉,08330000
RPQNMLNJKHKGFCT09DA,三共段,102.69,都市：其他:住宅區,1,1,全筆移轉,03010000
RPQNMLNJKHKGFCT09DA,三共段,102.97,都市：其他:住宅區,1,1,全筆移轉,03020000
RPQNMLNJKHKGFCT09DA,三共段,103.26,都市：其他:住宅區,1,1,全筆移轉,03030000
RPPNMLNKKHKGFDT66EA,頂忠段,1654.70,非都市：一般農業區 ; 非都市編定：農牧用地,1,1,全筆移轉,07910000
RPQNMLRKKHKGFET17DA,墾丁段,3.24,非都市：國家公園區 ; 非都市編定：,12,1,持分移轉,12020000
RPSNMLOKKHKGFET07DA,四林段,6445.00,非都市：山坡地保育區 ; 非都市編定：林業用地,1,1,全筆移轉,00440000
RPPNMLSKKHKGFCT07EA,丹林段,293.00,非都市：山坡地保育區 ; 非都市編定：農牧用地,1,1,全筆移轉,20960000
RPUOMLKKKHKGFAT56DA,大溪段,325.28,非都市：河川區 ; 非都市編定：甲種建築用地,1,1,全筆移轉,07850000
RPTNMLNJKHKGFCT76DA,壽比段,11.31,非都市：鄉村區 ; 非都市編定：乙種建築用地,10000,77,持分移轉,09460000
RPRNMLPJKHKGFAT56DA,公園段二小段,5.96,都市：其他:商業區,10000,72,持分移轉,00280000
RPRNMLPJKHKGFCT76DA,牛角灣段,2527.29,非都市：一般農業區 ; 非都市編定：農牧用地,1,1,全筆移轉,03970000
RPRNMLPJKHKGFCT76DA,牛角灣段,2527.80,非都市：一般農業區 ; 非都市編定：農牧用地,1,1,全筆移轉,03980000
RPRNMLPJKHKGFCT76DA,牛角灣段,2529.14,非都市：一般農業區 ; 非都市編定：農牧用地,1,1,全筆移轉,03990000
RPPNMLTKKHKGFBT07EA,阿烏段,2060.00,非都市：山坡地保育區 ; 非都市編定：農牧用地,1,1,全筆移轉,08240000
RPPNMLKKKHKGFCT78DA,萬全段,242.38,都市：其他:住宅區,1,1,全筆移轉,08870000
RPPNMLOLJHKGFAT98DA,香社段,65.00,非都市：鄉村區 ; 非都市編定：乙種建築用地,1,1,全筆移轉,14430002
RPPNMLPLJHKGFAT09DA,民和段,4.05,都市：其他:住宅區,100000,806,持分移轉,04650000
RPPNMLPLJHKGFAT09DA,民和段,4.05,都市：其他:住宅區,100000,806,持分移轉,04650000
SPPNMLPLJHKGFAT56DA,民和段,4.13,都市：其他:住宅區,100000,822,持分移轉,04650000
SPPNMLPLJHKGFAT56DA,民和段,4.13,都市：其他:住宅區,100000,822,持分移轉,04650000
RPVPMLPKJHKGFAT17DA,田厝段,96.00,非都市：鄉村區 ; 非都市編定：乙種建築用地,1,1,全筆移轉,19660009
RPVPMLPKJHKGFAT17DA,田厝段,.10,非都市：鄉村區 ; 非都市編定：乙種建築用地,120,1,持分移轉,19660014
RPRNMLRJKHKGFCT96DA,蓬萊段,2167.40,非都市：一般農業區 ; 非都市編定：農牧用地,2,1,持分移轉,07240001
RPRNMLRJKHKGFCT96DA,蓬萊段,1250.00,非都市：一般農業區 ; 非都市編定：農牧用地,2,1,持分移轉,07240003
RPTNMLSJKHKGFCT27DA,頭溝水段,176.09,非都市：一般農業區 ; 非都市編定：農牧用地,200000,130900,持分移轉,02920000
RPTNMLSJKHKGFCT27DA,頭溝水段,907.96,非都市：一般農業區 ; 非都市編定：農牧用地,1,1,全筆移轉,02950000
RPTNMLSKKHKGFCT37DA,富田段,5.17,非都市：鄉村區 ; 非都市編定：乙種建築用地,1,1,全筆移轉,01470003
RPUNMLSKKHKGFCT47DA,新厝段一小段,1362.00,非都市：一般農業區 ; 非都市編定：農牧用地,1,1,全筆移轉,01950002
RPPNMLSJKHKGFBT86EA,永春段,115.00,都市：其他:住宅區,1,1,全筆移轉,02690007
RPQNMLRJKHKGFBT86EA,新土庫段　,290.40,非都市：鄉村區 ; 非都市編定：乙種建築用地,1,1,全筆移轉,02960000
RPQNMLRJKHKGFBT86EA,新土庫段　,268.03,非都市：鄉村區 ; 非都市編定：乙種建築用地,1,1,全筆移轉,02970000
RPPNMLKKKHKGFCT88EA,五魁段,83.51,非都市：一般農業區 ; 非都市編定：農牧用地,10,2,持分移轉,08650000
RPPNMLKKKHKGFCT88EA,五魁段,438.71,非都市：一般農業區 ; 非都市編定：農牧用地,10,2,持分移轉,08660000
RPPNMLSJKHKGFCT96EA,興美段,134.75,非都市：鄉村區 ; 非都市編定：乙種建築用地,4,1,持分移轉,03150001
RPQNMLKLJHKGFFT56DA,保生段,6.11,都市：其他:商業區,10,1,持分移轉,03860000
RPQNMLKLJHKGFFT56DA,保生段,2.37,都市：其他:商業區,10,1,持分移轉,04040000
RPQNMLKLJHKGFFT56DA,保生段,2.90,都市：其他:商業區,10,1,持分移轉,04050001
RPQNMLRJKHKGFBT76DA,久愛段,349.09,非都市：一般農業區 ; 非都市編定：甲種建築用地,1,1,全筆移轉,09310000
RPSNMLQJKHKGFBT86DA,土庫段,2179.00,非都市：一般農業區 ; 非都市編定：農牧用地,1,1,全筆移轉,12540000
RPSNMLQJKHKGFBT86DA,土庫段,1985.00,非都市：一般農業區 ; 非都市編定：農牧用地,1,1,全筆移轉,12560018
RPPNMLLKKHKGFBT78DA,過江段,298.00,都市：其他:住宅區,1,1,全筆移轉,05450000
RPPNMLLKKHKGFBT78DA,過江段,4.00,都市：其他:道路用地,1,1,全筆移轉,05530000
RPQNMLSJKHKGFET17DA,一心段,73.03,非都市：國家公園區 ; 非都市編定：,10000,277,持分移轉,09930000
RPPNMLKKKHKGFET98DA,四重溪段,72.00,非都市：鄉村區 ; 非都市編定：乙種建築用地,1,1,全筆移轉,02170049
RPRNMLSJKHKGFET27DA,一心段,14.76,非都市：國家公園區 ; 非都市編定：,10000,56,持分移轉,09930000
RPPNMLRJKHKGFCT86EA,望嘉段,1420.00,非都市：山坡地保育區 ; 非都市編定：農牧用地,4,1,持分移轉,06170000
RPPNMLKKKHKGFBT78EA,鐵店段,1469.00,都市：其他:農業區,1,1,全筆移轉,10540000
RPPNMLNKKHKGFFT86EA,獅子段,4215.00,非都市：山坡地保育區 ; 非都市編定：林業用地,1,1,全筆移轉,00670000
RPPNMLNKKHKGFFT86EA,獅子段,10730.00,非都市：山坡地保育區 ; 非都市編定：林業用地,1,1,全筆移轉,00690000
RPPNMLNKKHKGFFT86EA,獅子段,10846.00,非都市：山坡地保育區 ; 非都市編定：林業用地,3825,638,持分移轉,02230000
RPPNMLSKJHKGFAT66DA,北勢段一小段,25.51,都市：其他:住宅區,1000,114,持分移轉,00100012
RPPNMLSKJHKGFAT66DA,北勢段,2.51,都市：其他:住宅區,1000,114,持分移轉,04750000
RPQNMLSKJHKGFAT76DA,北勢段一小段,29.99,都市：其他:住宅區,1000,134,持分移轉,00100012
RPQNMLSKJHKGFAT76DA,北勢段,2.95,都市：其他:住宅區,1000,134,持分移轉,04750000
RPPNMLLKKHKGFAT68DA,明正段,95.65,都市：其他:道路用地,20,1,持分移轉,05830000
RPUNMLLKKHKGFAT56DA,繁華段,155.28,非都市：一般農業區 ; 非都市編定：農牧用地,1,1,全筆移轉,05050000
RPUNMLLKKHKGFAT56DA,繁華段,1285.10,非都市：一般農業區 ; 非都市編定：農牧用地,1,1,全筆移轉,05060000
RPUNMLLKKHKGFAT56DA,繁華段,3130.21,非都市：一般農業區 ; 非都市編定：農牧用地,1,1,全筆移轉,08760000
RPXRMLSJJHKGFAT77DA,中柳段,3646.29,非都市：一般農業區 ; 非都市編定：農牧用地,1,1,全筆移轉,08010000
RPPNMLPJKHKGFET76DA,城南段,196.20,都市：其他:商業區,1,1,全筆移轉,05160000
RPQNMLKKKHKGFET09DA,滿林段,700.63,非都市：山坡地保育區 ; 非都市編定：農牧用地,4,3,持分移轉,10450000
RPQNMLKKKHKGFET09DA,滿林段,260.96,非都市：山坡地保育區 ; 非都市編定：農牧用地,4,3,持分移轉,10460000
RPQNMLQKKHKGFDT96DA,大南段,204.48,都市：其他:農業區,48,1,持分移轉,07440000
RPTNMLRKKHKGFDT37DA,本漁段,32.54,都市：其他:住宅區,1,1,全筆移轉,02230003
RPQNMLNKKHKGFBT09DA,春林段,78.00,都市：其他:住宅區,1,1,全筆移轉,07980000
RPPNMLTJKHKGFCT96DA,佳佐段,1653.50,非都市：一般農業區 ; 非都市編定：農牧用地,2,1,持分移轉,09260018
RPTNMLMKKHKGFCT76DA,永慶段,266.13,非都市：一般農業區 ; 非都市編定：農牧用地,1,1,全筆移轉,07540000
RPTNMLMKKHKGFCT76DA,永慶段,392.55,非都市：一般農業區 ; 非都市編定：農牧用地,1,1,全筆移轉,07550000
RPUNMLMKKHKGFCT86DA,新光華段,189.20,都市：其他:住宅區,1,1,全筆移轉,12200000
RPPNMLNJKHKGFDT09DA,新忠段,3.48,都市：其他:住宅區,1,1,全筆移轉,06300000
RPPNMLNJKHKGFDT09DA,新忠段,32.45,都市：其他:人行步道用地,1,1,全筆移轉,06310000
RPPNMLNJKHKGFDT09DA,新忠段,17.37,都市：其他:住宅區,2,1,持分移轉,06380000
RPRNMLKKKHKGFDT09DA,嘉新段,15.69,都市：其他:住宅區,100000,1966,持分移轉,00750000
RPRNMLKKKHKGFDT09DA,嘉新段,40.15,都市：其他:住宅區,10,2,持分移轉,00760000
RPXNMLRJKHKGFAT37DA,香揚段一小段,48.97,都市：其他:住宅區,100000,1072,持分移轉,00090000
RPRNMLKKKHKGFAT78DA,廣安段,1032.91,非都市：特定農業區 ; 非都市編定：農牧用地,10000,3711,持分移轉,05760000
RPQNMLKKKHKGFAT68DA,豐田段,19.20,都市：其他:住宅區,10000,555,持分移轉,03330000
RPRNMLLKKHKGFET66DA,德和段,104.33,非都市：一般農業區 ; 非都市編定：甲種建築用地,1,1,全筆移轉,00880002
RPRNMLLKKHKGFET66DA,德和段,49.27,非都市：一般農業區 ; 非都市編定：甲種建築用地,11,1,持分移轉,00880012
RPRNMLLKKHKGFET66DA,德和段,40.47,非都市：一般農業區 ; 非都市編定：農牧用地,3168,67,持分移轉,00890000
RPTNMLLKKHKGFET86DA,德和段,109.72,非都市：一般農業區 ; 非都市編定：甲種建築用地,1,1,全筆移轉,00880007
RPTNMLLKKHKGFET86DA,德和段,49.27,非都市：一般農業區 ; 非都市編定：甲種建築用地,11,1,持分移轉,00880012
RPTNMLLKKHKGFET86DA,德和段,40.47,非都市：一般農業區 ; 非都市編定：農牧用地,3168,67,持分移轉,00890000
RPVNMLLKKHKGFAT66DA,民生段,67.00,都市：其他:住宅區,1,1,全筆移轉,00660014
RPSPMLRJKHKGFAT07DA,九仁段,4.27,都市：其他:住宅區,1,1,全筆移轉,03280003
RPUNMLSJKHKGFAT17DA,萬年段,4.99,都市：其他:商業區,10000,261,持分移轉,03430000
RPTNMLSJKHKGFDT37DA,仁和段,59.51,都市：其他:住宅區,1,1,全筆移轉,03030000
RPTNMLQJKHKGFET27DA,高士佛段,1136.00,非都市：山坡地保育區 ; 非都市編定：農牧用地,1,1,全筆移轉,00100000
RPPNMLMKKHKGFDT09DA,大東段一小段,122.74,都市：其他:住宅區,1,1,全筆移轉,00640000
RPUNMLLKKHKGFET96DA,德和段,109.00,非都市：一般農業區 ; 非都市編定：甲種建築用地,1,1,全筆移轉,00880006
RPUNMLLKKHKGFET96DA,德和段,49.27,非都市：一般農業區 ; 非都市編定：甲種建築用地,11,1,持分移轉,00880012
RPUNMLLKKHKGFET96DA,德和段,40.47,非都市：一般農業區 ; 非都市編定：農牧用地,3168,67,持分移轉,00890000
RPVNMLLKKHKGFET07DA,德和段,111.15,非都市：一般農業區 ; 非都市編定：甲種建築用地,1,1,全筆移轉,00880008
RPVNMLLKKHKGFET07DA,德和段,49.27,非都市：一般農業區 ; 非都市編定：甲種建築用地,11,1,持分移轉,00880012
RPVNMLLKKHKGFET07DA,德和段,40.47,非都市：一般農業區 ; 非都市編定：農牧用地,3168,67,持分移轉,00890000
RPROMLMLJHKGFAT09DA,正安段,86.61,非都市：一般農業區 ; 非都市編定：甲種建築用地,1,1,全筆移轉,05180000
RPPNMLPJKHKGFAT98DA,瑞光段,8.97,都市：其他:住宅區,100000,756,持分移轉,04750029
RPQOMLLLJHKGFAT88DA,勝興段,8.70,都市：其他:住宅區,100000,22,持分移轉,00580000
RPQNMLPJKHKGFAT09DA,麟孝段,65.94,都市：其他:住宅區,2,1,持分移轉,09300000
RPROMLLLJHKGFAT98DA,勝興段,8.70,都市：其他:住宅區,100000,22,持分移轉,00580000
RPOOMLMKKHKGFAT78DA,勝興段,20.08,都市：其他:住宅區,10000,105,持分移轉,05620000
RPRNMLMKKHKGFCT56DA,新華段,76.27,都市：其他:商業區,1,1,全筆移轉,00870000
RPTNMLOJKHKGFBT76DA,振興段,14.65,非都市：鄉村區 ; 非都市編定：乙種建築用地,10000,90,持分移轉,06730000
RPTNMLRJKHKGFAT96DA,檳榔腳段二小段,57.32,都市：其他:住宅區,100000,554,持分移轉,07470000
RPUNMLOJKHKGFDT07DA,頂信段,4542.35,非都市：一般農業區 ; 非都市編定：農牧用地,1,1,全筆移轉,09770000
RPWNMLLKKHKGFCT96DA,國中段,16.85,都市：其他:住宅區,5,1,持分移轉,03110000
RPWNMLLKKHKGFCT96DA,國中段,2.32,都市：其他:綠(帶)地,5,1,持分移轉,03120000
RPQNMLQJKHKGFDT86DA,新帝段,89.61,都市：其他:住宅區,910,93,持分移轉,11410000
RPPNMLOKKHKGFET76DA,德和段,219.76,非都市：一般農業區 ; 非都市編定：甲種建築用地,1,1,全筆移轉,00880011
RPPNMLOKKHKGFET76DA,德和段,98.55,非都市：一般農業區 ; 非都市編定：甲種建築用地,11,2,持分移轉,00880012
RPPNMLOKKHKGFET76DA,德和段,80.93,非都市：一般農業區 ; 非都市編定：農牧用地,3168,134,持分移轉,00890000
RPQNMLOKKHKGFET86DA,城北段,77.05,都市：其他:商業區,1,1,全筆移轉,11010000
RPPOMLOLJHKGFAT09DA,公興段,8.74,非都市：一般農業區 ; 非都市編定：甲種建築用地,1,1,全筆移轉,05460000
RPPOMLOLJHKGFAT09DA,公興段,82.00,非都市：一般農業區 ; 非都市編定：甲種建築用地,1,1,全筆移轉,05470000
RPSNMLSJKHKGFAT96DA,斯文段,78.00,都市：其他:住宅區,1,1,全筆移轉,11460000
RPTPMLNKKHKGFAT86DA,大進段,1301.57,非都市：一般農業區 ; 非都市編定：農牧用地,2,1,持分移轉,08150000
RPSNMLNKKHKGFBT66DA,大港洋段,72.00,都市：其他:農業區,2,1,持分移轉,15480002
RPPNMLLLJHKGFBT78DA,塩北段,2035.49,都市：其他:農業區,1,1,全筆移轉,03120001
RPPNMLSLJHKGFCT96DA,壽比段,5.22,非都市：鄉村區 ; 非都市編定：乙種建築用地,10000,33,持分移轉,07640000
RPVNMLMKKHKGFCT96DA,新田段,1706.00,非都市：特定農業區 ; 非都市編定：農牧用地,1,1,全筆移轉,32190000
RPVNMLNKKHKGFCT07DA,美崙段,1670.00,非都市：特定農業區 ; 非都市編定：農牧用地,1,1,全筆移轉,17280000
RPVOMLRKKHKGFAT37DA,北平段,7.76,都市：其他:商業區,10000,62,持分移轉,08950000
RPUOMLRKKHKGFAT27DA,長治段,2.05,都市：其他:商業區,10000,27,持分移轉,01480002
RPUOMLRKKHKGFAT27DA,長治段,.15,都市：其他:商業區,10000,27,持分移轉,01480005
RPUOMLRKKHKGFAT27DA,長治段,.00,都市：其他:商業區,10000,27,持分移轉,01490002
RPUOMLRKKHKGFAT27DA,長治段,.00,都市：其他:道路用地,10000,27,持分移轉,01500001
RPQNMLRJKHKGFDT96DA,關帝段,33.14,都市：其他:住宅區,100000,1445,持分移轉,09660000
RPVNMLNKKHKGFDT17DA,東新段,3215.88,都市：其他:乙種工業區,1,1,全筆移轉,01460000
RPPNMLOKKHKGFDT66DA,新東段,1170.88,非都市：一般農業區 ; 非都市編定：農牧用地,1,1,全筆移轉,01490000
RPSNMLOKKHKGFDT96DA,大東段,4.82,都市：其他:住宅區,1000,17,持分移轉,15090000
RPSNMLOKKHKGFDT96DA,大東段,24.06,都市：其他:住宅區,1000,17,持分移轉,15120000
RPPNMLRJKHKGFET96DA,新四溝段,90.06,非都市：一般農業區 ; 非都市編定：甲種建築用地,1,1,全筆移轉,01010000
RPQNMLNKKHKGFET76DA,後壁湖段,55.92,都市：其他:鄉村建築用地,36,1,持分移轉,05290000
RPQNMLNKKHKGFET76DA,後壁湖段,5.27,都市：其他:鄉村建築用地,36,1,持分移轉,05300001
RPQNMLNKKHKGFET76DA,後壁湖段,16.46,都市：其他:鄉村建築用地,36,1,持分移轉,05300002
SPQNMLNKKHKGFET86DA,後壁湖段,9.32,都市：其他:鄉村建築用地,216,1,持分移轉,05290000
SPQNMLNKKHKGFET86DA,後壁湖段,.88,都市：其他:鄉村建築用地,216,1,持分移轉,05300001
SPQNMLNKKHKGFET86DA,後壁湖段,2.74,都市：其他:鄉村建築用地,216,1,持分移轉,05300002
TPQNMLNKKHKGFET96DA,後壁湖段,9.32,都市：其他:鄉村建築用地,216,1,持分移轉,05290000
TPQNMLNKKHKGFET96DA,後壁湖段,.88,都市：其他:鄉村建築用地,216,1,持分移轉,05300001
TPQNMLNKKHKGFET96DA,後壁湖段,2.74,都市：其他:鄉村建築用地,216,1,持分移轉,05300002
RPPNMLRKKHKGFET07DA,牡丹段,16160.00,非都市：山坡地保育區 ; 非都市編定：農牧用地,1,1,全筆移轉,07520000
RPQNMLQJKHKGFAT56DA,九平段,75.75,都市：其他:住宅區,1,1,全筆移轉,03760013
RPVOMLOKKHKGFAT07DA,北勢段,41.00,都市：其他:住宅區,1,1,全筆移轉,03140000
RPTNMLOKKHKGFAT86EA,大埔段三小段,60.00,都市：其他:住宅區,1,1,全筆移轉,08450000
RPPNMLNLJHKGFAT88DA,民和段,150.00,都市：其他:住宅區,1,1,全筆移轉,00770000
RPPOMLNLJHKGFAT98DA,勝興段,69.00,都市：其他:住宅區,1,1,全筆移轉,16500000
RPXNMLQKJHKGFAT27DA,大進段,38.46,非都市：一般農業區 ; 非都市編定：甲種建築用地,1000000,26413,持分移轉,02790000
RPRNMLLKKHKGFBT98DA,新德段,130.57,非都市：一般農業區 ; 非都市編定：農牧用地,21250,132,持分移轉,07450000
RPPNMLNKKHKGFBT98DA,振北段,7846.13,非都市：一般農業區 ; 非都市編定：農牧用地,1,1,全筆移轉,02900000
RPWNMLNKKHKGFCT17DA,見月段,971.12,非都市：一般農業區 ; 非都市編定：農牧用地,1,1,全筆移轉,03570000
RPWNMLNKKHKGFCT17DA,見月段,5459.06,非都市：一般農業區 ; 非都市編定：農牧用地,1,1,全筆移轉,04280000
RPSNMLKKKHKGFDT56DA,新洋段,499.84,非都市：特定農業區 ; 非都市編定：農牧用地,100,22,持分移轉,06090000
RPSNMLKKKHKGFDT56DA,新洋段,499.84,非都市：特定農業區 ; 非都市編定：農牧用地,100,22,持分移轉,06100000
RPSNMLSKKHKGFDT37DA,福德段,77.06,都市：其他:住宅區,1,1,全筆移轉,12460000
RPQNMLOJKHKGFET76DA,城西段,150.86,都市：其他:道路用地,1,1,全筆移轉,11330000
RPRNMLOKKHKGFET96DA,僑勇段,678.07,都市：其他:道路用地,3,2,持分移轉,06320000
RPRNMLOKKHKGFET96DA,僑勇段,66.98,都市：其他:道路用地,3,2,持分移轉,06920000
RPRNMLOKKHKGFET96DA,僑勇段,107.31,都市：其他:住宅區,6,2,持分移轉,07140000
SPRNMLOKKHKGFET07DA,僑勇段,678.07,都市：其他:道路用地,3,2,持分移轉,06320000
SPRNMLOKKHKGFET07DA,僑勇段,66.98,都市：其他:道路用地,3,2,持分移轉,06920000
SPRNMLOKKHKGFET07DA,僑勇段,107.31,都市：其他:住宅區,6,2,持分移轉,07140000
TPRNMLOKKHKGFET17DA,僑勇段,678.07,都市：其他:道路用地,3,2,持分移轉,06320000
TPRNMLOKKHKGFET17DA,僑勇段,66.98,都市：其他:道路用地,3,2,持分移轉,06920000
TPRNMLOKKHKGFET17DA,僑勇段,107.31,都市：其他:住宅區,6,2,持分移轉,07140000
RPQOMLNJKHKGFAT98DA,社上段,.34,非都市：鄉村區 ; 非都市編定：乙種建築用地,140721,94,持分移轉,11720010
RPQOMLNJKHKGFAT98DA,社上段,.26,非都市：鄉村區 ; 非都市編定：乙種建築用地,140721,94,持分移轉,11720025
RPQOMLNJKHKGFAT98DA,社上段,36.65,非都市：鄉村區 ; 非都市編定：乙種建築用地,10000,206,持分移轉,11730009
RPQOMLNJKHKGFAT98DA,社上段,1.99,非都市：鄉村區 ; 非都市編定：乙種建築用地,10000,206,持分移轉,11730010
RPQOMLNJKHKGFAT98DA,社上段,11.82,非都市：鄉村區 ; 非都市編定：乙種建築用地,98532,1182,持分移轉,11730012
RPSNMLRKKHKGFET37DA,德和段,116.92,非都市：一般農業區 ; 非都市編定：甲種建築用地,1,1,全筆移轉,00880010
RPSNMLRKKHKGFET37DA,德和段,49.27,非都市：一般農業區 ; 非都市編定：甲種建築用地,11,1,持分移轉,00880012
RPSNMLRKKHKGFET37DA,德和段,40.47,非都市：一般農業區 ; 非都市編定：農牧用地,3168,67,持分移轉,00890000
RPTNMLRKKHKGFET47DA,德和段,111.72,非都市：一般農業區 ; 非都市編定：甲種建築用地,1,1,全筆移轉,00880009
RPTNMLRKKHKGFET47DA,德和段,49.27,非都市：一般農業區 ; 非都市編定：甲種建築用地,11,1,持分移轉,00880012
RPTNMLRKKHKGFET47DA,德和段,40.47,非都市：一般農業區 ; 非都市編定：農牧用地,3168,67,持分移轉,00890000
RPRPMLPKJHKGFAT76DA,田厝段,.38,非都市：鄉村區 ; 非都市編定：乙種建築用地,16,1,持分移轉,19660017
RPRPMLPKJHKGFAT76DA,田厝段,22.00,非都市：鄉村區 ; 非都市編定：乙種建築用地,13,1,持分移轉,19660018
RPRPMLPKJHKGFAT76DA,田厝段,60.00,非都市：鄉村區 ; 非都市編定：乙種建築用地,1,1,全筆移轉,19660022
RPQNMLOLJHKGFAT09DA,麟孝段,90.41,都市：其他:住宅區,1,1,全筆移轉,06680000
RPQNMLOLJHKGFAT09DA,麟孝段,111.85,都市：其他:住宅區,1,1,全筆移轉,06690000
RPVNMLOLJHKGFAT96DA,大進段,23.46,非都市：一般農業區 ; 非都市編定：甲種建築用地,1000000,16110,持分移轉,02790000
RPSNMLLMKIJGFAT56DA,九和段,113.99,都市：其他:住宅區,1,1,全筆移轉,07290009
RPRNMLOKKHKGFCT76DA,龍潭段,94.73,都市：其他:農業區,2,1,持分移轉,00720000
RPRNMLOKKHKGFCT76DA,龍潭段,24.80,都市：其他:住宅區,2,1,持分移轉,00760000
RPRNMLOKKHKGFCT76DA,龍潭段,268.03,都市：其他:農業區,2,1,持分移轉,00770000
RPWNMLRKKHKGFCT57DA,大同段,2863.88,非都市：一般農業區 ; 非都市編定：農牧用地,1,1,全筆移轉,01520003
RPRNMLRKKHKGFCT07DA,光明段,16.81,都市：其他:道路用地,1,1,全筆移轉,05610000
RPRNMLRKKHKGFCT07DA,光明段,150.19,都市：其他:住宅區,1,1,全筆移轉,05630000
RPQNMLOKKHKGFCT66DA,上龍泉段,20.15,都市：其他:道路用地,1,1,全筆移轉,09650000
RPQNMLOKKHKGFCT66DA,上龍泉段,151.32,都市：其他:住宅區,1,1,全筆移轉,09660000
RPQNMLPKKHKGFCT76DA,豐田段,294.44,都市：其他:農業區,1,1,全筆移轉,07220007
RPSNMLSJKHKGFCT17DA,新東段,390.01,都市：其他:農業區,1,1,全筆移轉,01930001
RPRNMLKKKHKGFCT98DA,新光華段,82.18,都市：其他:住宅區,1,1,全筆移轉,06500000
RPQNMLSJKHKGFCT07EA,鳳新段,2988.29,非都市：特定農業區 ; 非都市編定：農牧用地,1,1,全筆移轉,10980000
RPVNMLKKKHKGFCT76DA,美崙段,71.00,非都市：鄉村區 ; 非都市編定：乙種建築用地,1,1,全筆移轉,04930000
RPSNMLSJKHKGFDT27DA,仙吉段,64.67,都市：其他:農業區,79862,6467,持分移轉,01260000
RPSNMLSJKHKGFDT27DA,仙吉段,250.35,,1,1,全筆移轉,01260005
RPPNMLKKKHKGFFT56EA,內寮村段,816.71,非都市：一般農業區 ; 非都市編定：農牧用地,1,1,全筆移轉,00470000
RPSNMLSJKHKGFET37DA,新車城段,3088.25,非都市：一般農業區 ; 非都市編定：農牧用地,1,1,全筆移轉,06900001
RPWNMLRJKHKGFAT27DA,勝興段,12.65,都市：其他:住宅區,100000,32,持分移轉,00580000
RPWNMLOJKHKGFCT17DA,榮田段,79.78,都市：其他:住宅區,1,1,全筆移轉,00260000
RPUNMLNLJHKGFAT76DA,廣興段,22.48,非都市：鄉村區 ; 非都市編定：乙種建築用地,1000000,10703,持分移轉,10110000
RPPNMLSJKHKGFET07DA,一心段,1629.53,非都市：國家公園區 ; 非都市編定：,1,1,全筆移轉,09690000
RPVNMLSJKHKGFDT57DA,仙隆段,907.69,都市：其他:農業區,1,1,全筆移轉,01270000
RPXNMLSJKHKGFDT77DA,大南段,162.62,都市：其他:住宅區,4,1,持分移轉,02110000
RPXNMLSJKHKGFDT77DA,大南段,1715.73,都市：其他:保護區,4,1,持分移轉,02120000
RPXNMLSJKHKGFDT77DA,大南段,42.95,都市：其他:停車場用地,4,1,持分移轉,02130000
RPXNMLSJKHKGFDT77DA,大南段,53.95,都市：其他:停車場用地,4,1,持分移轉,02140000
RPXNMLSJKHKGFDT77DA,大南段,201.31,都市：其他:停車場用地,4,1,持分移轉,02150000
RPXNMLSJKHKGFDT77DA,大南段,55.60,都市：其他:道路用地,4,1,持分移轉,02160000
RPXNMLSJKHKGFDT77DA,大南段,5.47,都市：其他:住宅區,4,1,持分移轉,02170000
RPTNMLKLJHKGFDT66DA,仙吉段,17.87,都市：其他:農業區,798620,17870,持分移轉,01260000
RPTNMLKLJHKGFDT66DA,仙吉段,69.18,都市：其他:農業區,1,1,全筆移轉,01260003
RPPNMLKKKHKGFAT68EA,街頭段四小段,9.00,都市：其他:道路用地,7,1,持分移轉,01170000
RPQNMLRJKHKGFAT76EA,新鐘段,240.20,非都市：一般農業區 ; 非都市編定：農牧用地,20076,8460,持分移轉,08640001
RPRNMLLKKHKGFAT88DA,洛陽段,77.00,都市：其他:道路用地,1,1,全筆移轉,12130002
RPQNMLLKKHKGFAT78DA,寶厝段,23.10,都市：其他:住宅區,10000,179,持分移轉,07150040
RPQNMLMKKHKGFCT09DA,見月段,1714.62,非都市：工業區 ; 非都市編定：丁種建築用地,1,1,全筆移轉,00670000
RPQNMLMKKHKGFCT09DA,見月段,442.09,非都市：工業區 ; 非都市編定：丁種建築用地,1,1,全筆移轉,00680000
RPQNMLMKKHKGFCT09DA,見月段,373.66,非都市：工業區 ; 非都市編定：丁種建築用地,1,1,全筆移轉,00690000
RPWNMLSJKHKGFDT67DA,本漁段,365.25,都市：其他:機關用地,90,5,持分移轉,09250000
RPWNMLSJKHKGFDT67DA,本漁段,.04,都市：其他:道路用地,90,5,持分移轉,09250001
RPQNMLNKKHKGFBT56EA,載興段,29.08,非都市：鄉村區 ; 非都市編定：交通用地,1,1,全筆移轉,06720003
RPPNMLLKKHKGFET09DA,城南段,52.56,都市：其他:商業區,10000,2555,持分移轉,06470000
RPVNMLQKJHKGFAT07DA,大進段,35.56,非都市：一般農業區 ; 非都市編定：甲種建築用地,1000000,24423,持分移轉,02790000
RPPOMLKKKHKGFAT68DA,九和段,35.56,都市：其他:住宅區,10000,862,持分移轉,11560000
RPPOMLKKKHKGFAT68DA,九和段,28.55,都市：其他:道路用地,24,1,持分移轉,11790000
RPWNMLOLJHKGFAT07DA,大進段,36.64,非都市：一般農業區 ; 非都市編定：甲種建築用地,1000000,25167,持分移轉,02790000
RPRNMLMKKHKGFAT98DA,忠孝段,55.87,都市：其他:住宅區,1,1,全筆移轉,04580000
RPRNMLMKKHKGFAT98DA,忠孝段,20.47,都市：其他:住宅區,1,1,全筆移轉,04590000
RPQNMLOJKHKGFCT56DA,新勢段,2577.00,非都市：特定農業區 ; 非都市編定：農牧用地,1,1,全筆移轉,04200000
RPPNMLLKKHKGFCT88DA,興義段,104.24,非都市：鄉村區 ; 非都市編定：乙種建築用地,1,1,全筆移轉,02630003
RPTNMLLKKIJGFCT66DA,中洲段,68.96,都市：其他:住宅區,1,1,全筆移轉,07280000
RPXPMLPKJHKGFAT37DA,麟仁段,79.71,都市：其他:農業區,84118,7971,持分移轉,09940000
RPXPMLPKJHKGFAT37DA,麟仁段,258.98,都市：其他:農業區,1,1,全筆移轉,09940009
RPQNMLKKKHKGFDT98DA,東新段,55.03,都市：其他:住宅區,81150,527,持分移轉,11720000
RPSNMLKKKHKGFAT88DA,林內段,45.61,都市：其他:住宅區,100000,81,持分移轉,14240000
RPROMLKKKHKGFAT88DA,瑞光段,79.00,都市：其他:住宅區,1,1,全筆移轉,04630000
RPPNMLMKKHKGFBT88DA,永隆段,781.17,非都市：一般農業區 ; 非都市編定：農牧用地,1,1,全筆移轉,07520000
RPTNMLNKKHKGFBT76DA,大港洋段,72.00,都市：其他:農業區,2,1,持分移轉,15480002
RPUNMLKKKHKGFAT09DA,田厝段,79.00,非都市：鄉村區 ; 非都市編定：乙種建築用地,1,1,全筆移轉,01230019
RPUNMLKKKHKGFAT09DA,田厝段,28.42,非都市：鄉村區 ; 非都市編定：乙種建築用地,12,1,持分移轉,01230021
RPOOMLKKKHKGFAT58DA,勝興段,17.79,都市：其他:住宅區,100000,45,持分移轉,00580000
RPTNMLRJKHKGFCT17DA,美和段,85.00,非都市：鄉村區 ; 非都市編定：乙種建築用地,1,1,全筆移轉,10940004
RPTNMLRJKHKGFCT17DA,美和段,28.00,非都市：鄉村區 ; 非都市編定：乙種建築用地,1,1,全筆移轉,10940010
RPPNMLOKKHKGFCT56DA,大興段,3641.40,非都市：一般農業區 ; 非都市編定：農牧用地,1,1,全筆移轉,10510000
RPUNMLOKKHKGFCT07DA,五魁寮段一小段,88.00,都市：其他:住宅區,1,1,全筆移轉,01100000
RPQNMLRKKHKGFCT96DA,隘寮段,151.00,非都市：一般農業區 ; 非都市編定：甲種建築用地,1,1,全筆移轉,07970091
RPTNMLNJJHKGFAT09DA,社上段,.34,非都市：鄉村區 ; 非都市編定：乙種建築用地,140721,94,持分移轉,11720010
RPTNMLNJJHKGFAT09DA,社上段,.26,非都市：鄉村區 ; 非都市編定：乙種建築用地,140721,94,持分移轉,11720025
RPTNMLNJJHKGFAT09DA,社上段,36.65,非都市：鄉村區 ; 非都市編定：乙種建築用地,10000,206,持分移轉,11730009
RPTNMLNJJHKGFAT09DA,社上段,1.99,非都市：鄉村區 ; 非都市編定：乙種建築用地,10000,206,持分移轉,11730010
RPTNMLNJJHKGFAT09DA,社上段,11.82,非都市：鄉村區 ; 非都市編定：乙種建築用地,98532,1182,持分移轉,11730012
RPPNMLMKKHKGFFT66DA,竹坑段,5140.00,非都市：山坡地保育區 ; 非都市編定：林業用地,1,1,全筆移轉,00790000
RPPNMLOKKHKGFCT66EA,圳頭段,2517.75,非都市：一般農業區 ; 非都市編定：農牧用地,1,1,全筆移轉,05740002
RPUNMLNJKHKGFAT66DA,香揚段,28.12,都市：其他:住宅區,10000,266,持分移轉,07010000
RPPNMLRKKHKGFCT86DA,興義段,87.38,非都市：鄉村區 ; 非都市編定：乙種建築用地,1,1,全筆移轉,08850000
RPPNMLRKKHKGFCT86DA,興義段,4.05,非都市：鄉村區 ; 非都市編定：乙種建築用地,1,1,全筆移轉,08860000
RPQNMLOKKHKGFDT76DA,頂安段,128.17,都市：其他:住宅區,1,1,全筆移轉,06800039
RPPNMLNJJHKGFBT78DA,振北段,3906.02,非都市：一般農業區 ; 非都市編定：農牧用地,1,1,全筆移轉,06590000
RPSNMLTKKHKGFAT17DA,斯文段,87.00,都市：其他:住宅區,1,1,全筆移轉,02270000
RPUOMLLLJHKGFAT66DA,麟孝段,52.53,都市：其他:農業區,10000,302,持分移轉,02940000
RPUOMLLLJHKGFAT66DA,麟孝段,257.51,都市：其他:農業區,1,1,全筆移轉,02940010
RPRQMLPJKHKGFAT86DA,溝美段,.38,都市：其他:道路用地,10000,139,持分移轉,08240036
RPRQMLPJKHKGFAT86DA,溝美段,21.49,都市：其他:住宅區,10000,139,持分移轉,08280016
RPQNMLKKKHKGFBT78DA,洛陽段,1267.83,非都市：一般農業區 ; 非都市編定：農牧用地,1,1,全筆移轉,02250000
RPQNMLKKKHKGFBT78DA,洛陽段,5175.58,非都市：一般農業區 ; 非都市編定：農牧用地,1,1,全筆移轉,02260000
RPXNMLLKKIJGFAT86DA,檳榔腳段二小段,169.00,都市：其他:住宅區,1,1,全筆移轉,10180000
RPQNMLSJKHKGFCT96DA,五魁寮段一小段,25.54,都市：其他:住宅區,10000,166,持分移轉,01960000
RPXNMLKMKIJGFCT17DA,鳳新段,993.88,非都市：一般農業區 ; 非都市編定：農牧用地,1,1,全筆移轉,05580000
RPXNMLKMKIJGFCT17DA,鳳新段,777.24,非都市：一般農業區 ; 非都市編定：農牧用地,1,1,全筆移轉,05610000
RPPNMLRKKHKGFAT76EA,農場段,2534.32,非都市：一般農業區 ; 非都市編定：農牧用地,1,1,全筆移轉,00890000
RPRNMLPJKHKGFDT86DA,仙吉段,72.06,都市：其他:農業區,798620,72060,持分移轉,01260000
RPRNMLPJKHKGFDT86DA,仙吉段,278.94,都市：其他:農業區,1,1,全筆移轉,01260010
RPQNMLRKKHKGFAT86EA,水仙段,691.10,非都市：特定農業區 ; 非都市編定：農牧用地,100,89,持分移轉,02330000
RPPNMLRKKHKGFFT27EA,佳和段,669.60,非都市：一般農業區 ; 非都市編定：農牧用地,10,2,持分移轉,14060000
RPPNMLTLKIJGFET37DA,東源段,12095.00,非都市：山坡地保育區 ; 非都市編定：農牧用地,1,1,全筆移轉,17480001
RPPNMLTLKIJGFET37DA,東源段,29987.00,非都市：山坡地保育區 ; 非都市編定：農牧用地,1,1,全筆移轉,17510010
RPQOMLRJJHKGFCT86DA,赤新段,273.63,非都市：一般農業區 ; 非都市編定：農牧用地,1000000,98557,持分移轉,05810000
RPQOMLRJJHKGFCT86DA,赤新段,2576.46,非都市：一般農業區 ; 非都市編定：農牧用地,1,1,全筆移轉,06560000
RPWNMLNLJHKGFAT96DA,水源段一小段,108.00,都市：其他:住宅區,1,1,全筆移轉,00910023
RPPNMLKKKHKGFAT58DA,萬年段,84.00,都市：其他:住宅區,1,1,全筆移轉,07010000
RPQNMLRKKHKGFAT76DA,九和段,102.07,都市：其他:住宅區,1,1,全筆移轉,01540006
RPQNMLRKKHKGFAT76DA,九和段,9.75,都市：其他:住宅區,14,1,持分移轉,01540015
RPQNMLRKKHKGFAT76DA,九和段,14.53,都市：其他:道路用地,38,1,持分移轉,01570001
RPRNMLRKKHKGFAT86DA,麟義段,363.25,都市：其他:農業區,1,1,全筆移轉,00960006
RPRNMLRKKHKGFAT86DA,麟義段,38.54,都市：其他:農業區,3000000,479439,持分移轉,00960010
RPRNMLRKKHKGFAT86DA,麟和段,297.92,非都市：一般農業區 ; 非都市編定：農牧用地,50362,29792,持分移轉,04480001
RPSNMLRKKHKGFAT96DA,麟義段,285.69,都市：其他:農業區,1,1,全筆移轉,00960008
RPSNMLRKKHKGFAT96DA,麟義段,38.54,都市：其他:農業區,3000000,479439,持分移轉,00960010
RPSNMLRKKHKGFAT96DA,麟和段,428.50,非都市：一般農業區 ; 非都市編定：農牧用地,1,1,全筆移轉,04480000
RPUNMLRKKHKGFAT17DA,麟義段,402.03,都市：其他:農業區,1,1,全筆移轉,00960005
RPUNMLRKKHKGFAT17DA,麟義段,38.54,都市：其他:農業區,3000000,479439,持分移轉,00960010
RPUNMLRKKHKGFAT17DA,麟和段,99.38,非都市：一般農業區 ; 非都市編定：農牧用地,50362,9938,持分移轉,04480001
RPUNMLNJJHKGFDT86DA,白沙段,22.22,都市：其他:商業區,720,8,持分移轉,07200000
RPWNMLRKKHKGFAT37DA,麟義段,324.47,都市：其他:農業區,1,1,全筆移轉,00960007
RPWNMLRKKHKGFAT37DA,麟義段,38.54,都市：其他:農業區,3000000,479439,持分移轉,00960010
RPOOMLNKJHKGFAT78DA,瑞光段,217.00,都市：其他:住宅區,1,1,全筆移轉,03200001
RPOOMLNKJHKGFAT78DA,瑞光段,11.00,都市：其他:住宅區,1,1,全筆移轉,03200003
RPUNMLNJKHKGFDT96DA,仙隆段,52.73,都市：其他:乙種工業區,143775,5273,持分移轉,00350000
RPUNMLNJKHKGFDT96DA,仙隆段,413.16,都市：其他:乙種工業區,1,1,全筆移轉,00350013
RPXNMLRKKHKGFAT47DA,麟義段,440.81,都市：其他:農業區,1,1,全筆移轉,00960002
RPXNMLRKKHKGFAT47DA,麟義段,38.54,都市：其他:農業區,3000000,479439,持分移轉,00960010
RPXNMLRKKHKGFAT47DA,麟和段,106.32,非都市：一般農業區 ; 非都市編定：農牧用地,50362,10632,持分移轉,04480001
RPPNMLKKKHKGFDT88DA,白沙段,68.85,都市：其他:住宅區,120,18,持分移轉,01400000
RPPNMLKKKHKGFDT88DA,白沙段,30.07,都市：其他:住宅區,120,18,持分移轉,01550000
RPPNMLSKKHKGFAT86EA,萬興段,1466.00,非都市：特定農業區 ; 非都市編定：農牧用地,1,1,全筆移轉,01880000
RPPNMLSKKHKGFAT86EA,萬興段,1163.00,非都市：特定農業區 ; 非都市編定：農牧用地,1,1,全筆移轉,01890000
RPTOMLPKJHKGFAT86DA,勝興段,17.71,都市：其他:住宅區,100000,948,持分移轉,00580002
RPOPMLQJJHKGFAT09DA,瑞光段,22.93,都市：其他:住宅區,100000,1932,持分移轉,04750029
RPQNMLRKKIJGFCT96DA,五福段,48.43,都市：其他:住宅區,24,1,持分移轉,03890002
RPTNMLLLJHKGFAT09DA,民生段,102.00,都市：其他:住宅區,1,1,全筆移轉,07060000
RPTNMLLLJHKGFAT09DA,民生段,49.00,都市：其他:住宅區,1,1,全筆移轉,07070000
RPPNMLSJKHKGFAT66DA,玄聖段,215.17,非都市：一般農業區 ; 非都市編定：農牧用地,5,1,持分移轉,03280007
RPPNMLSJKHKGFAT66DA,玄聖段,2514.79,非都市：一般農業區 ; 非都市編定：農牧用地,1,1,全筆移轉,03290001
RPWNMLOLKIJGFAT17DA,水源段二小段,38.10,都市：其他:住宅區,40,2,持分移轉,02370000
RPWNMLLKKHKGFAT76DA,新安段,3.71,非都市：一般農業區 ; 非都市編定：丁種建築用地,18000,371,持分移轉,14480005
RPWNMLLKKHKGFAT76DA,新安段,5.68,非都市：一般農業區 ; 非都市編定：丁種建築用地,27600,568,持分移轉,14480006
RPWNMLLKKHKGFAT76DA,新安段,285.00,非都市：一般農業區 ; 非都市編定：丁種建築用地,1,1,全筆移轉,14480018
RPWNMLLKKHKGFAT76DA,新安段,47.16,非都市：一般農業區 ; 非都市編定：丁種建築用地,78500,4716,持分移轉,14480023
RPRNMLRKKIJGFAT86DA,勝興段,37.05,都市：其他:住宅區,1000000,15270,持分移轉,07320000
RPRNMLRKKIJGFAT86DA,勝興段,2.02,都市：其他:住宅區,1000000,15270,持分移轉,07330002
RPUNMLKKKHKGFCT66DA,光春段,98.85,非都市：一般農業區 ; 非都市編定：農牧用地,1,1,全筆移轉,02260000
RPUNMLKKKHKGFCT66DA,光春段,93.89,非都市：一般農業區 ; 非都市編定：農牧用地,1,1,全筆移轉,02270000
RPVNMLLLJHKGFAT66DA,萬年段,91.00,都市：其他:住宅區,1,1,全筆移轉,02790004
RPQNMLSJKHKGFAT76DA,萬年段,59.00,都市：其他:住宅區,1,1,全筆移轉,11310005
RPPNMLKKKHKGFBT68DA,富貴段,205.56,非都市：一般農業區 ; 非都市編定：農牧用地,1,1,全筆移轉,00110000
RPPNMLKKKHKGFBT68DA,富貴段,488.87,非都市：一般農業區 ; 非都市編定：農牧用地,1,1,全筆移轉,00120000
RPPNMLKKKHKGFBT68DA,富貴段,290.84,非都市：一般農業區 ; 非都市編定：農牧用地,1,1,全筆移轉,00130000
RPUNMLSJKHKGFCT37DA,八壽段,158.25,非都市：一般農業區 ; 非都市編定：甲種建築用地,20000,1058,持分移轉,03700000
RPVOMLTJJHKGFAT37DA,麟義段,271.07,都市：其他:農業區,1,1,全筆移轉,01490006
RPWOMLTJJHKGFAT47DA,麟義段,111.39,都市：其他:農業區,1000,88,持分移轉,01490000
RPWNMLKKKHKGFCT86DA,國中段,154.01,都市：其他:住宅區,1,1,全筆移轉,06490000
RPTNMLLKKHKGFCT66DA,新東段,326.34,都市：其他:農業區,1,1,全筆移轉,02090006
RPPNMLOJKHKGFDT66EA,興厝段,253.77,都市：其他:住宅區,1,1,全筆移轉,04430000
RPPNMLLKKHKGFFT66EA,塭豐段,64.00,非都市：一般農業區 ; 非都市編定：水利用地,1,1,全筆移轉,21990001
RPPNMLLKKHKGFFT66EA,塭豐段,63.00,非都市：一般農業區 ; 非都市編定：水利用地,1,1,全筆移轉,21990002
RPXNMLOLKIJGFAT27DA,水泉段,3115.14,都市：其他:農業區,1,1,全筆移轉,02970000
RPRNMLQKJHKGFCT86DA,鳳新段,2697.77,非都市：特定農業區 ; 非都市編定：農牧用地,1,1,全筆移轉,09100000
RPWOMLQJJHKGFAT17DA,九和段,34.57,都市：其他:住宅區,10000,838,持分移轉,11560000
RPWOMLQJJHKGFAT17DA,九和段,28.55,都市：其他:道路用地,24,1,持分移轉,11790000
RPPNMLLKKHKGFCT98EA,四塊厝段,15.07,非都市：鄉村區 ; 非都市編定：乙種建築用地,17,1,持分移轉,04400000
RPPNMLLKKHKGFCT98EA,四塊厝段,57.51,非都市：鄉村區 ; 非都市編定：乙種建築用地,1,1,全筆移轉,04400016
RPPNMLLKKHKGFCT98EA,四塊厝段,.67,非都市：鄉村區 ; 非都市編定：乙種建築用地,17,1,持分移轉,04400023
RPROMLNJKHKGFAT09DA,頂新段,1482.50,非都市：特定農業區 ; 非都市編定：農牧用地,1,1,全筆移轉,07390000
RPQOMLMLJHKGFAT98DA,林內段,42.79,都市：其他:住宅區,100000,76,持分移轉,14240000
RPSNMLQLKIJGFAT96DA,新安段,3.17,非都市：一般農業區 ; 非都市編定：丁種建築用地,18000,317,持分移轉,14480005
RPSNMLQLKIJGFAT96DA,新安段,4.87,非都市：一般農業區 ; 非都市編定：丁種建築用地,27600,487,持分移轉,14480006
RPSNMLQLKIJGFAT96DA,新安段,244.00,非都市：一般農業區 ; 非都市編定：丁種建築用地,1,1,全筆移轉,14480010
RPSNMLQLKIJGFAT96DA,新安段,40.38,非都市：一般農業區 ; 非都市編定：丁種建築用地,78500,4038,持分移轉,14480023
RPUNMLMKKHKGFAT66DA,萬生段,38.00,都市：其他:住宅區,1,1,全筆移轉,04680008
RPUNMLMKKHKGFAT66DA,萬生段,35.00,都市：其他:住宅區,1,1,全筆移轉,04690026
RPXNMLOKKHKGFCT37DA,南豐段,26.09,非都市：鄉村區 ; 非都市編定：乙種建築用地,1000,38,持分移轉,03220000
RPXNMLOKKHKGFCT37DA,南豐段,86.12,非都市：鄉村區 ; 非都市編定：乙種建築用地,1,1,全筆移轉,03280000
RPPNMLMKKHKGFET56DA,德和段,40.93,非都市：鄉村區 ; 非都市編定：乙種建築用地,100000,4378,持分移轉,02750000
RPPNMLMKKHKGFET56DA,德和段,4.65,非都市：鄉村區 ; 非都市編定：乙種建築用地,386000000,4461184,持分移轉,02750010
RPPNMLMKKHKGFET56DA,德和段,.13,非都市：鄉村區 ; 非都市編定：乙種建築用地,165980,1831,持分移轉,02750011
RPTOMLOKKHKGFAT86DA,水泉段,153.21,都市：其他:住宅區,1,1,全筆移轉,07090006
RPRNMLOKKHKGFDT86DA,頂義段,268.13,都市：其他:農業區,1,1,全筆移轉,01370012
SPRNMLOKKHKGFDT96DA,頂義段,41.10,都市：其他:農業區,10,1,持分移轉,01370000
RPQNMLKKKHKGFAT78EA,崙頂段,1196.00,非都市：一般農業區 ; 非都市編定：農牧用地,1,1,全筆移轉,03400000
RPQNMLKKKHKGFAT78EA,崙頂段,1833.00,非都市：一般農業區 ; 非都市編定：農牧用地,1,1,全筆移轉,03410000
RPQNMLKKKHKGFAT78EA,崙頂段,1005.00,非都市：一般農業區 ; 非都市編定：農牧用地,1,1,全筆移轉,03420000
RPTNMLRKKHKGFAT07DA,大進段,76.95,非都市：鄉村區 ; 非都市編定：乙種建築用地,1,1,全筆移轉,09330000
RPUNMLRKKHKGFCT37DA,南寧段,62.93,都市：其他:道路用地,1,1,全筆移轉,11310000
RPUNMLRKKHKGFCT37DA,南寧段,541.02,都市：其他:住宅區,1,1,全筆移轉,11330000
SPQNMLKKJHKGFCT88DA,五魁段,26.94,都市：其他:農業區,22,1,持分移轉,03370028
RPQNMLKKJHKGFCT78DA,五魁段,240.00,都市：其他:農業區,1,1,全筆移轉,03370012
RPQOMLTJJHKGFAT86DA,北勢段,1.00,都市：其他:住宅區,1000000,23268,持分移轉,06750000
RPQOMLTJJHKGFAT86DA,北勢段,44.23,都市：其他:住宅區,1000000,23268,持分移轉,06760000
RPROMLTJJHKGFAT96DA,北勢段,1.00,都市：其他:住宅區,1000000,23268,持分移轉,06750000
RPROMLTJJHKGFAT96DA,北勢段,44.23,都市：其他:住宅區,1000000,23268,持分移轉,06760000
RPPNMLRJKHKGFDT86DA,龍帝段,283.37,非都市：一般農業區 ; 非都市編定：丁種建築用地,1,1,全筆移轉,03590131
RPOPMLKKKIJGFAT68DA,九平段,79.80,都市：其他:住宅區,1,1,全筆移轉,00870001
RPPNMLLKKHKGFAT78EA,九智段,79.15,都市：其他:住宅區,1,1,全筆移轉,08200007
RPXNMLMLJHKGFCT17DA,三星段,98.72,都市：其他:住宅區,1,1,全筆移轉,06570000
RPUNMLPKJHKGFDT17DA,新帝段一小段,124.37,都市：其他:住宅區,49075,12437,持分移轉,00200000
RPRNMLTJJHKGFAT86DA,北勢段,1.00,都市：其他:住宅區,1000000,23268,持分移轉,06750000
RPRNMLTJJHKGFAT86DA,北勢段,44.23,都市：其他:住宅區,1000000,23268,持分移轉,06760000
RPRNMLMKKHKGFDT66DA,新帝段,65.58,都市：其他:住宅區,1,1,全筆移轉,06640000
RPUNMLTKJIJGFCT47DA,五魁寮段一小段,78.00,都市：其他:住宅區,1,1,全筆移轉,01880002
RPPNMLMKKHKGFCT98DA,光華段,19.02,都市：其他:住宅區,10000,101,持分移轉,11100000
RPOPMLTJKIJGFAT86DA,洛陽段,5.30,都市：其他:住宅區,1000000,3700,持分移轉,05810000
RPOPMLTJKIJGFAT86DA,洛陽段,18.00,都市：其他:住宅區,2400,100,持分移轉,05820016
RPOPMLTJKIJGFAT86DA,洛陽段,79.00,都市：其他:住宅區,1,1,全筆移轉,05970025
RPVNMLKLJHKGFAT56DA,北勢段,.69,都市：其他:住宅區,1000000,15964,持分移轉,06750000
RPVNMLKLJHKGFAT56DA,北勢段,30.35,都市：其他:住宅區,1000000,15964,持分移轉,06760000
RPWNMLMKKHKGFDT17DA,相埔段,197.88,都市：其他:住宅區,1,1,全筆移轉,07000000
RPSPMLNKKHKGFAT76DA,大進段,1301.57,非都市：一般農業區 ; 非都市編定：農牧用地,2,1,持分移轉,08150000
RPUNMLLKKHKGFCT76DA,萬金段,934.58,非都市：一般農業區 ; 非都市編定：農牧用地,1,1,全筆移轉,03400001
RPUNMLLKKHKGFCT76DA,萬金段,1090.34,非都市：一般農業區 ; 非都市編定：農牧用地,1,1,全筆移轉,03400002
RPUNMLLKKHKGFCT76DA,萬金段,623.05,非都市：一般農業區 ; 非都市編定：農牧用地,1,1,全筆移轉,03400003
RPUNMLLKKHKGFCT76DA,萬金段,467.29,非都市：一般農業區 ; 非都市編定：農牧用地,1,1,全筆移轉,03400004
RPUNMLLKKHKGFCT76DA,萬金段,155.76,非都市：一般農業區 ; 非都市編定：農牧用地,1,1,全筆移轉,03400005
RPSQMLNJJHKGFAT66DA,瑞光段,2.85,都市：其他:住宅區,10000,30,持分移轉,05770001
RPSQMLNJJHKGFAT66DA,瑞光段,30.12,都市：其他:住宅區,10000,124,持分移轉,05780001
RPQNMLLLIIJGFDT98DA,大南段,54.21,都市：其他:住宅區,12,1,持分移轉,02110000
RPQNMLLLIIJGFDT98DA,大南段,571.91,都市：其他:保護區,12,1,持分移轉,02120000
RPQNMLLLIIJGFDT98DA,大南段,14.32,都市：其他:停車場用地,12,1,持分移轉,02130000
RPQNMLLLIIJGFDT98DA,大南段,17.98,都市：其他:停車場用地,12,1,持分移轉,02140000
RPQNMLLLIIJGFDT98DA,大南段,67.10,都市：其他:停車場用地,12,1,持分移轉,02150000
RPQNMLLLIIJGFDT98DA,大南段,18.54,都市：其他:道路用地,12,1,持分移轉,02160000
RPQNMLLLIIJGFDT98DA,大南段,1.82,都市：其他:住宅區,12,1,持分移轉,02170000
RPUNMLOJKHKGFET17DA,德和段,40.83,非都市：鄉村區 ; 非都市編定：乙種建築用地,100000,4367,持分移轉,02750000
RPUNMLOJKHKGFET17DA,德和段,4.64,非都市：鄉村區 ; 非都市編定：乙種建築用地,386000000,4449972,持分移轉,02750010
RPUNMLOJKHKGFET17DA,德和段,.13,非都市：鄉村區 ; 非都市編定：乙種建築用地,165980,1831,持分移轉,02750011
RPTNMLSJKHKGFAT07DA,德華段,730.10,非都市：鄉村區 ; 非都市編定：乙種建築用地,1,1,全筆移轉,01940000
RPSNMLRJKHKGFCT07DA,蓬萊段,2167.40,非都市：一般農業區 ; 非都市編定：農牧用地,2,1,持分移轉,07240001
RPSNMLRJKHKGFCT07DA,蓬萊段,1250.00,非都市：一般農業區 ; 非都市編定：農牧用地,2,1,持分移轉,07240003
RPQNMLLMKIJGFAT98DA,北勢段,1.00,都市：其他:住宅區,1000000,23268,持分移轉,06750000
RPQNMLLMKIJGFAT98DA,北勢段,44.23,都市：其他:住宅區,1000000,23268,持分移轉,06760000
RPUPMLNKJHKGFAT86DA,北勢段,.69,都市：其他:住宅區,1000000,15964,持分移轉,06750000
RPUPMLNKJHKGFAT86DA,北勢段,30.35,都市：其他:住宅區,1000000,15964,持分移轉,06760000
RPXNMLKKKHKGFAT76DA,北勢段,24.10,都市：其他:住宅區,10,1,持分移轉,06480013
RPWNMLSLIIJGFCT57DA,光華段,88.77,都市：其他:住宅區,1,1,全筆移轉,09740010
RPWNMLSLIIJGFCT57DA,光華段,34.60,都市：其他:住宅區,1,1,全筆移轉,09740011
RPUNMLSJKHKGFDT47DA,新房段,2474.30,非都市：一般農業區 ; 非都市編定：農牧用地,1,1,全筆移轉,08790000
RPSPMLOJKHKGFAT76DA,新街段三小段,11.02,都市：其他:住宅區,10000,54,持分移轉,01710001
RPSPMLOJKHKGFAT76DA,新街段三小段,.49,都市：其他:住宅區,10000,54,持分移轉,01710002
RPSPMLOJKHKGFAT76DA,灰磘段,5.73,都市：其他:住宅區,10000,54,持分移轉,10850001
RPSPMLOJKHKGFAT76DA,灰磘段,.10,都市：其他:住宅區,10000,54,持分移轉,10850002
RPSPMLOJKHKGFAT76DA,灰磘段,2.14,都市：其他:住宅區,10000,54,持分移轉,10860001
RPSPMLOJKHKGFAT76DA,灰磘段,.09,都市：其他:住宅區,10000,54,持分移轉,10860002
RPWNMLOJKIJGFDT27DA,仁和段,11.56,都市：其他:道路用地,1344,32,持分移轉,10450000
RPWNMLOJKIJGFDT27DA,仁和段,.25,都市：其他:住宅區,2100,81,持分移轉,10490000
RPWNMLOJKIJGFDT27DA,仁和段,133.00,都市：其他:住宅區,1,1,全筆移轉,10490003
RPSNMLNKKHKGFCT76DA,新埔段,75.60,都市：其他:農業區,5,1,持分移轉,12560000
RPPNMLPJKHKGFBT09DA,維新段,7.78,都市：其他:住宅區,1,1,全筆移轉,00250001
RPPNMLPJKHKGFBT09DA,維新段,285.71,都市：其他:住宅區,1,1,全筆移轉,00270000
RPOPMLRKIIJGFAT56DA,九清段,103.00,非都市：鄉村區 ; 非都市編定：乙種建築用地,1,1,全筆移轉,03760008
RPWNMLQJJHKGFDT37DA,白沙段,50.40,都市：其他:住宅區,4000,100,持分移轉,01580000
RPUNMLKKKHKGFDT76DA,三隆段,170.08,非都市：一般農業區 ; 非都市編定：農牧用地,12,3,持分移轉,12220000
RPQOMLQKJHKGFAT66DA,新鐘段,154.00,非都市：鄉村區 ; 非都市編定：乙種建築用地,1,1,全筆移轉,05920013
RPQOMLQKJHKGFAT66DA,新鐘段,9.00,非都市：鄉村區 ; 非都市編定：乙種建築用地,1,1,全筆移轉,05920014
RPQOMLQKJHKGFAT66DA,新鐘段,48.78,非都市：鄉村區 ; 非都市編定：乙種建築用地,9,1,持分移轉,05920023
RPSOMLQKJHKGFAT86DA,新福段,62.14,都市：其他:住宅區,1,1,全筆移轉,06050002
RPSOMLQKJHKGFAT86DA,新福段,35.67,都市：其他:住宅區,8,1,持分移轉,06050008
RPSNMLRKJHKGFAT86DA,北勢段,.69,都市：其他:住宅區,1000000,15964,持分移轉,06750000
RPSNMLRKJHKGFAT86DA,北勢段,30.35,都市：其他:住宅區,1000000,15964,持分移轉,06760000
RPPNMLNJKHKGFET56DA,墾丁段,1.08,非都市：國家公園區 ; 非都市編定：,1,1,全筆移轉,08070000
RPSOMLOKKHKGFAT76DA,萬年段,168.00,都市：其他:商業區,1,1,全筆移轉,03500000
RPSNMLSKKHKGFCT27DA,三星段,95.44,都市：其他:住宅區,1,1,全筆移轉,04820003
RPSNMLSKKHKGFCT27DA,三星段,10.54,都市：其他:住宅區,1,1,全筆移轉,04830003
RPSNMLSKKHKGFCT27DA,三星段,.56,都市：其他:住宅區,1,1,全筆移轉,04860007
RPQNMLTKKHKGFFT47DA,竹坑段,6621.00,非都市：山坡地保育區 ; 非都市編定：農牧用地,1,1,全筆移轉,03780000
RPQNMLTKKHKGFFT47DA,竹坑段,6160.00,非都市：山坡地保育區 ; 非都市編定：農牧用地,1,1,全筆移轉,03790000
RPPOMLKLQHJGFAT66DA,萬年段,167.00,都市：其他:住宅區,1,1,全筆移轉,03530000
RPRNMLRJKHKGFAT76DA,新歸來段,16.88,非都市：鄉村區 ; 非都市編定：乙種建築用地,100000,1233,持分移轉,07900000
RPRNMLRJKHKGFAT76DA,新歸來段,7.33,都市：其他:農業區,100000,1233,持分移轉,07910000
RPPOMLRKKHKGFCT96DA,大同段,23.19,非都市：鄉村區 ; 非都市編定：乙種建築用地,100000,4468,持分移轉,09090000
RPPOMLRKKHKGFCT96DA,大同段,1.43,非都市：鄉村區 ; 非都市編定：乙種建築用地,20,1,持分移轉,09090001
RPPPMLNKKIJGFCT66DA,復興段,48.76,都市：其他:住宅區,100000,4288,持分移轉,05130000
RPOPMLNKJHKGFAT88DA,北勢段,.69,都市：其他:住宅區,1000000,15964,持分移轉,06750000
RPOPMLNKJHKGFAT88DA,北勢段,30.35,都市：其他:住宅區,1000000,15964,持分移轉,06760000
RPOOMLKKKIJGFAT58DA,忠孝段,27.53,都市：其他:住宅區,10000000,180461,持分移轉,00190000
RPOOMLKKKIJGFAT58DA,忠孝段,.13,都市：其他:住宅區,10000000,180461,持分移轉,00230001
RPOOMLKKKIJGFAT58DA,豐年段,4.20,都市：其他:住宅區,10000000,180461,持分移轉,09660000
RPPNMLTJJHKGFAT66DA,北勢段,1.00,都市：其他:住宅區,1000000,23268,持分移轉,06750000
RPPNMLTJJHKGFAT66DA,北勢段,44.23,都市：其他:住宅區,1000000,23268,持分移轉,06760000
RPWNMLTJJHKGFAT37DA,北勢段,1.00,都市：其他:住宅區,1000000,23268,持分移轉,06750000
RPWNMLTJJHKGFAT37DA,北勢段,44.23,都市：其他:住宅區,1000000,23268,持分移轉,06760000
RPWNMLNKKIJGFCT17DA,復興段,49.67,都市：其他:住宅區,100000,4368,持分移轉,05130000
RPROMLMJKIJGFAT98DA,忠孝段,27.25,都市：其他:住宅區,10000000,178630,持分移轉,00190000
RPROMLMJKIJGFAT98DA,忠孝段,.13,都市：其他:住宅區,10000000,178630,持分移轉,00230001
RPROMLMJKIJGFAT98DA,豐年段,4.16,都市：其他:住宅區,10000000,178630,持分移轉,09660000
RPPNMLKLJHKGFET98DA,牡丹段,21361.60,非都市：山坡地保育區 ; 非都市編定：林業用地,5,2,持分移轉,01200000
RPSNMLRJKHKGFAT86DA,新歸來段,22.69,非都市：鄉村區 ; 非都市編定：乙種建築用地,100000,1657,持分移轉,07900000
RPSNMLRJKHKGFAT86DA,新歸來段,9.85,都市：其他:農業區,100000,1657,持分移轉,07910000
RPSOMLNKKIJGFCT86DA,復興段,48.56,都市：其他:住宅區,100000,4270,持分移轉,05130000
RPQOMLRJKHKGFAT76DA,新歸來段,22.69,非都市：鄉村區 ; 非都市編定：乙種建築用地,100000,1657,持分移轉,07900000
RPQOMLRJKHKGFAT76DA,新歸來段,9.85,都市：其他:農業區,100000,1657,持分移轉,07910000
RPPNMLRJKHKGFAT56DA,新歸來段,16.84,非都市：鄉村區 ; 非都市編定：乙種建築用地,100000,1230,持分移轉,07900000
RPPNMLRJKHKGFAT56DA,新歸來段,7.31,都市：其他:農業區,100000,1230,持分移轉,07910000
RPTNMLTKKIJGFAT27DA,勝興段,36.92,都市：其他:住宅區,200000,2722,持分移轉,01470000
RPRNMLKKKHKGFET56DA,恆西段,32.24,都市：其他:住宅區,10000,222,持分移轉,02040000
RPPNMLOLIIJGFAT98EA,檳榔腳段一小段,4.14,都市：其他:住宅區,58,1,持分移轉,05100001
RPPNMLOLIIJGFAT98EA,檳榔腳段一小段,2.97,都市：其他:住宅區,58,1,持分移轉,05110000
RPPNMLOLIIJGFAT98EA,檳榔腳段一小段,8.43,都市：其他:住宅區,58,1,持分移轉,05120000
RPPNMLOLIIJGFAT98EA,檳榔腳段一小段,4.86,都市：其他:住宅區,58,1,持分移轉,05130000
RPPNMLOLIIJGFAT98EA,檳榔腳段一小段,1.93,都市：其他:住宅區,58,1,持分移轉,05140000
RPPNMLOLIIJGFAT98EA,檳榔腳段一小段,7.43,都市：其他:住宅區,58,1,持分移轉,05180000
RPQPMLRJKHKGFAT86DA,新歸來段,22.69,非都市：鄉村區 ; 非都市編定：乙種建築用地,100000,1657,持分移轉,07900000
RPQPMLRJKHKGFAT86DA,新歸來段,9.85,都市：其他:農業區,100000,1657,持分移轉,07910000
RPOPMLRJKHKGFAT66DA,新歸來段,16.87,非都市：鄉村區 ; 非都市編定：乙種建築用地,100000,1232,持分移轉,07900000
RPOPMLRJKHKGFAT66DA,新歸來段,7.33,都市：其他:農業區,100000,1232,持分移轉,07910000
RPXOMLRJKHKGFAT47DA,新歸來段,22.69,非都市：鄉村區 ; 非都市編定：乙種建築用地,100000,1657,持分移轉,07900000
RPXOMLRJKHKGFAT47DA,新歸來段,9.85,都市：其他:農業區,100000,1657,持分移轉,07910000
RPPPMLRJKHKGFAT76DA,新歸來段,22.69,非都市：鄉村區 ; 非都市編定：乙種建築用地,100000,1657,持分移轉,07900000
RPPPMLRJKHKGFAT76DA,新歸來段,9.85,都市：其他:農業區,100000,1657,持分移轉,07910000
RPPNMLMKKHKGFAT78DA,萬興段,3536.00,非都市：特定農業區 ; 非都市編定：農牧用地,1,1,全筆移轉,16260000
RPPNMLMKKHKGFAT78DA,萬興段,2028.00,非都市：特定農業區 ; 非都市編定：農牧用地,1,1,全筆移轉,16270000
RPPNMLMLJHKGFCT98DA,新埔段,463.00,都市：其他:農業區,1,1,全筆移轉,09730000
RPPNMLMLJHKGFCT98DA,新埔段,67.00,都市：其他:農業區,1,1,全筆移轉,09730001
RPPNMLMLJHKGFCT98DA,新埔段,397.00,都市：其他:農業區,1,1,全筆移轉,09730002
RPPNMLMLJHKGFCT98DA,新埔段,463.00,都市：其他:農業區,1,1,全筆移轉,09730003
RPPNMLMLJHKGFCT98DA,新埔段,463.00,都市：其他:農業區,1,1,全筆移轉,09730004
RPROMLMKJIJGFAT98DA,大進段,654.89,非都市：鄉村區 ; 非都市編定：乙種建築用地,1,1,全筆移轉,12290000
RPWOMLRJKHKGFAT37DA,新歸來段,22.69,非都市：鄉村區 ; 非都市編定：乙種建築用地,100000,1657,持分移轉,07900000
RPWOMLRJKHKGFAT37DA,新歸來段,9.85,都市：其他:農業區,100000,1657,持分移轉,07910000
RPTOMLRJKHKGFAT07DA,新歸來段,16.88,非都市：鄉村區 ; 非都市編定：乙種建築用地,100000,1233,持分移轉,07900000
RPTOMLRJKHKGFAT07DA,新歸來段,7.33,都市：其他:農業區,100000,1233,持分移轉,07910000
RPVOMLRJKHKGFAT27DA,新歸來段,22.69,非都市：鄉村區 ; 非都市編定：乙種建築用地,100000,1657,持分移轉,07900000
RPVOMLRJKHKGFAT27DA,新歸來段,9.85,都市：其他:農業區,100000,1657,持分移轉,07910000
RPUOMLRJKHKGFAT17DA,新歸來段,22.69,非都市：鄉村區 ; 非都市編定：乙種建築用地,100000,1657,持分移轉,07900000
RPUOMLRJKHKGFAT17DA,新歸來段,9.85,都市：其他:農業區,100000,1657,持分移轉,07910000
RPROMLTJRHJGFAT67DA,麟仁段,310.22,都市：其他:農業區,1,1,全筆移轉,09960002
RPROMLTJRHJGFAT67DA,麟仁段,309.19,都市：其他:農業區,1,1,全筆移轉,09960003
RPROMLTJRHJGFAT67DA,麟仁段,108.70,都市：其他:農業區,6,2,持分移轉,09960007
