﻿編號,土地位置,土地移轉面積平方公尺,使用分區或編定,權利人持分分母,權利人持分分子,移轉情形,地號
The serial number, land position,land shifting area square meter,the use zoning or compiles and checks,,,,land parcel
RPPNMLNJKHKGFCT98CB,新五魁段,3.00,都市：住,100000,1145,持分移轉,11190000
RPPNMLNJKHKGFCT98CB,新五魁段,2.17,都市：住,100000,1145,持分移轉,11200000
RPPNMLNJKHKGFCT98CB,新五魁段,15.36,都市：住,100000,1145,持分移轉,11210000
RPPNMLNKJHKGFCT98CB,龍頸段,95.02,都市：住,1,1,全筆移轉,10060016
RPQNMLNJKHKGFAT88CB,潭頭段,20.37,都市：商,100000,3305,持分移轉,03550000
RPPNMLMLJHKGFAT78CB,新潭段,42.08,非都市：一般農業區 ; 非都市編定：甲種建築用地,1,1,全筆移轉,05180024
RPPNMLMLJHKGFAT78CB,新潭段,15.16,非都市：一般農業區 ; 非都市編定：甲種建築用地,10000,299,持分移轉,05180033
RPQNMLQJKHKGFAT56CB,新清溪段,121.55,都市：工,1,1,全筆移轉,05210001
RPRNMLQKJHKGFAT66CB,九勇段,115.57,都市：住,1,1,全筆移轉,01240002
RPQNMLQJKHKGFAT56CB,新清溪段,205.96,都市：工,1,1,全筆移轉,04650001
RPRNMLQKJHKGFAT66CB,九勇段,1.05,都市：住,16,1,持分移轉,01240000
RPQNMLQJKHKGFAT56CB,新清溪段,38.60,都市：工,100000,1032,持分移轉,05100000
RPRNMLQKJHKGFAT66CB,九勇段,2.16,都市：住,13,1,持分移轉,01240001
RPPNMLNKJHKGFAT78CB,公興段,12.81,非都市：一般農業區 ; 非都市編定：甲種建築用地,100000,2042,持分移轉,05190000
RPPNMLNKJHKGFAT78CB,公興段,12.86,非都市：一般農業區 ; 非都市編定：甲種建築用地,100000,2042,持分移轉,05220000
RPPNMLNKJHKGFAT78CB,公興段,1.30,非都市：一般農業區 ; 非都市編定：甲種建築用地,100000,2042,持分移轉,05270000
RPRNMLQJKHKGFAT66CB,新清溪段,43.16,都市：工,1,1,全筆移轉,05210002
RPRNMLQJKHKGFAT66CB,新清溪段,70.94,都市：工,1,1,全筆移轉,04650002
RPRNMLQJKHKGFAT66CB,新清溪段,38.71,都市：工,100000,1035,持分移轉,05100000
RPRNMLQJKHKGFAT66CB,新清溪段,138.13,都市：工,1,1,全筆移轉,04710000
RPRNMLQJKHKGFAT66CB,新清溪段,76.52,都市：工,1,1,全筆移轉,04720000
RPQNMLQKJHKGFAT56CB,九勇段,109.48,都市：住,1,1,全筆移轉,01240014
RPQNMLQKJHKGFAT56CB,九勇段,1.05,都市：住,16,1,持分移轉,01240000
RPQNMLQKJHKGFAT56CB,九勇段,2.16,都市：住,13,1,持分移轉,01240001
RPRNMLNJKHKGFAT98CB,復興段,25.29,非都市：鄉村區 ; 非都市編定：乙種建築用地,100000,554,持分移轉,05250000
RPPNMLQJKHKGFAT09CB,新清溪段,129.64,都市：工,1,1,全筆移轉,05210000
RPPNMLQJKHKGFAT09CB,新清溪段,222.20,都市：工,1,1,全筆移轉,04650000
RPPNMLQJKHKGFAT09CB,新清溪段,41.44,都市：工,100000,1108,持分移轉,05100000
