﻿編號,土地位置,土地移轉面積平方公尺,使用分區或編定,權利人持分分母,權利人持分分子,移轉情形,地號
The serial number, land position,land shifting area square meter,the use zoning or compiles and checks,,,,land parcel
RPPNMLRJKHKGFAT66CC,和興段,1749.50,非都市：一般農業區 ; 非都市編定：殯葬用地,,,,07630000
RPQNMLPKJHKGFCT76CC,新五魁段,133.77,都市：商,,,,01950000
RPQNMLPKJHKGFCT76CC,新五魁段,66.81,都市：商,,,,02030000
