﻿編號,屋齡,建物移轉面積平方公尺,主要用途,主要建材,建築完成日期,總層數,建物分層,移轉情形
The serial number,room age,building shifting area square meter,the main use,main building materials,construction completes the date,total layer,building lamination,
RPPNMLQKJHKGFAT56CC,21,12.55,辦公室,鋼筋混凝土造,93年6月30日,六層,,
RPPNMLOKJHKGFBT09CC,35,130.74,住家用,加強磚造,79年3月4日,二層,,
RPPNMLQKJHKGFAT56CC,21,2.38,停車空間,鋼筋混凝土造,93年6月30日,六層,,
RPPNMLQKJHKGFAT56CC,21,6.73,電樓梯間、蓄水池、台電配電室、馬達間、受電箱、交誼廳,鋼筋混凝土造,93年6月30日,六層,,
RPQNMLPKJHKGFAT56CC,45,95.62,住家用,鋼筋混凝土造,69年3月14日,三層,,
RPPNMLPKJHKGFAT09CC,44,97.70,住家用,鋼筋混凝土造,69年7月17日,五層,,
RPRNMLNKJHKGFCT66CC,2,76.79,集合住宅,鋼筋混凝土構造,111年10月27日,五層,,
RPRNMLNKJHKGFCT66CC,2,30.01,本共有部分之項目有停車空間、共用梯間、電梯、安全梯、機房及騎樓等六項。,鋼筋混凝土構造,111年10月27日,五層,,
RPVNMLQKJHKGFAT17CC,1,51.30,集合住宅,鋼筋混凝土造,113年5月27日,五層,,
RPVNMLQKJHKGFAT17CC,1,30.79,樓梯間、停車空間、公共梯間,鋼筋混凝土造,113年5月27日,五層,,
RPRNMLRKJHKGFAT86CC,30,23.48,住家用,鋼筋混凝土造,84年1月4日,五層,,
RPRNMLRKJHKGFAT86CC,30,11.82,停車空間，梯間,鋼筋混凝土造,84年1月4日,五層,,
RPPNMLLLJHKGFBT88CC,1,219.92,店舖、住宅,鋼筋混凝土造,112年8月9日,三層,,
RPQNMLLLJHKGFAT88CC,43,74.45,公寓,鋼筋混凝土造,70年12月21日,五層,,
RPSNMLRKJHKGFAT96CC,25,47.14,集合住宅,鋼筋混凝土造,88年12月4日,十四層,,
RPSNMLRKJHKGFAT96CC,25,14.40,走廊、辦公室、管理員室梯間、俱樂部梯間、公共空間、停車空間、防空避難室、屋頂突出物、陽台,鋼筋混凝土造,88年12月4日,十四層,,
RPPNMLMLJHKGFAT88CC,42,77.00,集合住宅,鋼筋混凝土造,72年6月20日,五層,,
RPPNMLMLJHKGFAT88CC,42,12.21,樓梯,鋼筋混凝土造,72年6月25日,五層,,
RPQNMLMLJHKGFAT98CC,29,74.87,集合住宅,鋼筋混凝土造,85年6月7日,十一層,,
RPQNMLMLJHKGFAT98CC,29,34.62,停車空間，住宅，避難室，梯間，頂蓋型沿步道通路開放空間,鋼筋混凝土造,85年6月7日,十一層,,
RPPPMLNLJHKGFAT56CC,34,18.00,住家用,鋼筋混凝土造,79年8月6日,四層,,
RPTNMLKLJHKGFCT66CC,30,89.95,住家用,鋼筋混凝土造,84年1月20日,八層,,
RPTNMLKLJHKGFCT66CC,30,32.10,防空避難室停車空間梯間水箱機械室,鋼筋混凝土造,84年1月20日,八層,,
RPQNMLNLJHKGFAT09CC,17,9.78,辦公室,鋼筋混凝土造,97年3月5日,四層,,
RPQNMLNLJHKGFAT09CC,17,4.83,辦公室、機電空間、梯廳,鋼筋混凝土造,97年3月5日,四層,,
RPQNMLNLJHKGFCT66CC,22,15.84,見使用執照,鋼筋混凝土造,92年5月1日,五層,,
RPQNMLNLJHKGFCT66CC,22,5.32,共同部份,鋼筋混凝土造,92年5月1日,五層,,
RPQNMLNLJHKGFCT66CC,22,1.76,停車空間,鋼筋混凝土造,92年5月1日,五層,,
RPPNMLRKJHKGFCT86CC,22,16.06,見使用執照,鋼筋混凝土造,92年5月1日,五層,,
RPPNMLRKJHKGFCT86CC,22,4.82,共同部份,鋼筋混凝土造,92年5月1日,五層,,
RPPNMLRKJHKGFCT86CC,22,1.76,停車空間,鋼筋混凝土造,92年5月1日,五層,,
RPRNMLNLJHKGFCT76CC,22,15.84,集合住宅,鋼筋混凝土造,92年5月1日,五層,,
RPRNMLNLJHKGFCT76CC,22,5.32,共同部份,鋼筋混凝土造,92年5月1日,五層,,
RPRNMLNLJHKGFCT76CC,22,1.76,停車空間,鋼筋混凝土造,92年5月1日,五層,,
RPQNMLOLJHKGFAT56CC,34,103.90,住家用,鋼筋混凝土造,79年10月29日,七層,,
RPQNMLOLJHKGFCT76CC,21,11.65,見使用執照,鋼筋混凝土造,93年7月12日,六層,,
RPQNMLOLJHKGFCT76CC,21,5.62,見使用執照,鋼筋混凝土造,93年7月12日,六層,,
RPQNMLOLJHKGFCT76CC,21,1.12,停車空間、機械室,鋼筋混凝土造,93年7月12日,六層,,
RPRNMLOLJHKGFCT86CC,21,12.33,見使用執照,鋼筋混凝土造,93年7月12日,六層,,
RPRNMLOLJHKGFCT86CC,21,6.50,見使用執照,鋼筋混凝土造,93年7月12日,六層,,
RPRNMLOLJHKGFCT86CC,21,1.12,停車空間、機械室,鋼筋混凝土造,93年7月12日,六層,,
RPSNMLOLJHKGFCT96CC,23,16.00,自用農舍,加強磚造,91年1月11日,二層,,
RPPNMLNJKHKGFCT09CC,23,16.00,自用農舍,加強磚造,91年1月11日,二層,,
RPPNMLPJKHKGFCT66CC,23,16.00,自用農舍,加強磚造,91年1月11日,二層,,
RPVNMLOKJHKGFCT17CC,22,14.93,集合住宅,鋼筋混凝土構造,92年5月1日,五層,,
RPVNMLOKJHKGFCT17CC,22,4.95,共同部份,鋼筋混凝土造,92年5月1日,五層,,
RPVNMLOKJHKGFCT17CC,22,1.76,停車空間,鋼筋混凝土造,92年5月1日,五層,,
RPQNMLPKJHKGFCT76CC,49,217.62,住商用,加強磚造,64年12月8日,三層,,
RPPNMLPKJHKGFCT66CC,30,100.48,住家用,鋼筋混凝土造,83年9月15日,六層,,
RPPNMLPKJHKGFCT66CC,30,38.47,機械室、水箱、梯間、防空避難室、停車空間,鋼筋混凝土造,83年9月15日,六層,,
RPPNMLKLJHKGFDT98CC,4,86.29,集合住宅,鋼筋混凝土構造,110年4月29日,六層,,
RPPNMLKLJHKGFDT98CC,4,7.02,本共有部分之項目有停車空間、昇降梯間、管道間、安全梯梯間、梯廳、樓梯間等６項,鋼筋混凝土構造,110年4月29日,六層,,
RPPNMLKLJHKGFDT98CC,4,15.06,本共有部分之項目有停車空間、昇降梯間、管道間、安全梯梯間、梯廳、機房、消防機房、樓梯間等８項,鋼筋混凝土構造,110年4月29日,六層,,
