﻿編號,屋齡,建物移轉面積平方公尺,主要用途,主要建材,建築完成日期,總層數,建物分層,移轉情形
The serial number,room age,building shifting area square meter,the main use,main building materials,construction completes the date,total layer,building lamination,
RPSNMLMKKHKGFCT66DA,26,78.43,集合住宅,鋼筋混凝土造,88年4月21日,五層,四層 陽台,全筆移轉
RPSNMLMKKHKGFCT66DA,26,20.95,停車空間、梯間、機械室、水箱,鋼筋混凝土造,88年4月21日,五層,,持分移轉
RPTNMLNJKHKGFCT76DA,30,23.25,住家用,鋼筋混凝土造,84年5月5日,六層,四層 陽台 花台,全筆移轉
RPTNMLNJKHKGFCT76DA,30,10.08,防空避難室、停車空間,鋼筋混凝土造,84年5月5日,六層,,持分移轉
RPRNMLPJKHKGFAT56DA,31,28.85,住家用,鋼筋混凝土造,82年11月20日,七層,七層 陽台,全筆移轉
RPRNMLPJKHKGFAT56DA,31,11.65,停車場，防空避難室，公共設施,鋼筋混凝土造,82年11月20日,七層,,持分移轉
RPPNMLPLJHKGFAT09DA,18,8.81,辦公室,鋼筋混凝土造,96年5月30日,八層,三層 陽台 雨遮,全筆移轉
RPPNMLPLJHKGFAT09DA,18,8.31,梯廳、防空避難室、停車空間、水箱、機械室,鋼筋混凝土造,96年5月30日,八層,,持分移轉
SPPNMLPLJHKGFAT56DA,18,8.71,辦公室,鋼筋混凝土造,96年5月30日,八層,六層 陽台 雨遮,全筆移轉
SPPNMLPLJHKGFAT56DA,18,8.74,梯廳、防空避難室、停車空間、水箱、機械室,鋼筋混凝土造,96年5月30日,八層,,持分移轉
RPVPMLPKJHKGFAT17DA,1,198.28,住家用,鋼筋混凝土造,113年7月5日,四層,一層 二層 三層 四層 陽台,全筆移轉
RPRNMLRJKHKGFCT96DA,5,88.83,農作產銷設施,鋼骨構造,109年5月11日,一層,一層,持分移轉
RPPNMLSJKHKGFBT86EA,26,189.39,住商用,鋼筋混凝土造,87年10月9日,三層,一層 二層 三層 屋頂突出物 騎樓,全筆移轉
RPQNMLRJKHKGFBT86EA,81,238.56,非自住住家用,木石磚造〈磚石造〉,32年7月15日,一層,見其他登記事項,全筆移轉
RPPNMLKKKHKGFCT88EA,29,65.00,農舍,鋼筋混凝土造,84年11月24日,三層,一層 二層 三層,持分移轉
RPPNMLSJKHKGFCT96EA,29,42.94,住家用,加強磚造,84年8月25日,二層,一層 二層 屋頂突出物,持分移轉
RPQNMLSJKHKGFET17DA,30,23.45,住家用,鋼筋混凝土造,83年11月16日,三層,二層 陽台,全筆移轉
RPPNMLKKKHKGFET98DA,45,75.60,住家用,鋼筋混凝土加強磚造,68年12月30日,二層,一層 二層 騎樓,全筆移轉
RPQNMLSJKHKGFET17DA,30,24.15,住家用,鋼筋混凝土造,83年11月16日,三層,三層 陽台,全筆移轉
RPQNMLSJKHKGFET17DA,30,18.03,公共設施,鋼筋混凝土造,83年11月16日,三層,,持分移轉
RPQNMLSJKHKGFET17DA,30,67.84,公共設施,鋼筋混凝土造,83年11月16日,三層,,持分移轉
RPRNMLSJKHKGFET27DA,30,23.93,住家用,鋼筋混凝土造,83年11月16日,三層,二層 陽台,全筆移轉
RPRNMLSJKHKGFET27DA,30,18.03,公共設施,鋼筋混凝土造,83年11月16日,三層,,持分移轉
RPPNMLSKJHKGFAT66DA,2,59.01,集合住宅,鋼筋混凝土造,111年7月27日,五層,二層 陽台,全筆移轉
RPPNMLSKJHKGFAT66DA,2,20.56,騎樓、梯廳、梯間、停車空間,鋼筋混凝土造,111年7月27日,五層,,持分移轉
RPQNMLSKJHKGFAT76DA,2,59.01,集合住宅,鋼筋混凝土造,111年7月27日,五層,三層 陽台,全筆移轉
RPQNMLSKJHKGFAT76DA,2,34.35,騎樓、梯廳、梯間、停車空間,鋼筋混凝土造,111年7月27日,五層,,持分移轉
RPPNMLPJKHKGFET76DA,49,202.43,住家用,加強磚造,65年7月2日,三層,一層 二層 三層,全筆移轉
RPQNMLNKKHKGFBT09DA,45,97.20,住商用,加強磚造,69年2月2日,二層,一層 二層 騎樓,全筆移轉
RPUNMLMKKHKGFCT86DA,30,613.73,住商用,鋼筋混凝土造,83年10月22日,五層,一層 二層 三層 四層 五層 陽台 騎樓,全筆移轉
RPXNMLRJKHKGFAT37DA,4,99.80,集合住宅,鋼筋混凝土造,110年6月17日,五層,二層 陽台,全筆移轉
RPXNMLRJKHKGFAT37DA,4,80.05,防空避難室兼停車空間、門廊、管委會使用空間、設備空間、公共空間、主入口門廊、樓梯間、電梯機房、水箱,鋼筋混凝土造,110年6月17日,五層,,持分移轉
RPRNMLKKKHKGFAT78DA,24,135.08,自用農舍,鋼鐵架造,90年7月10日,二層,一層 二層,持分移轉
RPQNMLKKKHKGFAT68DA,32,82.39,集合住宅,鋼筋混凝土造,82年4月9日,七層,四層 陽台,全筆移轉
RPQNMLKKKHKGFAT68DA,32,20.23,樓梯間，防空避難室,鋼筋混凝土造,82年4月9日,七層,,持分移轉
RPRNMLLKKHKGFET66DA,,207.66,Ｈ２住宅,鋼筋混凝土造,113年12月11日,三層,一層 二層 三層 陽台 屋頂突出物,全筆移轉
RPTNMLLKKHKGFET86DA,,218.86,Ｈ２住宅,鋼筋混凝土造,113年12月11日,三層,一層 二層 三層 陽台 屋頂突出物,全筆移轉
RPVNMLLKKHKGFAT66DA,22,152.38,住家用,鋼筋混凝土造,91年8月5日,三層,一層 二層 三層 陽台 屋頂突出物,全筆移轉
RPUNMLSJKHKGFAT17DA,30,32.83,住家用,鋼筋混凝土造,84年1月26日,九層,六層 陽台 花台,全筆移轉
RPUNMLSJKHKGFAT17DA,30,10.39,地下層．停車空間．門廳．水箱．機械室及梯間,鋼筋混凝土造,84年1月26日,九層,,持分移轉
RPTNMLSJKHKGFDT37DA,48,123.90,店鋪、住宅,鋼筋混凝土造,66年1月8日,三層,一層 二層 三層 屋頂突出物 騎樓,全筆移轉
RPUNMLLKKHKGFET96DA,,218.86,Ｈ２住宅,鋼筋混凝土造,113年12月11日,三層,一層 二層 三層 陽台 屋頂突出物,全筆移轉
RPVNMLLKKHKGFET07DA,,218.73,Ｈ２住宅,鋼筋混凝土造,113年12月11日,三層,一層 二層 三層 陽台 屋頂突出物,全筆移轉
RPPNMLPJKHKGFAT98DA,18,13.91,住家用,鋼筋混凝土造,96年3月28日,五層,四層,全筆移轉
RPPNMLPJKHKGFAT98DA,18,6.97,住宅、防空避難室,鋼筋混凝土造,96年3月28日,五層,,持分移轉
RPQOMLLLJHKGFAT88DA,25,47.14,集合住宅,鋼筋混凝土造,88年12月4日,十四層,十二層 陽台,全筆移轉
RPQOMLLLJHKGFAT88DA,25,14.40,走廊、辦公室、管理員室梯間、俱樂部梯間、公共空間、停車空間、防空避難室、屋頂突出物、陽台,鋼筋混凝土造,88年12月4日,十四層,,持分移轉
RPQNMLPJKHKGFAT09DA,31,74.95,住商用,鋼筋混凝土造,83年7月26日,二層,一層 二層 屋頂突出物 騎樓,持分移轉
RPROMLLLJHKGFAT98DA,25,47.14,集合住宅,鋼筋混凝土造,88年12月4日,十四層,十一層 陽台,全筆移轉
RPROMLLLJHKGFAT98DA,25,14.40,走廊、辦公室、管理員室梯間、俱樂部梯間、公共空間、停車空間、防空避難室、屋頂突出物、陽台,鋼筋混凝土造,88年12月4日,十四層,,持分移轉
RPOOMLMKKHKGFAT78DA,33,88.92,住家用,鋼筋混凝土造,80年9月1日,十二層,二層 陽台,全筆移轉
RPOOMLMKKHKGFAT78DA,33,25.68,共同部份,鋼筋混凝土造,80年9月1日,十二層,,持分移轉
RPRNMLMKKHKGFCT56DA,42,97.30,住商用,加強磚造,72年2月4日,二層,一層 二層 騎樓,全筆移轉
RPTNMLOJKHKGFBT76DA,28,36.71,住家用,鋼筋混凝土造,85年7月29日,七層,六層 陽台,全筆移轉
RPTNMLOJKHKGFBT76DA,28,7.53,共同部份,鋼筋混凝土造,85年7月29日,七層,,持分移轉
RPTNMLRJKHKGFAT96DA,11,105.15,集合住宅,鋼筋混凝土造,103年5月5日,十三層,十層 陽台,全筆移轉
RPTNMLRJKHKGFAT96DA,11,68.24,防空避難室兼停車空間、社區休憩空間、社區遊憩設施空間、活動中心、管理委員會辦公室、警衛室、樓梯間、水錶室水箱、機械室、車道,鋼筋混凝土造,103年5月5日,十三層,,持分移轉
RPQNMLQJKHKGFDT86DA,33,147.58,住家用,鋼筋混凝土造,81年1月17日,四層,一層 二層 三層 四層 陽台,全筆移轉
RPPNMLOKKHKGFET76DA,,421.82,Ｈ２住宅,鋼筋混凝土造,113年12月11日,三層,一層 二層 三層 陽台 屋頂突出物,全筆移轉
RPSNMLSJKHKGFAT96DA,48,72.00,住家用,加強磚造,65年9月13日,二層,一層 二層,全筆移轉
RPSNMLNKKHKGFBT66DA,22,99.98,住家用,鋼筋混凝土造,91年12月16日,三層,一層 二層 三層 陽台 屋頂突出物,持分移轉
RPPNMLSLJHKGFCT96DA,21,6.15,見使用執照,鋼筋混凝土造,93年7月12日,六層,,持分移轉
RPPNMLSLJHKGFCT96DA,21,1.12,停車空間、機械室,鋼筋混凝土造,93年7月12日,六層,,持分移轉
RPPNMLSLJHKGFCT96DA,21,11.94,辦公室,鋼筋混凝土構造,93年7月12日,六層,四層 陽台,全筆移轉
RPVOMLRKKHKGFAT37DA,30,32.32,商業用,鋼筋混凝土造,84年2月24日,七層,三層 陽台,全筆移轉
RPVOMLRKKHKGFAT37DA,30,16.33,受電室，避難室，水箱，停車空間,鋼筋混凝土造,84年2月24日,七層,,持分移轉
RPUOMLRKKHKGFAT27DA,29,20.89,住家用,鋼筋混凝土造,84年10月6日,十二層,十層,全筆移轉
RPUOMLRKKHKGFAT27DA,29,8.00,停車空間，集合住宅，防空避難室,鋼筋混凝土造,84年10月6日,十二層,,持分移轉
RPQNMLRJKHKGFDT96DA,2,72.23,集合住宅,鋼筋混凝土造,112年5月18日,七層,七層 陽台,全筆移轉
RPQNMLRJKHKGFDT96DA,2,26.93,本共有部分之項目有停車空間、樓梯間、管理委員會使用空間、機電空間、電梯間、機械室、水箱等７項,鋼筋混凝土造,112年5月18日,八層,,持分移轉
RPSNMLOKKHKGFDT96DA,3,56.19,集合住宅,鋼筋混凝土構造,111年4月6日,七層,六層 陽台,全筆移轉
RPSNMLOKKHKGFDT96DA,3,36.98,本共有部分之項目有室內停車空間、樓梯間、電梯間、機電設備空間、昇降機間、機械室、水箱等７項,鋼筋混凝土構造,111年4月6日,七層,,持分移轉
RPQNMLQJKHKGFAT56DA,31,176.98,住家用,鋼筋混凝土造,83年2月4日,四層,一層 二層 三層 四層 陽台 騎樓,全筆移轉
RPVOMLOKKHKGFAT07DA,54,69.74,住家用,鋼筋混凝土加強磚造,59年11月20日,三層,一層 二層 三層 騎樓,全筆移轉
RPTNMLOKKHKGFAT86EA,,67.38,住家用,鋼筋混凝土加強磚造,,二層,一層 二層,全筆移轉
RPPNMLNLJHKGFAT88DA,,162.90,住商用,鋼筋混凝土加強磚造,,二層,一層 二層 騎樓,全筆移轉
RPPOMLNLJHKGFAT98DA,,78.72,住家用,鋼筋混凝土加強磚造,,二層,一層 二層,全筆移轉
RPXNMLQKJHKGFAT27DA,1,84.83,集合住宅,鋼筋混凝土造,113年5月27日,五層,三層 陽台,全筆移轉
RPXNMLQKJHKGFAT27DA,1,39.64,樓梯間、停車空間、公共梯間,鋼筋混凝土造,113年5月27日,五層,,持分移轉
RPSNMLKKKHKGFDT56DA,25,71.35,農舍,鋼鐵造有墻,89年6月22日,一層,一層,持分移轉
RPQOMLNJKHKGFAT98DA,,87.92,集合住宅,鋼筋混凝土造,113年8月8日,五層,二層 陽台,全筆移轉
RPQOMLNJKHKGFAT98DA,,34.63,公共梯間、電信室、停車空間、樓梯間、機械室,鋼筋混凝土造,113年8月8日,五層,,持分移轉
RPSNMLRKKHKGFET37DA,,229.78,Ｈ２住宅,鋼筋混凝土造,113年12月11日,三層,一層 二層 三層 陽台 屋頂突出物,全筆移轉
RPTNMLRKKHKGFET47DA,,223.88,Ｈ２住宅,鋼筋混凝土造,113年12月11日,三層,一層 二層 三層 陽台 屋頂突出物,全筆移轉
RPRPMLPKJHKGFAT76DA,,204.95,集合住宅,鋼筋混凝土造,113年7月5日,四層,一層 二層 三層 四層 陽台 見其他登記事項,全筆移轉
RPQNMLOLJHKGFAT09DA,30,239.47,住家用,鋼筋混凝土造,83年7月1日,三層,一層 二層 三層 陽台 屋頂突出物 地下層,全筆移轉
RPVNMLOLJHKGFAT96DA,1,51.74,集合住宅,鋼筋混凝土造,113年5月27日,五層,五層 陽台,全筆移轉
RPVNMLOLJHKGFAT96DA,1,22.42,樓梯間、停車空間、公共梯間,鋼筋混凝土造,113年5月27日,五層,,持分移轉
RPSNMLLMKIJGFAT56DA,28,192.22,住家用,鋼筋混凝土造,86年2月22日,三層,一層 二層 三層 陽台 屋頂突出物,全筆移轉
RPWNMLRJKHKGFAT27DA,25,67.06,集合住宅,鋼筋混凝土造,88年12月4日,十四層,三層 陽台,全筆移轉
RPWNMLRJKHKGFAT27DA,25,20.17,走廊、辦公室、管理員室梯間、俱樂部梯間、公共空間、停車空間、防空避難室、屋頂突出物、陽台,鋼筋混凝土造,88年12月4日,十四層,,持分移轉
RPWNMLOJKHKGFCT17DA,37,108.71,住家用,鋼筋混凝土造,76年10月3日,三層,一層 二層 三層,全筆移轉
RPUNMLNLJHKGFAT76DA,,59.31,集合住宅,鋼筋混凝土造,113年10月9日,七層,五層 陽台,全筆移轉
RPUNMLNLJHKGFAT76DA,,40.67,本共有部分之項目有防空避難室兼停車空間、管委會使用空間、停車空間、樓梯間及水箱等５項。,鋼筋混凝土造,113年10月9日,七層,,持分移轉
RPPNMLKKKHKGFAT68EA,,12.32,店舖及倉庫,鋼筋混凝土造,,二層,一層 二層 三層 騎樓,持分移轉
RPQNMLRJKHKGFAT76EA,44,84.60,農舍,加強磚造,69年9月25日,一層,一層,全筆移轉
RPRNMLLKKHKGFAT88DA,27,305.09,住商用,鋼筋混凝土造,87年1月12日,五層,一層 二層 三層 四層 五層 陽台 屋頂突出物 騎樓,全筆移轉
RPQNMLLKKHKGFAT78DA,3,55.26,集合住宅,鋼筋混凝土造,111年5月9日,七層,七層 陽台,全筆移轉
RPQNMLLKKHKGFAT78DA,3,18.36,樓梯間、停車空間,鋼筋混凝土造,111年5月9日,七層,,持分移轉
RPQNMLMKKHKGFCT09DA,41,1381.95,辦公室．守衛室．廠房,加強磚造,72年9月6日,一層,一層,全筆移轉
RPPNMLLKKHKGFET09DA,10,86.51,Ｇ３店舖、Ｈ２集合住宅,鋼筋混凝土構造,104年4月22日,二層,一層 二層 屋頂突出物 見其他登記事項,全筆移轉
RPVNMLQKJHKGFAT07DA,1,78.44,集合住宅,鋼筋混凝土造,113年5月27日,五層,四層 陽台,全筆移轉
RPVNMLQKJHKGFAT07DA,1,37.69,樓梯間、停車空間、公共梯間,鋼筋混凝土造,113年5月27日,五層,,持分移轉
RPPOMLKKKHKGFAT68DA,1,63.68,集合住宅,鋼筋混凝土造,113年6月25日,五層,三層 陽台,全筆移轉
RPPOMLKKKHKGFAT68DA,1,29.50,停車空間、公共梯間、樓梯間、機械室、陽台,鋼筋混凝土造,113年6月25日,五層,,持分移轉
RPWNMLOLJHKGFAT07DA,1,80.83,集合住宅,鋼筋混凝土造,113年5月27日,五層,四層 陽台,全筆移轉
RPWNMLOLJHKGFAT07DA,1,40.62,樓梯間、停車空間、公共梯間,鋼筋混凝土造,113年5月27日,五層,,持分移轉
RPRNMLMKKHKGFAT98DA,48,99.90,住商用,加強磚造,66年3月31日,二層,一層 二層 屋頂突出物 騎樓,全筆移轉
RPPNMLLKKHKGFCT88DA,1,146.99,住宅、樓梯間,鋼筋混凝土造,112年12月26日,三層,一層 二層 三層 陽台 見其他登記事項,全筆移轉
RPTNMLLKKIJGFCT66DA,55,104.00,住家用,鐵筋混凝土磚造,58年6月6日,二層,一層 二層 騎樓,全筆移轉
RPQNMLKKKHKGFDT98DA,31,113.82,住家用,鋼筋混凝土造,83年6月25日,五層,三層 陽台,全筆移轉
RPQNMLKKKHKGFDT98DA,31,33.56,停車場，梯間，變電場,鋼筋混凝土造,83年6月25日,,,持分移轉
RPSNMLKKKHKGFAT88DA,20,114.28,集合住宅,鋼筋混凝土造,93年9月9日,十四層,十二層 陽台,全筆移轉
RPSNMLKKKHKGFAT88DA,20,66.73,防空避難室、停車空間、活動中心、管理中心、警衛室、門廳、通廊,鋼筋混凝土造,93年9月9日,十四層,,持分移轉
RPROMLKKKHKGFAT88DA,50,38.88,住家用,加強磚造,63年12月12日,一層,一層,全筆移轉
RPTNMLNKKHKGFBT76DA,22,99.98,住家用,鋼筋混凝土造,91年12月16日,三層,一層 二層 三層 陽台 屋頂突出物,持分移轉
RPUNMLKKKHKGFAT09DA,3,181.71,集合住宅,鋼筋混凝土造,110年11月30日,三層,一層 二層 三層 陽台 屋頂突出物,全筆移轉
RPOOMLKKKHKGFAT58DA,25,94.63,集合住宅,鋼筋混凝土造,88年12月4日,十四層,四層 陽台,全筆移轉
RPOOMLKKKHKGFAT58DA,25,30.73,走廊、辦公室、管理員室梯間、俱樂部梯間、公共空間、停車空間、防空避難室、屋頂突出物、陽台,鋼筋混凝土造,88年12月4日,十四層,,持分移轉
RPTNMLRJKHKGFCT17DA,41,98.02,商業用,鋼筋混凝土造,73年5月3日,二層,一層 二層 騎樓,全筆移轉
RPUNMLOKKHKGFCT07DA,40,95.56,住家用,加強磚造,74年3月7日,二層,一層 二層 夾層,全筆移轉
RPTNMLNJJHKGFAT09DA,,87.92,集合住宅,鋼筋混凝土造,113年8月8日,五層,五層 陽台,全筆移轉
RPTNMLNJJHKGFAT09DA,,34.63,公共梯間、電信室、停車空間、樓梯間、機械室,鋼筋混凝土造,113年8月8日,五層,,持分移轉
RPUNMLNJKHKGFAT66DA,31,92.37,住家用,鋼筋混凝土造,82年11月4日,七層,三層 陽台,全筆移轉
RPUNMLNJKHKGFAT66DA,31,45.42,地下層，梯間,鋼筋混凝土造,82年11月4日,七層,,持分移轉
RPPNMLRKKHKGFCT86DA,44,97.60,住商用,加強磚造,70年6月8日,二層,一層 二層 騎樓,全筆移轉
RPQNMLOKKHKGFDT76DA,9,175.55,住家用,鋼筋混凝土構造,104年7月15日,三層,一層 二層 三層 陽台 見其他登記事項,全筆移轉
RPSNMLTKKHKGFAT17DA,48,120.80,住商用,鋼筋混凝土造,65年8月30日,二層,一層 二層 騎樓 夾層,全筆移轉
RPRQMLPJKHKGFAT86DA,43,60.49,公寓,鋼筋混凝土造,70年12月30日,五層,三層,全筆移轉
RPRQMLPJKHKGFAT86DA,43,12.62,樓梯，走廊，地下室,鋼筋混凝土造,70年12月30日,五層,,持分移轉
RPXNMLLKKIJGFAT86DA,18,213.52,住家用,鋼筋混凝土造,95年12月11日,四層,一層 二層 三層 四層 陽台,全筆移轉
RPQNMLSJKHKGFCT96DA,31,17.40,梯間水箱機械室,鋼筋混凝土造,83年4月7日,十二層,,持分移轉
RPQNMLSJKHKGFCT96DA,31,33.33,防空避難室停車場開放空間,鋼筋混凝土造,83年4月7日,十層,,持分移轉
RPQNMLSJKHKGFCT96DA,31,105.60,住家用,鋼筋混凝土造,83年4月7日,十層,三層 陽台,全筆移轉
RPWNMLNLJHKGFAT96DA,37,139.44,住家用,加強磚造,76年11月16日,二層,一層 二層 屋頂突出物,全筆移轉
RPPNMLKKKHKGFAT58DA,36,194.58,住商用,鋼筋混凝土造,78年3月15日,三層,一層 二層 三層 陽台 屋頂突出物 騎樓,全筆移轉
RPQNMLRKKHKGFAT76DA,5,160.46,住家用,鋼筋混凝土造,109年4月20日,三層,一層 二層 三層 陽台,全筆移轉
RPOOMLNKJHKGFAT78DA,35,139.47,住家用,加強磚造,79年3月23日,二層,一層 二層 屋頂突出物,全筆移轉
RPTOMLPKJHKGFAT86DA,25,80.92,集合住宅,鋼筋混凝土造,89年2月2日,十六層,十四層 陽台,全筆移轉
RPTOMLPKJHKGFAT86DA,25,74.40,停車空間、防空避難室兼停車空間、集合住宅、便利商店、店舖、梯間、機械室、水箱,鋼筋混凝土造,89年2月2日,十六層,,持分移轉
RPOPMLQJJHKGFAT09DA,18,35.56,住家用,鋼筋混凝土造,96年3月28日,五層,一層,全筆移轉
RPOPMLQJJHKGFAT09DA,18,17.79,住宅、防空避難室,鋼筋混凝土造,96年3月28日,五層,,持分移轉
RPQNMLRKKIJGFCT96DA,2,42.77,本共有部分之項目有停車空間、公共梯間、樓梯間及電梯機械房等四項。,鋼筋混凝土構造,111年7月12日,五層,,持分移轉
RPQNMLRKKIJGFCT96DA,2,86.22,集合住宅,鋼筋混凝土構造,111年7月12日,五層,二層 陽台,全筆移轉
RPWNMLOLKIJGFAT17DA,43,6.09,地下室,鋼筋混凝土造,70年11月25日,五層,,持分移轉
RPWNMLOLKIJGFAT17DA,43,8.07,樓梯，屋頂突出物,鋼筋混凝土造,70年11月25日,五層,,持分移轉
RPWNMLOLKIJGFAT17DA,43,84.44,住家用,鋼筋混凝土造,70年11月25日,五層,三層,全筆移轉
RPWNMLLKKHKGFAT76DA,1,179.85,工場﹝廠﹞,鋼骨造,113年4月9日,一層,一層,全筆移轉
RPRNMLRKKIJGFAT86DA,2,88.93,集合住宅,鋼筋混凝土造,112年2月3日,九層,七層 陽台,全筆移轉
RPRNMLRKKIJGFAT86DA,2,67.01,防空避難室兼停車空間、管委會空間、門廊、梯廳兼走廊、昇降機間、樓梯間、管道間、機械室、水箱,鋼筋混凝土造,112年2月3日,九層,,持分移轉
RPVNMLLLJHKGFAT66DA,41,129.70,住家用,鋼筋混凝土造,73年3月12日,三層,一層 二層 三層,全筆移轉
RPQNMLSJKHKGFAT76DA,38,79.20,住家用,加強磚造,75年6月3日,二層,一層 二層 屋頂突出物,全筆移轉
RPUNMLSJKHKGFCT37DA,18,217.56,集合住宅、車道、住宅,鋼筋混凝土構造,96年4月25日,四層,一層 二層 三層 四層 陽台 屋頂突出物 見其他登記事項,全筆移轉
RPWNMLKKKHKGFCT86DA,43,273.18,住商用,加強磚造,70年11月16日,三層,一層 二層 三層 騎樓,全筆移轉
RPWOMLQJJHKGFAT17DA,,61.88,集合住宅,鋼筋混凝土造,113年6月25日,五層,五層 陽台,全筆移轉
RPWOMLQJJHKGFAT17DA,,28.68,停車空間、公共梯間、樓梯間、機械室、陽台,鋼筋混凝土造,113年6月25日,五層,,持分移轉
RPPNMLLKKHKGFCT98EA,,154.70,集合住宅,鋼筋混凝土造,113年7月5日,三層,一層 二層 三層 陽台 見其他登記事項,全筆移轉
RPQOMLMLJHKGFAT98DA,20,107.28,集合住宅,鋼筋混凝土造,93年9月9日,十四層,四層 陽台,全筆移轉
RPQOMLMLJHKGFAT98DA,20,62.61,防空避難室、停車空間、活動中心、管理中心、警衛室、門廳、通廊,鋼筋混凝土造,93年9月9日,十四層,,持分移轉
RPSNMLQLKIJGFAT96DA,1,170.58,工場﹝廠﹞,鋼骨造,113年4月9日,一層,一層,全筆移轉
RPUNMLMKKHKGFAT66DA,33,169.66,住商用,鋼筋混凝土造,80年6月20日,四層,一層 二層 三層 四層 騎樓,全筆移轉
RPXNMLOKKHKGFCT37DA,31,152.20,住家用,鋼筋混凝土造,82年11月22日,三層,一層 二層 三層 陽台,全筆移轉
RPPNMLMKKHKGFET56DA,2,100.55,集合住宅（Ｈ２）,鋼筋混凝土構造,111年12月21日,八層,五層 陽台,全筆移轉
RPPNMLMKKHKGFET56DA,2,37.36,本共有部分之項目有停車空間、共同梯間及管委會使用空間等３項,鋼筋混凝土構造,111年12月21日,八層,,持分移轉
RPTOMLOKKHKGFAT86DA,,189.39,住家用,鋼筋混凝土造,113年7月23日,三層,一層 二層 三層 陽台,全筆移轉
RPTNMLRKKHKGFAT07DA,33,134.57,住家用,鋼筋混凝土造,81年3月18日,三層,一層 二層 三層 屋頂突出物,全筆移轉
RPQOMLTJJHKGFAT86DA,,86.60,集合住宅,鋼筋混凝土造,113年9月24日,五層,二層 陽台,全筆移轉
RPQOMLTJJHKGFAT86DA,,42.51,機電設備空間（電信室）、停車空間、公共梯間、管委會空間（警衛室）、樓梯間,鋼筋混凝土造,113年9月24日,五層,,持分移轉
RPROMLTJJHKGFAT96DA,,86.60,集合住宅,鋼筋混凝土造,113年9月24日,五層,三層 陽台,全筆移轉
RPROMLTJJHKGFAT96DA,,42.51,機電設備空間（電信室）、停車空間、公共梯間、管委會空間（警衛室）、樓梯間,鋼筋混凝土造,113年9月24日,五層,,持分移轉
RPPNMLRJKHKGFDT86DA,17,223.54,廠房〈辦公室、員工餐廳〉、樓梯間,鋼筋混凝土造,96年6月5日,二層,一層 二層 屋頂突出物,全筆移轉
RPOPMLKKKIJGFAT68DA,31,189.52,店舖．住宅及門廊,鋼筋混凝土造,82年5月5日,四層,一層 二層 三層 四層 陽台 平台 騎樓,全筆移轉
RPPNMLLKKHKGFAT78EA,29,193.15,住商用,鋼筋混凝土造,84年12月27日,四層,一層 二層 三層 四層 陽台 平台,全筆移轉
RPXNMLMLJHKGFCT17DA,47,114.40,住商用,加強磚造,67年1月26日,二層,一層 二層 騎樓,全筆移轉
RPRNMLTJJHKGFAT86DA,,86.60,集合住宅,鋼筋混凝土造,113年9月24日,五層,四層 陽台,全筆移轉
RPRNMLTJJHKGFAT86DA,,42.51,機電設備空間（電信室）、停車空間、公共梯間、管委會空間（警衛室）、樓梯間,鋼筋混凝土造,113年9月24日,五層,,持分移轉
RPRNMLMKKHKGFDT66DA,30,263.52,店舖、住宅,鋼筋混凝土造,84年3月2日,五層,一層 二層 三層 四層 五層 陽台 騎樓 地下一層,全筆移轉
RPUNMLTKJIJGFCT47DA,35,208.61,住商用,鋼筋混凝土造,79年3月8日,四層,一層 二層 三層 四層 屋頂突出物 騎樓,全筆移轉
RPPNMLMKKHKGFCT98DA,30,26.54,停車空間防空避難室機械室樓梯間水箱,鋼筋混凝土造,83年6月25日,十一層,,持分移轉
RPPNMLMKKHKGFCT98DA,30,92.95,住家用,鋼筋混凝土造,83年6月25日,十一層,八層 陽台,全筆移轉
RPOPMLTJKIJGFAT86DA,20,182.02,停車空間、集合住宅,鋼筋混凝土造,93年10月27日,四層,一層 二層 三層 四層 陽台 屋頂突出物,全筆移轉
RPVNMLKLJHKGFAT56DA,,59.42,集合住宅,鋼筋混凝土造,113年9月24日,五層,三層 陽台,全筆移轉
RPVNMLKLJHKGFAT56DA,,29.17,機電設備空間（電信室）、停車空間、公共梯間、管委會空間（警衛室）、樓梯間,鋼筋混凝土造,113年9月24日,五層,,持分移轉
RPSQMLNJJHKGFAT66DA,30,84.62,住家用,鋼筋混凝土造,83年5月16日,六層,二層 陽台,全筆移轉
RPSQMLNJJHKGFAT66DA,30,30.63,停車空間，梯間,鋼筋混凝土造,83年5月16日,六層,,持分移轉
RPUNMLOJKHKGFET17DA,2,100.30,集合住宅（Ｈ２）,鋼筋混凝土構造,111年12月21日,八層,三層 陽台,全筆移轉
RPUNMLOJKHKGFET17DA,2,37.27,本共有部分之項目有停車空間、共同梯間及管委會使用空間等３項,鋼筋混凝土構造,111年12月21日,八層,,持分移轉
RPSNMLRJKHKGFCT07DA,4,88.83,農作產銷設施,鋼骨構造,109年5月11日,一層,一層,持分移轉
RPQNMLLMKIJGFAT98DA,,86.60,集合住宅,鋼筋混凝土造,113年9月24日,五層,五層 陽台,全筆移轉
RPQNMLLMKIJGFAT98DA,,42.51,機電設備空間（電信室）、停車空間、公共梯間、管委會空間（警衛室）、樓梯間,鋼筋混凝土造,113年9月24日,五層,,持分移轉
RPUPMLNKJHKGFAT86DA,,59.42,集合住宅,鋼筋混凝土造,113年9月24日,五層,四層 陽台,全筆移轉
RPUPMLNKJHKGFAT86DA,,29.17,機電設備空間（電信室）、停車空間、公共梯間、管委會空間（警衛室）、樓梯間,鋼筋混凝土造,113年9月24日,五層,,持分移轉
RPXNMLKKKHKGFAT76DA,40,64.07,住家用,鋼筋混凝土造,73年8月2日,五層,三層,全筆移轉
RPXNMLKKKHKGFAT76DA,40,6.84,樓梯,鋼筋混凝土造,73年8月2日,五層,,持分移轉
RPWNMLSLIIJGFCT57DA,,230.47,住宅,鋼筋混凝土造,113年5月16日,四層,一層 二層 三層 四層 陽台 屋頂突出物,全筆移轉
RPSPMLOJKHKGFAT76DA,29,90.98,住家用,鋼筋混凝土造,84年6月28日,十三層,十二層 陽台 花台,全筆移轉
RPSPMLOJKHKGFAT76DA,29,23.95,共同部份,鋼筋混凝土造,84年6月28日,十三層,,持分移轉
RPWNMLOJKIJGFDT27DA,,217.56,住家用,鋼筋混凝土造,113年9月30日,三層,一層 二層 三層 陽台,全筆移轉
RPOPMLRKIIJGFAT56DA,39,104.79,住家用,加強磚造,75年3月4日,二層,一層 二層 屋頂突出物,全筆移轉
RPQOMLQKJHKGFAT66DA,10,245.66,住家用,鋼筋混凝土造,103年5月28日,三層,一層 二層 三層 陽台 屋頂突出物,全筆移轉
RPSOMLQKJHKGFAT86DA,22,138.73,住家用,鋼筋混凝土造,91年6月11日,三層,一層 二層 三層 陽台 屋頂突出物 見其他登記事項,全筆移轉
RPSNMLRKJHKGFAT86DA,,59.42,集合住宅,鋼筋混凝土造,113年9月24日,五層,五層 陽台,全筆移轉
RPSNMLRKJHKGFAT86DA,,29.17,機電設備空間（電信室）、停車空間、公共梯間、管委會空間（警衛室）、樓梯間,鋼筋混凝土造,113年9月24日,五層,,持分移轉
RPSOMLOKKHKGFAT76DA,34,260.33,住商用,鋼鐵造有牆,79年12月7日,二層,一層 二層 騎樓,全筆移轉
RPSNMLSKKHKGFCT27DA,5,217.73,住宅,鋼筋混凝土構造,108年8月1日,四層,一層 二層 三層 四層 陽台,全筆移轉
RPRNMLRJKHKGFAT76DA,,54.68,集合住宅,鋼筋混凝土造,113年9月23日,十二層,八層 陽台,全筆移轉
RPRNMLRJKHKGFAT76DA,,30.03,本建物係十二層建物共有部分項目包括：防空避難室兼停車空間、梯間、垃圾儲藏區、梯廳、門廊、管委會空間、停車空間共７項；停車位共計４７輛。,鋼筋混凝土造,113年9月23日,十二層,,持分移轉
RPPOMLRKKHKGFCT96DA,,32.83,本共有部分之項目有停車空間、梯間、管理員室、門廊及電梯機房等五項。,鋼筋混凝土造,113年3月6日,五層,,持分移轉
RPPOMLRKKHKGFCT96DA,,51.37,集合住宅,鋼筋混凝土造,113年3月6日,五層,四層 陽台,全筆移轉
RPPPMLNKKIJGFCT66DA,,38.23,本共有部分之項目有騎樓、停車空間、電信室、公共梯間及樓梯間等五項。,鋼筋混凝土造,113年8月8日,五層,,持分移轉
RPPPMLNKKIJGFCT66DA,,90.45,集合住宅,鋼筋混凝土造,113年8月8日,五層,四層 陽台,全筆移轉
RPOPMLNKJHKGFAT88DA,,59.42,集合住宅,鋼筋混凝土造,113年9月24日,五層,二層 陽台,全筆移轉
RPOPMLNKJHKGFAT88DA,,29.17,機電設備空間（電信室）、停車空間、公共梯間、管委會空間（警衛室）、樓梯間,鋼筋混凝土造,113年9月24日,五層,,持分移轉
RPOOMLKKKIJGFAT58DA,,52.95,集合住宅,鋼筋混凝土造,113年9月4日,五層,四層 陽台,全筆移轉
RPOOMLKKKIJGFAT58DA,,31.22,本共有部分之項目有停車空間、公共梯間、電信室、樓梯間及電梯間等５項。,鋼筋混凝土造,113年9月4日,五層,,持分移轉
RPPNMLTJJHKGFAT66DA,,86.60,集合住宅,鋼筋混凝土造,113年9月24日,五層,三層 陽台,全筆移轉
RPPNMLTJJHKGFAT66DA,,42.51,機電設備空間（電信室）、停車空間、公共梯間、管委會空間（警衛室）、樓梯間,鋼筋混凝土造,113年9月24日,五層,,持分移轉
RPWNMLTJJHKGFAT37DA,,86.60,集合住宅,鋼筋混凝土造,113年9月24日,五層,二層 陽台,全筆移轉
RPWNMLTJJHKGFAT37DA,,42.51,機電設備空間（電信室）、停車空間、公共梯間、管委會空間（警衛室）、樓梯間,鋼筋混凝土造,113年9月24日,五層,,持分移轉
RPWNMLNKKIJGFCT17DA,,42.77,本共有部分之項目有騎樓、停車空間、電信室、公共梯間及樓梯間等五項。,鋼筋混凝土造,113年8月8日,五層,,持分移轉
RPWNMLNKKIJGFCT17DA,,92.14,集合住宅,鋼筋混凝土造,113年8月8日,五層,二層 陽台,全筆移轉
RPROMLMJKIJGFAT98DA,,52.31,集合住宅,鋼筋混凝土造,113年9月4日,五層,四層 陽台,全筆移轉
RPROMLMJKIJGFAT98DA,,30.73,本共有部分之項目有停車空間、公共梯間、電信室、樓梯間及電梯間等５項。,鋼筋混凝土造,113年9月4日,五層,,持分移轉
RPSNMLRJKHKGFAT86DA,,73.51,集合住宅,鋼筋混凝土造,113年9月23日,十二層,八層 陽台,全筆移轉
RPSNMLRJKHKGFAT86DA,,67.36,本建物係十二層建物共有部分項目包括：防空避難室兼停車空間、梯間、垃圾儲藏區、梯廳、門廊、管委會空間、停車空間共７項；停車位共計４７輛。,鋼筋混凝土造,113年9月23日,十二層,,持分移轉
RPSOMLNKKIJGFCT86DA,,38.18,本共有部分之項目有騎樓、停車空間、電信室、公共梯間及樓梯間等五項。,鋼筋混凝土造,113年8月8日,五層,,持分移轉
RPSOMLNKKIJGFCT86DA,,90.09,集合住宅,鋼筋混凝土造,113年8月8日,五層,三層 陽台,全筆移轉
RPQOMLRJKHKGFAT76DA,,73.51,集合住宅,鋼筋混凝土造,113年9月23日,十二層,六層 陽台,全筆移轉
RPQOMLRJKHKGFAT76DA,,67.36,本建物係十二層建物共有部分項目包括：防空避難室兼停車空間、梯間、垃圾儲藏區、梯廳、門廊、管委會空間、停車空間共７項；停車位共計４７輛。,鋼筋混凝土造,113年9月23日,十二層,,持分移轉
RPPNMLRJKHKGFAT56DA,,54.53,集合住宅,鋼筋混凝土造,113年9月23日,十二層,二層 陽台,全筆移轉
RPPNMLRJKHKGFAT56DA,,29.92,本建物係十二層建物共有部分項目包括：防空避難室兼停車空間、梯間、垃圾儲藏區、梯廳、門廊、管委會空間、停車空間共７項；停車位共計４７輛。,鋼筋混凝土造,113年9月23日,十二層,,持分移轉
RPTNMLTKKIJGFAT27DA,2,85.36,集合住宅,鋼筋混凝土造,111年4月22日,五層,二層 陽台,全筆移轉
RPTNMLTKKIJGFAT27DA,2,42.80,停車空間、管委會使用空間、電信室、樓梯間、機械室,鋼筋混凝土造,111年4月22日,五層,,持分移轉
RPRNMLKKKHKGFET56DA,,59.62,Ｈ２集合住宅,鋼筋混凝土造,113年9月13日,六層,六層 陽台,全筆移轉
RPRNMLKKKHKGFET56DA,,29.29,Ｈ２集合住宅,鋼筋混凝土造,113年9月13日,六層,,持分移轉
RPPNMLOLIIJGFAT98EA,43,11.84,共同部份,鋼筋混凝土造,71年2月27日,五層,,持分移轉
RPPNMLOLIIJGFAT98EA,43,67.50,公寓,鋼筋混凝土造,71年2月27日,五層,一層,全筆移轉
RPQPMLRJKHKGFAT86DA,,73.51,集合住宅,鋼筋混凝土造,113年9月23日,十二層,八層 陽台,全筆移轉
RPQPMLRJKHKGFAT86DA,,67.36,本建物係十二層建物共有部分項目包括：防空避難室兼停車空間、梯間、垃圾儲藏區、梯廳、門廊、管委會空間、停車空間共７項；停車位共計４７輛。,鋼筋混凝土造,113年9月23日,十二層,,持分移轉
RPOPMLRJKHKGFAT66DA,,54.68,集合住宅,鋼筋混凝土造,113年9月23日,十二層,二層 陽台,全筆移轉
RPOPMLRJKHKGFAT66DA,,57.03,本建物係十二層建物共有部分項目包括：防空避難室兼停車空間、梯間、垃圾儲藏區、梯廳、門廊、管委會空間、停車空間共７項；停車位共計４７輛。,鋼筋混凝土造,113年9月23日,十二層,,持分移轉
RPXOMLRJKHKGFAT47DA,,73.51,集合住宅,鋼筋混凝土造,113年9月23日,十二層,五層 陽台,全筆移轉
RPXOMLRJKHKGFAT47DA,,67.36,本建物係十二層建物共有部分項目包括：防空避難室兼停車空間、梯間、垃圾儲藏區、梯廳、門廊、管委會空間、停車空間共７項；停車位共計４７輛。,鋼筋混凝土造,113年9月23日,十二層,,持分移轉
RPPPMLRJKHKGFAT76DA,,73.51,集合住宅,鋼筋混凝土造,113年9月23日,十二層,二層 陽台,全筆移轉
RPPPMLRJKHKGFAT76DA,,67.36,本建物係十二層建物共有部分項目包括：防空避難室兼停車空間、梯間、垃圾儲藏區、梯廳、門廊、管委會空間、停車空間共７項；停車位共計４７輛。,鋼筋混凝土造,113年9月23日,十二層,,持分移轉
RPWOMLRJKHKGFAT37DA,,73.51,集合住宅,鋼筋混凝土造,113年9月23日,十二層,九層 陽台,全筆移轉
RPWOMLRJKHKGFAT37DA,,67.36,本建物係十二層建物共有部分項目包括：防空避難室兼停車空間、梯間、垃圾儲藏區、梯廳、門廊、管委會空間、停車空間共７項；停車位共計４７輛。,鋼筋混凝土造,113年9月23日,十二層,,持分移轉
RPTOMLRJKHKGFAT07DA,,54.68,集合住宅,鋼筋混凝土造,113年9月23日,十二層,六層 陽台,全筆移轉
RPTOMLRJKHKGFAT07DA,,30.03,本建物係十二層建物共有部分項目包括：防空避難室兼停車空間、梯間、垃圾儲藏區、梯廳、門廊、管委會空間、停車空間共７項；停車位共計４７輛。,鋼筋混凝土造,113年9月23日,十二層,,持分移轉
RPVOMLRJKHKGFAT27DA,,73.51,集合住宅,鋼筋混凝土造,113年9月23日,十二層,十一層 陽台,全筆移轉
RPVOMLRJKHKGFAT27DA,,67.36,本建物係十二層建物共有部分項目包括：防空避難室兼停車空間、梯間、垃圾儲藏區、梯廳、門廊、管委會空間、停車空間共７項；停車位共計４７輛。,鋼筋混凝土造,113年9月23日,十二層,,持分移轉
RPUOMLRJKHKGFAT17DA,,73.51,集合住宅,鋼筋混凝土造,113年9月23日,十二層,七層 陽台,全筆移轉
RPUOMLRJKHKGFAT17DA,,67.36,本建物係十二層建物共有部分項目包括：防空避難室兼停車空間、梯間、垃圾儲藏區、梯廳、門廊、管委會空間、停車空間共７項；停車位共計４７輛。,鋼筋混凝土造,113年9月23日,十二層,,持分移轉
