﻿鄉鎮市區,交易標的,土地位置建物門牌,土地面積平方公尺,都市土地使用分區,非都市土地使用分區,非都市土地使用編定,租賃年月日,租賃筆棟數,租賃層次,總樓層數,建物型態,主要用途,主要建材,建築完成年月,建物總面積平方公尺,建物現況格局-房,建物現況格局-廳,建物現況格局-衛,建物現況格局-隔間,有無管理組織,有無附傢俱,總額元,單價元平方公尺,車位類別,車位面積平方公尺,車位總額元,備註,編號,出租型態,有無管理員,租賃期間,有無電梯,附屬設備,租賃住宅服務
The villages and towns urban district,transaction sign,land sector position building sector house number plate,land shifting total area square meter,the use zoning or compiles and checks,the non-metropolis land use district,non-metropolis land use,transaction year month and day,transaction pen number,shifting level,total floor number,building state,main use,main building materials,construction to complete the years,building shifting total area,Building present situation pattern - room,building present situation pattern - hall,building present situation pattern - health,building present situation pattern - compartmented,Whether there is manages the organization,Whether there is attaches the furniture,total price NTD,the unit price (NTD / square meter),the berth category,berth shifting total area square meter,the berth total price NTD,the note,serial number,Rental type,Residential Manager,Rental period,elevator,equipment,Rental residential services
內埔鄉,租賃房屋,屏東縣內埔鄉內田村３０鄰德修路１之２０號２樓之５,0.0,,,,1140113,土地0建物1車位0,二層,5,華廈(10層含以下有電梯),集合住宅,鋼筋混凝土構造,1111027,106.80000000000001,3,2,2,有,有,有,18000,169,,0.0,0,,RPRNMLNKJHKGFCT66CC,整棟(戶)出租,有,1140115~1150114,有,冷氣、熱水器、洗衣機、冰箱,社會住宅代管
里港鄉,租賃房屋,屏東縣里港鄉潮厝村潮厝路８６之２號,0.0,,,,1140114,土地0建物1車位0,全,2,透天厝,住家用,加強磚造,0790304,130.74,2,1,1,有,無,無,6000,46,,0.0,0,,RPPNMLOKJHKGFBT09CC,整棟(戶)出租,無,1140223~1150222,無,熱水器、冰箱,社會住宅代管
內埔鄉,租賃房屋,屏東縣內埔鄉壽比路２６１號４樓之１,0.0,,,,1140115,土地0建物1車位0,四層,5,華廈(10層含以下有電梯),集合住宅,鋼筋混凝土構造,0920501,21.64,1,1,1,有,有,有,3000,139,,0.0,0,租金總額含管理費；,RPVNMLOKJHKGFCT17CC,獨立套房,有,1140220~1150219,有,冷氣、熱水器、電視機、冰箱,社會住宅代管
屏東市,租賃房屋,屏東縣屏東市開封街９之４２號,0.0,,,,1140114,土地0建物1車位0,五層,5,公寓(5樓含以下無電梯),住家用,鋼筋混凝土造,0690717,97.7,3,2,2,有,無,有,8500,87,,0.0,0,此為屏東縣政府包租代管計畫。,RPPNMLPKJHKGFAT09CC,整棟(戶)出租,無,1140210~1150209,無,冷氣、熱水器、洗衣機、電視機、冰箱、瓦斯或天然氣,社會住宅包租轉租
屏東市,租賃房屋,屏東縣屏東市忠孝路２４７巷５２弄３號,0.0,,,,1140114,土地0建物1車位0,全,3,透天厝,住家用,鋼筋混凝土造,0690314,95.62,4,2,2,有,無,有,9000,94,,0.0,0,此為屏東縣政府包租代管計畫。,RPQNMLPKJHKGFAT56CC,整棟(戶)出租,無,1140131~1150130,無,冷氣、熱水器、瓦斯或天然氣,社會住宅包租轉租
內埔鄉,租賃房屋,屏東縣內埔鄉惠陽街３０號三樓,0.0,,,,1140114,土地0建物1車位0,三層,6,華廈(10層含以下有電梯),住家用,鋼筋混凝土造,0830915,138.95,3,1,2,有,有,有,10000,72,,0.0,0,此為屏東縣政府包租代管計畫。,RPPNMLPKJHKGFCT66CC,整棟(戶)出租,無,1140216~1150215,有,冷氣、熱水器、洗衣機、電視機、冰箱、瓦斯或天然氣,社會住宅包租轉租
潮州鎮,租賃房屋,屏東縣潮州鎮延平路７７號,200.58,商,,,1140115,土地2建物1車位0,全,3,透天厝,住商用,加強磚造,0641208,217.62,3,2,2,有,無,無,33000,152,,0.0,0,租金總額含稅；,RPQNMLPKJHKGFCT76CC,,無,1140203~1190202,無,,
長治鄉,租賃房屋,屏東縣長治鄉長春街一段５２號３樓之９,0.0,,,,1140113,土地0建物1車位0,三層,6,華廈(10層含以下有電梯),辦公室,鋼筋混凝土造,0930630,21.66,1,0,1,有,有,有,4150,192,,0.0,0,含增建或未登記建物；續租案件；,RPPNMLQKJHKGFAT56CC,獨立套房,有,1140201~1140731,有,冷氣、熱水器、電視機、冰箱、網路,一般代管
屏東市,租賃房屋+車位,屏東縣屏東市崁頂一路４５１號三樓之五,0.0,,,,1140113,土地0建物1車位1,三層,5,華廈(10層含以下有電梯),集合住宅,鋼筋混凝土造,1130527,82.09,2,2,2,有,有,有,16000,195,一樓平面,0.0,0,,RPVNMLQKJHKGFAT17CC,整棟(戶)出租,有,1140115~1150114,有,冷氣、熱水器、洗衣機、電視機、冰箱、瓦斯或天然氣,社會住宅包租轉租
屏東市,租賃房屋,屏東縣屏東市信義路５６號３樓之５,0.0,,,,1140116,土地0建物1車位0,三層,5,華廈(10層含以下有電梯),住家用,鋼筋混凝土造,0840104,35.3,1,1,1,有,有,有,5300,150,,0.0,0,屏東縣政府包租代管計畫,RPRNMLRKJHKGFAT86CC,獨立套房,無,1140220~1150224,有,冷氣、熱水器、洗衣機、冰箱,社會住宅包租轉租
屏東市,租賃房屋,屏東縣屏東市機場北路４３６號八樓,0.0,,,,1140115,土地0建物1車位0,八層,14,住宅大樓(11層含以上有電梯),集合住宅,鋼筋混凝土造,0881204,61.54,2,1,1,有,有,有,11500,187,,0.0,0,,RPSNMLRKJHKGFAT96CC,整棟(戶)出租,有,1140123~1150122,有,冷氣、熱水器、洗衣機、冰箱、瓦斯或天然氣,社會住宅包租轉租
內埔鄉,租賃房屋,屏東縣內埔鄉壽比路２６１號４樓之７,0.0,,,,1140111,土地0建物1車位0,四層,5,華廈(10層含以下有電梯),見使用執照,鋼筋混凝土造,0920501,22.64,1,0,1,有,有,有,3500,155,,0.0,0,含增建或未登記建物；續租案件；,RPPNMLRKJHKGFCT86CC,獨立套房,有,1140301~1140831,有,冷氣、熱水器、電視機、冰箱、網路,一般代管
內埔鄉,租賃房屋,屏東縣內埔鄉學興路２８巷１６號七樓,0.0,,,,1140115,土地0建物1車位0,七層,8,華廈(10層含以下有電梯),住家用,鋼筋混凝土造,0840120,122.05000000000001,3,2,2,有,有,有,10000,82,,0.0,0,,RPTNMLKLJHKGFCT66CC,整棟(戶)出租,有,1140119~1150118,有,冷氣、熱水器、洗衣機、電視機、冰箱、瓦斯或天然氣,社會住宅包租轉租
新園鄉,租賃房屋,屏東縣新園鄉田南路４６之１號四樓之一,0.0,,,,1140114,土地0建物1車位0,四層,6,華廈(10層含以下有電梯),集合住宅,鋼筋混凝土構造,1100429,108.37,3,1,2,有,有,有,12000,111,,0.0,0,此為屏東縣政府包租代管計畫。,RPPNMLKLJHKGFDT98CC,整棟(戶)出租,有,1140114~1150113,有,冷氣、熱水器、洗衣機、瓦斯或天然氣,社會住宅包租轉租
屏東市,租賃房屋,屏東縣屏東市公裕街１９５巷１２弄１０之４號,0.0,,,,1140117,土地0建物1車位0,五層,5,公寓(5樓含以下無電梯),公寓,鋼筋混凝土造,0701221,74.45,3,2,1,有,無,有,6000,81,,0.0,0,此為屏東縣政府社會住宅包租代管計畫。,RPQNMLLLJHKGFAT88CC,整棟(戶)出租,無,1140224~1150223,無,熱水器、洗衣機、電視機、冰箱,社會住宅包租轉租
里港鄉,租賃房屋,屏東縣里港鄉永豐路一段１１８號,0.0,,,,1140116,土地0建物1車位0,全,3,透天厝,店舖、住宅,鋼筋混凝土造,1120809,219.92,5,2,5,有,無,無,30000,136,,0.0,0,,RPPNMLLLJHKGFBT88CC,整棟(戶)出租,無,1140210~1170209,無,冷氣、瓦斯或天然氣,
屏東市,租賃房屋,屏東縣屏東市勝利路３２２巷１之４號,0.0,,,,1140115,土地0建物1車位0,五層,5,公寓(5樓含以下無電梯),集合住宅,鋼筋混凝土造,0720620,89.21000000000001,3,2,2,有,無,有,10000,112,,0.0,0,,RPPNMLMLJHKGFAT88CC,整棟(戶)出租,無,1140214~1150213,無,冷氣、熱水器、洗衣機、電視機、冰箱、瓦斯或天然氣,社會住宅代管
長治鄉,租賃房屋+車位,屏東縣長治鄉瑞源路２４０號四樓之十九,0.0,,,,1140116,土地0建物1車位1,四層,11,住宅大樓(11層含以上有電梯),集合住宅,鋼筋混凝土造,0850607,109.49000000000001,3,2,2,有,有,無,15000,137,升降機械,0.0,0,此為屏東縣政府社會住宅包租代管計畫。,RPQNMLMLJHKGFAT98CC,整棟(戶)出租,有,1140121~1150120,有,冷氣、熱水器、瓦斯或天然氣,社會住宅代管
屏東市,租賃房屋,屏東縣屏東市公裕街３５３巷３８-３０號三樓,0.0,,,,1140117,土地0建物1車位0,三層,4,華廈(10層含以下有電梯),辦公室,鋼筋混凝土造,0970305,14.61,1,0,1,有,有,有,3800,260,,0.0,0,含增建或未登記建物；續租案件；,RPQNMLNLJHKGFAT09CC,獨立套房,有,1140205~1140804,有,冷氣、熱水器、電視機、冰箱、網路,一般代管
屏東市,租賃房屋,屏東縣屏東市建國路１１９巷１之９號,0.0,,,,1140112,土地0建物0車位0,四層,4,公寓(5樓含以下無電梯),住家用,鋼筋混凝土造,0790806,18.0,7,0,7,有,無,有,7000,389,,0.0,0,多人共同承租2；含增建或未登記建物；租賃建物部分範圍，且未計入共有部分面積；,RPPPMLNLJHKGFAT56CC,分租套房,無,1140112~1150111,無,冷氣、熱水器、電視機、冰箱、網路,一般轉租
內埔鄉,租賃房屋,屏東縣內埔鄉壽比路２６９號３樓之２７,0.0,,,,1140118,土地0建物1車位0,三層,5,華廈(10層含以下有電梯),見使用執照,鋼筋混凝土造,0920501,22.92,1,0,1,有,有,有,3500,153,,0.0,0,含增建或未登記建物；續租案件；,RPQNMLNLJHKGFCT66CC,獨立套房,有,1140219~1140818,有,冷氣、熱水器、電視機、冰箱、網路,一般代管
內埔鄉,租賃房屋,屏東縣內埔鄉壽比路２６９號４樓之２７,0.0,,,,1140117,土地0建物1車位0,四層,5,華廈(10層含以下有電梯),集合住宅,鋼筋混凝土造,0920501,22.92,1,0,1,有,有,有,3500,153,,0.0,0,含增建或未登記建物；續租案件；,RPRNMLNLJHKGFCT76CC,獨立套房,有,1140312~1140911,有,冷氣、熱水器、電視機、冰箱、網路,一般代管
屏東市,租賃房屋,屏東縣屏東市興豐路２２號,0.0,,,,1140117,土地0建物1車位0,二層,7,華廈(10層含以下有電梯),住家用,鋼筋混凝土造,0791029,103.9,4,1,2,有,有,無,19999,192,,0.0,0,租金總額含稅；含增建或未登記建物；,RPQNMLOLJHKGFAT56CC,,無,1140210~1170209,有,,
內埔鄉,租賃房屋,屏東縣內埔鄉南山路８８號３樓之４８,0.0,,,,1140116,土地0建物1車位0,三層,6,華廈(10層含以下有電梯),見使用執照,鋼筋混凝土造,0930712,18.39,1,0,1,有,有,有,3200,174,,0.0,0,含增建或未登記建物；,RPQNMLOLJHKGFCT76CC,獨立套房,有,1140201~1140731,有,冷氣、熱水器、電視機、冰箱、網路,一般代管
內埔鄉,租賃房屋,屏東縣內埔鄉南山路８８號３樓之５１,0.0,,,,1140118,土地0建物1車位0,三層,6,華廈(10層含以下有電梯),見使用執照,鋼筋混凝土造,0930712,19.95,1,0,1,有,有,有,3200,160,,0.0,0,含增建或未登記建物；,RPRNMLOLJHKGFCT86CC,獨立套房,有,1140210~1140809,有,冷氣、熱水器、電視機、冰箱、網路,一般代管
內埔鄉,租賃房屋,屏東縣內埔鄉科大北路２０１巷１６號,0.0,,,,1140111,土地0建物0車位0,全,2,透天厝,自用農舍,加強磚造,0910111,16.0,27,0,27,有,無,有,3700,231,,0.0,0,租金總額含水費；,RPSNMLOLJHKGFCT96CC,分租套房,無,1140111~1150110,無,冷氣、冰箱、網路,一般代管
內埔鄉,租賃房屋,屏東縣內埔鄉科大北路２０１巷１６號,0.0,,,,1140112,土地0建物0車位0,全,2,透天厝,自用農舍,加強磚造,0910111,16.0,27,0,27,有,無,有,3700,231,,0.0,0,租金總額含水費；,RPPNMLNJKHKGFCT09CC,分租套房,無,1140112~1150111,無,冷氣、冰箱、網路,一般代管
內埔鄉,租賃房屋,屏東縣內埔鄉科大北路２０１巷１６號,0.0,,,,1140116,土地0建物0車位0,全,2,透天厝,自用農舍,加強磚造,0910111,16.0,27,0,27,有,無,有,3700,231,,0.0,0,租金總額含水費；,RPPNMLPJKHKGFCT66CC,分租套房,無,1140201~1140831,無,冷氣、冰箱、網路,一般代管
屏東市,土地,和興段763地號,1749.5,,一般農業區,殯葬用地,1140117,土地1建物0車位0,,,其他,,,,0.0,0,0,0,無,無,無,36000,21,,0.0,0,,RPPNMLRJKHKGFAT66CC,,,1140201~1150131,,,
