﻿鄉鎮市區,交易標的,土地位置建物門牌,土地移轉總面積平方公尺,都市土地使用分區,非都市土地使用分區,非都市土地使用編定,交易年月日,交易筆棟數,移轉層次,總樓層數,建物型態,主要用途,主要建材,建築完成年月,建物移轉總面積平方公尺,建物現況格局-房,建物現況格局-廳,建物現況格局-衛,建物現況格局-隔間,有無管理組織,總價元,單價元平方公尺,車位類別,車位移轉總面積平方公尺,車位總價元,備註,編號,建案名稱,棟及號,解約情形
The villages and towns urban district,transaction sign,land sector position building sector house number plate,land shifting total area square meter,the use zoning or compiles and checks,the non-metropolis land use district,non-metropolis land use,transaction year month and day,transaction pen number,shifting level,total floor number,building state,main use,main building materials,construction to complete the years,building shifting total area,Building present situation pattern - room,building present situation pattern - hall,building present situation pattern - health,building present situation pattern - compartmented,Whether there is manages the organization,total price NTD,the unit price (NTD / square meter),the berth category,berth shifting total area square meter,the berth total price NTD,the note,serial number,build case,buildings,termination type
屏東市,房地(土地+建物)+車位,屏東縣屏東市復興南路一段,26.98,,一般農業區,甲種建築用地,1140112,土地3建物1車位1,四層,8,華廈(10層含以下有電梯),住家用,鋼筋混凝土造,,113.4,3,2,2,有,無,8180000,74113,一樓平面,19.22,1200000,,RPPNMLNKJHKGFAT78CB,MR55,A1棟4號,
內埔鄉,房地(土地+建物),屏東縣內埔鄉光明路292巷,95.02,住,,,1140111,土地1建物1車位0,全,3,透天厝,見其他登記事項,鋼筋混凝土造,,168.09,5,2,3,有,無,14200000,84479,,0.0,0,,RPPNMLNKJHKGFCT98CB,皇家欣天地3期 森鄰,A棟3號,
九如鄉,房地(土地+建物),屏東縣九如鄉九明村5鄰九龍路98-9號,112.69,住,,,1140112,土地3建物1車位0,全,3,透天厝,住家用,鋼筋混凝土造,,179.47,5,2,5,有,無,13380000,74553,,0.0,0,,RPQNMLQKJHKGFAT56CB,哲園 V,B棟B10號,
九如鄉,房地(土地+建物),屏東縣九如鄉九明村5鄰九龍路96號,118.78,住,,,1140113,土地3建物1車位0,全,3,透天厝,住家用,鋼筋混凝土造,,201.1,5,2,5,有,無,15680000,77971,,0.0,0,,RPRNMLQKJHKGFAT66CB,哲園 V,A棟A1號,
長治鄉,房地(土地+建物),屏東縣長治鄉單座二巷,57.24,,一般農業區,甲種建築用地,1140117,土地2建物1車位0,全,4,透天厝,見其他登記事項,鋼筋混凝土造,,144.65,4,2,4,有,無,10300000,71206,,0.0,0,,RPPNMLMLJHKGFAT78CB,東方領袖NO.5,A棟9號,
長治鄉,房地(土地+建物)+車位,屏東縣長治鄉潭頭路,20.37,商,,,1140117,土地1建物1車位1,三層,9,華廈(10層含以下有電梯),住家用,鋼筋混凝土造,,119.61,3,2,2,有,無,8600000,72333,坡道平面,20.07,1400000,,RPQNMLNJKHKGFAT88CB,白上白,A棟2號,
長治鄉,房地(土地+建物)+車位,屏東縣長治鄉復興路,25.29,,鄉村區,乙種建築用地,1140112,土地1建物1車位1,二層,8,華廈(10層含以下有電梯),住家用,鋼筋混凝土造,,116.49,2,1,2,有,無,9490000,82430,一樓平面,15.92,1200000,交易總價含下列非屬預售屋價格之費用:裝潢費；,RPRNMLNJKHKGFAT98CB,幸福欣印象-豐收區,E1棟2號,
潮州鎮,房地(土地+建物),屏東縣潮州鎮朝昇西路,20.52,住,,,1140120,土地3建物1車位0,一層,12,住宅大樓(11層含以上有電梯),住商用,鋼筋混凝土造,,102.25,1,1,1,有,無,15600000,152567,,0.0,0,,RPPNMLNJKHKGFCT98CB,欣潮-欣品樓,S5棟1號,
屏東市,房地(土地+建物),屏東縣屏東市建和街,393.28,工,,,1140111,土地3建物1車位0,一層,1,工廠,見其他登記事項,見其他登記事項,,197.4,1,0,2,有,無,27362870,,,0.0,0,,RPPNMLQJKHKGFAT09CB,加百列二期,A1棟A1號,
屏東市,房地(土地+建物),屏東縣屏東市建和街,366.11,工,,,1140111,土地3建物1車位0,一層,1,工廠,見其他登記事項,見其他登記事項,,193.2,1,0,2,有,無,22703545,,,0.0,0,,RPQNMLQJKHKGFAT56CB,加百列二期,A2棟A2號,
屏東市,房地(土地+建物),屏東縣屏東市建和街,367.46,工,,,1140111,土地5建物1車位0,一層,1,工廠,見其他登記事項,見其他登記事項,,193.2,1,0,2,有,無,22787390,,,0.0,0,,RPRNMLQJKHKGFAT66CB,加百列二期,A3棟A3號,
