﻿編號,土地位置,土地移轉面積平方公尺,使用分區或編定,權利人持分分母,權利人持分分子,移轉情形,地號
The serial number, land position,land shifting area square meter,the use zoning or compiles and checks,,,,land parcel
RPSPMLRJKHKGFAU17DA,永興段,22.47,非都市：鄉村區 ; 非都市編定：乙種建築用地,100000,2879,持分移轉,10460001
RPWNMLLKKHKGFAU86DA,自強段,23.99,都市：住,40000,4304,持分移轉,01080002
RPQNMLNKKHKGFBU56DA,加里洞段,1739.19,非都市：山坡地保育區 ; 非都市編定：農牧用地,1,1,全筆移轉,04760000
RPUOMLRKKHKGFAU37DA,仁廉段,6.00,都市：住,1,1,全筆移轉,01700000
RPQNMLOKKHKGFCU86EA,立山段,173.00,非都市：鄉村區 ; 非都市編定：乙種建築用地,1,1,全筆移轉,09590000
RPPNMLSJKHKGFCU07EA,玉城段,67.00,都市：其他:住宅區,1,1,全筆移轉,15580000
RPPNMLSJKHKGFCU07EA,玉城段,21.00,都市：其他:住宅區,1,1,全筆移轉,15600000
RPPNMLOKKHKGFCU76EA,後湖段,120.36,非都市：山坡地保育區 ; 非都市編定：丙種建築用地,1,1,全筆移轉,10500000
RPWOMLMJJHKGFAU86DA,民享段,37.30,都市：住,1000,73,持分移轉,18390000
RPROMLSJKHKGFAU07DA,自強段,62.00,都市：住,1,1,全筆移轉,04760005
RPROMLSJKHKGFAU07DA,自強段,100.00,都市：住,1,1,全筆移轉,04770013
RPWOMLOJKHKGFAU17DA,富國段,142.00,都市：住,1,1,全筆移轉,05210002
RPQOMLRKKHKGFAU96DA,北濱段,37.00,都市：商,2,1,持分移轉,09990002
RPQOMLRKKHKGFAU96DA,北濱段,6.00,都市：商,2,1,持分移轉,09990003
RPQOMLRKKHKGFAU96DA,北濱段,1.00,都市：其他:道路用地,2,1,持分移轉,09990021
RPQPMLRJKHKGFAU96DA,富國段,5.95,都市：其他:倉儲區,10000,36,持分移轉,00040001
RPPNMLNKKHKGFCU56DA,源北段,60.51,非都市：特定農業區 ; 非都市編定：甲種建築用地,1,1,全筆移轉,14920000
RPQNMLKKKHKGFCU98DA,古風段,490.00,非都市：山坡地保育區 ; 非都市編定：農牧用地,1,1,全筆移轉,09320000
RPQNMLKKKHKGFCU98DA,古風段,5090.00,非都市：山坡地保育區 ; 非都市編定：農牧用地,1,1,全筆移轉,09330000
RPXNMLMKKHKGFAU07DA,莊敬段,6.36,都市：住,10000,198,持分移轉,04260000
RPRPMLRJKHKGFAU07DA,興海段,90.52,都市：農,1,1,全筆移轉,08940000
RPPOMLMKKHKGFAU98DA,仁禮段,19.37,都市：商,100000,2437,持分移轉,00240000
RPPNMLMKKHKGFBU98DA,中興段,8004.52,非都市：山坡地保育區 ; 非都市編定：農牧用地,1,1,全筆移轉,08650000
RPPNMLMKKHKGFBU98DA,中興段,2773.26,非都市：山坡地保育區 ; 非都市編定：農牧用地,1,1,全筆移轉,08660000
RPQNMLLKKHKGFCU09DA,玉昌段,1.00,都市：其他:住宅區,1,1,全筆移轉,05700000
RPQNMLLKKHKGFCU09DA,玉昌段,101.00,都市：其他:道路用地,1,1,全筆移轉,05700001
RPPNMLNKKHKGFBU56EA,萬利段,733.56,非都市：山坡地保育區 ; 非都市編定：農牧用地,1,1,全筆移轉,19510000
RPPNMLSKKHKGFBU07EA,大安段,258.00,都市：其他:住宅區,1,1,全筆移轉,16040015
RPQNMLLKKHKGFBU09EA,萬利段,92.56,非都市：鄉村區 ; 非都市編定：乙種建築用地,1,1,全筆移轉,06530000
RPPNMLTKKHKGFBU17EA,丁仔漏段,50.30,非都市：風景區 ; 非都市編定：丙種建築用地,1,1,全筆移轉,00830000
RPPNMLTKKHKGFBU17EA,丁仔漏段,154.90,非都市：風景區 ; 非都市編定：丙種建築用地,1,1,全筆移轉,00840000
RPRNMLKKKHKGFAU88DA,林森段,59.00,都市：住,1,1,全筆移轉,31180000
RPPNMLLKKHKGFBU98EA,阿托莫段,1109.33,非都市：一般農業區 ; 非都市編定：農牧用地,1,1,全筆移轉,13100001
RPPNMLKKKHKGFAU68DA,碧雲段,32.61,都市：住,10000,230,持分移轉,00500005
RPPNMLKKKHKGFAU68DA,碧雲段,36.00,都市：住,1,1,全筆移轉,00500009
RPPNMLKKKHKGFAU68DA,碧雲段,11.14,都市：其他:道路用地,10000,92,持分移轉,00520001
RPPNMLKKKHKGFAU68DA,碧雲段,2.94,都市：住,10000,92,持分移轉,00520003
RPPNMLKKKHKGFAU68DA,碧雲段,1.74,都市：住,10000,92,持分移轉,00520007
RPPNMLKKKHKGFAU68DA,碧雲段,4.29,都市：住,10000,92,持分移轉,00520008
RPSNMLLKKHKGFCU66DA,玉城段,213.00,都市：其他:道路用地,1,1,全筆移轉,13410002
RPPNMLQKKHKGFCU86DA,瑞新段,163.00,都市：其他:住宅區,1,1,全筆移轉,01140000
RPTOMLRKKHKGFAU27DA,國風段,54.00,都市：住,1,1,全筆移轉,02050000
RPTNMLOLJHKGFAU86DA,下台地段,3340.04,非都市：一般農業區 ; 非都市編定：農牧用地,1,1,全筆移轉,09640000
RPPNMLOJKHKGFAU98DA,嘉南段,115.00,都市：住,1,1,全筆移轉,06470001
RPPNMLSKKHKGFBU96DA,馬遠段,5010.00,非都市：山坡地保育區 ; 非都市編定：農牧用地,1,1,全筆移轉,13330502
RPQNMLOJKHKGFAU09DA,嘉南段,122.00,都市：住,1,1,全筆移轉,06470000
RPQNMLOJKHKGFAU09DA,嘉南段,114.00,都市：住,1,1,全筆移轉,06470002
RPRNMLKKKHKGFCU09DA,興北段,2710.55,非都市：一般農業區 ; 非都市編定：農牧用地,1,1,全筆移轉,11480000
RPQNMLRKKHKGFCU07DA,富山段,2608.95,非都市：山坡地保育區 ; 非都市編定：暫未編定,1,1,全筆移轉,04540000
RPXNMLSKKHKGFAU67DA,主商段,11.16,都市：商,10000,91,持分移轉,07060000
RPXNMLSKKHKGFAU67DA,主商段,.40,都市：其他:道路用地,10000,91,持分移轉,07060002
RPOOMLSKKHKGFAU86DA,太昌段,102.00,都市：住,1,1,全筆移轉,06210019
RPPNMLRKKHKGFCU96DA,玉璞段,14.00,都市：其他:商業區,1,1,全筆移轉,05210000
RPPNMLRKKHKGFCU96DA,玉璞段,149.00,都市：其他:商業區,1,1,全筆移轉,05220000
RPSOMLOJKHKGFAU76DA,仁恥段,26.49,都市：住,100000,3953,持分移轉,09090000
RPRNMLTKKHKGFAU17DA,富國段,9.09,都市：其他:倉儲區,10000,55,持分移轉,00040001
RPUOMLRJKHKGFAU27DA,太昌段,80.00,都市：住,1,1,全筆移轉,05600000
RPQNMLLKKHKGFAU88DA,福安段,56.00,都市：住,1,1,全筆移轉,09840000
RPUNMLLKKHKGFAU66DA,仁義段,95.00,都市：住,1,1,全筆移轉,05160000
RPRNMLMKKHKGFAU09DA,裕民段,129.00,都市：住,1,1,全筆移轉,05030012
RPRNMLSJKHKGFAU96DA,莊敬段,20.56,都市：住,9,1,持分移轉,06950000
RPQNMLSJKHKGFAU86DA,國興段,143.95,都市：農,1,1,全筆移轉,04740015
RPSNMLSJKHKGFAU07DA,莊敬段,20.56,都市：住,9,1,持分移轉,06950000
RPPNMLMKKHKGFAU88DA,莊敬段,20.56,都市：住,9,1,持分移轉,06950000
RPOOMLMKKHKGFAU88DA,光輝段,345.34,非都市：一般農業區 ; 非都市編定：農牧用地,1,1,全筆移轉,04060009
RPQOMLMKKHKGFAU09DA,福祥段,69.00,都市：住,1,1,全筆移轉,05540013
RPPNMLRJKHKGFCU96EA,蚊子洞段,121.06,非都市：鄉村區 ; 非都市編定：乙種建築用地,2,1,持分移轉,04410000
RPPNMLRKKHKGFAU76DA,壽農段,102.89,非都市：鄉村區 ; 非都市編定：乙種建築用地,1,1,全筆移轉,16330000
RPTNMLNKKHKGFAU76DA,白雲段,80.30,非都市：鄉村區 ; 非都市編定：乙種建築用地,1,1,全筆移轉,01250000
RPTNMLNKKHKGFAU76DA,白雲段,80.00,非都市：鄉村區 ; 非都市編定：乙種建築用地,1,1,全筆移轉,01260000
RPSNMLNKKHKGFAU66DA,福安段,57.00,都市：住,1,1,全筆移轉,12430002
RPQNMLNKKHKGFAU09DA,富國段,160.00,都市：商,1,1,全筆移轉,00350010
RPQNMLNKKHKGFAU09DA,富國段,80.00,都市：商,1,1,全筆移轉,00350016
RPPNMLNJKHKGFBU98DA,北林段,4491.32,非都市：特定農業區 ; 非都市編定：農牧用地,1,1,全筆移轉,04900000
RPSOMLRKKHKGFAU17DA,北濱段,93.00,都市：住,1,1,全筆移轉,15030000
RPSOMLRKKHKGFAU17DA,北濱段,11.00,都市：其他:住宅區,1,1,全筆移轉,15040000
RPPNMLNKKHKGFCU66EA,神社段,18861.99,非都市：山坡地保育區 ; 非都市編定：農牧用地,1,1,全筆移轉,01260000
RPPNMLNKKHKGFCU66EA,神社段,867.59,非都市：山坡地保育區 ; 非都市編定：農牧用地,1,1,全筆移轉,02470000
RPPNMLNKKHKGFCU66EA,神社段,4305.19,非都市：山坡地保育區 ; 非都市編定：農牧用地,1,1,全筆移轉,02480000
RPRNMLLKKHKGFAU98DA,光學段,644.74,非都市：一般農業區 ; 非都市編定：農牧用地,1,1,全筆移轉,07800000
RPSNMLRKKHKGFAU07DA,宜安段,88.00,都市：其他:道路用地,1,1,全筆移轉,03440000
RPROMLRKKHKGFAU07DA,慶豐段,104.00,都市：住,1,1,全筆移轉,10550000
RPPNMLSKKHKGFAU86DA,福祥段,142.00,都市：住,1,1,全筆移轉,10540000
RPTPMLRJKHKGFAU27DA,主權段,109.00,都市：商,1,1,全筆移轉,08890001
RPTPMLRJKHKGFAU27DA,主權段,6.20,都市：其他:道路用地,144,47,持分移轉,08900000
RPPNMLSJKHKGFAU76DA,民享段,25.76,都市：商,10000,241,持分移轉,17510000
RPPNMLSJKHKGFAU76DA,民享段,.14,都市：住,10000,241,持分移轉,17610001
RPPOMLNKKHKGFAU09DA,南埔段,135.00,非都市：鄉村區 ; 非都市編定：乙種建築用地,1,1,全筆移轉,25660013
RPPOMLNKKHKGFAU09DA,南埔段,90.00,非都市：鄉村區 ; 非都市編定：乙種建築用地,1,1,全筆移轉,25660027
RPROMLMKKHKGFAU56DA,南埔段,122.00,非都市：鄉村區 ; 非都市編定：乙種建築用地,1,1,全筆移轉,23130010
RPRNMLNKKHKGFBU66DA,北林段,3831.12,非都市：特定農業區 ; 非都市編定：農牧用地,1,1,全筆移轉,05570000
RPSNMLKKKHKGFAU98DA,富國段,11.82,都市：商,10000,275,持分移轉,01290000
RPTNMLOKKHKGFAU86DA,富國段,42.96,都市：商,10000,722,持分移轉,00400000
RPRNMLNKKHKGFCU76DA,玉里段,2539.00,非都市：特定農業區 ; 非都市編定：農牧用地,1,1,全筆移轉,29110000
RPRNMLNKKHKGFCU76DA,玉里段,2540.00,非都市：特定農業區 ; 非都市編定：農牧用地,1,1,全筆移轉,29120000
RPRNMLRKKHKGFAU96DA,民享段,3.39,都市：商,10000,48,持分移轉,14990000
RPOOMLOJKHKGFAU98DA,仁恥段,28.93,都市：住,100000,4318,持分移轉,09090000
RPOOMLNKKHKGFAU98DA,仁禮段,22.49,都市：商,100000,2829,持分移轉,00240000
RPPNMLRJKHKGFCU86DA,瑞美段,230.94,都市：其他:住宅區,1,1,全筆移轉,09610000
RPPNMLNLJHKGFCU56DA,玉璞段,111.00,都市：其他:商業區,1,1,全筆移轉,03520000
RPPNMLRKJHKGFAU66DA,吉興段,117.98,都市：住,1,1,全筆移轉,02750000
RPPNMLQKJHKGFAU56DA,潭北段,788.18,都市：農,1,1,全筆移轉,01130000
RPUNMLNKKHKGFAU86DA,太昌段,23.42,都市：住,28100,2342,持分移轉,07820000
RPPNMLLKKHKGFAU78DA,富國段,158.00,都市：住,1,1,全筆移轉,00810001
RPQNMLSJKHKGFCU07DA,瑞新段,93.66,都市：其他:住宅區,1,1,全筆移轉,00470022
RPRNMLRJKHKGFCU07DA,瑞新段,93.90,都市：其他:住宅區,1,1,全筆移轉,00470019
RPPNMLSJKHKGFCU96DA,瑞新段,93.81,都市：其他:住宅區,1,1,全筆移轉,00470020
RPSNMLLKKHKGFAU09DA,南埔段,87.00,非都市：特定農業區 ; 非都市編定：甲種建築用地,1,1,全筆移轉,29540016
RPRNMLSJKHKGFCU17DA,瑞新段,93.50,都市：其他:住宅區,1,1,全筆移轉,00470024
RPSNMLRJKHKGFCU17DA,瑞新段,94.05,都市：其他:住宅區,1,1,全筆移轉,00470017
RPSOMLMKKHKGFAU66DA,主商段,9.30,都市：其他:商業區,37,1,持分移轉,11500000
RPROMLRJKHKGFAU96DA,南埔段,354.00,非都市：特定農業區 ; 非都市編定：甲種建築用地,1,1,全筆移轉,26240000
RPROMLRJKHKGFAU96DA,南埔段,324.00,非都市：特定農業區 ; 非都市編定：甲種建築用地,1,1,全筆移轉,26240003
RPROMLRJKHKGFAU96DA,南埔段,324.00,非都市：特定農業區 ; 非都市編定：甲種建築用地,1,1,全筆移轉,26240004
RPROMLRJKHKGFAU96DA,南埔段,324.00,非都市：特定農業區 ; 非都市編定：甲種建築用地,1,1,全筆移轉,26240005
RPROMLRJKHKGFAU96DA,南埔段,324.00,非都市：特定農業區 ; 非都市編定：甲種建築用地,1,1,全筆移轉,26240007
RPPPMLRJKHKGFAU86DA,嘉南段,34.88,都市：農,100000,8467,持分移轉,07050000
RPPPMLRJKHKGFAU86DA,嘉南段,2.29,都市：農,34,1,持分移轉,07060000
RPPPMLRJKHKGFAU86DA,嘉南段,9.62,都市：農,34,1,持分移轉,07060002
RPPPMLRJKHKGFAU86DA,嘉南段,21.88,都市：農,16,1,持分移轉,07060039
RPPPMLRJKHKGFAU86DA,嘉南段,15.00,都市：農,1,1,全筆移轉,07060041
RPXNMLSJKHKGFAU57DA,嘉南段,32.71,都市：農,100000,7940,持分移轉,07050000
RPXNMLSJKHKGFAU57DA,嘉南段,2.29,都市：農,34,1,持分移轉,07060000
RPXNMLSJKHKGFAU57DA,嘉南段,9.62,都市：農,34,1,持分移轉,07060002
RPXNMLSJKHKGFAU57DA,嘉南段,39.00,都市：農,1,1,全筆移轉,07060025
RPXNMLSJKHKGFAU57DA,嘉南段,15.00,都市：農,1,1,全筆移轉,07060028
RPXNMLSJKHKGFAU57DA,嘉南段,21.88,都市：農,16,1,持分移轉,07060039
RPSOMLRJKHKGFAU07DA,嘉南段,36.39,都市：農,100000,8832,持分移轉,07050000
RPSOMLRJKHKGFAU07DA,嘉南段,2.29,都市：農,34,1,持分移轉,07060000
RPSOMLRJKHKGFAU07DA,嘉南段,9.62,都市：農,34,1,持分移轉,07060002
RPSOMLRJKHKGFAU07DA,嘉南段,21.88,都市：農,16,1,持分移轉,07060039
RPSOMLRJKHKGFAU07DA,嘉南段,15.00,都市：農,1,1,全筆移轉,07060043
RPUNMLMKKHKGFAU76DA,嘉南段,35.30,都市：農,100000,8568,持分移轉,07050000
RPUNMLMKKHKGFAU76DA,嘉南段,2.29,都市：農,34,1,持分移轉,07060000
RPUNMLMKKHKGFAU76DA,嘉南段,9.62,都市：農,34,1,持分移轉,07060002
RPUNMLMKKHKGFAU76DA,嘉南段,21.88,都市：農,16,1,持分移轉,07060039
RPUNMLMKKHKGFAU76DA,嘉南段,15.00,都市：農,1,1,全筆移轉,07060042
RPUNMLNLJHKGFAU86DA,光輝段,763.43,非都市：一般農業區 ; 非都市編定：農牧用地,1,1,全筆移轉,03490000
RPPOMLSJKHKGFAU86DA,嘉南段,34.88,都市：農,100000,8467,持分移轉,07050000
RPPOMLSJKHKGFAU86DA,嘉南段,2.29,都市：農,34,1,持分移轉,07060000
RPPOMLSJKHKGFAU86DA,嘉南段,9.62,都市：農,34,1,持分移轉,07060002
RPPOMLSJKHKGFAU86DA,嘉南段,15.00,都市：農,1,1,全筆移轉,07060038
RPPOMLSJKHKGFAU86DA,嘉南段,21.88,都市：農,16,1,持分移轉,07060039
RPQOMLSJKHKGFAU96DA,仁恥段,26.49,都市：住,100000,3953,持分移轉,09090000
RPRNMLMLJHKGFAU09DA,富國段,3.34,都市：商,10000,20,持分移轉,03090000
RPVNMLPLJIJGFAU17DA,國股段,17.65,都市：住,10000,764,持分移轉,05430000
RPVNMLPLJIJGFAU17DA,國股段,34.81,都市：住,10000,764,持分移轉,05500000
RPQNMLTJKIJGFBU07DA,鳳仁段,181.00,都市：其他:住宅區,1,1,全筆移轉,10380000
RPQNMLTJKIJGFBU07DA,鳳仁段,34.00,都市：其他:道路用地,1,1,全筆移轉,10380001
RPQNMLTJKIJGFBU07DA,鳳仁段,9.00,都市：其他:鐵路用地,1,1,全筆移轉,10380002
RPQNMLTJKIJGFBU07DA,鳳仁段,8.00,都市：其他:住宅區,1,1,全筆移轉,10390000
RPVNMLNKJHKGFAU86DA,裕民段,82.38,都市：其他:住宅區,100000,8330,持分移轉,04390000
RPVNMLNKJHKGFAU86DA,裕民段,33.96,都市：其他:住宅區,100000,3434,持分移轉,04390000
RPOOMLTKRHJGFAU57DA,德安段,92.00,都市：住,1,1,全筆移轉,12880001
RPOOMLTKRHJGFAU57DA,德安段,249.00,都市：其他:住宅區,1,1,全筆移轉,12900000
RPQNMLRJJHKGFAU66DA,裕民段,84.00,都市：其他:住宅區,1,1,全筆移轉,05070008
