﻿鄉鎮市區,交易標的,土地位置建物門牌,土地面積平方公尺,都市土地使用分區,非都市土地使用分區,非都市土地使用編定,租賃年月日,租賃筆棟數,租賃層次,總樓層數,建物型態,主要用途,主要建材,建築完成年月,建物總面積平方公尺,建物現況格局-房,建物現況格局-廳,建物現況格局-衛,建物現況格局-隔間,有無管理組織,有無附傢俱,總額元,單價元平方公尺,車位類別,車位面積平方公尺,車位總額元,備註,編號,出租型態,有無管理員,租賃期間,有無電梯,附屬設備,租賃住宅服務
The villages and towns urban district,transaction sign,land sector position building sector house number plate,land shifting total area square meter,the use zoning or compiles and checks,the non-metropolis land use district,non-metropolis land use,transaction year month and day,transaction pen number,shifting level,total floor number,building state,main use,main building materials,construction to complete the years,building shifting total area,Building present situation pattern - room,building present situation pattern - hall,building present situation pattern - health,building present situation pattern - compartmented,Whether there is manages the organization,Whether there is attaches the furniture,total price NTD,the unit price (NTD / square meter),the berth category,berth shifting total area square meter,the berth total price NTD,the note,serial number,Rental type,Residential Manager,Rental period,elevator,equipment,Rental residential services
花蓮市,租賃房屋,花蓮縣花蓮市中山路５７１巷３６號,0.0,,,,1140120,土地0建物0車位0,一層,4,公寓(5樓含以下無電梯),住家用,鋼筋混凝土造,0930426,23.33,6,1,6,有,無,有,5200,223,,0.0,0,,RPPNMLLLJHKGFAU88CC,分租套房,無,1140120~1150119,無,冷氣、熱水器、電視機,一般代管
新城鄉,租賃房屋,花蓮縣新城鄉新興一路５１號二樓之五,0.0,,,,1140119,土地0建物1車位0,二層,5,華廈(10層含以下有電梯),集合住宅,鋼筋混凝土造,1110816,68.78,2,2,2,有,有,有,14000,204,,0.0,0,,RPUNMLLLJHKGFAU76CC,整棟(戶)出租,有,1140119~1150118,有,冷氣、熱水器、洗衣機、電視機、冰箱,
花蓮市,租賃房屋,花蓮縣花蓮市莊敬路２４５巷１號五樓,0.0,,,,1140118,土地0建物1車位0,五層,5,公寓(5樓含以下無電梯),住家用,鋼筋混凝土造,0881208,72.16,2,2,1,有,無,有,14500,201,,0.0,0,,RPVNMLLLJHKGFAU86CC,整棟(戶)出租,無,1140120~1150119,無,冷氣、熱水器、洗衣機,
新城鄉,租賃房屋,花蓮縣新城鄉康樂一街１０９巷２０之１號,0.0,,,,1140111,土地0建物1車位0,全,2,透天厝,住家用,鋼筋混凝土加強磚造,0750331,68.18,3,2,2,有,無,有,20000,293,,0.0,0,,RPRNMLMLJHKGFAU56CC,整棟(戶)出租,無,1140112~1150111,無,冷氣、熱水器、洗衣機、電視機、冰箱、瓦斯或天然氣,
花蓮市,租賃房屋,花蓮縣花蓮市福建街３０９號,0.0,,,,1140118,土地0建物1車位0,全,2,透天厝,住家用,鋼筋水泥木造,,72.52,0,0,0,無,無,無,14000,193,,0.0,0,附有兩間衛浴,RPSNMLMLJHKGFAU66CC,整棟(戶)出租,無,1140201~1150131,無,,一般代管
花蓮市,租賃房屋,花蓮縣花蓮市府前路３００之８號,0.0,,,,1140117,土地0建物0車位0,全,4,透天厝,住家用,鋼筋混凝土造,1070413,27.01,9,1,9,有,無,有,8800,326,,0.0,0,,RPQNMLNLJHKGFAU66DC,分租套房,無,1140117~1150116,有,冷氣、熱水器、電視機、冰箱、網路,
花蓮市,租賃房屋,花蓮縣花蓮市裕民路１３３號,0.0,,,,1140120,土地0建物0車位0,全,3,透天厝,住家用,鋼鐵﹝鋼骨﹞造有牆,0950102,19.84,8,0,8,有,無,有,5500,277,,0.0,0,,RPTNMLOLJHKGFAU96CC,分租套房,無,1140201~1150131,有,冷氣、電視機、有線電視、網路,一般轉租
吉安鄉,租賃房屋,花蓮縣吉安鄉太昌路４８６號六樓之２,0.0,,,,1140117,土地0建物1車位0,六層,8,華廈(10層含以下有電梯),集合住宅,鋼筋混凝土造,1130919,77.65,2,2,2,有,有,有,17500,225,,0.0,0,,RPTNMLNJKHKGFAU76CC,整棟(戶)出租,無,1140128~1150127,有,冷氣、熱水器、洗衣機、冰箱,
新城鄉,租賃房屋,花蓮縣新城鄉嘉里四路２之１１號,0.0,,,,1140120,土地0建物1車位0,全,3,透天厝,住家用,鋼筋混凝土造,0850817,47.69,3,3,3,有,無,有,14500,304,,0.0,0,,RPVNMLOJKHKGFAU07CC,分層出租,無,1140120~1150119,無,冷氣、熱水器、洗衣機、電視機、冰箱,
花蓮市,租賃房屋,花蓮縣花蓮市中興路４３巷６號５樓之１,19.75,住,,,1140117,土地1建物1車位0,五層,7,華廈(10層含以下有電梯),住家用,鋼筋混凝土造,0821029,103.23,3,2,2,有,有,有,17500,170,,0.0,0,,RPXNMLLKKHKGFAU07CC,整棟(戶)出租,有,1140214~1160213,有,冷氣、熱水器、洗衣機、電視機,
