﻿編號,車位類別,車位價格,車位面積平方公尺,車位所在樓層
Serial number,berth category,berth price,berth area square meter,
RPSPMLRJKHKGFAU17DA,一樓平面,0,21.83,一樓
RPUNMLOKKHKGFAU96DA,坡道平面,760000,14.30,地下一樓
RPPNMLSJKHKGFAU76DA,坡道平面,0,17.31,地下二樓
RPOOMLOJKHKGFAU98DA,一樓平面,1000000,13.65,一樓
RPVNMLPLJIJGFAU17DA,坡道平面,0,22.01,地下一樓
RPVNMLNKJHKGFAU86DA,一樓平面,1000000,19.96,一樓
RPVNMLNKJHKGFAU86DA,一樓平面,1000000,19.96,一樓
RPVNMLNKJHKGFAU86DA,一樓平面,1000000,19.96,一樓
RPVNMLNKJHKGFAU86DA,一樓平面,1000000,19.96,一樓
RPVNMLNKJHKGFAU86DA,一樓平面,1000000,18.36,一樓
RPVNMLNKJHKGFAU86DA,一樓平面,1000000,18.36,一樓
RPVNMLNKJHKGFAU86DA,一樓平面,1000000,19.96,一樓
