﻿鄉鎮市區,交易標的,土地位置建物門牌,土地移轉總面積平方公尺,都市土地使用分區,非都市土地使用分區,非都市土地使用編定,交易年月日,交易筆棟數,移轉層次,總樓層數,建物型態,主要用途,主要建材,建築完成年月,建物移轉總面積平方公尺,建物現況格局-房,建物現況格局-廳,建物現況格局-衛,建物現況格局-隔間,有無管理組織,總價元,單價元平方公尺,車位類別,車位移轉總面積平方公尺,車位總價元,備註,編號,主建物面積,附屬建物面積,陽台面積,電梯,移轉編號
The villages and towns urban district,transaction sign,land sector position building sector house number plate,land shifting total area square meter,the use zoning or compiles and checks,the non-metropolis land use district,non-metropolis land use,transaction year month and day,transaction pen number,shifting level,total floor number,building state,main use,main building materials,construction to complete the years,building shifting total area,Building present situation pattern - room,building present situation pattern - hall,building present situation pattern - health,building present situation pattern - compartmented,Whether there is manages the organization,total price NTD,the unit price (NTD / square meter),the berth category,berth shifting total area square meter,the berth total price NTD,the note,serial number,main building area,auxiliary building area,balcony area,elevator,transaction number
萬榮鄉,土地,萬利段653地號,92.56,,鄉村區,乙種建築用地,1140205,土地1建物0車位0,,,其他,,,,0.0,0,0,0,無,無,200000,2161,,0.0,0,,RPQNMLLKKHKGFBU09EA,0.0,0.0,0.0,無,
玉里鎮,土地,玉城段1558地號,88.0,住,,,1140206,土地2建物0車位0,,,其他,,,,0.0,0,0,0,無,無,1000000,11364,,0.0,0,親友、員工、共有人或其他特殊關係間之交易；,RPPNMLSJKHKGFCU07EA,0.0,0.0,0.0,無,
花蓮市,房地(土地+建物),花蓮縣花蓮市莊敬路２８９號三樓之二,23.99,住,,,1140203,土地1建物1車位0,三層,五層,華廈(10層含以下有電梯),住家用,鋼筋混凝土造,0840429,100.16,2,2,1,有,有,5000000,49920,,0.0,0,其他增建；,RPWNMLLKKHKGFAU86DA,68.3,1.25,8.62,有,001
吉安鄉,房地(土地+建物)+車位,花蓮縣吉安鄉永吉一街５５號五樓之六,22.47,,鄉村區,乙種建築用地,1140206,土地1建物1車位1,五層,六層,華廈(10層含以下有電梯),住家用,鋼筋混凝土造,1130201,98.25,2,2,2,有,有,6360000,64733,一樓平面,21.83,0,,RPSPMLRJKHKGFAU17DA,49.5,0.0,6.23,有,002
卓溪鄉,土地,古風段933地號,5580.0,,山坡地保育區,農牧用地,1140206,土地2建物0車位0,,,其他,,,,0.0,0,0,0,無,無,500000,90,,0.0,0,,RPQNMLKKKHKGFCU98DA,0.0,0.0,0.0,無,003
瑞穗鄉,房地(土地+建物),花蓮縣瑞穗鄉自立新村５號,60.51,,特定農業區,甲種建築用地,1140209,土地1建物1車位0,全,二層,透天厝,住商用,加強磚造,0721221,106.26,0,0,0,無,無,1500000,14116,,0.0,0,,RPPNMLNKKHKGFCU56DA,95.22,0.0,11.04,無,004
光復鄉,土地,加里洞段476地號,1739.19,,山坡地保育區,農牧用地,1140203,土地1建物0車位0,,,其他,,,,0.0,0,0,0,無,無,450000,259,,0.0,0,親友、員工、共有人或其他特殊關係間之交易；農作物；,RPQNMLNKKHKGFBU56DA,0.0,0.0,0.0,無,
光復鄉,土地,大安段1604-15地號,258.0,住,,,1140206,土地1建物0車位0,,,其他,,,,0.0,0,0,0,無,無,3970000,15388,,0.0,0,親友、員工、共有人或其他特殊關係間之交易；,RPPNMLSKKHKGFBU07EA,0.0,0.0,0.0,無,
豐濱鄉,土地,丁仔漏段84地號,205.2,,風景區,丙種建築用地,1140212,土地2建物0車位0,,,其他,,,,0.0,0,0,0,無,無,1000000,4873,,0.0,0,親友、員工、共有人或其他特殊關係間之交易；未登記建物；,RPPNMLTKKHKGFBU17EA,0.0,0.0,0.0,無,
卓溪鄉,土地,立山段959地號,173.0,,鄉村區,乙種建築用地,1140208,土地1建物0車位0,,,其他,,,,0.0,0,0,0,無,無,400000,2312,,0.0,0,親友、員工、共有人或其他特殊關係間之交易；未登記建物；,RPQNMLOKKHKGFCU86EA,0.0,0.0,0.0,無,
花蓮市,房地(土地+建物),花蓮縣花蓮市國聯二路１０８之１號,142.0,住,,,1140204,土地1建物1車位0,全,四層,透天厝,住家用,鋼筋混凝土造,1021217,350.08,9,1,10,有,無,36800000,105119,,0.0,0,,RPWOMLOJKHKGFAU17DA,327.04,0.0,23.04,有,
花蓮市,房地(土地+建物),花蓮縣花蓮市復興街４０之６號,44.0,商,,,1140210,土地3建物1車位0,全,四層,透天厝,住商用,鋼筋混凝土造,0690400,187.12,8,3,4,有,無,10000000,53442,,0.0,0,,RPQOMLRKKHKGFAU96DA,187.13,0.0,0.0,無,
吉安鄉,土地,仁廉段170地號,6.0,住,,,1140211,土地1建物0車位0,,,其他,,,,0.0,0,0,0,無,無,120000,20000,,0.0,0,,RPUOMLRKKHKGFAU37DA,0.0,0.0,0.0,無,
富里鄉,土地,後湖段1050地號,120.36,,山坡地保育區,丙種建築用地,1140210,土地1建物0車位0,,,其他,,,,0.0,0,0,0,無,無,600000,4985,,0.0,0,親友、員工、共有人或其他特殊關係間之交易；未登記建物；,RPPNMLOKKHKGFCU76EA,0.0,0.0,0.0,無,
花蓮市,房地(土地+建物),花蓮縣花蓮市民權路１０９之１號五樓,37.3,住,,,1140102,土地1建物1車位0,五層,五層,公寓(5樓含以下無電梯),辦公用,鋼筋混凝土造,0770620,128.82999999999998,3,2,2,有,無,5000000,38811,,0.0,0,,RPWOMLMJJHKGFAU86DA,104.96,0.0,9.76,無,
花蓮市,房地(土地+建物),花蓮縣花蓮市北昌五街５７巷２號,162.0,住,,,1140107,土地2建物1車位0,全,二層,透天厝,住家用,鋼筋混凝土加強磚造,0721013,96.22,3,2,2,有,無,8500000,88339,,0.0,0,親友、員工、共有人或其他特殊關係間之交易；,RPROMLSJKHKGFAU07DA,96.22,0.0,0.0,無,
花蓮市,房地(土地+建物),花蓮縣花蓮市介林五街８１號,88.73,住,,,1140103,土地6建物1車位0,全,四層,透天厝,住家用,鋼筋混凝土造,0830929,174.47,4,2,4,有,無,7600000,43560,,0.0,0,其他增建；包含公共設施保留地用地；,RPPNMLKKKHKGFAU68DA,151.94,6.35,16.18,無,005
光復鄉,土地,阿托莫段1310-1地號,1109.33,,一般農業區,農牧用地,1140124,土地1建物0車位0,,,其他,,,,0.0,0,0,0,無,無,554665,500,,0.0,0,,RPPNMLLKKHKGFBU98EA,0.0,0.0,0.0,無,
新城鄉,土地,嘉南段647地號,236.0,住,,,1140117,土地2建物0車位0,,,其他,,,,0.0,0,0,0,無,無,6000000,25424,,0.0,0,,RPQNMLOJKHKGFAU09DA,0.0,0.0,0.0,無,
花蓮市,房地(土地+建物),花蓮縣花蓮市國興一街９５號六樓之十六,5.95,都市：其他:倉儲區,,,1140123,土地1建物1車位0,六層,八層,華廈(10層含以下有電梯),工業用,鋼筋混凝土造,0810930,26.83,1,0,1,有,有,1550000,57771,,0.0,0,,RPQPMLRJKHKGFAU96DA,20.13,0.0,0.0,有,006
花蓮市,房地(土地+建物),花蓮縣花蓮市豐村１０５之３７號,143.95,農,,,1140110,土地1建物1車位0,全,三層,透天厝,住家用,鋼筋混凝土造,0960518,167.25,3,2,4,有,無,12100000,72347,,0.0,0,其他增建；,RPQNMLSJKHKGFAU86DA,157.35,0.0,9.9,無,
花蓮市,房地(土地+建物),花蓮縣花蓮市林森路２７３巷２２號,59.0,住,,,1140105,土地1建物1車位0,全,二層,透天厝,住家用,鋼筋混凝土加強磚造,0600924,82.68,2,3,1,有,無,5220000,63135,,0.0,0,頂樓加蓋；其他增建；,RPRNMLKKKHKGFAU88DA,82.68,0.0,0.0,無,
花蓮市,房地(土地+建物),花蓮縣花蓮市國富十三街９號四樓之五,6.36,住,,,1140122,土地1建物1車位0,四層,六層,華廈(10層含以下有電梯),住家用,鋼筋混凝土造,0821014,26.39,1,1,1,有,有,1800000,68208,,0.0,0,含傢俱設備費；,RPXNMLMKKHKGFAU07DA,19.22,0.0,0.0,有,007
新城鄉,土地,嘉南段647-1地號,115.0,住,,,1140117,土地1建物0車位0,,,其他,,,,0.0,0,0,0,無,無,4000000,34783,,0.0,0,,RPPNMLOJKHKGFAU98DA,0.0,0.0,0.0,無,
新城鄉,房地(土地+建物),花蓮縣新城鄉中山路１巷１６號,90.52,農,,,1140123,土地1建物1車位0,全,二層,透天厝,住家用,鋼筋混凝土加強磚造,0670131,90.9,2,2,3,有,無,4600000,50605,,0.0,0,其他增建；,RPRPMLRJKHKGFAU07DA,90.9,0.0,0.0,無,008
吉安鄉,房地(土地+建物),花蓮縣吉安鄉仁里一街１號八樓之五,19.37,商,,,1140111,土地1建物1車位0,八層,十一層,住宅大樓(11層含以上有電梯),住家用,鋼筋混凝土造,1070129,120.72999999999999,3,2,2,有,有,10600000,87799,,0.0,0,,RPPOMLMKKHKGFAU98DA,79.5,0.0,8.33,有,009
鳳林鎮,土地,中興段865地號,10777.78,,山坡地保育區,農牧用地,1140108,土地2建物0車位0,,,其他,,,,0.0,0,0,0,無,無,1800000,167,,0.0,0,地上物:檳榔,RPPNMLMKKHKGFBU98DA,0.0,0.0,0.0,無,
玉里鎮,土地,玉昌段570-1地號,102.0,都市：其他:住宅區,,,1140124,土地2建物0車位0,,,其他,,,,0.0,0,0,0,無,無,2728908,26754,,0.0,0,包含公共設施保留地用地；協議價購；,RPQNMLLKKHKGFCU09DA,0.0,0.0,0.0,無,
萬榮鄉,土地,萬利段1951地號,733.56,,山坡地保育區,農牧用地,1140113,土地1建物0車位0,,,其他,,,,0.0,0,0,0,無,無,360000,491,,0.0,0,未登記建物；,RPPNMLNKKHKGFBU56EA,0.0,0.0,0.0,無,
秀林鄉,土地,下台地段964地號,3340.04,,一般農業區,農牧用地,1140109,土地1建物0車位0,,,其他,,,,0.0,0,0,0,無,無,4500000,1347,,0.0,0,農作物；,RPTNMLOLJHKGFAU86DA,0.0,0.0,0.0,無,010
花蓮市,房地(土地+建物),花蓮縣花蓮市和平路２３５號,57.0,住,,,1140103,土地1建物1車位0,全,一層,透天厝,住家用,木石磚造（雜木）,04101,32.66,2,1,1,有,無,6650000,203613,,0.0,0,,RPSNMLNKKHKGFAU66DA,32.66,0.0,0.0,無,
花蓮市,車位,花蓮縣花蓮市中興路４３巷２、３號等２８戶,0.0,,,,1140108,土地0建物1車位1,,,其他,,,,14.3,0,0,0,無,有,760000,,坡道平面,14.3,760000,建物坐落地號：民享段1206地號；僅車位交易；,RPUNMLOKKHKGFAU96DA,0.0,0.0,0.0,有,011
玉里鎮,土地,玉城段1341-2地號,213.0,都市：其他:道路用地,,,1140124,土地1建物0車位0,,,其他,,,,0.0,0,0,0,無,無,4071495,19115,,0.0,0,包含公共設施保留地用地；協議價購；,RPSNMLLKKHKGFCU66DA,0.0,0.0,0.0,無,
瑞穗鄉,土地,瑞新段114地號,163.0,住,,,1140101,土地1建物0車位0,,,其他,,,,0.0,0,0,0,無,無,2930000,17975,,0.0,0,,RPPNMLQKKHKGFCU86DA,0.0,0.0,0.0,無,012
花蓮市,房地(土地+建物),花蓮縣花蓮市林森路２４３巷３４號,54.0,住,,,1140101,土地1建物1車位0,全,二層,透天厝,住家用,鋼筋混凝土加強磚造,0591125,85.78,3,2,1,有,無,5500000,64118,,0.0,0,頂樓加蓋；其他增建；,RPTOMLRKKHKGFAU27DA,85.78,0.0,0.0,無,013
萬榮鄉,土地,馬遠段1333-502地號,5010.0,,山坡地保育區,農牧用地,1140117,土地1建物0車位0,,,其他,,,,0.0,0,0,0,無,無,280000,56,,0.0,0,,RPPNMLSKKHKGFBU96DA,0.0,0.0,0.0,無,
瑞穗鄉,土地,興北段1148地號,2710.55,,一般農業區,農牧用地,1140122,土地1建物0車位0,,,其他,,,,0.0,0,0,0,無,無,2100000,775,,0.0,0,,RPRNMLKKKHKGFCU09DA,0.0,0.0,0.0,無,014
富里鄉,土地,富山段454地號,2608.95,,山坡地保育區,暫未編定,1140114,土地1建物0車位0,,,其他,,,,0.0,0,0,0,無,無,2200000,843,,0.0,0,未登記建物；,RPQNMLRKKHKGFCU07DA,0.0,0.0,0.0,無,
花蓮市,房地(土地+建物),花蓮縣花蓮市南京街１９１號七樓之二十一,11.56,商,,,1140112,土地2建物1車位0,七層,七層,華廈(10層含以下有電梯),住家用,鋼筋混凝土造,0761117,75.7,1,1,1,有,有,3100000,40951,,0.0,0,,RPXNMLSKKHKGFAU67DA,56.67,0.0,0.0,有,
吉安鄉,房地(土地+建物),花蓮縣吉安鄉明仁一街７３巷１０號,102.0,住,,,1140109,土地1建物1車位0,全,四層,透天厝,住家用,鋼筋混凝土造,1000302,202.0,4,2,5,有,無,15000000,74257,,0.0,0,其他增建；,RPOOMLSKKHKGFAU86DA,185.76,0.0,16.24,無,
花蓮市,房地(土地+建物),花蓮縣花蓮市國興一街９５號二樓之七,9.09,都市：其他:倉儲區,,,1140113,土地1建物1車位0,二層,八層,華廈(10層含以下有電梯),工業用,鋼筋混凝土造,0810930,48.18,1,0,1,有,有,2700000,56040,,0.0,0,其他增建；,RPRNMLTKKHKGFAU17DA,37.23,0.0,6.89,有,
玉里鎮,房地(土地+建物),花蓮縣玉里鎮中正路４１號,163.0,商,,,1140127,土地2建物1車位0,全,二層,透天厝,住家用,鋼筋混凝土加強磚造,0571208,153.98,0,0,0,無,無,6600000,42863,,0.0,0,,RPPNMLRKKHKGFCU96DA,153.98,0.0,0.0,無,
吉安鄉,房地(土地+建物),花蓮縣吉安鄉昌隆七街２２號,117.98,住,,,1131221,土地1建物1車位0,全,二層,透天厝,住商用,鋼筋混凝土加強磚造,0690414,106.99,4,1,2,有,無,5520000,51594,,0.0,0,其他增建；,RPPNMLRKJHKGFAU66DA,106.99,0.0,0.0,無,
吉安鄉,房地(土地+建物),花蓮縣吉安鄉東海十四街２７號六樓之三,26.49,住,,,1131221,土地1建物1車位0,六層,七層,華廈(10層含以下有電梯),住家用,鋼筋混凝土造,1130923,94.38999999999999,2,2,2,有,有,6500000,68863,,0.0,0,其他：土地：仁恥段909地號持分3953/100000新台幣195萬元整。建物：6C仁恥段1594建號新台幣455萬元整。,RPSOMLOJKHKGFAU76DA,59.99,0.0,6.0,有,
瑞穗鄉,土地,瑞美段961地號,230.94,住,,,1131224,土地1建物0車位0,,,其他,,,,0.0,0,0,0,無,無,2009408,8701,,0.0,0,親友、員工、共有人或其他特殊關係間之交易；,RPPNMLRJKHKGFCU86DA,0.0,0.0,0.0,無,
吉安鄉,土地,光輝段349地號,763.43,,一般農業區,農牧用地,1131213,土地1建物0車位0,,,其他,,,,0.0,0,0,0,無,無,1720000,2253,,0.0,0,農作物；,RPUNMLNLJHKGFAU86DA,0.0,0.0,0.0,無,
吉安鄉,房地(土地+建物),花蓮縣吉安鄉明仁一街１２９巷１號,80.0,住,,,1131230,土地1建物1車位0,全,二層,透天厝,住家用,鋼筋混凝土加強磚造,0690719,74.8,5,2,3,有,無,6150000,82219,,0.0,0,頂樓加蓋；其他增建；,RPUOMLRJKHKGFAU27DA,74.8,0.0,0.0,無,015
花蓮市,房地(土地+建物),花蓮縣花蓮市福建二街１４號,56.0,住,,,1131224,土地1建物1車位0,全,二層,透天厝,住家用,鋼筋混凝土加強磚造,0611110,71.22,3,1,2,有,無,4400000,61780,,0.0,0,陽台外推；其他增建；,RPQNMLLKKHKGFAU88DA,71.22,0.0,0.0,無,
壽豐鄉,土地,潭北段113地號,788.18,農,,,1131223,土地1建物0車位0,,,其他,,,,0.0,0,0,0,無,無,2300000,2918,,0.0,0,,RPPNMLQKJHKGFAU56DA,0.0,0.0,0.0,無,
吉安鄉,房地(土地+建物),花蓮縣吉安鄉仁里四街９號,95.0,住,,,1131226,土地1建物1車位0,全,二層,透天厝,住商用,鋼筋混凝土加強磚造,0680915,113.22,4,2,3,有,無,6000000,52994,,0.0,0,親友、員工、共有人或其他特殊關係間之交易；頂樓加蓋；其他增建；,RPUNMLLKKHKGFAU66DA,113.22,0.0,0.0,無,
花蓮市,房地(土地+建物),花蓮縣花蓮市富吉路５８之５號,129.0,住,,,1131207,土地1建物1車位0,全,四層,透天厝,住商用,鋼筋混凝土造,0821218,336.7,5,3,4,有,無,20000000,59400,,0.0,0,其他增建；,RPRNMLMKKHKGFAU09DA,316.69,3.67,16.34,無,016
花蓮市,房地(土地+建物),花蓮縣花蓮市國聯一路１６號,240.0,商,,,1131231,土地2建物2車位0,全,三層,透天厝,住商用,鋼筋混凝土造,0700313,567.63,0,0,6,有,無,30800000,54261,,0.0,0,頂樓加蓋；其他增建；,RPQNMLNKKHKGFAU09DA,567.63,0.0,0.0,無,
吉安鄉,土地,白雲段125地號,160.3,,鄉村區,乙種建築用地,1131217,土地2建物0車位0,,,其他,,,,0.0,0,0,0,無,無,2700000,16843,,0.0,0,,RPTNMLNKKHKGFAU76DA,0.0,0.0,0.0,無,017
花蓮市,房地(土地+建物),花蓮縣花蓮市國興六街２８巷１之１號五樓之二,20.56,住,,,1131220,土地1建物1車位0,五層,五層,華廈(10層含以下有電梯),住家用,鋼筋混凝土造,1131125,61.31,2,1,1,有,無,4600000,75029,,0.0,0,,RPRNMLSJKHKGFAU96DA,39.08,0.0,2.25,有,
花蓮市,房地(土地+建物),花蓮縣花蓮市國興六街２８巷１之１號五樓之一,20.56,住,,,1131214,土地1建物1車位0,五層,五層,華廈(10層含以下有電梯),住家用,鋼筋混凝土造,1131125,72.87,2,1,1,有,無,4750000,65185,,0.0,0,,RPSNMLSJKHKGFAU07DA,39.08,0.0,2.25,有,
花蓮市,房地(土地+建物),花蓮縣花蓮市國興六街２８巷１之１號,20.56,住,,,1131224,土地1建物1車位0,一層,五層,華廈(10層含以下有電梯),住家用,鋼筋混凝土造,1131125,79.53999999999999,2,1,1,有,無,6000000,75434,,0.0,0,,RPPNMLMKKHKGFAU88DA,39.08,0.0,7.45,有,
吉安鄉,土地,光輝段406-9地號,345.34,,一般農業區,農牧用地,1131224,土地1建物0車位0,,,其他,,,,0.0,0,0,0,無,無,1850000,5357,,0.0,0,,RPOOMLMKKHKGFAU88DA,0.0,0.0,0.0,無,018
花蓮市,房地(土地+建物),花蓮縣花蓮市中強街９２號,69.0,住,,,1131226,土地1建物1車位0,全,三層,透天厝,住商用,鋼筋混凝土造,0900316,186.16,4,2,4,有,無,11400000,61238,,0.0,0,,RPQOMLMKKHKGFAU09DA,160.56,7.72,17.88,無,
玉里鎮,房地(土地+建物),花蓮縣玉里鎮中正路９０號,111.0,商,,,1131230,土地1建物2車位0,全,三層,透天厝,住家用,鋼筋混凝土造,0680418,167.17,3,1,1,有,無,3540000,21176,,0.0,0,親友、員工、共有人或其他特殊關係間之交易；,RPPNMLNLJHKGFCU56DA,157.93,0.0,9.24,無,
富里鄉,土地,蚊子洞段441地號,121.06,,鄉村區,乙種建築用地,1131231,土地1建物0車位0,,,其他,,,,0.0,0,0,0,無,無,131755,1088,,0.0,0,親友、員工、共有人或其他特殊關係間之交易；未登記建物；,RPPNMLRJKHKGFCU96EA,0.0,0.0,0.0,無,019
壽豐鄉,土地,壽農段1633地號,102.89,,鄉村區,乙種建築用地,1131228,土地1建物0車位0,,,其他,,,,0.0,0,0,0,無,無,1600000,15551,,0.0,0,,RPPNMLRKKHKGFAU76DA,0.0,0.0,0.0,無,
花蓮市,房地(土地+建物),花蓮縣花蓮市民族路１號七樓之十二,3.39,商,,,1131226,土地1建物1車位0,七層,十層,華廈(10層含以下有電梯),住家用,鋼筋混凝土造,0850202,36.41,1,1,1,有,有,2300000,63169,,0.0,0,,RPRNMLRKKHKGFAU96DA,19.69,0.0,7.53,有,
花蓮市,房地(土地+建物),花蓮縣花蓮市富吉路７４號,84.0,住,,,1131219,土地1建物1車位0,全,三層,透天厝,住商用,鋼筋混凝土造,0780511,185.16,4,3,2,有,無,12000000,64809,,0.0,0,其他增建；,RPQNMLRJJHKGFAU66DA,178.99,0.0,6.17,無,
花蓮市,房地(土地+建物),花蓮縣花蓮市國民七街５１號八樓之二十六,3.34,商,,,1131227,土地1建物1車位0,八層,十二層,住宅大樓(11層含以上有電梯),住家用,鋼筋混凝土造,0831115,36.3,1,1,1,有,有,1820000,50138,,0.0,0,,RPRNMLMLJHKGFAU09DA,24.58,0.0,0.0,有,
花蓮市,房地(土地+建物),花蓮縣花蓮市海濱街６號,104.0,住,,,1131220,土地2建物1車位0,全,五層,透天厝,住家用,鋼筋混凝土造,1040217,281.43,4,2,4,有,無,26000000,92385,,0.0,0,其他增建；,RPSOMLRKKHKGFAU17DA,244.45,0.0,36.98,有,
鳳林鎮,土地,北林段490地號,4491.32,,特定農業區,農牧用地,1131229,土地1建物0車位0,,,其他,,,,0.0,0,0,0,無,無,5200000,1158,,0.0,0,,RPPNMLNJKHKGFBU98DA,0.0,0.0,0.0,無,
玉里鎮,土地,神社段126地號,24034.77,,山坡地保育區,農牧用地,1131231,土地3建物0車位0,,,其他,,,,0.0,0,0,0,無,無,9534800,397,,0.0,0,農作物；,RPPNMLNKKHKGFCU66EA,0.0,0.0,0.0,無,
吉安鄉,土地,光學段780地號,644.74,,一般農業區,農牧用地,1131228,土地1建物0車位0,,,其他,,,,0.0,0,0,0,無,無,1680000,2606,,0.0,0,農作物；,RPRNMLLKKHKGFAU98DA,0.0,0.0,0.0,無,
吉安鄉,土地,宜安段344地號,88.0,都市：其他:道路用地,,,1131221,土地1建物0車位0,,,其他,,,,0.0,0,0,0,無,無,463158,5263,,0.0,0,原買賣總價金新台幣500000元，因佔用辦理分割後面積減少扣除新台幣36842元，買賣價金變更為新台幣463158元包含公共設施保留地用地；,RPSNMLRKKHKGFAU07DA,0.0,0.0,0.0,無,
吉安鄉,房地(土地+建物),花蓮縣吉安鄉中山路三段２４３號,104.0,住,,,1131208,土地1建物1車位0,全,二層,透天厝,住商用,鋼筋混凝土造,0740111,129.58,3,2,2,有,無,13700000,105726,,0.0,0,其他增建；,RPROMLRKKHKGFAU07DA,129.58,0.0,0.0,無,
花蓮市,房地(土地+建物),花蓮縣花蓮市長安街４６巷１８號,142.0,住,,,1131217,土地1建物1車位0,全,二層,透天厝,住商用,鋼筋混凝土造,0771123,183.33,4,2,2,有,無,10350000,56456,,0.0,0,其他增建；,RPPNMLSKKHKGFAU86DA,173.66,0.0,9.67,無,
花蓮市,房地(土地+建物),花蓮縣花蓮市中正路３０７號,115.2,商,,,1131122,土地2建物1車位0,全,一層,透天厝,住家用,木造,,88.08,0,0,0,無,無,12880000,146231,,0.0,0,頂樓加蓋；其他增建；,RPTPMLRJKHKGFAU27DA,86.26,1.82,0.0,無,
花蓮市,房地(土地+建物)+車位,花蓮縣花蓮市中興路１０１號八樓之二,25.91,商,,,1131104,土地2建物1車位1,八層,十一層,住宅大樓(11層含以上有電梯),住家用,鋼筋混凝土造,1080613,206.89,4,2,2,有,有,17000000,82169,坡道平面,17.31,0,停車位編號14號,RPPNMLSJKHKGFAU76DA,127.26,0.0,12.37,有,020
吉安鄉,房地(土地+建物),花蓮縣吉安鄉海岸路２４８號,122.0,,鄉村區,乙種建築用地,1131118,土地1建物1車位0,全,四層,透天厝,住家用,鋼筋混凝土造,1031007,271.59,4,2,6,有,無,20450000,75297,,0.0,0,其他增建；,RPROMLMKKHKGFAU56DA,253.37,0.0,18.22,無,021
吉安鄉,房地(土地+建物),花蓮縣吉安鄉南海五街２４６巷１６號,225.0,,鄉村區,乙種建築用地,1131115,土地2建物1車位0,全,一層,透天厝,住家用,鋼筋混凝土加強磚造,0700629,87.34,2,1,2,有,無,8730000,99954,,0.0,0,原買賣價918萬元，因道路退縮迴轉道之坪數找補，買賣價減少為873萬元交易價格包含其他買賣登記案件標的之價格其他增建；,RPPOMLNKKHKGFAU09DA,87.34,0.0,0.0,無,
鳳林鎮,房地(土地+建物),花蓮縣鳳林鎮中美路１９７號,232.0,住,,,1131122,土地4建物1車位0,全,一層,透天厝,其他,鋼筋混凝土造,1001116,115.85,1,0,1,有,無,5250000,45317,,0.0,0,,RPQNMLTJKIJGFBU07DA,115.85,0.0,0.0,無,022
鳳林鎮,土地,北林段557地號,3831.12,,特定農業區,農牧用地,1131113,土地1建物0車位0,,,其他,,,,0.0,0,0,0,無,無,4635000,1210,,0.0,0,鳳林鎮北林段557地號 權利範圍:1/1,RPRNMLNKKHKGFBU66DA,0.0,0.0,0.0,無,
花蓮市,房地(土地+建物),花蓮縣花蓮市國民八街６３號四樓之六,11.82,商,,,1131107,土地1建物1車位0,四層,七層,華廈(10層含以下有電梯),住家用,鋼筋混凝土造,0831117,84.11,2,2,1,有,無,3750000,44584,,0.0,0,含傢俱設備費；其他增建；,RPSNMLKKKHKGFAU98DA,61.4,0.0,2.12,有,023
花蓮市,房地(土地+建物),花蓮縣花蓮市國興一街６０號,42.96,商,,,1131126,土地1建物1車位0,一層，騎樓，夾層,五層,公寓(5樓含以下無電梯),住家用,鋼筋混凝土造,0720809,116.67,2,3,2,有,無,5300000,45427,,0.0,0,夾層；其他增建；,RPTNMLOKKHKGFAU86DA,116.67,0.0,0.0,無,
玉里鎮,土地,玉里段2912地號,5079.0,,特定農業區,農牧用地,1131115,土地2建物0車位0,,,其他,,,,0.0,0,0,0,無,無,3600000,709,,0.0,0,,RPRNMLNKKHKGFCU76DA,0.0,0.0,0.0,無,
吉安鄉,房地(土地+建物)+車位,花蓮縣吉安鄉東海十四街２７號三樓之五,28.93,住,,,1131025,土地1建物1車位1,三層,七層,華廈(10層含以下有電梯),住家用,鋼筋混凝土造,1130923,117.56,2,2,2,有,有,6500000,52930,一樓平面,13.65,1000000,其他：土地：仁恥段909地號持分4318/100000新台幣165萬元整。建物：3D仁恥段1583建號新台幣385萬元整。車位：編號7號新台幣100萬元整。,RPOOMLOJKHKGFAU98DA,66.75,0.0,6.13,有,
花蓮市,房地(土地+建物)+車位,花蓮縣花蓮市中央路四段４５０之２號,52.46,住,,,1131022,土地2建物1車位1,一層，騎樓，夾層,五層,華廈(10層含以下有電梯),住家用,鋼筋混凝土造,1120327,212.04,1,0,2,有,無,18000000,84890,坡道平面,22.01,0,,RPVNMLPLJIJGFAU17DA,132.77,0.0,2.43,有,
吉安鄉,房地(土地+建物),花蓮縣吉安鄉仁里一街１號五樓之一,22.49,商,,,1131009,土地1建物1車位0,五層,十一層,住宅大樓(11層含以上有電梯),住家用,鋼筋混凝土造,1070129,158.62,3,2,2,有,有,10000000,63044,,0.0,0,共有部份含車位編號:6號親友、員工、共有人或其他特殊關係間之交易；,RPOOMLNKKHKGFAU98DA,91.43,0.0,10.53,有,024
吉安鄉,土地,南埔段2624地號,1650.0,,特定農業區,甲種建築用地,1130913,土地5建物0車位0,,,其他,,,,0.0,0,0,0,無,無,66000000,40000,,0.0,0,,RPROMLRJKHKGFAU96DA,0.0,0.0,0.0,無,
吉安鄉,房地(土地+建物),花蓮縣吉安鄉明仁二街１７６巷３號二樓之一,23.42,住,,,1130830,土地1建物1車位0,二層,七層,華廈(10層含以下有電梯),住家用,鋼筋混凝土造,1130730,70.47,1,2,1,有,無,5000000,70952,,0.0,0,,RPUNMLNKKHKGFAU86DA,46.75,0.0,2.96,有,
花蓮市,房地(土地+建物),花蓮縣花蓮市國盛二街９８之１號,158.0,住,,,1130731,土地1建物1車位0,全,四層,透天厝,住家用,鋼筋混凝土造,1040728,330.14,5,2,6,有,無,24000000,72696,,0.0,0,,RPPNMLLKKHKGFAU78DA,294.32,0.0,35.82,有,025
吉安鄉,房地(土地+建物),花蓮縣吉安鄉東海十四街２７號三樓之三,26.49,住,,,1130605,土地1建物1車位0,三層,七層,華廈(10層含以下有電梯),住家用,鋼筋混凝土造,1130923,94.38999999999999,2,2,2,有,有,6670067,70665,,0.0,0,其他：土地：仁恥段909地號持分3953/100000新台幣198萬元整。建物：3C仁恥段1582建號新台幣4690067元整保存登記建物面積增加找補70067元整。預售屋、或土地及建物分件登記案件；,RPQOMLSJKHKGFAU96DA,59.99,0.0,6.0,有,
花蓮市,土地,德安段1290地號,341.0,住,,,1130408,土地2建物0車位0,,,其他,,,,0.0,0,0,0,無,無,12280000,36012,,0.0,0,包含公共設施保留地用地；,RPOOMLTKRHJGFAU57DA,0.0,0.0,0.0,無,
瑞穗鄉,房地(土地+建物),花蓮縣瑞穗鄉新生路１４７號,93.66,住,,,1130415,土地1建物1車位0,全,三層,透天厝,住家用,鋼筋混凝土造,1131104,173.19,5,2,5,有,無,9100000,52543,,0.0,0,土地交易價格:273萬 、建物交易價格:637萬。預售屋、或土地及建物分件登記案件；,RPQNMLSJKHKGFCU07DA,160.28,0.0,12.91,無,
瑞穗鄉,房地(土地+建物),花蓮縣瑞穗鄉新生路１４１號,93.9,住,,,1130329,土地1建物1車位0,全,三層,透天厝,住家用,鋼筋混凝土造,1131104,174.79,5,2,5,有,無,9200000,52635,,0.0,0,土地交易價格:276萬 、建物交易價格:644萬。預售屋、或土地及建物分件登記案件；,RPRNMLRJKHKGFCU07DA,160.04,0.0,14.75,無,
瑞穗鄉,房地(土地+建物),花蓮縣瑞穗鄉新生路１４３號,93.81,住,,,1130224,土地1建物1車位0,全,三層,透天厝,住家用,鋼筋混凝土造,1131104,174.79,5,2,5,有,無,9200000,52635,,0.0,0,土地交易價格:276萬 、建物交易價格:644萬。預售屋、或土地及建物分件登記案件；,RPPNMLSJKHKGFCU96DA,160.04,0.0,14.75,無,
吉安鄉,房地(土地+建物),花蓮縣吉安鄉南海八街２１０巷３０號,87.0,,特定農業區,甲種建築用地,1130103,土地1建物1車位0,全,二層,透天厝,住家用,鋼筋混凝土加強磚造,0720414,89.92,3,2,2,有,無,3600000,40036,,0.0,0,其他增建；,RPSNMLLKKHKGFAU09DA,89.92,0.0,0.0,無,
瑞穗鄉,房地(土地+建物),花蓮縣瑞穗鄉新生路１５１號,93.5,住,,,1130106,土地1建物1車位0,全,三層,透天厝,住家用,鋼筋混凝土造,1131104,174.79,5,2,5,有,無,9200000,52635,,0.0,0,土地交易價格:276萬 、建物交易價格:644萬。預售屋、或土地及建物分件登記案件；,RPRNMLSJKHKGFCU17DA,160.04,0.0,14.75,無,
瑞穗鄉,房地(土地+建物),花蓮縣瑞穗鄉新生路１３７號,94.05,住,,,1121030,土地1建物1車位0,全,三層,透天厝,住家用,鋼筋混凝土造,1131104,174.79,5,2,5,有,無,10800000,61788,,0.0,0,預售屋、或土地及建物分件登記案件；,RPSNMLRJKHKGFCU17DA,160.04,0.0,14.75,無,
花蓮市,房地(土地+建物),花蓮縣花蓮市福建街４０６之１號,9.3,商,,,1120831,土地1建物1車位0,一層,七層,華廈(10層含以下有電梯),其他,鋼筋混凝土造,1090102,55.46,0,1,1,有,有,5500000,99171,,0.0,0,親友、員工、共有人或其他特殊關係間之交易；,RPSOMLMKKHKGFAU66DA,36.75,0.0,0.0,有,
新城鄉,房地(土地+建物),花蓮縣新城鄉復興路６９號四樓之二,83.67,農,,,1110605,土地5建物1車位0,四層,四層,華廈(10層含以下有電梯),住家用,鋼筋混凝土造,1131126,89.28999999999999,2,2,2,有,無,6973100,78095,,0.0,0,原簽立買賣價金為新台幣695萬元整因工程變更費用追加建物登記面積找補增加房屋款價金金額新台幣23100元整買賣價金變更為新台幣697萬3100元整。預售屋、或土地及建物分件登記案件；,RPPPMLRJKHKGFAU86DA,58.84,0.0,6.12,有,
新城鄉,房地(土地+建物),花蓮縣新城鄉復興路６９號一樓之一,120.5,農,,,1110610,土地6建物1車位0,一層,四層,華廈(10層含以下有電梯),住家用,鋼筋混凝土造,1131126,84.33,2,2,2,有,無,7238697,85838,,0.0,0,原簽立買賣價金為新台幣720萬元整，因建物登記面積找補，增加房屋款價金金額新台幣38697元整，買賣價金變更為新台幣723萬8697元整預售屋、或土地及建物分件登記案件；,RPXNMLSJKHKGFAU57DA,61.51,0.0,0.0,有,
新城鄉,房地(土地+建物),花蓮縣新城鄉復興路６９號三樓之三,85.17,農,,,1110305,土地5建物1車位0,三層,四層,華廈(10層含以下有電梯),住家用,鋼筋混凝土造,1131126,93.00999999999999,2,2,2,有,無,7008067,75347,,0.0,0,原簽立買賣價金為新台幣700萬元整因工程變更費用追減、建物登記面積找補增加房屋款價金金額新台幣8067元整買賣價金變更為新台幣700萬8067元整。預售屋、或土地及建物分件登記案件；,RPSOMLRJKHKGFAU07DA,61.51,0.0,6.12,有,
新城鄉,房地(土地+建物),花蓮縣新城鄉復興路６９號三樓之二,83.67,農,,,1110309,土地5建物1車位0,三層,四層,華廈(10層含以下有電梯),住家用,鋼筋混凝土造,1131126,89.28999999999999,2,2,2,有,無,6670680,74708,,0.0,0,原簽立買賣價金為新台幣665萬元整，因建物登記面積找補，增加房屋款價金金額新台幣20680元整，買賣價金變更為新台幣667萬680元整預售屋、或土地及建物分件登記案件；,RPPOMLSJKHKGFAU86DA,58.84,0.0,6.12,有,
新城鄉,房地(土地+建物),花蓮縣新城鄉復興路６９號四樓之一,84.09,農,,,1110224,土地5建物1車位0,四層,四層,華廈(10層含以下有電梯),住家用,鋼筋混凝土造,1131126,90.75,2,2,2,有,無,6985695,76977,,0.0,0,原簽立買賣價金為新台幣695萬元整，因工程變更費用追加、建物登記面積找補，增加房屋款價金金額新台幣35695元整，買賣價金變更為新台幣698萬5695元整。預售屋、或土地及建物分件登記案件；,RPUNMLMKKHKGFAU76DA,59.21,0.0,6.92,有,
花蓮市,房地(土地+建物)+車位,花蓮縣花蓮市富裕一街１７１號二樓,116.35,住,,,1101202,土地1建物4車位7,二層,三層,華廈(10層含以下有電梯),其他,鋼筋混凝土造,1130808,566.48,0,0,0,無,有,40880000,78798,一樓平面,136.52,7000000,交易價格包含其他買賣登記案件標的之價格二樓:停車位編號:7S號三樓:停車位編號:1S~6S號+法定停車位，車位編號9S號預售屋、或土地及建物分件登記案件；,RPVNMLNKJHKGFAU86DA,245.66,0.0,22.1,有,
