﻿鄉鎮市區,交易標的,土地位置建物門牌,土地移轉總面積平方公尺,都市土地使用分區,非都市土地使用分區,非都市土地使用編定,交易年月日,交易筆棟數,移轉層次,總樓層數,建物型態,主要用途,主要建材,建築完成年月,建物移轉總面積平方公尺,建物現況格局-房,建物現況格局-廳,建物現況格局-衛,建物現況格局-隔間,有無管理組織,總價元,單價元平方公尺,車位類別,車位移轉總面積平方公尺,車位總價元,備註,編號,建案名稱,棟及號,解約情形
The villages and towns urban district,transaction sign,land sector position building sector house number plate,land shifting total area square meter,the use zoning or compiles and checks,the non-metropolis land use district,non-metropolis land use,transaction year month and day,transaction pen number,shifting level,total floor number,building state,main use,main building materials,construction to complete the years,building shifting total area,Building present situation pattern - room,building present situation pattern - hall,building present situation pattern - health,building present situation pattern - compartmented,Whether there is manages the organization,total price NTD,the unit price (NTD / square meter),the berth category,berth shifting total area square meter,the berth total price NTD,the note,serial number,build case,buildings,termination type
吉安鄉,房地(土地+建物),花蓮縣吉安鄉中原路一段,25.0,住,,,1140125,土地2建物1車位0,十層,10,華廈(10層含以下有電梯),住家用,鋼筋混凝土造,,96.6,2,2,2,有,無,8180000,84679,,0.0,0,,RPPNMLRJKHKGFAU66CB,馥鈺,E棟10樓號,
花蓮市,房地(土地+建物)+車位,花蓮縣花蓮市國聯五路與國民九街交叉路口,13.05,商,,,1140124,土地1建物1車位1,七層,11,住宅大樓(11層含以上有電梯),住家用,鋼筋混凝土造,,138.83,3,2,2,有,無,12200000,92016,坡道平面,24.72,1700000,,RPQNMLRJKHKGFAU76CB,超綻,A棟7-07F號,
花蓮市,房地(土地+建物)+車位,花蓮縣花蓮市國聯五路與國民九街交叉路口,15.72,商,,,1140131,土地1建物1車位2,八層,11,住宅大樓(11層含以上有電梯),住家用,鋼筋混凝土造,,186.7,4,2,2,有,無,16100000,91048,坡道平面,48.86,3550000,,RPRNMLRJKHKGFAU86CB,超綻,B棟1-08F號,
花蓮市,房地(土地+建物)+車位,花蓮縣花蓮市國聯五路與國民九街交叉路口,8.9,商,,,1140122,土地1建物1車位1,六層,11,住宅大樓(11層含以上有電梯),住家用,鋼筋混凝土造,,102.09,2,2,1,有,無,8600000,89182,坡道平面,24.72,1700000,,RPSNMLRJKHKGFAU96CB,超綻,B棟5-06F號,
新城鄉,房地(土地+建物),花蓮縣新城鄉新興一路,35.36,住,,,1140128,土地1建物1車位0,五層,5,華廈(10層含以下有電梯),住家用,鋼筋混凝土造,,71.35,2,2,2,有,無,4750000,66573,,0.0,0,,RPPNMLSJKHKGFAU86DB,太魯閣讚2.0,D棟5D5號,
花蓮市,房地(土地+建物),花蓮縣花蓮市國聯五路與國民九街交叉路口,8.9,商,,,1140126,土地1建物1車位0,八層,11,住宅大樓(11層含以上有電梯),住家用,鋼筋混凝土造,,77.37,2,2,1,有,無,7780000,100556,,0.0,0,,RPPNMLPKKHKGFAU56CB,超綻,A棟5-08F號,
