﻿編號,屋齡,建物移轉面積平方公尺,主要用途,主要建材,建築完成日期,總層數,建物分層,移轉情形
The serial number,room age,building shifting area square meter,the main use,main building materials,construction completes the date,total layer,building lamination,
RPSPMLRJKHKGFAU17DA,1,55.73,集合住宅,鋼筋混凝土造,113年2月1日,六層,五層 陽台,全筆移轉
RPSPMLRJKHKGFAU17DA,1,20.69,共有部份,鋼筋混凝土造,113年2月1日,六層,,持分移轉
RPSPMLRJKHKGFAU17DA,1,21.83,共有部分（停車空間）,鋼筋混凝土造,113年2月1日,六層,,持分移轉
RPWNMLLKKHKGFAU86DA,30,78.17,住家用,鋼筋混凝土造,84年4月29日,五層,三層 陽台 花台,全筆移轉
RPWNMLLKKHKGFAU86DA,30,21.99,共有部份,鋼筋混凝土造,84年4月29日,五層,,持分移轉
RPWOMLMJJHKGFAU86DA,37,114.72,辦公室,鋼筋混凝土造,77年6月20日,五層,五層 陽台,全筆移轉
RPWOMLMJJHKGFAU86DA,37,14.11,共有部份,鋼筋混凝土造,77年6月20日,五層,,持分移轉
RPROMLSJKHKGFAU07DA,41,96.22,住家用,鋼筋混凝土加強磚造,72年10月13日,二層,一層 二層,全筆移轉
RPWOMLOJKHKGFAU17DA,11,350.08,住家用,鋼筋混凝土造,102年12月17日,四層,一層 二層 三層 四層 陽台 屋頂突出物 騎樓,全筆移轉
RPQOMLRKKHKGFAU96DA,,187.12,住商用,鋼筋混凝土造,69年4月0日,四層,一層 二層 三層 四層 屋頂突出物 騎樓 地下層,持分移轉
RPQPMLRJKHKGFAU96DA,32,20.13,倉儲,鋼筋混凝土造,81年9月30日,八層,六層,全筆移轉
RPQPMLRJKHKGFAU96DA,32,6.70,共有部份,鋼筋混凝土造,81年9月30日,八層,,持分移轉
RPPNMLNKKHKGFCU56DA,41,106.26,住商用,加強磚造,72年12月21日,二層,一層 二層 陽台 騎樓,全筆移轉
RPXNMLMKKHKGFAU07DA,31,19.22,住家用,鋼筋混凝土造,82年10月14日,六層,四層,全筆移轉
RPXNMLMKKHKGFAU07DA,31,7.17,共有部份,鋼筋混凝土造,82年10月14日,六層,,持分移轉
RPRPMLRJKHKGFAU07DA,47,90.90,住家用,鋼筋混凝土加強磚造,67年1月31日,二層,一層 二層,全筆移轉
RPPOMLMKKHKGFAU98DA,7,87.83,集合住宅,鋼筋混凝土造,107年1月29日,十一層,八層 陽台,全筆移轉
RPPOMLMKKHKGFAU98DA,7,32.90,共有部份,鋼筋混凝土造,107年1月29日,十一層,,持分移轉
RPRNMLKKKHKGFAU88DA,53,82.68,住家用,鋼筋混凝土加強磚造,60年9月24日,二層,一層 二層 騎樓,全筆移轉
RPPNMLKKKHKGFAU68DA,30,174.47,停車空間、住宅,鋼筋混凝土造,83年9月29日,四層,一層 二層 三層 四層 陽台 平台 屋頂突出物 花台,全筆移轉
RPTOMLRKKHKGFAU27DA,54,85.78,住家用,鋼筋混凝土加強磚造,59年11月25日,二層,一層 二層 騎樓,全筆移轉
RPXNMLSKKHKGFAU67DA,37,56.67,住家用,鋼筋混凝土造,76年11月17日,七層,七層,全筆移轉
RPXNMLSKKHKGFAU67DA,37,19.03,共有部份,鋼筋混凝土造,76年11月17日,七層,,持分移轉
RPOOMLSKKHKGFAU86DA,14,202.00,住家用,鋼筋混凝土造,100年3月2日,四層,一層 二層 三層 四層 陽台,全筆移轉
RPPNMLRKKHKGFCU96DA,56,153.98,住家用,鋼筋混凝土加強磚造,57年12月8日,二層,一層 二層,全筆移轉
RPSOMLOJKHKGFAU76DA,,65.99,集合住宅,鋼筋混凝土造,113年9月23日,七層,六層 陽台,全筆移轉
RPSOMLOJKHKGFAU76DA,,28.40,共有部份,鋼筋混凝土造,113年9月23日,七層,,持分移轉
RPRNMLTKKHKGFAU17DA,32,44.12,倉儲,鋼筋混凝土造,81年9月30日,八層,二層 陽台,全筆移轉
RPRNMLTKKHKGFAU17DA,32,4.06,共有部份,鋼筋混凝土造,81年9月30日,八層,,持分移轉
RPUOMLRJKHKGFAU27DA,44,74.80,住家用,鋼筋混凝土加強磚造,69年7月19日,二層,一層 二層,全筆移轉
RPQNMLLKKHKGFAU88DA,52,71.22,住家用,鋼筋混凝土加強磚造,61年11月10日,二層,一層 二層,全筆移轉
RPUNMLLKKHKGFAU66DA,45,113.22,住商用,鋼筋混凝土加強磚造,68年9月15日,二層,一層 二層 騎樓,全筆移轉
RPRNMLMKKHKGFAU09DA,31,336.70,住商用,鋼筋混凝土造,82年12月18日,四層,一層 二層 三層 四層 陽台 平台 騎樓,全筆移轉
RPRNMLSJKHKGFAU96DA,,41.33,集合住宅,鋼筋混凝土造,113年11月25日,五層,五層 陽台,全筆移轉
RPRNMLSJKHKGFAU96DA,,19.98,共有部份,鋼筋混凝土造,113年11月25日,五層,,持分移轉
RPQNMLSJKHKGFAU86DA,18,167.25,住家用,鋼筋混凝土造,96年5月18日,三層,一層 二層 三層 陽台,全筆移轉
RPSNMLSJKHKGFAU07DA,,41.33,集合住宅,鋼筋混凝土造,113年11月25日,五層,五層 陽台,全筆移轉
RPSNMLSJKHKGFAU07DA,,31.54,共有部份,鋼筋混凝土造,113年11月25日,五層,,持分移轉
RPPNMLMKKHKGFAU88DA,,46.53,集合住宅,鋼筋混凝土造,113年11月25日,五層,一層 陽台,全筆移轉
RPPNMLMKKHKGFAU88DA,,33.01,共有部份,鋼筋混凝土造,113年11月25日,五層,,持分移轉
RPQOMLMKKHKGFAU09DA,24,186.16,住商用,鋼筋混凝土造,90年3月16日,三層,一層 二層 三層 陽台 屋頂突出物 騎樓 雨遮,全筆移轉
RPUNMLOKKHKGFAU96DA,29,14.30,停車空間,鋼筋混凝土造,85年2月5日,十二層,,持分移轉
RPSNMLNKKHKGFAU66DA,73,32.66,住家用,木石磚造（雜木）,,一層,一層,全筆移轉
RPQNMLNKKHKGFAU09DA,44,185.24,住商用,鋼筋混凝土造,70年3月13日,三層,一層 二層 三層 防空避難室 屋頂突出物 騎樓,全筆移轉
RPQNMLNKKHKGFAU09DA,44,382.39,住商用,鋼筋混凝土造,70年3月13日,三層,一層 二層 三層 防空避難室 屋頂突出物 騎樓,全筆移轉
RPSOMLRKKHKGFAU17DA,10,281.43,住家用,鋼筋混凝土造,104年2月17日,五層,一層 二層 三層 四層 五層 陽台 屋頂突出物,全筆移轉
RPROMLRKKHKGFAU07DA,40,129.58,住商用,鋼筋混凝土造,74年1月11日,二層,一層 二層 屋頂突出物 騎樓,全筆移轉
RPPNMLSKKHKGFAU86DA,36,183.33,住商用,鋼筋混凝土造,77年11月23日,二層,一層 二層 陽台 屋頂突出物 騎樓,全筆移轉
RPTPMLRJKHKGFAU27DA,,88.08,住家用,木造,,一層,一層 浴廁,全筆移轉
RPPNMLSJKHKGFAU76DA,5,139.63,集合住宅,鋼筋混凝土造,108年6月13日,十一層,八層 陽台,全筆移轉
RPPNMLSJKHKGFAU76DA,5,42.38,本共有部分之項目有防空避難室、停車空間、配電室、發電機室、電信室、機械室、管理委員會、梯廳、電梯、安全梯及騎樓等１１項,鋼筋混凝土造,108年6月13日,十一層,,持分移轉
RPPNMLSJKHKGFAU76DA,5,7.57,共有部份,鋼筋混凝土造,108年6月13日,十一層,,持分移轉
RPPNMLSJKHKGFAU76DA,5,17.31,停車空間,鋼筋混凝土造,108年6月13日,十一層,,持分移轉
RPPOMLNKKHKGFAU09DA,43,87.34,住家用,鋼筋混凝土加強磚造,70年6月29日,一層,一層 屋頂突出物,全筆移轉
RPROMLMKKHKGFAU56DA,10,271.59,住家用,鋼筋混凝土造,103年10月7日,四層,一層 二層 三層 四層 陽台 屋頂突出物,全筆移轉
RPSNMLKKKHKGFAU98DA,30,63.52,住家用,鋼筋混凝土造,83年11月17日,七層,四層 陽台,全筆移轉
RPSNMLKKKHKGFAU98DA,30,20.59,共有部份,鋼筋混凝土造,83年11月17日,七層,,持分移轉
RPTNMLOKKHKGFAU86DA,41,116.67,店鋪住宅、停車場,鋼筋混凝土造,72年8月9日,五層,一層 騎樓 夾層,全筆移轉
RPRNMLRKKHKGFAU96DA,29,27.22,住家用,鋼筋混凝土造,85年2月2日,十層,七層 陽台,全筆移轉
RPRNMLRKKHKGFAU96DA,29,2.99,共有部份,鋼筋混凝土造,85年2月2日,十層,,持分移轉
RPRNMLRKKHKGFAU96DA,29,6.20,共有部份,鋼筋混凝土造,85年2月2日,十層,,持分移轉
RPOOMLOJKHKGFAU98DA,,72.88,集合住宅,鋼筋混凝土造,113年9月23日,七層,三層 陽台,全筆移轉
RPOOMLOJKHKGFAU98DA,,31.02,共有部份,鋼筋混凝土造,113年9月23日,七層,,持分移轉
RPOOMLOJKHKGFAU98DA,,13.66,共有部份（停車空間）,鋼筋混凝土造,113年9月23日,七層,,持分移轉
RPOOMLNKKHKGFAU98DA,7,101.96,集合住宅,鋼筋混凝土造,107年1月29日,十一層,五層 陽台,全筆移轉
RPOOMLNKKHKGFAU98DA,7,38.19,共有部份,鋼筋混凝土造,107年1月29日,十一層,,持分移轉
RPOOMLNKKHKGFAU98DA,7,18.46,共有部份,鋼筋混凝土造,107年1月29日,十一層,,持分移轉
RPPNMLNLJHKGFCU56DA,,34.31,商業用,木造,,一層,一層,全筆移轉
RPPNMLNLJHKGFCU56DA,46,132.86,住家用,鋼筋混凝土造,68年4月18日,三層,一層 二層 三層 陽台,全筆移轉
RPPNMLRKJHKGFAU66DA,45,106.99,住商用,鋼筋混凝土加強磚造,69年4月14日,二層,一層 二層 騎樓,全筆移轉
RPUNMLNKKHKGFAU86DA,,49.71,集合住宅,鋼筋混凝土造,113年7月30日,七層,二層 陽台,全筆移轉
RPUNMLNKKHKGFAU86DA,,20.76,共有部份,鋼筋混凝土造,113年7月30日,七層,,持分移轉
RPPNMLLKKHKGFAU78DA,9,330.14,住家用,鋼筋混凝土造,104年7月28日,四層,一層 二層 三層 四層 陽台,全筆移轉
RPQNMLSJKHKGFCU07DA,,173.19,住家用,鋼筋混凝土造,113年11月4日,三層,一層 二層 三層 陽台,全筆移轉
RPRNMLRJKHKGFCU07DA,,174.79,住家用,鋼筋混凝土造,113年11月4日,三層,一層 二層 三層 陽台,全筆移轉
RPPNMLSJKHKGFCU96DA,,174.79,住家用,鋼筋混凝土造,113年11月4日,三層,一層 二層 三層 陽台,全筆移轉
RPSNMLLKKHKGFAU09DA,41,89.92,住家用,鋼筋混凝土加強磚造,72年4月14日,二層,一層 二層,全筆移轉
RPRNMLSJKHKGFCU17DA,,174.79,住家用,鋼筋混凝土造,113年11月4日,三層,一層 二層 三層 陽台,全筆移轉
RPSNMLRJKHKGFCU17DA,,174.79,住家用,鋼筋混凝土造,113年11月4日,三層,一層 二層 三層 陽台,全筆移轉
RPSOMLMKKHKGFAU66DA,4,36.75,店鋪,鋼筋混凝土造,109年1月2日,七層,一層,全筆移轉
RPSOMLMKKHKGFAU66DA,4,2.70,共有部份（停車空間）,鋼筋混凝土造,109年1月2日,七層,,持分移轉
RPSOMLMKKHKGFAU66DA,4,16.01,本共有部分之項目有防空避難室、台電受電室、電信室、消防機房、電梯、安全梯、梯廳、梯間、樓梯間等９項,鋼筋混凝土造,109年1月2日,七層,,持分移轉
RPPPMLRJKHKGFAU86DA,,64.96,集合住宅,鋼筋混凝土造,113年11月26日,四層,四層 陽台,全筆移轉
RPPPMLRJKHKGFAU86DA,,24.33,共有部份,鋼筋混凝土造,113年11月26日,四層,,持分移轉
RPXNMLSJKHKGFAU57DA,,61.51,集合住宅,鋼筋混凝土造,113年11月26日,四層,一層,全筆移轉
RPXNMLSJKHKGFAU57DA,,22.82,共有部份,鋼筋混凝土造,113年11月26日,四層,,持分移轉
RPSOMLRJKHKGFAU07DA,,67.63,集合住宅,鋼筋混凝土造,113年11月26日,四層,三層 陽台,全筆移轉
RPSOMLRJKHKGFAU07DA,,25.38,共有部份,鋼筋混凝土造,113年11月26日,四層,,持分移轉
RPUNMLMKKHKGFAU76DA,,66.13,集合住宅,鋼筋混凝土造,113年11月26日,四層,四層 陽台,全筆移轉
RPUNMLMKKHKGFAU76DA,,24.62,共有部份,鋼筋混凝土造,113年11月26日,四層,,持分移轉
RPPOMLSJKHKGFAU86DA,,64.96,集合住宅,鋼筋混凝土造,113年11月26日,四層,三層 陽台,全筆移轉
RPPOMLSJKHKGFAU86DA,,24.33,共有部份,鋼筋混凝土造,113年11月26日,四層,,持分移轉
RPQOMLSJKHKGFAU96DA,,65.99,集合住宅,鋼筋混凝土造,113年9月23日,七層,三層 陽台,全筆移轉
RPQOMLSJKHKGFAU96DA,,28.40,共有部份,鋼筋混凝土造,113年9月23日,七層,,持分移轉
RPRNMLMLJHKGFAU09DA,30,24.58,住家用,鋼筋混凝土造,83年11月15日,十二層,八層,全筆移轉
RPRNMLMLJHKGFAU09DA,30,7.74,共有部份,鋼筋混凝土造,83年11月15日,十二層,,持分移轉
RPRNMLMLJHKGFAU09DA,30,3.98,共有部份,鋼筋混凝土造,83年11月15日,十二層,,持分移轉
RPVNMLPLJIJGFAU17DA,2,135.20,集合住宅,鋼筋混凝土造,112年3月27日,五層,一層 陽台 騎樓 夾層,全筆移轉
RPVNMLPLJIJGFAU17DA,3,54.82,共有部份,鋼筋混凝土造,111年1月14日,五層,,持分移轉
RPVNMLPLJIJGFAU17DA,2,22.02,共有部分（停車空間）,鋼筋混凝土造,112年3月27日,五層,,持分移轉
RPQNMLTJKIJGFBU07DA,13,115.85,資訊休閒服務場所,鋼筋混凝土造,100年11月16日,一層,一層,全筆移轉
RPVNMLNKJHKGFAU86DA,,189.53,健身房,鋼筋混凝土造,113年8月8日,三層,二層 陽台,全筆移轉
RPVNMLNKJHKGFAU86DA,,78.23,健身房,鋼筋混凝土造,113年8月8日,三層,三層 陽台,全筆移轉
RPVNMLNKJHKGFAU86DA,,114.84,共有部份,鋼筋混凝土造,113年8月8日,三層,,持分移轉
RPVNMLNKJHKGFAU86DA,,47.34,共有部份,鋼筋混凝土造,113年8月8日,三層,,持分移轉
RPVNMLNKJHKGFAU86DA,,19.96,共有部分（停車空間）,鋼筋混凝土造,113年8月8日,三層,,持分移轉
RPVNMLNKJHKGFAU86DA,,116.58,共有部分（停車空間）,鋼筋混凝土造,113年8月8日,三層,,持分移轉
RPQNMLRJJHKGFAU66DA,36,185.16,住商用,鋼筋混凝土造,78年5月11日,三層,一層 二層 三層 陽台 防空避難室 屋頂突出物 騎樓,全筆移轉
