﻿編號,屋齡,建物移轉面積平方公尺,主要用途,主要建材,建築完成日期,總層數,建物分層,移轉情形
The serial number,room age,building shifting area square meter,the main use,main building materials,construction completes the date,total layer,building lamination,
RPXNMLLKKHKGFAU07CC,31,86.47,住家用,鋼筋混凝土造,82年10月29日,七層,,
RPXNMLLKKHKGFAU07CC,31,16.76,共有部份,鋼筋混凝土造,82年10月29日,七層,,
RPPNMLLLJHKGFAU88CC,21,23.33,住家用,鋼筋混凝土造,93年4月26日,四層,,
RPUNMLLLJHKGFAU76CC,2,57.24,集合住宅,鋼筋混凝土造,111年8月16日,五層,,
RPUNMLLLJHKGFAU76CC,2,11.54,共有部份,鋼筋混凝土造,111年8月16日,五層,,
RPVNMLOJKHKGFAU07CC,28,47.69,住家用,鋼筋混凝土造,85年8月17日,三層,,
RPTNMLNJKHKGFAU76CC,,55.40,集合住宅,鋼筋混凝土造,113年9月19日,八層,,
RPTNMLNJKHKGFAU76CC,,22.25,共有部份,鋼筋混凝土造,113年9月19日,八層,,
RPVNMLLLJHKGFAU86CC,25,49.58,住家用,鋼筋混凝土造,88年12月8日,五層,,
RPVNMLLLJHKGFAU86CC,25,22.58,共有部份,鋼筋混凝土造,88年12月8日,五層,,
RPSNMLMLJHKGFAU66CC,,72.52,住家用,鋼筋水泥木造,,二層,,
RPTNMLOLJHKGFAU96CC,19,19.84,住家用,鋼鐵﹝鋼骨﹞造有牆,95年1月2日,三層,,
RPRNMLMLJHKGFAU56CC,39,68.18,住家用,鋼筋混凝土加強磚造,75年3月31日,二層,,
RPQNMLNLJHKGFAU66DC,7,27.01,住家用,鋼筋混凝土造,107年4月13日,四層,,
