﻿編號,車位類別,車位價格,車位面積平方公尺,車位所在樓層
Serial number,berth category,berth price,berth area square meter,
RPRNMLOLJHKGFAU76CC,一樓平面,2000,,一樓
RPUNMLOJKHKGFAU96CC,一樓平面,0,,一樓
RPQNMLRJKHKGFAU86CC,一樓平面,0,,一樓
RPQNMLRJKHKGFAU86CC,一樓平面,0,,一樓
RPQNMLRJKHKGFAU86CC,一樓平面,0,,一樓
RPQNMLRJKHKGFAU86CC,一樓平面,0,,一樓
RPQNMLRJKHKGFAU86CC,一樓平面,0,,一樓
RPQNMLRJKHKGFAU86CC,一樓平面,0,,一樓
RPQNMLRJKHKGFAU86CC,一樓平面,0,,一樓
RPQNMLRJKHKGFAU86CC,一樓平面,0,,一樓
RPQNMLRJKHKGFAU86CC,一樓平面,0,,一樓
RPQNMLRJKHKGFAU86CC,一樓平面,0,,一樓
RPQNMLRJKHKGFAU86CC,一樓平面,0,,一樓
RPQNMLRJKHKGFAU86CC,一樓平面,0,,一樓
RPQNMLRJKHKGFAU86CC,一樓平面,0,,一樓
RPQNMLRJKHKGFAU86CC,一樓平面,0,,一樓
RPQNMLRJKHKGFAU86CC,一樓平面,0,,一樓
RPQNMLRJKHKGFAU86CC,一樓平面,0,,一樓
RPQNMLRJKHKGFAU86CC,一樓平面,0,,一樓
RPQNMLRJKHKGFAU86CC,一樓平面,0,,一樓
RPQNMLRJKHKGFAU86CC,一樓平面,0,,一樓
RPQNMLRJKHKGFAU86CC,一樓平面,0,,一樓
