﻿編號,土地位置,土地移轉面積平方公尺,使用分區或編定,權利人持分分母,權利人持分分子,移轉情形,地號
The serial number, land position,land shifting area square meter,the use zoning or compiles and checks,,,,land parcel
RPPNMLMKKHKGFAV98DA,建業段,1728.00,都市：其他:農業區,1,1,全筆移轉,08250000
RPRNMLQJKHKGFAV86DA,台東段,.19,都市：其他:住宅區,1,1,全筆移轉,11330008
RPRNMLQJKHKGFAV86DA,台東段,3.81,都市：其他:住宅區,1,1,全筆移轉,11330009
RPRNMLQJKHKGFAV86DA,台東段,.31,都市：其他:住宅區,1,1,全筆移轉,11330010
RPSNMLNLJHKGFDV07DA,秀山段,6.53,都市：其他:旅館區,100000,105,持分移轉,06590003
RPPNMLSKKHKGFAV96DA,豐川段,3072.66,非都市：特定農業區 ; 非都市編定：農牧用地,1,1,全筆移轉,04660000
RPSNMLRKKHKGFAV17DA,台東段,97.00,都市：其他:商業區,1,1,全筆移轉,03470004
RPSNMLRKKHKGFAV17DA,台東段,78.00,都市：其他:商業區,1,1,全筆移轉,03470050
RPSNMLRKKHKGFAV17DA,台東段,78.00,都市：其他:商業區,1,1,全筆移轉,03470051
RPPNMLKKKHKGFAV78DA,中正段,72.00,都市：其他:住宅區,1,1,全筆移轉,05340000
RPUNMLQJKHKGFDV47DA,新歷坵段,400.31,非都市：山坡地保育區 ; 非都市編定：農牧用地,1,1,全筆移轉,03720000
RPUNMLQJKHKGFDV47DA,新歷坵段,1770.06,非都市：山坡地保育區 ; 非都市編定：農牧用地,1,1,全筆移轉,03770000
RPUNMLQJKHKGFDV47DA,新歷坵段,2470.04,非都市：山坡地保育區 ; 非都市編定：農牧用地,1,1,全筆移轉,03780000
RPUNMLQJKHKGFDV47DA,新歷坵段,5130.03,非都市：山坡地保育區 ; 非都市編定：農牧用地,1,1,全筆移轉,03790000
RPUNMLQJKHKGFDV47DA,新歷坵段,461.76,非都市：山坡地保育區 ; 非都市編定：農牧用地,1,1,全筆移轉,03800000
RPUNMLQJKHKGFDV47DA,新歷坵段,2409.99,非都市：山坡地保育區 ; 非都市編定：農牧用地,1,1,全筆移轉,03810000
RPUNMLQJKHKGFDV47DA,新歷坵段,3829.84,非都市：山坡地保育區 ; 非都市編定：農牧用地,1,1,全筆移轉,04130000
RPUNMLQJKHKGFDV47DA,新歷坵段,493.16,非都市：山坡地保育區 ; 非都市編定：農牧用地,1,1,全筆移轉,04150000
RPUNMLQJKHKGFDV47DA,新歷坵段,3723.88,非都市：山坡地保育區 ; 非都市編定：農牧用地,1,1,全筆移轉,04510000
RPUNMLQJKHKGFDV47DA,新歷坵段,1961.23,非都市：山坡地保育區 ; 非都市編定：農牧用地,1,1,全筆移轉,04520000
RPUNMLQJKHKGFDV47DA,新歷坵段,1181.51,非都市：山坡地保育區 ; 非都市編定：農牧用地,1,1,全筆移轉,04530000
RPUNMLQJKHKGFDV47DA,新歷坵段,2500.40,非都市：山坡地保育區 ; 非都市編定：農牧用地,1,1,全筆移轉,04550000
RPUNMLQJKHKGFDV47DA,新歷坵段,2951.70,非都市：山坡地保育區 ; 非都市編定：農牧用地,1,1,全筆移轉,04560000
RPUNMLQJKHKGFDV47DA,新歷坵段,5460.17,非都市：山坡地保育區 ; 非都市編定：農牧用地,1,1,全筆移轉,04570000
RPPNMLQJKHKGFDV96DA,秀山段,6.91,都市：其他:旅館區,100000,111,持分移轉,06590003
RPSNMLKKKHKGFAV09DA,梧州段,110.00,都市：其他:住宅區,1,1,全筆移轉,02600015
RPXNMLKKKHKGFAV96DA,南鎮樂段,4863.19,非都市：山坡地保育區 ; 非都市編定：林業用地,1,1,全筆移轉,00860001
RPXNMLKKKHKGFAV96DA,南鎮樂段,979.68,非都市：山坡地保育區 ; 非都市編定：林業用地,12,4,持分移轉,00900000
RPXNMLKKKHKGFAV96DA,南鎮樂段,38.47,非都市：山坡地保育區 ; 非都市編定：丙種建築用地,12,4,持分移轉,00900001
RPPNMLPJKHKGFDV86DA,秀山段,6.53,都市：其他:旅館區,100000,105,持分移轉,06590003
RPTNMLKKKHKGFAV56DA,南鎮樂段,4863.20,非都市：山坡地保育區 ; 非都市編定：林業用地,1,1,全筆移轉,00860000
RPTNMLKKKHKGFAV56DA,南鎮樂段,979.68,非都市：山坡地保育區 ; 非都市編定：林業用地,12,4,持分移轉,00900000
RPTNMLKKKHKGFAV56DA,南鎮樂段,38.47,非都市：山坡地保育區 ; 非都市編定：丙種建築用地,12,4,持分移轉,00900001
RPVNMLKKKHKGFAV76DA,南鎮樂段,4863.20,非都市：山坡地保育區 ; 非都市編定：林業用地,1,1,全筆移轉,00860002
RPVNMLKKKHKGFAV76DA,南鎮樂段,979.68,非都市：山坡地保育區 ; 非都市編定：林業用地,12,4,持分移轉,00900000
RPVNMLKKKHKGFAV76DA,南鎮樂段,38.47,非都市：山坡地保育區 ; 非都市編定：丙種建築用地,12,4,持分移轉,00900001
RPQNMLKLJHKGFAV88DA,知本段,96.00,非都市：特定農業區 ; 非都市編定：甲種建築用地,1,1,全筆移轉,78940001
RPRNMLRJJHKGFAV86DA,南榮段,38.35,都市：其他:住宅區,100000,1036,持分移轉,10690000
RPRNMLRJJHKGFAV86DA,南榮段,14.40,都市：其他:農業區,100000,1036,持分移轉,10810000
RPQNMLQKJHKGFAV76DA,台東段,35.19,都市：其他:住宅區,10000,612,持分移轉,01600345
RPSOMLKKKHKGFAV56DA,台東段,21.62,都市：其他:住宅區,10000,213,持分移轉,00010062
RPPNMLLKJHKGFAV78DA,豐榮段,44.00,都市：其他:住宅區,1,1,全筆移轉,04350000
RPPNMLLKJHKGFAV78DA,豐榮段,37.00,都市：其他:道路用地,1,1,全筆移轉,04360000
RPSNMLSJJHKGFAV07DA,永和段,84.97,都市：其他:住宅區,1,1,全筆移轉,02930000
RPPNMLOKKHKGFDV86DA,秀山段,6.53,都市：其他:旅館區,100000,105,持分移轉,06590003
RPPNMLOKKHKGFAV56DA,利泰段,4069.75,非都市：特定農業區 ; 非都市編定：農牧用地,1,1,全筆移轉,05410000
RPTNMLQJKHKGFDV37DA,蘭里段,67.88,非都市：鄉村區 ; 非都市編定：乙種建築用地,1,1,全筆移轉,10090000
RPPNMLRKKHKGFCV07DA,水源段,552.39,非都市：一般農業區 ; 非都市編定：甲種建築用地,1,1,全筆移轉,00910000
RPPNMLRKKHKGFCV07DA,水源段,506.76,非都市：一般農業區 ; 非都市編定：農牧用地,1,1,全筆移轉,00950000
RPPNMLLKKHKGFCV09DA,中和段,83.59,非都市：一般農業區 ; 非都市編定：甲種建築用地,1,1,全筆移轉,08620000
RPQNMLNKKHKGFCV76DA,水墜段,6113.46,非都市：山坡地保育區 ; 非都市編定：農牧用地,1,1,全筆移轉,12030004
RPRNMLNKKHKGFCV86DA,萬福段,1681.66,非都市：特定農業區 ; 非都市編定：農牧用地,2,1,持分移轉,06510000
RPPNMLNKKHKGFCV66DA,新日出段,658.22,非都市：一般農業區 ; 非都市編定：農牧用地,1,1,全筆移轉,06580000
RPPNMLSJKHKGFCV07DA,福原段,60.71,都市：其他:住宅區,1,1,全筆移轉,04540000
RPQNMLOKJHKGFAV56DA,永清段,30.23,都市：其他:商業區,10000,1081,持分移轉,06840000
RPQNMLRKKHKGFCV17DA,水源段,381.79,非都市：一般農業區 ; 非都市編定：甲種建築用地,1,1,全筆移轉,00900000
RPQNMLRKKHKGFCV17DA,水源段,104.18,非都市：一般農業區 ; 非都市編定：農牧用地,1,1,全筆移轉,09080000
RPPNMLQJKHKGFAV66DA,豐榮段,16.00,都市：其他:人行步道用地,1,1,全筆移轉,03320000
RPPNMLQJKHKGFAV66DA,豐榮段,1.00,都市：其他:人行步道用地,1,1,全筆移轉,03330000
RPPNMLQJKHKGFAV66DA,豐榮段,62.00,都市：其他:住宅區,1,1,全筆移轉,03340000
RPRNMLMLJHKGFAV56DA,台東段,75.67,都市：其他:住宅區,3,1,持分移轉,06540051
RPRNMLKKKHKGFAV98DA,南榮段,26.02,都市：其他:住宅區,100000,703,持分移轉,10690000
RPRNMLKKKHKGFAV98DA,南榮段,9.77,都市：其他:農業區,100000,703,持分移轉,10810000
RPQNMLQJKHKGFDV07DA,台坂段,80930.00,非都市：山坡地保育區 ; 非都市編定：林業用地,1,1,全筆移轉,00700000
RPPNMLTJKHKGFDV27DA,北橋段,80.48,都市：其他:住宅區,1,1,全筆移轉,07270000
RPPNMLSJKHKGFAV86DA,中正段,81.00,都市：其他:住宅區,1,1,全筆移轉,04110000
RPPNMLTJKHKGFBV07DA,北都蘭段,952.00,非都市：風景區 ; 非都市編定：林業用地,1,1,全筆移轉,01970000
RPQNMLPJKHKGFBV76DA,濱海段,87.77,都市：其他:市場用地,1,1,全筆移轉,05630000
RPPNMLOJKHKGFBV56DA,黃金橋段,284.27,非都市：風景區 ; 非都市編定：農牧用地,1,1,全筆移轉,08550003
RPQOMLKKKHKGFAV98DA,豐利段,42.23,都市：其他:住宅區,1,1,全筆移轉,10130000
RPROMLKKKHKGFAV09DA,豐利段,42.05,都市：其他:住宅區,1,1,全筆移轉,10080000
RPQNMLMKKHKGFAV09DA,富山段,6871.83,非都市：風景區 ; 非都市編定：農牧用地,1,1,全筆移轉,07800000
RPPNMLRJKHKGFAV76DA,建業段,87.99,都市：其他:住宅區,1,1,全筆移轉,03810001
RPOOMLKKKHKGFAV78DA,太平段,149.72,非都市：鄉村區 ; 非都市編定：乙種建築用地,1,1,全筆移轉,01300000
RPSNMLLKKHKGFAV56DA,建業段,66.14,都市：其他:住宅區,1,1,全筆移轉,02790000
RPSNMLLKKHKGFAV56DA,建業段,2.86,都市：其他:道路用地,1,1,全筆移轉,02790001
RPQNMLKKKHKGFDV56DA,蘭里段,59.96,非都市：鄉村區 ; 非都市編定：乙種建築用地,4,1,持分移轉,09880000
RPPNMLRJKHKGFCV96DA,豐泉段,126.01,都市：其他:住宅區,1,1,全筆移轉,07660006
RPPNMLOLJHKGFCV76DA,桃源段,5000.00,非都市：山坡地保育區 ; 非都市編定：林業用地,1,1,全筆移轉,04420002
RPQNMLSJKHKGFDV27DA,秀山段,15.00,都市：其他:出租旅館區,10000,13,持分移轉,07230000
RPQNMLSJKHKGFDV27DA,秀山段,.00,都市：其他:出租旅館區,10000,13,持分移轉,07230001
RPPNMLRJKHKGFAV86EA,康樂段,1410.00,非都市：特定農業區 ; 非都市編定：農牧用地,1,1,全筆移轉,10390000
RPPNMLRJKHKGFAV86EA,康樂段,2019.00,非都市：特定農業區 ; 非都市編定：農牧用地,1,1,全筆移轉,10400000
RPPNMLRJKHKGFAV86EA,康樂段,1224.00,非都市：特定農業區 ; 非都市編定：農牧用地,1,1,全筆移轉,10440001
RPQNMLMLJHKGFCV76EA,崁頂段,1686.00,非都市：山坡地保育區 ; 非都市編定：農牧用地,3,1,持分移轉,00490001
RPQNMLMLJHKGFCV76EA,崁頂段,217.00,非都市：山坡地保育區 ; 非都市編定：丙種建築用地,3,1,持分移轉,00520001
RPQNMLMLJHKGFCV76EA,崁頂段,45.33,非都市：山坡地保育區 ; 非都市編定：丙種建築用地,3,1,持分移轉,00520002
RPPNMLNKJHKGFDV76EA,泰王段,1.74,都市：其他:道路用地,2,1,持分移轉,08900000
RPPNMLNKJHKGFDV76EA,泰王段,2.99,都市：其他:住宅區,2,1,持分移轉,08920000
RPPNMLNKJHKGFDV76EA,泰王段,197.91,都市：其他:住宅區,2,1,持分移轉,08940000
RPPNMLQLKIJGFDV17DA,秀山段,6.60,都市：其他:旅館區,100000,106,持分移轉,06590003
RPQNMLRKKIJGFAV96DA,永清段,125.00,都市：其他:住宅區,1,1,全筆移轉,08380007
RPRNMLTJJHKGFCV27DA,豐泉段,185.83,都市：其他:住宅區,1,1,全筆移轉,07870003
RPRNMLRLKIJGFBV27DA,阿都蘭段,2500.00,非都市：風景區 ; 非都市編定：農牧用地,1,1,全筆移轉,01510003
RPPNMLLLJIJGFBV98DA,和平南段,1005.90,非都市：風景區 ; 非都市編定：農牧用地,5040,980,持分移轉,08900000
