﻿編號,土地位置,土地移轉面積平方公尺,使用分區或編定,權利人持分分母,權利人持分分子,移轉情形,地號
The serial number, land position,land shifting area square meter,the use zoning or compiles and checks,,,,land parcel
RPPNMLRJKHKGFAW86DA,后垵段,1079.24,都市：其他:農業區,1,1,全筆移轉,02780000
RPPNMLQJKHKGFAW76DA,陽宅段,135.22,都市：其他:農業區,1,1,全筆移轉,01280000
RPQNMLSKKHKGFAW17DA,后沙劃測段,43.11,都市：其他:自然村專用區,20,1,持分移轉,00160000
RPPNMLRJKHKGFAW86DA,后垵段,179.91,都市：其他:道路用地,1,1,全筆移轉,02780001
RPRNMLRJKHKGFAW07DA,北二三劃測段,1000.00,都市：其他:農業區,1,1,全筆移轉,05680000
RPQNMLMKKHKGFAW56DA,寧湖三劃段,587.00,都市：其他:農業區,1,1,全筆移轉,02790000
RPPNMLOJKHKGFAW56DA,沙宅劃段,1000.00,都市：其他:農業區,1,1,全筆移轉,00670000
RPRNMLOKKHKGFAW96EA,湖前段,32.11,都市：其他:自然村專用區,4,1,持分移轉,04420002
RPPNMLNKKHKGFAW66EA,奎星樓段,99.37,都市：其他:第二種住宅區,1,1,全筆移轉,04440000
RPPNMLLKKHKGFAW09EA,寧劃段,484.31,都市：其他:農業區,1,1,全筆移轉,04920000
RPPNMLLKKHKGFAW09EA,寧劃段,15.69,都市：其他:道路用地,1,1,全筆移轉,04920001
RPQNMLOKKHKGFAW86EA,蔡厝劃測段,1600.01,都市：其他:農業區,1,1,全筆移轉,01330000
RPQNMLSJKHKGFAW17EA,楊厝測段,400.47,都市：其他:自然村專用區,3,2,持分移轉,09360000
RPPNMLOKKHKGFAW76EA,陵水湖測段,787.12,都市：其他:農業區,1,1,全筆移轉,05780000
RPQNMLOJKHKGFAW66DA,市港段,12.17,都市：其他:第五種住宅區,100000,690,持分移轉,00580000
RPQNMLRJKHKGFAW96DA,瓊林村測段,223.22,都市：其他:第一類一般管制區生活發展用地,1,1,全筆移轉,04050000
RPPNMLTKKHKGFAW27EA,龍骨山測段,103.09,都市：其他:自然村專用區,1,1,全筆移轉,07930001
RPQNMLNJKHKGFAW56DA,陳坑測段,33.54,都市：其他:自然村專用區,1,1,全筆移轉,03900000
RPPNMLMKKHKGFAW09DA,麒麟山段,83.58,都市：其他:第七種住宅區,100000,26052,持分移轉,00760000
RPXOMLKKKIJGFAW17DA,安岐村測段,42.62,都市：其他:自然村專用區,8,1,持分移轉,01060001
RPSNMLRJKHKGFAW17DA,浯坑劃測段,491.03,都市：其他:農業區,1,1,全筆移轉,01150000
RPWOMLRKJHKGFAW67DA,后沙劃測段,43.11,都市：其他:自然村專用區,20,1,持分移轉,00160000
RPPOMLSJJHKGFAW96DA,北九十劃段,710.81,都市：其他:農業區,1,1,全筆移轉,00770000
RPPOMLSJJHKGFAW96DA,北九十劃段,490.29,都市：其他:農業區,1,1,全筆移轉,00860000
RPPNMLOKJHKGFAW56DA,塔后段,17.59,都市：其他:自然村專用區,10000,435,持分移轉,00790000
RPVNMLLLJHKGFAW96DA,大山段,449.04,都市：其他:保護區,1,1,全筆移轉,08000000
RPVNMLLLJHKGFAW96DA,大山段,480.62,都市：其他:保護區,1,1,全筆移轉,08140000
RPVNMLLLJHKGFAW96DA,大山段,446.95,都市：其他:保護區,1,1,全筆移轉,08150000
RPRPMLRKJHKGFAW27DA,安岐村測段,42.62,都市：其他:自然村專用區,8,1,持分移轉,01060001
RPSNMLSJJHKGFAW17DA,盤山村測段,53.91,都市：其他:自然村專用區,10,1,持分移轉,06680000
RPWNMLSJJHKGFAW57DA,盤山村測段,53.91,都市：其他:自然村專用區,10,1,持分移轉,06680000
RPRNMLRKJHKGFAW07DA,延平段,964.83,都市：其他:農業區,1,1,全筆移轉,03230000
RPRNMLRKJHKGFAW07DA,延平段,103.09,都市：其他:農業區,1,1,全筆移轉,08460000
RPTNMLRKJHKGFAW27DA,后沙劃測段,43.11,都市：其他:自然村專用區,20,1,持分移轉,00160000
RPPNMLTLKIJGFAW27DA,高陽段,383.46,都市：其他:農業區,1,1,全筆移轉,00440000
RPPNMLTLKIJGFAW27DA,高陽段,449.58,都市：其他:農業區,1,1,全筆移轉,00450000
