﻿編號,屋齡,建物移轉面積平方公尺,主要用途,主要建材,建築完成日期,總層數,建物分層,移轉情形
The serial number,room age,building shifting area square meter,the main use,main building materials,construction completes the date,total layer,building lamination,
RPQNMLSKKHKGFAW17DA,,84.07,集合住宅,鋼筋混凝土造,113年12月10日,五層,二層 陽台,全筆移轉
RPQNMLSKKHKGFAW17DA,,20.45,集合住宅：本建物共有部分項目有梯廳、梯坑、安全梯、電信機房、水塔間等５項。,鋼筋混凝土造,113年12月10日,五層,,持分移轉
RPRNMLOKKHKGFAW96EA,1,52.72,集合住宅,鋼筋混凝土造,113年6月21日,四層,一層,全筆移轉
RPRNMLOKKHKGFAW96EA,1,24.64,集合住宅：本共有部分項目有梯廳、安全梯及機械室等３項。,鋼筋混凝土造,113年6月21日,四層,,持分移轉
RPQNMLOJKHKGFAW66DA,9,41.29,集合住宅,鋼筋混凝土造,104年11月25日,八層,六層 陽台,全筆移轉
RPQNMLOJKHKGFAW66DA,9,24.79,共有部分：本共有部分項目有：管委會空間、電樓梯間、梯廳、車道、走廊、防空避難室兼停車空間、受電箱、台電配電場所、電信機房、蓄水池、汙水處理機房、消防泵浦室、水箱等十三項。,鋼筋混凝土造,104年11月25日,八層,,持分移轉
RPQNMLRJKHKGFAW96DA,42,145.38,住家用,鋼筋混凝土造,71年8月15日,二層,一層 二層 陽台 平台,全筆移轉
RPXOMLKKKIJGFAW17DA,,79.14,集合住宅,鋼筋混凝土造,113年10月28日,四層,三層 陽台,全筆移轉
RPXOMLKKKIJGFAW17DA,,14.12,集合住宅：本共有部分項目有梯廳、樓梯間及水箱等３項。,鋼筋混凝土造,113年10月28日,四層,,持分移轉
RPWOMLRKJHKGFAW67DA,,83.63,集合住宅,鋼筋混凝土造,113年12月10日,五層,四層 陽台,全筆移轉
RPWOMLRKJHKGFAW67DA,,20.45,集合住宅：本建物共有部分項目有梯廳、梯坑、安全梯、電信機房、水塔間等５項。,鋼筋混凝土造,113年12月10日,五層,,持分移轉
RPPNMLOKJHKGFAW56DA,8,27.63,集合住宅,鋼筋混凝土造,106年6月27日,三層,二層 雨遮,全筆移轉
RPPNMLOKJHKGFAW56DA,8,5.47,共有部分：本共有部分之項目有梯間、門廊、陽台等３項。,鋼筋混凝土造,106年6月27日,三層,,持分移轉
RPRPMLRKJHKGFAW27DA,,72.03,集合住宅,鋼筋混凝土造,113年10月28日,四層,一層,全筆移轉
RPRPMLRKJHKGFAW27DA,,14.12,集合住宅：本共有部分項目有梯廳、樓梯間及水箱等３項。,鋼筋混凝土造,113年10月28日,四層,,持分移轉
RPSNMLSJJHKGFAW17DA,,96.88,集合住宅,鋼筋混凝土造,113年10月30日,五層,二層 陽台,全筆移轉
RPSNMLSJJHKGFAW17DA,,20.22,集合住宅：本建物共有部分項目有梯廳、樓梯間及水塔間等３項。,鋼筋混凝土造,113年10月30日,五層,,持分移轉
RPWNMLSJJHKGFAW57DA,,96.77,集合住宅,鋼筋混凝土造,113年10月30日,五層,四層 陽台,全筆移轉
RPWNMLSJJHKGFAW57DA,,20.22,集合住宅：本建物共有部分項目有梯廳、樓梯間及水塔間等３項。,鋼筋混凝土造,113年10月30日,五層,,持分移轉
RPTNMLRKJHKGFAW27DA,,84.07,集合住宅,鋼筋混凝土造,113年12月10日,五層,二層 陽台,全筆移轉
RPTNMLRKJHKGFAW27DA,,20.45,集合住宅：本建物共有部分項目有梯廳、梯坑、安全梯、電信機房、水塔間等５項。,鋼筋混凝土造,113年12月10日,五層,,持分移轉
