﻿編號,屋齡,建物移轉面積平方公尺,主要用途,主要建材,建築完成日期,總層數,建物分層,移轉情形
The serial number,room age,building shifting area square meter,the main use,main building materials,construction completes the date,total layer,building lamination,
RPPNMLOJKHKGFAX66DA,65,82.66,住商用,鋼筋加強,48年12月1日,二層,一層 二層,全筆移轉
RPPNMLNKKHKGFAX66DA,48,81.48,住家用,鋼筋混凝土加強磚造,66年3月21日,二層,一層 二層,全筆移轉
RPQNMLNKKHKGFAX76DA,,4.14,住家用,造,,一層,一層 儲藏室,持分移轉
RPSNMLLKKHKGFAX76DA,4,189.00,住家用,鋼筋混凝土造,108年10月22日,二層,一層 二層 見其他登記事項 見其他登記事項,全筆移轉
RPRNMLLMKIJGFAX86DA,18,98.92,集合住宅,鋼筋混凝土造,95年7月10日,七層,三層 陽台,全筆移轉
RPRNMLLMKIJGFAX86DA,18,62.62,共用部份,鋼筋混凝土造,95年7月10日,十四層,,持分移轉
RPVNMLMKKIJGFAX17DA,26,48.75,機械房、電樓梯間、避難室,鋼筋混凝土造,87年9月25日,七層,,持分移轉
RPVNMLMKKIJGFAX17DA,26,110.51,住家用,鋼筋混凝土造,87年9月25日,七層,六層 陽台,全筆移轉
