﻿編號,屋齡,建物移轉面積平方公尺,主要用途,主要建材,建築完成日期,總層數,建物分層,移轉情形
The serial number,room age,building shifting area square meter,the main use,main building materials,construction completes the date,total layer,building lamination,
RPPNMLTKKHKGFAX27DA,43,125.58,住商用,鋼筋混凝土造,71年2月22日,三層,一層 二層 三層 電梯樓梯間,全筆移轉
RPQNMLNJKHKGFAX66DA,47,115.20,住家用,鋼筋混凝土加強磚造,67年6月26日,二層,一層 二層 電梯樓梯間,全筆移轉
RPROMLSKKHKGFAX47DA,46,84.78,住家用,鋼筋混凝土加強磚造,68年3月10日,二層,一層 二層 電梯樓梯間,全筆移轉
RPPNMLMKKHKGFAX56DA,42,100.62,住家用,鋼筋混凝土造,72年1月18日,三層,一層 二層 三層,全筆移轉
