﻿鄉鎮市區,交易標的,土地位置建物門牌,土地移轉總面積平方公尺,都市土地使用分區,非都市土地使用分區,非都市土地使用編定,交易年月日,交易筆棟數,移轉層次,總樓層數,建物型態,主要用途,主要建材,建築完成年月,建物移轉總面積平方公尺,建物現況格局-房,建物現況格局-廳,建物現況格局-衛,建物現況格局-隔間,有無管理組織,總價元,單價元平方公尺,車位類別,車位移轉總面積平方公尺,車位總價元,備註,編號,主建物面積,附屬建物面積,陽台面積,電梯,移轉編號
The villages and towns urban district,transaction sign,land sector position building sector house number plate,land shifting total area square meter,the use zoning or compiles and checks,the non-metropolis land use district,non-metropolis land use,transaction year month and day,transaction pen number,shifting level,total floor number,building state,main use,main building materials,construction to complete the years,building shifting total area,Building present situation pattern - room,building present situation pattern - hall,building present situation pattern - health,building present situation pattern - compartmented,Whether there is manages the organization,total price NTD,the unit price (NTD / square meter),the berth category,berth shifting total area square meter,the berth total price NTD,the note,serial number,main building area,auxiliary building area,balcony area,elevator,transaction number
馬公市,土地,案山段310地號,38.81,住,,,1140217,土地1建物0車位0,,,其他,,,,0.0,0,0,0,無,無,1443623,37197,,0.0,0,畸零地或有合併使用效益；協議價購；,RPPNMLOLKHKGFAX86DA,0.0,0.0,0.0,無,01
馬公市,土地,中山段272地號,27.56,住,,,1140203,土地4建物0車位0,,,其他,,,,0.0,0,0,0,無,無,1000000,36284,,0.0,0,親友、員工、共有人或其他特殊關係間之交易；包含公共設施保留地用地；,RPTNMLSKKHKGFAX67EA,0.0,0.0,0.0,無,
湖西鄉,土地,南寮南段810地號,418.02,,一般農業區,農牧用地,1140121,土地1建物0車位0,,,其他,,,,0.0,0,0,0,無,無,800000,1914,,0.0,0,,RPSNMLLLJHKGFAX76DA,0.0,0.0,0.0,無,
馬公市,土地,烏崁新段386-2地號,24.37,,一般農業區,交通用地,1140122,土地1建物0車位0,,,其他,,,,0.0,0,0,0,無,無,88451,3630,,0.0,0,協議價購；,RPXNMLKKKHKGFAX17DA,0.0,0.0,0.0,無,02
馬公市,土地,烏崁新段337-2地號,51.7,,一般農業區,交通用地,1140122,土地1建物0車位0,,,其他,,,,0.0,0,0,0,無,無,187683,3630,,0.0,0,協議價購；,SPXNMLKKKHKGFAX27DA,0.0,0.0,0.0,無,03
馬公市,土地,烏崁新段386-2地號,24.37,,一般農業區,交通用地,1140122,土地1建物0車位0,,,其他,,,,0.0,0,0,0,無,無,88451,3630,,0.0,0,協議價購；,RPOOMLKKKHKGFAX98DA,0.0,0.0,0.0,無,02
馬公市,土地,烏崁新段337-2地號,51.7,,一般農業區,交通用地,1140122,土地1建物0車位0,,,其他,,,,0.0,0,0,0,無,無,187683,3630,,0.0,0,協議價購；,SPOOMLKKKHKGFAX09DA,0.0,0.0,0.0,無,03
馬公市,土地,烏崁新段384-2地號,3.35,,一般農業區,交通用地,1140122,土地1建物0車位0,,,其他,,,,0.0,0,0,0,無,無,12161,3630,,0.0,0,協議價購；,RPOOMLMKKHKGFAX56DA,0.0,0.0,0.0,無,06
馬公市,土地,烏崁新段384-2地號,1.68,,一般農業區,交通用地,1140122,土地1建物0車位0,,,其他,,,,0.0,0,0,0,無,無,6080,3619,,0.0,0,協議價購；,RPTOMLOKKHKGFAX27DA,0.0,0.0,0.0,無,06
湖西鄉,土地,成功南段715地號,248.98,,一般農業區,農牧用地,1140116,土地1建物0車位0,,,其他,,,,0.0,0,0,0,無,無,4300000,17270,,0.0,0,,RPTNMLKKKHKGFAX76DA,0.0,0.0,0.0,無,08
馬公市,土地,烏崁新段399-2地號,29.06,,一般農業區,交通用地,1140122,土地1建物0車位0,,,其他,,,,0.0,0,0,0,無,無,105488,3630,,0.0,0,協議價購；,RPPPMLKKKHKGFAX56DA,0.0,0.0,0.0,無,
馬公市,土地,烏崁新段316地號,6.49,,一般農業區,交通用地,1140122,土地1建物0車位0,,,其他,,,,0.0,0,0,0,無,無,23541,3627,,0.0,0,協議價購；,SPPPMLKKKHKGFAX66DA,0.0,0.0,0.0,無,
馬公市,土地,烏崁新段280-1地號,9.02,,一般農業區,交通用地,1140122,土地1建物0車位0,,,其他,,,,0.0,0,0,0,無,無,32743,3630,,0.0,0,協議價購；,RPUPMLKKKHKGFAX07DA,0.0,0.0,0.0,無,09
馬公市,土地,烏崁新段279-1地號,2.67,,一般農業區,交通用地,1140122,土地1建物0車位0,,,其他,,,,0.0,0,0,0,無,無,9695,3631,,0.0,0,協議價購；,SPUPMLKKKHKGFAX17DA,0.0,0.0,0.0,無,10
馬公市,土地,烏崁新段281-1地號,7.82,,一般農業區,交通用地,1140122,土地1建物0車位0,,,其他,,,,0.0,0,0,0,無,無,28399,3632,,0.0,0,協議價購；,TPUPMLKKKHKGFAX27DA,0.0,0.0,0.0,無,11
馬公市,土地,烏崁新段91-1地號,1.85,,一般農業區,交通用地,1140122,土地1建物0車位0,,,其他,,,,0.0,0,0,0,無,無,6716,3630,,0.0,0,協議價購；,RPRNMLMKKHKGFAX76DA,0.0,0.0,0.0,無,
馬公市,土地,烏崁新段238-1地號,109.78,,一般農業區,交通用地,1140122,土地1建物0車位0,,,其他,,,,0.0,0,0,0,無,無,398482,3630,,0.0,0,協議價購；,RPSNMLMKKHKGFAX86DA,0.0,0.0,0.0,無,12
馬公市,土地,烏崁新段238-1地號,36.59,,一般農業區,交通用地,1140122,土地1建物0車位0,,,其他,,,,0.0,0,0,0,無,無,132828,3630,,0.0,0,協議價購；,RPTNMLMKKHKGFAX96DA,0.0,0.0,0.0,無,12
馬公市,土地,烏崁新段1872-2地號,8.9,,一般農業區,交通用地,1140122,土地1建物0車位0,,,其他,,,,0.0,0,0,0,無,無,32312,3631,,0.0,0,協議價購；,RPWNMLMKKHKGFAX27DA,0.0,0.0,0.0,無,14
馬公市,土地,烏崁新段325-2地號,25.76,,一般農業區,交通用地,1140122,土地1建物0車位0,,,其他,,,,0.0,0,0,0,無,無,93504,3630,,0.0,0,協議價購；,SPWNMLMKKHKGFAX37DA,0.0,0.0,0.0,無,15
馬公市,土地,烏崁新段384-2地號,1.68,,一般農業區,交通用地,1140122,土地1建物0車位0,,,其他,,,,0.0,0,0,0,無,無,6080,3619,,0.0,0,協議價購；,RPXNMLMKKHKGFAX37DA,0.0,0.0,0.0,無,06
馬公市,土地,烏崁新段290-1地號,35.15,,一般農業區,交通用地,1140122,土地1建物0車位0,,,其他,,,,0.0,0,0,0,無,無,127595,3630,,0.0,0,協議價購；,RPQNMLOKKHKGFAX86DA,0.0,0.0,0.0,無,17
馬公市,土地,烏崁新段290-1地號,35.15,,一般農業區,交通用地,1140122,土地1建物0車位0,,,其他,,,,0.0,0,0,0,無,無,127594,3630,,0.0,0,協議價購；,RPRNMLOKKHKGFAX96DA,0.0,0.0,0.0,無,17
馬公市,土地,烏崁新段395-1地號,0.48,,一般農業區,交通用地,1140122,土地1建物0車位0,,,其他,,,,0.0,0,0,0,無,無,1761,0,,0.0,0,協議價購；,RPUNMLOKKHKGFAX27DA,0.0,0.0,0.0,無,19
馬公市,土地,烏崁新段395-1地號,0.48,,一般農業區,交通用地,1140122,土地1建物0車位0,,,其他,,,,0.0,0,0,0,無,無,1760,0,,0.0,0,協議價購；,RPVNMLOKKHKGFAX37DA,0.0,0.0,0.0,無,19
馬公市,土地,烏崁新段325-2地號,25.76,,一般農業區,交通用地,1140122,土地1建物0車位0,,,其他,,,,0.0,0,0,0,無,無,93504,3630,,0.0,0,協議價購；,RPXNMLOKKHKGFAX57DA,0.0,0.0,0.0,無,15
馬公市,土地,烏崁新段1872-2地號,8.9,,一般農業區,交通用地,1140122,土地1建物0車位0,,,其他,,,,0.0,0,0,0,無,無,32312,3631,,0.0,0,協議價購；,SPXNMLOKKHKGFAX67DA,0.0,0.0,0.0,無,14
馬公市,土地,烏崁新段386-2地號,24.37,,一般農業區,交通用地,1140122,土地1建物0車位0,,,其他,,,,0.0,0,0,0,無,無,88451,3630,,0.0,0,協議價購；,RPQOMLOKKHKGFAX96DA,0.0,0.0,0.0,無,02
馬公市,土地,烏崁新段337-2地號,51.7,,一般農業區,交通用地,1140122,土地1建物0車位0,,,其他,,,,0.0,0,0,0,無,無,187683,3630,,0.0,0,協議價購；,SPQOMLOKKHKGFAX07DA,0.0,0.0,0.0,無,03
馬公市,土地,烏崁新段1902-1地號,0.9,,一般農業區,交通用地,1140122,土地1建物0車位0,,,其他,,,,0.0,0,0,0,無,無,3267,0,,0.0,0,協議價購；,RPROMLOKKHKGFAX07DA,0.0,0.0,0.0,無,
湖西鄉,土地,南寮南段254地號,373.45,,一般農業區,農牧用地,1140103,土地1建物0車位0,,,其他,,,,0.0,0,0,0,無,無,1016000,2721,,0.0,0,,RPWNMLSKKHKGFAX87DA,0.0,0.0,0.0,無,25
馬公市,房地(土地+建物),澎湖縣馬公市忠孝路７９巷１１號,69.0,住,,,1140105,土地2建物1車位0,全,三層,透天厝,住商用,鋼筋混凝土造,0710222,125.58,4,1,3,有,無,6300000,50167,,0.0,0,,RPPNMLTKKHKGFAX27DA,125.58,0.0,0.0,無,
湖西鄉,土地,南寮南段254地號,373.45,,一般農業區,農牧用地,1140116,土地1建物0車位0,,,其他,,,,0.0,0,0,0,無,無,1016000,2721,,0.0,0,,RPRNMLTKKHKGFAX47DA,0.0,0.0,0.0,無,25
馬公市,土地,烏崁新段238-1地號,36.59,,一般農業區,交通用地,1140122,土地1建物0車位0,,,其他,,,,0.0,0,0,0,無,無,132828,3630,,0.0,0,協議價購；,RPUNMLMKKHKGFAX07DA,0.0,0.0,0.0,無,12
馬公市,土地,烏崁新段238-1地號,36.59,,一般農業區,交通用地,1140122,土地1建物0車位0,,,其他,,,,0.0,0,0,0,無,無,132828,3630,,0.0,0,協議價購；,RPVNMLMKKHKGFAX17DA,0.0,0.0,0.0,無,12
馬公市,土地,烏崁新段395-1地號,0.48,,一般農業區,交通用地,1140122,土地1建物0車位0,,,其他,,,,0.0,0,0,0,無,無,1761,0,,0.0,0,協議價購；,RPTNMLOKKHKGFAX17DA,0.0,0.0,0.0,無,19
馬公市,土地,烏崁新段395-1地號,0.48,,一般農業區,交通用地,1140122,土地1建物0車位0,,,其他,,,,0.0,0,0,0,無,無,1760,0,,0.0,0,協議價購；,RPWNMLOKKHKGFAX47DA,0.0,0.0,0.0,無,19
馬公市,土地,埕西段745-1地號,93.08,住,,,1140113,土地1建物0車位0,,,其他,,,,0.0,0,0,0,無,無,7400000,79502,,0.0,0,未登記建物；,RPRNMLOJKHKGFAX86DA,0.0,0.0,0.0,無,
馬公市,土地,烏崁新段238-1地號,54.89,,一般農業區,交通用地,1140122,土地1建物0車位0,,,其他,,,,0.0,0,0,0,無,無,199242,3630,,0.0,0,協議價購；,RPROMLMKKHKGFAX86DA,0.0,0.0,0.0,無,12
馬公市,土地,中衛段1120地號,418.82,商,,,1140118,土地2建物0車位0,,,其他,,,,0.0,0,0,0,無,無,6500000,15520,,0.0,0,,RPRNMLKLKHKGFAX66DA,0.0,0.0,0.0,無,
馬公市,房地(土地+建物),澎湖縣馬公市縣府新村３７號,105.18,住,,,1140121,土地1建物1車位0,全,二層,透天厝,住家用,鋼筋混凝土加強磚造,0670626,115.2,4,2,2,有,無,5000000,43403,,0.0,0,親友、員工、共有人或其他特殊關係間之交易；,RPQNMLNJKHKGFAX66DA,115.2,0.0,0.0,無,
馬公市,土地,烏崁新段238-1地號,54.89,,一般農業區,交通用地,1140122,土地1建物0車位0,,,其他,,,,0.0,0,0,0,無,無,199242,3630,,0.0,0,協議價購；,RPSOMLMKKHKGFAX96DA,0.0,0.0,0.0,無,12
馬公市,土地,烏崁新段238-1地號,109.78,,一般農業區,交通用地,1140122,土地1建物0車位0,,,其他,,,,0.0,0,0,0,無,無,398483,3630,,0.0,0,協議價購；,RPTOMLMKKHKGFAX07DA,0.0,0.0,0.0,無,12
馬公市,土地,鎖港南段874地號,81.43,住,,,1140122,土地1建物0車位0,,,其他,,,,0.0,0,0,0,無,無,2100000,25789,,0.0,0,,RPPNMLKLKHKGFAX09DA,0.0,0.0,0.0,無,
湖西鄉,土地,許家段629地號,218.39,,一般農業區,農牧用地,1131215,土地1建物0車位0,,,其他,,,,0.0,0,0,0,無,無,7250000,33197,,0.0,0,,RPQOMLSKKHKGFAX37DA,0.0,0.0,0.0,無,34
湖西鄉,土地,許家段629地號,218.39,,一般農業區,農牧用地,1131215,土地1建物0車位0,,,其他,,,,0.0,0,0,0,無,無,7250000,33197,,0.0,0,,SPQOMLSKKHKGFAX47DA,0.0,0.0,0.0,無,34
湖西鄉,土地,許家段629地號,260.95,,一般農業區,農牧用地,1131215,土地1建物0車位0,,,其他,,,,0.0,0,0,0,無,無,8170000,31309,,0.0,0,,TPQOMLSKKHKGFAX57DA,0.0,0.0,0.0,無,34
馬公市,房地(土地+建物),澎湖縣馬公市朝陽路７１巷１號,55.98,住,,,1131211,土地1建物1車位0,全,二層,透天厝,住家用,鋼筋混凝土加強磚造,0680310,84.78,3,2,2,有,無,2500000,29488,,0.0,0,親友、員工、共有人或其他特殊關係間之交易；,RPROMLSKKHKGFAX47DA,84.78,0.0,0.0,無,
湖西鄉,土地,南寮南段254地號,1493.79,,一般農業區,農牧用地,1131226,土地1建物0車位0,,,其他,,,,0.0,0,0,0,無,無,4066000,2722,,0.0,0,,RPUOMLSKKHKGFAX77DA,0.0,0.0,0.0,無,25
馬公市,土地,四維段335地號,183.98,,一般農業區,農牧用地,1131210,土地1建物0車位0,,,其他,,,,0.0,0,0,0,無,無,13580000,73812,,0.0,0,親友、員工、共有人或其他特殊關係間之交易；土地交易案件之價格含未來興建房屋成本；,UPUNMLTKKHKGFAX08DA,0.0,0.0,0.0,無,38
馬公市,土地,四維段335地號,183.98,,一般農業區,農牧用地,1131102,土地1建物0車位0,,,其他,,,,0.0,0,0,0,無,無,13760000,74791,,0.0,0,土地交易案件之價格含未來興建房屋成本；,SPUNMLTKKHKGFAX87DA,0.0,0.0,0.0,無,38
馬公市,土地,文石段1133-11地號,183.47,,一般農業區,甲種建築用地,1131121,土地2建物0車位0,,,其他,,,,0.0,0,0,0,無,無,6370000,34720,,0.0,0,,RPPNMLLLJHKGFAX09DA,0.0,0.0,0.0,無,40
馬公市,土地,四維段335地號,184.48,,一般農業區,農牧用地,1131030,土地1建物0車位0,,,其他,,,,0.0,0,0,0,無,無,15130000,82014,,0.0,0,土地交易案件之價格含未來興建房屋成本；,TPUNMLTKKHKGFAX97DA,0.0,0.0,0.0,無,38
馬公市,土地,安宅段755地號,231.71,,一般農業區,農牧用地,1130906,土地1建物0車位0,,,其他,,,,0.0,0,0,0,無,無,4610000,19896,,0.0,0,,RPRNMLLLJHKGFAX66DA,0.0,0.0,0.0,無,42
馬公市,土地,安宅段755地號,221.65,,一般農業區,農牧用地,1130906,土地1建物0車位0,,,其他,,,,0.0,0,0,0,無,無,5370000,24227,,0.0,0,,TPRNMLLLJHKGFAX86DA,0.0,0.0,0.0,無,42
馬公市,土地,安宅段755地號,221.49,,一般農業區,農牧用地,1130913,土地1建物0車位0,,,其他,,,,0.0,0,0,0,無,無,5410000,24425,,0.0,0,,WPRNMLLLJHKGFAX17DA,0.0,0.0,0.0,無,42
湖西鄉,土地,沙港北段941地號,96.84,,鄉村區,乙種建築用地,1130903,土地1建物0車位0,,,其他,,,,0.0,0,0,0,無,無,320000,3304,,0.0,0,親友、員工、共有人或其他特殊關係間之交易；,RPPNMLSLJIJGFAX17DA,0.0,0.0,0.0,無,
馬公市,土地,安宅段755地號,231.24,,一般農業區,農牧用地,1130830,土地1建物0車位0,,,其他,,,,0.0,0,0,0,無,無,5540000,23958,,0.0,0,,SPRNMLLLJHKGFAX76DA,0.0,0.0,0.0,無,42
馬公市,土地,安宅段755地號,221.49,,一般農業區,農牧用地,1130823,土地1建物0車位0,,,其他,,,,0.0,0,0,0,無,無,4680000,21130,,0.0,0,,UPRNMLLLJHKGFAX96DA,0.0,0.0,0.0,無,42
馬公市,房地(土地+建物),澎湖縣馬公市石泉１之１１６號,48.07,,鄉村區,乙種建築用地,1130826,土地1建物1車位0,全,三層,透天厝,住家用,鋼筋混凝土造,0720118,100.62,3,2,2,有,無,4900000,48698,,0.0,0,,RPPNMLMKKHKGFAX56DA,100.62,0.0,0.0,無,
馬公市,土地,安宅段755地號,221.65,,一般農業區,農牧用地,1130617,土地1建物0車位0,,,其他,,,,0.0,0,0,0,無,無,5700000,25716,,0.0,0,,VPRNMLLLJHKGFAX07DA,0.0,0.0,0.0,無,42
馬公市,土地,四維段335地號,182.94,,一般農業區,農牧用地,1130630,土地1建物0車位0,,,其他,,,,0.0,0,0,0,無,無,14266000,77982,,0.0,0,土地交易案件之價格含未來興建房屋成本；,RPUNMLTKKHKGFAX77DA,0.0,0.0,0.0,無,38
馬公市,土地,安宅段755地號,222.75,,一般農業區,農牧用地,1130529,土地1建物0車位0,,,其他,,,,0.0,0,0,0,無,無,5100000,22896,,0.0,0,,XPRNMLLLJHKGFAX27DA,0.0,0.0,0.0,無,42
