﻿編號,土地位置,土地移轉面積平方公尺,使用分區或編定,權利人持分分母,權利人持分分子,移轉情形,地號
The serial number, land position,land shifting area square meter,the use zoning or compiles and checks,,,,land parcel
RPOOMLMKKHKGFAX56DA,烏崁新段,3.35,非都市：一般農業區 ; 非都市編定：交通用地,2,1,持分移轉,03840002
RPSNMLLLJHKGFAX76DA,南寮南段,418.02,非都市：一般農業區 ; 非都市編定：農牧用地,1,1,全筆移轉,08100000
RPPNMLOLKHKGFAX86DA,案山段,38.81,都市：其他:住宅區,3,2,持分移轉,03100000
RPXNMLKKKHKGFAX17DA,烏崁新段,24.37,非都市：一般農業區 ; 非都市編定：交通用地,3,1,持分移轉,03860002
RPTOMLOKKHKGFAX27DA,烏崁新段,1.68,非都市：一般農業區 ; 非都市編定：交通用地,4,1,持分移轉,03840002
SPOOMLKKKHKGFAX09DA,烏崁新段,51.70,非都市：一般農業區 ; 非都市編定：交通用地,3,1,持分移轉,03370002
SPXNMLKKKHKGFAX27DA,烏崁新段,51.70,非都市：一般農業區 ; 非都市編定：交通用地,3,1,持分移轉,03370002
RPTNMLKKKHKGFAX76DA,成功南段,248.98,非都市：一般農業區 ; 非都市編定：農牧用地,1,1,全筆移轉,07150000
RPOOMLKKKHKGFAX98DA,烏崁新段,24.37,非都市：一般農業區 ; 非都市編定：交通用地,3,1,持分移轉,03860002
RPPPMLKKKHKGFAX56DA,烏崁新段,29.06,非都市：一般農業區 ; 非都市編定：交通用地,2,1,持分移轉,03990002
RPTNMLMKKHKGFAX96DA,烏崁新段,36.59,非都市：一般農業區 ; 非都市編定：交通用地,12,1,持分移轉,02380001
TPUPMLKKKHKGFAX27DA,烏崁新段,7.82,非都市：一般農業區 ; 非都市編定：交通用地,12,1,持分移轉,02810001
RPUPMLKKKHKGFAX07DA,烏崁新段,9.02,非都市：一般農業區 ; 非都市編定：交通用地,12,1,持分移轉,02800001
RPWNMLMKKHKGFAX27DA,烏崁新段,8.90,非都市：一般農業區 ; 非都市編定：交通用地,8,1,持分移轉,18720002
SPPPMLKKKHKGFAX66DA,烏崁新段,6.49,非都市：一般農業區 ; 非都市編定：交通用地,2,1,持分移轉,03160000
SPUPMLKKKHKGFAX17DA,烏崁新段,2.67,非都市：一般農業區 ; 非都市編定：交通用地,12,1,持分移轉,02790001
RPSNMLMKKHKGFAX86DA,烏崁新段,109.78,非都市：一般農業區 ; 非都市編定：交通用地,4,1,持分移轉,02380001
RPRNMLMKKHKGFAX76DA,烏崁新段,1.85,非都市：一般農業區 ; 非都市編定：交通用地,1,1,全筆移轉,00910001
RPQNMLOKKHKGFAX86DA,烏崁新段,35.15,非都市：一般農業區 ; 非都市編定：交通用地,2,1,持分移轉,02900001
RPUNMLOKKHKGFAX27DA,烏崁新段,.48,非都市：一般農業區 ; 非都市編定：交通用地,4,1,持分移轉,03950001
RPRNMLOKKHKGFAX96DA,烏崁新段,35.15,非都市：一般農業區 ; 非都市編定：交通用地,2,1,持分移轉,02900001
RPVNMLOKKHKGFAX37DA,烏崁新段,.48,非都市：一般農業區 ; 非都市編定：交通用地,4,1,持分移轉,03950001
RPXNMLOKKHKGFAX57DA,烏崁新段,25.76,非都市：一般農業區 ; 非都市編定：交通用地,8,1,持分移轉,03250002
SPXNMLOKKHKGFAX67DA,烏崁新段,8.90,非都市：一般農業區 ; 非都市編定：交通用地,8,1,持分移轉,18720002
RPQOMLOKKHKGFAX96DA,烏崁新段,24.37,非都市：一般農業區 ; 非都市編定：交通用地,3,1,持分移轉,03860002
SPWNMLMKKHKGFAX37DA,烏崁新段,25.76,非都市：一般農業區 ; 非都市編定：交通用地,8,1,持分移轉,03250002
RPXNMLMKKHKGFAX37DA,烏崁新段,1.68,非都市：一般農業區 ; 非都市編定：交通用地,4,1,持分移轉,03840002
RPROMLOKKHKGFAX07DA,烏崁新段,.90,非都市：一般農業區 ; 非都市編定：交通用地,1,1,全筆移轉,19020001
SPQOMLOKKHKGFAX07DA,烏崁新段,51.70,非都市：一般農業區 ; 非都市編定：交通用地,3,1,持分移轉,03370002
RPWNMLSKKHKGFAX87DA,南寮南段,373.45,非都市：一般農業區 ; 非都市編定：農牧用地,6,1,持分移轉,02540000
RPPNMLTKKHKGFAX27DA,馬公段,64.00,都市：其他:住宅區,1,1,全筆移轉,18300000
RPPNMLTKKHKGFAX27DA,馬公段,5.00,都市：其他:道路用地,1,1,全筆移轉,18300006
RPVNMLMKKHKGFAX17DA,烏崁新段,36.59,非都市：一般農業區 ; 非都市編定：交通用地,12,1,持分移轉,02380001
RPUNMLMKKHKGFAX07DA,烏崁新段,36.59,非都市：一般農業區 ; 非都市編定：交通用地,12,1,持分移轉,02380001
RPRNMLTKKHKGFAX47DA,南寮南段,373.45,非都市：一般農業區 ; 非都市編定：農牧用地,6,1,持分移轉,02540000
RPTNMLOKKHKGFAX17DA,烏崁新段,.48,非都市：一般農業區 ; 非都市編定：交通用地,4,1,持分移轉,03950001
RPROMLMKKHKGFAX86DA,烏崁新段,54.89,非都市：一般農業區 ; 非都市編定：交通用地,8,1,持分移轉,02380001
RPWNMLOKKHKGFAX47DA,烏崁新段,.48,非都市：一般農業區 ; 非都市編定：交通用地,4,1,持分移轉,03950001
RPRNMLOJKHKGFAX86DA,埕西段,93.08,都市：其他:住宅區,1,1,全筆移轉,07450001
RPRNMLKLKHKGFAX66DA,中衛段,192.32,都市：其他:農業區,1,1,全筆移轉,11180000
RPRNMLKLKHKGFAX66DA,中衛段,226.50,都市：其他:加油站用地,1,1,全筆移轉,11200000
RPSOMLMKKHKGFAX96DA,烏崁新段,54.89,非都市：一般農業區 ; 非都市編定：交通用地,8,1,持分移轉,02380001
RPQNMLNJKHKGFAX66DA,文光段,105.18,都市：其他:住宅區,1,1,全筆移轉,04620000
RPPNMLKLKHKGFAX09DA,鎖港南段,81.43,都市：其他:住宅區,1,1,全筆移轉,08740000
RPTOMLMKKHKGFAX07DA,烏崁新段,109.78,非都市：一般農業區 ; 非都市編定：交通用地,8,2,持分移轉,02380001
SPQOMLSKKHKGFAX47DA,許家段,218.39,非都市：一般農業區 ; 非都市編定：農牧用地,1000,313,持分移轉,06290000
RPQOMLSKKHKGFAX37DA,許家段,218.39,非都市：一般農業區 ; 非都市編定：農牧用地,1000,313,持分移轉,06290000
TPQOMLSKKHKGFAX57DA,許家段,260.95,非都市：一般農業區 ; 非都市編定：農牧用地,1000,374,持分移轉,06290000
RPROMLSKKHKGFAX47DA,埕東段,55.98,都市：其他:住宅區,1,1,全筆移轉,08150000
UPUNMLTKKHKGFAX08DA,四維段,183.98,非都市：一般農業區 ; 非都市編定：農牧用地,112916,18398,持分移轉,03350000
RPUOMLSKKHKGFAX77DA,南寮南段,1493.79,非都市：一般農業區 ; 非都市編定：農牧用地,6,4,持分移轉,02540000
RPPNMLLLJHKGFAX09DA,文石段,30.15,非都市：一般農業區 ; 非都市編定：交通用地,16,1,持分移轉,11330004
RPPNMLLLJHKGFAX09DA,文石段,153.32,非都市：一般農業區 ; 非都市編定：甲種建築用地,1,1,全筆移轉,11330011
SPUNMLTKKHKGFAX87DA,四維段,183.98,非都市：一般農業區 ; 非都市編定：農牧用地,112916,18398,持分移轉,03350000
RPRNMLLLJHKGFAX66DA,安宅段,231.71,非都市：一般農業區 ; 非都市編定：農牧用地,10000,1474,持分移轉,07550000
TPRNMLLLJHKGFAX86DA,安宅段,221.65,非都市：一般農業區 ; 非都市編定：農牧用地,10000,1410,持分移轉,07550000
WPRNMLLLJHKGFAX17DA,安宅段,221.49,非都市：一般農業區 ; 非都市編定：農牧用地,10000,1409,持分移轉,07550000
TPUNMLTKKHKGFAX97DA,四維段,184.48,非都市：一般農業區 ; 非都市編定：農牧用地,112916,18448,持分移轉,03350000
SPRNMLLLJHKGFAX76DA,安宅段,231.24,非都市：一般農業區 ; 非都市編定：農牧用地,10000,1471,持分移轉,07550000
UPRNMLLLJHKGFAX96DA,安宅段,221.49,非都市：一般農業區 ; 非都市編定：農牧用地,10000,1409,持分移轉,07550000
VPRNMLLLJHKGFAX07DA,安宅段,221.65,非都市：一般農業區 ; 非都市編定：農牧用地,10000,1410,持分移轉,07550000
RPPNMLMKKHKGFAX56DA,光華段,48.07,非都市：鄉村區 ; 非都市編定：乙種建築用地,1,1,全筆移轉,07730000
RPTNMLSKKHKGFAX67EA,中山段,10.72,都市：其他:住宅區,20,1,持分移轉,02720000
RPTNMLSKKHKGFAX67EA,東澳段,8.68,都市：其他:住宅區,20,1,持分移轉,10450000
RPTNMLSKKHKGFAX67EA,東澳段,.08,都市：其他:住宅區,20,1,持分移轉,10460000
RPTNMLSKKHKGFAX67EA,東澳段,8.08,都市：其他:住宅區,20,1,持分移轉,10930000
XPRNMLLLJHKGFAX27DA,安宅段,222.75,非都市：一般農業區 ; 非都市編定：農牧用地,10000,1417,持分移轉,07550000
RPUNMLTKKHKGFAX77DA,四維段,182.94,非都市：一般農業區 ; 非都市編定：農牧用地,112916,18294,持分移轉,03350000
RPPNMLSLJIJGFAX17DA,沙港北段,96.84,非都市：鄉村區 ; 非都市編定：乙種建築用地,1,1,全筆移轉,09410000
