﻿鄉鎮市區,交易標的,土地位置建物門牌,土地移轉總面積平方公尺,都市土地使用分區,非都市土地使用分區,非都市土地使用編定,交易年月日,交易筆棟數,移轉層次,總樓層數,建物型態,主要用途,主要建材,建築完成年月,建物移轉總面積平方公尺,建物現況格局-房,建物現況格局-廳,建物現況格局-衛,建物現況格局-隔間,有無管理組織,總價元,單價元平方公尺,車位類別,車位移轉總面積平方公尺,車位總價元,備註,編號,主建物面積,附屬建物面積,陽台面積,電梯,移轉編號
The villages and towns urban district,transaction sign,land sector position building sector house number plate,land shifting total area square meter,the use zoning or compiles and checks,the non-metropolis land use district,non-metropolis land use,transaction year month and day,transaction pen number,shifting level,total floor number,building state,main use,main building materials,construction to complete the years,building shifting total area,Building present situation pattern - room,building present situation pattern - hall,building present situation pattern - health,building present situation pattern - compartmented,Whether there is manages the organization,total price NTD,the unit price (NTD / square meter),the berth category,berth shifting total area square meter,the berth total price NTD,the note,serial number,main building area,auxiliary building area,balcony area,elevator,transaction number
馬公市,房地(土地+建物),澎湖縣馬公市中山路９號,52.0,商,,,1140203,土地2建物1車位0,全,二層,透天厝,住商用,鋼筋加強,0481201,82.66,2,1,1,有,無,6150000,74401,,0.0,0,,RPPNMLOJKHKGFAX66DA,82.66,0.0,0.0,無,
馬公市,土地,雙湖段489地號,60.36,,一般農業區,農牧用地,1140205,土地1建物0車位0,,,其他,,,,0.0,0,0,0,無,無,328400,5441,,0.0,0,地清或未辦繼承標售；,RPPNMLMKKHKGFAX66EA,0.0,0.0,0.0,無,01
馬公市,土地,山水南段812地號,62.89,,鄉村區,乙種建築用地,1140111,土地1建物0車位0,,,其他,,,,0.0,0,0,0,無,無,730000,11608,,0.0,0,,RPPNMLQJKHKGFAX96EA,0.0,0.0,0.0,無,02
馬公市,土地,光華段278地號,184.45,,一般農業區,農牧用地,1140115,土地1建物0車位0,,,其他,,,,0.0,0,0,0,無,無,390600,2118,,0.0,0,,RPWNMLKKKHKGFAX07DA,0.0,0.0,0.0,無,
湖西鄉,土地,林投北段634地號,75.93,,一般農業區,水利用地,1140120,土地1建物0車位0,,,其他,,,,0.0,0,0,0,無,無,299164,3940,,0.0,0,政府機關標讓售；,RPQNMLLKKHKGFAX56DA,0.0,0.0,0.0,無,
湖西鄉,土地,林投北段636地號,21.01,,一般農業區,水利用地,1140120,土地1建物0車位0,,,其他,,,,0.0,0,0,0,無,無,82779,3940,,0.0,0,政府機關標讓售；,RPTNMLLKKHKGFAX86DA,0.0,0.0,0.0,無,
湖西鄉,土地,林投北段647地號,85.17,,一般農業區,水利用地,1140120,土地1建物0車位0,,,其他,,,,0.0,0,0,0,無,無,335570,3940,,0.0,0,政府機關標讓售；,SPTNMLLKKHKGFAX96DA,0.0,0.0,0.0,無,
湖西鄉,土地,林投北段655-2地號,8.78,,一般農業區,水利用地,1140120,土地1建物0車位0,,,其他,,,,0.0,0,0,0,無,無,34593,3940,,0.0,0,政府機關標讓售；,TPTNMLLKKHKGFAX07DA,0.0,0.0,0.0,無,
湖西鄉,土地,林投北段658地號,3.55,,一般農業區,水利用地,1140120,土地1建物0車位0,,,其他,,,,0.0,0,0,0,無,無,13987,3940,,0.0,0,政府機關標讓售；,UPTNMLLKKHKGFAX17DA,0.0,0.0,0.0,無,
白沙鄉,土地,下瓦硐段816地號,409.0,,一般農業區,農牧用地,1140116,土地1建物0車位0,,,其他,,,,0.0,0,0,0,無,無,531700,1300,,0.0,0,親友、員工、共有人或其他特殊關係間之交易；,RPPNMLTJKHKGFAX17DA,0.0,0.0,0.0,無,
馬公市,土地,烏崁新段83-2地號,115.87,,一般農業區,交通用地,1140122,土地1建物0車位0,,,其他,,,,0.0,0,0,0,無,無,420608,3630,,0.0,0,協議價購；,RPRNMLKKKHKGFAX56DA,0.0,0.0,0.0,無,
馬公市,土地,烏崁新段87-2地號,71.02,,一般農業區,交通用地,1140122,土地1建物0車位0,,,其他,,,,0.0,0,0,0,無,無,257803,3630,,0.0,0,協議價購；,SPRNMLKKKHKGFAX66DA,0.0,0.0,0.0,無,
馬公市,土地,烏崁新段89-2地號,22.6,,一般農業區,交通用地,1140122,土地1建物0車位0,,,其他,,,,0.0,0,0,0,無,無,82038,3630,,0.0,0,協議價購；,TPRNMLKKKHKGFAX76DA,0.0,0.0,0.0,無,
馬公市,土地,烏崁新段325-2地號,51.52,,一般農業區,交通用地,1140122,土地1建物0車位0,,,其他,,,,0.0,0,0,0,無,無,187009,3630,,0.0,0,協議價購；,RPUOMLKKKHKGFAX96DA,0.0,0.0,0.0,無,
馬公市,土地,烏崁新段1872-2地號,17.8,,一般農業區,交通用地,1140122,土地1建物0車位0,,,其他,,,,0.0,0,0,0,無,無,64623,3631,,0.0,0,協議價購；,SPUOMLKKKHKGFAX07DA,0.0,0.0,0.0,無,
馬公市,土地,烏崁新段280-1地號,9.02,,一般農業區,交通用地,1140122,土地1建物0車位0,,,其他,,,,0.0,0,0,0,無,無,32743,3630,,0.0,0,協議價購；,RPWNMLLKKHKGFAX17DA,0.0,0.0,0.0,無,
馬公市,土地,烏崁新段281-1地號,7.82,,一般農業區,交通用地,1140122,土地1建物0車位0,,,其他,,,,0.0,0,0,0,無,無,28399,3632,,0.0,0,協議價購；,SPWNMLLKKHKGFAX27DA,0.0,0.0,0.0,無,
馬公市,土地,烏崁新段279-1地號,2.67,,一般農業區,交通用地,1140122,土地1建物0車位0,,,其他,,,,0.0,0,0,0,無,無,9695,3631,,0.0,0,協議價購；,TPWNMLLKKHKGFAX37DA,0.0,0.0,0.0,無,
馬公市,土地,烏崁新段44-2地號,15.35,,一般農業區,交通用地,1140122,土地1建物0車位0,,,其他,,,,0.0,0,0,0,無,無,55721,3630,,0.0,0,協議價購；,RPQNMLMKKHKGFAX66DA,0.0,0.0,0.0,無,
西嶼鄉,房地(土地+建物),澎湖縣西嶼鄉null,23.41,住,,,1140117,土地5建物1車位0,全,一層,透天厝,住家用,造,,4.14,2,1,0,有,無,150000,36232,,0.0,0,親友、員工、共有人或其他特殊關係間之交易；未登記建物；,RPQNMLNKKHKGFAX76DA,3.84,0.31,0.0,無,03
馬公市,土地,烏崁新段332-2地號,61.02,,一般農業區,交通用地,1140122,土地1建物0車位0,,,其他,,,,0.0,0,0,0,無,無,221521,3630,,0.0,0,協議價購；,RPPOMLOKKHKGFAX86DA,0.0,0.0,0.0,無,
馬公市,土地,烏崁新段100-2地號,21.63,,一般農業區,交通用地,1140122,土地1建物0車位0,,,其他,,,,0.0,0,0,0,無,無,78523,3630,,0.0,0,協議價購；,RPVNMLKKKHKGFAX96DA,0.0,0.0,0.0,無,
馬公市,土地,烏崁新段103-2地號,11.87,,一般農業區,交通用地,1140122,土地1建物0車位0,,,其他,,,,0.0,0,0,0,無,無,43076,3629,,0.0,0,協議價購；,SPVNMLKKKHKGFAX07DA,0.0,0.0,0.0,無,
馬公市,土地,烏崁新段307地號,41.84,,一般農業區,交通用地,1140122,土地1建物0車位0,,,其他,,,,0.0,0,0,0,無,無,151861,3630,,0.0,0,協議價購；,RPRPMLKKKHKGFAX76DA,0.0,0.0,0.0,無,
馬公市,土地,烏崁新段308-1地號,42.52,,一般農業區,交通用地,1140122,土地1建物0車位0,,,其他,,,,0.0,0,0,0,無,無,154366,3630,,0.0,0,協議價購；,SPRPMLKKKHKGFAX86DA,0.0,0.0,0.0,無,
馬公市,土地,烏崁新段310-1地號,1.51,,一般農業區,交通用地,1140122,土地1建物0車位0,,,其他,,,,0.0,0,0,0,無,無,5481,3630,,0.0,0,協議價購；,TPRPMLKKKHKGFAX96DA,0.0,0.0,0.0,無,
馬公市,土地,烏崁新段295-1地號,76.44,,一般農業區,交通用地,1140122,土地1建物0車位0,,,其他,,,,0.0,0,0,0,無,無,277495,3630,,0.0,0,協議價購；,UPRPMLKKKHKGFAX07DA,0.0,0.0,0.0,無,
馬公市,土地,烏崁新段292-1地號,75.37,,一般農業區,交通用地,1140122,土地1建物0車位0,,,其他,,,,0.0,0,0,0,無,無,273593,3630,,0.0,0,協議價購；,VPRPMLKKKHKGFAX17DA,0.0,0.0,0.0,無,
馬公市,土地,烏崁新段239-1地號,231.08,,一般農業區,交通用地,1140122,土地1建物0車位0,,,其他,,,,0.0,0,0,0,無,無,838820,3630,,0.0,0,協議價購；,RPSOMLLKKHKGFAX86DA,0.0,0.0,0.0,無,
馬公市,土地,烏崁新段240-1地號,20.49,,一般農業區,交通用地,1140122,土地1建物0車位0,,,其他,,,,0.0,0,0,0,無,無,74379,3630,,0.0,0,協議價購；,SPSOMLLKKHKGFAX96DA,0.0,0.0,0.0,無,
馬公市,土地,烏崁新段185-1地號,49.55,,一般農業區,交通用地,1140122,土地1建物0車位0,,,其他,,,,0.0,0,0,0,無,無,179867,3630,,0.0,0,協議價購；,TPSOMLLKKHKGFAX07DA,0.0,0.0,0.0,無,
湖西鄉,土地,隘門新段902-1地號,228.5,,一般農業區,交通用地,1140122,土地1建物0車位0,,,其他,,,,0.0,0,0,0,無,無,829455,3630,,0.0,0,協議價購；,RPQOMLMKKHKGFAX76DA,0.0,0.0,0.0,無,
馬公市,土地,烏崁新段305-1地號,206.53,,一般農業區,交通用地,1140122,土地1建物0車位0,,,其他,,,,0.0,0,0,0,無,無,749704,3630,,0.0,0,協議價購；,RPSNMLOKKHKGFAX07DA,0.0,0.0,0.0,無,
馬公市,土地,烏崁新段334-2地號,29.31,,一般農業區,交通用地,1140122,土地1建物0車位0,,,其他,,,,0.0,0,0,0,無,無,106395,3630,,0.0,0,協議價購；,RPOOMLOKKHKGFAX76DA,0.0,0.0,0.0,無,
馬公市,房地(土地+建物),澎湖縣馬公市林森路８６號六樓,30.51,住,,,1131202,土地1建物1車位0,六層,七層,華廈(10層含以下有電梯),住家用,鋼筋混凝土造,0870925,159.26,4,2,1,有,有,5980000,37549,,0.0,0,,RPVNMLMKKIJGFAX17DA,100.46,0.0,10.05,有,
馬公市,房地(土地+建物)+車位,澎湖縣馬公市貿商街１２１號三樓之五,26.48,住,,,1131227,土地2建物1車位1,三層,七層,華廈(10層含以下有電梯),住家用,鋼筋混凝土造,0950710,161.54,3,2,2,有,有,6800000,42095,坡道平面,0.0,0,,RPRNMLLMKIJGFAX86DA,88.74,0.0,10.18,有,04
馬公市,土地,山水北段691地號,42.94,,鄉村區,乙種建築用地,1131231,土地1建物0車位0,,,其他,,,,0.0,0,0,0,無,無,360000,8384,,0.0,0,親友、員工、共有人或其他特殊關係間之交易；,RPTNMLLLJHKGFAX96EA,0.0,0.0,0.0,無,05
馬公市,土地,國宅段21地號,332.53,,一般農業區,農牧用地,1131210,土地1建物0車位0,,,其他,,,,0.0,0,0,0,無,無,3200000,9623,,0.0,0,,RPPNMLQKJHKGFAX86DA,0.0,0.0,0.0,無,06
馬公市,房地(土地+建物),澎湖縣馬公市文林街７號,106.86,住,,,1131231,土地1建物1車位0,全,二層,透天厝,住家用,鋼筋混凝土加強磚造,0660321,81.48,5,1,4,有,無,5000000,61365,,0.0,0,親友、員工、共有人或其他特殊關係間之交易；,RPPNMLNKKHKGFAX66DA,81.48,0.0,0.0,無,
馬公市,土地,五德東段336地號,389.53,,一般農業區,農牧用地,1131101,土地1建物0車位0,,,其他,,,,0.0,0,0,0,無,無,2219000,5697,,0.0,0,地清或未辦繼承標售；,RPTNMLRKKHKGFAX57EA,0.0,0.0,0.0,無,
七美鄉,土地,七美六段2406地號,20.29,,一般農業區,農牧用地,1131101,土地1建物0車位0,,,其他,,,,0.0,0,0,0,無,無,34100,1681,,0.0,0,地清或未辦繼承標售；,RPUNMLRKKHKGFAX67EA,0.0,0.0,0.0,無,07
西嶼鄉,土地,大池段757地號,636.51,,一般農業區,農牧用地,1131023,土地3建物0車位0,,,其他,,,,0.0,0,0,0,無,無,1350000,2121,,0.0,0,,RPTNMLOKJHKGFAX07DA,0.0,0.0,0.0,無,
西嶼鄉,土地,池西段1677地號,2817.98,,一般農業區,農牧用地,1130601,土地4建物0車位0,,,其他,,,,0.0,0,0,0,無,無,1900000,674,,0.0,0,,RPVNMLLKOHJGFAX37DA,0.0,0.0,0.0,無,
馬公市,土地,國宅段372-11地號,218.28,,一般農業區,甲種建築用地,1130531,土地2建物0車位0,,,其他,,,,0.0,0,0,0,無,無,5860000,26846,,0.0,0,,RPTNMLRJKHKGFAX37DA,0.0,0.0,0.0,無,
馬公市,建物,澎湖縣馬公市民族路１６１號,0.0,,,,1121107,土地0建物1車位0,全,二層,透天厝,住家用,鋼筋混凝土造,1081022,189.0,4,1,6,有,無,15000000,79365,,0.0,0,本交易價格含國有租賃權移轉；建物坐落地號：光榮段992-12地號；,RPSNMLLKKHKGFAX76DA,180.3,8.7,0.0,無,
